scan_id,trace_id,source_module,status_code,response_time_ms,content_type_text,body_title_text,body_snippet_text,error_signatures_text,redirect_location_text,response_header_raw_ordered_text,response_header_canonical_text,response_header_semantic_text,response_security_headers_text,set_cookie_semantic_text,response_header_count,security_header_count,set_cookie_count,response_size,response_headers_anomaly_score,label_is_valuable_target,label_source
20260504_204711,f6717f4a19264aeb9963f10cc819c2b6,recon.track_redirects,200,699.337,,,"SQL injection vulnerability in WHERE clause allowing retrieval of hidden data SQL injection vulnerability in WHERE clause allowing retrieval of hidden data Back&nbsp;to&nbsp;lab&nbsp;description&nbsp; LAB Not solved Home | Refine your search: All Accessories Clothing, shoes and accessories Gifts Tech gifts Giant Pillow Thing $61.65 View details Six Pack Beer Belt $42.21 View details ZZZZZZ Bed - Your New Home Office $65.34 View details Vintage Neck Defender $54.52 View details First Impression Costumes $99.74 View details Hologram Stand In $56.39 View details Snow Delivered To Your Door $40.03 View details Couple&apos;s Umbrella $28.85 View details High-End Gift Wrapping $84.83 View details Grow Your Own Spy Kit $79.94 View details",,,"content-type: text/html; charset=utf-8
x-frame-options: SAMEORIGIN
content-encoding: gzip
content-length: 1523","content-encoding: gzip
content-length: 1523
content-type: text/html; charset=utf-8
x-frame-options: SAMEORIGIN",response_content_type_html security_header_x_frame_options_present,x_frame_options,,4,1,0,8233,0.06,1,passive_trace
20260504_204711,76b017f236a44d2184c6e97672b34ffc,recon.response_analysis,,0.0,,,,,,,,,,,0,0,0,0,0.0,0,response_analysis
20260504_204711,3623df1551dd4a12aff4db95aaa31a22,path_analyze.page.depth_0,200,734.004,,,"SQL injection vulnerability in WHERE clause allowing retrieval of hidden data SQL injection vulnerability in WHERE clause allowing retrieval of hidden data Back&nbsp;to&nbsp;lab&nbsp;description&nbsp; LAB Not solved Home | Refine your search: All Accessories Clothing, shoes and accessories Gifts Tech gifts Giant Pillow Thing $61.65 View details Six Pack Beer Belt $42.21 View details ZZZZZZ Bed - Your New Home Office $65.34 View details Vintage Neck Defender $54.52 View details First Impression Costumes $99.74 View details Hologram Stand In $56.39 View details Snow Delivered To Your Door $40.03 View details Couple&apos;s Umbrella $28.85 View details High-End Gift Wrapping $84.83 View details Grow Your Own Spy Kit $79.94 View details",,,"content-type: text/html; charset=utf-8
x-frame-options: SAMEORIGIN
content-encoding: gzip
connection: close
content-length: 1523","connection: close
content-encoding: gzip
content-length: 1523
content-type: text/html; charset=utf-8
x-frame-options: SAMEORIGIN",response_content_type_html security_header_x_frame_options_present,x_frame_options,,5,1,0,8233,0.06,0,path_crawl_page
20260504_204711,1351c5d02dd5475e9537ae081140e05a,path_analyze.page.depth_1,200,954.56,,,"SQL injection vulnerability in WHERE clause allowing retrieval of hidden data SQL injection vulnerability in WHERE clause allowing retrieval of hidden data Back to lab home Back&nbsp;to&nbsp;lab&nbsp;description&nbsp; LAB Not solved Home | Tech gifts Refine your search: All Accessories Clothing, shoes and accessories Gifts Tech gifts Grow Your Own Spy Kit $79.94 View details Eye Projectors $0.81 View details Lightbulb Moments $31.38 View details",,,"content-type: text/html; charset=utf-8
x-frame-options: SAMEORIGIN
content-encoding: gzip
connection: close
content-length: 1262","connection: close
content-encoding: gzip
content-length: 1262
content-type: text/html; charset=utf-8
x-frame-options: SAMEORIGIN",response_content_type_html security_header_x_frame_options_present,x_frame_options,,5,1,0,4894,0.06,0,path_crawl_page
20260504_204711,f8720659052a44e98d6c39537069cf9b,path_analyze.page.depth_1,200,968.817,,,"SQL injection vulnerability in WHERE clause allowing retrieval of hidden data SQL injection vulnerability in WHERE clause allowing retrieval of hidden data Back&nbsp;to&nbsp;lab&nbsp;description&nbsp; LAB Not solved Home | ZZZZZZ Bed - Your New Home Office $65.34 Description: We are delighted to introduce you to our new, state of the art, home office. ZZZZZZ Bed is a revolutionary space-saving concept for those of you struggling to fit everything into your tiny home. But it's not just about its useful integration in your existing room, it's also about the convenience it offers in your work and leisure time. Picture this, you are halfway through your working day and it's time for a well-earned nap. You will be able to save time by moving your work to one side, as you lie back and drift off without interrupting the natural flow of the day. When you've had your power nap, and are ready to get back to it everything is there waiting for you. Nothing can offer you a work-life balance like the ZZZZZZ bed can. Sleep in comfort when you need to, whatever time of day it is. Wake up and work any time sleep is getting the better of you, your office will always be at your fingertips. Call us today for a free quote and to discuss any of our innovative add-ons you will wonder how you ever lived without Return to list",redirect_hint,,"content-type: text/html; charset=utf-8
x-frame-options: SAMEORIGIN
content-encoding: gzip
connection: close
content-length: 1532","connection: close
content-encoding: gzip
content-length: 1532
content-type: text/html; charset=utf-8
x-frame-options: SAMEORIGIN",response_content_type_html security_header_x_frame_options_present,x_frame_options,,5,1,0,4209,0.06,0,path_crawl_page
20260504_204711,7ceabd954d5e453b879c11b6f9dc3c0f,path_analyze.page.depth_1,200,954.522,,,"SQL injection vulnerability in WHERE clause allowing retrieval of hidden data SQL injection vulnerability in WHERE clause allowing retrieval of hidden data Back&nbsp;to&nbsp;lab&nbsp;description&nbsp; LAB Not solved Home | Vintage Neck Defender $54.52 Description: It can be incredibly hard for flamboyant people to deal with medical accessories that become part of the aging process. When you want to dress to impress and you're stuck with an ugly neck brace that doesn't show you at your best can be very frustrating. Our reasonably priced Vintage Neck Defender is the answer to all your prayers. This amazingly stylish, oversized Elizabethan ruffle will be the toast of the town, and the talk as well as envy, of all your friends. Make an entrance that will stop people in their tracks, heads will turn as you become the focus of everyone's attention in the room. Age will become just a number as you regain that youthful spring in your step. Lightweight, but secure despite its size, your back and shoulders will be free from any pressure as you dance until dawn. Love life and live, order yours today and you'll receive a free nose scratcher as a thank you from us. Return to list",redirect_hint,,"content-type: text/html; charset=utf-8
x-frame-options: SAMEORIGIN
content-encoding: gzip
connection: close
content-length: 1476","connection: close
content-encoding: gzip
content-length: 1476
content-type: text/html; charset=utf-8
x-frame-options: SAMEORIGIN",response_content_type_html security_header_x_frame_options_present,x_frame_options,,5,1,0,4078,0.06,0,path_crawl_page
20260504_204711,d8e4cd2cdce54cb3bf98fa5a936c30fd,path_analyze.page.depth_1,200,966.216,,,"SQL injection vulnerability in WHERE clause allowing retrieval of hidden data SQL injection vulnerability in WHERE clause allowing retrieval of hidden data Back to lab home Back&nbsp;to&nbsp;lab&nbsp;description&nbsp; LAB Not solved Home | Gifts Refine your search: All Accessories Clothing, shoes and accessories Gifts Tech gifts Snow Delivered To Your Door $40.03 View details Couple&apos;s Umbrella $28.85 View details High-End Gift Wrapping $84.83 View details",,,"content-type: text/html; charset=utf-8
x-frame-options: SAMEORIGIN
content-encoding: gzip
connection: close
content-length: 1267","connection: close
content-encoding: gzip
content-length: 1267
content-type: text/html; charset=utf-8
x-frame-options: SAMEORIGIN",response_content_type_html security_header_x_frame_options_present,x_frame_options,,5,1,0,4909,0.06,0,path_crawl_page
20260504_204711,bf9a2d3e9d194821b23fba8c0c2f9bb4,path_analyze.page.depth_1,200,1041.187,,,"SQL injection vulnerability in WHERE clause allowing retrieval of hidden data SQL injection vulnerability in WHERE clause allowing retrieval of hidden data Back&nbsp;to&nbsp;lab&nbsp;description&nbsp; LAB Not solved Home | High-End Gift Wrapping $84.83 Description: We offer a completely unique gift wrapping experience - the gift that just keeps on giving. We can crochet any shape and size to order. We also collect worldwide, we do the hard work so you don't have to. The gift is no longer the only surprise. Your friends and family will be delighted at our bespoke wrapping, each item 100% original, something that will be talked about for many years to come. Due to the intricacy of this service, you must allow 3 months for your order to be completed. So. organization is paramount, no leaving shopping until the last minute if you want to take advantage of this fabulously wonderful new way to present your gifts. Get in touch, tell us what you need to be wrapped, and we can give you an estimate within 24 hours. Let your funky originality extend to all areas of your life. We love every project we work on, so don't delay, give us a call today. Return to list",redirect_hint,,"content-type: text/html; charset=utf-8
x-frame-options: SAMEORIGIN
content-encoding: gzip
connection: close
content-length: 1492","connection: close
content-encoding: gzip
content-length: 1492
content-type: text/html; charset=utf-8
x-frame-options: SAMEORIGIN",response_content_type_html security_header_x_frame_options_present,x_frame_options,,5,1,0,4061,0.06,0,path_crawl_page
20260504_204711,0c9b8d85b5e34a56a1fedf0e1062e854,path_analyze.page.depth_1,200,1071.292,,,"SQL injection vulnerability in WHERE clause allowing retrieval of hidden data SQL injection vulnerability in WHERE clause allowing retrieval of hidden data Back&nbsp;to&nbsp;lab&nbsp;description&nbsp; LAB Not solved Home | Snow Delivered To Your Door $40.03 Description: By Steam Train Direct From The North Pole We can deliver you the perfect Christmas gift of all. Imagine waking up to that white Christmas you have been dreaming of since you were a child. Your snow will be loaded on to our exclusive snow train and transported across the globe in time for the big day. In a few simple steps, your snow will be ready to scatter in the areas of your choosing. *Make sure you have an extra large freezer before delivery. *Decant the liquid into small plastic tubs (there is some loss of molecular structure during transit). *Allow 3 days for it to refreeze.*Chip away at each block until the ice resembles snowflakes. *Scatter snow. Yes! It really is that easy. You will be the envy of all your neighbors unless you let them in on the secret. We offer a 10% discount on future purchases for every referral we receive from you. Snow isn't just for Christmas either, we deliver all year round, that's 365 days of the year. Remember to order before your existing snow melts, and allow 3 days to prepare the new batch to avoid disappointment. Return to list",redirect_hint,,"content-type: text/html; charset=utf-8
x-frame-options: SAMEORIGIN
content-encoding: gzip
connection: close
content-length: 1588","connection: close
content-encoding: gzip
content-length: 1588
content-type: text/html; charset=utf-8
x-frame-options: SAMEORIGIN",response_content_type_html security_header_x_frame_options_present,x_frame_options,,5,1,0,4282,0.06,0,path_crawl_page
20260504_204711,b937ad6f967d4e67b5dda9010521cb82,path_analyze.page.depth_1,200,1046.037,,,"SQL injection vulnerability in WHERE clause allowing retrieval of hidden data SQL injection vulnerability in WHERE clause allowing retrieval of hidden data Back to lab home Back&nbsp;to&nbsp;lab&nbsp;description&nbsp; LAB Not solved Home | Accessories Refine your search: All Accessories Clothing, shoes and accessories Gifts Tech gifts Giant Pillow Thing $61.65 View details Six Pack Beer Belt $42.21 View details ZZZZZZ Bed - Your New Home Office $65.34 View details",,,"content-type: text/html; charset=utf-8
x-frame-options: SAMEORIGIN
content-encoding: gzip
connection: close
content-length: 1264","connection: close
content-encoding: gzip
content-length: 1264
content-type: text/html; charset=utf-8
x-frame-options: SAMEORIGIN",response_content_type_html security_header_x_frame_options_present,x_frame_options,,5,1,0,4913,0.06,0,path_crawl_page
20260504_204711,d0c9ae32e8d84ba9baa6ae1e25037bf6,path_analyze.page.depth_1,200,1059.783,,,"SQL injection vulnerability in WHERE clause allowing retrieval of hidden data SQL injection vulnerability in WHERE clause allowing retrieval of hidden data Back&nbsp;to&nbsp;lab&nbsp;description&nbsp; LAB Not solved Home | Hologram Stand In $56.39 Description: Do you ever have one of those days where nothing looks right, and you just don't feel like going to the ball? Never fear, Hologram Stand In is here. There are times when you can't say no to that important invite, you need to show your face to the right people. But, we all have off days and know we won't be showing the right face if we turn up feeling like a sack of potatoes. We spend time with our customers when they are having their best days, with 360-degree hologram mapping, and typical response recordings you shall go to the ball. Our experts are on hand throughout the evening enabling them to project you into the correct settings. We will also program polite excuses to leave the room should your hologram not be able to respond appropriately to a given set of questions. With your Hologram Stand In you never need to worry about all those stressful high expectations again. You will look just as fresh and amazing at the end of the night as you do at the start. Put your best dress on, smile and we will do the rest. Full money back guarantee if your night is not a huge success*. *Judged by whether you manage to pull it off. Return to list",redirect_hint,,"content-type: text/html; charset=utf-8
x-frame-options: SAMEORIGIN
content-encoding: gzip
connection: close
content-length: 1577","connection: close
content-encoding: gzip
content-length: 1577
content-type: text/html; charset=utf-8
x-frame-options: SAMEORIGIN",response_content_type_html security_header_x_frame_options_present,x_frame_options,,5,1,0,4316,0.06,0,path_crawl_page
20260504_204711,dc601ecc639e46528b9e3a37720563b7,path_analyze.page.depth_1,200,1069.472,,,"SQL injection vulnerability in WHERE clause allowing retrieval of hidden data SQL injection vulnerability in WHERE clause allowing retrieval of hidden data Back&nbsp;to&nbsp;lab&nbsp;description&nbsp; LAB Not solved Home | First Impression Costumes $99.74 Description: It is so hard when meeting people for the first time to work out if they are the good guys or the bad guys. Hey, guys, we are here to help you. With our First Impression Costumes, you can signal that you are the angel those potential dates are looking for. Our real fur feather wings and adjustable halos will have the dates falling at your feet, no more wasting time for them on someone who might be a little devil inside. And no more sitting on the sidelines for you while they make up their minds. Your evening will begin as soon as you set foot inside the doors. Everyone will want to stroke your feathers and ask you to polish your halo, the jokes will come flooding and the conversation will flow freely. Watch as all the other guys fall by the wayside, green with envy. It is important to remind our customers that purchasing our angel costume, if you really are a little devil, will be in breach of the contract you sign with us at the point of purchase. This can be punishable by law and you could be prosecuted. Return to list",redirect_hint,,"content-type: text/html; charset=utf-8
x-frame-options: SAMEORIGIN
content-encoding: gzip
connection: close
content-length: 1518","connection: close
content-encoding: gzip
content-length: 1518
content-type: text/html; charset=utf-8
x-frame-options: SAMEORIGIN",response_content_type_html security_header_x_frame_options_present,x_frame_options,,5,1,0,4198,0.06,0,path_crawl_page
20260504_204711,b3dad5c3288a4a7792c36069ec0fbd1a,path_analyze.page.depth_1,200,1073.182,,,"SQL injection vulnerability in WHERE clause allowing retrieval of hidden data SQL injection vulnerability in WHERE clause allowing retrieval of hidden data Back&nbsp;to&nbsp;lab&nbsp;description&nbsp; LAB Not solved Home | Lightbulb Moments $31.38 Description: How many times have you had a lightbulb moment and not had any way of writing it down, or your cell is out of reach and you've forgotten before you find it? Us to. That's why we have come up with the perfect solution. 'Lightbulb Moments' are unique, voice-activated, recording software units. Replace all those useless bulbs that give you nothing but light, and you'll never forget that viral idea again. With bayonet and screw fittings available they will fit easily into every lamp, and overhead light socket, in your home. When the idea hits you just call out, 'Lightbulb Moment', and your bulbs will be ready to start recording instantly. There is no need for a smartphone or tablet to retrieve your data, just say. 'Tell me', and the bulb will repeat back what you have recorded at a time that is convenient for you. Even better still, unlike regular light bulbs, these have a 10-year warranty and will be replaced for a discount of 10% of the original purchase price. No minimum order required, only buy what you need. Never miss that lightbulb moment again. Return to list",redirect_hint,,"content-type: text/html; charset=utf-8
x-frame-options: SAMEORIGIN
content-encoding: gzip
connection: close
content-length: 1542","connection: close
content-encoding: gzip
content-length: 1542
content-type: text/html; charset=utf-8
x-frame-options: SAMEORIGIN",response_content_type_html security_header_x_frame_options_present,x_frame_options,,5,1,0,4233,0.06,0,path_crawl_page
20260504_204711,b662684de6f8454896238d58a3a21116,path_analyze.page.depth_1,200,1089.264,,,"SQL injection vulnerability in WHERE clause allowing retrieval of hidden data SQL injection vulnerability in WHERE clause allowing retrieval of hidden data Back&nbsp;to&nbsp;lab&nbsp;description&nbsp; LAB Not solved Home | Six Pack Beer Belt $42.21 Description: The Six Pack Beer Belt - because who wants just one beer? Say goodbye to long queues at the bar thanks to this handy belt. This beer belt is fully adjustable up to 50' waist, meaning you can change the size according to how much beer you're drinking. With its camouflage design, it's easy to sneak beer into gigs, parties and festivals. This is the perfect gift for a beer lover or just someone who hates paying for drinks at the bar! Simply strap it on and load it up with your favourite beer cans or bottles and you're off! Thanks to this sturdy design, you'll always be able to boast about having a six pack. Buy this adjustable belt today and never go thirsty again! Return to list",redirect_hint,,"content-type: text/html; charset=utf-8
x-frame-options: SAMEORIGIN
content-encoding: gzip
connection: close
content-length: 1356","connection: close
content-encoding: gzip
content-length: 1356
content-type: text/html; charset=utf-8
x-frame-options: SAMEORIGIN",response_content_type_html security_header_x_frame_options_present,x_frame_options,,5,1,0,3833,0.06,0,path_crawl_page
20260504_204711,dfdfb5ba4fdd4729a4fb3f3d06d55d95,path_analyze.page.depth_1,200,1107.156,,,"SQL injection vulnerability in WHERE clause allowing retrieval of hidden data SQL injection vulnerability in WHERE clause allowing retrieval of hidden data Back&nbsp;to&nbsp;lab&nbsp;description&nbsp; LAB Not solved Home | Eye Projectors $0.81 Description: Are you one of those people who have very vivid dreams worthy of sharing with everyone you know? Do you lack the imagination to describe what you've seen? With extensive research and exhaustive trials our team of Ophthalmologists, and techy peeps, have made it possible for you to share everything that is going on inside your head. If you think laser eye surgery is advanced you haven't seen anything yet. A small implant behind the lens of your eyes links to the thalamus and cortex, transmitting images that can be projected in the blink of an eye. With sufficient training, it is even possible for you to learn to sleep with your eyes open. Then you can entertain family and friends to a unique movie night like they have never experienced before. Forget Netflix, no subscription required here. The quality of projected images works better with blue eyes, therefore, we envisage altering most eye colors in order for you to experience the best we know you deserve. The process from start to finish is probably cheaper than you will be expecting. You have nothing to lose by booking a free consultation today. Return to list",redirect_hint,,"content-type: text/html; charset=utf-8
x-frame-options: SAMEORIGIN
content-encoding: gzip
connection: close
content-length: 1583","connection: close
content-encoding: gzip
content-length: 1583
content-type: text/html; charset=utf-8
x-frame-options: SAMEORIGIN",response_content_type_html security_header_x_frame_options_present,x_frame_options,,5,1,0,4284,0.06,0,path_crawl_page
20260504_204711,010d0a433c574c1f90a77e02ad38e4b9,path_analyze.page.depth_1,200,1080.156,,,"SQL injection vulnerability in WHERE clause allowing retrieval of hidden data SQL injection vulnerability in WHERE clause allowing retrieval of hidden data Back to lab home Back&nbsp;to&nbsp;lab&nbsp;description&nbsp; LAB Not solved Home | Clothing, shoes and accessories Refine your search: All Accessories Clothing, shoes and accessories Gifts Tech gifts Vintage Neck Defender $54.52 View details First Impression Costumes $99.74 View details Hologram Stand In $56.39 View details",,,"content-type: text/html; charset=utf-8
x-frame-options: SAMEORIGIN
content-encoding: gzip
connection: close
content-length: 1267","connection: close
content-encoding: gzip
content-length: 1267
content-type: text/html; charset=utf-8
x-frame-options: SAMEORIGIN",response_content_type_html security_header_x_frame_options_present,x_frame_options,,5,1,0,4928,0.06,0,path_crawl_page
20260504_204711,9d740530c26e4aaa80e0c0e0f26c2b68,path_analyze.page.depth_1,200,1999.148,,,"SQL injection vulnerability in WHERE clause allowing retrieval of hidden data SQL injection vulnerability in WHERE clause allowing retrieval of hidden data Back&nbsp;to&nbsp;lab&nbsp;description&nbsp; LAB Not solved Home | Giant Pillow Thing $61.65 Description: Giant Pillow Thing - Because, why not? Have you ever been sat at home or in the office and thought, I'd much rather sit in something that a team of Gurkha guides couldn't find me in? Well, look no further than this enormous, luxury pillow. It's ideal for car parks, open air fields, unused basements and big living rooms. Simply drag it in with your team of weight lifters and hide from your loved ones for days. This is the perfect product to lounge in comfort in front of the TV on, have a family reunion in, or land on after jumping out of a plane. Return to list",redirect_hint,,"content-type: text/html; charset=utf-8
x-frame-options: SAMEORIGIN
content-encoding: gzip
connection: close
content-length: 1310","connection: close
content-encoding: gzip
content-length: 1310
content-type: text/html; charset=utf-8
x-frame-options: SAMEORIGIN",response_content_type_html security_header_x_frame_options_present,x_frame_options,,5,1,0,3707,0.06,0,path_crawl_page
20260504_204711,a9b7d2e6f6c34d05bb24d6aff946dcbb,path_analyze.page.depth_1,200,885.626,,,"SQL injection vulnerability in WHERE clause allowing retrieval of hidden data SQL injection vulnerability in WHERE clause allowing retrieval of hidden data Back&nbsp;to&nbsp;lab&nbsp;description&nbsp; LAB Not solved Home | Grow Your Own Spy Kit $79.94 Description: Everyone is getting wise to the nanny cams, and the old fashioned ways of listening in on other people's conversations. No-one trusts a cute looking teddy bear anymore, who knows what is hidden behind those button eyes. We have designed a foolproof system that will never catch you out with our 'Grow Your Own Spy Kit'. In the same easy way you plant a seed, or seedling, you pop the water-resistant bug beneath the surface of some fresh compost. With regular watering and a sprinkling of plant food, your bug pots will thrive until they are ready to be gifted to those you wish to spy on. No-one will suspect what you're up to, even if they have their suspicions, the only bugs they are going to find hiding amongst the leaves will be greenfly. On purchasing our 'Grow Your Own Spy Kit' you will be required to sign a Non-Disclosure Agreement, loose lips cost lives you know. Whether you are planning on just having a bit of fun with your family and friends, or you are a serious spy in the making, eavesdropping could not be any easier. Return to list",redirect_hint,,"content-type: text/html; charset=utf-8
x-frame-options: SAMEORIGIN
content-encoding: gzip
connection: close
content-length: 1551","connection: close
content-encoding: gzip
content-length: 1551
content-type: text/html; charset=utf-8
x-frame-options: SAMEORIGIN",response_content_type_html security_header_x_frame_options_present,x_frame_options,,5,1,0,4218,0.06,0,path_crawl_page
20260504_204711,d2f6722960ec4cc69ae732d0ddc95055,path_analyze.page.depth_1,200,886.243,,,"SQL injection vulnerability in WHERE clause allowing retrieval of hidden data SQL injection vulnerability in WHERE clause allowing retrieval of hidden data Back&nbsp;to&nbsp;lab&nbsp;description&nbsp; LAB Not solved Home | Couple's Umbrella $28.85 Description: Do you love public displays of affection? Are you and your partner one of those insufferable couples that insist on making the rest of us feel nauseas? If you answered yes to one or both of these questions, you need the Couple's Umbrella. And possible therapy. Not content being several yards apart, you and your significant other can dance around in the rain fully protected from the wet weather. To add insult to the rest of the public's injury, the umbrella only has one handle so you can be sure to hold hands whilst barging children and the elderly out of your way. Available in several romantic colours, the only tough decision will be what colour you want to demonstrate your over the top love in public. Cover both you and your partner and make the rest of us look on in envy and disgust with the Couple's Umbrella. Return to list",redirect_hint,,"content-type: text/html; charset=utf-8
x-frame-options: SAMEORIGIN
content-encoding: gzip
connection: close
content-length: 1399","connection: close
content-encoding: gzip
content-length: 1399
content-type: text/html; charset=utf-8
x-frame-options: SAMEORIGIN",response_content_type_html security_header_x_frame_options_present,x_frame_options,,5,1,0,3985,0.06,0,path_crawl_page
20260504_205542,ebc44f9d10f34eec89e233694e72c382,recon.track_redirects,200,939.814,,,"Exploiting cross-site scripting to steal cookies Exploiting cross-site scripting to steal cookies Back&nbsp;to&nbsp;lab&nbsp;description&nbsp; LAB Not solved Home | My account | Tracking Your Kids It's not Big Brother who's watching you, it's your folks! The first generation of datafied children is hitting the streets. What does this mean? Basically, we know where they are, where they've been and when they were last 'live' on... View post Meeting Up In the past arranging events, and to meet up with friends and family was easy. The first option for an event was to send out an invitation, in the post, and they would R.S.V.P, sorted. Numbers counted, an event arranged.... View post Don't Believe Everything You Read Don't believe everything you read is not only a common expression, it's also a pretty obvious one. Although, it's common and obvious because it's an old saying, an old saying rooted in print journalism and their individual biases. But now,... View post Machine Parenting It has finally happened. The progression from using TV's and tablets as a babysitter for your kids has evolved. Meet the droids, the 21st Century Machine Parenting bots who look just like mom and dad. View post The Digital Fairytale Once upon a time' View post Do You Speak English? It mega hurts me to admit this, but sometimes I have no idea what people are talking about. The language of youth and the language of the technical world leaves me completely stumped. Young people talk in abbreviations and use... View post Open Sans - I love You I never thought this could happen to me, but it has. You hear stories about people falling in love with inanimate objects and laugh at their 'weirdness', but now I fully understand what they've been going through. View post",,,"content-type: text/html; charset=utf-8
x-frame-options: SAMEORIGIN
content-encoding: gzip
content-length: 2361","content-encoding: gzip
content-length: 2361
content-type: text/html; charset=utf-8
x-frame-options: SAMEORIGIN",response_content_type_html security_header_x_frame_options_present,x_frame_options,,4,1,0,8334,0.06,1,passive_trace
20260504_205542,030fef7e563449d5b59951df4085105b,recon.response_analysis,,0.0,,,,,,,,,,,0,0,0,0,0.0,0,response_analysis
20260504_205542,12163441f3184bfc89e8324b73739301,path_analyze.page.depth_0,200,920.527,,,"Exploiting cross-site scripting to steal cookies Exploiting cross-site scripting to steal cookies Back&nbsp;to&nbsp;lab&nbsp;description&nbsp; LAB Not solved Home | My account | Tracking Your Kids It's not Big Brother who's watching you, it's your folks! The first generation of datafied children is hitting the streets. What does this mean? Basically, we know where they are, where they've been and when they were last 'live' on... View post Meeting Up In the past arranging events, and to meet up with friends and family was easy. The first option for an event was to send out an invitation, in the post, and they would R.S.V.P, sorted. Numbers counted, an event arranged.... View post Don't Believe Everything You Read Don't believe everything you read is not only a common expression, it's also a pretty obvious one. Although, it's common and obvious because it's an old saying, an old saying rooted in print journalism and their individual biases. But now,... View post Machine Parenting It has finally happened. The progression from using TV's and tablets as a babysitter for your kids has evolved. Meet the droids, the 21st Century Machine Parenting bots who look just like mom and dad. View post The Digital Fairytale Once upon a time' View post Do You Speak English? It mega hurts me to admit this, but sometimes I have no idea what people are talking about. The language of youth and the language of the technical world leaves me completely stumped. Young people talk in abbreviations and use... View post Open Sans - I love You I never thought this could happen to me, but it has. You hear stories about people falling in love with inanimate objects and laugh at their 'weirdness', but now I fully understand what they've been going through. View post",,,"content-type: text/html; charset=utf-8
x-frame-options: SAMEORIGIN
content-encoding: gzip
connection: close
content-length: 2361","connection: close
content-encoding: gzip
content-length: 2361
content-type: text/html; charset=utf-8
x-frame-options: SAMEORIGIN",response_content_type_html security_header_x_frame_options_present,x_frame_options,,5,1,0,8334,0.06,0,path_crawl_page
20260504_205542,32e868d0a97940cc82653187d6d3bdc3,path_analyze.page.depth_1,200,986.887,,,"Exploiting cross-site scripting to steal cookies Exploiting cross-site scripting to steal cookies Back&nbsp;to&nbsp;lab&nbsp;description&nbsp; LAB Not solved Home | My account | Do You Speak English? Paul Totherone | 12 April 2026 It mega hurts me to admit this, but sometimes I have no idea what people are talking about. The language of youth and the language of the technical world leaves me completely stumped. Young people talk in abbreviations and use words that have opposite meanings. I didn&apos;t think &apos;sick&apos; was something positive when I was growing up. And can someone please explain how all my photos and documents are stored in a cloud? I wasn&apos;t very good at sciences but I know the only thing a cloud can store is rain. Cookies were something my grandmother used to bake on a Sunday afternoon. Now they have this magical power and we have to share them backward and forwards and they are never completely consumed. Grandma wouldn&apos;t have been popular if we&apos;d had to share cookies between us kids, anyone trying to take a bite out of mine would have had a clip round the ear. Getting through my first lesson using a computer nearly put me off for life. The first thing you do is boot it. People assume you know that that doesn&apos;t mean give it a kick. A boot is what I wear on a foot. If I put the boot in, or boot anything it has always meant give it a kick. My trainer was very angry, I can&apos;t work with angry people. After billing me so much money I thought I&apos;d better get something out of it, he then started defining every single word. And I mean EVERY single word. If an email hasn&apos;t been delivered why do they call it a bounceback? Bounceback has always been a very positive thing in my life. All the times I&apos;ve bounced back after being poorly, and all my pets they&apos;ve bounced back, and my children...all happily bouncing back. Not delivering an email is annoying, and very inconvenient, I can&apos;t see how they equate it with the bounce-back phrase. My son had a bit of a cold, one day he came running out of his room excitedly shouting, &apos;It&apos;s gone viral&apos;. I was reaching for the phone to make him an appointment with the doctor and to quickly start him on some antibiotics when he explained it was a video he&apos;d made that had gone viral. He was really pleased with himself. I was confused. If something goes viral it&apos;s really bad for you, bacterial infections can kill. Hardly a word worthy of cause for celebration I think. Young people think older people are useless, boring, have never been young themselves. They forget we taught them to speak, they learned their language from us. Did I laugh when they got it wrong? No, I didn&apos;t. I just w",,,"content-type: text/html; charset=utf-8
x-frame-options: SAMEORIGIN
content-encoding: gzip
connection: close
content-length: 2927","connection: close
content-encoding: gzip
content-length: 2927
content-type: text/html; charset=utf-8
x-frame-options: SAMEORIGIN",response_content_type_html security_header_x_frame_options_present,x_frame_options,,5,1,0,9116,0.06,0,path_crawl_page
20260504_205542,68852c2e1ac64434898f8fafde0e1dbc,path_analyze.page.depth_1,200,1059.751,,,"Exploiting cross-site scripting to steal cookies Exploiting cross-site scripting to steal cookies Back&nbsp;to&nbsp;lab&nbsp;description&nbsp; LAB Not solved Home | My account | Stag Do&apos;s Ben Eleven | 16 April 2026 Whenever a friend or relative announces their engagement, there is always one burning question that isn&apos;t really asked straight away out of politeness for the bride to be. While you&apos;re stood their feigning interest and enthusiasm for yet another wedding to cough up for, what you&apos;re really thinking is &apos;where&apos;s the stag do?&apos;. I couldn&apos;t possibly comment on the mentality of women when it comes to hen parties, but I&apos;ve seen enough phallic shaped balloons and cowgirl hats to make me think they get equally as excited at the prospect of going out for the weekend and getting the hen absolutely merry. When it comes to stags though, certainly you await the fateful news with excitement and dread. The destination also weighs heavily on the mentality of the best man. If your best man is likely to be someone with a nickname like &apos;Smudger or anything ending with the word &apos;dog&apos;, you can bet your bottom dollar that it&apos;s about to be a very wild adventure and an unpleasant one for the stag. In this day and age it&apos;s more likely to be a destination further afield and awaiting the news is sort of like a much bigger anxiety inducing gender reveal at a baby shower. Some of the big hitters are Vegas, Amsterdam, Prague, London and New York. It really is the chance to put other cultures off of yours within an impressively short two, maybe three evenings. Whoever thought up shots was clearly an evil genius. What do you need when drinking alcohol? Well, more concentrated alcohol obviously. How do you spot the groom from the crowd? Well, he&apos;s the one dressed as a baby or some sort of cowboy / crossdresser. Another useful tool is to check which man is being roundly screwed over with shot amounts and forfeits. The stag do is now a huge industry, with companies being set up all the time to answer the prayers of young men and deliver them some outlandish activities. Speaking of which, when the modern stag was being planned, someone had the good idea to say &apos;you know what? Maybe we should break up the drinking with some sort of activity!&apos;. And from this, all manner of garbage was introduced. Go Karting in Bruges? Why check out the scenery of somewhere brand new when you can do some run of the mill activity and pay for pleasure of flights and accommodation too. Next stag, ten pin bowling in Amsterdam. Whoever set up these companies to charge men an obscene amount of money to do something you can do five minutes from home in another country are cashing in big time.",redirect_hint,,"content-type: text/html; charset=utf-8
x-frame-options: SAMEORIGIN
content-encoding: gzip
connection: close
content-length: 3024","connection: close
content-encoding: gzip
content-length: 3024
content-type: text/html; charset=utf-8
x-frame-options: SAMEORIGIN",response_content_type_html security_header_x_frame_options_present,x_frame_options,,5,1,0,8648,0.06,0,path_crawl_page
20260504_205542,fe444ec151764b5d856bc8d31a1dfc4b,path_analyze.page.depth_1,200,1030.934,,,"Exploiting cross-site scripting to steal cookies Exploiting cross-site scripting to steal cookies Back&nbsp;to&nbsp;lab&nbsp;description&nbsp; LAB Not solved Home | My account | The Digital Fairytale Mary Christmas | 12 April 2026 Once upon a time&apos; ...their eyes met across a crowded room, hearts raced and they knew, this was a love that would last forever. 2018&apos; ...their eyes were hidden behind the virtual reality headsets as they transported themselves to a parallel universe. They hadn&apos;t the pleasure of meeting in real life, didn&apos;t know the gentle touch of each other&apos;s hands or the warmth of a real-time embrace. But they knew, so many hours spent chatting online, sharing secrets and lives, it had to be the real thing. Saying those three little words came so naturally before their paths had even crossed. I love you emojis with exploding hearts filled their screens, as virtual hugs warmed their empty souls. We&apos;ve all been there, well maybe not all, but quite a few people. I&apos;m not sure if it&apos;s a girl or a guy thing, I can only comment as a female and from a few snippets my teenage son opened my eyes too. At the end of the day, the pen is mightier than the sword as they say. I have a friend, he is hilariously funny and imaginative, in the messenger world that is. When we meet up for drinks or food I am reminded that he is painfully shy, and a very painfully non-communicative human being. He probably considers me the one who drinks too much, but that&apos;s because I have to talk so much, and need to lubricate the old voice box to keep the conversation ticking over. At least in the real world when we try to make a good first impression we can&apos;t delete, edit or rewrite. If you spit when you&apos;re talking, or talk with your mouth full there&apos;s nowhere to hide. On the other side we have powerful words, time to google love poems and pass them off as our own, and even use photos that are the most flattering we have, assuming the pics are really of us. I have seen, heard from, women who have fallen into these traps. Everything happens so fast, by the time they meet up they&apos;re skipping the main and going straight to dessert. I met my ex-husband on a blind date. Only I was on the date with someone else. I was the one spitting while talking, and the date was the one who had managed to hide his anger and jealousy behind a screen with entertaining, flirty words. My husband? He was there with some friends and gave me his card suggesting I call if things didn&apos;t work out. They didn&apos;t. My date wanted to &apos;sort him out&apos; and then abandoned me, all alone in another bar. The rest is history. Historically fa",,,"content-type: text/html; charset=utf-8
x-frame-options: SAMEORIGIN
content-encoding: gzip
connection: close
content-length: 2857","connection: close
content-encoding: gzip
content-length: 2857
content-type: text/html; charset=utf-8
x-frame-options: SAMEORIGIN",response_content_type_html security_header_x_frame_options_present,x_frame_options,,5,1,0,8379,0.06,0,path_crawl_page
20260504_205542,353aba4ff0fa44cda3c077336e00ce9c,path_analyze.page.depth_1,200,1039.435,,,"Exploiting cross-site scripting to steal cookies Exploiting cross-site scripting to steal cookies Back&nbsp;to&nbsp;lab&nbsp;description&nbsp; LAB Not solved Home | My account | Don&apos;t Believe Everything You Read Nat Itoode | 07 April 2026 Don&apos;t believe everything you read is not only a common expression, it&apos;s also a pretty obvious one. Although, it&apos;s common and obvious because it&apos;s an old saying, an old saying rooted in print journalism and their individual biases. But now, there&apos;s a whole new plethora of rubbish media outlets that seemingly spew whatever they fancy, lucky us! I am of course referring to pages mainly found on social media platforms. You may see a headline and think no one in their right mind would believe this nonsense, but on closer inspection in the comment section, there are people furious / delighted at whatever the lie of the day is. Politicians have called on social media sites to clamp down on misleading stories and outright lies, which is possibly the most ironic thing to have been said in years, but apparently it&apos;s hard to shut down pages spewing falsehoods, thanks Zuckerberg. The important thing to remember is that the page who have published the article have an agenda. Let&apos;s face it, it&apos;s probably click bait, fake news enticing click bait. Remember when fake news and click bait weren&apos;t four of the most prominent words in society? Simpler times indeed. So, to spot these tales that probably are not true, there&apos;s a few things to look out for. Firstly, does it make your blood boil? These stories usually use some misleading headline to get you to access their main site, where you find out that the headline was either a lie or grossly over exaggerated. The other thing is that by writing blood boiling headlines you whip people into a frenzy, arguments erupt in the comment section, feelings are hurt and the only winner is the page you&apos;re getting more people to view. A good name for articles like this is &apos;outrage bait&apos;. It&apos;s there to shock and anger people and it can be pretty darn damaging. Angering the masses by claiming minorities are &apos;demanding&apos; things gets that page huge reactions and responses. For instance, recently a page claimed 25% of people surveyed think Santa Claus should now be a woman or gender fluid - cue the rage. Obviously, this survey was either rigged, faked or just plain made up to anger people and all this does is get minority groups more backlash. Backlash for things they haven&apos;t even mentioned. The horrid thing is, these pages know the contentious issues in society and, like newspapers before, they put a spin on things that they know will get a reaction because some peop",,,"content-type: text/html; charset=utf-8
x-frame-options: SAMEORIGIN
content-encoding: gzip
connection: close
content-length: 3006","connection: close
content-encoding: gzip
content-length: 3006
content-type: text/html; charset=utf-8
x-frame-options: SAMEORIGIN",response_content_type_html security_header_x_frame_options_present,x_frame_options,,5,1,0,8769,0.06,0,path_crawl_page
20260504_205542,57440b6061e04de295b94055ed666c9c,path_analyze.page.depth_1,200,1077.312,,,"Exploiting cross-site scripting to steal cookies Exploiting cross-site scripting to steal cookies Back&nbsp;to&nbsp;lab&nbsp;description&nbsp; LAB Not solved Home | My account | Tracking Your Kids Jay Bail | 06 April 2026 It&apos;s not Big Brother who&apos;s watching you, it&apos;s your folks! The first generation of datafied children is hitting the streets. What does this mean? Basically, we know where they are, where they&apos;ve been and when they were last &apos;live&apos; on social media. My son passed through his &apos;going out&apos; years without being trackable. What a blessing that was I can tell you. To be honest, I don&apos;t want to know if he&apos;s traveling on the subway across New York at 2am, I really, really don&apos;t. When he first started going out I didn&apos;t sleep very well, and would only settle once he came in. Now, can you imagine if instead of tossing and turning in my comfortable bed, I was tracking his movements on my cell like a crazy woman? What happens to your heart rate when that little dot stops flashing just as he is in an area considered a bit dodgy? If you have been brought up as a Christian, it was only God who was Omniscient, now everyone is. No more little white lies about who&apos;s house you&apos;re going to as you sneak off to a party with the kids your parents don&apos;t approve of. Not only would I not have wanted my folks to know where I was every second of the day, what kind of person wants to stalk another person like that? Parental controls aren&apos;t just for the television, tracking is the real parental control. I wonder how many people in relationships have trackers for their partner on their phones. It used to be frowned upon to peek at your partner&apos;s messages when they were in the shower, now they can track you peeking at their messages with the secondary device they&apos;ve hidden in the toilet cistern for &apos;special occasions&apos;. The spy is being spied on, very confusing, nearly as confusing to me as time travel. Who is really spying on whom? Comments I.C. Poorly | 10 April 2026 I read your blog whenever I am angry to calm me. And I make Bruce Banner look like a yoga teacher. Penny Whistle | 11 April 2026 Your blogs continue to be my main source of happiness. As you can probably tell, I'm not an exciting person.",redirect_hint,,"content-type: text/html; charset=utf-8
x-frame-options: SAMEORIGIN
content-encoding: gzip
connection: close
content-length: 2538","connection: close
content-encoding: gzip
content-length: 2538
content-type: text/html; charset=utf-8
x-frame-options: SAMEORIGIN",response_content_type_html security_header_x_frame_options_present,x_frame_options,,5,1,0,8226,0.06,0,path_crawl_page
20260504_205542,4b9814b35ebd4da79bb0005f29fe76b9,path_analyze.page.depth_1,200,1046.359,,,"Exploiting cross-site scripting to steal cookies Exploiting cross-site scripting to steal cookies Back&nbsp;to&nbsp;lab&nbsp;description&nbsp; LAB Not solved Home | My account | The First Ever Truly Eco Car Has Made It To Market Freda Wales | 19 April 2026 Forget electricity, we know that&apos;s still a drain on the National Grid. Some clever little inventors in Ohio have come up with a way of getting your car moving with nothing but air. And better still, air from your own lungs. Road Trips couldn&apos;t be easier. We never need to worry about running out of gas again. They have installed a clever foldaway pipe which is linked to a fan that will get your engine running. You blow into the pipe for about 20 minutes, a balloon will expand as the air enters, once full there is a slow release that operates the fan. Bingo, you&apos;re on your way. The running time on one full balloon is approximately 20 minutes, depending on the speed you are traveling at, the faster you travel the quicker the air releases. Unlike electric cars, the good news is you don&apos;t have to worry about making it to the next filling station before your car runs out of puff. The company informed us, &apos;There are added health benefits to this as well. Using your lungs in this way will keep them healthy for longer.&apos; We couldn&apos;t be more excited, not only because of how incredibly environmentally friendly this car is, but the savings on gas and the convenience of not stopping for electricity is going to revolutionize the way we travel from now on. Journeys may become a little slower, but who wants to be hurrying when you can enjoy the scenery more closely at each stopping point for air. It is recommended you have a complete health check before you embark on a journey longer than the initial 20 minutes. Anyone with breathing difficulties is advised to take a friend along who has a healthy set of lungs. You don&apos;t want to spoil your outing with a trip to the emergency room. There are drawbacks to any new invention, but the pros most certainly outweigh the cons with this little beauty. We can&apos;t wait to see them rolled out next month. Watch this space. Comments Lee Mealone | 26 April 2026 Live long and prosper. Sam Pit | 29 April 2026 Brilliant. Not fake news at all.",redirect_hint,,"content-type: text/html; charset=utf-8
x-frame-options: SAMEORIGIN
content-encoding: gzip
connection: close
content-length: 2504","connection: close
content-encoding: gzip
content-length: 2504
content-type: text/html; charset=utf-8
x-frame-options: SAMEORIGIN",response_content_type_html security_header_x_frame_options_present,x_frame_options,,5,1,0,7557,0.06,0,path_crawl_page
20260504_205542,d938e81bd48d4018afc34d09e7b2063e,path_analyze.page.depth_1,200,1084.41,,,"Exploiting cross-site scripting to steal cookies Exploiting cross-site scripting to steal cookies Back&nbsp;to&nbsp;lab&nbsp;description&nbsp; LAB Not solved Home | My account | Open Sans - I love You Fred Time | 14 April 2026 I never thought this could happen to me, but it has. You hear stories about people falling in love with inanimate objects and laugh at their &apos;weirdness&apos;, but now I fully understand what they&apos;ve been going through. In the days when fonts were limited I always shrugged off the boringness of Arial, I was a Comic Sans kind of girl. Then Comic started to get a really bad reputation, I didn&apos;t want to be left behind so I tried a few of the new ones. A brief dalliance with Lobster made me happy temporarily, but couldn&apos;t stay the course. Oswald was lovely, all sophisticated and tall, but became a bit dull over time. I wrestled with the impact I was trying to make on the world. Pacifico was so romantic and dreamy, but I couldn&apos;t settle for a dreamer when there was work to be done. I tried to embrace my individuality and had a reasonably long-term relationship with Georgia, she was quite plain but always reliable, but New Baskerville blew me away with its sense of adventure and &apos;je ne sais quoi&apos;. I realized I couldn&apos;t keep changing my fonts like this, I needed to settle down and find a future with something new. Along came Open Sans, my first impressions weren&apos;t great. Over time I came to love the simpleness of Open, I&apos;d previously been looking for something exciting, but Open has it all. Others might think Open is the plain Jane of the font world, but I see so much more. Clean lines, no ambiguity, always right, well presented at all times. And with me as the driving force behind Open, we have fun and lots of it. I now know that Open and I have a bright future together, I can type our words of love and carry them with me wherever I go. Always together, never apart, we go hand in hand and communicate to the world as one. There&apos;s no going back for me, the others were just trial runs, Open Sans is the real deal and I will never go back to how my life was before. Comments Amber Light | 28 April 2026 Amusing, enticing and well put together. But enough from my dating profile, good blog Jack Support | 01 May 2026 Can I share this to my site?",,,"content-type: text/html; charset=utf-8
x-frame-options: SAMEORIGIN
content-encoding: gzip
connection: close
content-length: 2446","connection: close
content-encoding: gzip
content-length: 2446
content-type: text/html; charset=utf-8
x-frame-options: SAMEORIGIN",response_content_type_html security_header_x_frame_options_present,x_frame_options,,5,1,0,7122,0.06,0,path_crawl_page
20260504_205542,005b1e43c0d54de4ad0a3374c37133b2,path_analyze.page.depth_1,200,1098.242,,,"Exploiting cross-site scripting to steal cookies Exploiting cross-site scripting to steal cookies Back&nbsp;to&nbsp;lab&nbsp;description&nbsp; LAB Not solved Home | My account | Coping with Hangovers Roger That | 14 April 2026 They say certain things get better with age, alas, not hangovers. I suppose the easiest thing to do would be to say well, just don&apos;t drink in the first place but as well all know, human nature dictates that we don&apos;t always listen to our conscience when it comes to doing what&apos;s in our best interests. I would say the biggest asset you have when it comes to hangovers is to avoid the denial stage. Again, it&apos;s human nature to kid yourself but at the end of the day, is it really worth it? It&apos;s just going to make it that much harder to bear when that headache does eventually kick in and you stand up. Denial is perfectly normal and you may even be moved to utter such words as &apos;I&apos;ve dodged the hangover!&apos; How exactly? Did you fool your body into not realising how much booze it was taking in? Get past the initial stage of denial and don&apos;t pretend, it&apos;s time to face the music and the pain will be more bearable without pretending it isn&apos;t there. Prepare. Once you&apos;ve accepted the fate that the next day will be a complete horror show, be sure to stock up on the necessary supplies. As your body processes alcohol and it leaves your system you&apos;ll feel pretty darn bad, part of this is due to the fact that when the body does process alcohol you&apos;ll feel low due to the hard work your liver is doing. Get some natural sugars in your fridge the night before then into your system the day after. Fruit juices, smoothies and fresh veg all boost sugar levels so make sure they&apos;re high on your list of hangover priorities. Avoid quick sugar fixes though, having certain fizzy drinks will boost sugar levels but their level of caffeine and colouring will only dehydrate you further. It&apos;s all about the natural sugars people. Exercise. Blow those cobwebs away and get yourself out of the house, or at least on the treadmill at home. I know, nothing sounds worse to a hungover person than the thought of having to face daylight let alone manoeuvre about it in it. However bad the thought of it may seem, staying hydrated and running off last nights drink as well as its memories is a sure fire way to feel better quicker. Let&apos;s face it, when you&apos;re exhausted, you&apos;re too focused on breathing than feeling sorry for yourself. Hair of the dog. Now, in case you hadn&apos;t realised, these are just tips. I am not a medical professional, much to my parents dismay, so please don&apos;t take these &apos;tips&apos; as gospel. Especially this one. Hair of the dog,",redirect_hint,,"content-type: text/html; charset=utf-8
x-frame-options: SAMEORIGIN
content-encoding: gzip
connection: close
content-length: 2996","connection: close
content-encoding: gzip
content-length: 2996
content-type: text/html; charset=utf-8
x-frame-options: SAMEORIGIN",response_content_type_html security_header_x_frame_options_present,x_frame_options,,5,1,0,8741,0.06,0,path_crawl_page
20260504_205542,9a71654f8e2744cbb743d58909de5b67,path_analyze.page.depth_1,200,1112.367,,,"Exploiting cross-site scripting to steal cookies Exploiting cross-site scripting to steal cookies Back&nbsp;to&nbsp;lab&nbsp;description&nbsp; LAB Not solved Home | My account | Machine Parenting Fred Time | 10 April 2026 It has finally happened. The progression from using TV&apos;s and tablets as a babysitter for your kids has evolved. Meet the droids, the 21st Century Machine Parenting bots who look just like mom and dad. Moving kids away from staring vacantly at screens has been a source of debate for many years now. So, Android specialists trialled a new machine parent who will interact with the kids. While real mom and dad are doing what needs to be done they can rest assured mom and dad bot will always put the kids first. Superior, and never used before, technology has enabled the bots to feel human emotions, hugs and kisses will be plenty, as will genuine empathy. Your child can have the closeness of a parent at all times without them ever having to be in the same room with them. The machine parent will do the hard work so parents don&apos;t have to. This revolutionary concept has come under plenty of criticism, especially among child psychologists. Dr. Damian Bridge told us, &apos;making parent roles redundant will cause long-term damage for children when forming loving relationships.&apos; John Wright from People First and Foremost disagreed, &apos;This constant attention and loving reassurance could have the opposite effect. The bots are programmed to have 100% patience and understanding, they cannot lose their temper, nag, or make a child cry. This surely will create a more balanced human race of tolerating and loving individuals.&apos; And what do the parents have to say? Mostly they are all for it. 70% of parents approached said they would like to get their lives back as they had no idea how horrid parenting would be. They mostly all agree they have forgotten what it is like to feel human themselves. Lack of sleep and constant demands for their attention has transformed them into shouty, angry, frustrated people. They no longer recognize themselves as the couple who fell in love and dreamed of having babies together. Most agree they pretty much hate each other now. Moving forward the general consensus is most parents would sell all their belongings and use their life savings to acquire one of these Machine Parents. We can only wait, watch, and see how the next generation turns out. Will they be better parents to their own kids, or will the fashion to outsource parenting continue? Comments Carrie Onanon",redirect_hint,,"content-type: text/html; charset=utf-8
x-frame-options: SAMEORIGIN
content-encoding: gzip
connection: close
content-length: 2636","connection: close
content-encoding: gzip
content-length: 2636
content-type: text/html; charset=utf-8
x-frame-options: SAMEORIGIN",response_content_type_html security_header_x_frame_options_present,x_frame_options,,5,1,0,7560,0.06,0,path_crawl_page
20260504_205542,adeb12c202b143a9ba9d66acf832d9b1,path_analyze.page.depth_1,200,1125.565,,,"blog in two parts like a cliff hanger? I need some excitement in my life. B.B Gun | 02 May 2026 It's not often I use the word despise. Mainly because I enjoy most things, this blog was no exception. Leave a comment Comment: Name: Email: Website: Post Comment Back to Blog",exception_trace_signature,,"content-type: text/html; charset=utf-8
x-frame-options: SAMEORIGIN
content-encoding: gzip
connection: close
content-length: 2659","connection: close
content-encoding: gzip
content-length: 2659
content-type: text/html; charset=utf-8
x-frame-options: SAMEORIGIN",response_content_type_html security_header_x_frame_options_present,x_frame_options,,5,1,0,8235,0.06,0,path_crawl_page
20260504_205542,d2e4c0df1be34696a804c2937263e730,path_analyze.form_depth_1,,0.0,,,,,,,,,,,0,0,0,0,0.0,1,path_candidate
20260504_205542,b92be3bb60bf4fc6b02b14a9f19433c7,path_analyze.form_depth_1,,0.0,,,,,,,,,,,0,0,0,0,0.0,1,path_candidate
20260504_205542,788f8125862443e1a2418b2d79a45b18,path_analyze.form_depth_1,,0.0,,,,,,,,,,,0,0,0,0,0.0,1,path_candidate
20260504_205542,98400271cd06442fb0c1e062bdc85f03,path_analyze.form_depth_1,,0.0,,,,,,,,,,,0,0,0,0,0.0,1,path_candidate
20260504_205542,b6b9364747954e89a45a964fa7a01e6f,path_analyze.page.depth_1,200,1240.651,,,Exploiting cross-site scripting to steal cookies Exploiting cross-site scripting to steal cookies Back&nbsp;to&nbsp;lab&nbsp;description&nbsp; LAB Not solved Home | My account | Login Username Password Log in,,,"content-type: text/html; charset=utf-8
set-cookie: session=<masked>; samesite=<masked>
x-frame-options: SAMEORIGIN
content-encoding: gzip
connection: close
content-length: 1026","connection: close
content-encoding: gzip
content-length: 1026
content-type: text/html; charset=utf-8
set-cookie: session=<masked>; samesite=<masked>
x-frame-options: SAMEORIGIN",response_content_type_html security_header_x_frame_options_present set_cookie_present set_cookie_samesite set_cookie_secure,x_frame_options,set_cookie_present set_cookie_samesite set_cookie_secure,6,1,1,3273,0.09,1,path_crawl_page
20260504_205542,80c7387a42f94ecab2eaab36995e7f16,path_analyze.form_depth_1,,0.0,,,,,,,,,,,0,0,0,0,0.0,1,path_candidate
20260504_205542,687e9f9a861a4f73ad8d0c5f410303c6,path_analyze.form_depth_1,,0.0,,,,,,,,,,,0,0,0,0,0.0,1,path_candidate
20260504_205542,2ec17220f22341d7aa21e0f9c1ff8374,path_analyze.form_depth_1,,0.0,,,,,,,,,,,0,0,0,0,0.0,1,path_candidate
20260504_205542,5c055960ef714a1c9c2e873af85e3ca2,path_analyze.form_depth_1,,0.0,,,,,,,,,,,0,0,0,0,0.0,1,path_candidate
20260504_205542,e70ecf2cf8ba4072a55cd8ad666ada3e,path_analyze.form_depth_1,,0.0,,,,,,,,,,,0,0,0,0,0.0,1,path_candidate
20260504_205542,7a90744d55a741ec93cc3ad6eba1d16e,path_analyze.form_depth_1,,0.0,,,,,,,,,,,0,0,0,0,0.0,1,path_candidate
20260504_205542,8fddc905689c456897b368c420f065b7,path_analyze.form_depth_1,,0.0,,,,,,,,,,,0,0,0,0,0.0,0,path_candidate
20260504_205542,767dd3b326d74262b81c38a3bd43e729,path_analyze.page.depth_2,200,909.944,,,Exploiting cross-site scripting to steal cookies Exploiting cross-site scripting to steal cookies Back&nbsp;to&nbsp;lab&nbsp;description&nbsp; LAB Not solved Home | My account | Login Username Password Log in,,,"content-type: text/html; charset=utf-8
x-frame-options: SAMEORIGIN
content-encoding: gzip
connection: close
content-length: 1029","connection: close
content-encoding: gzip
content-length: 1029
content-type: text/html; charset=utf-8
x-frame-options: SAMEORIGIN",response_content_type_html security_header_x_frame_options_present,x_frame_options,,5,1,0,3273,0.06,0,path_crawl_page
20260504_205542,01c1f8a114e5486d871c9fb364fa541e,path_analyze.form_depth_2,,0.0,,,,,,,,,,,0,0,0,0,0.0,0,path_candidate
20260504_211321,4d20cb8f0cba47279b27c85a6779d6b6,recon.track_redirects,200,695.28,,,"Reflected XSS with AngularJS sandbox escape without strings Reflected XSS with AngularJS sandbox escape without strings Back&nbsp;to&nbsp;lab&nbsp;description&nbsp; LAB Not solved Home | Search Awkward Breakups Tis better to have loved and lost than to never to have loved at all? A beautiful thought, but maybe Tennyson never had to go around his exe's house to collect his parchment and quills after an awkward break up.... View post Open Sans - I love You I never thought this could happen to me, but it has. You hear stories about people falling in love with inanimate objects and laugh at their 'weirdness', but now I fully understand what they've been going through. View post A Perfect World As the fight against crime is failing miserably there have been reports leaked from a Government agency that cloning is becoming a serious consideration. Experiments are being held in a secret location off the North Coast of California. A group... View post Failing The High Five - And More I'm one of those awkward people who shouldn't spend so much time talking to strangers/acquaintances. Too friendly and far too jolly, that's me. So, when you go in for the high five, and it fails miserably, you don't half look... View post Apps For Everything I have a really rubbish cell, it doesn't have enough memory for anything more than the default Apps. Of course, it's not quite a Nokia 1011, but it may as well be. As someone that always had a PC, and... View post Volunteering It is perhaps fair to say that volunteering conjures up feelings of helping those in need or taking time out of your own life to give back to society, family or friends. However, what often goes unspoken is that to... View post Machine Parenting",,,"content-type: text/html; charset=utf-8
x-frame-options: SAMEORIGIN
content-encoding: gzip
content-length: 2494","content-encoding: gzip
content-length: 2494
content-type: text/html; charset=utf-8
x-frame-options: SAMEORIGIN",response_content_type_html security_header_x_frame_options_present,x_frame_options,,4,1,0,8738,0.06,1,passive_trace
20260504_211321,f0dffdda01e94f04a5172df98db9707d,recon.response_analysis,,0.0,,,,,,,,,,,0,0,0,0,0.0,0,response_analysis
20260504_211321,cd5b6d0882624a4aade328bbd35ffecd,path_analyze.page.depth_0,200,779.604,,,"Reflected XSS with AngularJS sandbox escape without strings Reflected XSS with AngularJS sandbox escape without strings Back&nbsp;to&nbsp;lab&nbsp;description&nbsp; LAB Not solved Home | Search Awkward Breakups Tis better to have loved and lost than to never to have loved at all? A beautiful thought, but maybe Tennyson never had to go around his exe's house to collect his parchment and quills after an awkward break up.... View post Open Sans - I love You I never thought this could happen to me, but it has. You hear stories about people falling in love with inanimate objects and laugh at their 'weirdness', but now I fully understand what they've been going through. View post A Perfect World As the fight against crime is failing miserably there have been reports leaked from a Government agency that cloning is becoming a serious consideration. Experiments are being held in a secret location off the North Coast of California. A group... View post Failing The High Five - And More I'm one of those awkward people who shouldn't spend so much time talking to strangers/acquaintances. Too friendly and far too jolly, that's me. So, when you go in for the high five, and it fails miserably, you don't half look... View post Apps For Everything I have a really rubbish cell, it doesn't have enough memory for anything more than the default Apps. Of course, it's not quite a Nokia 1011, but it may as well be. As someone that always had a PC, and... View post Volunteering It is perhaps fair to say that volunteering conjures up feelings of helping those in need or taking time out of your own life to give back to society, family or friends. However, what often goes unspoken is that to... View post Machine Parenting",,,"content-type: text/html; charset=utf-8
x-frame-options: SAMEORIGIN
content-encoding: gzip
connection: close
content-length: 2494","connection: close
content-encoding: gzip
content-length: 2494
content-type: text/html; charset=utf-8
x-frame-options: SAMEORIGIN",response_content_type_html security_header_x_frame_options_present,x_frame_options,,5,1,0,8738,0.06,0,path_crawl_page
20260504_211321,6c5464e418bf4715bc42b97ebc0540eb,path_analyze.form_depth_0,,0.0,,,,,,,,,,,0,0,0,0,0.0,0,path_candidate
20260504_211321,f9cc9542f7a84df4b0f6777804dc564b,path_analyze.page.depth_1,200,1638.724,,,"Reflected XSS with AngularJS sandbox escape without strings Reflected XSS with AngularJS sandbox escape without strings Back&nbsp;to&nbsp;lab&nbsp;description&nbsp; LAB Not solved Home | Open Sans - I love You Beam Ifriend | 08 April 2026 I never thought this could happen to me, but it has. You hear stories about people falling in love with inanimate objects and laugh at their &apos;weirdness&apos;, but now I fully understand what they&apos;ve been going through. In the days when fonts were limited I always shrugged off the boringness of Arial, I was a Comic Sans kind of girl. Then Comic started to get a really bad reputation, I didn&apos;t want to be left behind so I tried a few of the new ones. A brief dalliance with Lobster made me happy temporarily, but couldn&apos;t stay the course. Oswald was lovely, all sophisticated and tall, but became a bit dull over time. I wrestled with the impact I was trying to make on the world. Pacifico was so romantic and dreamy, but I couldn&apos;t settle for a dreamer when there was work to be done. I tried to embrace my individuality and had a reasonably long-term relationship with Georgia, she was quite plain but always reliable, but New Baskerville blew me away with its sense of adventure and &apos;je ne sais quoi&apos;. I realized I couldn&apos;t keep changing my fonts like this, I needed to settle down and find a future with something new. Along came Open Sans, my first impressions weren&apos;t great. Over time I came to love the simpleness of Open, I&apos;d previously been looking for something exciting, but Open has it all. Others might think Open is the plain Jane of the font world, but I see so much more. Clean lines, no ambiguity, always right, well presented at all times. And with me as the driving force behind Open, we have fun and lots of it. I now know that Open and I have a bright future together, I can type our words of love and carry them with me wherever I go. Always together, never apart, we go hand in hand and communicate to the world as one. There&apos;s no going back for me, the others were just trial runs, Open Sans is the real deal and I will never go back to how my life was before. Comments Mick Mouse | 19 April 2026 Could you do a blog in two parts like a cliff hanger? I need some excitement in my life. Leave a comment Comment:",,,"content-type: text/html; charset=utf-8
x-frame-options: SAMEORIGIN
content-encoding: gzip
connection: close
content-length: 2473","connection: close
content-encoding: gzip
content-length: 2473
content-type: text/html; charset=utf-8
x-frame-options: SAMEORIGIN",response_content_type_html security_header_x_frame_options_present,x_frame_options,,5,1,0,6860,0.06,0,path_crawl_page
20260504_211321,4d7bba1e02af48fc9e82b14338addfc0,path_analyze.page.depth_1,200,1635.736,,,"Reflected XSS with AngularJS sandbox escape without strings Reflected XSS with AngularJS sandbox escape without strings Back&nbsp;to&nbsp;lab&nbsp;description&nbsp; LAB Not solved Home | Failing The High Five - And More Nat Itoode | 10 April 2026 I&apos;m one of those awkward people who shouldn&apos;t spend so much time talking to strangers/acquaintances. Too friendly and far too jolly, that&apos;s me. So, when you go in for the high five, and it fails miserably, you don&apos;t half look an idiot. It&apos;s worse if you&apos;re chortling when you do it, then you&apos;re not sure what to do with your face, hands, voice, and every hair on your head. Laughing when you talk is a sure sign of awkwardness, or a self-awareness you really aren&apos;t very funny. So, you&apos;re trying to indicate what you&apos;re saying is funny, and the other person should laugh. Like the failed high five, there is the &apos;<token>&apos;<token>&apos;, where they may or may not be within easy earshot. This one is very embarrassing, especially if you are in company. As they drift past, oblivious to your sophisticated repartee, you&apos;re still making that fake laughing sound as you turn to your companion. Your companion is probably more embarrassed than you, they are tarred with the same brush by association. It all just feels a bit awkward. The trouble with listening to everyone else&apos;s conversations is, they don&apos;t often realize you are. When you butt in with, &apos;I&apos;m Sorry but I couldn&apos;t help overhearing&apos;, they&apos;re so busy staring at you, and wondering who the nosey bod is, they will have lost the gist of pretty much everything you said. Again, you are left with what I like to call the &apos;after face&apos;, slightly crumpled, fading smile, with choking sounds. The moral of this story is. Gemma is a wally, don&apos;t be like Gemma. Comments Dean N&apos;Mean | 12 April 2026 My mum said I can&apos;t go over until I&apos;ve tidied my room. Daisy Chain | 21 April 2026 Can you add Lemon to Strawberry sorbet? Bill Please | 22 April 2026 I listen to your blog as I do my daily run. 2 miles a day. I&apos;m miles from my house now.",,,"content-type: text/html; charset=utf-8
x-frame-options: SAMEORIGIN
content-encoding: gzip
connection: close
content-length: 2569","connection: close
content-encoding: gzip
content-length: 2569
content-type: text/html; charset=utf-8
x-frame-options: SAMEORIGIN",response_content_type_html security_header_x_frame_options_present,x_frame_options,,5,1,0,8289,0.06,0,path_crawl_page
20260504_211321,768218fbf3b341ea8cd70607951e1290,path_analyze.page.depth_1,200,1696.463,,,"Reflected XSS with AngularJS sandbox escape without strings Reflected XSS with AngularJS sandbox escape without strings Back&nbsp;to&nbsp;lab&nbsp;description&nbsp; LAB Not solved Home | Wedding Bells Peg Up | 18 April 2026 There&apos;s a new craze that is crazier than the craziest crazes so far - in my opinion. This is the one where a couple fall in love, get engaged, then invite their family and friends to pay for the wedding. What could possibly go wrong? Pretty much everything can go wrong. To start with the assumption is that the guests would have stumped up a reasonable amount of money on a gift in the first place. The theory, replace that gift with money. Money paid in advance of the reception so that it can be booked and paid for ready for the big day. I&apos;m guessing the only person happy about this set up would be the Father of the bride who has always been expected to dig deep to send off his one and only beloved daughter. Fast forward to social media groups. &apos;My best friend is getting married and wants us to contribute to the cost of the wedding. I think this is really rude, what do y&apos;all think?&apos; Here follows 500 opinions until admin finally turns off comments. The general consensus is less than romantic, as strangers suggest the relationship might break down, and then you&apos;re out of pocket having already contributed to the non-refundable sandwiches and sparkle. Should this plan actually make it to the table, can you imagine the chaos at the buffet as everyone rushes forward to get their money&apos;s worth? Aunt Val insists on taking the table decorations home with her, and Uncle Ross fills his pockets with the complimentary mints at the front desk. If you let people pay for stuff, they then have the right to complain. About everything. And complain they will. Normally civilized people will become feral as they expect their $50 contribution to provide them with something a little fancier than a single serving of doughnuts, instead of a nice slab of wedding cake. Blame Cousin Eve, she only paid in $5, something had to give. Soon the whispering will begin, &apos;how much did you put in?&apos; Followed by, &apos;I heard Val only donated $5, she should not be allowed to have anything to eat.&apos; Resentment will grow. Relatives will fall out and probably never speak to each other again, until the next family gathering at least. If you want the wedding of your dreams, save up like the rest of us and pay for it yourself. Comments Phil MaChartin | 22 April 2026",redirect_hint,,"content-type: text/html; charset=utf-8
x-frame-options: SAMEORIGIN
content-encoding: gzip
connection: close
content-length: 2872","connection: close
content-encoding: gzip
content-length: 2872
content-type: text/html; charset=utf-8
x-frame-options: SAMEORIGIN",response_content_type_html security_header_x_frame_options_present,x_frame_options,,5,1,0,8585,0.06,0,path_crawl_page
20260504_211321,1df58ce05d9544f9aadb1c4bb62f80a9,path_analyze.page.depth_1,200,1741.006,,,"Reflected XSS with AngularJS sandbox escape without strings Reflected XSS with AngularJS sandbox escape without strings Back&nbsp;to&nbsp;lab&nbsp;description&nbsp; LAB Not solved Home | Apps For Everything Paul Amuscle | 11 April 2026 I have a really rubbish cell, it doesn&apos;t have enough memory for anything more than the default Apps. Of course, it&apos;s not quite a Nokia 1011, but it may as well be. As someone that always had a PC, and was on the internet in 1997, now it&apos;s me that is feeling left behind. You see, what happens is when anything becomes popular and mainstream they take everything else away. Speaking to humans in customer service for a start. If I&apos;m having internet issues and can&apos;t get online that recorded message telling me to &apos;go to www dot&apos;&apos; is just plain infuriating. Yes, I will respond, out loud, that if I could do that I wouldn&apos;t be phoning in the first place. I read about a young man who left his home fewer than ten times in seven years, he spent his life in isolation playing video games. I&apos;m happy to report he sought help and has created a delightful, old-fashioned board game to help others. All you need is a pen and piece of paper. I was thinking this is what we need in the world, back to basics, then someone turns around and says they are planning on making it into an App! Irony much? Cells do just about everything now. As things become automated and machines save time and money, queuing to check in at an airport is a thing of the past, or is it? It should all run smoothly, and it would if they didn&apos;t put the instructions in one language only, and it happens to be the language you don&apos;t speak. &apos;Madam your boarding card is on your cell.&apos; &apos;ER, no it isn&apos;t.&apos; I need paper, I need a thin card, I need human contact if I&apos;m ever going to get through check-in stress-free. &apos;Do you accept cards?&apos; I ask, &apos;Oh Madam, we only take Apple payments.&apos; &apos;Cash?&apos; &apos;No Madam, just Apple payments.&apos; And yet when I returned with a kilo of apples I still couldn&apos;t purchase my, &apos;Double Ristretto Venti Half-Soy Nonfat Decaf Organic Chocolate Brownie Iced Vanilla Double-Shot Gingerbread Frappuccino Extra Hot With Foam Whipped Cream Upside Down Double Blended, One Sweet&apos;N Low and One Nutrasweet, and Ice!&apos; The most useful function on my cell, other being able to make calls, is the alarm clock. But I do want to have more Apps. I want to be able to reply in the positive when I&apos;m asked, &apos;Are you on?&apos;, &apos;Do you have?&apos; Facebook, YouTube, Messenger, Google search, Google maps, Instagram, Snapchat, Google Play, Gmail and Pandora Radio - to name but a few. And why do I wan",,,"content-type: text/html; charset=utf-8
x-frame-options: SAMEORIGIN
content-encoding: gzip
connection: close
content-length: 2781","connection: close
content-encoding: gzip
content-length: 2781
content-type: text/html; charset=utf-8
x-frame-options: SAMEORIGIN",response_content_type_html security_header_x_frame_options_present,x_frame_options,,5,1,0,7459,0.06,0,path_crawl_page
20260504_211321,2b9d4ec5c5df4d11b2208c61c757e5a3,path_analyze.page.depth_1,200,1731.383,,,"Reflected XSS with AngularJS sandbox escape without strings Reflected XSS with AngularJS sandbox escape without strings Back&nbsp;to&nbsp;lab&nbsp;description&nbsp; LAB Not solved Home | Volunteering Grant Anuncle | 11 April 2026 It is perhaps fair to say that volunteering conjures up feelings of helping those in need or taking time out of your own life to give back to society, family or friends. However, what often goes unspoken is that to many, volunteering means unpaid labour. The lines have been blurred in recent years with graduates forced to do endless apprenticeships and internships for &apos;experience&apos;, but many corporations are just using those desperate to work in certain fields for free graft, because grubby students will fall for anything after all. It feels that there is a certain stigma attached to the word volunteering among some people. As much as we probably hate to admit it, the word doesn&apos;t evoke much excitement and truthfully, many people are put off by it. In turbulent times, there is a tend to lean more towards safe guarding our own wellbeing, but whatever the negative connotations, volunteering benefits absolutely everyone involved. If you&apos;re thinking of a new hobby or just dusting off the yoga mat to start up an old one, have a think about whether you&apos;d like to volunteer. The selfless deed of volunteering is the first great reason to be excited about it. Secondly, it has been proven to help people meet new friends, combat anxiety and depression, stimulate your mind and even advance your career. You never know what you&apos;re going to get out of volunteering, and the best thing about it is that it&apos;s entirely within your own control. You can decide how much or how little you do. In a world where Tinder lets you pick and choose people at break neck speed, maybe taking a step back into real life to make some organic connections is what you&apos;re after. Perhaps that nagging voice of wanting to snap at your boss and or children is getting even louder and you want a positive way to release stress, volunteering could be the thing to clear your head. Volunteering is also an ideal avenue to practice and improve relationship skills, be it personal or professional. You&apos;ll discover that regularly meeting with people with similar interests and beliefs will lead to easier conversations about shared interests, or possibly pet peeves depending on your attachment to that person! There is also much to be said about volunteering as a family, showing your kids how rewarding it is to give back to people and a community will improve their mental health and outlook on life. Or, maybe you need to get your partner off the sofa and into something mindfully stimulating more often. Whatever your reason, there is n",,,"content-type: text/html; charset=utf-8
x-frame-options: SAMEORIGIN
content-encoding: gzip
connection: close
content-length: 2916","connection: close
content-encoding: gzip
content-length: 2916
content-type: text/html; charset=utf-8
x-frame-options: SAMEORIGIN",response_content_type_html security_header_x_frame_options_present,x_frame_options,,5,1,0,8442,0.06,0,path_crawl_page
20260504_211321,087774bcb92c4c8f92cbcbf7e4ca5408,path_analyze.page.depth_1,200,1809.85,,,"Reflected XSS with AngularJS sandbox escape without strings Reflected XSS with AngularJS sandbox escape without strings Back&nbsp;to&nbsp;lab&nbsp;description&nbsp; LAB Not solved Home | Awkward Breakups Shay Bail | 06 April 2026 Tis better to have loved and lost than to never to have loved at all? A beautiful thought, but maybe Tennyson never had to go around his exe&apos;s house to collect his parchment and quills after an awkward break up. I concede there are amicable breakups where both parties mutually agree that they&apos;re better off apart. But the real headline makers are the ones that are like pulling teeth. Returning possessions, angry messages and probably worst of all - finances. When it comes to money, settling mortgages and other similar affairs can get very tense. But, after a break up, the real vindictiveness in people can come out. It isn&apos;t always the huge financial ties that become a messy business, it&apos;s the petty ones. Perhaps you&apos;re after some debt that&apos;s owed, you send a polite message requesting that said ex returns the funds at their earliest convenience, but you get a itemised bill in response. &apos;Well, don&apos;t forget I drove you about or that sandwich I bought you last year.&apos; Suddenly every tiny transaction can come back to haunt you. Pettiness can rear its ugly head. The same can be said for handing back an exe&apos;s possessions. Maybe there&apos;s a slight scuff on the book you borrowed, is that a scratch on the DVD? Without sounding rude, it&apos;s important to try and suggest to the person that you&apos;re fairly certain they didn&apos;t carry out an inventory on every single thing they leant you. And anyway, even if you did get a small scratch on their book, use the age old excuse &apos;It was like that when I borrowed it.&apos; The possible worst thing you could have done, aside from whatever it was that caused such an awkward split of course, is to lose something of theirs. Now, this can range from something menial like a pen, to something quite dear to them, let&apos;s say, a cat. You could always go full Meet the Parents Ben Stiller style and spray a different cat to look like theirs but you&apos;ll probably be found out. It&apos;s also important to draw distinctions between what might be worth getting away with after a break up. Trying to keep slyly using their Netflix account? Go for it. Sending hate mail? Not so good. The most important thing is to remember that it will be an awkward encounter. As human beings we always strive to find a way for things to be easier, but in this instance, we have to accept that it&apos;s going to be an unpleasant reunion. Just remind yourself that it will all be over soon, get your things, return theirs and get out. Be polite, but don&apos;t",redirect_hint,,"content-type: text/html; charset=utf-8
x-frame-options: SAMEORIGIN
content-encoding: gzip
connection: close
content-length: 3107","connection: close
content-encoding: gzip
content-length: 3107
content-type: text/html; charset=utf-8
x-frame-options: SAMEORIGIN",response_content_type_html security_header_x_frame_options_present,x_frame_options,,5,1,0,9170,0.06,0,path_crawl_page
20260504_211321,e1874c58ba0f4906b8639bd281628ef3,path_analyze.page.depth_1,200,1800.762,,,"Reflected XSS with AngularJS sandbox escape without strings Reflected XSS with AngularJS sandbox escape without strings Back&nbsp;to&nbsp;lab&nbsp;description&nbsp; LAB Not solved Home | Machine Parenting Jack Support | 15 April 2026 It has finally happened. The progression from using TV&apos;s and tablets as a babysitter for your kids has evolved. Meet the droids, the 21st Century Machine Parenting bots who look just like mom and dad. Moving kids away from staring vacantly at screens has been a source of debate for many years now. So, Android specialists trialled a new machine parent who will interact with the kids. While real mom and dad are doing what needs to be done they can rest assured mom and dad bot will always put the kids first. Superior, and never used before, technology has enabled the bots to feel human emotions, hugs and kisses will be plenty, as will genuine empathy. Your child can have the closeness of a parent at all times without them ever having to be in the same room with them. The machine parent will do the hard work so parents don&apos;t have to. This revolutionary concept has come under plenty of criticism, especially among child psychologists. Dr. Damian Bridge told us, &apos;making parent roles redundant will cause long-term damage for children when forming loving relationships.&apos; John Wright from People First and Foremost disagreed, &apos;This constant attention and loving reassurance could have the opposite effect. The bots are programmed to have 100% patience and understanding, they cannot lose their temper, nag, or make a child cry. This surely will create a more balanced human race of tolerating and loving individuals.&apos; And what do the parents have to say? Mostly they are all for it. 70% of parents approached said they would like to get their lives back as they had no idea how horrid parenting would be. They mostly all agree they have forgotten what it is like to feel human themselves. Lack of sleep and constant demands for their attention has transformed them into shouty, angry, frustrated people. They no longer recognize themselves as the couple who fell in love and dreamed of having babies together. Most agree they pretty much hate each other now. Moving forward the general consensus is most parents would sell all their belongings and use their life savings to acquire one of these Machine Parents. We can only wait, watch, and see how the next generation turns out. Will they be better parents to their own kids, or will the fashion to outsource parenting continue? Comments Andy Tool | 20 April",redirect_hint,,"content-type: text/html; charset=utf-8
x-frame-options: SAMEORIGIN
content-encoding: gzip
connection: close
content-length: 2665","connection: close
content-encoding: gzip
content-length: 2665
content-type: text/html; charset=utf-8
x-frame-options: SAMEORIGIN",response_content_type_html security_header_x_frame_options_present,x_frame_options,,5,1,0,7293,0.06,0,path_crawl_page
20260504_211321,bfec6c8b82bc42fbaddd259b6b5f2b69,path_analyze.page.depth_1,200,1807.73,,,"Reflected XSS with AngularJS sandbox escape without strings Reflected XSS with AngularJS sandbox escape without strings Back&nbsp;to&nbsp;lab&nbsp;description&nbsp; LAB Not solved Home | A Perfect World Jack Ache | 09 April 2026 As the fight against crime is failing miserably there have been reports leaked from a Government agency that cloning is becoming a serious consideration. Experiments are being held in a secret location off the North Coast of California. A group of volunteers is being tested for &apos;perfectness&apos;. Initially, three thousand people who have never come up against the law were invited to complete a series of psychometric tests. Those who passed with flying colors then advanced to the next stage of selection. Finally, around three hundred people were bussed out to the secret location for more intense testing. It is believed the test group is now undergoing much more rigorous testing in ethics, morality, and general good behavior. Once the final selection has been made one perfect male, and one perfect female will have their DNA extracted with the intention of using it for all future pregnancies throughout the world. A Perfect world filled with cloned humans may eliminate some of the negative impact people have on this earth, but what kind of world would this be like to live in? We&apos;re guessing it would be life imitating art in the form of &apos;The Truman Show&apos;. No matter how hard they try to create this perfect societal bubble there will always be one bad apple in the barrel. And lest we forget, Adam &amp; Eve were created as perfect, unblemished humans. Just chuck a snake into the equation and we all know what is going to happen. What would couples ever have to fight about? Houses would be sparkling clean, the dishes would always be washed, and nothing could ever be blamed on Mr. Nobody. There&apos;d be no spark in any aspect of our lives. No-one to hate, no-one to moan about, gossip about, feel superior to, and generally vent your spleen at. We would all die of boredom quite quickly and then we&apos;d have no world to worry about. Comments Peg Up | 11 April 2026 I can&apos;t say I&apos;m surprised you wrote this. Sandy Pants | 12 April 2026 I&apos;m just here to read the comments.",redirect_hint,,"content-type: text/html; charset=utf-8
x-frame-options: SAMEORIGIN
content-encoding: gzip
connection: close
content-length: 2672","connection: close
content-encoding: gzip
content-length: 2672
content-type: text/html; charset=utf-8
x-frame-options: SAMEORIGIN",response_content_type_html security_header_x_frame_options_present,x_frame_options,,5,1,0,8426,0.06,0,path_crawl_page
20260504_211321,43e92131f0a04a25b0a2d1d46585fe90,path_analyze.page.depth_1,200,1756.614,,,"Reflected XSS with AngularJS sandbox escape without strings Reflected XSS with AngularJS sandbox escape without strings Back&nbsp;to&nbsp;lab&nbsp;description&nbsp; LAB Not solved Home | The Peopleless Circus Schmidt Happens | 16 April 2026 When the leaflet dropped through my letterbox I thought it was a joke. The Peopleless Circus was in town. At the risk of sounding like a negative Nancy, I couldn&apos;t help thinking what is the world coming to. I&apos;m not keen on all these plans for driverless, or driver assisted, vehicles mostly from a safety aspect. But what on earth would a peopleless circus consist of? Of course, I had to go, curiosity killed the cat and all that. On arrival, you&apos;d be forgiven for thinking it was the same as any other circus, nice stripey big top and the aroma of candyfloss. But on entering the tent things couldn&apos;t have been more different. An android greeted me with a refreshments tray, I was asked to insert my ticket into its mouth and was offered &apos;a nice cup of java&apos;. Java seemed an odd word to be programmed into the droid; I would have expected, skinny decaf latte, cappa, or any number of coffees now available in popular outlets. To be honest with the technology I expected I should have been able to choose my own beans and watch the droid grind them. I took my seat, front row no less, and among an excited throng of people anticipated what would happen next. The lights dimmed, the audience hushed, and into the ring trotted a horse, not a real horse, a huge wooden horse - not dissimilar in size and appearance to the Trojan horse of Troy - with an aerial attached to its backend. A green light appeared at the tip of the aerial and tiny doors flew open as hundreds of remote-controlled bugs swarmed the ring. That was pretty scary, much more terrifying than lions and tigers. The really clever part came as the bugs snapped together like lego and formed a network of tunnels. It all seemed to be going pretty well. The acrobats were enchanting. The clowns didn&apos;t put a foot wrong. But then things took a turn for the worse. With a hiss, bang and a whizz everything suddenly went dark. I can tell you a robotic tiger is just as scary, if not scarier, as a real Tiger on the loose. At least you can reason, up to a point, with a real tiger, chuck a leg of lamb its way or something. All hell broke loose. Androids were trying to take control of the situation, but they had short-circuited as well. Coffee cups were flying all over the place, people panicked and were trying to run to the back door, and the giant wooden horse was rearing up and crushing everything in its path. I spotted a chink of light under the canvas and made my escape. After a good hard think, a big mug of cocoa, and a",redirect_hint,,"content-type: text/html; charset=utf-8
x-frame-options: SAMEORIGIN
content-encoding: gzip
connection: close
content-length: 3110","connection: close
content-encoding: gzip
content-length: 3110
content-type: text/html; charset=utf-8
x-frame-options: SAMEORIGIN",response_content_type_html security_header_x_frame_options_present,x_frame_options,,5,1,0,9049,0.06,0,path_crawl_page
20260504_211321,03f8d7335c074ce5be25ea6a66cc96ed,path_analyze.page.depth_1,200,1760.558,,,"Reflected XSS with AngularJS sandbox escape without strings Reflected XSS with AngularJS sandbox escape without strings Back&nbsp;to&nbsp;lab&nbsp;description&nbsp; LAB Not solved Home | Passwords Paul Totherone | 19 April 2026 There are three types of password users in the world; those who remember them, those who don&apos;t, and those who write them down. Those who don&apos;t remember them, but don&apos;t write them down tend to use the same passwords for every site they need to log in to. We are told this is not great for our online security, they break one and they have them all. I&apos;m not sure they&apos;d want to fraudulently purchase goods from the sites I&apos;m signed up to unless they can&apos;t afford to buy their own dog food or they want to know how to make a vegan mousse. If we have different passwords for everything then we are forced to write them down, then you just need to add one burglar and one PC and your online banking and card details are there for them in one neat little package. I&apos;ve tried hiding the book, but couldn&apos;t remember where, let&apos;s face it, it&apos;s always going to be in the vicinity of the home computer or they&apos;d be no point having it. Cellphones and tablets now have this smart technology where you can use fingerprint or eyeball recognition. These do not sit well with me. Firstly, I like to keep my screen clean, and therefore don&apos;t want to add extra smudges every time I need to wake it up from its premature sleep that there seem to be no settings to change. Secondly, I don&apos;t want to be sitting in a bar staring into my cell&apos;s camera, everyone will think I&apos;m taking a close up selfie of my eyeball. Or I&apos;m just a little bit odd. The worst thing about setting passwords is how secretive the companies are about what they&apos;d like from you. You happily enter the password you use for everything, a pop up tells you you need to have at least one upper case letter. Why don&apos;t they list their requirements in advance? It doesn&apos;t stop there, pop-ups all over the place; one special character, 2 numbers, the first number you thought of take away 6, get the idea? So you now have this complicated password you will never remember as it doesn&apos;t include your dog&apos;s name or your child&apos;s date of birth. I&apos;ve been caught out in this way, this is when I will reach for my pen and notepad and write the alien password in the incorrect order using a code I&apos;ve only just made up. When I have then gone to use the password again in three months time I don&apos;t remember the code. At least I know the login details for my online banking are secure, I can&apos;t even get that right most of the time. If I don&apos;t use",,,"content-type: text/html; charset=utf-8
x-frame-options: SAMEORIGIN
content-encoding: gzip
connection: close
content-length: 2879","connection: close
content-encoding: gzip
content-length: 2879
content-type: text/html; charset=utf-8
x-frame-options: SAMEORIGIN",response_content_type_html security_header_x_frame_options_present,x_frame_options,,5,1,0,8657,0.06,0,path_crawl_page
20260504_211321,0871c18a155c424a9b991db6c37ddc18,path_analyze.form_depth_1,,0.0,,,,,,,,,,,0,0,0,0,0.0,1,path_candidate
20260504_211321,2b7a9804d0d94fa696d86f50922d98f7,path_analyze.form_depth_1,,0.0,,,,,,,,,,,0,0,0,0,0.0,1,path_candidate
20260504_211321,4af84b875e914ddb9c5c657d6c8cb534,path_analyze.form_depth_1,,0.0,,,,,,,,,,,0,0,0,0,0.0,1,path_candidate
20260504_211321,f141973d75f74086a6479b54170adb18,path_analyze.form_depth_1,,0.0,,,,,,,,,,,0,0,0,0,0.0,1,path_candidate
20260504_211321,dd876d084d5c489a913372c40ba3bf80,path_analyze.form_depth_1,,0.0,,,,,,,,,,,0,0,0,0,0.0,1,path_candidate
20260504_211321,43213f4c90cb47d5aa6f45b8e6dff24b,path_analyze.form_depth_1,,0.0,,,,,,,,,,,0,0,0,0,0.0,1,path_candidate
20260504_211321,8b0880ebe72349839e71755910ef0afb,path_analyze.form_depth_1,,0.0,,,,,,,,,,,0,0,0,0,0.0,1,path_candidate
20260504_211321,e2d73c3cf82a46f087b51b929c130866,path_analyze.form_depth_1,,0.0,,,,,,,,,,,0,0,0,0,0.0,1,path_candidate
20260504_211321,d4f2cb759f934dd1a3a13954967927a0,path_analyze.form_depth_1,,0.0,,,,,,,,,,,0,0,0,0,0.0,1,path_candidate
20260504_211321,5530bd38ac3b4182b7c08c57e09a3945,path_analyze.form_depth_1,,0.0,,,,,,,,,,,0,0,0,0,0.0,1,path_candidate
20260504_220724,e0dbf366d26e4c1f88b3dc75cada55c8,recon.track_redirects,200,665.312,,,"Reflected XSS with AngularJS sandbox escape without strings Reflected XSS with AngularJS sandbox escape without strings Back&nbsp;to&nbsp;lab&nbsp;description&nbsp; LAB Not solved Home | Search Look No Hands - The Game Plays Itself I was so fed up with my husband always sitting in front of the television playing his silly games, I did something about it. I came up with an idea that would revolutionize game playing in the future. I wrote... View post Tracking Your Kids It's not Big Brother who's watching you, it's your folks! The first generation of datafied children is hitting the streets. What does this mean? Basically, we know where they are, where they've been and when they were last 'live' on... View post The Lies People Tell The best kind of lies are the ones you overhear other people telling. You know they are lying because you're standing in a bar when you hear them on the phone saying, 'I'm in the grocery store.' At times like... View post Open Sans - I love You I never thought this could happen to me, but it has. You hear stories about people falling in love with inanimate objects and laugh at their 'weirdness', but now I fully understand what they've been going through. View post Hobbies Hobbies are a massive benefit to people in this day and age, mainly due to the distractions they bring. People can often switch off from work, stress and family for the duration of their hobbies. Maybe they're playing sports, knitting... View post The Hating Dating App I saw a headline the other day about the launch of a dating app that matches people based on the things they hate. I didn't read the article as I wanted to work out for myself how that could possibly... View post It's All in the Game - Football for Du",,,"content-type: text/html; charset=utf-8
x-frame-options: SAMEORIGIN
content-encoding: gzip
content-length: 2468","content-encoding: gzip
content-length: 2468
content-type: text/html; charset=utf-8
x-frame-options: SAMEORIGIN",response_content_type_html security_header_x_frame_options_present,x_frame_options,,4,1,0,8794,0.06,1,passive_trace
20260504_220724,d9bb8bfbf41f4112a5635b42557455cd,recon.response_analysis,,0.0,,,,,,,,,,,0,0,0,0,0.0,0,response_analysis
20260504_220724,5eb4e2901bf04af8ad9edc1ca4b788b4,path_analyze.page.depth_0,200,753.21,,,"Reflected XSS with AngularJS sandbox escape without strings Reflected XSS with AngularJS sandbox escape without strings Back&nbsp;to&nbsp;lab&nbsp;description&nbsp; LAB Not solved Home | Search Look No Hands - The Game Plays Itself I was so fed up with my husband always sitting in front of the television playing his silly games, I did something about it. I came up with an idea that would revolutionize game playing in the future. I wrote... View post Tracking Your Kids It's not Big Brother who's watching you, it's your folks! The first generation of datafied children is hitting the streets. What does this mean? Basically, we know where they are, where they've been and when they were last 'live' on... View post The Lies People Tell The best kind of lies are the ones you overhear other people telling. You know they are lying because you're standing in a bar when you hear them on the phone saying, 'I'm in the grocery store.' At times like... View post Open Sans - I love You I never thought this could happen to me, but it has. You hear stories about people falling in love with inanimate objects and laugh at their 'weirdness', but now I fully understand what they've been going through. View post Hobbies Hobbies are a massive benefit to people in this day and age, mainly due to the distractions they bring. People can often switch off from work, stress and family for the duration of their hobbies. Maybe they're playing sports, knitting... View post The Hating Dating App I saw a headline the other day about the launch of a dating app that matches people based on the things they hate. I didn't read the article as I wanted to work out for myself how that could possibly... View post It's All in the Game - Football for Du",,,"content-type: text/html; charset=utf-8
x-frame-options: SAMEORIGIN
content-encoding: gzip
connection: close
content-length: 2468","connection: close
content-encoding: gzip
content-length: 2468
content-type: text/html; charset=utf-8
x-frame-options: SAMEORIGIN",response_content_type_html security_header_x_frame_options_present,x_frame_options,,5,1,0,8794,0.06,0,path_crawl_page
20260504_220724,f46325821cfa45f5a9c1ea5d93f95a50,path_analyze.form_depth_0,,0.0,,,,,,,,,,,0,0,0,0,0.0,0,path_candidate
20260504_220724,2b340f1497f845dc9256f58a6996fec0,path_analyze.page.depth_1,200,747.612,,,"Reflected XSS with AngularJS sandbox escape without strings Reflected XSS with AngularJS sandbox escape without strings Back&nbsp;to&nbsp;lab&nbsp;description&nbsp; LAB Not solved Home | The Hating Dating App Tenn O&apos;Clock | 15 April 2026 I saw a headline the other day about the launch of a dating app that matches people based on the things they hate. I didn&apos;t read the article as I wanted to work out for myself how that could possibly pan out. So this must mean making a list (and checking it twice) of all the things you hate. The algorithm will weave its magic and match you with someone who hates the majority of things you hate. In principle, this seems like a pretty good idea. But hating the same things doesn&apos;t necessarily mean you like all the same things. Hate is a pretty strong word. The more I think about it, the scarier I find the notion of hating nearly all of the same things as my partner. I hate sloppy service, I could sit with steam coming out of my ears through an entire meal. My partner is more laid back, he can suggest we let it go, the food is nice, and maybe we just won&apos;t go back. Now, if we both hated sloppy service you can imagine us both steaming over the meal until one of us lets go at the member of staff waiting on us. Demanding to speak to management, spoiling things for everyone around us, making the poor waiting staff cry, pure carnage could ensue. What happens with us is I listen to his point of view and then scream at him all the way home about how he tipped sloppy service. If you hate the same things who is going to eat your olives? I&apos;d never get the extra rectangle of butter for my rolls. And you could never have the anchovies and pineapple on pizza debates. It&apos;s not just about food either, that&apos;s the tip of the iceberg. The satisfaction you get as a couple when the other one has to concede and you take it in turns to choose which films to watch. Without compromise, everything would be just too damn boring, too easy, and too dull. Comments Dan Wefixit | 18 April 2026 I&apos;ve just caught my wife cheating and can&apos;t afford therapy. Any incoming adultery blogs? Sam Pit | 24 April 2026 Your post has made me change all of my life goals. Every word is so inspirational it makes me want to stop fantasizing about becoming President of the US.",,,"content-type: text/html; charset=utf-8
x-frame-options: SAMEORIGIN
content-encoding: gzip
connection: close
content-length: 2603","connection: close
content-encoding: gzip
content-length: 2603
content-type: text/html; charset=utf-8
x-frame-options: SAMEORIGIN",response_content_type_html security_header_x_frame_options_present,x_frame_options,,5,1,0,7987,0.06,0,path_crawl_page
20260504_220724,36539d877294441d98bb236952bcbc43,path_analyze.page.depth_1,200,752.901,,,"Reflected XSS with AngularJS sandbox escape without strings Reflected XSS with AngularJS sandbox escape without strings Back&nbsp;to&nbsp;lab&nbsp;description&nbsp; LAB Not solved Home | Open Sans - I love You O. Lala | 12 April 2026 I never thought this could happen to me, but it has. You hear stories about people falling in love with inanimate objects and laugh at their &apos;weirdness&apos;, but now I fully understand what they&apos;ve been going through. In the days when fonts were limited I always shrugged off the boringness of Arial, I was a Comic Sans kind of girl. Then Comic started to get a really bad reputation, I didn&apos;t want to be left behind so I tried a few of the new ones. A brief dalliance with Lobster made me happy temporarily, but couldn&apos;t stay the course. Oswald was lovely, all sophisticated and tall, but became a bit dull over time. I wrestled with the impact I was trying to make on the world. Pacifico was so romantic and dreamy, but I couldn&apos;t settle for a dreamer when there was work to be done. I tried to embrace my individuality and had a reasonably long-term relationship with Georgia, she was quite plain but always reliable, but New Baskerville blew me away with its sense of adventure and &apos;je ne sais quoi&apos;. I realized I couldn&apos;t keep changing my fonts like this, I needed to settle down and find a future with something new. Along came Open Sans, my first impressions weren&apos;t great. Over time I came to love the simpleness of Open, I&apos;d previously been looking for something exciting, but Open has it all. Others might think Open is the plain Jane of the font world, but I see so much more. Clean lines, no ambiguity, always right, well presented at all times. And with me as the driving force behind Open, we have fun and lots of it. I now know that Open and I have a bright future together, I can type our words of love and carry them with me wherever I go. Always together, never apart, we go hand in hand and communicate to the world as one. There&apos;s no going back for me, the others were just trial runs, Open Sans is the real deal and I will never go back to how my life was before. Comments Ollie Ollie Ollie | 15 April 2026 I read a book once, but I&apos;d rather read stuff like this. Soph Far | 25 April 2026 I cannot believe how many people disagree on the internet!",,,"content-type: text/html; charset=utf-8
x-frame-options: SAMEORIGIN
content-encoding: gzip
connection: close
content-length: 2645","connection: close
content-encoding: gzip
content-length: 2645
content-type: text/html; charset=utf-8
x-frame-options: SAMEORIGIN",response_content_type_html security_header_x_frame_options_present,x_frame_options,,5,1,0,8436,0.06,0,path_crawl_page
20260504_220724,6ebdce78662347519bcafc9bf930c3a1,path_analyze.page.depth_1,200,703.654,,,"Reflected XSS with AngularJS sandbox escape without strings Reflected XSS with AngularJS sandbox escape without strings Back&nbsp;to&nbsp;lab&nbsp;description&nbsp; LAB Not solved Home | The Reverse Bucket List Neil Beforeme | 18 April 2026 I have yet to create a bucket list, mainly because I&apos;m not very adventurous and don&apos;t want to do anything that will scare the pants off me. With my weekends wasting away with a huge dose of apathy and only a spoonful of activity, I felt it was time to try something new. I like to call it the Reverse Bucket List, doing things you think you should do, but don&apos;t really want to. The first class I signed up to was freefall yoga. I wasn&apos;t sure of the freefall part but I&apos;d seen great videos of people doing yoga in hammock type things and thought it would probably be a bit like that. At this point it&apos;s worth mentioning I hate yoga, I thought I&apos;d start with the things I hate the most and work up. Weeks of grueling body bending ensued and not a hammock in sight. The only falling taking place was when I tried to get out of bed in the mornings. Why would something that promotes suppleness and fitness leave you incapable of descending the stairs and leave you with the added inability to dress yourself as you can no longer lift your arms above your head? The day of certification was drawing close and there seemed to be great excitement among the group. We were rather oddly, I thought, asked to meet the following weekend at a local airfield. It was to be a weekend affair with swanky overnight accommodation and Canap&apos;s. On arrival, we were greeted with a glass of champagne and asked to change into our yoga gear. What followed next will haunt me until the day I die. If I didn&apos;t recognize my group and our yogini, I would have assumed I&apos;d turned up at the wrong venue and made my excuses. It is not unheard of for me to turn up at the wrong venue. At the end of a long weekend of parachute drills - which I assumed was all in aid of team building - we were led out to the airstrip and boarded a light aircraft. It was at this point I started to get a little suspicious. We were instructed to begin our descent in a Chakrasana position, double flip it, twist into a Trikonasana, and land in a Tadasana. Jumping from an airplane has never been on my Bucket List, and certainly not on my reverse bucket list. Despite my squealing protests, I was pushed forward until I was teetering on the edge of despair. Someone shouted, &apos;assume the pose&apos; as I flopped into a downward descent. There were poses, none of them yoga poses, I made a star jump as I floundered to find something to hold on to, nothing but air up there. I then passed out and miraculously landed on a l",redirect_hint,,"content-type: text/html; charset=utf-8
x-frame-options: SAMEORIGIN
content-encoding: gzip
connection: close
content-length: 3081","connection: close
content-encoding: gzip
content-length: 3081
content-type: text/html; charset=utf-8
x-frame-options: SAMEORIGIN",response_content_type_html security_header_x_frame_options_present,x_frame_options,,5,1,0,8824,0.06,0,path_crawl_page
20260504_220724,642a30cfd25c458691862b7ba6e7c652,path_analyze.page.depth_1,200,721.803,,,"Reflected XSS with AngularJS sandbox escape without strings Reflected XSS with AngularJS sandbox escape without strings Back&nbsp;to&nbsp;lab&nbsp;description&nbsp; LAB Not solved Home | Look No Hands - The Game Plays Itself Si Test | 07 April 2026 I was so fed up with my husband always sitting in front of the television playing his silly games, I did something about it. I came up with an idea that would revolutionize game playing in the future. I wrote letters to the top game designers with my idea. I was surprised and delighted by the positive response. Eventually, we received the prototype game in the post. This was the first ever self-playing video game. No more endless button bashing. No more arguments trying to get him out of his Barcalounger so he could help me with cooking dinner. His hands were finally free to do all the things I needed him to do. Before the game begins you have to take a personality test, this then creates an algorithm for gameplay. The game then becomes intuitive, running along making choices for the player, all he had to do was watch with his eyes, and keep his hands free for more important jobs. My husband&apos;s temper improved dramatically as he didn&apos;t have to repeat levels with angry button pressing, they repeated automatically. The game is so realistic, lives will be lost if it thinks you could have made the wrong choices. Based on the results of your personality test the game leads you along paths it is certain you would choose. The accuracy was astonishing. My husband even agreed they had worked him out a lot quicker than I did. When this goes to market I&apos;m pretty sure I&apos;ll be in the running for the Nobel peace prize. If it was based on votes from women I would win for sure. I can&apos;t understand how I could be the first to come up with this idea. It makes perfect sense to me. Now to invent something that gets him to put his laundry in the hamper. Comments Mary Christmas | 09 April 2026 I wrote 60,000 words of my novel and my computer died and I lost everything. Stu Pot | 14 April 2026 I print screened my friend&apos;s laptop and now he doesn&apos;t know why nothing is scrolling. Maybe I could find a better use of my time. Kareem",,,"content-type: text/html; charset=utf-8
x-frame-options: SAMEORIGIN
content-encoding: gzip
connection: close
content-length: 2557","connection: close
content-encoding: gzip
content-length: 2557
content-type: text/html; charset=utf-8
x-frame-options: SAMEORIGIN",response_content_type_html security_header_x_frame_options_present,x_frame_options,,5,1,0,7902,0.06,0,path_crawl_page
20260504_220724,bca654afbb8e43c19b8700b57173d47c,path_analyze.page.depth_1,200,797.845,,,"Reflected XSS with AngularJS sandbox escape without strings Reflected XSS with AngularJS sandbox escape without strings Back&nbsp;to&nbsp;lab&nbsp;description&nbsp; LAB Not solved Home | Do You Speak English? Roger That | 17 April 2026 It mega hurts me to admit this, but sometimes I have no idea what people are talking about. The language of youth and the language of the technical world leaves me completely stumped. Young people talk in abbreviations and use words that have opposite meanings. I didn&apos;t think &apos;sick&apos; was something positive when I was growing up. And can someone please explain how all my photos and documents are stored in a cloud? I wasn&apos;t very good at sciences but I know the only thing a cloud can store is rain. Cookies were something my grandmother used to bake on a Sunday afternoon. Now they have this magical power and we have to share them backward and forwards and they are never completely consumed. Grandma wouldn&apos;t have been popular if we&apos;d had to share cookies between us kids, anyone trying to take a bite out of mine would have had a clip round the ear. Getting through my first lesson using a computer nearly put me off for life. The first thing you do is boot it. People assume you know that that doesn&apos;t mean give it a kick. A boot is what I wear on a foot. If I put the boot in, or boot anything it has always meant give it a kick. My trainer was very angry, I can&apos;t work with angry people. After billing me so much money I thought I&apos;d better get something out of it, he then started defining every single word. And I mean EVERY single word. If an email hasn&apos;t been delivered why do they call it a bounceback? Bounceback has always been a very positive thing in my life. All the times I&apos;ve bounced back after being poorly, and all my pets they&apos;ve bounced back, and my children...all happily bouncing back. Not delivering an email is annoying, and very inconvenient, I can&apos;t see how they equate it with the bounce-back phrase. My son had a bit of a cold, one day he came running out of his room excitedly shouting, &apos;It&apos;s gone viral&apos;. I was reaching for the phone to make him an appointment with the doctor and to quickly start him on some antibiotics when he explained it was a video he&apos;d made that had gone viral. He was really pleased with himself. I was confused. If something goes viral it&apos;s really bad for you, bacterial infections can kill. Hardly a word worthy of cause for celebration I think. Young people think older people are useless, boring, have never been young themselves. They forget we taught them to speak, they learned their language from us. Did I laugh when they got it wrong? No, I didn&apos;t. I just wish they&apos;d",,,"content-type: text/html; charset=utf-8
x-frame-options: SAMEORIGIN
content-encoding: gzip
connection: close
content-length: 2850","connection: close
content-encoding: gzip
content-length: 2850
content-type: text/html; charset=utf-8
x-frame-options: SAMEORIGIN",response_content_type_html security_header_x_frame_options_present,x_frame_options,,5,1,0,8328,0.06,0,path_crawl_page
20260504_220724,6d78947e1c62401cbeafba2d3fae2d36,path_analyze.page.depth_1,200,766.746,,,"Reflected XSS with AngularJS sandbox escape without strings Reflected XSS with AngularJS sandbox escape without strings Back&nbsp;to&nbsp;lab&nbsp;description&nbsp; LAB Not solved Home | Tracking Your Kids Si Patch | 08 April 2026 It&apos;s not Big Brother who&apos;s watching you, it&apos;s your folks! The first generation of datafied children is hitting the streets. What does this mean? Basically, we know where they are, where they&apos;ve been and when they were last &apos;live&apos; on social media. My son passed through his &apos;going out&apos; years without being trackable. What a blessing that was I can tell you. To be honest, I don&apos;t want to know if he&apos;s traveling on the subway across New York at 2am, I really, really don&apos;t. When he first started going out I didn&apos;t sleep very well, and would only settle once he came in. Now, can you imagine if instead of tossing and turning in my comfortable bed, I was tracking his movements on my cell like a crazy woman? What happens to your heart rate when that little dot stops flashing just as he is in an area considered a bit dodgy? If you have been brought up as a Christian, it was only God who was Omniscient, now everyone is. No more little white lies about who&apos;s house you&apos;re going to as you sneak off to a party with the kids your parents don&apos;t approve of. Not only would I not have wanted my folks to know where I was every second of the day, what kind of person wants to stalk another person like that? Parental controls aren&apos;t just for the television, tracking is the real parental control. I wonder how many people in relationships have trackers for their partner on their phones. It used to be frowned upon to peek at your partner&apos;s messages when they were in the shower, now they can track you peeking at their messages with the secondary device they&apos;ve hidden in the toilet cistern for &apos;special occasions&apos;. The spy is being spied on, very confusing, nearly as confusing to me as time travel. Who is really spying on whom? Comments Paige Turner | 08 April 2026 I earned $3000 in one week. Let me show you how. Will Power | 03 May 2026 Can you pick up some milk on you way home plz. Love J xx Leave a comment",,,"content-type: text/html; charset=utf-8
x-frame-options: SAMEORIGIN
content-encoding: gzip
connection: close
content-length: 2427","connection: close
content-encoding: gzip
content-length: 2427
content-type: text/html; charset=utf-8
x-frame-options: SAMEORIGIN",response_content_type_html security_header_x_frame_options_present,x_frame_options,,5,1,0,7065,0.06,0,path_crawl_page
20260504_220724,bc766212ae3647bbbe0deee76f2426e4,path_analyze.page.depth_1,200,793.0,,,"Reflected XSS with AngularJS sandbox escape without strings Reflected XSS with AngularJS sandbox escape without strings Back&nbsp;to&nbsp;lab&nbsp;description&nbsp; LAB Not solved Home | The Lies People Tell Ivor Lemon | 11 April 2026 The best kind of lies are the ones you overhear other people telling. You know they are lying because you&apos;re standing in a bar when you hear them on the phone saying, &apos;I&apos;m in the grocery store.&apos; At times like this I have an overwhelming urge to run up to them, and loudly report their room is ready, or &apos;it&apos;s your round&apos;. For some people lying comes very easy. Some people will even tell a lie before they tell the truth. Once you&apos;re caught out in a lie it&apos;ll be hard for anyone to trust you again, so why do it? But then, what kind of place would the world be if we all told the truth? It would be a tough one I&apos;m sure. As an insecure, and overly sensitive person, I appreciate the lies, or comforting untruths people tell me. Getting a short haircut you really hate, which looks absolutely terrible, needs the words, &apos;I like your hair short&apos;, It means they like your hair short, but not at that precise moment. Very clever that one, and I&apos;m more than happy to take that. It is a useful tool for all responses, &apos;dresses really suit you&apos;, but clearly not the one you are wearing. The one that throws me is when someone says they like your crazy boots, and wish they had the courage to wear something like that. I then think other people are staring at me and I&apos;m wearing something totally inappropriate. Then you get the people who tell the truth, the whole truth, and nothing but the truth. These people scare me half to death. This is the only time I advocate the telling of lies, chuck them all my way, please. These people aren&apos;t even responding to questions, the last thing you want to do is ask these people any questions of a personal nature at all. They freely, without prompting, offer up their opinions about how you look, what you wear, and every word that comes out of your mouth. These people should be avoided at all costs if you ever want to leave the house again and not feel like a sack of potatoes, they are toxic to the very core. The moral of the story, if there is one, is about balance. What some people like to call, &apos;white lies&apos;. The gentle untruths that spare people&apos;s feelings, and make them happy, or happier than they were when you first ask them that potentially explosive question, &apos;Do you like my new boots?&apos; Comments Clive Started | 11 April 2026",redirect_hint,,"content-type: text/html; charset=utf-8
x-frame-options: SAMEORIGIN
content-encoding: gzip
connection: close
content-length: 2793","connection: close
content-encoding: gzip
content-length: 2793
content-type: text/html; charset=utf-8
x-frame-options: SAMEORIGIN",response_content_type_html security_header_x_frame_options_present,x_frame_options,,5,1,0,8892,0.06,0,path_crawl_page
20260504_220724,12980c68d9d946e49200ff812468315c,path_analyze.page.depth_1,200,781.373,,,"Reflected XSS with AngularJS sandbox escape without strings Reflected XSS with AngularJS sandbox escape without strings Back&nbsp;to&nbsp;lab&nbsp;description&nbsp; LAB Not solved Home | Passwords Freda Wales | 18 April 2026 There are three types of password users in the world; those who remember them, those who don&apos;t, and those who write them down. Those who don&apos;t remember them, but don&apos;t write them down tend to use the same passwords for every site they need to log in to. We are told this is not great for our online security, they break one and they have them all. I&apos;m not sure they&apos;d want to fraudulently purchase goods from the sites I&apos;m signed up to unless they can&apos;t afford to buy their own dog food or they want to know how to make a vegan mousse. If we have different passwords for everything then we are forced to write them down, then you just need to add one burglar and one PC and your online banking and card details are there for them in one neat little package. I&apos;ve tried hiding the book, but couldn&apos;t remember where, let&apos;s face it, it&apos;s always going to be in the vicinity of the home computer or they&apos;d be no point having it. Cellphones and tablets now have this smart technology where you can use fingerprint or eyeball recognition. These do not sit well with me. Firstly, I like to keep my screen clean, and therefore don&apos;t want to add extra smudges every time I need to wake it up from its premature sleep that there seem to be no settings to change. Secondly, I don&apos;t want to be sitting in a bar staring into my cell&apos;s camera, everyone will think I&apos;m taking a close up selfie of my eyeball. Or I&apos;m just a little bit odd. The worst thing about setting passwords is how secretive the companies are about what they&apos;d like from you. You happily enter the password you use for everything, a pop up tells you you need to have at least one upper case letter. Why don&apos;t they list their requirements in advance? It doesn&apos;t stop there, pop-ups all over the place; one special character, 2 numbers, the first number you thought of take away 6, get the idea? So you now have this complicated password you will never remember as it doesn&apos;t include your dog&apos;s name or your child&apos;s date of birth. I&apos;ve been caught out in this way, this is when I will reach for my pen and notepad and write the alien password in the incorrect order using a code I&apos;ve only just made up. When I have then gone to use the password again in three months time I don&apos;t remember the code. At least I know the login details for my online banking are secure, I can&apos;t even get that right most of the time. If I don&apos;t use my",,,"content-type: text/html; charset=utf-8
x-frame-options: SAMEORIGIN
content-encoding: gzip
connection: close
content-length: 3008","connection: close
content-encoding: gzip
content-length: 3008
content-type: text/html; charset=utf-8
x-frame-options: SAMEORIGIN",response_content_type_html security_header_x_frame_options_present,x_frame_options,,5,1,0,9513,0.06,0,path_crawl_page
20260504_220724,c6c759cffa164959a91a33ee26a316f5,path_analyze.page.depth_1,200,781.024,,,"Reflected XSS with AngularJS sandbox escape without strings Reflected XSS with AngularJS sandbox escape without strings Back&nbsp;to&nbsp;lab&nbsp;description&nbsp; LAB Not solved Home | Hobbies Cindy Music | 13 April 2026 Hobbies are a massive benefit to people in this day and age, mainly due to the distractions they bring. People can often switch off from work, stress and family for the duration of their hobbies. Maybe they&apos;re playing sports, knitting or just having their normal two hour hideout in the toilet to avoid people, whatever your hobby is, embrace how it distracts you from other stresses. However, some existing hobbies may be getting in the way of your life and are not helping you relax at all. If you&apos;re an aggressive sportsman or woman then chances are you&apos;re getting more riled up playing competitively than actually relaxing. This might be a perfect time in your life to find a new hobby, for example, photography may tickle your fancy. Does getting out and about and snapping the beauty of the world sound appealing to you? Maybe it could help you reconnect with nature, maybe you&apos;re a budding Instagram artist wanting to show off your pics, so why not pick up a camera and see if photography subdues some stress and even make some money? But be sure not to snap anything illegal or people without permission, the pending lawsuits will put a stop to your new hobby. You could try your hand at writing! The beauty of writing forms like poetry and prose is they are very subjective. Poetry is the written equivalent of modern art. You can look at a dot that&apos;s worth millions for some reason, and you can read poetry that is not too dissimilar in unexplained greatness. If people dislike your poetry, you can dismiss them as just not understanding it. And, who knows, if people like your writing, again it could make you some extra money on the side. It could be win, win. Are you funny? If you&apos;ve answered yes to this question, then probably not. But don&apos;t let that deter you, making people laugh is not only rewarding, or so I&apos;ve heard, it can also be a good way to make a little extra cash too. If you&apos;re tech savvy, why not try your hand at making memes and gifs and build yourself a fan base online. Or, if you&apos;re feeling bold, sign up for a stand-up night, what could go wrong? Silence? Heckling? Furniture being thrown at you? OK, so it&apos;s probably worth trying out some material on friends first. How about a classic, such as cooking? If you&apos;re a dab hand in the kitchen, get your friends and family round and delight them with your culinary skills. In your euphoria of trying to please your guests, be sure to ask about any dietary requirements and don&apos;t just take them with a pinch of salt - pun",,,"content-type: text/html; charset=utf-8
x-frame-options: SAMEORIGIN
content-encoding: gzip
connection: close
content-length: 3102","connection: close
content-encoding: gzip
content-length: 3102
content-type: text/html; charset=utf-8
x-frame-options: SAMEORIGIN",response_content_type_html security_header_x_frame_options_present,x_frame_options,,5,1,0,9511,0.06,0,path_crawl_page
20260504_220724,9fce9518e8784b96b7a356b1adff6648,path_analyze.form_depth_1,,0.0,,,,,,,,,,,0,0,0,0,0.0,1,path_candidate
20260504_220724,bfa575d9d6824722b64bfca379bf1fc2,path_analyze.form_depth_1,,0.0,,,,,,,,,,,0,0,0,0,0.0,1,path_candidate
20260504_220724,4f6825e689e74c6ba60daff8416e7e66,path_analyze.form_depth_1,,0.0,,,,,,,,,,,0,0,0,0,0.0,1,path_candidate
20260504_220724,9324b1c53b13444eb6170c6a7ad4fcc4,path_analyze.form_depth_1,,0.0,,,,,,,,,,,0,0,0,0,0.0,1,path_candidate
20260504_220724,74cb23c21b174365947ff9974c47d360,path_analyze.form_depth_1,,0.0,,,,,,,,,,,0,0,0,0,0.0,1,path_candidate
20260504_220724,dabb88018f8c46f0b4b1c14fdebd8326,path_analyze.form_depth_1,,0.0,,,,,,,,,,,0,0,0,0,0.0,1,path_candidate
20260504_220724,d1fb2a8a77834464b529b65ac22959be,path_analyze.form_depth_1,,0.0,,,,,,,,,,,0,0,0,0,0.0,1,path_candidate
20260504_220724,fe559596759c48faadc2aec487506177,path_analyze.form_depth_1,,0.0,,,,,,,,,,,0,0,0,0,0.0,1,path_candidate
20260504_220724,cf4b55d36ac34d04a2faa2893dc18bfe,path_analyze.form_depth_1,,0.0,,,,,,,,,,,0,0,0,0,0.0,1,path_candidate
20260504_220724,6324d217bc734bf59732783317f14555,path_analyze.page.depth_1,200,2154.723,,,"You are amazing, I love following your blog, I tell all my friends about it. Mike Groin | 23 April 2026 I&apos;ve never read anything twice&apos; and today will be no exception. Sam Sandwich | 24 April 2026 Reading your blog is my new stress relief at work, it&apos;s far cheaper than having to replace a smashed keyboard every other day. Mo Sez | 26 April 2026 You should do a prize draw. Lee Mealone | 29 April 2026 How hot is it where you are? Leave a comment Comment: Name: Email: Website: Post Comment Back to Blog",exception_trace_signature redirect_hint,,"content-type: text/html; charset=utf-8
x-frame-options: SAMEORIGIN
content-encoding: gzip
connection: close
content-length: 2786","connection: close
content-encoding: gzip
content-length: 2786
content-type: text/html; charset=utf-8
x-frame-options: SAMEORIGIN",response_content_type_html security_header_x_frame_options_present,x_frame_options,,5,1,0,8664,0.06,0,path_crawl_page
20260504_220724,db6a0401f2b74d85a1152dea5823d6a3,path_analyze.form_depth_1,,0.0,,,,,,,,,,,0,0,0,0,0.0,1,path_candidate
20260504_230033,ec5b72f0a6124de09df9d5eb79454d5e,recon.track_redirects,200,811.728,,,"be in breach of the contract you sign with us at the point of purchase. This can be punishable by law and you could be prosecuted. Portable Hat This Portable hat will be the best thing you buy yourself this year. It can be worn on your head for ease of transportation, lightweight but sturdy it will keep your head dry should you happen upon some inclement weather. Exceptionally durable without compromising on style, it can be worn for all occasions large or small. Should you become overheated or weary you can also use it as a small seat to rest your tired legs. Beware, others may try and part you from your hat, as they aren&apos;t lucky enough to have this top-selling item of 2018. Spread the word, the best-kept secrets are meant to be shared, even if it&apos;s with just one other person. This hat comes in only one color, black, as we know that black goes with everything. But we are prepared to customize your Portable Hat at no extra charge, we just want you to be happy, and to tell all your friends and family, as due to the excellent construction of this hat repeat sales are low. That&apos;s our guarantee to you. Folding Gadgets Folding smartphones that open up to reveal a handy little tablet are about to hit the market. Is folding the future of technology? As gadget trends go from large to small, back to large again, small again, huge, I guess folding has to be the answer, the best of both worlds. They are still bulky though, once we start folding everything things have a tendency to get thicker. Purses and briefcases will need to be adjusted to accommodate these new convenient, but bulky items. With this new concept, we can really make outside spaces and coffee houses our home offices. Pitch up in the park on a sunny day, and dig deep into your oversized carpet bag, with magician-like prowess you will be able to unfold your desk, PC, speakers, keyboards and mice until you have everything you need to start your days work. Even your travel mug and flask will conveniently unfold leaving you hydrated in that hot summers sun. I was a bit of a trendsetter in this department, I have always folded my paper money, my grandmother used to do it and I guess the influence stuck with me. Little did granny know that 40 years on we would all be folding our money, and everything else we can attach minuscule hinges to. We have always folded our laundry as well, that goes back centuries. Like all good inventions, it takes time to bring these things to market. To be honest I&apos;ve been crying out for a tablet that makes phone calls ever since my eyesight deteriorated. Sadly it will probably only be affordable to those that can afford laser surgery, and they&apos;re just being greedy as they have no problems looking at a tiny cell phone screen. I hate touch screens and have had a folding keyboard for yonks, give me a giant Blackberry any day! There is No &apos;I&apos; in Team We&apos;ve all been there, a deadline is approaching and everyone is pulling together. Well, not quite everyone. There&apos;s always one colleague who secretly wishes you will fail, and they will jump in and save the day, solo! Not anymore. With our new &apos;Team&apos; alert there will no longer be any renegades in the pack. The master team sign will sit proudly in your conference room; each time someone uses the word &apos;I&apos; lights will flash and an alarm will sound. Ear piercing sirens that no-one will ever want to hear again. Smaller units are available to dot around your office building, there won&apos;t be anywhere safe for a secret meeting, or plots to overthrow your",exception_trace_signature redirect_hint,,"content-type: text/html; charset=utf-8
x-frame-options: SAMEORIGIN
content-encoding: gzip
content-length: 10638","content-encoding: gzip
content-length: 10638
content-type: text/html; charset=utf-8
x-frame-options: SAMEORIGIN",response_content_type_html security_header_x_frame_options_present,x_frame_options,,4,1,0,28303,0.06,1,passive_trace
20260504_230033,c5c4c66b31c645fa973f4584290eeabd,recon.response_analysis,,0.0,,,,,,,,,,,0,0,0,0,0.0,0,response_analysis
20260504_230033,827a7c90eb4f4422bcad469eb1524279,path_analyze.page.depth_0,200,918.513,,,"be in breach of the contract you sign with us at the point of purchase. This can be punishable by law and you could be prosecuted. Portable Hat This Portable hat will be the best thing you buy yourself this year. It can be worn on your head for ease of transportation, lightweight but sturdy it will keep your head dry should you happen upon some inclement weather. Exceptionally durable without compromising on style, it can be worn for all occasions large or small. Should you become overheated or weary you can also use it as a small seat to rest your tired legs. Beware, others may try and part you from your hat, as they aren&apos;t lucky enough to have this top-selling item of 2018. Spread the word, the best-kept secrets are meant to be shared, even if it&apos;s with just one other person. This hat comes in only one color, black, as we know that black goes with everything. But we are prepared to customize your Portable Hat at no extra charge, we just want you to be happy, and to tell all your friends and family, as due to the excellent construction of this hat repeat sales are low. That&apos;s our guarantee to you. Folding Gadgets Folding smartphones that open up to reveal a handy little tablet are about to hit the market. Is folding the future of technology? As gadget trends go from large to small, back to large again, small again, huge, I guess folding has to be the answer, the best of both worlds. They are still bulky though, once we start folding everything things have a tendency to get thicker. Purses and briefcases will need to be adjusted to accommodate these new convenient, but bulky items. With this new concept, we can really make outside spaces and coffee houses our home offices. Pitch up in the park on a sunny day, and dig deep into your oversized carpet bag, with magician-like prowess you will be able to unfold your desk, PC, speakers, keyboards and mice until you have everything you need to start your days work. Even your travel mug and flask will conveniently unfold leaving you hydrated in that hot summers sun. I was a bit of a trendsetter in this department, I have always folded my paper money, my grandmother used to do it and I guess the influence stuck with me. Little did granny know that 40 years on we would all be folding our money, and everything else we can attach minuscule hinges to. We have always folded our laundry as well, that goes back centuries. Like all good inventions, it takes time to bring these things to market. To be honest I&apos;ve been crying out for a tablet that makes phone calls ever since my eyesight deteriorated. Sadly it will probably only be affordable to those that can afford laser surgery, and they&apos;re just being greedy as they have no problems looking at a tiny cell phone screen. I hate touch screens and have had a folding keyboard for yonks, give me a giant Blackberry any day! There is No &apos;I&apos; in Team We&apos;ve all been there, a deadline is approaching and everyone is pulling together. Well, not quite everyone. There&apos;s always one colleague who secretly wishes you will fail, and they will jump in and save the day, solo! Not anymore. With our new &apos;Team&apos; alert there will no longer be any renegades in the pack. The master team sign will sit proudly in your conference room; each time someone uses the word &apos;I&apos; lights will flash and an alarm will sound. Ear piercing sirens that no-one will ever want to hear again. Smaller units are available to dot around your office building, there won&apos;t be anywhere safe for a secret meeting, or plots to overthrow your",exception_trace_signature redirect_hint,,"content-type: text/html; charset=utf-8
x-frame-options: SAMEORIGIN
content-encoding: gzip
connection: close
content-length: 10638","connection: close
content-encoding: gzip
content-length: 10638
content-type: text/html; charset=utf-8
x-frame-options: SAMEORIGIN",response_content_type_html security_header_x_frame_options_present,x_frame_options,,5,1,0,28303,0.06,0,path_crawl_page
20260504_230033,a593309c5f1843c4a87ccce1faae27fb,path_analyze.page.depth_1,200,738.495,,,"SQL injection attack, listing the database contents on Oracle SQL injection attack, listing the database contents on Oracle Back to lab home Back&nbsp;to&nbsp;lab&nbsp;description&nbsp; LAB Not solved Home | My account | Corporate gifts Refine your search: All Clothing, shoes and accessories Corporate gifts Pets Tech gifts Toys & Games Folding Gadgets Folding smartphones that open up to reveal a handy little tablet are about to hit the market. Is folding the future of technology? As gadget trends go from large to small, back to large again, small again, huge, I guess folding has to be the answer, the best of both worlds. They are still bulky though, once we start folding everything things have a tendency to get thicker. Purses and briefcases will need to be adjusted to accommodate these new convenient, but bulky items. With this new concept, we can really make outside spaces and coffee houses our home offices. Pitch up in the park on a sunny day, and dig deep into your oversized carpet bag, with magician-like prowess you will be able to unfold your desk, PC, speakers, keyboards and mice until you have everything you need to start your days work. Even your travel mug and flask will conveniently unfold leaving you hydrated in that hot summers sun. I was a bit of a trendsetter in this department, I have always folded my paper money, my grandmother used to do it and I guess the influence stuck with me. Little did granny know that 40 years on we would all be folding our money, and everything else we can attach minuscule hinges to. We have always folded our laundry as well, that goes back centuries. Like all good inventions, it takes time to bring these things to market. To be honest I&apos;ve been crying out for a tablet that makes phone calls ever since my eyesight deteriorated. Sadly it will probably only be affordable to those that can afford laser surgery, and they&apos;re just being greedy as they have no problems looking at a tiny cell phone screen. I hate touch screens and have had a folding keyboard for yonks, give me a giant Blackberry any day! There is No &apos;I&apos; in Team We&apos;ve all been there, a deadline is approaching and everyone is pulling together. Well, not quite everyone. There&apos;s always one colleague who secretly wishes you will fail, and they will jump in and save the day, solo! Not a",redirect_hint,,"content-type: text/html; charset=utf-8
x-frame-options: SAMEORIGIN
content-encoding: gzip
connection: close
content-length: 3384","connection: close
content-encoding: gzip
content-length: 3384
content-type: text/html; charset=utf-8
x-frame-options: SAMEORIGIN",response_content_type_html security_header_x_frame_options_present,x_frame_options,,5,1,0,8968,0.06,0,path_crawl_page
20260504_230033,9de165e5ce824301b7ff7daefaa747ef,path_analyze.page.depth_1,200,724.885,,,"atening size, and train them to bite using the keyword, &apos;bite&apos;. This is particularly useful when other pet owners aren&apos;t put off by its peculiarities and insist on chatting &apos;animal&apos; with you. The grasshoppers are surprisingly easy to keep. They will keep your home free of bugs and vermin and need little else to eat. They are slightly jumpy about being taken out on a leash, but with practice, you will find a way to fall in step quite quickly. This particular breed has an exceptionally long lifespan and can be passed down through the generations. The grasshopper hasn&apos;t been cat, dog or child tested so we highly recommend not having any visit your home. Can be housed with other grasshoppers, an older quiet one could help to show it the ropes and understand the rules of the house. The Lazy Dog The Lazy Dog is brought to you by the same people who invented the wheel. Do you become frustrated when your small dog just can&apos;t keep up the pace, or stubbornly sits and gives up walking altogether? If the answer is yes, then The Lazy Dog is for you! As easy to fit as a harness these remote controlled owl wings are a must have for any dog lover. As soon as your pooch has taken its last step of the day just snap the wings into place and click the red &apos;flapping&apos; button on your handheld remote. After a few seconds, your furry friend will be off the ground and up, up and away. Once at a safe height, WARNING: BEWARE OF LOW HANGING BRANCHES, click the blue button to initiate cruise control. The wings have inbuilt cameras so you can see what your dog sees. When clicking the black button your dog can swoop down and gain speed in the &apos;fake chasing rabbits&apos; mode. This function is used at the owner&apos;s risk as it uses a lot of power, and if the battery pack dies a nasty accident could occur. Carrying your pooch has become a thing of the past. With The Lazy Dog, the dog park will become a place to enjoy again. You can also purchase an aviator hat and goggles, extra protection and peace of mind for you and your pooch.",exception_trace_signature,,"content-type: text/html; charset=utf-8
x-frame-options: SAMEORIGIN
content-encoding: gzip
connection: close
content-length: 3395","connection: close
content-encoding: gzip
content-length: 3395
content-type: text/html; charset=utf-8
x-frame-options: SAMEORIGIN",response_content_type_html security_header_x_frame_options_present,x_frame_options,,5,1,0,9041,0.06,0,path_crawl_page
20260504_230033,f36f2e82b4764c859019b5bbb6ae857c,path_analyze.page.depth_1,200,726.572,,,"SQL injection attack, listing the database contents on Oracle SQL injection attack, listing the database contents on Oracle Back to lab home Back&nbsp;to&nbsp;lab&nbsp;description&nbsp; LAB Not solved Home | My account | Tech gifts Refine your search: All Clothing, shoes and accessories Corporate gifts Pets Tech gifts Toys & Games Photobomb Backdrops These backdrops are brought to you in collaboration with our sister company InstaCam. InstaCam is the full package for your social media fake lives. Now you can purchase these add-ons to boost your profile between InstaCam photoshoots. No technical experience is necessary. The backdrops form part of a software photo suite that can paste you in any pose onto the selected backdrop. Spice up your life with thousands of hilarious photobombing scenarios. If you would prefer to take your own photos against a painted canvas, and not bother yourself with digital wizardry we can supply you with everything you need. You must be advised the canvases are pretty big and will take up an extraordinary amount of space in your home. Be selective. There is a big second-hand market for these frames, so you can always sell them on, or add to your existing decor with a brand new, exotic, art collection. We have had incredible feedback for this product, and have been reliably informed that the frames are fully recyclable and have been used in a wide range of DIY projects. Be the envy of your friends and family as they witness your exploits running with photobombing wild horses or apparently dancing with a giraffe (this one is a particularly large canvas). What are you waiting for? Be the person you really want to be today! Lightbulb Moments How many times have you had a lightbulb moment and not had any way of writing it down, or your cell is out of reach and you&apos;ve forgotten before you find it? Us to. That&apos;s why we have come up with the perfect solution. &apos;Lightbulb Moments&apos; are unique, voice-activated, recording software units. Replace all those useless bulbs that give you nothing but light, and you&apos;ll never forget that viral idea again. With bayonet and screw fittings available they will fit easily into every lamp, and overhead light socket, in your home. When the idea hits you just call out, &apos;Lightbulb Moment&apos;, and your bulbs will be ready to start r",,,"content-type: text/html; charset=utf-8
x-frame-options: SAMEORIGIN
content-encoding: gzip
connection: close
content-length: 3592","connection: close
content-encoding: gzip
content-length: 3592
content-type: text/html; charset=utf-8
x-frame-options: SAMEORIGIN",response_content_type_html security_header_x_frame_options_present,x_frame_options,,5,1,0,9664,0.06,0,path_crawl_page
20260504_230033,5aba0f04a4fd479a8fd825ea2fd7e4cb,path_analyze.page.depth_1,200,731.327,,,"SQL injection attack, listing the database contents on Oracle SQL injection attack, listing the database contents on Oracle Back to lab home Back&nbsp;to&nbsp;lab&nbsp;description&nbsp; LAB Not solved Home | My account | Toys &amp; Games Refine your search: All Clothing, shoes and accessories Corporate gifts Pets Tech gifts Toys & Games What Do You Meme? Get ready for that all important game night with this adult party starter - What Do You Meme? Team up with your friends and family and make the most hilarious memes possible with your dealt caption cards. The winner is decided by a rotating judge that changes each round, so aim to tickle the funny bone of the person in charge of your fate that round! The deck contains 435 cards, 360 are caption cards and the remaining 75 are photo cards. Pack includes easel and bonus rules for extra hilarity! This is the perfect gift for any meme lover as well as any creative mind. This gut bursting game is ideal to play at any adult party like stag and hen do&apos;s and is guaranteed to break the ice between new friends. Poo Head - It&apos;s not just an insult anymore. Do you find yourself thinking about what ludicrous games to play during the festive season? Do you think you&apos;ll never find anything as stupid as last year? Think again, thanks to Poo Head. The game for everyone. Simply throw poop at your friend&apos;s head and see how much you can get to stick. This game promotes positive mental health, as throwing turds at your friends is secretly what everyone has dreamed of for so long. And, just to be greedy, three poops are included in each pack for optimal poop throwing entertainment. We can only imagine that someone said &apos;this idea stinks&apos; after the original pitch and the powers that be took it as a compliment because here it is, live, in the brown flesh. So, simply strap on the helmet (included) and take it in turns to throw poop at your loved ones and friends. Kids will love it and adults will pretend they don&apos;t. Adult Space Hopper Sometimes being an adult just gets boring. Why not hop back in time and have a bounce on one of these bad boys. But I&apos;m too big for space hoppers I hear you cry, not anymore. No more embarrassing accidents i",,,"content-type: text/html; charset=utf-8
x-frame-options: SAMEORIGIN
content-encoding: gzip
connection: close
content-length: 2904","connection: close
content-encoding: gzip
content-length: 2904
content-type: text/html; charset=utf-8
x-frame-options: SAMEORIGIN",response_content_type_html security_header_x_frame_options_present,x_frame_options,,5,1,0,8102,0.06,0,path_crawl_page
20260504_230033,07a1f8e0b8004a2d8820ae30dd42b035,path_analyze.page.depth_1,200,801.183,,,"be in breach of the contract you sign with us at the point of purchase. This can be punishable by law and you could be prosecuted. Portable Hat This Portable hat will be the best thing you buy yourself this year. It can be worn on your head for ease of transportation, lightweight but sturdy it will keep your head dry should you happen upon some inclement weather. Exceptionally durable without compromising on style, it can be worn for all occasions large or small. Should you become overheated or weary you can also use it as a small seat to rest your tired legs. Beware, others may try and part you from your hat, as they aren&apos;t lucky enough to have this top-selling item of 2018. Spread the word, the best-kept secrets are meant to be shared, even if it&apos;s with just one other person. This hat comes in only one color, black, as we know that black goes with everything. But we are prepared to customize your Portable Hat at no extra charge, we just want you to be happy, and to tell all your friends and family, as due to the excellent construction of this hat repeat sales are low. That&apos;s our guarantee to you.",exception_trace_signature,,"content-type: text/html; charset=utf-8
x-frame-options: SAMEORIGIN
content-encoding: gzip
connection: close
content-length: 3194","connection: close
content-encoding: gzip
content-length: 3194
content-type: text/html; charset=utf-8
x-frame-options: SAMEORIGIN",response_content_type_html security_header_x_frame_options_present,x_frame_options,,5,1,0,8686,0.06,0,path_crawl_page
20260504_230033,fde5bff29af44d489eee2d26ca2017e4,path_analyze.page.depth_1,200,904.53,,,"SQL injection attack, listing the database contents on Oracle SQL injection attack, listing the database contents on Oracle Back&nbsp;to&nbsp;lab&nbsp;description&nbsp; LAB Not solved Home | My account | Login Username Password Log in",,,"content-type: text/html; charset=utf-8
set-cookie: session=<masked>; samesite=<masked>
x-frame-options: SAMEORIGIN
content-encoding: gzip
connection: close
content-length: 1057","connection: close
content-encoding: gzip
content-length: 1057
content-type: text/html; charset=utf-8
set-cookie: session=<masked>; samesite=<masked>
x-frame-options: SAMEORIGIN",response_content_type_html security_header_x_frame_options_present set_cookie_httponly set_cookie_present set_cookie_samesite set_cookie_secure,x_frame_options,set_cookie_httponly set_cookie_present set_cookie_samesite set_cookie_secure,6,1,1,3320,0.09,1,path_crawl_page
20260504_230033,4c0fd7452a2847019b6ed7235d5e99ad,path_analyze.form_depth_1,,0.0,,,,,,,,,,,0,0,0,0,0.0,0,path_candidate
20260504_230033,92c0fb6e8e4e4de98fe9be21aa420010,path_analyze.page.depth_2,200,775.947,,,"SQL injection attack, listing the database contents on Oracle SQL injection attack, listing the database contents on Oracle Back&nbsp;to&nbsp;lab&nbsp;description&nbsp; LAB Not solved Home | My account | Login Username Password Log in",,,"content-type: text/html; charset=utf-8
x-frame-options: SAMEORIGIN
content-encoding: gzip
connection: close
content-length: 1056","connection: close
content-encoding: gzip
content-length: 1056
content-type: text/html; charset=utf-8
x-frame-options: SAMEORIGIN",response_content_type_html security_header_x_frame_options_present,x_frame_options,,5,1,0,3320,0.06,0,path_crawl_page
20260504_230033,91414c4a5e9049a28b9d788db97cb197,path_analyze.form_depth_2,,0.0,,,,,,,,,,,0,0,0,0,0.0,0,path_candidate
20260504_235718,077c155838c24b26a2ebd63ac6e84762,recon.track_redirects,200,650.51,,,"Blind OS command injection with time delays Blind OS command injection with time delays Back&nbsp;to&nbsp;lab&nbsp;description&nbsp; LAB Not solved Home | Submit feedback | There is No &apos;I&apos; in Team $97.55 View details Eggtastic, Fun, Food Eggcessories $29.05 View details High-End Gift Wrapping $91.55 View details There&apos;s No Place Like Gnome $18.86 View details Sarcastic 9 Ball $54.40 View details The Giant Enter Key $95.63 View details Sprout More Brain Power $27.53 View details Snow Delivered To Your Door $77.98 View details Paint a rainbow $4.54 View details Adult Space Hopper $54.41 View details Caution Sign $79.21 View details",,,"content-type: text/html; charset=utf-8
x-frame-options: SAMEORIGIN
content-encoding: gzip
content-length: 1619","content-encoding: gzip
content-length: 1619
content-type: text/html; charset=utf-8
x-frame-options: SAMEORIGIN",response_content_type_html security_header_x_frame_options_present,x_frame_options,,4,1,0,10755,0.06,1,passive_trace
20260504_235718,716638f63f544f1b89d0a539d8abbc56,recon.response_analysis,,0.0,,,,,,,,,,,0,0,0,0,0.0,0,response_analysis
20260504_235718,6572663eda524ed4adb70560396d85b4,path_analyze.page.depth_0,200,1242.145,,,"Blind OS command injection with time delays Blind OS command injection with time delays Back&nbsp;to&nbsp;lab&nbsp;description&nbsp; LAB Not solved Home | Submit feedback | There is No &apos;I&apos; in Team $97.55 View details Eggtastic, Fun, Food Eggcessories $29.05 View details High-End Gift Wrapping $91.55 View details There&apos;s No Place Like Gnome $18.86 View details Sarcastic 9 Ball $54.40 View details The Giant Enter Key $95.63 View details Sprout More Brain Power $27.53 View details Snow Delivered To Your Door $77.98 View details Paint a rainbow $4.54 View details Adult Space Hopper $54.41 View details Caution Sign $79.21 View details",,,"content-type: text/html; charset=utf-8
x-frame-options: SAMEORIGIN
content-encoding: gzip
connection: close
content-length: 1619","connection: close
content-encoding: gzip
content-length: 1619
content-type: text/html; charset=utf-8
x-frame-options: SAMEORIGIN",response_content_type_html security_header_x_frame_options_present,x_frame_options,,5,1,0,10755,0.06,0,path_crawl_page
20260504_235718,72f8f717f4004775a40cbd46ade10b14,path_analyze.page.depth_1,200,673.954,,,"Blind OS command injection with time delays Blind OS command injection with time delays Back&nbsp;to&nbsp;lab&nbsp;description&nbsp; LAB Not solved Home | Submit feedback | Eggtastic, Fun, Food Eggcessories $29.05 Description: Mealtimes never need be boring again. Whether you use an egg cup or not there's no need to let standards slip. For a modest sum, you can now own a selection of googly eyes, feathers, buttons and edible glitter to ensure your food is dressed to impress. Perhaps you want to impress a date, or surprise a loved one with breakfast in bed - forget flowers and chocolates. Your partner will be bowled over by your originality, and literally tickled pink by the cute feather accessories. Make your kitchen a fun place to prepare food, what better way to start cooking than to have all your produce watching you. Egging you on, encouraging you to do your best. You don't even need to stop at food, you can accessorize all those dull bits and bobs you have lying around your home. You get plenty of bang for your buck, and for one day only we are offering the first one hundred customers an extra set of oversized googly eyes for free. Imagine them on the bonnet of your car, they are sure to brighten the day of passers-by. What are you waiting for? Get your complete entertaining package today. Return to list",redirect_hint,,"content-type: text/html; charset=utf-8
x-frame-options: SAMEORIGIN
content-encoding: gzip
connection: close
content-length: 1571","connection: close
content-encoding: gzip
content-length: 1571
content-type: text/html; charset=utf-8
x-frame-options: SAMEORIGIN",response_content_type_html security_header_x_frame_options_present,x_frame_options,,5,1,0,4270,0.06,0,path_crawl_page
20260504_235718,60c5e646329b4b08aa850d9146964996,path_analyze.page.depth_1,200,689.434,,,"Blind OS command injection with time delays Blind OS command injection with time delays Back&nbsp;to&nbsp;lab&nbsp;description&nbsp; LAB Not solved Home | Submit feedback | Conversation Controlling Lemon $66.92 Description: Are you one of those people who opens their mouth only to discover you say the wrong thing? If this is you then the Conversation Controlling Lemon will change the way you socialize forever! When you feel a comment coming on pop it in your mouth and wait for the acidity to kick in. Not only does the lemon render you speechless by being inserted into your mouth, but the juice will also keep you silent for at least another five minutes. This action will ensure the thought will have passed and you no longer feel the need to interject. The lemon can be cut into pieces - make sure they are large enough to fill your mouth - on average you will have four single uses for the price shown, that's nothing an evening. If you're a real chatterbox you will save that money in drink and snacks, as you will be unable to consume the same amount as usual. The Conversational Controlling Lemon is also available with gift wrapping and a personalized card, share with all your friends and family; mainly those who don't know when to keep quiet. At such a low price this is the perfect secret Santa gift. Remember, lemons aren't just for Christmas, they're for life; a quieter, more reasonable, and un-opinionated one. Return to list",redirect_hint,,"content-type: text/html; charset=utf-8
x-frame-options: SAMEORIGIN
content-encoding: gzip
connection: close
content-length: 1604","connection: close
content-encoding: gzip
content-length: 1604
content-type: text/html; charset=utf-8
x-frame-options: SAMEORIGIN",response_content_type_html security_header_x_frame_options_present,x_frame_options,,5,1,0,4400,0.06,0,path_crawl_page
20260504_235718,f2512da8a0f64476a10e6c67678110f2,path_analyze.page.depth_1,200,663.938,,,"Blind OS command injection with time delays Blind OS command injection with time delays Back&nbsp;to&nbsp;lab&nbsp;description&nbsp; LAB Not solved Home | Submit feedback | Poo Head - It's not just an insult anymore. $66.02 Description: Do you find yourself thinking about what ludicrous games to play during the festive season? Do you think you'll never find anything as stupid as last year? Think again, thanks to Poo Head. The game for everyone. Simply throw poop at your friend's head and see how much you can get to stick. This game promotes positive mental health, as throwing turds at your friends is secretly what everyone has dreamed of for so long. And, just to be greedy, three poops are included in each pack for optimal poop throwing entertainment. We can only imagine that someone said 'this idea stinks' after the original pitch and the powers that be took it as a compliment because here it is, live, in the brown flesh. So, simply strap on the helmet (included) and take it in turns to throw poop at your loved ones and friends. Kids will love it and adults will pretend they don't. Return to list",redirect_hint,,"content-type: text/html; charset=utf-8
x-frame-options: SAMEORIGIN
content-encoding: gzip
connection: close
content-length: 1460","connection: close
content-encoding: gzip
content-length: 1460
content-type: text/html; charset=utf-8
x-frame-options: SAMEORIGIN",response_content_type_html security_header_x_frame_options_present,x_frame_options,,5,1,0,4062,0.06,0,path_crawl_page
20260504_235718,7c1ec0babe954a01a046e8a3dc545195,path_analyze.page.depth_1,200,692.3,,,"Blind OS command injection with time delays Blind OS command injection with time delays Back&nbsp;to&nbsp;lab&nbsp;description&nbsp; LAB Not solved Home | Submit feedback | Couple's Umbrella $41.81 Description: Do you love public displays of affection? Are you and your partner one of those insufferable couples that insist on making the rest of us feel nauseas? If you answered yes to one or both of these questions, you need the Couple's Umbrella. And possible therapy. Not content being several yards apart, you and your significant other can dance around in the rain fully protected from the wet weather. To add insult to the rest of the public's injury, the umbrella only has one handle so you can be sure to hold hands whilst barging children and the elderly out of your way. Available in several romantic colours, the only tough decision will be what colour you want to demonstrate your over the top love in public. Cover both you and your partner and make the rest of us look on in envy and disgust with the Couple's Umbrella. Return to list",redirect_hint,,"content-type: text/html; charset=utf-8
x-frame-options: SAMEORIGIN
content-encoding: gzip
connection: close
content-length: 1389","connection: close
content-encoding: gzip
content-length: 1389
content-type: text/html; charset=utf-8
x-frame-options: SAMEORIGIN",response_content_type_html security_header_x_frame_options_present,x_frame_options,,5,1,0,3997,0.06,0,path_crawl_page
20260504_235718,601372be700a4c8eb9135ecc21f4820e,path_analyze.page.depth_1,200,701.417,,,"Blind OS command injection with time delays Blind OS command injection with time delays Back&nbsp;to&nbsp;lab&nbsp;description&nbsp; LAB Not solved Home | Submit feedback | Adult Space Hopper $54.41 Description: Sometimes being an adult just gets boring. Why not hop back in time and have a bounce on one of these bad boys. But I'm too big for space hoppers I hear you cry, not anymore. No more embarrassing accidents in the garden, no more falling off your kid's miniature hopper that doesn't balance your bum properly. Simply hop on the Adult Space Hopper on relieve your youth. Better yet, why not get several for the garden and liven up those parties. It's also an ideal addition to any office, give your staff a break and a laugh and liven up those work do's. Debbie's been sat still all day on her chair dealing with the accounts, why not let her hop around the office or have a race to re-energize her. Whatever your reason, whether it's staff moral, party games at home or the garden, the Adult Space Hopper is the perfect gift for a fun-loving adult and it's sure to break the ice between strangers and new colleagues. Return to list",redirect_hint,,"content-type: text/html; charset=utf-8
x-frame-options: SAMEORIGIN
content-encoding: gzip
connection: close
content-length: 1450","connection: close
content-encoding: gzip
content-length: 1450
content-type: text/html; charset=utf-8
x-frame-options: SAMEORIGIN",response_content_type_html security_header_x_frame_options_present,x_frame_options,,5,1,0,4083,0.06,0,path_crawl_page
20260504_235718,49ed055199de4990a419a15d93ebb021,path_analyze.page.depth_1,200,732.904,,,"Blind OS command injection with time delays Blind OS command injection with time delays Back&nbsp;to&nbsp;lab&nbsp;description&nbsp; LAB Not solved Home | Submit feedback | Laser Tag $55.34 Description: These mini Laser Tag guns are the ideal addition for your keyring, because you never know when you and a mate will fancy an impromptu game of tag! It's the first to lose 3 lives that loses! This on the go gadget is the perfect gift for anyone who loves Laser Tag and anyone that loves a bit of fun all the time. These are ideal for any environment, from having a laugh during an office break or as something to play travelling. Batteries are included so as soon as you open up the package simply find your opponent and get tagging! Get this ultra-fun pair of guns today and have hours of fun with your friends. Return to list",redirect_hint,,"content-type: text/html; charset=utf-8
x-frame-options: SAMEORIGIN
content-encoding: gzip
connection: close
content-length: 1318","connection: close
content-encoding: gzip
content-length: 1318
content-type: text/html; charset=utf-8
x-frame-options: SAMEORIGIN",response_content_type_html security_header_x_frame_options_present,x_frame_options,,5,1,0,3783,0.06,0,path_crawl_page
20260504_235718,eaf871d1b644460ea3886b6d287f0507,path_analyze.page.depth_1,200,738.044,,,"Blind OS command injection with time delays Blind OS command injection with time delays Back&nbsp;to&nbsp;lab&nbsp;description&nbsp; LAB Not solved Home | Submit feedback | High-End Gift Wrapping $91.55 Description: We offer a completely unique gift wrapping experience - the gift that just keeps on giving. We can crochet any shape and size to order. We also collect worldwide, we do the hard work so you don't have to. The gift is no longer the only surprise. Your friends and family will be delighted at our bespoke wrapping, each item 100% original, something that will be talked about for many years to come. Due to the intricacy of this service, you must allow 3 months for your order to be completed. So. organization is paramount, no leaving shopping until the last minute if you want to take advantage of this fabulously wonderful new way to present your gifts. Get in touch, tell us what you need to be wrapped, and we can give you an estimate within 24 hours. Let your funky originality extend to all areas of your life. We love every project we work on, so don't delay, give us a call today. Return to list",redirect_hint,,"content-type: text/html; charset=utf-8
x-frame-options: SAMEORIGIN
content-encoding: gzip
connection: close
content-length: 1482","connection: close
content-encoding: gzip
content-length: 1482
content-type: text/html; charset=utf-8
x-frame-options: SAMEORIGIN",response_content_type_html security_header_x_frame_options_present,x_frame_options,,5,1,0,4073,0.06,0,path_crawl_page
20260504_235718,9dd61b0eb0bd407cb2038405e4630f71,path_analyze.page.depth_1,200,754.284,,,"Blind OS command injection with time delays Blind OS command injection with time delays Back&nbsp;to&nbsp;lab&nbsp;description&nbsp; LAB Not solved Home | Submit feedback | There is No 'I' in Team $97.55 Description: We've all been there, a deadline is approaching and everyone is pulling together. Well, not quite everyone. There's always one colleague who secretly wishes you will fail, and they will jump in and save the day, solo! Not anymore. With our new 'Team' alert there will no longer be any renegades in the pack. The master team sign will sit proudly in your conference room; each time someone uses the word 'I' lights will flash and an alarm will sound. Ear piercing sirens that no-one will ever want to hear again. Smaller units are available to dot around your office building, there won't be anywhere safe for a secret meeting, or plots to overthrow your company. With a control panel at your fingertips, the hidden cameras will swiftly pinpoint the culprits, and you will able to talk to them directly through the units. Our motto, 'teamwork makes dreams work', says it all. Stamp out the solo flying, get ahead wannabes. We have a team (there's that word again) of highly skilled installers who will guide you through the process and give you a free estimate today! Return to list",redirect_hint,,"content-type: text/html; charset=utf-8
x-frame-options: SAMEORIGIN
content-encoding: gzip
connection: close
content-length: 1570","connection: close
content-encoding: gzip
content-length: 1570
content-type: text/html; charset=utf-8
x-frame-options: SAMEORIGIN",response_content_type_html security_header_x_frame_options_present,x_frame_options,,5,1,0,4253,0.06,0,path_crawl_page
20260504_235718,3789f7157f894b1abcd7b082c77d092b,path_analyze.page.depth_1,200,795.918,,,"Blind OS command injection with time delays Blind OS command injection with time delays Back&nbsp;to&nbsp;lab&nbsp;description&nbsp; LAB Not solved Home | Submit feedback | Caution Sign $79.21 Description: Alert your loved ones to the perils of the bathroom before it's too late thanks to this novelty sign. Perfect for home or even the office, be sure to pop it under your arm and take it to the loo when you're going for an extended visit. Its bright yellow colour and red caution sign means no one can ever yell at you for not forewarning them what they have to endure following you into the restroom. The foldable design means you simply leave it out as long as is needed and collapse it when it's safe to return. The sign is also double sided to be absolutely certain that there will be no confusion! It's the ideal secret Santa gift for that co-worker, you know the one! It also makes a great gag gift and stocking filler! Be warned and stay safe with this toilet caution sign! Return to list",redirect_hint,,"content-type: text/html; charset=utf-8
x-frame-options: SAMEORIGIN
content-encoding: gzip
connection: close
content-length: 1400","connection: close
content-encoding: gzip
content-length: 1400
content-type: text/html; charset=utf-8
x-frame-options: SAMEORIGIN",response_content_type_html security_header_x_frame_options_present,x_frame_options,,5,1,0,3953,0.06,0,path_crawl_page
20260504_235718,4d6206b6880e4df4b2f61e770efe0d76,path_analyze.page.depth_1,200,679.635,,,"Blind OS command injection with time delays Blind OS command injection with time delays Back&nbsp;to&nbsp;lab&nbsp;description&nbsp; LAB Not solved Home | Submit feedback | Sprout More Brain Power $27.53 Description: At a time when natural remedies, things we can freely grow in our gardens, have their legality being questioned, we are delighted to inform you that Brussel Sprouts have now been added to the list. Yes, you can now happily order these healing gems directly from us with express shipping. As you can no longer grow these yourself due to the new restrictions being imposed on the product, indeed the penalty is high should you now attempt to do so, we are proud to be the first company to obtain a license for Sprout More Brain Power. Although the starting price seems astronomically high, one sprout can be divided into peelable layers. Each layer will enhance your performance at work for approximately two hours. If you find a dull brain moment coming on you can pop in another layer, but must not exceed the stated dose of one sprout per day. As tempting as it might be to do so, as your brain buzzes with award-winning ideas, excessive use can lead to social isolation and stomach pain. So don't delay, improve your prospects with your one a day, and Sprout More Brain Power. Return to list",redirect_hint,,"content-type: text/html; charset=utf-8
x-frame-options: SAMEORIGIN
content-encoding: gzip
connection: close
content-length: 1545","connection: close
content-encoding: gzip
content-length: 1545
content-type: text/html; charset=utf-8
x-frame-options: SAMEORIGIN",response_content_type_html security_header_x_frame_options_present,x_frame_options,,5,1,0,4251,0.06,0,path_crawl_page
20260504_235718,7fdf0043e70545d79bf83ac038cb151c,path_analyze.page.depth_1,200,785.616,,,"Blind OS command injection with time delays Blind OS command injection with time delays Back&nbsp;to&nbsp;lab&nbsp;description&nbsp; LAB Not solved Home | Submit feedback | Single Use Food Hider $61.82 Description: The days of finding your favorite lunch stolen from the fridge in the workplace are over. All manner of items can be hidden within the flesh of this single-use banana skin. Pop them in and seal it up, after all, no-one is going to pinch your banana, are they? We have a dedicated team of banana eaters here at HQ in Arizona, all in need of boosting their potassium intake. We pride ourselves in being able to support the community and reduce waste by selling on the by-product to you. No need to leave angry sticky notes all around the kitchen, no need to waste valuable resources by labeling all your foodstuffs anymore. We are proud of our award-winning product which has earned us a number of small prizes for innovation, propelling us into the World Wide market. We can guarantee all of our bananas are eaten in Europe and the US, ensuring an ethically sourced product, leading to convenience and peace of mind for all of our customers. We offer a 30-day money back guarantee providing the banana skin is returned to us in its original form, and must still be yellow. Return to list",redirect_hint,,"content-type: text/html; charset=utf-8
x-frame-options: SAMEORIGIN
content-encoding: gzip
connection: close
content-length: 1566","connection: close
content-encoding: gzip
content-length: 1566
content-type: text/html; charset=utf-8
x-frame-options: SAMEORIGIN",response_content_type_html security_header_x_frame_options_present,x_frame_options,,5,1,0,4263,0.06,0,path_crawl_page
20260504_235718,5d688e7392c54954a53abc577b8359d7,path_analyze.page.depth_1,200,896.897,,,"Blind OS command injection with time delays Blind OS command injection with time delays Back&nbsp;to&nbsp;lab&nbsp;description&nbsp; LAB Not solved Home | Submit feedback | The Giant Enter Key $95.63 Description: Made from soft, nylon material and stuffed with cotton, this giant enter key is the ideal office addition. Simply plug it in via a USB port and use it as you're normal enter button! The only difference being is you can smash the living heck out of it whenever you're annoyed. This not only saves your existing keyboard from yet another hammering, but also ensures you won't get billed by your boss for damage to company property. This is also an ideal gift for that angry co-worker or stressed out secretary that you just fear to walk past. So, whether it's for you or a gift for an agitated friend, this sheer surface size of this button promises you'll never miss when you go to let that anger out. Return to list",redirect_hint,,"content-type: text/html; charset=utf-8
x-frame-options: SAMEORIGIN
content-encoding: gzip
connection: close
content-length: 1372","connection: close
content-encoding: gzip
content-length: 1372
content-type: text/html; charset=utf-8
x-frame-options: SAMEORIGIN",response_content_type_html security_header_x_frame_options_present,x_frame_options,,5,1,0,3869,0.06,0,path_crawl_page
20260504_235718,ae6cfba6458747dbbb7e664390ce7464,path_analyze.page.depth_1,200,1087.075,,,"Blind OS command injection with time delays Blind OS command injection with time delays Back&nbsp;to&nbsp;lab&nbsp;description&nbsp; LAB Not solved Home | Submit feedback | Packaway Carport $12.68 Description: We all know garages aren't used for parking our cars and keeping them safe from the elements. Garages are for storing lots of really useful things; tools, half tins of paint, the kids' old drawings etc' So the question is what do you do with your precious four-wheeled friend? Say hello to the Packaway Carport. Practical and pleasing to the eye, all your neighbors' eyes will be on you! Best of all if you are away on vacation, or the car is off being serviced, you can pack the carport away and you'll never know it was there. No expensive and time-consuming building work to upset your routine and wallet. The outer material is highly durable, and when anchored according to our handy user's guide, will be sturdy enough to stay in situ against all weather fronts. A large number of sandbags and bricks come as essential add ons, please bear this in mind when you are placing your order. There are so many different colors and designs to choose from you will be spoiled for choice. We even have a bespoke camouflage package where the carport can be designed to blend in with its surroundings. Pack away your worries with the Packaway Carport. Return to list",redirect_hint,,"content-type: text/html; charset=utf-8
x-frame-options: SAMEORIGIN
content-encoding: gzip
connection: close
content-length: 1589","connection: close
content-encoding: gzip
content-length: 1589
content-type: text/html; charset=utf-8
x-frame-options: SAMEORIGIN",response_content_type_html security_header_x_frame_options_present,x_frame_options,,5,1,0,4325,0.06,0,path_crawl_page
20260504_235718,4f73767ff9384d9fbf88e7485126eda3,path_analyze.page.depth_1,200,683.425,,,Blind OS command injection with time delays Blind OS command injection with time delays Back&nbsp;to&nbsp;lab&nbsp;description&nbsp; LAB Not solved Home | Submit feedback | Submit feedback Name: Email: Subject: Message: Submit feedback,,,"content-type: text/html; charset=utf-8
x-frame-options: SAMEORIGIN
content-encoding: gzip
connection: close
content-length: 1119","connection: close
content-encoding: gzip
content-length: 1119
content-type: text/html; charset=utf-8
x-frame-options: SAMEORIGIN",response_content_type_html security_header_x_frame_options_present,x_frame_options,,5,1,0,3684,0.06,0,path_crawl_page
20260504_235718,a9a04f0d397f4509bfc3f2b021b32351,path_analyze.page.depth_1,200,693.933,,,"Blind OS command injection with time delays Blind OS command injection with time delays Back&nbsp;to&nbsp;lab&nbsp;description&nbsp; LAB Not solved Home | Submit feedback | Waterproof Tea Bags $92.45 Description: You knew one day this would finally come, and thanks to a small group of tea drinkers it has. We bring you the waterproof tea bag. Feedback from the tea drinkers society indicated that more people wanted to save money, and be conscious of the effect discarded tea bags could have on the environment. For generations now these environmentalist scrimpers have been hanging their bags out to dry in order to re-use them at a later time. This is no longer necessary as these tea bags are 100% fully waterproof, they will be ready to use as many times as you like with little input or effort from you. This is welcome news for those teapot users who have been riddled with guilt over the number of bags they use per pot. It is now of no relevance whatsoever how many they use, as they will all come out completely dry and ready to use again. You can imagine these bags are a firm favorite with weak tea drinkers, for those who like a bit of a kick to their cuppa the bags have a handly resealable opening at the top. Just empty out the leaves, let them infuse and then decant back into the waterproof bag. Hey presto, ready to use again another day. Be ahead of the rest, this is an environmentally, and economically sound purchase not to be missed. Return to list",redirect_hint,,"content-type: text/html; charset=utf-8
x-frame-options: SAMEORIGIN
content-encoding: gzip
connection: close
content-length: 1612","connection: close
content-encoding: gzip
content-length: 1612
content-type: text/html; charset=utf-8
x-frame-options: SAMEORIGIN",response_content_type_html security_header_x_frame_options_present,x_frame_options,,5,1,0,4427,0.06,0,path_crawl_page
20260504_235718,ad46e4e371f7457fa6ce952fb3c83e31,path_analyze.page.depth_1,200,852.205,,,"Blind OS command injection with time delays Blind OS command injection with time delays Back&nbsp;to&nbsp;lab&nbsp;description&nbsp; LAB Not solved Home | Submit feedback | There's No Place Like Gnome $18.86 Description: Are you jealous as your neighbors take delivery of their garden gnomes? Now they have become popular in the US, everyone seems to want to get their hands on these funny little guys. Well, don't be just one of the crowd, make your own fun and play tricks on them with our unique Gnome Headdress. Imagine your neighbors' surprise when you nestle in among their plant pots with your fishing rod in hand, lay silently in wait, then jump out at them. Oh, how they will laugh. At little cost to you, the headdress will provide you and your family with hours of entertainment. Once you've finished having fun around your block the headdress won't be chucked away, or left at the bottom of a bag and forgotten about. You can wear it as part of your Halloween costume, and for Thanksgiving and Christmas. It will serve as a reminder to everyone how you pranked them, and you will all fall about laughing again. Be that funny guy you've always wanted to be. Earn your own gnome nickname and be the talk of the town today. Return to list",redirect_hint,,"content-type: text/html; charset=utf-8
x-frame-options: SAMEORIGIN
content-encoding: gzip
connection: close
content-length: 1523","connection: close
content-encoding: gzip
content-length: 1523
content-type: text/html; charset=utf-8
x-frame-options: SAMEORIGIN",response_content_type_html security_header_x_frame_options_present,x_frame_options,,5,1,0,4202,0.06,0,path_crawl_page
20260504_235718,00234a316c74498fa83c2afb408fa2ad,path_analyze.page.depth_1,200,628.624,,,"Blind OS command injection with time delays Blind OS command injection with time delays Back&nbsp;to&nbsp;lab&nbsp;description&nbsp; LAB Not solved Home | Submit feedback | Balance Beams $78.71 Description: If you've ever been stuck in a traffic jam I expect you've been jealous to look up and see those brave youngsters doing their freerunning and parkour overhead. No waiting around for them, always first to the office on a bad traffic day. With our innovative Balance Beams, you can now escape the daily rat race and head up there with the rest of them. No need to spend months in training and age is not a barrier with these handy foldaway planks of wood. Just head up to the roof of your building, unfold them to the length of the space you need to traverse and off you go. Fully adjustable you will be able to travel a distance of up to 20 meters. The complete kit comes with a handy foldaway parachute for those extra windy days, and a neat little canvas bag for when they're not in use. Each plank is treated with a special non-slip coating to give extra strength and durability. We do recommend not wearing flip-flops or any other open-toe shoes while in use. Be the adventurer you've always wanted to be, but do it safely. T&C's apply, third-party insurance recommended, use at the owners own risk. Return to list",redirect_hint,,"content-type: text/html; charset=utf-8
x-frame-options: SAMEORIGIN
content-encoding: gzip
connection: close
content-length: 1564","connection: close
content-encoding: gzip
content-length: 1564
content-type: text/html; charset=utf-8
x-frame-options: SAMEORIGIN",response_content_type_html security_header_x_frame_options_present,x_frame_options,,5,1,0,4278,0.06,0,path_crawl_page
20260504_235718,2c63a37bebd4481a85c59f27762fbb35,path_analyze.page.depth_1,200,651.538,,,"Blind OS command injection with time delays Blind OS command injection with time delays Back&nbsp;to&nbsp;lab&nbsp;description&nbsp; LAB Not solved Home | Submit feedback | Paint a rainbow $4.54 Description: On a dull grey day, when everyone needs a little color or sunshine in their lives, you can be the hero of the hour. Our new 'Paint A Rainbow' running suit will not only enhance your performance but will improve the lives of everyone around you. Super lightweight material gives you the cutting edge when it comes to speed, but not only that; a million embedded nano super lights will give you a rainbow streak lighting up the sky as you run. They say not every superhero wears a suit, but you CAN. Bring some color and light into the lives of others by doing what you already do every day. These are limited edition running suits, be one of only 100 people who have access to our brand new range. So, don't delay Paint A Rainbow today. Return to list",redirect_hint,,"content-type: text/html; charset=utf-8
x-frame-options: SAMEORIGIN
content-encoding: gzip
connection: close
content-length: 1355","connection: close
content-encoding: gzip
content-length: 1355
content-type: text/html; charset=utf-8
x-frame-options: SAMEORIGIN",response_content_type_html security_header_x_frame_options_present,x_frame_options,,5,1,0,3906,0.06,0,path_crawl_page
20260504_235718,9253e0ad62e140b791000e2bb7e5076e,path_analyze.page.depth_1,200,664.125,,,"Blind OS command injection with time delays Blind OS command injection with time delays Back&nbsp;to&nbsp;lab&nbsp;description&nbsp; LAB Not solved Home | Submit feedback | Folding Gadgets $76.87 Description: Folding smartphones that open up to reveal a handy little tablet are about to hit the market. Is folding the future of technology? As gadget trends go from large to small, back to large again, small again, huge, I guess folding has to be the answer, the best of both worlds. They are still bulky though, once we start folding everything things have a tendency to get thicker. Purses and briefcases will need to be adjusted to accommodate these new convenient, but bulky items. With this new concept, we can really make outside spaces and coffee houses our home offices. Pitch up in the park on a sunny day, and dig deep into your oversized carpet bag, with magician-like prowess you will be able to unfold your desk, PC, speakers, keyboards and mice until you have everything you need to start your days work. Even your travel mug and flask will conveniently unfold leaving you hydrated in that hot summers sun. I was a bit of a trendsetter in this department, I have always folded my paper money, my grandmother used to do it and I guess the influence stuck with me. Little did granny know that 40 years on we would all be folding our money, and everything else we can attach minuscule hinges to. We have always folded our laundry as well, that goes back centuries. Like all good inventions, it takes time to bring these things to market. To be honest I've been crying out for a tablet that makes phone calls ever since my eyesight deteriorated. Sadly it will probably only be affordable to those that can afford laser surgery, and they're just being greedy as they have no problems looking at a tiny cell phone screen. I hate touch screens and have had a folding keyboard for yonks, give me a giant Blackberry any day! Return to list",redirect_hint,,"content-type: text/html; charset=utf-8
x-frame-options: SAMEORIGIN
content-encoding: gzip
connection: close
content-length: 1882","connection: close
content-encoding: gzip
content-length: 1882
content-type: text/html; charset=utf-8
x-frame-options: SAMEORIGIN",response_content_type_html security_header_x_frame_options_present,x_frame_options,,5,1,0,4898,0.06,0,path_crawl_page
20260504_235718,9338f5e12a8a4b0aae48c1a57f02892b,path_analyze.page.depth_1,200,675.763,,,"Blind OS command injection with time delays Blind OS command injection with time delays Back&nbsp;to&nbsp;lab&nbsp;description&nbsp; LAB Not solved Home | Submit feedback | Sarcastic 9 Ball $54.40 Description: Ever find yourself asking stupid questions that you should know the answer to? Luckily the Sarcastic 9 Ball is here to put an end to obvious questions! With blunt and brutally honest answers like: 'Well, duh!' and 'Yes, if you leave me alone!' you and your friends will get the right answer every shake, albeit with a withering put down to boot. The Sarcastic Nine Ball is the perfect gift for that loved one or friend that just won't let up with those nagging questions. Give it as a present, or simply carry it with you and get an ironic answer for their stupidity every time! This product is Ridley's spin on the magic eight ball that traditional offers sound advice and guidance, whereas the Nine Ball takes a far blunter approach, an approach that's well needed sometimes. Get your own back on those annoying question askers or give as a gift to someone who's confused constantly! Return to list",redirect_hint,,"content-type: text/html; charset=utf-8
x-frame-options: SAMEORIGIN
content-encoding: gzip
connection: close
content-length: 1451","connection: close
content-encoding: gzip
content-length: 1451
content-type: text/html; charset=utf-8
x-frame-options: SAMEORIGIN",response_content_type_html security_header_x_frame_options_present,x_frame_options,,5,1,0,4065,0.06,0,path_crawl_page
20260504_235718,b6c1e4dc23114ac395ab22079d6709bd,path_analyze.form_depth_1,,0.0,,,,,,,,,,,0,0,0,0,0.0,0,path_candidate
20260504_235718,d6a06b9e1a714b7f93ccdbff15a47417,path_analyze.page.depth_1,200,2080.206,,,"Blind OS command injection with time delays Blind OS command injection with time delays Back&nbsp;to&nbsp;lab&nbsp;description&nbsp; LAB Not solved Home | Submit feedback | Snow Delivered To Your Door $77.98 Description: By Steam Train Direct From The North Pole We can deliver you the perfect Christmas gift of all. Imagine waking up to that white Christmas you have been dreaming of since you were a child. Your snow will be loaded on to our exclusive snow train and transported across the globe in time for the big day. In a few simple steps, your snow will be ready to scatter in the areas of your choosing. *Make sure you have an extra large freezer before delivery. *Decant the liquid into small plastic tubs (there is some loss of molecular structure during transit). *Allow 3 days for it to refreeze.*Chip away at each block until the ice resembles snowflakes. *Scatter snow. Yes! It really is that easy. You will be the envy of all your neighbors unless you let them in on the secret. We offer a 10% discount on future purchases for every referral we receive from you. Snow isn't just for Christmas either, we deliver all year round, that's 365 days of the year. Remember to order before your existing snow melts, and allow 3 days to prepare the new batch to avoid disappointment. Return to list",redirect_hint,,"content-type: text/html; charset=utf-8
x-frame-options: SAMEORIGIN
content-encoding: gzip
connection: close
content-length: 1583","connection: close
content-encoding: gzip
content-length: 1583
content-type: text/html; charset=utf-8
x-frame-options: SAMEORIGIN",response_content_type_html security_header_x_frame_options_present,x_frame_options,,5,1,0,4294,0.06,0,path_crawl_page
20260505_000829,21c985036e814d4f9c88db8dbe7e6e37,recon.track_redirects,200,638.698,,,"Blind OS command injection with time delays Blind OS command injection with time delays Back&nbsp;to&nbsp;lab&nbsp;description&nbsp; LAB Not solved Home | Submit feedback | There is No &apos;I&apos; in Team $97.55 View details Eggtastic, Fun, Food Eggcessories $29.05 View details High-End Gift Wrapping $91.55 View details There&apos;s No Place Like Gnome $18.86 View details Sarcastic 9 Ball $54.40 View details The Giant Enter Key $95.63 View details Sprout More Brain Power $27.53 View details Snow Delivered To Your Door $77.98 View details Paint a rainbow $4.54 View details Adult Space Hopper $54.41 View details Caution Sign $79.21 View details",,,"content-type: text/html; charset=utf-8
x-frame-options: SAMEORIGIN
content-encoding: gzip
content-length: 1619","content-encoding: gzip
content-length: 1619
content-type: text/html; charset=utf-8
x-frame-options: SAMEORIGIN",response_content_type_html security_header_x_frame_options_present,x_frame_options,,4,1,0,10755,0.06,1,passive_trace
20260505_000829,0d917bddffef48c99e6baa1fc8238331,recon.response_analysis,,0.0,,,,,,,,,,,0,0,0,0,0.0,0,response_analysis
20260505_000829,b6caf541d7ea4f58b588575968851143,path_analyze.page.depth_0,200,701.721,,,"Blind OS command injection with time delays Blind OS command injection with time delays Back&nbsp;to&nbsp;lab&nbsp;description&nbsp; LAB Not solved Home | Submit feedback | There is No &apos;I&apos; in Team $97.55 View details Eggtastic, Fun, Food Eggcessories $29.05 View details High-End Gift Wrapping $91.55 View details There&apos;s No Place Like Gnome $18.86 View details Sarcastic 9 Ball $54.40 View details The Giant Enter Key $95.63 View details Sprout More Brain Power $27.53 View details Snow Delivered To Your Door $77.98 View details Paint a rainbow $4.54 View details Adult Space Hopper $54.41 View details Caution Sign $79.21 View details",,,"content-type: text/html; charset=utf-8
x-frame-options: SAMEORIGIN
content-encoding: gzip
connection: close
content-length: 1619","connection: close
content-encoding: gzip
content-length: 1619
content-type: text/html; charset=utf-8
x-frame-options: SAMEORIGIN",response_content_type_html security_header_x_frame_options_present,x_frame_options,,5,1,0,10755,0.06,0,path_crawl_page
20260508_185514,3a39e373a43d414ab9f52ea35eddcbae,recon.track_redirects,200,3458.596,,,"Example Domain body{background:#eee;width:60vw;margin:15vh auto;font-family:system-ui,sans-serif}h1{font-size:1.5em}div{opacity:0.8}a:link,a:visited{color:#348} Example Domain This domain is for use in documentation examples without needing permission. Avoid use in operations. Learn more",,,"date: Fri, 08 May 2026 17:55:19 GMT
content-type: text/html
transfer-encoding: chunked
connection: keep-alive
server: cloudflare
last-modified: Wed, 06 May 2026 14:17:14 GMT
allow: GET, HEAD
cf-cache-status: HIT
age: 1892
content-encoding: gzip
cf-ray: 9f8a55af9e013375-AAE","age: 1892
allow: GET, HEAD
cf-cache-status: HIT
cf-ray: 9f8a55af9e013375-AAE
connection: keep-alive
content-encoding: gzip
content-type: text/html
date: Fri, 08 May 2026 17:55:19 GMT
last-modified: Wed, 06 May 2026 14:17:14 GMT
server: cloudflare
transfer-encoding: chunked",response_content_type_html response_server_disclosed,,,11,0,0,528,0.27,1,passive_trace
20260508_185514,9d889fe4e8584c16a05779b36c903366,path_analyze.page.depth_0,200,1436.322,,,"Example Domain body{background:#eee;width:60vw;margin:15vh auto;font-family:system-ui,sans-serif}h1{font-size:1.5em}div{opacity:0.8}a:link,a:visited{color:#348} Example Domain This domain is for use in documentation examples without needing permission. Avoid use in operations. Learn more",,,"date: Fri, 08 May 2026 17:55:21 GMT
content-type: text/html
transfer-encoding: chunked
connection: keep-alive
server: cloudflare
last-modified: Wed, 06 May 2026 14:17:14 GMT
allow: GET, HEAD
cf-cache-status: HIT
age: 1894
content-encoding: gzip
cf-ray: 9f8a55ba48ceb6bf-AAE","age: 1894
allow: GET, HEAD
cf-cache-status: HIT
cf-ray: 9f8a55ba48ceb6bf-AAE
connection: keep-alive
content-encoding: gzip
content-type: text/html
date: Fri, 08 May 2026 17:55:21 GMT
last-modified: Wed, 06 May 2026 14:17:14 GMT
server: cloudflare
transfer-encoding: chunked",response_content_type_html response_server_disclosed,,,11,0,0,528,0.27,0,path_crawl_page
20260508_185626,8acb93421f85481db7fad84ef15c13a0,recon.track_redirects,200,1881.807,,,"Example Domain body{background:#eee;width:60vw;margin:15vh auto;font-family:system-ui,sans-serif}h1{font-size:1.5em}div{opacity:0.8}a:link,a:visited{color:#348} Example Domain This domain is for use in documentation examples without needing permission. Avoid use in operations. Learn more",,,"date: Fri, 08 May 2026 17:56:30 GMT
content-type: text/html
transfer-encoding: chunked
connection: keep-alive
server: cloudflare
last-modified: Wed, 06 May 2026 14:17:14 GMT
allow: GET, HEAD
cf-cache-status: HIT
age: 1963
content-encoding: gzip
cf-ray: 9f8a576aac13b6ca-AAE","age: 1963
allow: GET, HEAD
cf-cache-status: HIT
cf-ray: 9f8a576aac13b6ca-AAE
connection: keep-alive
content-encoding: gzip
content-type: text/html
date: Fri, 08 May 2026 17:56:30 GMT
last-modified: Wed, 06 May 2026 14:17:14 GMT
server: cloudflare
transfer-encoding: chunked",response_content_type_html response_server_disclosed,,,11,0,0,528,0.27,1,passive_trace
20260508_185626,fbb5d32641974130a88a3e71b7130ff2,path_analyze.page.depth_0,200,1145.333,,,"Example Domain body{background:#eee;width:60vw;margin:15vh auto;font-family:system-ui,sans-serif}h1{font-size:1.5em}div{opacity:0.8}a:link,a:visited{color:#348} Example Domain This domain is for use in documentation examples without needing permission. Avoid use in operations. Learn more",,,"date: Fri, 08 May 2026 17:56:32 GMT
content-type: text/html
transfer-encoding: chunked
connection: keep-alive
server: cloudflare
last-modified: Wed, 06 May 2026 14:17:14 GMT
allow: GET, HEAD
cf-cache-status: HIT
age: 1965
content-encoding: gzip
cf-ray: 9f8a57754dedb6ce-AAE","age: 1965
allow: GET, HEAD
cf-cache-status: HIT
cf-ray: 9f8a57754dedb6ce-AAE
connection: keep-alive
content-encoding: gzip
content-type: text/html
date: Fri, 08 May 2026 17:56:32 GMT
last-modified: Wed, 06 May 2026 14:17:14 GMT
server: cloudflare
transfer-encoding: chunked",response_content_type_html response_server_disclosed,,,11,0,0,528,0.27,0,path_crawl_page
