scan_id,trace_id,parent_trace_id,baseline_trace_id,source_module,label_target_value,label_candidate_family,label_confirmed_family,label_source,label_confidence,human_reviewed,validation_tool,analyzer_route,analyzer_reason
20260430_224202,31f8ea11f59f43a480246d67719519c6,,,recon.track_redirects,1,header_injection_candidate,,passive_trace,0.74,False,,run_header_scan,authenticated context can support object comparison; html response lacks csp signal; override style request header present; html response has weak security header coverage
20260430_224202,3bcdef3960fa4461ae03e13ab3891d22,31f8ea11f59f43a480246d67719519c6,,recon.response_analysis,0,idor_candidate,,response_analysis,0.08,False,,skip_heavy_scan,authenticated context can support object comparison
20260430_224202,046042edd594456e9427adbc2409c6af,,,path_analyze.page.depth_0,1,header_misconfiguration_candidate,,path_crawl_page,0.46,False,,run_header_scan,authenticated context can support object comparison; html response lacks csp signal; html response has weak security header coverage
20260430_224202,19d2c6b5cbf5430fa75b1be5bd98c10c,046042edd594456e9427adbc2409c6af,,path_analyze.page.depth_1,1,xss_candidate,,path_crawl_page,0.66,False,,run_xss_scan,authenticated context can support object comparison; reflective input names present; interactive html page; html response lacks csp signal
20260430_224202,1e537bbf0c644bed999c9759cdbd04c2,046042edd594456e9427adbc2409c6af,,path_analyze.page.depth_1,1,xss_candidate,,path_crawl_page,0.66,False,,run_xss_scan,authenticated context can support object comparison; reflective input names present; interactive html page; html response lacks csp signal
20260430_224202,42a93864e70347eea74e22c6b035697d,046042edd594456e9427adbc2409c6af,,path_analyze.page.depth_1,1,xss_candidate,,path_crawl_page,0.66,False,,run_xss_scan,authenticated context can support object comparison; reflective input names present; interactive html page; html response lacks csp signal
20260430_224202,a76fa623138e41b7ba5aab3b9d69dbb4,1e537bbf0c644bed999c9759cdbd04c2,,path_analyze.page.depth_1,1,xss_candidate,,path_crawl_page,0.66,False,,run_xss_scan,authenticated context can support object comparison; reflective input names present; interactive html page; html response lacks csp signal
20260430_224202,a1b85695879849539c7e28ba90694fa3,1e537bbf0c644bed999c9759cdbd04c2,,path_analyze.page.depth_1,1,xss_candidate,,path_crawl_page,0.66,False,,run_xss_scan,authenticated context can support object comparison; reflective input names present; interactive html page; html response lacks csp signal
20260430_224202,14bca13057344b6f934f24fbe1410333,1e537bbf0c644bed999c9759cdbd04c2,,path_analyze.page.depth_1,1,xss_candidate,,path_crawl_page,0.66,False,,run_xss_scan,authenticated context can support object comparison; reflective input names present; interactive html page; html response lacks csp signal
20260430_224202,3114cbb45b104b20aaac12e1d7b04a8d,1e537bbf0c644bed999c9759cdbd04c2,,path_analyze.page.depth_1,1,xss_candidate,,path_crawl_page,0.66,False,,run_xss_scan,authenticated context can support object comparison; reflective input names present; interactive html page; html response lacks csp signal
20260430_224202,88652f28c42a480bbce6ac016c5867f3,1e537bbf0c644bed999c9759cdbd04c2,,path_analyze.page.depth_1,1,xss_candidate,,path_crawl_page,0.66,False,,run_xss_scan,authenticated context can support object comparison; reflective input names present; interactive html page; html response lacks csp signal
20260430_224202,12bbcf12ef3545229c78766f6c6748d7,1e537bbf0c644bed999c9759cdbd04c2,,path_analyze.page.depth_1,1,xss_candidate,,path_crawl_page,0.66,False,,run_xss_scan,authenticated context can support object comparison; reflective input names present; interactive html page; html response lacks csp signal
20260430_224202,8d2c4161f1ef487fbf0c405e023b97c0,1e537bbf0c644bed999c9759cdbd04c2,,path_analyze.page.depth_1,1,xss_candidate,,path_crawl_page,0.66,False,,run_xss_scan,authenticated context can support object comparison; reflective input names present; interactive html page; html response lacks csp signal
20260430_224202,62dad701ef0445fda3ec2df5bb58841a,8d2c4161f1ef487fbf0c405e023b97c0,,path_analyze.form_depth_1,1,xss_candidate,,path_candidate,0.32,False,,run_xss_scan,authenticated context can support object comparison; reflective input names present
20260430_224202,e4c171b001ec41ba94e0116f669e3b58,8d2c4161f1ef487fbf0c405e023b97c0,,path_analyze.form_depth_1,1,xss_candidate,,path_candidate,0.32,False,,run_xss_scan,authenticated context can support object comparison; reflective input names present
20260430_224202,d956c46c66154952a07147b65765ee64,8d2c4161f1ef487fbf0c405e023b97c0,,path_analyze.form_depth_1,1,xss_candidate,,path_candidate,0.32,False,,run_xss_scan,authenticated context can support object comparison; reflective input names present
20260430_224202,4dd33cad2a8a47688f6c11291f982766,d956c46c66154952a07147b65765ee64,,path_analyze.form_depth_1,1,xss_candidate,,path_candidate,0.32,False,,run_xss_scan,authenticated context can support object comparison; reflective input names present
20260430_224202,9779a5b403104b33aa0e880b2297f767,d956c46c66154952a07147b65765ee64,,path_analyze.form_depth_1,1,xss_candidate,,path_candidate,0.32,False,,run_xss_scan,authenticated context can support object comparison; reflective input names present
20260430_224202,26df97e3a64544d2aaaa2dbe3401078a,d956c46c66154952a07147b65765ee64,,path_analyze.form_depth_1,1,xss_candidate,,path_candidate,0.32,False,,run_xss_scan,authenticated context can support object comparison; reflective input names present
20260430_224202,7fc3d3ba03f5440b99732115900478d3,9779a5b403104b33aa0e880b2297f767,,path_analyze.form_depth_1,1,xss_candidate,,path_candidate,0.32,False,,run_xss_scan,authenticated context can support object comparison; reflective input names present
20260430_224202,665ff18a18cc4db3ae8cfd70b272cd21,26df97e3a64544d2aaaa2dbe3401078a,,path_analyze.form_depth_1,1,xss_candidate,,path_candidate,0.32,False,,run_xss_scan,authenticated context can support object comparison; reflective input names present
20260430_224202,6a5a0955f8d548fcb616fe5905cdc342,26df97e3a64544d2aaaa2dbe3401078a,,path_analyze.form_depth_1,1,xss_candidate,,path_candidate,0.32,False,,run_xss_scan,authenticated context can support object comparison; reflective input names present
20260430_224202,591ce889720a4dcfbdad32dac9b75a65,7fc3d3ba03f5440b99732115900478d3,,path_analyze.form_depth_1,1,xss_candidate,,path_candidate,0.32,False,,run_xss_scan,authenticated context can support object comparison; reflective input names present
20260430_224202,713f8f8be1884b8fb7e1474ee4aaa033,591ce889720a4dcfbdad32dac9b75a65,,path_analyze.page.depth_2,1,header_misconfiguration_candidate,,path_crawl_page,0.46,False,,run_header_scan,authenticated context can support object comparison; reflective input names present; html response lacks csp signal; html response has weak security header coverage
multi_full_20260430_232210_0004,db64a07a5a7148608eb6016808d5d5df,,,recon.track_redirects,1,header_injection_candidate,,passive_trace,0.74,False,,run_header_scan,html response lacks csp signal; override style request header present; html response has weak security header coverage; server banner disclosed
multi_full_20260430_232210_0006,47e3b6a23cf241169bd495b3bcaf1cb0,,,recon.track_redirects,1,header_injection_candidate,,passive_trace,0.74,False,,run_header_scan,response exposes filesystem paths; override style request header present; server banner disclosed
multi_full_20260430_232210_0003,e28a78aede774b24b33fe694540e7142,,,recon.track_redirects,1,header_injection_candidate,,passive_trace,0.74,False,,run_header_scan,override style request header present; server banner disclosed
multi_full_20260430_232210_0001,ded367bc255345f2b62b10517cad521b,,,recon.track_redirects,1,header_injection_candidate,,passive_trace,0.74,False,,run_header_scan,html response lacks csp signal; override style request header present; server banner disclosed
multi_full_20260430_232210_0002,b1e39f4a0abf41b5b128b97e5f1349d3,,,recon.track_redirects,1,header_injection_candidate,,passive_trace,0.74,False,,run_header_scan,html response lacks csp signal; response exposes filesystem paths; override style request header present; html response has weak security header coverage
multi_full_20260430_232210_0005,8a2c856826524ef699e15609064f8e97,,,recon.track_redirects,1,header_injection_candidate,,passive_trace,0.74,False,,run_header_scan,override style request header present; server banner disclosed
multi_full_20260430_232210_0004,e88b0a4c258b4230912ae7d0c4bf112f,db64a07a5a7148608eb6016808d5d5df,,recon.track_redirects,1,header_injection_candidate,,passive_trace,0.74,False,,run_header_scan,authenticated context can support object comparison; html response lacks csp signal; response exposes filesystem paths; override style request header present
multi_full_20260430_232210_0006,95e43e3d59fb42658c6f6a0c75616ec3,47e3b6a23cf241169bd495b3bcaf1cb0,,recon.response_analysis,0,low_value_static,,response_analysis,0.0,False,,skip_heavy_scan,no strong passive signal
multi_full_20260430_232210_0003,8bbcd9880f484b81b370367d439a0f20,e28a78aede774b24b33fe694540e7142,,recon.track_redirects,1,header_injection_candidate,,passive_trace,0.74,False,,run_header_scan,authenticated context can support object comparison; html response lacks csp signal; override style request header present; html response has weak security header coverage
multi_full_20260430_232210_0007,4dc2cce1d38945809188ea951c43e98d,,,recon.track_redirects,1,header_injection_candidate,,passive_trace,0.74,False,,run_header_scan,response exposes filesystem paths; override style request header present; server banner disclosed
multi_full_20260430_232210_0002,fefb7796f3c443639d4343d5ee3c686e,b1e39f4a0abf41b5b128b97e5f1349d3,,recon.response_analysis,0,low_value_static,,response_analysis,0.0,False,,skip_heavy_scan,no strong passive signal
multi_full_20260430_232210_0001,06500291b48244f99c922895bb68aa7a,ded367bc255345f2b62b10517cad521b,,recon.track_redirects,1,header_injection_candidate,,passive_trace,0.74,False,,run_header_scan,html response lacks csp signal; override style request header present; server banner disclosed
multi_full_20260430_232210_0005,da51eb0a67f446f3b9f52be040bdcb02,8a2c856826524ef699e15609064f8e97,,recon.response_analysis,0,low_value_static,,response_analysis,0.0,False,,skip_heavy_scan,no strong passive signal
multi_full_20260430_232210_0003,0aea201b18f14c3d9fdcd83d5100b444,8bbcd9880f484b81b370367d439a0f20,,recon.response_analysis,0,low_value_static,,response_analysis,0.0,False,,skip_heavy_scan,no strong passive signal
multi_full_20260430_232210_0004,3cc14c699df6412daf2147f7370b81db,e88b0a4c258b4230912ae7d0c4bf112f,,recon.response_analysis,0,low_value_static,,response_analysis,0.0,False,,skip_heavy_scan,no strong passive signal
multi_full_20260430_232210_0007,b17d3b0aad6d4c43bcc725a227958866,4dc2cce1d38945809188ea951c43e98d,,recon.response_analysis,0,low_value_static,,response_analysis,0.0,False,,skip_heavy_scan,no strong passive signal
multi_full_20260430_232210_0001,686ab396950d4c2393aa1419f1d4b303,06500291b48244f99c922895bb68aa7a,,recon.response_analysis,1,open_redirect_candidate,,response_analysis,0.74,False,,skip_heavy_scan,reflective input names present; redirect style parameters present
multi_full_20260430_232210_0003,1e67f10358354239af1b6cbf145ce474,,,path_analyze.page.depth_0,1,header_misconfiguration_candidate,,path_crawl_page,0.54,False,,run_header_scan,interactive html page; html response lacks csp signal; html response has weak security header coverage; server banner disclosed
multi_full_20260430_232210_0003,bab0dc7e3d1547c7b625e11399e65c48,1e67f10358354239af1b6cbf145ce474,,path_analyze.form_depth_0,0,low_value_static,,path_candidate,0.0,False,,skip_heavy_scan,no strong passive signal
multi_full_20260430_232210_0003,875fd65aadba43149246f1e37322889e,bab0dc7e3d1547c7b625e11399e65c48,,path_analyze.form_depth_0,0,low_value_static,,path_candidate,0.0,False,,skip_heavy_scan,no strong passive signal
multi_full_20260430_232210_0003,22e481e7343a491bac4ad75f7c91a866,875fd65aadba43149246f1e37322889e,,path_analyze.page.depth_1,1,header_misconfiguration_candidate,,path_crawl_page,0.54,False,,run_header_scan,authenticated context can support object comparison; interactive html page; html response lacks csp signal; html response has weak security header coverage
multi_full_20260430_232210_0003,eeb5ee2e33ac4824b4b2012347fc796d,875fd65aadba43149246f1e37322889e,,path_analyze.page.depth_1,1,header_misconfiguration_candidate,,path_crawl_page,0.54,False,,run_header_scan,authenticated context can support object comparison; interactive html page; html response lacks csp signal; html response has weak security header coverage
multi_full_20260430_232210_0003,9de1deca055340508e11b850b81133fd,875fd65aadba43149246f1e37322889e,,path_analyze.page.depth_1,1,header_misconfiguration_candidate,,path_crawl_page,0.54,False,,run_header_scan,authenticated context can support object comparison; interactive html page; html response lacks csp signal; html response has weak security header coverage
multi_full_20260430_232210_0003,aff9f45d5b2046bcbd29c6d71e14c0f0,875fd65aadba43149246f1e37322889e,,path_analyze.page.depth_1,1,header_misconfiguration_candidate,,path_crawl_page,0.54,False,,run_header_scan,authenticated context can support object comparison; interactive html page; html response lacks csp signal; html response has weak security header coverage
multi_full_20260430_232210_0003,2096b946f5744ebc860cd8afb9b2577e,875fd65aadba43149246f1e37322889e,,path_analyze.page.depth_1,1,header_misconfiguration_candidate,,path_crawl_page,0.54,False,,run_header_scan,authenticated context can support object comparison; interactive html page; html response lacks csp signal; html response has weak security header coverage
multi_full_20260430_232210_0003,74c1d0459b8544c8b9cd7611af220608,875fd65aadba43149246f1e37322889e,,path_analyze.page.depth_1,1,header_misconfiguration_candidate,,path_crawl_page,0.54,False,,run_header_scan,authenticated context can support object comparison; interactive html page; html response lacks csp signal; html response has weak security header coverage
multi_full_20260430_232210_0003,3d28059ae9ee4fbabdbcf9a50f87f991,22e481e7343a491bac4ad75f7c91a866,,path_analyze.page.depth_1,1,header_misconfiguration_candidate,,path_crawl_page,0.54,False,,run_header_scan,authenticated context can support object comparison; interactive html page; html response lacks csp signal; html response has weak security header coverage
multi_full_20260430_232210_0003,5e1d2e5c98434ccea288992cf5de87dd,22e481e7343a491bac4ad75f7c91a866,,path_analyze.page.depth_1,1,xss_candidate,,path_crawl_page,0.34,False,,run_xss_scan,authenticated context can support object comparison; interactive html page; html response lacks csp signal; server banner disclosed
multi_full_20260430_232210_0003,ee5a53b590914cf5b9e0a1f0d376dd11,5e1d2e5c98434ccea288992cf5de87dd,,path_analyze.page.depth_1,1,header_misconfiguration_candidate,,path_crawl_page,0.54,False,,run_header_scan,authenticated context can support object comparison; interactive html page; html response lacks csp signal; html response has weak security header coverage
multi_full_20260430_232210_0003,5ee8fc3ee4ab485db33d311741031fb4,ee5a53b590914cf5b9e0a1f0d376dd11,,path_analyze.page.depth_1,1,header_misconfiguration_candidate,,path_crawl_page,0.54,False,,run_header_scan,authenticated context can support object comparison; interactive html page; html response lacks csp signal; html response has weak security header coverage
multi_full_20260430_232210_0003,3e6caafc15904258b1eefe0c7edd0a6f,5ee8fc3ee4ab485db33d311741031fb4,,path_analyze.form_depth_1,0,low_value_static,,path_candidate,0.0,False,,skip_heavy_scan,no strong passive signal
multi_full_20260430_232210_0003,7927a955358244f1b6f6c24505c622fc,5ee8fc3ee4ab485db33d311741031fb4,,path_analyze.form_depth_1,0,low_value_static,,path_candidate,0.0,False,,skip_heavy_scan,no strong passive signal
multi_full_20260430_232210_0003,2a3f678c48b742a7af181790370b2005,5ee8fc3ee4ab485db33d311741031fb4,,path_analyze.form_depth_1,0,low_value_static,,path_candidate,0.0,False,,skip_heavy_scan,no strong passive signal
multi_full_20260430_232210_0003,0ce1ac2fc6d847f59eee5050bede0243,5ee8fc3ee4ab485db33d311741031fb4,,path_analyze.form_depth_1,0,low_value_static,,path_candidate,0.0,False,,skip_heavy_scan,no strong passive signal
multi_full_20260430_232210_0003,7a5d215c90254eb1a76df07e649514fb,3e6caafc15904258b1eefe0c7edd0a6f,,path_analyze.form_depth_1,0,low_value_static,,path_candidate,0.0,False,,skip_heavy_scan,no strong passive signal
multi_full_20260430_232210_0003,62439b7230d447efa15e70b49bff18fe,3e6caafc15904258b1eefe0c7edd0a6f,,path_analyze.form_depth_1,0,low_value_static,,path_candidate,0.0,False,,skip_heavy_scan,no strong passive signal
multi_full_20260430_232210_0003,0778b528869145d580c42a8b143044de,3e6caafc15904258b1eefe0c7edd0a6f,,path_analyze.form_depth_1,0,low_value_static,,path_candidate,0.0,False,,skip_heavy_scan,no strong passive signal
multi_full_20260430_232210_0003,4a2b1d0cdcbd46b4b6f4265c30cce9f4,7927a955358244f1b6f6c24505c622fc,,path_analyze.form_depth_1,0,low_value_static,,path_candidate,0.0,False,,skip_heavy_scan,no strong passive signal
multi_full_20260430_232210_0003,f1bf4168b1574d1b8ab36bd650d50257,7927a955358244f1b6f6c24505c622fc,,path_analyze.form_depth_1,0,low_value_static,,path_candidate,0.0,False,,skip_heavy_scan,no strong passive signal
multi_full_20260430_232210_0003,0ba391cfd0b54746a9f9153e7e059f0a,0ce1ac2fc6d847f59eee5050bede0243,,path_analyze.form_depth_1,0,low_value_static,,path_candidate,0.0,False,,skip_heavy_scan,no strong passive signal
multi_full_20260430_232210_0003,6ebd6c21d38141b0a754802e5b8c948d,2a3f678c48b742a7af181790370b2005,,path_analyze.form_depth_1,0,low_value_static,,path_candidate,0.0,False,,skip_heavy_scan,no strong passive signal
multi_full_20260430_232210_0003,8086ab31afdb4cf9973d16bde028f6bd,7a5d215c90254eb1a76df07e649514fb,,path_analyze.form_depth_1,0,low_value_static,,path_candidate,0.0,False,,skip_heavy_scan,no strong passive signal
multi_full_20260430_232210_0003,e8add5cc64794313a9602cab918efef5,7a5d215c90254eb1a76df07e649514fb,,path_analyze.form_depth_1,0,low_value_static,,path_candidate,0.0,False,,skip_heavy_scan,no strong passive signal
multi_full_20260430_232210_0003,755b6f73e6cb4bbaab1993d49df16ea5,62439b7230d447efa15e70b49bff18fe,,path_analyze.form_depth_1,0,low_value_static,,path_candidate,0.0,False,,skip_heavy_scan,no strong passive signal
multi_full_20260430_232210_0003,302ce5696d804942ba387f8cc6c2d40b,f1bf4168b1574d1b8ab36bd650d50257,,path_analyze.form_depth_1,0,low_value_static,,path_candidate,0.0,False,,skip_heavy_scan,no strong passive signal
multi_full_20260430_232210_0003,691d7d74bcaf4514aa193520d6fd78c7,755b6f73e6cb4bbaab1993d49df16ea5,,path_analyze.form_depth_1,0,low_value_static,,path_candidate,0.0,False,,skip_heavy_scan,no strong passive signal
multi_full_20260430_232210_0003,562f2ff33ced457eacfc0828f9115a66,691d7d74bcaf4514aa193520d6fd78c7,,path_analyze.form_depth_1,0,low_value_static,,path_candidate,0.0,False,,skip_heavy_scan,no strong passive signal
multi_full_20260430_232210_0003,a547a634f1d54d1c80700e686087c020,691d7d74bcaf4514aa193520d6fd78c7,,path_analyze.form_depth_1,0,low_value_static,,path_candidate,0.0,False,,skip_heavy_scan,no strong passive signal
multi_full_20260430_232210_0003,4b6c104ec89f427eb3770161d8f6125e,562f2ff33ced457eacfc0828f9115a66,,path_analyze.page.depth_1,1,header_misconfiguration_candidate,,path_crawl_page,0.54,False,,run_header_scan,authenticated context can support object comparison; interactive html page; html response lacks csp signal; html response has weak security header coverage
multi_full_20260430_232210_0003,814fd7c1b11d4f8980161dbf649c31c3,a547a634f1d54d1c80700e686087c020,,path_analyze.form_depth_1,0,low_value_static,,path_candidate,0.0,False,,skip_heavy_scan,no strong passive signal
multi_full_20260430_232210_0003,67f5397bb9374c979565737b77374bc8,4b6c104ec89f427eb3770161d8f6125e,,path_analyze.page.depth_1,1,header_misconfiguration_candidate,,path_crawl_page,0.54,False,,run_header_scan,authenticated context can support object comparison; interactive html page; html response lacks csp signal; html response has weak security header coverage
multi_full_20260430_232210_0003,cec73016ccf34bc588b5fa2b24070c3b,4b6c104ec89f427eb3770161d8f6125e,,path_analyze.page.depth_1,1,header_misconfiguration_candidate,,path_crawl_page,0.54,False,,run_header_scan,authenticated context can support object comparison; interactive html page; html response lacks csp signal; html response has weak security header coverage
multi_full_20260430_232210_0003,a5c414b008754262b76adfaffbf6571f,4b6c104ec89f427eb3770161d8f6125e,,path_analyze.page.depth_1,1,header_misconfiguration_candidate,,path_crawl_page,0.54,False,,run_header_scan,authenticated context can support object comparison; interactive html page; html response lacks csp signal; html response has weak security header coverage
multi_full_20260430_232210_0003,aeeb57f8c4ed4b44a6ec7c583186316c,814fd7c1b11d4f8980161dbf649c31c3,,path_analyze.page.depth_1,1,header_misconfiguration_candidate,,path_crawl_page,0.54,False,,run_header_scan,authenticated context can support object comparison; interactive html page; html response lacks csp signal; html response has weak security header coverage
multi_full_20260430_232210_0003,8012ae6090cc4aabaf28cf06c62add2e,4b6c104ec89f427eb3770161d8f6125e,,path_analyze.page.depth_1,1,header_misconfiguration_candidate,,path_crawl_page,0.54,False,,run_header_scan,authenticated context can support object comparison; interactive html page; html response lacks csp signal; html response has weak security header coverage
multi_full_20260430_232210_0003,013feb0fcafa4ab1ab971e2211b56c2f,814fd7c1b11d4f8980161dbf649c31c3,,path_analyze.page.depth_1,1,header_misconfiguration_candidate,,path_crawl_page,0.54,False,,run_header_scan,authenticated context can support object comparison; interactive html page; html response lacks csp signal; html response has weak security header coverage
multi_full_20260430_232210_0003,6adcd829e7634d81b5acfa7db07f717d,814fd7c1b11d4f8980161dbf649c31c3,,path_analyze.page.depth_1,1,header_misconfiguration_candidate,,path_crawl_page,0.54,False,,run_header_scan,authenticated context can support object comparison; interactive html page; html response lacks csp signal; html response has weak security header coverage
multi_full_20260430_232210_0003,4c6c1a36a5ff49c98bd6ef969b20c5f0,67f5397bb9374c979565737b77374bc8,,path_analyze.page.depth_1,1,header_misconfiguration_candidate,,path_crawl_page,0.54,False,,run_header_scan,authenticated context can support object comparison; interactive html page; html response lacks csp signal; html response has weak security header coverage
multi_full_20260430_232210_0003,555915b717e343b3b828e5625d8f2354,a5c414b008754262b76adfaffbf6571f,,path_analyze.page.depth_1,1,header_misconfiguration_candidate,,path_crawl_page,0.54,False,,run_header_scan,authenticated context can support object comparison; interactive html page; html response lacks csp signal; html response has weak security header coverage
multi_full_20260430_232210_0003,bdc479fa095848198aedc9bd86735199,555915b717e343b3b828e5625d8f2354,,path_analyze.form_depth_1,0,low_value_static,,path_candidate,0.0,False,,skip_heavy_scan,no strong passive signal
multi_full_20260430_232210_0003,9e093bd365bf460e90784c7b10569b04,bdc479fa095848198aedc9bd86735199,,path_analyze.form_depth_1,0,low_value_static,,path_candidate,0.0,False,,skip_heavy_scan,no strong passive signal
multi_full_20260430_232210_0003,eb444e1f03494a939e56575b3eaa254a,555915b717e343b3b828e5625d8f2354,,path_analyze.form_depth_1,0,low_value_static,,path_candidate,0.0,False,,skip_heavy_scan,no strong passive signal
multi_full_20260430_232210_0003,3e02a7a8270b42699ec1258cbb01c221,bdc479fa095848198aedc9bd86735199,,path_analyze.form_depth_1,0,low_value_static,,path_candidate,0.0,False,,skip_heavy_scan,no strong passive signal
multi_full_20260430_232210_0003,b83e0e63bf414e8998945f57dcfb8d11,bdc479fa095848198aedc9bd86735199,,path_analyze.form_depth_1,0,low_value_static,,path_candidate,0.0,False,,skip_heavy_scan,no strong passive signal
multi_full_20260430_232210_0003,267a2a480051423cab0223c1cc74a771,bdc479fa095848198aedc9bd86735199,,path_analyze.form_depth_1,0,low_value_static,,path_candidate,0.0,False,,skip_heavy_scan,no strong passive signal
multi_full_20260430_232210_0003,2af3a03f56f7410dbc639aa2878db9d1,bdc479fa095848198aedc9bd86735199,,path_analyze.form_depth_1,0,low_value_static,,path_candidate,0.0,False,,skip_heavy_scan,no strong passive signal
multi_full_20260430_232210_0003,2eab19f38619496883b9c69eaf70671a,9e093bd365bf460e90784c7b10569b04,,path_analyze.form_depth_1,0,low_value_static,,path_candidate,0.0,False,,skip_heavy_scan,no strong passive signal
multi_full_20260430_232210_0003,dcbddac495a24cfcbbe964e74431ebb7,9e093bd365bf460e90784c7b10569b04,,path_analyze.form_depth_1,0,low_value_static,,path_candidate,0.0,False,,skip_heavy_scan,no strong passive signal
multi_full_20260430_232210_0003,3a90c030c1ad40deac07c6a4ea719692,b83e0e63bf414e8998945f57dcfb8d11,,path_analyze.form_depth_1,0,low_value_static,,path_candidate,0.0,False,,skip_heavy_scan,no strong passive signal
multi_full_20260430_232210_0003,15985d9b29ae4be78c2255cffa679d88,3e02a7a8270b42699ec1258cbb01c221,,path_analyze.form_depth_1,0,low_value_static,,path_candidate,0.0,False,,skip_heavy_scan,no strong passive signal
multi_full_20260430_232210_0003,03f14d6019f849e591e9ed4a78f9e85f,eb444e1f03494a939e56575b3eaa254a,,path_analyze.form_depth_1,0,low_value_static,,path_candidate,0.0,False,,skip_heavy_scan,no strong passive signal
multi_full_20260430_232210_0003,854bdccc34f14f52a50ba07d754c3f0c,eb444e1f03494a939e56575b3eaa254a,,path_analyze.form_depth_1,0,low_value_static,,path_candidate,0.0,False,,skip_heavy_scan,no strong passive signal
multi_full_20260430_232210_0003,c85a7d17401c42ad8f669b2d662cfd1d,eb444e1f03494a939e56575b3eaa254a,,path_analyze.form_depth_1,0,low_value_static,,path_candidate,0.0,False,,skip_heavy_scan,no strong passive signal
multi_full_20260430_232210_0003,9ee1757e56334b88b7167f2e238ff1f5,2af3a03f56f7410dbc639aa2878db9d1,,path_analyze.form_depth_1,0,low_value_static,,path_candidate,0.0,False,,skip_heavy_scan,no strong passive signal
multi_full_20260430_232210_0003,532939908dc344679bea92741c8fb064,2af3a03f56f7410dbc639aa2878db9d1,,path_analyze.form_depth_1,0,low_value_static,,path_candidate,0.0,False,,skip_heavy_scan,no strong passive signal
multi_full_20260430_232210_0003,9df2ad69ac9f45afb34e06decc961739,b83e0e63bf414e8998945f57dcfb8d11,,path_analyze.form_depth_1,0,low_value_static,,path_candidate,0.0,False,,skip_heavy_scan,no strong passive signal
multi_full_20260430_232210_0003,f924a018b6d6452e81b11c18cf618fd7,2eab19f38619496883b9c69eaf70671a,,path_analyze.form_depth_1,0,low_value_static,,path_candidate,0.0,False,,skip_heavy_scan,no strong passive signal
multi_full_20260430_232210_0003,4938d925e816412589a5c24c0d1ced8d,dcbddac495a24cfcbbe964e74431ebb7,,path_analyze.form_depth_1,0,low_value_static,,path_candidate,0.0,False,,skip_heavy_scan,no strong passive signal
multi_full_20260430_232210_0003,41f244ed441641ba848482f855e7a21e,854bdccc34f14f52a50ba07d754c3f0c,,path_analyze.form_depth_1,0,low_value_static,,path_candidate,0.0,False,,skip_heavy_scan,no strong passive signal
multi_full_20260430_232210_0003,3139da64da3746fb8af2c8edb6495c9f,854bdccc34f14f52a50ba07d754c3f0c,,path_analyze.form_depth_1,0,low_value_static,,path_candidate,0.0,False,,skip_heavy_scan,no strong passive signal
multi_full_20260430_232210_0003,db3129678eba4b1baf4d92ef3776d8a7,9df2ad69ac9f45afb34e06decc961739,,path_analyze.form_depth_1,0,low_value_static,,path_candidate,0.0,False,,skip_heavy_scan,no strong passive signal
multi_full_20260430_232210_0003,5a1651642e044c10b1d420b7d04e2723,f924a018b6d6452e81b11c18cf618fd7,,path_analyze.form_depth_1,0,low_value_static,,path_candidate,0.0,False,,skip_heavy_scan,no strong passive signal
multi_full_20260430_232210_0003,f9f0e207eb0d436f8a3bf7cd89bcff8b,db3129678eba4b1baf4d92ef3776d8a7,,path_analyze.form_depth_1,0,low_value_static,,path_candidate,0.0,False,,skip_heavy_scan,no strong passive signal
multi_full_20260430_232210_0003,f16c77af8c774f5f8ea4c763dc9bf208,f9f0e207eb0d436f8a3bf7cd89bcff8b,,path_analyze.page.depth_1,1,header_misconfiguration_candidate,,path_crawl_page,0.54,False,,run_header_scan,authenticated context can support object comparison; interactive html page; html response lacks csp signal; html response has weak security header coverage
multi_full_20260430_232210_0003,8f37a1f3704f4baba044dfd31c8c0082,f9f0e207eb0d436f8a3bf7cd89bcff8b,,path_analyze.page.depth_1,1,header_misconfiguration_candidate,,path_crawl_page,0.54,False,,run_header_scan,authenticated context can support object comparison; interactive html page; html response lacks csp signal; html response has weak security header coverage
multi_full_20260430_232210_0003,d2da5268e6e648719574d8eb52097a1e,f9f0e207eb0d436f8a3bf7cd89bcff8b,,path_analyze.page.depth_1,1,header_misconfiguration_candidate,,path_crawl_page,0.54,False,,run_header_scan,authenticated context can support object comparison; interactive html page; html response lacks csp signal; html response has weak security header coverage
multi_full_20260430_232210_0003,c3eaa99ca91248bba5ac36baed6d5ad9,f9f0e207eb0d436f8a3bf7cd89bcff8b,,path_analyze.page.depth_1,1,header_misconfiguration_candidate,,path_crawl_page,0.54,False,,run_header_scan,authenticated context can support object comparison; interactive html page; html response lacks csp signal; html response has weak security header coverage
multi_full_20260430_232210_0003,aa80457ab5304f01b83cc8df660607b1,f9f0e207eb0d436f8a3bf7cd89bcff8b,,path_analyze.page.depth_1,1,header_misconfiguration_candidate,,path_crawl_page,0.54,False,,run_header_scan,authenticated context can support object comparison; interactive html page; html response lacks csp signal; html response has weak security header coverage
multi_full_20260430_232210_0003,fc22ff57137f483faa383670473aa2c0,f9f0e207eb0d436f8a3bf7cd89bcff8b,,path_analyze.page.depth_1,1,header_misconfiguration_candidate,,path_crawl_page,0.54,False,,run_header_scan,authenticated context can support object comparison; interactive html page; html response lacks csp signal; html response has weak security header coverage
multi_full_20260430_232210_0003,28e2a331a00749d69d4f9f61942b83a7,f9f0e207eb0d436f8a3bf7cd89bcff8b,,path_analyze.page.depth_1,1,header_misconfiguration_candidate,,path_crawl_page,0.54,False,,run_header_scan,authenticated context can support object comparison; interactive html page; html response lacks csp signal; html response has weak security header coverage
multi_full_20260430_232210_0003,9852e3a2069143d4aa70d7b259f1b0f8,f9f0e207eb0d436f8a3bf7cd89bcff8b,,path_analyze.page.depth_1,1,header_misconfiguration_candidate,,path_crawl_page,0.54,False,,run_header_scan,authenticated context can support object comparison; interactive html page; html response lacks csp signal; html response has weak security header coverage
multi_full_20260430_232210_0003,c9224f03d132413c9660d73861f12eaf,f9f0e207eb0d436f8a3bf7cd89bcff8b,,path_analyze.page.depth_1,1,header_misconfiguration_candidate,,path_crawl_page,0.54,False,,run_header_scan,authenticated context can support object comparison; interactive html page; html response lacks csp signal; html response has weak security header coverage
multi_full_20260430_232210_0003,9e7a64cae36c46e895ca8d199b1bb010,f9f0e207eb0d436f8a3bf7cd89bcff8b,,path_analyze.page.depth_1,1,header_misconfiguration_candidate,,path_crawl_page,0.54,False,,run_header_scan,authenticated context can support object comparison; interactive html page; html response lacks csp signal; html response has weak security header coverage
multi_full_20260430_232210_0002,249ae42115684f17b97a63865edea6b3,,,path_analyze.page.depth_0,1,header_misconfiguration_candidate,,path_crawl_page,0.54,False,,run_header_scan,html response lacks csp signal; response exposes filesystem paths; html response has weak security header coverage; server banner disclosed
multi_full_20260430_232210_0003,fe5be53a92f24bad975bca1ebdf9a00d,28e2a331a00749d69d4f9f61942b83a7,,path_analyze.page.depth_1,1,header_misconfiguration_candidate,,path_crawl_page,0.54,False,,run_header_scan,authenticated context can support object comparison; interactive html page; html response lacks csp signal; html response has weak security header coverage
multi_full_20260430_232210_0003,8d660a6e9cfe4cecbde2112f1f1fa61a,28e2a331a00749d69d4f9f61942b83a7,,path_analyze.page.depth_1,1,header_misconfiguration_candidate,,path_crawl_page,0.54,False,,run_header_scan,authenticated context can support object comparison; interactive html page; html response lacks csp signal; html response has weak security header coverage
multi_full_20260430_232210_0003,994721ba977b4b7c97928931c5e1c47d,8d660a6e9cfe4cecbde2112f1f1fa61a,,path_analyze.form_depth_1,0,low_value_static,,path_candidate,0.0,False,,skip_heavy_scan,no strong passive signal
multi_full_20260430_232210_0003,b4ea27639450459199463e4193e8c68c,8d660a6e9cfe4cecbde2112f1f1fa61a,,path_analyze.form_depth_1,0,low_value_static,,path_candidate,0.0,False,,skip_heavy_scan,no strong passive signal
multi_full_20260430_232210_0003,e6e0c6c8cad24c09b889eade5a5767fd,8d660a6e9cfe4cecbde2112f1f1fa61a,,path_analyze.form_depth_1,0,low_value_static,,path_candidate,0.0,False,,skip_heavy_scan,no strong passive signal
multi_full_20260430_232210_0003,cbe5c3bca51e4bca9e81402c8cad9036,8d660a6e9cfe4cecbde2112f1f1fa61a,,path_analyze.form_depth_1,0,low_value_static,,path_candidate,0.0,False,,skip_heavy_scan,no strong passive signal
multi_full_20260430_232210_0003,6051aa4c3d0b4c66acb9bfc6a72c43f7,8d660a6e9cfe4cecbde2112f1f1fa61a,,path_analyze.form_depth_1,0,low_value_static,,path_candidate,0.0,False,,skip_heavy_scan,no strong passive signal
multi_full_20260430_232210_0003,6a70206ca2f04428890486af87804ab5,8d660a6e9cfe4cecbde2112f1f1fa61a,,path_analyze.form_depth_1,0,low_value_static,,path_candidate,0.0,False,,skip_heavy_scan,no strong passive signal
multi_full_20260430_232210_0003,9ebc340153a34178a12e0aad61fd996a,8d660a6e9cfe4cecbde2112f1f1fa61a,,path_analyze.form_depth_1,0,low_value_static,,path_candidate,0.0,False,,skip_heavy_scan,no strong passive signal
multi_full_20260430_232210_0003,93eaa478d0dc4394b34891b8d38d5913,8d660a6e9cfe4cecbde2112f1f1fa61a,,path_analyze.form_depth_1,0,low_value_static,,path_candidate,0.0,False,,skip_heavy_scan,no strong passive signal
multi_full_20260430_232210_0003,7e77940d2e774d54b7f57a6ef89ee3d1,8d660a6e9cfe4cecbde2112f1f1fa61a,,path_analyze.form_depth_1,0,low_value_static,,path_candidate,0.0,False,,skip_heavy_scan,no strong passive signal
multi_full_20260430_232210_0003,1504ab10d08c4431a1b231d8b8440556,994721ba977b4b7c97928931c5e1c47d,,path_analyze.form_depth_1,0,low_value_static,,path_candidate,0.0,False,,skip_heavy_scan,no strong passive signal
multi_full_20260430_232210_0003,cfe5907edbaf44dd919b4c749f45789e,8d660a6e9cfe4cecbde2112f1f1fa61a,,path_analyze.form_depth_1,0,low_value_static,,path_candidate,0.0,False,,skip_heavy_scan,no strong passive signal
multi_full_20260430_232210_0003,694af9e28c034b6db86e70df21cd817c,e6e0c6c8cad24c09b889eade5a5767fd,,path_analyze.form_depth_1,0,low_value_static,,path_candidate,0.0,False,,skip_heavy_scan,no strong passive signal
multi_full_20260430_232210_0003,39d00629f4b84049ada5d06573bd9322,b4ea27639450459199463e4193e8c68c,,path_analyze.form_depth_1,0,low_value_static,,path_candidate,0.0,False,,skip_heavy_scan,no strong passive signal
multi_full_20260430_232210_0003,ca5d34ded4864eed998e148cf409856d,e6e0c6c8cad24c09b889eade5a5767fd,,path_analyze.form_depth_1,0,low_value_static,,path_candidate,0.0,False,,skip_heavy_scan,no strong passive signal
multi_full_20260430_232210_0003,df43e7f06fc348fd873bd436ee65eb9a,cbe5c3bca51e4bca9e81402c8cad9036,,path_analyze.form_depth_1,0,low_value_static,,path_candidate,0.0,False,,skip_heavy_scan,no strong passive signal
multi_full_20260430_232210_0003,d7857cde8c59452381eef680e5d53991,cbe5c3bca51e4bca9e81402c8cad9036,,path_analyze.form_depth_1,0,low_value_static,,path_candidate,0.0,False,,skip_heavy_scan,no strong passive signal
multi_full_20260430_232210_0003,c0706256870c4c9ba979ab7c803554a0,cbe5c3bca51e4bca9e81402c8cad9036,,path_analyze.form_depth_1,0,low_value_static,,path_candidate,0.0,False,,skip_heavy_scan,no strong passive signal
multi_full_20260430_232210_0003,f92152d68fb14bc0afdb53ad19757ca5,6a70206ca2f04428890486af87804ab5,,path_analyze.form_depth_1,0,low_value_static,,path_candidate,0.0,False,,skip_heavy_scan,no strong passive signal
multi_full_20260430_232210_0003,a484d298b40f4de2ae6befbfd5af5bff,93eaa478d0dc4394b34891b8d38d5913,,path_analyze.form_depth_1,0,low_value_static,,path_candidate,0.0,False,,skip_heavy_scan,no strong passive signal
multi_full_20260430_232210_0003,87afd5e494ff48dd993f2fd87eb02c11,93eaa478d0dc4394b34891b8d38d5913,,path_analyze.form_depth_1,0,low_value_static,,path_candidate,0.0,False,,skip_heavy_scan,no strong passive signal
multi_full_20260430_232210_0003,16686a825b1e41408a262fd9e16255a8,7e77940d2e774d54b7f57a6ef89ee3d1,,path_analyze.form_depth_1,0,low_value_static,,path_candidate,0.0,False,,skip_heavy_scan,no strong passive signal
multi_full_20260430_232210_0002,c63a4c94358d41209532130273fa02e4,249ae42115684f17b97a63865edea6b3,,path_analyze.resource-src,1,open_redirect_candidate,,path_candidate,0.74,False,,skip_heavy_scan,parameter values look like file paths; reflective input names present; redirect style parameters present
multi_full_20260430_232210_0003,94fd328bd00e40e0aa14526920094759,cfe5907edbaf44dd919b4c749f45789e,,path_analyze.form_depth_1,0,low_value_static,,path_candidate,0.0,False,,skip_heavy_scan,no strong passive signal
multi_full_20260430_232210_0003,2078653e0d6c408fa0cfebc21a31e3ee,39d00629f4b84049ada5d06573bd9322,,path_analyze.form_depth_1,0,low_value_static,,path_candidate,0.0,False,,skip_heavy_scan,no strong passive signal
multi_full_20260430_232210_0003,39654739a300451a89bcfed01fdcba32,df43e7f06fc348fd873bd436ee65eb9a,,path_analyze.form_depth_1,0,low_value_static,,path_candidate,0.0,False,,skip_heavy_scan,no strong passive signal
multi_full_20260430_232210_0002,f7382cf8a014432a8c31c3bcdc9d27ac,c63a4c94358d41209532130273fa02e4,,path_analyze.resource-src,1,open_redirect_candidate,,path_candidate,0.74,False,,skip_heavy_scan,parameter values look like file paths; reflective input names present; redirect style parameters present
multi_full_20260430_232210_0002,6195228dcf054caf87f259bda91bde9b,f7382cf8a014432a8c31c3bcdc9d27ac,,path_analyze.resource-src,1,open_redirect_candidate,,path_candidate,0.74,False,,skip_heavy_scan,parameter values look like file paths; reflective input names present; redirect style parameters present
multi_full_20260430_232210_0003,389a1a570fb440bb819a1730748b3e08,2078653e0d6c408fa0cfebc21a31e3ee,,path_analyze.page.depth_1,1,header_misconfiguration_candidate,,path_crawl_page,0.54,False,,run_header_scan,authenticated context can support object comparison; html response lacks csp signal; html response has weak security header coverage; server banner disclosed
multi_full_20260430_232210_0002,6f7e587d08e94a3ab0f645ea76a28865,6195228dcf054caf87f259bda91bde9b,,path_analyze.resource-src,1,open_redirect_candidate,,path_candidate,0.74,False,,skip_heavy_scan,parameter values look like file paths; reflective input names present; redirect style parameters present
multi_full_20260430_232210_0002,6fa0c836f0be424295448ff64e2bb064,6f7e587d08e94a3ab0f645ea76a28865,,path_analyze.resource-src,1,open_redirect_candidate,,path_candidate,0.74,False,,skip_heavy_scan,parameter values look like file paths; reflective input names present; redirect style parameters present
multi_full_20260430_232210_0003,6ab68431db7b462985d57d800543d509,389a1a570fb440bb819a1730748b3e08,,path_analyze.page.depth_1,1,header_misconfiguration_candidate,,path_crawl_page,0.54,False,,run_header_scan,authenticated context can support object comparison; interactive html page; html response lacks csp signal; html response has weak security header coverage
multi_full_20260430_232210_0003,6be1d4b8fe1e4231a67009bf72d4e914,389a1a570fb440bb819a1730748b3e08,,path_analyze.page.depth_1,1,xss_candidate,,path_crawl_page,0.66,False,,run_xss_scan,authenticated context can support object comparison; reflective input names present; interactive html page; html response lacks csp signal
multi_full_20260430_232210_0003,c5964c89925047ae94491aa653afcc41,389a1a570fb440bb819a1730748b3e08,,path_analyze.page.depth_1,1,header_misconfiguration_candidate,,path_crawl_page,0.54,False,,run_header_scan,authenticated context can support object comparison; interactive html page; html response lacks csp signal; html response has weak security header coverage
multi_full_20260430_232210_0003,67e2f59e8dea4d80ac1d850f01dc5def,389a1a570fb440bb819a1730748b3e08,,path_analyze.page.depth_1,1,header_misconfiguration_candidate,,path_crawl_page,0.54,False,,run_header_scan,authenticated context can support object comparison; interactive html page; html response lacks csp signal; html response has weak security header coverage
multi_full_20260430_232210_0002,21419be6964f4ff9baee6f55915cfb01,6fa0c836f0be424295448ff64e2bb064,,path_analyze.resource-src,1,open_redirect_candidate,,path_candidate,0.74,False,,skip_heavy_scan,parameter values look like file paths; reflective input names present; redirect style parameters present
multi_full_20260430_232210_0003,3bffd1b9d1584f65ae1415e2284a73da,389a1a570fb440bb819a1730748b3e08,,path_analyze.page.depth_1,1,header_misconfiguration_candidate,,path_crawl_page,0.54,False,,run_header_scan,authenticated context can support object comparison; interactive html page; html response lacks csp signal; html response has weak security header coverage
multi_full_20260430_232210_0003,c1e34ad9b503404587ffe6fe3866ccdf,389a1a570fb440bb819a1730748b3e08,,path_analyze.page.depth_1,1,header_misconfiguration_candidate,,path_crawl_page,0.54,False,,run_header_scan,authenticated context can support object comparison; interactive html page; html response lacks csp signal; html response has weak security header coverage
multi_full_20260430_232210_0003,bedf5f505c104ff6b891b9f807208010,389a1a570fb440bb819a1730748b3e08,,path_analyze.page.depth_1,1,header_misconfiguration_candidate,,path_crawl_page,0.54,False,,run_header_scan,authenticated context can support object comparison; interactive html page; html response lacks csp signal; html response has weak security header coverage
multi_full_20260430_232210_0003,25845bead28446b1b30214c3f48b6b68,389a1a570fb440bb819a1730748b3e08,,path_analyze.page.depth_1,1,header_misconfiguration_candidate,,path_crawl_page,0.54,False,,run_header_scan,authenticated context can support object comparison; interactive html page; html response lacks csp signal; html response has weak security header coverage
multi_full_20260430_232210_0003,188709e5627a4eb39f54a4a070c2ccd5,389a1a570fb440bb819a1730748b3e08,,path_analyze.page.depth_1,1,header_misconfiguration_candidate,,path_crawl_page,0.54,False,,run_header_scan,authenticated context can support object comparison; interactive html page; html response lacks csp signal; html response has weak security header coverage
multi_full_20260430_232210_0003,88cde64b8ecd48e99858d2cb9af5bb77,389a1a570fb440bb819a1730748b3e08,,path_analyze.page.depth_1,1,header_misconfiguration_candidate,,path_crawl_page,0.54,False,,run_header_scan,authenticated context can support object comparison; interactive html page; html response lacks csp signal; html response has weak security header coverage
multi_full_20260430_232210_0003,9efd45795afd42c2acb8922f1d280125,389a1a570fb440bb819a1730748b3e08,,path_analyze.page.depth_1,1,header_misconfiguration_candidate,,path_crawl_page,0.54,False,,run_header_scan,authenticated context can support object comparison; interactive html page; html response lacks csp signal; html response has weak security header coverage
multi_full_20260430_232210_0002,024a9cbe57c347d3a0482dc66e93a2f9,21419be6964f4ff9baee6f55915cfb01,,path_analyze.resource-src,1,open_redirect_candidate,,path_candidate,0.74,False,,skip_heavy_scan,parameter values look like file paths; reflective input names present; redirect style parameters present
multi_full_20260430_232210_0002,c6539b4574434776b45b3be4d294592a,024a9cbe57c347d3a0482dc66e93a2f9,,path_analyze.resource-src,1,open_redirect_candidate,,path_candidate,0.74,False,,skip_heavy_scan,parameter values look like file paths; reflective input names present; redirect style parameters present
multi_full_20260430_232210_0002,726238b952df49af801ff3244faaebfa,c6539b4574434776b45b3be4d294592a,,path_analyze.resource-src,1,open_redirect_candidate,,path_candidate,0.74,False,,skip_heavy_scan,parameter values look like file paths; reflective input names present; redirect style parameters present
multi_full_20260430_232210_0002,141bbf889f1e43cf876e068364339a11,726238b952df49af801ff3244faaebfa,,path_analyze.resource-src,1,open_redirect_candidate,,path_candidate,0.74,False,,skip_heavy_scan,parameter values look like file paths; reflective input names present; redirect style parameters present
multi_full_20260430_232210_0003,5bcca5c5e6774cc59405d142bafedf00,9efd45795afd42c2acb8922f1d280125,,path_analyze.form_depth_1,0,low_value_static,,path_candidate,0.0,False,,skip_heavy_scan,no strong passive signal
multi_full_20260430_232210_0003,9264f67a4e804dd0aeab5915df2475c4,9efd45795afd42c2acb8922f1d280125,,path_analyze.form_depth_1,0,low_value_static,,path_candidate,0.0,False,,skip_heavy_scan,no strong passive signal
multi_full_20260430_232210_0003,b910358b64f84fffb6f45d1f8a5fc0a1,9efd45795afd42c2acb8922f1d280125,,path_analyze.form_depth_1,0,low_value_static,,path_candidate,0.0,False,,skip_heavy_scan,no strong passive signal
multi_full_20260430_232210_0003,ff896e8499f94418a01bc4dc51fdd795,9efd45795afd42c2acb8922f1d280125,,path_analyze.form_depth_1,0,low_value_static,,path_candidate,0.0,False,,skip_heavy_scan,no strong passive signal
multi_full_20260430_232210_0003,33c448f4b3884ef3adf4ab21eee8ae60,9efd45795afd42c2acb8922f1d280125,,path_analyze.form_depth_1,0,low_value_static,,path_candidate,0.0,False,,skip_heavy_scan,no strong passive signal
multi_full_20260430_232210_0003,4e840311b18244d48e19bd1eed4caa57,9efd45795afd42c2acb8922f1d280125,,path_analyze.form_depth_1,0,low_value_static,,path_candidate,0.0,False,,skip_heavy_scan,no strong passive signal
multi_full_20260430_232210_0003,95d9dd540b9e4d30849f49152f60f2ee,9efd45795afd42c2acb8922f1d280125,,path_analyze.form_depth_1,0,low_value_static,,path_candidate,0.0,False,,skip_heavy_scan,no strong passive signal
multi_full_20260430_232210_0003,a2ce970d5e0348e99d9d36e8b3403ac3,9efd45795afd42c2acb8922f1d280125,,path_analyze.form_depth_1,0,low_value_static,,path_candidate,0.0,False,,skip_heavy_scan,no strong passive signal
multi_full_20260430_232210_0003,a5cc5312bcee4e50be6cb1b273807294,5bcca5c5e6774cc59405d142bafedf00,,path_analyze.form_depth_1,0,low_value_static,,path_candidate,0.0,False,,skip_heavy_scan,no strong passive signal
multi_full_20260430_232210_0002,2d39423f5b374081ba99d1a037e11116,141bbf889f1e43cf876e068364339a11,,path_analyze.resource-src,1,open_redirect_candidate,,path_candidate,0.74,False,,skip_heavy_scan,parameter values look like file paths; reflective input names present; redirect style parameters present
multi_full_20260430_232210_0003,b088eae2cf084cb3ac3180d57efacb1e,5bcca5c5e6774cc59405d142bafedf00,,path_analyze.form_depth_1,0,low_value_static,,path_candidate,0.0,False,,skip_heavy_scan,no strong passive signal
multi_full_20260430_232210_0003,4a10eba369154b57a29da234f9bf8273,5bcca5c5e6774cc59405d142bafedf00,,path_analyze.form_depth_1,0,low_value_static,,path_candidate,0.0,False,,skip_heavy_scan,no strong passive signal
multi_full_20260430_232210_0003,db10657a190a4379af1ace2bc8b81486,5bcca5c5e6774cc59405d142bafedf00,,path_analyze.form_depth_1,0,low_value_static,,path_candidate,0.0,False,,skip_heavy_scan,no strong passive signal
multi_full_20260430_232210_0003,a1d9abd16e834f319d86f314a791d04e,9264f67a4e804dd0aeab5915df2475c4,,path_analyze.form_depth_1,0,low_value_static,,path_candidate,0.0,False,,skip_heavy_scan,no strong passive signal
multi_full_20260430_232210_0003,9c4b5e12527b4cb4b9d05e70ae0b28a4,5bcca5c5e6774cc59405d142bafedf00,,path_analyze.page.depth_1,1,header_misconfiguration_candidate,,path_crawl_page,0.54,False,,run_header_scan,authenticated context can support object comparison; interactive html page; html response lacks csp signal; html response has weak security header coverage
multi_full_20260430_232210_0003,f5d20c94b1e8457a92033eb3517ec653,b910358b64f84fffb6f45d1f8a5fc0a1,,path_analyze.form_depth_1,0,low_value_static,,path_candidate,0.0,False,,skip_heavy_scan,no strong passive signal
multi_full_20260430_232210_0003,60a03d3ddc004010946439011c411ea1,b910358b64f84fffb6f45d1f8a5fc0a1,,path_analyze.form_depth_1,0,low_value_static,,path_candidate,0.0,False,,skip_heavy_scan,no strong passive signal
multi_full_20260430_232210_0003,1a8b1018a476436e81e0fbbac6295157,b910358b64f84fffb6f45d1f8a5fc0a1,,path_analyze.form_depth_1,0,low_value_static,,path_candidate,0.0,False,,skip_heavy_scan,no strong passive signal
multi_full_20260430_232210_0003,97b5074b72f0417fa7694e0cc6df1342,4e840311b18244d48e19bd1eed4caa57,,path_analyze.form_depth_1,0,low_value_static,,path_candidate,0.0,False,,skip_heavy_scan,no strong passive signal
multi_full_20260430_232210_0003,44b14936a78840d4bfe242b8fbc998c6,95d9dd540b9e4d30849f49152f60f2ee,,path_analyze.form_depth_1,0,low_value_static,,path_candidate,0.0,False,,skip_heavy_scan,no strong passive signal
multi_full_20260430_232210_0003,ce7ebff76a0944d6b2c41a079b94199a,95d9dd540b9e4d30849f49152f60f2ee,,path_analyze.form_depth_1,0,low_value_static,,path_candidate,0.0,False,,skip_heavy_scan,no strong passive signal
multi_full_20260430_232210_0002,d7962ea058574851b95961a56951cbbb,2d39423f5b374081ba99d1a037e11116,,path_analyze.resource-src,1,open_redirect_candidate,,path_candidate,0.74,False,,skip_heavy_scan,parameter values look like file paths; reflective input names present; redirect style parameters present
multi_full_20260430_232210_0003,755cb14ac1494b0e8404277d14332bf8,db10657a190a4379af1ace2bc8b81486,,path_analyze.form_depth_1,0,low_value_static,,path_candidate,0.0,False,,skip_heavy_scan,no strong passive signal
multi_full_20260430_232210_0003,b1b0150d215b4ce59668e4a01cfd2c56,b088eae2cf084cb3ac3180d57efacb1e,,path_analyze.form_depth_1,0,low_value_static,,path_candidate,0.0,False,,skip_heavy_scan,no strong passive signal
multi_full_20260430_232210_0003,ddc365124bc44cfe9a2c8634476ea964,4a10eba369154b57a29da234f9bf8273,,path_analyze.form_depth_1,0,low_value_static,,path_candidate,0.0,False,,skip_heavy_scan,no strong passive signal
multi_full_20260430_232210_0002,0508534cfba745c78fed3c82f1862c0f,d7962ea058574851b95961a56951cbbb,,path_analyze.resource-src,1,open_redirect_candidate,,path_candidate,0.74,False,,skip_heavy_scan,parameter values look like file paths; reflective input names present; redirect style parameters present
multi_full_20260430_232210_0002,2bac4f8b783a4f538c9106c35f94f6c7,0508534cfba745c78fed3c82f1862c0f,,path_analyze.resource-src,1,open_redirect_candidate,,path_candidate,0.74,False,,skip_heavy_scan,parameter values look like file paths; reflective input names present; redirect style parameters present
multi_full_20260430_232210_0003,6a99cad9114542b480764cfeba4418ce,ddc365124bc44cfe9a2c8634476ea964,,path_analyze.page.depth_1,1,header_misconfiguration_candidate,,path_crawl_page,0.54,False,,run_header_scan,authenticated context can support object comparison; interactive html page; html response lacks csp signal; html response has weak security header coverage
multi_full_20260430_232210_0003,106e99a348d84701a337d0b45e1059c1,ddc365124bc44cfe9a2c8634476ea964,,path_analyze.page.depth_1,1,header_misconfiguration_candidate,,path_crawl_page,0.54,False,,run_header_scan,authenticated context can support object comparison; interactive html page; html response lacks csp signal; html response has weak security header coverage
multi_full_20260430_232210_0003,cb6f718e4d034372b0e43ab865579722,ddc365124bc44cfe9a2c8634476ea964,,path_analyze.page.depth_1,1,header_misconfiguration_candidate,,path_crawl_page,0.54,False,,run_header_scan,authenticated context can support object comparison; interactive html page; html response lacks csp signal; html response has weak security header coverage
multi_full_20260430_232210_0003,7c5d242da5424c959c6c394d00451c96,ddc365124bc44cfe9a2c8634476ea964,,path_analyze.page.depth_1,1,header_misconfiguration_candidate,,path_crawl_page,0.54,False,,run_header_scan,authenticated context can support object comparison; interactive html page; html response lacks csp signal; html response has weak security header coverage
multi_full_20260430_232210_0002,c151528a929f4237bbf6e6e5d5240c20,2bac4f8b783a4f538c9106c35f94f6c7,,path_analyze.resource-src,1,open_redirect_candidate,,path_candidate,0.74,False,,skip_heavy_scan,parameter values look like file paths; reflective input names present; redirect style parameters present
multi_full_20260430_232210_0003,22adce131a4e42149e12d750969af75e,ddc365124bc44cfe9a2c8634476ea964,,path_analyze.page.depth_1,1,header_misconfiguration_candidate,,path_crawl_page,0.54,False,,run_header_scan,authenticated context can support object comparison; html response lacks csp signal; html response has weak security header coverage; server banner disclosed
multi_full_20260430_232210_0003,69a6da3b395446b5acbf6f53aa5ab2c6,ddc365124bc44cfe9a2c8634476ea964,,path_analyze.page.depth_1,1,header_misconfiguration_candidate,,path_crawl_page,0.54,False,,run_header_scan,authenticated context can support object comparison; interactive html page; html response lacks csp signal; html response has weak security header coverage
multi_full_20260430_232210_0003,a8b253096ee142cbbd47b69e25e22459,ddc365124bc44cfe9a2c8634476ea964,,path_analyze.page.depth_1,1,header_misconfiguration_candidate,,path_crawl_page,0.54,False,,run_header_scan,authenticated context can support object comparison; interactive html page; html response lacks csp signal; html response has weak security header coverage
multi_full_20260430_232210_0003,b4e475d70b3c4fc59fd760c3790cecbe,ddc365124bc44cfe9a2c8634476ea964,,path_analyze.page.depth_1,1,header_misconfiguration_candidate,,path_crawl_page,0.54,False,,run_header_scan,authenticated context can support object comparison; interactive html page; html response lacks csp signal; html response has weak security header coverage
multi_full_20260430_232210_0003,4b57a762554440be84fcd698b8ad4612,ddc365124bc44cfe9a2c8634476ea964,,path_analyze.page.depth_1,1,header_misconfiguration_candidate,,path_crawl_page,0.54,False,,run_header_scan,authenticated context can support object comparison; interactive html page; html response lacks csp signal; html response has weak security header coverage
multi_full_20260430_232210_0003,3dd1a54b08d94cf7908c0db77cba8e9a,ddc365124bc44cfe9a2c8634476ea964,,path_analyze.page.depth_1,1,header_misconfiguration_candidate,,path_crawl_page,0.54,False,,run_header_scan,authenticated context can support object comparison; interactive html page; html response lacks csp signal; html response has weak security header coverage
multi_full_20260430_232210_0003,bfce69a80167451f914db83f3d7c1bd1,ddc365124bc44cfe9a2c8634476ea964,,path_analyze.form_depth_1,0,low_value_static,,path_candidate,0.0,False,,skip_heavy_scan,no strong passive signal
multi_full_20260430_232210_0003,b68f10a760fd4b6b9098708402321f78,ddc365124bc44cfe9a2c8634476ea964,,path_analyze.page.depth_1,1,header_misconfiguration_candidate,,path_crawl_page,0.54,False,,run_header_scan,authenticated context can support object comparison; interactive html page; html response lacks csp signal; html response has weak security header coverage
multi_full_20260430_232210_0002,3d016cd65ec94361b7f98cc65a983848,c151528a929f4237bbf6e6e5d5240c20,,path_analyze.resource-src,1,open_redirect_candidate,,path_candidate,0.74,False,,skip_heavy_scan,parameter values look like file paths; reflective input names present; redirect style parameters present
multi_full_20260430_232210_0003,002b24b5f71f4b2ca9d693aa57bf687a,bfce69a80167451f914db83f3d7c1bd1,,path_analyze.form_depth_1,0,low_value_static,,path_candidate,0.0,False,,skip_heavy_scan,no strong passive signal
multi_full_20260430_232210_0002,afcd22347b8a4d589bf9a818b5a23d89,3d016cd65ec94361b7f98cc65a983848,,path_analyze.resource-src,1,open_redirect_candidate,,path_candidate,0.74,False,,skip_heavy_scan,parameter values look like file paths; reflective input names present; redirect style parameters present
multi_full_20260430_232210_0002,7775d44a20494297a3f5b7aed4a28a0f,afcd22347b8a4d589bf9a818b5a23d89,,path_analyze.resource-src,1,open_redirect_candidate,,path_candidate,0.74,False,,skip_heavy_scan,parameter values look like file paths; reflective input names present; redirect style parameters present
multi_full_20260430_232210_0003,774b953a95c3450ba46954eab0d940a0,002b24b5f71f4b2ca9d693aa57bf687a,,path_analyze.form_depth_1,0,low_value_static,,path_candidate,0.0,False,,skip_heavy_scan,no strong passive signal
multi_full_20260430_232210_0003,84053f01e50a46a1ae4dbae89eef6a8c,002b24b5f71f4b2ca9d693aa57bf687a,,path_analyze.form_depth_1,0,low_value_static,,path_candidate,0.0,False,,skip_heavy_scan,no strong passive signal
multi_full_20260430_232210_0002,53d9faa63a7a47d49801f4dd539df6f7,7775d44a20494297a3f5b7aed4a28a0f,,path_analyze.resource-src,1,open_redirect_candidate,,path_candidate,0.74,False,,skip_heavy_scan,parameter values look like file paths; reflective input names present; redirect style parameters present
multi_full_20260430_232210_0003,f25a6fdf1b5848358efc07a5fe2322c8,002b24b5f71f4b2ca9d693aa57bf687a,,path_analyze.form_depth_1,0,low_value_static,,path_candidate,0.0,False,,skip_heavy_scan,no strong passive signal
multi_full_20260430_232210_0003,d25d37d250de4650bc17e4d116041371,002b24b5f71f4b2ca9d693aa57bf687a,,path_analyze.form_depth_1,0,low_value_static,,path_candidate,0.0,False,,skip_heavy_scan,no strong passive signal
multi_full_20260430_232210_0003,220f85da951e4ddcb5a237a23a989263,002b24b5f71f4b2ca9d693aa57bf687a,,path_analyze.form_depth_1,0,low_value_static,,path_candidate,0.0,False,,skip_heavy_scan,no strong passive signal
multi_full_20260430_232210_0003,172f5ea879de49729e4753b92a856bc6,002b24b5f71f4b2ca9d693aa57bf687a,,path_analyze.form_depth_1,0,low_value_static,,path_candidate,0.0,False,,skip_heavy_scan,no strong passive signal
multi_full_20260430_232210_0003,3f58b78178b6432f9773fa91546fe013,002b24b5f71f4b2ca9d693aa57bf687a,,path_analyze.form_depth_1,0,low_value_static,,path_candidate,0.0,False,,skip_heavy_scan,no strong passive signal
multi_full_20260430_232210_0003,289f1bb8e7ca4ce1ad2f6139f33189a5,002b24b5f71f4b2ca9d693aa57bf687a,,path_analyze.form_depth_1,0,low_value_static,,path_candidate,0.0,False,,skip_heavy_scan,no strong passive signal
multi_full_20260430_232210_0003,a979a90fb8ca4655a105a7b36593b92d,002b24b5f71f4b2ca9d693aa57bf687a,,path_analyze.form_depth_1,0,low_value_static,,path_candidate,0.0,False,,skip_heavy_scan,no strong passive signal
multi_full_20260430_232210_0003,c7a8d2a6ef3f4daaba7c00f5afb40cc0,774b953a95c3450ba46954eab0d940a0,,path_analyze.form_depth_1,0,low_value_static,,path_candidate,0.0,False,,skip_heavy_scan,no strong passive signal
multi_full_20260430_232210_0003,3465299895544346aab38f9a604d5dee,84053f01e50a46a1ae4dbae89eef6a8c,,path_analyze.form_depth_1,0,low_value_static,,path_candidate,0.0,False,,skip_heavy_scan,no strong passive signal
multi_full_20260430_232210_0003,adff3e9e574d4000bd52f9d018170fd0,f25a6fdf1b5848358efc07a5fe2322c8,,path_analyze.form_depth_1,0,low_value_static,,path_candidate,0.0,False,,skip_heavy_scan,no strong passive signal
multi_full_20260430_232210_0003,29d14329c1ee41198e4817739fee5650,84053f01e50a46a1ae4dbae89eef6a8c,,path_analyze.form_depth_1,0,low_value_static,,path_candidate,0.0,False,,skip_heavy_scan,no strong passive signal
multi_full_20260430_232210_0002,5ab59b86e98b47668e93a7974f838bc1,53d9faa63a7a47d49801f4dd539df6f7,,path_analyze.resource-src,1,open_redirect_candidate,,path_candidate,0.74,False,,skip_heavy_scan,parameter values look like file paths; reflective input names present; redirect style parameters present
multi_full_20260430_232210_0003,74243a1fbda447a3a16fd1a3af7be48d,d25d37d250de4650bc17e4d116041371,,path_analyze.form_depth_1,0,low_value_static,,path_candidate,0.0,False,,skip_heavy_scan,no strong passive signal
multi_full_20260430_232210_0003,e1c177a619d04cceb6204d2abddfb1fe,d25d37d250de4650bc17e4d116041371,,path_analyze.form_depth_1,0,low_value_static,,path_candidate,0.0,False,,skip_heavy_scan,no strong passive signal
multi_full_20260430_232210_0003,d54c3d7c78b44061a70964d6c76ccede,d25d37d250de4650bc17e4d116041371,,path_analyze.form_depth_1,0,low_value_static,,path_candidate,0.0,False,,skip_heavy_scan,no strong passive signal
multi_full_20260430_232210_0003,31712708696e4bb2936aaf14fc21e7a3,3f58b78178b6432f9773fa91546fe013,,path_analyze.form_depth_1,0,low_value_static,,path_candidate,0.0,False,,skip_heavy_scan,no strong passive signal
multi_full_20260430_232210_0003,e547e066c93442b89582f34b34893a28,3f58b78178b6432f9773fa91546fe013,,path_analyze.page.depth_1,1,header_misconfiguration_candidate,,path_crawl_page,0.54,False,,run_header_scan,authenticated context can support object comparison; interactive html page; html response lacks csp signal; html response has weak security header coverage
multi_full_20260430_232210_0003,8fd5ad84736445dab75a4722f94ee45e,289f1bb8e7ca4ce1ad2f6139f33189a5,,path_analyze.form_depth_1,0,low_value_static,,path_candidate,0.0,False,,skip_heavy_scan,no strong passive signal
multi_full_20260430_232210_0003,d2e6b0c1d5d14b66b96834096d220d16,a979a90fb8ca4655a105a7b36593b92d,,path_analyze.form_depth_1,0,low_value_static,,path_candidate,0.0,False,,skip_heavy_scan,no strong passive signal
multi_full_20260430_232210_0002,b666482e25fe49978c644e887cd08d77,5ab59b86e98b47668e93a7974f838bc1,,path_analyze.resource-src,1,open_redirect_candidate,,path_candidate,0.74,False,,skip_heavy_scan,parameter values look like file paths; reflective input names present; redirect style parameters present
multi_full_20260430_232210_0003,f6de49b6b0694e9ba3111a5a370de023,29d14329c1ee41198e4817739fee5650,,path_analyze.form_depth_1,0,low_value_static,,path_candidate,0.0,False,,skip_heavy_scan,no strong passive signal
multi_full_20260430_232210_0003,a14b1147f59647a898ecdc1d963dbe66,8fd5ad84736445dab75a4722f94ee45e,,path_analyze.page.depth_1,1,header_misconfiguration_candidate,,path_crawl_page,0.54,False,,run_header_scan,authenticated context can support object comparison; interactive html page; html response lacks csp signal; html response has weak security header coverage
multi_full_20260430_232210_0002,0a0c0a279b9948b09da5793d7d476e59,b666482e25fe49978c644e887cd08d77,,path_analyze.resource-src,1,open_redirect_candidate,,path_candidate,0.74,False,,skip_heavy_scan,parameter values look like file paths; reflective input names present; redirect style parameters present
multi_full_20260430_232210_0003,8629a57898fe4142a5e56bbb88c8156e,a14b1147f59647a898ecdc1d963dbe66,,path_analyze.page.depth_1,1,header_misconfiguration_candidate,,path_crawl_page,0.54,False,,run_header_scan,authenticated context can support object comparison; interactive html page; html response lacks csp signal; html response has weak security header coverage
multi_full_20260430_232210_0003,a9255ea8cf95440a9a9729ac85d5c78d,a14b1147f59647a898ecdc1d963dbe66,,path_analyze.page.depth_1,1,header_misconfiguration_candidate,,path_crawl_page,0.54,False,,run_header_scan,authenticated context can support object comparison; interactive html page; html response lacks csp signal; html response has weak security header coverage
multi_full_20260430_232210_0003,c8449bc5ddd2489ebafb2cfd9c5fe464,a14b1147f59647a898ecdc1d963dbe66,,path_analyze.page.depth_1,1,header_misconfiguration_candidate,,path_crawl_page,0.54,False,,run_header_scan,authenticated context can support object comparison; interactive html page; html response lacks csp signal; html response has weak security header coverage
multi_full_20260430_232210_0003,fbf6471702774b4e91e7240714515827,a14b1147f59647a898ecdc1d963dbe66,,path_analyze.page.depth_1,1,header_misconfiguration_candidate,,path_crawl_page,0.54,False,,run_header_scan,authenticated context can support object comparison; interactive html page; html response lacks csp signal; html response has weak security header coverage
multi_full_20260430_232210_0003,ca3662223a274bdab70a10809309b66f,a14b1147f59647a898ecdc1d963dbe66,,path_analyze.page.depth_1,1,header_misconfiguration_candidate,,path_crawl_page,0.54,False,,run_header_scan,authenticated context can support object comparison; interactive html page; html response lacks csp signal; html response has weak security header coverage
multi_full_20260430_232210_0003,9fb81a95f0e140ba8782688d57557b0a,a14b1147f59647a898ecdc1d963dbe66,,path_analyze.page.depth_1,1,header_misconfiguration_candidate,,path_crawl_page,0.54,False,,run_header_scan,authenticated context can support object comparison; interactive html page; html response lacks csp signal; html response has weak security header coverage
multi_full_20260430_232210_0003,1701aafed7d84c6392a4403ba0ab11b6,a14b1147f59647a898ecdc1d963dbe66,,path_analyze.page.depth_1,1,header_misconfiguration_candidate,,path_crawl_page,0.54,False,,run_header_scan,authenticated context can support object comparison; interactive html page; html response lacks csp signal; html response has weak security header coverage
multi_full_20260430_232210_0002,dc20a0379303447584fc882f093e33ae,0a0c0a279b9948b09da5793d7d476e59,,path_analyze.resource-src,1,open_redirect_candidate,,path_candidate,0.74,False,,skip_heavy_scan,parameter values look like file paths; reflective input names present; redirect style parameters present
multi_full_20260430_232210_0003,bb069f228e6b45aa8b1a57595006b9a7,a14b1147f59647a898ecdc1d963dbe66,,path_analyze.page.depth_1,1,header_misconfiguration_candidate,,path_crawl_page,0.54,False,,run_header_scan,authenticated context can support object comparison; interactive html page; html response lacks csp signal; html response has weak security header coverage
multi_full_20260430_232210_0003,d70944e4deac411caf80f4172e1b9c92,a14b1147f59647a898ecdc1d963dbe66,,path_analyze.page.depth_1,1,header_misconfiguration_candidate,,path_crawl_page,0.54,False,,run_header_scan,authenticated context can support object comparison; interactive html page; html response lacks csp signal; html response has weak security header coverage
multi_full_20260430_232210_0002,210374aa04c344bda50a2b4d6adb5120,dc20a0379303447584fc882f093e33ae,,path_analyze.resource-src,1,open_redirect_candidate,,path_candidate,0.74,False,,skip_heavy_scan,parameter values look like file paths; reflective input names present; redirect style parameters present
multi_full_20260430_232210_0003,d83ed06291c1401188b1327cf85178f9,bb069f228e6b45aa8b1a57595006b9a7,,path_analyze.form_depth_1,0,low_value_static,,path_candidate,0.0,False,,skip_heavy_scan,no strong passive signal
multi_full_20260430_232210_0002,10e06d48019746fd80f59c66684ee377,210374aa04c344bda50a2b4d6adb5120,,path_analyze.resource-src,1,open_redirect_candidate,,path_candidate,0.74,False,,skip_heavy_scan,parameter values look like file paths; reflective input names present; redirect style parameters present
multi_full_20260430_232210_0003,0c6f005b48524bee88377fe80e3fe564,d83ed06291c1401188b1327cf85178f9,,path_analyze.form_depth_1,0,low_value_static,,path_candidate,0.0,False,,skip_heavy_scan,no strong passive signal
multi_full_20260430_232210_0003,0eea719bbd8b422c9d98fdb53d55d45b,d83ed06291c1401188b1327cf85178f9,,path_analyze.form_depth_1,0,low_value_static,,path_candidate,0.0,False,,skip_heavy_scan,no strong passive signal
multi_full_20260430_232210_0002,5c0d878b7c20471e8de9eec2bd0b2a2e,10e06d48019746fd80f59c66684ee377,,path_analyze.resource-src,1,open_redirect_candidate,,path_candidate,0.74,False,,skip_heavy_scan,parameter values look like file paths; reflective input names present; redirect style parameters present
multi_full_20260430_232210_0003,a705db5a914a4ad7a99aea3ea1d3148f,0eea719bbd8b422c9d98fdb53d55d45b,,path_analyze.form_depth_1,0,low_value_static,,path_candidate,0.0,False,,skip_heavy_scan,no strong passive signal
multi_full_20260430_232210_0003,c159b0af70c44997929d3baef9f5563f,0eea719bbd8b422c9d98fdb53d55d45b,,path_analyze.form_depth_1,0,low_value_static,,path_candidate,0.0,False,,skip_heavy_scan,no strong passive signal
multi_full_20260430_232210_0003,ecb67846b1c040b783981d6898c916c6,0eea719bbd8b422c9d98fdb53d55d45b,,path_analyze.form_depth_1,0,low_value_static,,path_candidate,0.0,False,,skip_heavy_scan,no strong passive signal
multi_full_20260430_232210_0003,f0c6d079e56b43ed827a65d8b29107f2,0eea719bbd8b422c9d98fdb53d55d45b,,path_analyze.form_depth_1,0,low_value_static,,path_candidate,0.0,False,,skip_heavy_scan,no strong passive signal
multi_full_20260430_232210_0003,fefcb8472c0e4e4fb20f6543b2827dae,0eea719bbd8b422c9d98fdb53d55d45b,,path_analyze.form_depth_1,0,low_value_static,,path_candidate,0.0,False,,skip_heavy_scan,no strong passive signal
multi_full_20260430_232210_0002,5f7e8a8afa3945ca80a6c9323641b445,5c0d878b7c20471e8de9eec2bd0b2a2e,,path_analyze.resource-src,1,open_redirect_candidate,,path_candidate,0.74,False,,skip_heavy_scan,parameter values look like file paths; reflective input names present; redirect style parameters present
multi_full_20260430_232210_0003,b1e1dd01778c4a5a962db75e54df8037,0eea719bbd8b422c9d98fdb53d55d45b,,path_analyze.form_depth_1,0,low_value_static,,path_candidate,0.0,False,,skip_heavy_scan,no strong passive signal
multi_full_20260430_232210_0003,b5002ee2cd4d47aeaf9e4d8ac2d0309e,0eea719bbd8b422c9d98fdb53d55d45b,,path_analyze.form_depth_1,0,low_value_static,,path_candidate,0.0,False,,skip_heavy_scan,no strong passive signal
multi_full_20260430_232210_0003,0ce7494327054907915a5dbd94c8726f,0eea719bbd8b422c9d98fdb53d55d45b,,path_analyze.form_depth_1,0,low_value_static,,path_candidate,0.0,False,,skip_heavy_scan,no strong passive signal
multi_full_20260430_232210_0003,044ff9859efa4004a65c88a4afc0c0e8,0eea719bbd8b422c9d98fdb53d55d45b,,path_analyze.form_depth_1,0,low_value_static,,path_candidate,0.0,False,,skip_heavy_scan,no strong passive signal
multi_full_20260430_232210_0003,db9f08fb3c944e5a8340a10704e4db09,a705db5a914a4ad7a99aea3ea1d3148f,,path_analyze.form_depth_1,0,low_value_static,,path_candidate,0.0,False,,skip_heavy_scan,no strong passive signal
multi_full_20260430_232210_0003,d1e273fe691a4b6383fe2bf6f3466254,c159b0af70c44997929d3baef9f5563f,,path_analyze.form_depth_1,0,low_value_static,,path_candidate,0.0,False,,skip_heavy_scan,no strong passive signal
multi_full_20260430_232210_0003,4cac2101cdaa48fd9e5ed3ced78ef2c0,c159b0af70c44997929d3baef9f5563f,,path_analyze.form_depth_1,0,low_value_static,,path_candidate,0.0,False,,skip_heavy_scan,no strong passive signal
multi_full_20260430_232210_0002,a1d93fb94480498eb70e2215c2c683ed,5f7e8a8afa3945ca80a6c9323641b445,,path_analyze.resource-src,1,open_redirect_candidate,,path_candidate,0.74,False,,skip_heavy_scan,parameter values look like file paths; reflective input names present; redirect style parameters present
multi_full_20260430_232210_0003,261fdc81c1874361b27fcc5afe75bba1,b5002ee2cd4d47aeaf9e4d8ac2d0309e,,path_analyze.form_depth_1,0,low_value_static,,path_candidate,0.0,False,,skip_heavy_scan,no strong passive signal
multi_full_20260430_232210_0003,3f9027e858ac4a2d8d736a9c1bbaefd1,b5002ee2cd4d47aeaf9e4d8ac2d0309e,,path_analyze.form_depth_1,0,low_value_static,,path_candidate,0.0,False,,skip_heavy_scan,no strong passive signal
multi_full_20260430_232210_0003,6f1fefd68be645efa30a1835cf14a718,b5002ee2cd4d47aeaf9e4d8ac2d0309e,,path_analyze.form_depth_1,0,low_value_static,,path_candidate,0.0,False,,skip_heavy_scan,no strong passive signal
multi_full_20260430_232210_0003,fa90bdfc95e94c0faff55e278184e657,0ce7494327054907915a5dbd94c8726f,,path_analyze.form_depth_1,0,low_value_static,,path_candidate,0.0,False,,skip_heavy_scan,no strong passive signal
multi_full_20260430_232210_0003,658953e2d273426facc81fc6a172cbd8,0ce7494327054907915a5dbd94c8726f,,path_analyze.form_depth_1,0,low_value_static,,path_candidate,0.0,False,,skip_heavy_scan,no strong passive signal
multi_full_20260430_232210_0003,d841492a4e5d4e08b34ea52b37861db8,044ff9859efa4004a65c88a4afc0c0e8,,path_analyze.form_depth_1,0,low_value_static,,path_candidate,0.0,False,,skip_heavy_scan,no strong passive signal
multi_full_20260430_232210_0003,b4cd23e170d94a6485c65c07a6b290cb,044ff9859efa4004a65c88a4afc0c0e8,,path_analyze.page.depth_1,1,header_misconfiguration_candidate,,path_crawl_page,0.54,False,,run_header_scan,authenticated context can support object comparison; interactive html page; html response lacks csp signal; html response has weak security header coverage
multi_full_20260430_232210_0003,9bf29d91078944c58c8f9517b651d0db,261fdc81c1874361b27fcc5afe75bba1,,path_analyze.page.depth_1,1,header_misconfiguration_candidate,,path_crawl_page,0.54,False,,run_header_scan,authenticated context can support object comparison; interactive html page; html response lacks csp signal; html response has weak security header coverage
multi_full_20260430_232210_0002,82d3073e30d84f178307c07ca7b95ab6,a1d93fb94480498eb70e2215c2c683ed,,path_analyze.resource-src,1,open_redirect_candidate,,path_candidate,0.74,False,,skip_heavy_scan,parameter values look like file paths; reflective input names present; redirect style parameters present
multi_full_20260430_232210_0003,5e07a21967954e92a7c303b381a56667,658953e2d273426facc81fc6a172cbd8,,path_analyze.form_depth_1,0,low_value_static,,path_candidate,0.0,False,,skip_heavy_scan,no strong passive signal
multi_full_20260430_232210_0003,d10b3eed58414013b2e62313c7fcaa71,9bf29d91078944c58c8f9517b651d0db,,path_analyze.page.depth_1,1,header_misconfiguration_candidate,,path_crawl_page,0.54,False,,run_header_scan,authenticated context can support object comparison; interactive html page; html response lacks csp signal; html response has weak security header coverage
multi_full_20260430_232210_0002,a9a6db258e314028b865c930bbb40688,82d3073e30d84f178307c07ca7b95ab6,,path_analyze.resource-src,1,open_redirect_candidate,,path_candidate,0.74,False,,skip_heavy_scan,parameter values look like file paths; reflective input names present; redirect style parameters present
multi_full_20260430_232210_0003,1e9aee39b5d84c629c2dee1597e5b7a8,9bf29d91078944c58c8f9517b651d0db,,path_analyze.page.depth_1,1,header_misconfiguration_candidate,,path_crawl_page,0.54,False,,run_header_scan,authenticated context can support object comparison; interactive html page; html response lacks csp signal; html response has weak security header coverage
multi_full_20260430_232210_0003,77c64a23d285441584c6757fe83922d9,9bf29d91078944c58c8f9517b651d0db,,path_analyze.page.depth_2,1,header_misconfiguration_candidate,,path_crawl_page,0.54,False,,run_header_scan,authenticated context can support object comparison; html response lacks csp signal; html response has weak security header coverage; server banner disclosed
multi_full_20260430_232210_0003,7588e6a3ccfa461cac6fa8aa942fe8d8,9bf29d91078944c58c8f9517b651d0db,,path_analyze.page.depth_1,1,header_misconfiguration_candidate,,path_crawl_page,0.54,False,,run_header_scan,authenticated context can support object comparison; interactive html page; html response lacks csp signal; html response has weak security header coverage
multi_full_20260430_232210_0003,641dfc3453d14b8d8c8c89d39c41a3cd,9bf29d91078944c58c8f9517b651d0db,,path_analyze.page.depth_1,1,header_misconfiguration_candidate,,path_crawl_page,0.54,False,,run_header_scan,authenticated context can support object comparison; interactive html page; html response lacks csp signal; html response has weak security header coverage
multi_full_20260430_232210_0003,d6804e8d7b374d9db3e3ab9ec9039140,9bf29d91078944c58c8f9517b651d0db,,path_analyze.page.depth_2,1,header_misconfiguration_candidate,,path_crawl_page,0.54,False,,run_header_scan,authenticated context can support object comparison; interactive html page; html response lacks csp signal; html response has weak security header coverage
multi_full_20260430_232210_0003,2149b4f8d0224ad2bc593db989708742,9bf29d91078944c58c8f9517b651d0db,,path_analyze.page.depth_1,1,header_misconfiguration_candidate,,path_crawl_page,0.54,False,,run_header_scan,authenticated context can support object comparison; interactive html page; html response lacks csp signal; html response has weak security header coverage
multi_full_20260430_232210_0003,17e2f9bb07fd4b9a8a346dce5627b892,9bf29d91078944c58c8f9517b651d0db,,path_analyze.page.depth_1,1,header_misconfiguration_candidate,,path_crawl_page,0.54,False,,run_header_scan,authenticated context can support object comparison; interactive html page; html response lacks csp signal; html response has weak security header coverage
multi_full_20260430_232210_0003,5dee2c658277422582187f7ac28ec6fa,9bf29d91078944c58c8f9517b651d0db,,path_analyze.page.depth_2,1,header_misconfiguration_candidate,,path_crawl_page,0.54,False,,run_header_scan,authenticated context can support object comparison; interactive html page; html response lacks csp signal; html response has weak security header coverage
multi_full_20260430_232210_0003,099be46dbcd348b6bbdd60505105ff0a,5e07a21967954e92a7c303b381a56667,,path_analyze.form_depth_1,0,low_value_static,,path_candidate,0.0,False,,skip_heavy_scan,no strong passive signal
multi_full_20260430_232210_0002,0b187fead232418ebb61043548842cf4,a9a6db258e314028b865c930bbb40688,,path_analyze.resource-src,1,open_redirect_candidate,,path_candidate,0.74,False,,skip_heavy_scan,parameter values look like file paths; reflective input names present; redirect style parameters present
multi_full_20260430_232210_0003,16c576ed178e46319da0d122267a473b,099be46dbcd348b6bbdd60505105ff0a,,path_analyze.form_depth_1,0,low_value_static,,path_candidate,0.0,False,,skip_heavy_scan,no strong passive signal
multi_full_20260430_232210_0006,55425d36ab584d279f842f95769e6e4c,,,path_analyze.page.depth_0,0,command_injection_candidate,,path_crawl_page,0.1,False,,skip_heavy_scan,response exposes filesystem paths; server banner disclosed
multi_full_20260430_232210_0002,133f1f394e4345cd82caf7e1559bf695,0b187fead232418ebb61043548842cf4,,path_analyze.resource-src,1,open_redirect_candidate,,path_candidate,0.74,False,,skip_heavy_scan,parameter values look like file paths; reflective input names present; redirect style parameters present
multi_full_20260430_232210_0003,d0d1719908f64ac4a4548b5a7f702e68,16c576ed178e46319da0d122267a473b,,path_analyze.form_depth_1,0,low_value_static,,path_candidate,0.0,False,,skip_heavy_scan,no strong passive signal
multi_full_20260430_232210_0003,a42beba0432545128154fd162bde5535,16c576ed178e46319da0d122267a473b,,path_analyze.form_depth_1,0,low_value_static,,path_candidate,0.0,False,,skip_heavy_scan,no strong passive signal
multi_full_20260430_232210_0002,ec4e95f333414172aa01f81e74509ba6,133f1f394e4345cd82caf7e1559bf695,,path_analyze.resource-src,1,open_redirect_candidate,,path_candidate,0.74,False,,skip_heavy_scan,parameter values look like file paths; reflective input names present; redirect style parameters present
multi_full_20260430_232210_0003,2e76b9d337b840baa9526b45b7061d8e,16c576ed178e46319da0d122267a473b,,path_analyze.page.depth_2,1,header_misconfiguration_candidate,,path_crawl_page,0.54,False,,run_header_scan,authenticated context can support object comparison; interactive html page; html response lacks csp signal; html response has weak security header coverage
multi_full_20260430_232210_0003,e11b2bfe17be448ea2789d408407da08,d0d1719908f64ac4a4548b5a7f702e68,,path_analyze.form_depth_1,0,low_value_static,,path_candidate,0.0,False,,skip_heavy_scan,no strong passive signal
multi_full_20260430_232210_0003,b27d21964b0344ce9ef6f5a5dfc36ec3,a42beba0432545128154fd162bde5535,,path_analyze.form_depth_1,0,low_value_static,,path_candidate,0.0,False,,skip_heavy_scan,no strong passive signal
multi_full_20260430_232210_0003,bab22f038440415f9359844c526e5479,a42beba0432545128154fd162bde5535,,path_analyze.form_depth_1,0,low_value_static,,path_candidate,0.0,False,,skip_heavy_scan,no strong passive signal
multi_full_20260430_232210_0003,75ec1f6a2fec4d55a392afd4645c0014,d0d1719908f64ac4a4548b5a7f702e68,,path_analyze.form_depth_1,0,low_value_static,,path_candidate,0.0,False,,skip_heavy_scan,no strong passive signal
multi_full_20260430_232210_0003,1e69af71a2dc47aea89c194ea394345d,a42beba0432545128154fd162bde5535,,path_analyze.form_depth_2,0,low_value_static,,path_candidate,0.0,False,,skip_heavy_scan,no strong passive signal
multi_full_20260430_232210_0003,39ceabd3b14f4be884ba70c86800cc3e,a42beba0432545128154fd162bde5535,,path_analyze.form_depth_1,0,low_value_static,,path_candidate,0.0,False,,skip_heavy_scan,no strong passive signal
multi_full_20260430_232210_0003,3035d02605034ab398f9a5aaba2d9e31,a42beba0432545128154fd162bde5535,,path_analyze.form_depth_1,0,low_value_static,,path_candidate,0.0,False,,skip_heavy_scan,no strong passive signal
multi_full_20260430_232210_0003,88a74850e5ab4ca993bbebae9b2398ec,a42beba0432545128154fd162bde5535,,path_analyze.form_depth_1,0,low_value_static,,path_candidate,0.0,False,,skip_heavy_scan,no strong passive signal
multi_full_20260430_232210_0003,d7d0925be00a4b2ead64799e405ad283,a42beba0432545128154fd162bde5535,,path_analyze.form_depth_1,0,low_value_static,,path_candidate,0.0,False,,skip_heavy_scan,no strong passive signal
multi_full_20260430_232210_0003,ceb6c5e6ba3c42d080a3fece1ba3129e,a42beba0432545128154fd162bde5535,,path_analyze.form_depth_2,0,low_value_static,,path_candidate,0.0,False,,skip_heavy_scan,no strong passive signal
multi_full_20260430_232210_0003,1759935bf5c24deeaad2fbcac0962ba7,b27d21964b0344ce9ef6f5a5dfc36ec3,,path_analyze.form_depth_1,0,low_value_static,,path_candidate,0.0,False,,skip_heavy_scan,no strong passive signal
multi_full_20260430_232210_0003,9b83999e305343d884c3aafb2bbf020a,88a74850e5ab4ca993bbebae9b2398ec,,path_analyze.form_depth_1,0,low_value_static,,path_candidate,0.0,False,,skip_heavy_scan,no strong passive signal
multi_full_20260430_232210_0003,3ff75c050545497baa8d8a2510dde43e,88a74850e5ab4ca993bbebae9b2398ec,,path_analyze.form_depth_1,0,low_value_static,,path_candidate,0.0,False,,skip_heavy_scan,no strong passive signal
multi_full_20260430_232210_0003,9704083464fc4d239c8c565647ea03b4,88a74850e5ab4ca993bbebae9b2398ec,,path_analyze.form_depth_2,0,low_value_static,,path_candidate,0.0,False,,skip_heavy_scan,no strong passive signal
multi_full_20260430_232210_0003,4389f75a82c7442b95808645613c1722,75ec1f6a2fec4d55a392afd4645c0014,,path_analyze.form_depth_1,0,low_value_static,,path_candidate,0.0,False,,skip_heavy_scan,no strong passive signal
multi_full_20260430_232210_0003,2c5e5cd9a8d243aa854f8dfcea1a320d,88a74850e5ab4ca993bbebae9b2398ec,,path_analyze.form_depth_1,0,low_value_static,,path_candidate,0.0,False,,skip_heavy_scan,no strong passive signal
multi_full_20260430_232210_0003,b88cf248b6cd4100bdda3e1bea3ea668,d7d0925be00a4b2ead64799e405ad283,,path_analyze.form_depth_2,0,low_value_static,,path_candidate,0.0,False,,skip_heavy_scan,no strong passive signal
multi_full_20260430_232210_0003,38355d8d372f420a987af4d790e5baee,d7d0925be00a4b2ead64799e405ad283,,path_analyze.form_depth_1,0,low_value_static,,path_candidate,0.0,False,,skip_heavy_scan,no strong passive signal
multi_full_20260430_232210_0003,90f8be3bf1d345ed9ca761b7e8f8ddca,d7d0925be00a4b2ead64799e405ad283,,path_analyze.page.depth_2,1,header_misconfiguration_candidate,,path_crawl_page,0.54,False,,run_header_scan,authenticated context can support object comparison; interactive html page; html response lacks csp signal; html response has weak security header coverage
multi_full_20260430_232210_0002,d3290c39a9904322b2c23c244670655f,ec4e95f333414172aa01f81e74509ba6,,path_analyze.page.depth_1,1,header_misconfiguration_candidate,,path_crawl_page,0.54,False,,run_header_scan,html response lacks csp signal; response exposes filesystem paths; html response has weak security header coverage; server banner disclosed
multi_full_20260430_232210_0002,1910e15e23394c038f10c5f8133d97c5,ec4e95f333414172aa01f81e74509ba6,,path_analyze.page.depth_1,1,header_misconfiguration_candidate,,path_crawl_page,0.54,False,,run_header_scan,html response lacks csp signal; response exposes filesystem paths; html response has weak security header coverage; server banner disclosed
multi_full_20260430_232210_0003,6d3fa2b9a2ef4c9484df5987abbbdbba,d7d0925be00a4b2ead64799e405ad283,,path_analyze.page.depth_2,1,header_misconfiguration_candidate,,path_crawl_page,0.54,False,,run_header_scan,authenticated context can support object comparison; html response lacks csp signal; html response has weak security header coverage; server banner disclosed
multi_full_20260430_232210_0002,5d8c8c1ed7184b2b8642ed5e46cebfca,ec4e95f333414172aa01f81e74509ba6,,path_analyze.page.depth_1,1,header_misconfiguration_candidate,,path_crawl_page,0.54,False,,run_header_scan,html response lacks csp signal; response exposes filesystem paths; html response has weak security header coverage; server banner disclosed
multi_full_20260430_232210_0003,b8bf89cf100b4fe588cd6da0e7e9e86f,d7d0925be00a4b2ead64799e405ad283,,path_analyze.page.depth_2,1,header_misconfiguration_candidate,,path_crawl_page,0.54,False,,run_header_scan,authenticated context can support object comparison; html response lacks csp signal; html response has weak security header coverage; server banner disclosed
multi_full_20260430_232210_0002,e5403520a9764e22974ceaacda580e65,ec4e95f333414172aa01f81e74509ba6,,path_analyze.page.depth_1,1,header_misconfiguration_candidate,,path_crawl_page,0.54,False,,run_header_scan,html response lacks csp signal; response exposes filesystem paths; html response has weak security header coverage; server banner disclosed
multi_full_20260430_232210_0002,cd6b21cc17c24e90a7f621564285d07d,ec4e95f333414172aa01f81e74509ba6,,path_analyze.page.depth_1,1,header_misconfiguration_candidate,,path_crawl_page,0.54,False,,run_header_scan,html response lacks csp signal; response exposes filesystem paths; html response has weak security header coverage; server banner disclosed
multi_full_20260430_232210_0002,166fb0f9322f454cbed5d4894dbce798,ec4e95f333414172aa01f81e74509ba6,,path_analyze.page.depth_1,1,header_misconfiguration_candidate,,path_crawl_page,0.54,False,,run_header_scan,html response lacks csp signal; response exposes filesystem paths; html response has weak security header coverage; server banner disclosed
multi_full_20260430_232210_0006,e2f3ddbc1b37453590c0ccd9921a41e9,55425d36ab584d279f842f95769e6e4c,,path_analyze.page.depth_1,1,header_misconfiguration_candidate,,path_crawl_page,0.54,False,,run_header_scan,html response lacks csp signal; html response has weak security header coverage; server banner disclosed
multi_full_20260430_232210_0002,9167c45996874802aadec52845f7d495,ec4e95f333414172aa01f81e74509ba6,,path_analyze.page.depth_1,1,header_misconfiguration_candidate,,path_crawl_page,0.54,False,,run_header_scan,html response lacks csp signal; response exposes filesystem paths; html response has weak security header coverage; server banner disclosed
multi_full_20260430_232210_0006,b1c4c39ec92a4aab84e39cb477590609,55425d36ab584d279f842f95769e6e4c,,path_analyze.page.depth_1,1,header_misconfiguration_candidate,,path_crawl_page,0.54,False,,run_header_scan,html response lacks csp signal; html response has weak security header coverage; server banner disclosed
multi_full_20260430_232210_0006,a2877355d08840a39ebdf8fe7cf623d4,55425d36ab584d279f842f95769e6e4c,,path_analyze.page.depth_1,0,command_injection_candidate,,path_crawl_page,0.1,False,,skip_heavy_scan,response exposes filesystem paths; server banner disclosed
multi_full_20260430_232210_0006,c4156d9134b1461ab7e44064746b15ea,55425d36ab584d279f842f95769e6e4c,,path_analyze.page.depth_1,0,command_injection_candidate,,path_crawl_page,0.1,False,,skip_heavy_scan,response exposes filesystem paths; server banner disclosed
multi_full_20260430_232210_0006,18544b8c0a0b44a6ba42effe7208b1e2,55425d36ab584d279f842f95769e6e4c,,path_analyze.page.depth_1,0,command_injection_candidate,,path_crawl_page,0.1,False,,skip_heavy_scan,response exposes filesystem paths; server banner disclosed
multi_full_20260430_232210_0002,2089a6e0dd2049668db9ea146c35189c,ec4e95f333414172aa01f81e74509ba6,,path_analyze.page.depth_1,1,sqli_candidate,,path_crawl_page,0.72,False,,run_sqli_scan,html response lacks csp signal; response contains sql error signature; response exposes filesystem paths; html response has weak security header coverage
multi_full_20260430_232210_0006,c6765077b9cc4989a0d955b200eb035b,55425d36ab584d279f842f95769e6e4c,,path_analyze.page.depth_1,1,idor_candidate,,path_crawl_page,0.42,False,,run_idor_scan,identifier style route or parameter; common sql input parameters detected; response exposes filesystem paths; server banner disclosed
multi_full_20260430_232210_0006,a369daf121eb4005ac1338d197fbd64e,55425d36ab584d279f842f95769e6e4c,,path_analyze.page.depth_1,0,command_injection_candidate,,path_crawl_page,0.1,False,,skip_heavy_scan,response exposes filesystem paths; server banner disclosed
multi_full_20260430_232210_0006,42b9b001ce2249a5bea707551a16055e,55425d36ab584d279f842f95769e6e4c,,path_analyze.page.depth_1,0,command_injection_candidate,,path_crawl_page,0.1,False,,skip_heavy_scan,response exposes filesystem paths; server banner disclosed
multi_full_20260430_232210_0006,d6b322b558684e69bacff2de4eb75ea8,55425d36ab584d279f842f95769e6e4c,,path_analyze.page.depth_1,0,command_injection_candidate,,path_crawl_page,0.1,False,,skip_heavy_scan,response exposes filesystem paths; server banner disclosed
multi_full_20260430_232210_0006,30eb2609f35945929ea0cd6cb4132b59,55425d36ab584d279f842f95769e6e4c,,path_analyze.page.depth_1,0,command_injection_candidate,,path_crawl_page,0.1,False,,skip_heavy_scan,response exposes filesystem paths; server banner disclosed
multi_full_20260430_232210_0002,0751a08d48664f38813b2255a774694f,ec4e95f333414172aa01f81e74509ba6,,path_analyze.page.depth_1,1,header_misconfiguration_candidate,,path_crawl_page,0.54,False,,run_header_scan,html response lacks csp signal; response exposes filesystem paths; html response has weak security header coverage; server banner disclosed
multi_full_20260430_232210_0003,2d0244058b8043c2b433562c2771cf23,b88cf248b6cd4100bdda3e1bea3ea668,,path_analyze.page.depth_2,1,header_misconfiguration_candidate,,path_crawl_page,0.54,False,,run_header_scan,authenticated context can support object comparison; interactive html page; html response lacks csp signal; html response has weak security header coverage
multi_full_20260430_232210_0003,532b167adfea4121a62ff4516a705288,2c5e5cd9a8d243aa854f8dfcea1a320d,,path_analyze.page.depth_2,1,header_misconfiguration_candidate,,path_crawl_page,0.54,False,,run_header_scan,authenticated context can support object comparison; interactive html page; html response lacks csp signal; html response has weak security header coverage
multi_full_20260430_232210_0003,1bc439dba3d64535beae768802f59e26,b88cf248b6cd4100bdda3e1bea3ea668,,path_analyze.page.depth_2,1,header_misconfiguration_candidate,,path_crawl_page,0.54,False,,run_header_scan,authenticated context can support object comparison; interactive html page; html response lacks csp signal; html response has weak security header coverage
multi_full_20260430_232210_0003,cd2a9a3c00944c98be2f0cde3cd0108a,b88cf248b6cd4100bdda3e1bea3ea668,,path_analyze.page.depth_2,1,header_misconfiguration_candidate,,path_crawl_page,0.54,False,,run_header_scan,authenticated context can support object comparison; interactive html page; html response lacks csp signal; html response has weak security header coverage
multi_full_20260430_232210_0006,e4393f4adb5943c29845a9002bd37f65,55425d36ab584d279f842f95769e6e4c,,path_analyze.page.depth_1,0,command_injection_candidate,,path_crawl_page,0.1,False,,skip_heavy_scan,response exposes filesystem paths; server banner disclosed
multi_full_20260430_232210_0002,1a79a6f45b084c7594fc8f8408fd376a,ec4e95f333414172aa01f81e74509ba6,,path_analyze.page.depth_1,1,header_misconfiguration_candidate,,path_crawl_page,0.54,False,,run_header_scan,html response lacks csp signal; response exposes filesystem paths; html response has weak security header coverage; server banner disclosed
multi_full_20260430_232210_0003,7bd69529ba68433682b945740f82f5b5,38355d8d372f420a987af4d790e5baee,,path_analyze.page.depth_2,1,header_misconfiguration_candidate,,path_crawl_page,0.54,False,,run_header_scan,authenticated context can support object comparison; interactive html page; html response lacks csp signal; html response has weak security header coverage
multi_full_20260430_232210_0003,9ba6071f356a40238bf4a2e32286dfab,b88cf248b6cd4100bdda3e1bea3ea668,,path_analyze.page.depth_2,1,header_misconfiguration_candidate,,path_crawl_page,0.54,False,,run_header_scan,authenticated context can support object comparison; interactive html page; html response lacks csp signal; html response has weak security header coverage
multi_full_20260430_232210_0003,1bab27aeb3dd4f6c881c790f4408a295,38355d8d372f420a987af4d790e5baee,,path_analyze.page.depth_2,1,header_misconfiguration_candidate,,path_crawl_page,0.54,False,,run_header_scan,authenticated context can support object comparison; html response lacks csp signal; html response has weak security header coverage; server banner disclosed
multi_full_20260430_232210_0006,45a9ca76c4cd4d8da8cfafb9ac843e45,55425d36ab584d279f842f95769e6e4c,,path_analyze.page.depth_1,0,command_injection_candidate,,path_crawl_page,0.1,False,,skip_heavy_scan,response exposes filesystem paths; server banner disclosed
multi_full_20260430_232210_0003,159cb2fc05b94e0599fcb9890ee47618,b8bf89cf100b4fe588cd6da0e7e9e86f,,path_analyze.page.depth_2,1,header_misconfiguration_candidate,,path_crawl_page,0.54,False,,run_header_scan,authenticated context can support object comparison; interactive html page; html response lacks csp signal; html response has weak security header coverage
multi_full_20260430_232210_0003,05b3e3826ef14583ba056036896ec8e5,b8bf89cf100b4fe588cd6da0e7e9e86f,,path_analyze.form_depth_2,0,low_value_static,,path_candidate,0.0,False,,skip_heavy_scan,no strong passive signal
multi_full_20260430_232210_0002,3c6551bb6be841d5927ca00b7b4ad6af,2089a6e0dd2049668db9ea146c35189c,,path_analyze.page.depth_1,1,sqli_candidate,,path_crawl_page,0.72,False,,run_sqli_scan,html response lacks csp signal; response contains sql error signature; response exposes filesystem paths; html response has weak security header coverage
multi_full_20260430_232210_0002,b53c1508efba43ea8f582bd46897d265,1a79a6f45b084c7594fc8f8408fd376a,,path_analyze.page.depth_1,1,header_misconfiguration_candidate,,path_crawl_page,0.54,False,,run_header_scan,html response lacks csp signal; response exposes filesystem paths; html response has weak security header coverage; server banner disclosed
multi_full_20260430_232210_0003,449a040064a44a7487e9542fb829cdbe,05b3e3826ef14583ba056036896ec8e5,,path_analyze.form_depth_2,0,low_value_static,,path_candidate,0.0,False,,skip_heavy_scan,no strong passive signal
multi_full_20260430_232210_0003,05012e1425a5490b9677e7715911e56c,05b3e3826ef14583ba056036896ec8e5,,path_analyze.form_depth_2,0,low_value_static,,path_candidate,0.0,False,,skip_heavy_scan,no strong passive signal
multi_full_20260430_232210_0002,46f13b2ca863409cb62db7584f254648,b53c1508efba43ea8f582bd46897d265,,path_analyze.resource-src,1,open_redirect_candidate,,path_candidate,0.74,False,,skip_heavy_scan,parameter values look like file paths; reflective input names present; redirect style parameters present
multi_full_20260430_232210_0003,7976aa2a45794469b9a9cd64977bdc9a,449a040064a44a7487e9542fb829cdbe,,path_analyze.page.depth_2,1,header_misconfiguration_candidate,,path_crawl_page,0.54,False,,run_header_scan,authenticated context can support object comparison; html response lacks csp signal; html response has weak security header coverage; server banner disclosed
multi_full_20260430_232210_0003,832c1f1d33db4f3194d87534e421ac5b,449a040064a44a7487e9542fb829cdbe,,path_analyze.form_depth_2,0,low_value_static,,path_candidate,0.0,False,,skip_heavy_scan,no strong passive signal
multi_full_20260430_232210_0003,39bb0f25bd5345a39d1fa68b611b01d5,05012e1425a5490b9677e7715911e56c,,path_analyze.form_depth_2,0,low_value_static,,path_candidate,0.0,False,,skip_heavy_scan,no strong passive signal
multi_full_20260430_232210_0003,00669b7de09e4384b4fc8c2841735917,05012e1425a5490b9677e7715911e56c,,path_analyze.form_depth_2,0,low_value_static,,path_candidate,0.0,False,,skip_heavy_scan,no strong passive signal
multi_full_20260430_232210_0003,ba39e39d5bff45999614e4b0124591f2,05012e1425a5490b9677e7715911e56c,,path_analyze.form_depth_2,0,low_value_static,,path_candidate,0.0,False,,skip_heavy_scan,no strong passive signal
multi_full_20260430_232210_0003,ba6754fd930e46ef92219cfdb6e66f80,05012e1425a5490b9677e7715911e56c,,path_analyze.form_depth_2,0,low_value_static,,path_candidate,0.0,False,,skip_heavy_scan,no strong passive signal
multi_full_20260430_232210_0003,b214441014aa499cac408e38789eaf21,05012e1425a5490b9677e7715911e56c,,path_analyze.form_depth_2,0,low_value_static,,path_candidate,0.0,False,,skip_heavy_scan,no strong passive signal
multi_full_20260430_232210_0006,9c0f542439f244dd9cc6167a76bba31f,45a9ca76c4cd4d8da8cfafb9ac843e45,,path_analyze.page.depth_1,0,command_injection_candidate,,path_crawl_page,0.1,False,,skip_heavy_scan,response exposes filesystem paths; server banner disclosed
multi_full_20260430_232210_0003,bff8c9883dd64122946f14e741e97ef1,05012e1425a5490b9677e7715911e56c,,path_analyze.form_depth_2,0,low_value_static,,path_candidate,0.0,False,,skip_heavy_scan,no strong passive signal
multi_full_20260430_232210_0006,261f666896454e25bf9e9509a02c0dd4,45a9ca76c4cd4d8da8cfafb9ac843e45,,path_analyze.page.depth_1,0,command_injection_candidate,,path_crawl_page,0.1,False,,skip_heavy_scan,response exposes filesystem paths; server banner disclosed
multi_full_20260430_232210_0003,25f0efd984be4480be4cc7aa76390ec4,05012e1425a5490b9677e7715911e56c,,path_analyze.page.depth_2,1,header_misconfiguration_candidate,,path_crawl_page,0.54,False,,run_header_scan,authenticated context can support object comparison; interactive html page; html response lacks csp signal; html response has weak security header coverage
multi_full_20260430_232210_0002,112867756ca6437d954c777a97092fe6,46f13b2ca863409cb62db7584f254648,,path_analyze.resource-src,1,open_redirect_candidate,,path_candidate,0.74,False,,skip_heavy_scan,parameter values look like file paths; reflective input names present; redirect style parameters present
multi_full_20260430_232210_0003,d2cede0f1a884abd929d8142b5bc5a86,05012e1425a5490b9677e7715911e56c,,path_analyze.page.depth_2,1,header_misconfiguration_candidate,,path_crawl_page,0.54,False,,run_header_scan,authenticated context can support object comparison; interactive html page; html response lacks csp signal; html response has weak security header coverage
multi_full_20260430_232210_0003,45ff2ec5bb69415a92dee27c863c6436,05012e1425a5490b9677e7715911e56c,,path_analyze.form_depth_2,0,low_value_static,,path_candidate,0.0,False,,skip_heavy_scan,no strong passive signal
multi_full_20260430_232210_0006,cf797116239f4de9aaa81faf32719c2d,45a9ca76c4cd4d8da8cfafb9ac843e45,,path_analyze.page.depth_1,0,command_injection_candidate,,path_crawl_page,0.1,False,,skip_heavy_scan,response exposes filesystem paths; server banner disclosed
multi_full_20260430_232210_0006,27aaf976a38c4b7b941c258bf55de65d,45a9ca76c4cd4d8da8cfafb9ac843e45,,path_analyze.page.depth_1,0,command_injection_candidate,,path_crawl_page,0.1,False,,skip_heavy_scan,response exposes filesystem paths; server banner disclosed
multi_full_20260430_232210_0006,be460b2725914fd09493ebdb456f7d56,45a9ca76c4cd4d8da8cfafb9ac843e45,,path_analyze.page.depth_1,0,command_injection_candidate,,path_crawl_page,0.1,False,,skip_heavy_scan,response exposes filesystem paths; server banner disclosed
multi_full_20260430_232210_0006,63188c88d2bf4750ad174c005fa33d4c,45a9ca76c4cd4d8da8cfafb9ac843e45,,path_analyze.page.depth_1,0,command_injection_candidate,,path_crawl_page,0.1,False,,skip_heavy_scan,response exposes filesystem paths; server banner disclosed
multi_full_20260430_232210_0006,d873ea398f82432c87df14cb415a546c,45a9ca76c4cd4d8da8cfafb9ac843e45,,path_analyze.page.depth_1,0,command_injection_candidate,,path_crawl_page,0.1,False,,skip_heavy_scan,response exposes filesystem paths; server banner disclosed
multi_full_20260430_232210_0006,db2aa2dfd0b3400baccd5ef6e7fdbe78,45a9ca76c4cd4d8da8cfafb9ac843e45,,path_analyze.page.depth_1,0,command_injection_candidate,,path_crawl_page,0.1,False,,skip_heavy_scan,response exposes filesystem paths; server banner disclosed
multi_full_20260430_232210_0006,4d4a0bdf8c9a4f05b14cdd4aaf9d66db,45a9ca76c4cd4d8da8cfafb9ac843e45,,path_analyze.page.depth_1,0,command_injection_candidate,,path_crawl_page,0.1,False,,skip_heavy_scan,response exposes filesystem paths; server banner disclosed
multi_full_20260430_232210_0006,265b6c9ea7004bd48b92041384b300ef,45a9ca76c4cd4d8da8cfafb9ac843e45,,path_analyze.page.depth_1,0,command_injection_candidate,,path_crawl_page,0.1,False,,skip_heavy_scan,response exposes filesystem paths; server banner disclosed
multi_full_20260430_232210_0003,8c4617d1e08f46e3a80ed7357e45b81f,05012e1425a5490b9677e7715911e56c,,path_analyze.page.depth_2,1,header_misconfiguration_candidate,,path_crawl_page,0.54,False,,run_header_scan,authenticated context can support object comparison; interactive html page; html response lacks csp signal; html response has weak security header coverage
multi_full_20260430_232210_0006,96ed19bdadd64992b70af85827e2d667,45a9ca76c4cd4d8da8cfafb9ac843e45,,path_analyze.page.depth_1,0,command_injection_candidate,,path_crawl_page,0.1,False,,skip_heavy_scan,response exposes filesystem paths; server banner disclosed
multi_full_20260430_232210_0006,5003bc2a312442e59aabb812ad0b77e0,45a9ca76c4cd4d8da8cfafb9ac843e45,,path_analyze.page.depth_1,0,command_injection_candidate,,path_crawl_page,0.1,False,,skip_heavy_scan,response exposes filesystem paths; server banner disclosed
multi_full_20260430_232210_0003,7286414c7498490cb250a22a52c46348,832c1f1d33db4f3194d87534e421ac5b,,path_analyze.form_depth_2,0,low_value_static,,path_candidate,0.0,False,,skip_heavy_scan,no strong passive signal
multi_full_20260430_232210_0003,f85dfba2621c4ca6b2832373d0f49bc8,00669b7de09e4384b4fc8c2841735917,,path_analyze.form_depth_2,0,low_value_static,,path_candidate,0.0,False,,skip_heavy_scan,no strong passive signal
multi_full_20260430_232210_0003,3da345ff7b394816af75e98133c7ed94,b214441014aa499cac408e38789eaf21,,path_analyze.form_depth_2,0,low_value_static,,path_candidate,0.0,False,,skip_heavy_scan,no strong passive signal
multi_full_20260430_232210_0003,ad58bc936eab4dd9a4c3d934b782fcc4,00669b7de09e4384b4fc8c2841735917,,path_analyze.form_depth_2,0,low_value_static,,path_candidate,0.0,False,,skip_heavy_scan,no strong passive signal
multi_full_20260430_232210_0003,f82747455360454ca890003db83e55fb,ba6754fd930e46ef92219cfdb6e66f80,,path_analyze.form_depth_2,0,low_value_static,,path_candidate,0.0,False,,skip_heavy_scan,no strong passive signal
multi_full_20260430_232210_0003,debbd610fb6645a6933f3cbc4b25c384,bff8c9883dd64122946f14e741e97ef1,,path_analyze.form_depth_2,0,low_value_static,,path_candidate,0.0,False,,skip_heavy_scan,no strong passive signal
multi_full_20260430_232210_0002,d3a94a10476545fb9c90d281be045d4c,112867756ca6437d954c777a97092fe6,,path_analyze.resource-src,1,open_redirect_candidate,,path_candidate,0.74,False,,skip_heavy_scan,parameter values look like file paths; reflective input names present; redirect style parameters present
multi_full_20260430_232210_0003,372730e0b90145a78df7abf5d5243b42,45ff2ec5bb69415a92dee27c863c6436,,path_analyze.form_depth_2,0,low_value_static,,path_candidate,0.0,False,,skip_heavy_scan,no strong passive signal
multi_full_20260430_232210_0003,627598e3a5464c35824af1c0a9ad23de,45ff2ec5bb69415a92dee27c863c6436,,path_analyze.page.depth_2,1,header_misconfiguration_candidate,,path_crawl_page,0.54,False,,run_header_scan,authenticated context can support object comparison; html response lacks csp signal; html response has weak security header coverage; server banner disclosed
multi_full_20260430_232210_0003,33ad85f798d94dd7b831e2c183414782,debbd610fb6645a6933f3cbc4b25c384,,path_analyze.form_depth_2,0,low_value_static,,path_candidate,0.0,False,,skip_heavy_scan,no strong passive signal
multi_full_20260430_232210_0002,9a0d373b08ec4eea8ba9ab818074f371,d3a94a10476545fb9c90d281be045d4c,,path_analyze.resource-src,1,open_redirect_candidate,,path_candidate,0.74,False,,skip_heavy_scan,parameter values look like file paths; reflective input names present; redirect style parameters present
multi_full_20260430_232210_0003,c7df94b54b3d437294bdba0b4015cc56,627598e3a5464c35824af1c0a9ad23de,,path_analyze.page.depth_2,1,header_misconfiguration_candidate,,path_crawl_page,0.54,False,,run_header_scan,authenticated context can support object comparison; html response lacks csp signal; html response has weak security header coverage; server banner disclosed
multi_full_20260430_232210_0003,524cbdb064c3431db2da5e34b539f6a8,627598e3a5464c35824af1c0a9ad23de,,path_analyze.page.depth_2,1,header_misconfiguration_candidate,,path_crawl_page,0.54,False,,run_header_scan,authenticated context can support object comparison; interactive html page; html response lacks csp signal; html response has weak security header coverage
multi_full_20260430_232210_0003,cf379cd9dbf648cf874c881f62d7a279,627598e3a5464c35824af1c0a9ad23de,,path_analyze.page.depth_2,1,header_misconfiguration_candidate,,path_crawl_page,0.54,False,,run_header_scan,authenticated context can support object comparison; interactive html page; html response lacks csp signal; html response has weak security header coverage
multi_full_20260430_232210_0003,4771c2f3d01243fab0647c0902155c57,627598e3a5464c35824af1c0a9ad23de,,path_analyze.page.depth_2,1,header_misconfiguration_candidate,,path_crawl_page,0.54,False,,run_header_scan,authenticated context can support object comparison; html response lacks csp signal; html response has weak security header coverage; server banner disclosed
multi_full_20260430_232210_0003,11b4b4e81cf74f989c5b468ff31ec2ca,627598e3a5464c35824af1c0a9ad23de,,path_analyze.page.depth_2,1,header_misconfiguration_candidate,,path_crawl_page,0.54,False,,run_header_scan,authenticated context can support object comparison; interactive html page; html response lacks csp signal; html response has weak security header coverage
multi_full_20260430_232210_0003,c422098059c044c094e46f82f57fbaa0,627598e3a5464c35824af1c0a9ad23de,,path_analyze.page.depth_2,1,header_misconfiguration_candidate,,path_crawl_page,0.54,False,,run_header_scan,authenticated context can support object comparison; interactive html page; html response lacks csp signal; html response has weak security header coverage
multi_full_20260430_232210_0003,26c809a24c15447db77373d0e4558f6d,627598e3a5464c35824af1c0a9ad23de,,path_analyze.page.depth_2,1,header_misconfiguration_candidate,,path_crawl_page,0.54,False,,run_header_scan,authenticated context can support object comparison; interactive html page; html response lacks csp signal; html response has weak security header coverage
multi_full_20260430_232210_0003,9d66d2aa514d4dbf86bdf5b6348e4fea,33ad85f798d94dd7b831e2c183414782,,path_analyze.form_depth_2,0,low_value_static,,path_candidate,0.0,False,,skip_heavy_scan,no strong passive signal
multi_full_20260430_232210_0003,c291b32df9c240e1a4e7889aeaaf6034,33ad85f798d94dd7b831e2c183414782,,path_analyze.form_depth_2,0,low_value_static,,path_candidate,0.0,False,,skip_heavy_scan,no strong passive signal
multi_full_20260430_232210_0002,2c6c12df2dd4498793bba541cedf9254,9a0d373b08ec4eea8ba9ab818074f371,,path_analyze.resource-src,1,open_redirect_candidate,,path_candidate,0.74,False,,skip_heavy_scan,parameter values look like file paths; reflective input names present; redirect style parameters present
multi_full_20260430_232210_0006,77802fd055b1411bb4220fcafe33ce81,5003bc2a312442e59aabb812ad0b77e0,,path_analyze.page.depth_1,0,command_injection_candidate,,path_crawl_page,0.1,False,,skip_heavy_scan,response exposes filesystem paths; server banner disclosed
multi_full_20260430_232210_0006,8be27704d7044d84a9a8e71935b306f7,5003bc2a312442e59aabb812ad0b77e0,,path_analyze.page.depth_1,0,command_injection_candidate,,path_crawl_page,0.1,False,,skip_heavy_scan,response exposes filesystem paths; server banner disclosed
multi_full_20260430_232210_0003,eb8489e7d04c47bfb1386c91bc81cc4c,33ad85f798d94dd7b831e2c183414782,,path_analyze.page.depth_2,1,header_misconfiguration_candidate,,path_crawl_page,0.54,False,,run_header_scan,authenticated context can support object comparison; interactive html page; html response lacks csp signal; html response has weak security header coverage
multi_full_20260430_232210_0006,afe82b60fdf442a8b0a865208683bb37,5003bc2a312442e59aabb812ad0b77e0,,path_analyze.page.depth_1,0,command_injection_candidate,,path_crawl_page,0.1,False,,skip_heavy_scan,response exposes filesystem paths; server banner disclosed
multi_full_20260430_232210_0006,e5696b555e5a4c098776084b1569d231,5003bc2a312442e59aabb812ad0b77e0,,path_analyze.page.depth_1,0,command_injection_candidate,,path_crawl_page,0.1,False,,skip_heavy_scan,response exposes filesystem paths; server banner disclosed
multi_full_20260430_232210_0006,48d9aa8622ec4c8ca4c61374e45ea03e,5003bc2a312442e59aabb812ad0b77e0,,path_analyze.page.depth_1,0,command_injection_candidate,,path_crawl_page,0.1,False,,skip_heavy_scan,response exposes filesystem paths; server banner disclosed
multi_full_20260430_232210_0006,def66256a352477092906cd5e9b40756,5003bc2a312442e59aabb812ad0b77e0,,path_analyze.page.depth_1,0,command_injection_candidate,,path_crawl_page,0.1,False,,skip_heavy_scan,response exposes filesystem paths; server banner disclosed
multi_full_20260430_232210_0003,760efb09225a4f3fa99511c21ae7cfaf,c7df94b54b3d437294bdba0b4015cc56,,path_analyze.form_depth_2,0,low_value_static,,path_candidate,0.0,False,,skip_heavy_scan,no strong passive signal
multi_full_20260430_232210_0006,c061fbe4cfd44554b4be1340acda90d3,5003bc2a312442e59aabb812ad0b77e0,,path_analyze.page.depth_1,0,command_injection_candidate,,path_crawl_page,0.1,False,,skip_heavy_scan,response exposes filesystem paths; server banner disclosed
multi_full_20260430_232210_0006,8b59d53a015f434aadcadd4c20dc5c55,5003bc2a312442e59aabb812ad0b77e0,,path_analyze.page.depth_1,0,command_injection_candidate,,path_crawl_page,0.1,False,,skip_heavy_scan,response exposes filesystem paths; server banner disclosed
multi_full_20260430_232210_0006,b716afc363d6482fa89e8363a53db62b,5003bc2a312442e59aabb812ad0b77e0,,path_analyze.page.depth_1,0,command_injection_candidate,,path_crawl_page,0.1,False,,skip_heavy_scan,response exposes filesystem paths; server banner disclosed
multi_full_20260430_232210_0003,0c6c54c723e8434c93a8b0f40b7f059d,9d66d2aa514d4dbf86bdf5b6348e4fea,,path_analyze.form_depth_2,0,low_value_static,,path_candidate,0.0,False,,skip_heavy_scan,no strong passive signal
multi_full_20260430_232210_0003,b89b05fb575e456a9e8719041e0a4e1e,c291b32df9c240e1a4e7889aeaaf6034,,path_analyze.form_depth_2,0,low_value_static,,path_candidate,0.0,False,,skip_heavy_scan,no strong passive signal
multi_full_20260430_232210_0002,f7cc3c2f793744c884bf06e4687e19e9,2c6c12df2dd4498793bba541cedf9254,,path_analyze.resource-src,1,open_redirect_candidate,,path_candidate,0.74,False,,skip_heavy_scan,parameter values look like file paths; reflective input names present; redirect style parameters present
multi_full_20260430_232210_0006,59328364163046dc9dce956f86739370,5003bc2a312442e59aabb812ad0b77e0,,path_analyze.page.depth_1,0,command_injection_candidate,,path_crawl_page,0.1,False,,skip_heavy_scan,response exposes filesystem paths; server banner disclosed
multi_full_20260430_232210_0006,a2e9097d5ac5471db24f083c7629fe6b,8be27704d7044d84a9a8e71935b306f7,,path_analyze.page.depth_1,0,command_injection_candidate,,path_crawl_page,0.1,False,,skip_heavy_scan,response exposes filesystem paths; server banner disclosed
multi_full_20260430_232210_0003,1bedfa2cce024b6caf8782b7886fc402,eb8489e7d04c47bfb1386c91bc81cc4c,,path_analyze.page.depth_2,1,header_misconfiguration_candidate,,path_crawl_page,0.54,False,,run_header_scan,authenticated context can support object comparison; interactive html page; html response lacks csp signal; html response has weak security header coverage
multi_full_20260430_232210_0003,b4238759dbcf4d31b9bf34da696f35c7,760efb09225a4f3fa99511c21ae7cfaf,,path_analyze.form_depth_2,0,low_value_static,,path_candidate,0.0,False,,skip_heavy_scan,no strong passive signal
multi_full_20260430_232210_0006,eec34efb2fff427fabe829531adf7668,8b59d53a015f434aadcadd4c20dc5c55,,path_analyze.page.depth_1,0,command_injection_candidate,,path_crawl_page,0.1,False,,skip_heavy_scan,response exposes filesystem paths; server banner disclosed
multi_full_20260430_232210_0002,e973d909327947328bb9f0416192021a,f7cc3c2f793744c884bf06e4687e19e9,,path_analyze.resource-src,1,open_redirect_candidate,,path_candidate,0.74,False,,skip_heavy_scan,parameter values look like file paths; reflective input names present; redirect style parameters present
multi_full_20260430_232210_0003,5699ec7e834243198c0fc8e9094d135a,b89b05fb575e456a9e8719041e0a4e1e,,path_analyze.form_depth_2,0,low_value_static,,path_candidate,0.0,False,,skip_heavy_scan,no strong passive signal
multi_full_20260430_232210_0003,a2164f4443154427bac6ff15a051a7ec,b89b05fb575e456a9e8719041e0a4e1e,,path_analyze.form_depth_2,0,low_value_static,,path_candidate,0.0,False,,skip_heavy_scan,no strong passive signal
multi_full_20260430_232210_0003,9ac2dde3c72040dcbd263386d41d0c99,1bedfa2cce024b6caf8782b7886fc402,,path_analyze.page.depth_2,1,header_misconfiguration_candidate,,path_crawl_page,0.54,False,,run_header_scan,authenticated context can support object comparison; html response lacks csp signal; html response has weak security header coverage; server banner disclosed
multi_full_20260430_232210_0003,c8adc06ad72842ba80e9105ee59b46f4,1bedfa2cce024b6caf8782b7886fc402,,path_analyze.form_depth_2,0,low_value_static,,path_candidate,0.0,False,,skip_heavy_scan,no strong passive signal
multi_full_20260430_232210_0003,c80221aaeff9424187536351bf4d5825,b4238759dbcf4d31b9bf34da696f35c7,,path_analyze.form_depth_2,0,low_value_static,,path_candidate,0.0,False,,skip_heavy_scan,no strong passive signal
multi_full_20260430_232210_0003,1fcde0f20afb4a0cb03fbfe982161bd9,b4238759dbcf4d31b9bf34da696f35c7,,path_analyze.page.depth_2,1,header_misconfiguration_candidate,,path_crawl_page,0.54,False,,run_header_scan,authenticated context can support object comparison; interactive html page; html response lacks csp signal; html response has weak security header coverage
multi_full_20260430_232210_0003,ca6086e9ad3343f787deaec865ea4c24,b4238759dbcf4d31b9bf34da696f35c7,,path_analyze.page.depth_2,1,header_misconfiguration_candidate,,path_crawl_page,0.54,False,,run_header_scan,authenticated context can support object comparison; html response lacks csp signal; html response has weak security header coverage; server banner disclosed
multi_full_20260430_232210_0003,fb859398d89d4644b228c9ee92d85df4,b4238759dbcf4d31b9bf34da696f35c7,,path_analyze.form_depth_2,0,low_value_static,,path_candidate,0.0,False,,skip_heavy_scan,no strong passive signal
multi_full_20260430_232210_0003,e40794e1d2964b2ca40275957286abce,b4238759dbcf4d31b9bf34da696f35c7,,path_analyze.page.depth_2,1,header_misconfiguration_candidate,,path_crawl_page,0.54,False,,run_header_scan,authenticated context can support object comparison; interactive html page; html response lacks csp signal; html response has weak security header coverage
multi_full_20260430_232210_0003,1d8782affb994a3b91342d5c542b02ec,b4238759dbcf4d31b9bf34da696f35c7,,path_analyze.page.depth_2,1,header_misconfiguration_candidate,,path_crawl_page,0.54,False,,run_header_scan,authenticated context can support object comparison; interactive html page; html response lacks csp signal; html response has weak security header coverage
multi_full_20260430_232210_0003,0586a9f2c3f9495d90edfdc34066d731,b4238759dbcf4d31b9bf34da696f35c7,,path_analyze.form_depth_2,0,low_value_static,,path_candidate,0.0,False,,skip_heavy_scan,no strong passive signal
multi_full_20260430_232210_0002,5dd78ccc347241cc999e197f82c44869,e973d909327947328bb9f0416192021a,,path_analyze.resource-src,1,open_redirect_candidate,,path_candidate,0.74,False,,skip_heavy_scan,parameter values look like file paths; reflective input names present; redirect style parameters present
multi_full_20260430_232210_0003,4e3a32ccdd934937ac241c661b285f7e,5699ec7e834243198c0fc8e9094d135a,,path_analyze.form_depth_2,0,low_value_static,,path_candidate,0.0,False,,skip_heavy_scan,no strong passive signal
multi_full_20260430_232210_0003,90aa1c98046d45a59b21afb7134fa8aa,a2164f4443154427bac6ff15a051a7ec,,path_analyze.form_depth_2,0,low_value_static,,path_candidate,0.0,False,,skip_heavy_scan,no strong passive signal
multi_full_20260430_232210_0003,161f1cc994a04d86ad1963b3d64ecb4f,c8adc06ad72842ba80e9105ee59b46f4,,path_analyze.form_depth_2,0,low_value_static,,path_candidate,0.0,False,,skip_heavy_scan,no strong passive signal
multi_full_20260430_232210_0003,97c1c3ddc7b74477bf0c0eaa87ff9250,c80221aaeff9424187536351bf4d5825,,path_analyze.form_depth_2,0,low_value_static,,path_candidate,0.0,False,,skip_heavy_scan,no strong passive signal
multi_full_20260430_232210_0006,ddb4d38575b645b2b096f0463c834e88,eec34efb2fff427fabe829531adf7668,,path_analyze.page.depth_1,0,command_injection_candidate,,path_crawl_page,0.1,False,,skip_heavy_scan,response exposes filesystem paths; server banner disclosed
multi_full_20260430_232210_0006,4057f6fa73d948d3b586347e9e57ff91,eec34efb2fff427fabe829531adf7668,,path_analyze.page.depth_1,0,command_injection_candidate,,path_crawl_page,0.1,False,,skip_heavy_scan,response exposes filesystem paths; server banner disclosed
multi_full_20260430_232210_0006,0f2044a8c370495a962bd1bc53b37eb5,eec34efb2fff427fabe829531adf7668,,path_analyze.page.depth_1,0,command_injection_candidate,,path_crawl_page,0.1,False,,skip_heavy_scan,response exposes filesystem paths; server banner disclosed
multi_full_20260430_232210_0006,b6cc9e8d6a7540fb8925995008d4a99e,eec34efb2fff427fabe829531adf7668,,path_analyze.page.depth_1,0,command_injection_candidate,,path_crawl_page,0.1,False,,skip_heavy_scan,response exposes filesystem paths; server banner disclosed
multi_full_20260430_232210_0003,daf30ff9295c4a6da8c1118396be459c,fb859398d89d4644b228c9ee92d85df4,,path_analyze.form_depth_2,0,low_value_static,,path_candidate,0.0,False,,skip_heavy_scan,no strong passive signal
multi_full_20260430_232210_0006,5019555686fe4c97a702eb9892ac7850,eec34efb2fff427fabe829531adf7668,,path_analyze.page.depth_1,0,command_injection_candidate,,path_crawl_page,0.1,False,,skip_heavy_scan,response exposes filesystem paths; server banner disclosed
multi_full_20260430_232210_0006,befbbd81b3074cefaec3b61c6344b47e,eec34efb2fff427fabe829531adf7668,,path_analyze.page.depth_1,0,command_injection_candidate,,path_crawl_page,0.1,False,,skip_heavy_scan,response exposes filesystem paths; server banner disclosed
multi_full_20260430_232210_0003,b6851db1e079447096ae4ceec3e4b36d,1d8782affb994a3b91342d5c542b02ec,,path_analyze.form_depth_2,0,low_value_static,,path_candidate,0.0,False,,skip_heavy_scan,no strong passive signal
multi_full_20260430_232210_0006,33d0423d552d454c92d00934da5afeb6,eec34efb2fff427fabe829531adf7668,,path_analyze.page.depth_1,0,command_injection_candidate,,path_crawl_page,0.1,False,,skip_heavy_scan,response exposes filesystem paths; server banner disclosed
multi_full_20260430_232210_0003,8de03f2d290e4c11b5a646ffc7c500f7,0586a9f2c3f9495d90edfdc34066d731,,path_analyze.form_depth_2,0,low_value_static,,path_candidate,0.0,False,,skip_heavy_scan,no strong passive signal
multi_full_20260430_232210_0006,24b9403b97384039bde98a51e763c47b,eec34efb2fff427fabe829531adf7668,,path_analyze.page.depth_1,0,command_injection_candidate,,path_crawl_page,0.1,False,,skip_heavy_scan,response exposes filesystem paths; server banner disclosed
multi_full_20260430_232210_0005,17e23975b49f409aabff3f60b9709747,,,path_analyze.page.depth_0,1,xss_candidate,,path_crawl_page,0.34,False,,run_xss_scan,interactive html page; html response lacks csp signal; server banner disclosed
multi_full_20260430_232210_0006,828150e1eed343b18ee299a16d43ad57,eec34efb2fff427fabe829531adf7668,,path_analyze.page.depth_1,0,command_injection_candidate,,path_crawl_page,0.1,False,,skip_heavy_scan,response exposes filesystem paths; server banner disclosed
multi_full_20260430_232210_0002,d818d5afb7e64ef380dee2599463fdd0,5dd78ccc347241cc999e197f82c44869,,path_analyze.resource-src,1,open_redirect_candidate,,path_candidate,0.74,False,,skip_heavy_scan,parameter values look like file paths; reflective input names present; redirect style parameters present
multi_full_20260430_232210_0006,fc5d0a7f29a04d83879e1017fec111da,eec34efb2fff427fabe829531adf7668,,path_analyze.page.depth_1,0,command_injection_candidate,,path_crawl_page,0.1,False,,skip_heavy_scan,response exposes filesystem paths; server banner disclosed
multi_full_20260430_232210_0003,91b99d45cbb3467b851d8d6df55601da,161f1cc994a04d86ad1963b3d64ecb4f,,path_analyze.page.depth_2,1,header_misconfiguration_candidate,,path_crawl_page,0.54,False,,run_header_scan,authenticated context can support object comparison; interactive html page; html response lacks csp signal; html response has weak security header coverage
multi_full_20260430_232210_0006,3ad066224f164c6cb85c4739c07d44ab,b6cc9e8d6a7540fb8925995008d4a99e,,path_analyze.page.depth_1,0,command_injection_candidate,,path_crawl_page,0.1,False,,skip_heavy_scan,response exposes filesystem paths; server banner disclosed
multi_full_20260430_232210_0003,d2be2ddd656e4022a69988bcc7e139c2,161f1cc994a04d86ad1963b3d64ecb4f,,path_analyze.page.depth_2,1,header_misconfiguration_candidate,,path_crawl_page,0.54,False,,run_header_scan,authenticated context can support object comparison; interactive html page; html response lacks csp signal; html response has weak security header coverage
multi_full_20260430_232210_0006,9d010b2db1b3402a8bb34c9f38339038,5019555686fe4c97a702eb9892ac7850,,path_analyze.page.depth_1,0,command_injection_candidate,,path_crawl_page,0.1,False,,skip_heavy_scan,response exposes filesystem paths; server banner disclosed
multi_full_20260430_232210_0003,4cfb3cfff1944e0492b958fa6f93f26f,daf30ff9295c4a6da8c1118396be459c,,path_analyze.page.depth_2,1,header_misconfiguration_candidate,,path_crawl_page,0.54,False,,run_header_scan,authenticated context can support object comparison; interactive html page; html response lacks csp signal; html response has weak security header coverage
multi_full_20260430_232210_0003,f396b5b74ddf413bb66af1ed061c4f4b,b6851db1e079447096ae4ceec3e4b36d,,path_analyze.form_depth_2,0,low_value_static,,path_candidate,0.0,False,,skip_heavy_scan,no strong passive signal
multi_full_20260430_232210_0003,c0def17d7c9c4dcc9751c510e57688ba,8de03f2d290e4c11b5a646ffc7c500f7,,path_analyze.page.depth_2,1,header_misconfiguration_candidate,,path_crawl_page,0.54,False,,run_header_scan,authenticated context can support object comparison; interactive html page; html response lacks csp signal; html response has weak security header coverage
multi_full_20260430_232210_0003,8381b6ed7bcb4cb6b0e80e56131b2d60,8de03f2d290e4c11b5a646ffc7c500f7,,path_analyze.page.depth_2,1,header_misconfiguration_candidate,,path_crawl_page,0.54,False,,run_header_scan,authenticated context can support object comparison; html response lacks csp signal; html response has weak security header coverage; server banner disclosed
multi_full_20260430_232210_0003,7cbd2d6d33814015a3e5d1500d65b692,8de03f2d290e4c11b5a646ffc7c500f7,,path_analyze.form_depth_2,0,low_value_static,,path_candidate,0.0,False,,skip_heavy_scan,no strong passive signal
multi_full_20260430_232210_0002,5e1211b2755f46cfb5e6ec3f1ea6eea8,d818d5afb7e64ef380dee2599463fdd0,,path_analyze.resource-src,1,open_redirect_candidate,,path_candidate,0.74,False,,skip_heavy_scan,parameter values look like file paths; reflective input names present; redirect style parameters present
multi_full_20260430_232210_0003,30842ec8d10c4a16a64c6a98006bc486,8de03f2d290e4c11b5a646ffc7c500f7,,path_analyze.page.depth_2,1,header_misconfiguration_candidate,,path_crawl_page,0.54,False,,run_header_scan,authenticated context can support object comparison; interactive html page; html response lacks csp signal; html response has weak security header coverage
multi_full_20260430_232210_0003,6da9884bad8f48bba02d135f527e4f2c,8de03f2d290e4c11b5a646ffc7c500f7,,path_analyze.page.depth_2,1,header_misconfiguration_candidate,,path_crawl_page,0.54,False,,run_header_scan,authenticated context can support object comparison; interactive html page; html response lacks csp signal; html response has weak security header coverage
multi_full_20260430_232210_0003,4eff241ac74d40989a7cb051adbcddf1,8de03f2d290e4c11b5a646ffc7c500f7,,path_analyze.form_depth_2,0,low_value_static,,path_candidate,0.0,False,,skip_heavy_scan,no strong passive signal
multi_full_20260430_232210_0003,18646c00c3fb45309d268d42f99d122c,8de03f2d290e4c11b5a646ffc7c500f7,,path_analyze.form_depth_2,0,low_value_static,,path_candidate,0.0,False,,skip_heavy_scan,no strong passive signal
multi_full_20260430_232210_0003,96cc7f5a63ab4d11a20a0f8f3b4abdc3,8de03f2d290e4c11b5a646ffc7c500f7,,path_analyze.page.depth_2,1,header_misconfiguration_candidate,,path_crawl_page,0.54,False,,run_header_scan,authenticated context can support object comparison; interactive html page; html response lacks csp signal; html response has weak security header coverage
multi_full_20260430_232210_0003,baed90e07edc4cc49950f883af9e5dce,7cbd2d6d33814015a3e5d1500d65b692,,path_analyze.form_depth_2,0,low_value_static,,path_candidate,0.0,False,,skip_heavy_scan,no strong passive signal
multi_full_20260430_232210_0002,c3c26b0d706b4ad68f5029c4c6f74018,5e1211b2755f46cfb5e6ec3f1ea6eea8,,path_analyze.resource-src,1,open_redirect_candidate,,path_candidate,0.74,False,,skip_heavy_scan,parameter values look like file paths; reflective input names present; redirect style parameters present
multi_full_20260430_232210_0003,41fef9b485e740ed8a143092eca3ea48,6da9884bad8f48bba02d135f527e4f2c,,path_analyze.page.depth_2,1,header_misconfiguration_candidate,,path_crawl_page,0.54,False,,run_header_scan,authenticated context can support object comparison; interactive html page; html response lacks csp signal; html response has weak security header coverage
multi_full_20260430_232210_0006,9446d64d52554d08babcb8b1a243f1ea,9d010b2db1b3402a8bb34c9f38339038,,path_analyze.page.depth_1,0,command_injection_candidate,,path_crawl_page,0.1,False,,skip_heavy_scan,response exposes filesystem paths; server banner disclosed
multi_full_20260430_232210_0003,1a5ec08e80434a098bd823f6030133f1,4eff241ac74d40989a7cb051adbcddf1,,path_analyze.form_depth_2,0,low_value_static,,path_candidate,0.0,False,,skip_heavy_scan,no strong passive signal
multi_full_20260430_232210_0003,c2b97e5c44bb4e8095a68fe27125e85e,18646c00c3fb45309d268d42f99d122c,,path_analyze.form_depth_2,0,low_value_static,,path_candidate,0.0,False,,skip_heavy_scan,no strong passive signal
multi_full_20260430_232210_0006,7ce0a92e0f2e4df6bde79741297f3be6,9d010b2db1b3402a8bb34c9f38339038,,path_analyze.page.depth_1,0,command_injection_candidate,,path_crawl_page,0.1,False,,skip_heavy_scan,response exposes filesystem paths; server banner disclosed
multi_full_20260430_232210_0005,c2c86c43d5cd49e1988c49b61e6e0a79,17e23975b49f409aabff3f60b9709747,,path_analyze.form_depth_0,0,low_value_static,,path_candidate,0.0,False,,skip_heavy_scan,no strong passive signal
multi_full_20260430_232210_0006,1d7b1c6ec9844223bbbe2b09b95d9965,9d010b2db1b3402a8bb34c9f38339038,,path_analyze.page.depth_1,0,command_injection_candidate,,path_crawl_page,0.1,False,,skip_heavy_scan,response exposes filesystem paths; server banner disclosed
multi_full_20260430_232210_0002,77b8b5f2a73443588a79dc750f1c2217,c3c26b0d706b4ad68f5029c4c6f74018,,path_analyze.resource-src,1,open_redirect_candidate,,path_candidate,0.74,False,,skip_heavy_scan,parameter values look like file paths; reflective input names present; redirect style parameters present
multi_full_20260430_232210_0006,a18c3da2d1c44ed58e937ee620c5a39b,9d010b2db1b3402a8bb34c9f38339038,,path_analyze.page.depth_1,0,command_injection_candidate,,path_crawl_page,0.1,False,,skip_heavy_scan,response exposes filesystem paths; server banner disclosed
multi_full_20260430_232210_0006,72145799cb464910ba8e814a5d5d7979,9d010b2db1b3402a8bb34c9f38339038,,path_analyze.page.depth_1,0,command_injection_candidate,,path_crawl_page,0.1,False,,skip_heavy_scan,response exposes filesystem paths; server banner disclosed
multi_full_20260430_232210_0003,5613867a071a44b4b4323cbd58fb9486,baed90e07edc4cc49950f883af9e5dce,,path_analyze.form_depth_2,0,low_value_static,,path_candidate,0.0,False,,skip_heavy_scan,no strong passive signal
multi_full_20260430_232210_0003,19c86ec14f6d47a9b6427648b7ea672a,baed90e07edc4cc49950f883af9e5dce,,path_analyze.form_depth_2,0,low_value_static,,path_candidate,0.0,False,,skip_heavy_scan,no strong passive signal
multi_full_20260430_232210_0003,e0754fae76cb43608d3180da32deb811,baed90e07edc4cc49950f883af9e5dce,,path_analyze.form_depth_2,0,low_value_static,,path_candidate,0.0,False,,skip_heavy_scan,no strong passive signal
multi_full_20260430_232210_0003,e8de976f72ac4a909a079de516c0517a,41fef9b485e740ed8a143092eca3ea48,,path_analyze.page.depth_2,1,header_misconfiguration_candidate,,path_crawl_page,0.54,False,,run_header_scan,authenticated context can support object comparison; interactive html page; html response lacks csp signal; html response has weak security header coverage
multi_full_20260430_232210_0006,2852a06c407940e8b71b668d45b4ede4,9d010b2db1b3402a8bb34c9f38339038,,path_analyze.page.depth_2,0,command_injection_candidate,,path_crawl_page,0.1,False,,skip_heavy_scan,response exposes filesystem paths; server banner disclosed
multi_full_20260430_232210_0006,274bd4ac4d5546a1be9d16bd6054279c,9446d64d52554d08babcb8b1a243f1ea,,path_analyze.page.depth_1,0,command_injection_candidate,,path_crawl_page,0.1,False,,skip_heavy_scan,response exposes filesystem paths; server banner disclosed
multi_full_20260430_232210_0003,da1f05bbd5d341ed880ca1c582f3aeb5,c2b97e5c44bb4e8095a68fe27125e85e,,path_analyze.form_depth_2,0,low_value_static,,path_candidate,0.0,False,,skip_heavy_scan,no strong passive signal
multi_full_20260430_232210_0003,2491bcb9e8b24b04973e43d7039658fa,c2b97e5c44bb4e8095a68fe27125e85e,,path_analyze.form_depth_2,0,low_value_static,,path_candidate,0.0,False,,skip_heavy_scan,no strong passive signal
multi_full_20260430_232210_0003,cccc1e9765da42a8a7b9956c18f22786,c2b97e5c44bb4e8095a68fe27125e85e,,path_analyze.form_depth_2,0,low_value_static,,path_candidate,0.0,False,,skip_heavy_scan,no strong passive signal
multi_full_20260430_232210_0006,fe05999d4f794e2e8dc90934e0c75982,7ce0a92e0f2e4df6bde79741297f3be6,,path_analyze.page.depth_2,0,command_injection_candidate,,path_crawl_page,0.1,False,,skip_heavy_scan,response exposes filesystem paths; server banner disclosed
multi_full_20260430_232210_0003,b962c182278c494f989417af497dd8d7,c2b97e5c44bb4e8095a68fe27125e85e,,path_analyze.page.depth_2,1,header_misconfiguration_candidate,,path_crawl_page,0.54,False,,run_header_scan,authenticated context can support object comparison; interactive html page; html response lacks csp signal; html response has weak security header coverage
multi_full_20260430_232210_0006,2344bea9af384851afaadef64ca29ec5,7ce0a92e0f2e4df6bde79741297f3be6,,path_analyze.page.depth_2,0,command_injection_candidate,,path_crawl_page,0.1,False,,skip_heavy_scan,response exposes filesystem paths; server banner disclosed
multi_full_20260430_232210_0003,04c846c38ae14adea5aadd904b2f819f,c2b97e5c44bb4e8095a68fe27125e85e,,path_analyze.page.depth_2,1,header_misconfiguration_candidate,,path_crawl_page,0.54,False,,run_header_scan,authenticated context can support object comparison; interactive html page; html response lacks csp signal; html response has weak security header coverage
multi_full_20260430_232210_0003,3eb9786984a8488ba1341c4e96367daf,c2b97e5c44bb4e8095a68fe27125e85e,,path_analyze.form_depth_2,0,low_value_static,,path_candidate,0.0,False,,skip_heavy_scan,no strong passive signal
multi_full_20260430_232210_0002,199f92e290394e2b91427b88b4e41afe,77b8b5f2a73443588a79dc750f1c2217,,path_analyze.resource-src,1,open_redirect_candidate,,path_candidate,0.74,False,,skip_heavy_scan,parameter values look like file paths; reflective input names present; redirect style parameters present
multi_full_20260430_232210_0005,b0cd16198ac94077acfb70d47e0bb017,c2c86c43d5cd49e1988c49b61e6e0a79,,path_analyze.page.depth_1,1,xss_candidate,,path_crawl_page,0.34,False,,run_xss_scan,interactive html page; html response lacks csp signal; server banner disclosed
multi_full_20260430_232210_0005,19366002a3bc4d37b0fab23ccf4ada5a,c2c86c43d5cd49e1988c49b61e6e0a79,,path_analyze.page.depth_1,1,xss_candidate,,path_crawl_page,0.34,False,,run_xss_scan,interactive html page; html response lacks csp signal; server banner disclosed
multi_full_20260430_232210_0005,e811013638ee45af83c5f06d211eae64,c2c86c43d5cd49e1988c49b61e6e0a79,,path_analyze.page.depth_1,1,xss_candidate,,path_crawl_page,0.34,False,,run_xss_scan,interactive html page; html response lacks csp signal; server banner disclosed
multi_full_20260430_232210_0005,2707299f8e444f19a4c23c40e8fc824a,c2c86c43d5cd49e1988c49b61e6e0a79,,path_analyze.page.depth_1,1,xss_candidate,,path_crawl_page,0.34,False,,run_xss_scan,interactive html page; html response lacks csp signal; server banner disclosed
multi_full_20260430_232210_0005,7d19fefb4d404824be4e7ed4d49e087d,c2c86c43d5cd49e1988c49b61e6e0a79,,path_analyze.page.depth_1,1,xss_candidate,,path_crawl_page,0.34,False,,run_xss_scan,interactive html page; html response lacks csp signal; server banner disclosed
multi_full_20260430_232210_0005,53623e34c3e24636b747840b25e7b1d8,c2c86c43d5cd49e1988c49b61e6e0a79,,path_analyze.page.depth_1,1,xss_candidate,,path_crawl_page,0.34,False,,run_xss_scan,interactive html page; html response lacks csp signal; server banner disclosed
multi_full_20260430_232210_0005,3322330c2bee4b71a9fbdcd1760ba4c0,c2c86c43d5cd49e1988c49b61e6e0a79,,path_analyze.page.depth_1,1,xss_candidate,,path_crawl_page,0.34,False,,run_xss_scan,interactive html page; html response lacks csp signal; server banner disclosed
multi_full_20260430_232210_0005,3de7787e97dd48fabbe0f9264bfd8b1b,c2c86c43d5cd49e1988c49b61e6e0a79,,path_analyze.page.depth_1,1,xss_candidate,,path_crawl_page,0.34,False,,run_xss_scan,interactive html page; html response lacks csp signal; server banner disclosed
multi_full_20260430_232210_0002,2a252043c66b42adbbbd7d6e9254b4ab,77b8b5f2a73443588a79dc750f1c2217,,path_analyze.form_depth_1,0,low_value_static,,path_candidate,0.0,False,,skip_heavy_scan,no strong passive signal
multi_full_20260430_232210_0005,14c24343266e4e268ad51caa0106e7dc,c2c86c43d5cd49e1988c49b61e6e0a79,,path_analyze.page.depth_1,1,xss_candidate,,path_crawl_page,0.34,False,,run_xss_scan,interactive html page; html response lacks csp signal; server banner disclosed
multi_full_20260430_232210_0003,08d4309993d2454ab3c3c2419020690d,19c86ec14f6d47a9b6427648b7ea672a,,path_analyze.form_depth_2,0,low_value_static,,path_candidate,0.0,False,,skip_heavy_scan,no strong passive signal
multi_full_20260430_232210_0003,bdb1b497053141f780a5f18c46f22afb,e0754fae76cb43608d3180da32deb811,,path_analyze.page.depth_2,1,header_misconfiguration_candidate,,path_crawl_page,0.54,False,,run_header_scan,authenticated context can support object comparison; interactive html page; html response lacks csp signal; html response has weak security header coverage
multi_full_20260430_232210_0005,b63c1fe7d7374608b279ef4ceebcd119,c2c86c43d5cd49e1988c49b61e6e0a79,,path_analyze.page.depth_1,1,xss_candidate,,path_crawl_page,0.34,False,,run_xss_scan,interactive html page; html response lacks csp signal; server banner disclosed
multi_full_20260430_232210_0003,b8aa265cf4204873af74a66daeb8061d,19c86ec14f6d47a9b6427648b7ea672a,,path_analyze.form_depth_2,0,low_value_static,,path_candidate,0.0,False,,skip_heavy_scan,no strong passive signal
multi_full_20260430_232210_0003,d7a323392bc64371be76b8f53b5ec06b,e0754fae76cb43608d3180da32deb811,,path_analyze.form_depth_2,0,low_value_static,,path_candidate,0.0,False,,skip_heavy_scan,no strong passive signal
multi_full_20260430_232210_0005,e3d0c169f8164f259cdb7bfd6df92157,c2c86c43d5cd49e1988c49b61e6e0a79,,path_analyze.page.depth_1,0,xss_candidate,,path_crawl_page,0.1,False,,skip_heavy_scan,html response lacks csp signal; server banner disclosed
multi_full_20260430_232210_0005,a9d7a09753bc4cbc9c8a19aa08d310c5,c2c86c43d5cd49e1988c49b61e6e0a79,,path_analyze.page.depth_1,1,xss_candidate,,path_crawl_page,0.34,False,,run_xss_scan,interactive html page; html response lacks csp signal; server banner disclosed
multi_full_20260430_232210_0003,fbc5a3ae14974b639c27ee0e172c59ca,da1f05bbd5d341ed880ca1c582f3aeb5,,path_analyze.form_depth_2,0,low_value_static,,path_candidate,0.0,False,,skip_heavy_scan,no strong passive signal
multi_full_20260430_232210_0003,26888e105237466486aafd3c88ef6687,2491bcb9e8b24b04973e43d7039658fa,,path_analyze.form_depth_2,0,low_value_static,,path_candidate,0.0,False,,skip_heavy_scan,no strong passive signal
multi_full_20260430_232210_0003,17070b67f000441cb56a94b8baad8454,cccc1e9765da42a8a7b9956c18f22786,,path_analyze.form_depth_2,0,low_value_static,,path_candidate,0.0,False,,skip_heavy_scan,no strong passive signal
multi_full_20260430_232210_0006,2cd6189940be415386062bbdfc93194c,fe05999d4f794e2e8dc90934e0c75982,,path_analyze.page.depth_2,0,command_injection_candidate,,path_crawl_page,0.1,False,,skip_heavy_scan,response exposes filesystem paths; server banner disclosed
multi_full_20260430_232210_0003,254e66956a404b998bf0553596ec6447,cccc1e9765da42a8a7b9956c18f22786,,path_analyze.form_depth_2,0,low_value_static,,path_candidate,0.0,False,,skip_heavy_scan,no strong passive signal
multi_full_20260430_232210_0006,09ac1d4307804166852e188bbfb16f9d,2344bea9af384851afaadef64ca29ec5,,path_analyze.page.depth_2,0,command_injection_candidate,,path_crawl_page,0.1,False,,skip_heavy_scan,response exposes filesystem paths; server banner disclosed
multi_full_20260430_232210_0003,a9964288549845beb2c31bfcdf81b235,3eb9786984a8488ba1341c4e96367daf,,path_analyze.form_depth_2,0,low_value_static,,path_candidate,0.0,False,,skip_heavy_scan,no strong passive signal
multi_full_20260430_232210_0002,d7c75d495c7a467195e1cb9e2643f4d9,199f92e290394e2b91427b88b4e41afe,,path_analyze.resource-src,1,open_redirect_candidate,,path_candidate,0.74,False,,skip_heavy_scan,parameter values look like file paths; reflective input names present; redirect style parameters present
multi_full_20260430_232210_0006,25ef486bdfd34fad8ffddc91156ede15,2344bea9af384851afaadef64ca29ec5,,path_analyze.page.depth_2,0,command_injection_candidate,,path_crawl_page,0.1,False,,skip_heavy_scan,response exposes filesystem paths; server banner disclosed
multi_full_20260430_232210_0006,b2954a60e1ef43c3b40918779c24aa6e,2344bea9af384851afaadef64ca29ec5,,path_analyze.page.depth_2,0,command_injection_candidate,,path_crawl_page,0.1,False,,skip_heavy_scan,response exposes filesystem paths; server banner disclosed
multi_full_20260430_232210_0006,620c79e68a6147c0a3307e7bb3953637,2344bea9af384851afaadef64ca29ec5,,path_analyze.page.depth_2,0,command_injection_candidate,,path_crawl_page,0.1,False,,skip_heavy_scan,response exposes filesystem paths; server banner disclosed
multi_full_20260430_232210_0003,efc3a16258234852b381eb318ef542c8,bdb1b497053141f780a5f18c46f22afb,,path_analyze.page.depth_2,1,header_misconfiguration_candidate,,path_crawl_page,0.54,False,,run_header_scan,authenticated context can support object comparison; html response lacks csp signal; html response has weak security header coverage; server banner disclosed
multi_full_20260430_232210_0003,56191b5771314cdebb057464b4f48342,17070b67f000441cb56a94b8baad8454,,path_analyze.form_depth_2,0,low_value_static,,path_candidate,0.0,False,,skip_heavy_scan,no strong passive signal
multi_full_20260430_232210_0003,b24489201bf24407bae4f1e45eee047d,17070b67f000441cb56a94b8baad8454,,path_analyze.form_depth_2,0,low_value_static,,path_candidate,0.0,False,,skip_heavy_scan,no strong passive signal
multi_full_20260430_232210_0006,ee27eb20c1ef48928c6800d8c58c45c9,2344bea9af384851afaadef64ca29ec5,,path_analyze.page.depth_2,0,command_injection_candidate,,path_crawl_page,0.1,False,,skip_heavy_scan,response exposes filesystem paths; server banner disclosed
multi_full_20260430_232210_0003,5b1a3bcc8a3a4fe7ab810fca4a93e433,254e66956a404b998bf0553596ec6447,,path_analyze.page.depth_2,1,header_misconfiguration_candidate,,path_crawl_page,0.54,False,,run_header_scan,authenticated context can support object comparison; interactive html page; html response lacks csp signal; html response has weak security header coverage
multi_full_20260430_232210_0003,37c4885de5fa494185d80b737758cd7f,254e66956a404b998bf0553596ec6447,,path_analyze.page.depth_2,1,header_misconfiguration_candidate,,path_crawl_page,0.54,False,,run_header_scan,authenticated context can support object comparison; interactive html page; html response lacks csp signal; html response has weak security header coverage
multi_full_20260430_232210_0006,0c4342535644478fb0104927e28fd44c,09ac1d4307804166852e188bbfb16f9d,,path_analyze.page.depth_2,0,command_injection_candidate,,path_crawl_page,0.1,False,,skip_heavy_scan,response exposes filesystem paths; server banner disclosed
multi_full_20260430_232210_0006,617edd96826047abbce0a44662248031,09ac1d4307804166852e188bbfb16f9d,,path_analyze.page.depth_2,0,command_injection_candidate,,path_crawl_page,0.1,False,,skip_heavy_scan,response exposes filesystem paths; server banner disclosed
multi_full_20260430_232210_0003,539273117d7e45bcb6807411c8376f1f,a9964288549845beb2c31bfcdf81b235,,path_analyze.page.depth_2,1,header_misconfiguration_candidate,,path_crawl_page,0.54,False,,run_header_scan,authenticated context can support object comparison; interactive html page; html response lacks csp signal; html response has weak security header coverage
multi_full_20260430_232210_0002,6fe2804b7b624fe6a64819ec5301aabf,d7c75d495c7a467195e1cb9e2643f4d9,,path_analyze.resource-src,1,open_redirect_candidate,,path_candidate,0.74,False,,skip_heavy_scan,parameter values look like file paths; reflective input names present; redirect style parameters present
multi_full_20260430_232210_0003,4b296c6421b847aebfe570eb124b0ccc,a9964288549845beb2c31bfcdf81b235,,path_analyze.page.depth_2,1,header_misconfiguration_candidate,,path_crawl_page,0.54,False,,run_header_scan,authenticated context can support object comparison; interactive html page; html response lacks csp signal; html response has weak security header coverage
multi_full_20260430_232210_0003,5a12528dddd7450090b9d2ac786af18e,a9964288549845beb2c31bfcdf81b235,,path_analyze.form_depth_2,0,low_value_static,,path_candidate,0.0,False,,skip_heavy_scan,no strong passive signal
multi_full_20260430_232210_0006,e41d29f18aaf477b8481971daa05fb1c,b2954a60e1ef43c3b40918779c24aa6e,,path_analyze.page.depth_2,0,command_injection_candidate,,path_crawl_page,0.1,False,,skip_heavy_scan,response exposes filesystem paths; server banner disclosed
multi_full_20260430_232210_0006,97bd78863eba412cb4850d09c4d162a6,b2954a60e1ef43c3b40918779c24aa6e,,path_analyze.page.depth_2,0,command_injection_candidate,,path_crawl_page,0.1,False,,skip_heavy_scan,response exposes filesystem paths; server banner disclosed
multi_full_20260430_232210_0003,0b5af84bc17344fd8cf1b85019ddb2aa,a9964288549845beb2c31bfcdf81b235,,path_analyze.page.depth_2,1,header_misconfiguration_candidate,,path_crawl_page,0.54,False,,run_header_scan,authenticated context can support object comparison; interactive html page; html response lacks csp signal; html response has weak security header coverage
multi_full_20260430_232210_0003,10cb121dc7924d5b872c94b7ae7892bb,a9964288549845beb2c31bfcdf81b235,,path_analyze.form_depth_2,0,low_value_static,,path_candidate,0.0,False,,skip_heavy_scan,no strong passive signal
multi_full_20260430_232210_0003,4864c48a053b430fadc2161a2804bd94,a9964288549845beb2c31bfcdf81b235,,path_analyze.page.depth_2,1,header_misconfiguration_candidate,,path_crawl_page,0.54,False,,run_header_scan,authenticated context can support object comparison; interactive html page; html response lacks csp signal; html response has weak security header coverage
multi_full_20260430_232210_0005,622a0a2e55e9452492b513f6d70236aa,a9d7a09753bc4cbc9c8a19aa08d310c5,,path_analyze.form_depth_1,0,low_value_static,,path_candidate,0.0,False,,skip_heavy_scan,no strong passive signal
multi_full_20260430_232210_0006,24915e0400154dd49db3e2bffdb968fb,620c79e68a6147c0a3307e7bb3953637,,path_analyze.page.depth_2,0,command_injection_candidate,,path_crawl_page,0.1,False,,skip_heavy_scan,response exposes filesystem paths; server banner disclosed
multi_full_20260430_232210_0005,f91b6c50753348029df3bfea696e7d4f,a9d7a09753bc4cbc9c8a19aa08d310c5,,path_analyze.form_depth_1,0,low_value_static,,path_candidate,0.0,False,,skip_heavy_scan,no strong passive signal
multi_full_20260430_232210_0005,1c5eb1c46c2b4e398493b7d1a3fda37e,a9d7a09753bc4cbc9c8a19aa08d310c5,,path_analyze.form_depth_1,0,low_value_static,,path_candidate,0.0,False,,skip_heavy_scan,no strong passive signal
multi_full_20260430_232210_0005,63062e0881f749adadf5de6bcbfa2f0f,a9d7a09753bc4cbc9c8a19aa08d310c5,,path_analyze.form_depth_1,0,low_value_static,,path_candidate,0.0,False,,skip_heavy_scan,no strong passive signal
multi_full_20260430_232210_0005,db8ff23a723c420e8e9a39f89329600d,a9d7a09753bc4cbc9c8a19aa08d310c5,,path_analyze.form_depth_1,0,low_value_static,,path_candidate,0.0,False,,skip_heavy_scan,no strong passive signal
multi_full_20260430_232210_0005,2da5f1e033894f11807ec018110ff890,a9d7a09753bc4cbc9c8a19aa08d310c5,,path_analyze.form_depth_1,0,low_value_static,,path_candidate,0.0,False,,skip_heavy_scan,no strong passive signal
multi_full_20260430_232210_0005,01140b642ad74821b20de40c88f6ff42,a9d7a09753bc4cbc9c8a19aa08d310c5,,path_analyze.form_depth_1,0,low_value_static,,path_candidate,0.0,False,,skip_heavy_scan,no strong passive signal
multi_full_20260430_232210_0003,b411846e0c6f4807bf40f4bb5394b1f3,efc3a16258234852b381eb318ef542c8,,path_analyze.form_depth_2,0,low_value_static,,path_candidate,0.0,False,,skip_heavy_scan,no strong passive signal
multi_full_20260430_232210_0005,8fda5b6bbf82436db06cd971e0c193c9,a9d7a09753bc4cbc9c8a19aa08d310c5,,path_analyze.form_depth_1,0,low_value_static,,path_candidate,0.0,False,,skip_heavy_scan,no strong passive signal
multi_full_20260430_232210_0005,b49f608e058049ef972c7d08ff574867,a9d7a09753bc4cbc9c8a19aa08d310c5,,path_analyze.resource-src,0,path_traversal_candidate,,path_candidate,0.26,False,,skip_heavy_scan,parameter values look like file paths
multi_full_20260430_232210_0005,bec898455d434a5799290adc804e8495,a9d7a09753bc4cbc9c8a19aa08d310c5,,path_analyze.form_depth_1,0,low_value_static,,path_candidate,0.0,False,,skip_heavy_scan,no strong passive signal
multi_full_20260430_232210_0006,24e28cf10f724439b3d250b5a5ac8e21,620c79e68a6147c0a3307e7bb3953637,,path_analyze.page.depth_2,0,command_injection_candidate,,path_crawl_page,0.1,False,,skip_heavy_scan,response exposes filesystem paths; server banner disclosed
multi_full_20260430_232210_0003,90938ffe76e9405f9c7edd2cce4a4a60,b24489201bf24407bae4f1e45eee047d,,path_analyze.form_depth_2,0,low_value_static,,path_candidate,0.0,False,,skip_heavy_scan,no strong passive signal
multi_full_20260430_232210_0002,b74c9cb712ba4626934d2de0df9d811e,6fe2804b7b624fe6a64819ec5301aabf,,path_analyze.resource-src,1,open_redirect_candidate,,path_candidate,0.74,False,,skip_heavy_scan,parameter values look like file paths; reflective input names present; redirect style parameters present
multi_full_20260430_232210_0003,6c60f386a260455d92420e4d2ca78d5b,5a12528dddd7450090b9d2ac786af18e,,path_analyze.form_depth_2,0,low_value_static,,path_candidate,0.0,False,,skip_heavy_scan,no strong passive signal
multi_full_20260430_232210_0003,bf1b53a776934cd096c2d99e763787ff,0b5af84bc17344fd8cf1b85019ddb2aa,,path_analyze.form_depth_2,0,low_value_static,,path_candidate,0.0,False,,skip_heavy_scan,no strong passive signal
multi_full_20260430_232210_0006,76e79983dcb54f03afa8ebc6f138dc4e,e41d29f18aaf477b8481971daa05fb1c,,path_analyze.page.depth_2,0,command_injection_candidate,,path_crawl_page,0.1,False,,skip_heavy_scan,response exposes filesystem paths; server banner disclosed
multi_full_20260430_232210_0003,38651e27c6e34378abe30ada91b8a5b1,b411846e0c6f4807bf40f4bb5394b1f3,,path_analyze.form_depth_2,0,low_value_static,,path_candidate,0.0,False,,skip_heavy_scan,no strong passive signal
multi_full_20260430_232210_0005,1eba1bdb5a1d4c38a1b9affcc8394f58,b49f608e058049ef972c7d08ff574867,,path_analyze.form_depth_1,0,low_value_static,,path_candidate,0.0,False,,skip_heavy_scan,no strong passive signal
multi_full_20260430_232210_0005,abf46b5a126f4cb39e0fa7fe7ae2615f,bec898455d434a5799290adc804e8495,,path_analyze.form_depth_1,0,low_value_static,,path_candidate,0.0,False,,skip_heavy_scan,no strong passive signal
multi_full_20260430_232210_0005,8e4cb2fd5e9c4321a6a3d5d860815446,bec898455d434a5799290adc804e8495,,path_analyze.page.depth_1,1,xss_candidate,,path_crawl_page,0.34,False,,run_xss_scan,interactive html page; html response lacks csp signal; server banner disclosed
multi_full_20260430_232210_0005,68f9c590477448c3a87c590de6bf7f7c,bec898455d434a5799290adc804e8495,,path_analyze.page.depth_1,1,xss_candidate,,path_crawl_page,0.34,False,,run_xss_scan,interactive html page; html response lacks csp signal; server banner disclosed
multi_full_20260430_232210_0005,70e5d2ab102c4eaa9f5e1aa6a5de301f,bec898455d434a5799290adc804e8495,,path_analyze.page.depth_1,1,xss_candidate,,path_crawl_page,0.34,False,,run_xss_scan,interactive html page; html response lacks csp signal; server banner disclosed
multi_full_20260430_232210_0005,d1416da8890845ff99189ea0c74070ec,bec898455d434a5799290adc804e8495,,path_analyze.page.depth_1,1,xss_candidate,,path_crawl_page,0.34,False,,run_xss_scan,interactive html page; html response lacks csp signal; server banner disclosed
multi_full_20260430_232210_0005,a5f54dd261eb4aaa8bd85707f10434bf,bec898455d434a5799290adc804e8495,,path_analyze.page.depth_1,1,xss_candidate,,path_crawl_page,0.34,False,,run_xss_scan,interactive html page; html response lacks csp signal; server banner disclosed
multi_full_20260430_232210_0005,188dadfd3f6f4bf1ab3fb9b46ca8d775,bec898455d434a5799290adc804e8495,,path_analyze.page.depth_1,1,xss_candidate,,path_crawl_page,0.34,False,,run_xss_scan,interactive html page; html response lacks csp signal; server banner disclosed
multi_full_20260430_232210_0003,f1d388269a27452f8d416983cebb74ae,90938ffe76e9405f9c7edd2cce4a4a60,,path_analyze.page.depth_2,1,header_misconfiguration_candidate,,path_crawl_page,0.54,False,,run_header_scan,authenticated context can support object comparison; interactive html page; html response lacks csp signal; html response has weak security header coverage
multi_full_20260430_232210_0005,449de7fe64304757afb2aac40ba88d92,bec898455d434a5799290adc804e8495,,path_analyze.page.depth_1,1,xss_candidate,,path_crawl_page,0.34,False,,run_xss_scan,interactive html page; html response lacks csp signal; server banner disclosed
multi_full_20260430_232210_0005,efab90a8e5ee46fc8b96ec118f4cf6e9,bec898455d434a5799290adc804e8495,,path_analyze.page.depth_1,1,xss_candidate,,path_crawl_page,0.34,False,,run_xss_scan,interactive html page; html response lacks csp signal; server banner disclosed
multi_full_20260430_232210_0006,649f5a7916714eb2a984dc568e9b065d,24e28cf10f724439b3d250b5a5ac8e21,,path_analyze.page.depth_2,0,command_injection_candidate,,path_crawl_page,0.1,False,,skip_heavy_scan,response exposes filesystem paths; server banner disclosed
multi_full_20260430_232210_0006,d9ede8952e4348c38c4262d9d224e59c,24e28cf10f724439b3d250b5a5ac8e21,,path_analyze.page.depth_2,0,command_injection_candidate,,path_crawl_page,0.1,False,,skip_heavy_scan,response exposes filesystem paths; server banner disclosed
multi_full_20260430_232210_0006,cad9af1174c8450284ee1e1885c2002d,24e28cf10f724439b3d250b5a5ac8e21,,path_analyze.page.depth_2,0,command_injection_candidate,,path_crawl_page,0.1,False,,skip_heavy_scan,response exposes filesystem paths; server banner disclosed
multi_full_20260430_232210_0005,19e7c4024d2a475aa75dc241e4495429,bec898455d434a5799290adc804e8495,,path_analyze.page.depth_1,1,xss_candidate,,path_crawl_page,0.34,False,,run_xss_scan,interactive html page; html response lacks csp signal; server banner disclosed
multi_full_20260430_232210_0005,19ccc968dfa64979878f24422b9512c8,bec898455d434a5799290adc804e8495,,path_analyze.page.depth_1,1,xss_candidate,,path_crawl_page,0.34,False,,run_xss_scan,interactive html page; html response lacks csp signal; server banner disclosed
multi_full_20260430_232210_0006,89090105ee7147b79b6cd7b559f3fe5d,24e28cf10f724439b3d250b5a5ac8e21,,path_analyze.page.depth_2,0,command_injection_candidate,,path_crawl_page,0.1,False,,skip_heavy_scan,response exposes filesystem paths; server banner disclosed
multi_full_20260430_232210_0003,e6e159b7934d44de826ff7b95e446c64,90938ffe76e9405f9c7edd2cce4a4a60,,path_analyze.page.depth_2,1,header_misconfiguration_candidate,,path_crawl_page,0.54,False,,run_header_scan,authenticated context can support object comparison; interactive html page; html response lacks csp signal; html response has weak security header coverage
multi_full_20260430_232210_0003,890611c6d8f84943a76f9e9df83b22eb,90938ffe76e9405f9c7edd2cce4a4a60,,path_analyze.form_depth_2,0,low_value_static,,path_candidate,0.0,False,,skip_heavy_scan,no strong passive signal
multi_full_20260430_232210_0002,e419a29caa25431188f8945c6ba68c98,b74c9cb712ba4626934d2de0df9d811e,,path_analyze.resource-src,1,open_redirect_candidate,,path_candidate,0.74,False,,skip_heavy_scan,parameter values look like file paths; reflective input names present; redirect style parameters present
multi_full_20260430_232210_0003,b940a3ba72dc461bb9f712e4c9367d3b,90938ffe76e9405f9c7edd2cce4a4a60,,path_analyze.form_depth_2,0,low_value_static,,path_candidate,0.0,False,,skip_heavy_scan,no strong passive signal
multi_full_20260430_232210_0003,3c9ead4e7abe41f5b27d6b11d9abda4b,bf1b53a776934cd096c2d99e763787ff,,path_analyze.form_depth_2,0,low_value_static,,path_candidate,0.0,False,,skip_heavy_scan,no strong passive signal
multi_full_20260430_232210_0003,9c8e8924d3a442df9ec85c98385425f4,bf1b53a776934cd096c2d99e763787ff,,path_analyze.form_depth_2,0,low_value_static,,path_candidate,0.0,False,,skip_heavy_scan,no strong passive signal
multi_full_20260430_232210_0003,33da8482ff64401b951335bbaf06eea0,bf1b53a776934cd096c2d99e763787ff,,path_analyze.form_depth_2,0,low_value_static,,path_candidate,0.0,False,,skip_heavy_scan,no strong passive signal
multi_full_20260430_232210_0003,c1b01cf3d0674a0d82f0ec2d55b4407b,bf1b53a776934cd096c2d99e763787ff,,path_analyze.page.depth_2,1,header_misconfiguration_candidate,,path_crawl_page,0.54,False,,run_header_scan,authenticated context can support object comparison; interactive html page; html response lacks csp signal; html response has weak security header coverage
multi_full_20260430_232210_0006,edde2234457a416db7f17f6f96de1fe2,76e79983dcb54f03afa8ebc6f138dc4e,,path_analyze.page.depth_2,0,command_injection_candidate,,path_crawl_page,0.1,False,,skip_heavy_scan,response exposes filesystem paths; server banner disclosed
multi_full_20260430_232210_0003,364cf2c5fc9b4535ba54be2a74573eb1,38651e27c6e34378abe30ada91b8a5b1,,path_analyze.form_depth_2,0,low_value_static,,path_candidate,0.0,False,,skip_heavy_scan,no strong passive signal
multi_full_20260430_232210_0006,11a519b5067d421eb7d5875d4e139571,76e79983dcb54f03afa8ebc6f138dc4e,,path_analyze.page.depth_2,0,command_injection_candidate,,path_crawl_page,0.1,False,,skip_heavy_scan,response exposes filesystem paths; server banner disclosed
multi_full_20260430_232210_0005,537e084645974e749479f874ef11cf35,8e4cb2fd5e9c4321a6a3d5d860815446,,path_analyze.page.depth_1,1,xss_candidate,,path_crawl_page,0.34,False,,run_xss_scan,interactive html page; html response lacks csp signal; server banner disclosed
multi_full_20260430_232210_0003,888ea5ed736444269fa8a8b3de10a705,38651e27c6e34378abe30ada91b8a5b1,,path_analyze.page.depth_2,1,header_misconfiguration_candidate,,path_crawl_page,0.54,False,,run_header_scan,authenticated context can support object comparison; interactive html page; html response lacks csp signal; html response has weak security header coverage
multi_full_20260430_232210_0005,75cc158a5c614ca4b813054287a09f66,68f9c590477448c3a87c590de6bf7f7c,,path_analyze.page.depth_1,1,xss_candidate,,path_crawl_page,0.34,False,,run_xss_scan,interactive html page; html response lacks csp signal; server banner disclosed
multi_full_20260430_232210_0006,20a67ec674df4fe5b464a94f22b991ab,cad9af1174c8450284ee1e1885c2002d,,path_analyze.page.depth_2,0,command_injection_candidate,,path_crawl_page,0.1,False,,skip_heavy_scan,response exposes filesystem paths; server banner disclosed
multi_full_20260430_232210_0006,1243fb97b6764e88bfa227c3416de261,cad9af1174c8450284ee1e1885c2002d,,path_analyze.page.depth_2,0,command_injection_candidate,,path_crawl_page,0.1,False,,skip_heavy_scan,response exposes filesystem paths; server banner disclosed
multi_full_20260430_232210_0003,5402e358d6c1452db4dca5d47b09c1a0,f1d388269a27452f8d416983cebb74ae,,path_analyze.page.depth_2,1,header_misconfiguration_candidate,,path_crawl_page,0.54,False,,run_header_scan,authenticated context can support object comparison; interactive html page; html response lacks csp signal; html response has weak security header coverage
multi_full_20260430_232210_0003,7c2d44964fbd452caedd3c7aed9a908d,890611c6d8f84943a76f9e9df83b22eb,,path_analyze.form_depth_2,0,low_value_static,,path_candidate,0.0,False,,skip_heavy_scan,no strong passive signal
multi_full_20260430_232210_0002,04a240adef534a618cbf1a3b2ece46c7,e419a29caa25431188f8945c6ba68c98,,path_analyze.resource-src,1,open_redirect_candidate,,path_candidate,0.74,False,,skip_heavy_scan,parameter values look like file paths; reflective input names present; redirect style parameters present
multi_full_20260430_232210_0003,efd343c55906496b806abc9c6f91953a,b940a3ba72dc461bb9f712e4c9367d3b,,path_analyze.page.depth_2,1,header_misconfiguration_candidate,,path_crawl_page,0.54,False,,run_header_scan,authenticated context can support object comparison; interactive html page; html response lacks csp signal; html response has weak security header coverage
multi_full_20260430_232210_0003,c43fe5d7036c49319728879a186386ec,b940a3ba72dc461bb9f712e4c9367d3b,,path_analyze.form_depth_2,0,low_value_static,,path_candidate,0.0,False,,skip_heavy_scan,no strong passive signal
multi_full_20260430_232210_0006,ac7240bd4c814fe5a3179a8092ba6a1a,89090105ee7147b79b6cd7b559f3fe5d,,path_analyze.page.depth_2,0,command_injection_candidate,,path_crawl_page,0.1,False,,skip_heavy_scan,response exposes filesystem paths; server banner disclosed
multi_full_20260430_232210_0006,d166fc58eef642fd94adfb0fb6d9ccd2,89090105ee7147b79b6cd7b559f3fe5d,,path_analyze.page.depth_2,0,command_injection_candidate,,path_crawl_page,0.1,False,,skip_heavy_scan,response exposes filesystem paths; server banner disclosed
multi_full_20260430_232210_0003,610328cd2525439c894964c2cf5dc128,3c9ead4e7abe41f5b27d6b11d9abda4b,,path_analyze.form_depth_2,0,low_value_static,,path_candidate,0.0,False,,skip_heavy_scan,no strong passive signal
multi_full_20260430_232210_0003,a82508fc6e52402cbb92d1b405e55ff6,9c8e8924d3a442df9ec85c98385425f4,,path_analyze.form_depth_2,0,low_value_static,,path_candidate,0.0,False,,skip_heavy_scan,no strong passive signal
multi_full_20260430_232210_0003,83f4ce6e4a86440395d42f1bed7a2535,33da8482ff64401b951335bbaf06eea0,,path_analyze.form_depth_2,0,low_value_static,,path_candidate,0.0,False,,skip_heavy_scan,no strong passive signal
multi_full_20260430_232210_0006,78fb845519654a678dc74dc6a166f8c3,edde2234457a416db7f17f6f96de1fe2,,path_analyze.page.depth_2,0,command_injection_candidate,,path_crawl_page,0.1,False,,skip_heavy_scan,response exposes filesystem paths; server banner disclosed
multi_full_20260430_232210_0003,0550da27205e44ed829f7ca803b8bebe,364cf2c5fc9b4535ba54be2a74573eb1,,path_analyze.form_depth_2,0,low_value_static,,path_candidate,0.0,False,,skip_heavy_scan,no strong passive signal
multi_full_20260430_232210_0006,01dbc2e103934c458e19ab89db29840b,11a519b5067d421eb7d5875d4e139571,,path_analyze.page.depth_2,0,command_injection_candidate,,path_crawl_page,0.1,False,,skip_heavy_scan,response exposes filesystem paths; server banner disclosed
multi_full_20260430_232210_0005,977bad72e991434c9e474f3cec5630ac,75cc158a5c614ca4b813054287a09f66,,path_analyze.form_depth_1,0,low_value_static,,path_candidate,0.0,False,,skip_heavy_scan,no strong passive signal
multi_full_20260430_232210_0005,c1fbe8ea779147d3bba720d26c18148e,75cc158a5c614ca4b813054287a09f66,,path_analyze.form_depth_1,0,low_value_static,,path_candidate,0.0,False,,skip_heavy_scan,no strong passive signal
multi_full_20260430_232210_0005,d1de894d6f3142a3b09e7818d8017430,75cc158a5c614ca4b813054287a09f66,,path_analyze.form_depth_1,0,low_value_static,,path_candidate,0.0,False,,skip_heavy_scan,no strong passive signal
multi_full_20260430_232210_0005,9bbb00ac53854c3f92f06b6275fcdbd3,75cc158a5c614ca4b813054287a09f66,,path_analyze.form_depth_1,0,low_value_static,,path_candidate,0.0,False,,skip_heavy_scan,no strong passive signal
multi_full_20260430_232210_0005,1a9f2e9379cf44e9a9f77f4288e93266,75cc158a5c614ca4b813054287a09f66,,path_analyze.form_depth_1,0,low_value_static,,path_candidate,0.0,False,,skip_heavy_scan,no strong passive signal
multi_full_20260430_232210_0003,50b83d3522c047ee9d709b91404e4df1,5402e358d6c1452db4dca5d47b09c1a0,,path_analyze.form_depth_2,0,low_value_static,,path_candidate,0.0,False,,skip_heavy_scan,no strong passive signal
multi_full_20260430_232210_0005,bd3fc2161530479081a9a32075a183ee,75cc158a5c614ca4b813054287a09f66,,path_analyze.form_depth_1,0,low_value_static,,path_candidate,0.0,False,,skip_heavy_scan,no strong passive signal
multi_full_20260430_232210_0005,bf0324dbccdd44829d7ac86c0cfc9eed,75cc158a5c614ca4b813054287a09f66,,path_analyze.form_depth_1,0,low_value_static,,path_candidate,0.0,False,,skip_heavy_scan,no strong passive signal
multi_full_20260430_232210_0005,b6dae0d779544376af629fdc1370dee0,75cc158a5c614ca4b813054287a09f66,,path_analyze.form_depth_1,0,low_value_static,,path_candidate,0.0,False,,skip_heavy_scan,no strong passive signal
multi_full_20260430_232210_0005,8740905dac8b4a98b4c578aa1cd902b1,75cc158a5c614ca4b813054287a09f66,,path_analyze.form_depth_1,0,low_value_static,,path_candidate,0.0,False,,skip_heavy_scan,no strong passive signal
multi_full_20260430_232210_0005,2000370227eb43aa8cc6b545ff572278,75cc158a5c614ca4b813054287a09f66,,path_analyze.form_depth_1,0,low_value_static,,path_candidate,0.0,False,,skip_heavy_scan,no strong passive signal
multi_full_20260430_232210_0002,438e47f69bc14bfaa8c0c01ba6e84653,04a240adef534a618cbf1a3b2ece46c7,,path_analyze.resource-src,1,open_redirect_candidate,,path_candidate,0.74,False,,skip_heavy_scan,parameter values look like file paths; reflective input names present; redirect style parameters present
multi_full_20260430_232210_0003,50d1e5b0410d44b89d41df13b4eda061,efd343c55906496b806abc9c6f91953a,,path_analyze.page.depth_2,1,header_misconfiguration_candidate,,path_crawl_page,0.54,False,,run_header_scan,authenticated context can support object comparison; interactive html page; html response lacks csp signal; html response has weak security header coverage
multi_full_20260430_232210_0003,bf7429e7b8e848dab6197154dc2ec998,efd343c55906496b806abc9c6f91953a,,path_analyze.page.depth_2,1,header_misconfiguration_candidate,,path_crawl_page,0.54,False,,run_header_scan,authenticated context can support object comparison; interactive html page; html response lacks csp signal; html response has weak security header coverage
multi_full_20260430_232210_0003,cbe67695de6b451c8bbdfd91a7835037,efd343c55906496b806abc9c6f91953a,,path_analyze.form_depth_2,0,low_value_static,,path_candidate,0.0,False,,skip_heavy_scan,no strong passive signal
multi_full_20260430_232210_0006,0737dc4b29a14df294d415ea5cbd453d,d166fc58eef642fd94adfb0fb6d9ccd2,,path_analyze.page.depth_2,0,command_injection_candidate,,path_crawl_page,0.1,False,,skip_heavy_scan,response exposes filesystem paths; server banner disclosed
multi_full_20260430_232210_0003,91a85d1ea678470f8d3fd410d98cb90c,83f4ce6e4a86440395d42f1bed7a2535,,path_analyze.page.depth_2,1,header_misconfiguration_candidate,,path_crawl_page,0.54,False,,run_header_scan,authenticated context can support object comparison; interactive html page; html response lacks csp signal; html response has weak security header coverage
multi_full_20260430_232210_0003,4a1a7fc63adb438fbe50e87d0a6d8770,83f4ce6e4a86440395d42f1bed7a2535,,path_analyze.page.depth_2,1,header_misconfiguration_candidate,,path_crawl_page,0.54,False,,run_header_scan,authenticated context can support object comparison; interactive html page; html response lacks csp signal; html response has weak security header coverage
multi_full_20260430_232210_0006,abf40a8689a945acafc1ad47fbc98de2,d166fc58eef642fd94adfb0fb6d9ccd2,,path_analyze.page.depth_2,0,command_injection_candidate,,path_crawl_page,0.1,False,,skip_heavy_scan,response exposes filesystem paths; server banner disclosed
multi_full_20260430_232210_0006,602cb23a735c4960b92bf59e03317bcf,d166fc58eef642fd94adfb0fb6d9ccd2,,path_analyze.page.depth_2,0,command_injection_candidate,,path_crawl_page,0.1,False,,skip_heavy_scan,response exposes filesystem paths; server banner disclosed
multi_full_20260430_232210_0003,14222d06c6b64252960625d6c7896e51,83f4ce6e4a86440395d42f1bed7a2535,,path_analyze.page.depth_2,1,header_misconfiguration_candidate,,path_crawl_page,0.54,False,,run_header_scan,authenticated context can support object comparison; interactive html page; html response lacks csp signal; html response has weak security header coverage
multi_full_20260430_232210_0003,c14346df58504d08aba522f659778902,0550da27205e44ed829f7ca803b8bebe,,path_analyze.form_depth_2,0,low_value_static,,path_candidate,0.0,False,,skip_heavy_scan,no strong passive signal
multi_full_20260430_232210_0003,3178288d62ed4e19a6d577ce3b39c5f9,0550da27205e44ed829f7ca803b8bebe,,path_analyze.page.depth_2,1,header_misconfiguration_candidate,,path_crawl_page,0.54,False,,run_header_scan,authenticated context can support object comparison; interactive html page; html response lacks csp signal; html response has weak security header coverage
multi_full_20260430_232210_0005,2aca2104efbf40a1b059b1b454a58376,d1de894d6f3142a3b09e7818d8017430,,path_analyze.form_depth_1,0,low_value_static,,path_candidate,0.0,False,,skip_heavy_scan,no strong passive signal
multi_full_20260430_232210_0005,b40478be43cf406b9a1d488be52724b2,c1fbe8ea779147d3bba720d26c18148e,,path_analyze.page.depth_1,1,xss_candidate,,path_crawl_page,0.34,False,,run_xss_scan,interactive html page; html response lacks csp signal; server banner disclosed
multi_full_20260430_232210_0006,2267deafdcb14e118551414d4d8495de,01dbc2e103934c458e19ab89db29840b,,path_analyze.page.depth_2,0,command_injection_candidate,,path_crawl_page,0.1,False,,skip_heavy_scan,response exposes filesystem paths; server banner disclosed
multi_full_20260430_232210_0003,756acb8515f04142bda5e3f5c07f946f,50b83d3522c047ee9d709b91404e4df1,,path_analyze.form_depth_2,0,low_value_static,,path_candidate,0.0,False,,skip_heavy_scan,no strong passive signal
multi_full_20260430_232210_0003,34728e8f4ae0421bacf82e19138fc552,50b83d3522c047ee9d709b91404e4df1,,path_analyze.form_depth_2,0,low_value_static,,path_candidate,0.0,False,,skip_heavy_scan,no strong passive signal
multi_full_20260430_232210_0005,5377fe36699b45fa9e976fcf395ca136,bd3fc2161530479081a9a32075a183ee,,path_analyze.form_depth_1,0,low_value_static,,path_candidate,0.0,False,,skip_heavy_scan,no strong passive signal
multi_full_20260430_232210_0005,d181fd23431d46bcabb31d90265989e3,bd3fc2161530479081a9a32075a183ee,,path_analyze.page.depth_1,1,xss_candidate,,path_crawl_page,0.34,False,,run_xss_scan,interactive html page; html response lacks csp signal; server banner disclosed
multi_full_20260430_232210_0005,c0c21300116e44bb8253acde0c44f912,bf0324dbccdd44829d7ac86c0cfc9eed,,path_analyze.page.depth_1,1,xss_candidate,,path_crawl_page,0.34,False,,run_xss_scan,interactive html page; html response lacks csp signal; server banner disclosed
multi_full_20260430_232210_0005,42c60c7ace604bd18bbf27f8536270b2,bd3fc2161530479081a9a32075a183ee,,path_analyze.page.depth_1,1,xss_candidate,,path_crawl_page,0.34,False,,run_xss_scan,interactive html page; html response lacks csp signal; server banner disclosed
multi_full_20260430_232210_0005,16643888ee11428e93474b3360b2d0b8,b6dae0d779544376af629fdc1370dee0,,path_analyze.page.depth_1,1,xss_candidate,,path_crawl_page,0.34,False,,run_xss_scan,interactive html page; html response lacks csp signal; server banner disclosed
multi_full_20260430_232210_0005,db65a2449767453b8ee1db7cadac68f4,b6dae0d779544376af629fdc1370dee0,,path_analyze.page.depth_1,1,xss_candidate,,path_crawl_page,0.34,False,,run_xss_scan,interactive html page; html response lacks csp signal; server banner disclosed
multi_full_20260430_232210_0005,deed4ea8d67945249e56989fbb75afb8,8740905dac8b4a98b4c578aa1cd902b1,,path_analyze.page.depth_2,0,header_misconfiguration_candidate,,path_crawl_page,0.08,False,,skip_heavy_scan,server banner disclosed
multi_full_20260430_232210_0003,c3161857b5c04f399333fcf41b87b90d,50b83d3522c047ee9d709b91404e4df1,,path_analyze.form_depth_2,0,low_value_static,,path_candidate,0.0,False,,skip_heavy_scan,no strong passive signal
multi_full_20260430_232210_0005,934f227ccf75443e9ac037b6e76cd687,2000370227eb43aa8cc6b545ff572278,,path_analyze.page.depth_1,1,xss_candidate,,path_crawl_page,0.34,False,,run_xss_scan,interactive html page; html response lacks csp signal; server banner disclosed
multi_full_20260430_232210_0002,e6e7e60dc33845f1a6216f26a58774fc,438e47f69bc14bfaa8c0c01ba6e84653,,path_analyze.resource-src,1,open_redirect_candidate,,path_candidate,0.74,False,,skip_heavy_scan,parameter values look like file paths; reflective input names present; redirect style parameters present
multi_full_20260430_232210_0006,405fd8f3d9cd4d17a338a8425bf2520e,01dbc2e103934c458e19ab89db29840b,,path_analyze.page.depth_2,0,command_injection_candidate,,path_crawl_page,0.1,False,,skip_heavy_scan,response exposes filesystem paths; server banner disclosed
multi_full_20260430_232210_0003,ec73986941f441fb8c37db1674d54299,cbe67695de6b451c8bbdfd91a7835037,,path_analyze.form_depth_2,0,low_value_static,,path_candidate,0.0,False,,skip_heavy_scan,no strong passive signal
multi_full_20260430_232210_0001,7501afa81a9d4aa18569aee7933e4522,,,path_analyze.page.depth_0,1,open_redirect_candidate,,path_crawl_page,0.74,False,,skip_heavy_scan,reflective input names present; interactive html page; html response lacks csp signal; redirect style parameters present
multi_full_20260430_232210_0005,d798314559184999a2f26ed6c037c177,2000370227eb43aa8cc6b545ff572278,,path_analyze.page.depth_2,0,low_value_static,,path_crawl_page,0.88,False,,skip_heavy_scan,html response lacks csp signal; server banner disclosed; static asset with no interactive inputs
multi_full_20260430_232210_0003,d77a6d0820da46348625864573e5fae0,cbe67695de6b451c8bbdfd91a7835037,,path_analyze.form_depth_2,0,low_value_static,,path_candidate,0.0,False,,skip_heavy_scan,no strong passive signal
multi_full_20260430_232210_0007,c66042a3fc694f03b78e4fe482b79fdb,,,path_analyze.page.depth_0,0,command_injection_candidate,,path_crawl_page,0.1,False,,skip_heavy_scan,response exposes filesystem paths; server banner disclosed
multi_full_20260430_232210_0006,a8906587683742e89f3c49d5857debcd,0737dc4b29a14df294d415ea5cbd453d,,path_analyze.page.depth_2,0,command_injection_candidate,,path_crawl_page,0.1,False,,skip_heavy_scan,response exposes filesystem paths; server banner disclosed
multi_full_20260430_232210_0006,6e7473ed61b641e69d2de69288b00299,602cb23a735c4960b92bf59e03317bcf,,path_analyze.page.depth_2,0,command_injection_candidate,,path_crawl_page,0.1,False,,skip_heavy_scan,response exposes filesystem paths; server banner disclosed
multi_full_20260430_232210_0006,b04f3dc6d808495d92314f03cba90ac9,602cb23a735c4960b92bf59e03317bcf,,path_analyze.page.depth_2,0,command_injection_candidate,,path_crawl_page,0.1,False,,skip_heavy_scan,response exposes filesystem paths; server banner disclosed
multi_full_20260430_232210_0003,11957c55ac0c415682528624d0ef7168,c14346df58504d08aba522f659778902,,path_analyze.form_depth_2,0,low_value_static,,path_candidate,0.0,False,,skip_heavy_scan,no strong passive signal
multi_full_20260430_232210_0006,efe9f2f451b440b6bf3f678437e24878,602cb23a735c4960b92bf59e03317bcf,,path_analyze.page.depth_2,0,command_injection_candidate,,path_crawl_page,0.1,False,,skip_heavy_scan,response exposes filesystem paths; server banner disclosed
multi_full_20260430_232210_0006,39ac9afca6c54a0695d4b00f8cb9cfc2,602cb23a735c4960b92bf59e03317bcf,,path_analyze.page.depth_2,0,command_injection_candidate,,path_crawl_page,0.1,False,,skip_heavy_scan,response exposes filesystem paths; server banner disclosed
multi_full_20260430_232210_0003,43481b41d3f74e93b9e37f7b7d5a729a,3178288d62ed4e19a6d577ce3b39c5f9,,path_analyze.form_depth_2,0,low_value_static,,path_candidate,0.0,False,,skip_heavy_scan,no strong passive signal
multi_full_20260430_232210_0003,00d14afb1d644ad3ac1340b13dde553e,3178288d62ed4e19a6d577ce3b39c5f9,,path_analyze.form_depth_2,0,low_value_static,,path_candidate,0.0,False,,skip_heavy_scan,no strong passive signal
multi_full_20260430_232210_0005,87c7de7adcf14285b7878727f7fe652d,2000370227eb43aa8cc6b545ff572278,,path_analyze.page.depth_2,0,low_value_static,,path_crawl_page,0.88,False,,skip_heavy_scan,html response lacks csp signal; server banner disclosed; static asset with no interactive inputs
multi_full_20260430_232210_0003,b5bbe31657fc446ab78057915046dbfc,3178288d62ed4e19a6d577ce3b39c5f9,,path_analyze.form_depth_2,0,low_value_static,,path_candidate,0.0,False,,skip_heavy_scan,no strong passive signal
multi_full_20260430_232210_0005,6d87187e1ad14d7097f2dfea3f2fc3df,2aca2104efbf40a1b059b1b454a58376,,path_analyze.page.depth_2,1,xss_candidate,,path_crawl_page,0.34,False,,run_xss_scan,interactive html page; html response lacks csp signal; server banner disclosed
multi_full_20260430_232210_0003,d16f13b2fd574d539c1432bac62ef126,34728e8f4ae0421bacf82e19138fc552,,path_analyze.form_depth_2,0,low_value_static,,path_candidate,0.0,False,,skip_heavy_scan,no strong passive signal
multi_full_20260430_232210_0003,e5b93d84c0254efe8096c4070ecbf974,3178288d62ed4e19a6d577ce3b39c5f9,,path_analyze.form_depth_2,0,low_value_static,,path_candidate,0.0,False,,skip_heavy_scan,no strong passive signal
multi_full_20260430_232210_0003,c96635e8f62346fbaccb8e1e64df187d,756acb8515f04142bda5e3f5c07f946f,,path_analyze.form_depth_2,0,low_value_static,,path_candidate,0.0,False,,skip_heavy_scan,no strong passive signal
multi_full_20260430_232210_0005,92a6f6828a9d43c0bb20bc2f26e8b50f,c0c21300116e44bb8253acde0c44f912,,path_analyze.page.depth_2,1,xss_candidate,,path_crawl_page,0.34,False,,run_xss_scan,interactive html page; html response lacks csp signal; server banner disclosed
multi_full_20260430_232210_0003,6c9e80dfee604b9fa1b420ce84f7b54e,756acb8515f04142bda5e3f5c07f946f,,path_analyze.page.depth_2,1,header_misconfiguration_candidate,,path_crawl_page,0.54,False,,run_header_scan,authenticated context can support object comparison; interactive html page; html response lacks csp signal; html response has weak security header coverage
multi_full_20260430_232210_0006,94a60b20455a4dcfa80676d00864cd21,2267deafdcb14e118551414d4d8495de,,path_analyze.page.depth_2,0,command_injection_candidate,,path_crawl_page,0.1,False,,skip_heavy_scan,response exposes filesystem paths; server banner disclosed
multi_full_20260430_232210_0003,9737bedee57b4288bf8f687949ea81b3,c3161857b5c04f399333fcf41b87b90d,,path_analyze.form_depth_2,0,low_value_static,,path_candidate,0.0,False,,skip_heavy_scan,no strong passive signal
multi_full_20260430_232210_0006,07bf47bbd8234f979739d659dfcb376f,2267deafdcb14e118551414d4d8495de,,path_analyze.page.depth_2,0,command_injection_candidate,,path_crawl_page,0.1,False,,skip_heavy_scan,response exposes filesystem paths; server banner disclosed
multi_full_20260430_232210_0006,86238038c9bf45c184ad037dc77f9739,2267deafdcb14e118551414d4d8495de,,path_analyze.page.depth_2,0,command_injection_candidate,,path_crawl_page,0.1,False,,skip_heavy_scan,response exposes filesystem paths; server banner disclosed
multi_full_20260430_232210_0002,9cff9f242ea542c4ab902d53a15c2e0e,e6e7e60dc33845f1a6216f26a58774fc,,path_analyze.resource-src,1,open_redirect_candidate,,path_candidate,0.74,False,,skip_heavy_scan,parameter values look like file paths; reflective input names present; redirect style parameters present
multi_full_20260430_232210_0006,8a43773b12574ced92f99be25b6334ca,405fd8f3d9cd4d17a338a8425bf2520e,,path_analyze.page.depth_2,1,open_redirect_candidate,,path_crawl_page,0.74,False,,skip_heavy_scan,response exposes filesystem paths; redirect style parameters present; server banner disclosed
multi_full_20260430_232210_0003,4823a0957ac44a2182fc3dbfc2cccc16,d77a6d0820da46348625864573e5fae0,,path_analyze.form_depth_2,0,low_value_static,,path_candidate,0.0,False,,skip_heavy_scan,no strong passive signal
multi_full_20260430_232210_0003,1583f51d164a494580e0440ad462ee55,d77a6d0820da46348625864573e5fae0,,path_analyze.form_depth_2,0,low_value_static,,path_candidate,0.0,False,,skip_heavy_scan,no strong passive signal
multi_full_20260430_232210_0003,1c7d599fc1884c47a02dfe6b5dcb6166,d77a6d0820da46348625864573e5fae0,,path_analyze.page.depth_2,1,header_misconfiguration_candidate,,path_crawl_page,0.54,False,,run_header_scan,authenticated context can support object comparison; interactive html page; html response lacks csp signal; html response has weak security header coverage
multi_full_20260430_232210_0004,a2a6e8008b794af39b36f1b8ef16fe00,,,path_analyze.page.depth_0,1,header_misconfiguration_candidate,,path_crawl_page,0.54,False,,run_header_scan,html response lacks csp signal; response exposes filesystem paths; html response has weak security header coverage; server banner disclosed
multi_full_20260430_232210_0006,a9f427b02c3a497a9eb46bd1db9d6b0d,39ac9afca6c54a0695d4b00f8cb9cfc2,,path_analyze.page.depth_2,0,command_injection_candidate,,path_crawl_page,0.1,False,,skip_heavy_scan,response exposes filesystem paths; server banner disclosed
multi_full_20260430_232210_0003,4737a4103b58480aa590d292ba973c32,43481b41d3f74e93b9e37f7b7d5a729a,,path_analyze.form_depth_2,0,low_value_static,,path_candidate,0.0,False,,skip_heavy_scan,no strong passive signal
multi_full_20260430_232210_0003,fd1678d4548f4ac6ac7ae7e5da43216f,11957c55ac0c415682528624d0ef7168,,path_analyze.page.depth_2,1,header_misconfiguration_candidate,,path_crawl_page,0.54,False,,run_header_scan,authenticated context can support object comparison; interactive html page; html response lacks csp signal; html response has weak security header coverage
multi_full_20260430_232210_0005,8117fa0db1064615a8be8ad73133d260,d798314559184999a2f26ed6c037c177,,path_analyze.form_depth_1,0,low_value_static,,path_candidate,0.0,False,,skip_heavy_scan,no strong passive signal
multi_full_20260430_232210_0005,8c8485bb5bbb43eda68f7bc566f97a2e,87c7de7adcf14285b7878727f7fe652d,,path_analyze.form_depth_1,0,low_value_static,,path_candidate,0.0,False,,skip_heavy_scan,no strong passive signal
multi_full_20260430_232210_0003,0e966de8a9c847359f2e26b89ef6d898,00d14afb1d644ad3ac1340b13dde553e,,path_analyze.form_depth_2,0,low_value_static,,path_candidate,0.0,False,,skip_heavy_scan,no strong passive signal
multi_full_20260430_232210_0003,19512626cb6949a7884aa3e06104f9ca,c96635e8f62346fbaccb8e1e64df187d,,path_analyze.form_depth_2,0,low_value_static,,path_candidate,0.0,False,,skip_heavy_scan,no strong passive signal
multi_full_20260430_232210_0006,604ff965e4ca49118adc3648517afb41,39ac9afca6c54a0695d4b00f8cb9cfc2,,path_analyze.page.depth_2,1,open_redirect_candidate,,path_crawl_page,0.74,False,,skip_heavy_scan,response exposes filesystem paths; redirect style parameters present; server banner disclosed
multi_full_20260430_232210_0005,4e8a654fd8bb4802ba978c20c37a3426,87c7de7adcf14285b7878727f7fe652d,,path_analyze.form_depth_1,0,low_value_static,,path_candidate,0.0,False,,skip_heavy_scan,no strong passive signal
multi_full_20260430_232210_0005,c602ea1906574928acb9026a0956515d,6d87187e1ad14d7097f2dfea3f2fc3df,,path_analyze.form_depth_1,0,low_value_static,,path_candidate,0.0,False,,skip_heavy_scan,no strong passive signal
multi_full_20260430_232210_0005,5dd3632793b1429e91070cee955ab2da,87c7de7adcf14285b7878727f7fe652d,,path_analyze.form_depth_1,0,low_value_static,,path_candidate,0.0,False,,skip_heavy_scan,no strong passive signal
multi_full_20260430_232210_0003,d0f1570cb3494db7b6a63e6662b5f038,d16f13b2fd574d539c1432bac62ef126,,path_analyze.form_depth_2,0,low_value_static,,path_candidate,0.0,False,,skip_heavy_scan,no strong passive signal
multi_full_20260430_232210_0003,16a13064650c42cb8e7f08a6b2ec8252,b5bbe31657fc446ab78057915046dbfc,,path_analyze.form_depth_2,0,low_value_static,,path_candidate,0.0,False,,skip_heavy_scan,no strong passive signal
multi_full_20260430_232210_0005,ed373b06269a46e2bfbbca161a8b841f,87c7de7adcf14285b7878727f7fe652d,,path_analyze.form_depth_1,0,low_value_static,,path_candidate,0.0,False,,skip_heavy_scan,no strong passive signal
multi_full_20260430_232210_0005,696cd3752a294975b7784a821e477697,92a6f6828a9d43c0bb20bc2f26e8b50f,,path_analyze.form_depth_1,0,low_value_static,,path_candidate,0.0,False,,skip_heavy_scan,no strong passive signal
multi_full_20260430_232210_0003,275136c02ab3449c920dc801c89b0c0d,1583f51d164a494580e0440ad462ee55,,path_analyze.form_depth_2,0,low_value_static,,path_candidate,0.0,False,,skip_heavy_scan,no strong passive signal
multi_full_20260430_232210_0003,75ede19014974b33b5e05a605b68f98a,6c9e80dfee604b9fa1b420ce84f7b54e,,path_analyze.page.depth_2,1,header_misconfiguration_candidate,,path_crawl_page,0.54,False,,run_header_scan,authenticated context can support object comparison; interactive html page; html response lacks csp signal; html response has weak security header coverage
multi_full_20260430_232210_0003,71b15d8ec17a4973a42863e81a422978,9737bedee57b4288bf8f687949ea81b3,,path_analyze.page.depth_2,1,header_misconfiguration_candidate,,path_crawl_page,0.54,False,,run_header_scan,authenticated context can support object comparison; interactive html page; html response lacks csp signal; html response has weak security header coverage
multi_full_20260430_232210_0005,612fe936886e4ad2a060535e0d4af7c4,92a6f6828a9d43c0bb20bc2f26e8b50f,,path_analyze.page.depth_2,0,low_value_static,,path_crawl_page,0.88,False,,skip_heavy_scan,html response lacks csp signal; server banner disclosed; static asset with no interactive inputs
multi_full_20260430_232210_0002,b0f2adec21d9421b9f7a0c8acc7275ff,9cff9f242ea542c4ab902d53a15c2e0e,,path_analyze.resource-src,1,open_redirect_candidate,,path_candidate,0.74,False,,skip_heavy_scan,parameter values look like file paths; reflective input names present; redirect style parameters present
multi_full_20260430_232210_0005,69a6c45cf5a341928af6e1abd6229d2a,92a6f6828a9d43c0bb20bc2f26e8b50f,,path_analyze.page.depth_2,0,low_value_static,,path_crawl_page,0.88,False,,skip_heavy_scan,html response lacks csp signal; server banner disclosed; static asset with no interactive inputs
multi_full_20260430_232210_0001,90eeaedf62dd4a5b8dd2898600a2c7b1,7501afa81a9d4aa18569aee7933e4522,,path_analyze.form_depth_0,1,open_redirect_candidate,,path_candidate,0.74,False,,skip_heavy_scan,parameter values look like file paths; redirect style parameters present
multi_full_20260430_232210_0003,7f91fa759e1240b98bb2843a33781a85,1c7d599fc1884c47a02dfe6b5dcb6166,,path_analyze.page.depth_2,1,header_misconfiguration_candidate,,path_crawl_page,0.54,False,,run_header_scan,authenticated context can support object comparison; interactive html page; html response lacks csp signal; html response has weak security header coverage
multi_full_20260430_232210_0006,49b936d3dd6342d3a013aba44e108529,8a43773b12574ced92f99be25b6334ca,,path_analyze.page.depth_2,0,command_injection_candidate,,path_crawl_page,0.1,False,,skip_heavy_scan,response exposes filesystem paths; server banner disclosed
multi_full_20260430_232210_0005,022f43a0975c4017a7a8df5fabee2201,92a6f6828a9d43c0bb20bc2f26e8b50f,,path_analyze.page.depth_2,1,xss_candidate,,path_crawl_page,0.34,False,,run_xss_scan,interactive html page; html response lacks csp signal; server banner disclosed
multi_full_20260430_232210_0005,d7658f964c614f66ac1ff2cb88339c37,92a6f6828a9d43c0bb20bc2f26e8b50f,,path_analyze.form_depth_2,0,low_value_static,,path_candidate,0.0,False,,skip_heavy_scan,no strong passive signal
multi_full_20260430_232210_0006,bd7f49b3ff7e49dbae321d414d01c786,8a43773b12574ced92f99be25b6334ca,,path_analyze.page.depth_2,0,command_injection_candidate,,path_crawl_page,0.1,False,,skip_heavy_scan,response exposes filesystem paths; server banner disclosed
multi_full_20260430_232210_0006,847c5cfeed354c46aa62101361834c45,8a43773b12574ced92f99be25b6334ca,,path_analyze.page.depth_2,0,command_injection_candidate,,path_crawl_page,0.1,False,,skip_heavy_scan,response exposes filesystem paths; server banner disclosed
multi_full_20260430_232210_0005,d8bd781ca9cc43aeb8d0056eb70fc5f3,92a6f6828a9d43c0bb20bc2f26e8b50f,,path_analyze.form_depth_2,0,low_value_static,,path_candidate,0.0,False,,skip_heavy_scan,no strong passive signal
multi_full_20260430_232210_0006,c3510bdd3abc46a3a5e7d8fa5c2c324b,8a43773b12574ced92f99be25b6334ca,,path_analyze.page.depth_2,0,command_injection_candidate,,path_crawl_page,0.1,False,,skip_heavy_scan,response exposes filesystem paths; server banner disclosed
multi_full_20260430_232210_0003,55eab855043144a4a7a3d250298edc3a,1c7d599fc1884c47a02dfe6b5dcb6166,,path_analyze.form_depth_2,0,low_value_static,,path_candidate,0.0,False,,skip_heavy_scan,no strong passive signal
multi_full_20260430_232210_0006,8d375fe1b1bb43ada10a00173da79410,8a43773b12574ced92f99be25b6334ca,,path_analyze.page.depth_2,0,command_injection_candidate,,path_crawl_page,0.1,False,,skip_heavy_scan,response exposes filesystem paths; server banner disclosed
multi_full_20260430_232210_0007,b95eb187da214a5bb277c05a087d7652,c66042a3fc694f03b78e4fe482b79fdb,,path_analyze.resource-src,1,open_redirect_candidate,,path_candidate,0.74,False,,skip_heavy_scan,parameter values look like file paths; reflective input names present; redirect style parameters present
multi_full_20260430_232210_0003,753243515e784cc28e16518ac6fe840c,1c7d599fc1884c47a02dfe6b5dcb6166,,path_analyze.form_depth_2,0,low_value_static,,path_candidate,0.0,False,,skip_heavy_scan,no strong passive signal
multi_full_20260430_232210_0006,de38e7198f0f480d96f0372b600104bc,8a43773b12574ced92f99be25b6334ca,,path_analyze.page.depth_2,0,command_injection_candidate,,path_crawl_page,0.1,False,,skip_heavy_scan,response exposes filesystem paths; server banner disclosed
multi_full_20260430_232210_0004,125fc95759c846b4891ab51a520697f8,a2a6e8008b794af39b36f1b8ef16fe00,,path_analyze.page.depth_1,1,header_misconfiguration_candidate,,path_crawl_page,0.54,False,,run_header_scan,parameter values look like file paths; authenticated context can support object comparison; html response lacks csp signal; html response has weak security header coverage
multi_full_20260430_232210_0005,e6fc574937a94253a0a7c24c8559afa7,8117fa0db1064615a8be8ad73133d260,,path_analyze.page.depth_2,0,low_value_static,,path_crawl_page,0.88,False,,skip_heavy_scan,html response lacks csp signal; server banner disclosed; static asset with no interactive inputs
multi_full_20260430_232210_0004,647c453cbc714b8f81219b0267556b2d,a2a6e8008b794af39b36f1b8ef16fe00,,path_analyze.page.depth_1,1,header_misconfiguration_candidate,,path_crawl_page,0.54,False,,run_header_scan,parameter values look like file paths; authenticated context can support object comparison; html response lacks csp signal; html response has weak security header coverage
multi_full_20260430_232210_0006,9497e8aad8c947ea978173002280904f,a9f427b02c3a497a9eb46bd1db9d6b0d,,path_analyze.page.depth_2,0,command_injection_candidate,,path_crawl_page,0.1,False,,skip_heavy_scan,response exposes filesystem paths; server banner disclosed
multi_full_20260430_232210_0003,76d6ef72fad04bc5855aeb3e704425b5,fd1678d4548f4ac6ac7ae7e5da43216f,,path_analyze.page.depth_2,1,header_misconfiguration_candidate,,path_crawl_page,0.54,False,,run_header_scan,authenticated context can support object comparison; interactive html page; html response lacks csp signal; html response has weak security header coverage
multi_full_20260430_232210_0004,3145df0038cb42d7a0a094ac97946ea8,a2a6e8008b794af39b36f1b8ef16fe00,,path_analyze.page.depth_1,1,header_misconfiguration_candidate,,path_crawl_page,0.54,False,,run_header_scan,parameter values look like file paths; authenticated context can support object comparison; html response lacks csp signal; html response has weak security header coverage
multi_full_20260430_232210_0004,694b6285971941128a7fef6bb76a864c,a2a6e8008b794af39b36f1b8ef16fe00,,path_analyze.page.depth_1,1,header_misconfiguration_candidate,,path_crawl_page,0.54,False,,run_header_scan,authenticated context can support object comparison; html response lacks csp signal; html response has weak security header coverage; server banner disclosed
multi_full_20260430_232210_0006,798453ea972a4e89bb02959c3b3326f2,a9f427b02c3a497a9eb46bd1db9d6b0d,,path_analyze.page.depth_2,0,command_injection_candidate,,path_crawl_page,0.1,False,,skip_heavy_scan,response exposes filesystem paths; server banner disclosed
multi_full_20260430_232210_0004,25004a7c64294be3b9886ac3ce729245,a2a6e8008b794af39b36f1b8ef16fe00,,path_analyze.page.depth_1,1,header_misconfiguration_candidate,,path_crawl_page,0.54,False,,run_header_scan,authenticated context can support object comparison; html response lacks csp signal; html response has weak security header coverage; server banner disclosed
multi_full_20260430_232210_0004,7a965d02fa444d6e92445c1e51486be4,a2a6e8008b794af39b36f1b8ef16fe00,,path_analyze.page.depth_1,1,header_misconfiguration_candidate,,path_crawl_page,0.54,False,,run_header_scan,parameter values look like file paths; authenticated context can support object comparison; html response lacks csp signal; html response has weak security header coverage
multi_full_20260430_232210_0004,417a40501b9d462bad3b76ca2a3f2ebf,a2a6e8008b794af39b36f1b8ef16fe00,,path_analyze.page.depth_1,1,header_misconfiguration_candidate,,path_crawl_page,0.54,False,,run_header_scan,parameter values look like file paths; authenticated context can support object comparison; html response lacks csp signal; html response has weak security header coverage
multi_full_20260430_232210_0004,dad189b67f8d4dfaa375a511ef2245b9,a2a6e8008b794af39b36f1b8ef16fe00,,path_analyze.page.depth_1,1,header_misconfiguration_candidate,,path_crawl_page,0.54,False,,run_header_scan,authenticated context can support object comparison; html response lacks csp signal; html response has weak security header coverage; server banner disclosed
multi_full_20260430_232210_0004,60c9842cb07341bda02e258a1a129319,a2a6e8008b794af39b36f1b8ef16fe00,,path_analyze.page.depth_1,1,header_misconfiguration_candidate,,path_crawl_page,0.54,False,,run_header_scan,parameter values look like file paths; authenticated context can support object comparison; html response lacks csp signal; html response has weak security header coverage
multi_full_20260430_232210_0004,8decfc1c02874531a7c07c6cdaab169f,a2a6e8008b794af39b36f1b8ef16fe00,,path_analyze.page.depth_1,1,header_misconfiguration_candidate,,path_crawl_page,0.54,False,,run_header_scan,authenticated context can support object comparison; html response lacks csp signal; html response has weak security header coverage; server banner disclosed
multi_full_20260430_232210_0004,d479c155728e4187bb8e48abf2f51f0c,a2a6e8008b794af39b36f1b8ef16fe00,,path_analyze.page.depth_1,1,header_misconfiguration_candidate,,path_crawl_page,0.54,False,,run_header_scan,authenticated context can support object comparison; html response lacks csp signal; html response has weak security header coverage; server banner disclosed
multi_full_20260430_232210_0004,c53d2d703ba24dd5b12cf218382d3af4,a2a6e8008b794af39b36f1b8ef16fe00,,path_analyze.page.depth_1,1,header_misconfiguration_candidate,,path_crawl_page,0.54,False,,run_header_scan,authenticated context can support object comparison; html response lacks csp signal; html response has weak security header coverage; server banner disclosed
multi_full_20260430_232210_0003,538d3b920c1c41ecbf1d7c67a741f5e5,71b15d8ec17a4973a42863e81a422978,,path_analyze.page.depth_2,1,header_misconfiguration_candidate,,path_crawl_page,0.54,False,,run_header_scan,authenticated context can support object comparison; interactive html page; html response lacks csp signal; html response has weak security header coverage
multi_full_20260430_232210_0005,fb3e5b0003374c6199f9635ff8fb15c3,69a6c45cf5a341928af6e1abd6229d2a,,path_analyze.page.depth_2,0,low_value_static,,path_crawl_page,0.88,False,,skip_heavy_scan,html response lacks csp signal; server banner disclosed; static asset with no interactive inputs
multi_full_20260430_232210_0005,48d94f2412714c749728da01616122be,69a6c45cf5a341928af6e1abd6229d2a,,path_analyze.page.depth_2,1,xss_candidate,,path_crawl_page,0.34,False,,run_xss_scan,interactive html page; html response lacks csp signal; server banner disclosed
multi_full_20260430_232210_0006,78b667e9d70842f18b8b8b6834a3d6d6,a9f427b02c3a497a9eb46bd1db9d6b0d,,path_analyze.page.depth_2,0,command_injection_candidate,,path_crawl_page,0.1,False,,skip_heavy_scan,response exposes filesystem paths; server banner disclosed
multi_full_20260430_232210_0003,3c2c913c9d3e45a0bcc8575319f99d5f,7f91fa759e1240b98bb2843a33781a85,,path_analyze.page.depth_2,1,header_misconfiguration_candidate,,path_crawl_page,0.54,False,,run_header_scan,authenticated context can support object comparison; interactive html page; html response lacks csp signal; html response has weak security header coverage
multi_full_20260430_232210_0002,4a651fa741e84d5fa7cab5eaf11fd615,b0f2adec21d9421b9f7a0c8acc7275ff,,path_analyze.resource-src,1,open_redirect_candidate,,path_candidate,0.74,False,,skip_heavy_scan,parameter values look like file paths; reflective input names present; redirect style parameters present
multi_full_20260430_232210_0003,2c98c39a784a44fdadf25a29e953faf4,d0f1570cb3494db7b6a63e6662b5f038,,path_analyze.form_depth_2,0,low_value_static,,path_candidate,0.0,False,,skip_heavy_scan,no strong passive signal
multi_full_20260430_232210_0005,65fbb876c1c64eea874fa0a50addea4f,69a6c45cf5a341928af6e1abd6229d2a,,path_analyze.page.depth_2,1,xss_candidate,,path_crawl_page,0.34,False,,run_xss_scan,interactive html page; html response lacks csp signal; server banner disclosed
multi_full_20260430_232210_0001,b2488efac1c74b8dbc7ac84169251c25,90eeaedf62dd4a5b8dd2898600a2c7b1,,path_analyze.form-depth-0,1,open_redirect_candidate,,path_candidate,0.74,False,,skip_heavy_scan,parameter values look like file paths; redirect style parameters present
multi_full_20260430_232210_0005,d43afb17d24342c9b218a0326a0bfdbb,69a6c45cf5a341928af6e1abd6229d2a,,path_analyze.page.depth_2,0,low_value_static,,path_crawl_page,0.88,False,,skip_heavy_scan,html response lacks csp signal; server banner disclosed; static asset with no interactive inputs
multi_full_20260430_232210_0005,904b9a7ea46248769dab7fecc31cf1e8,696cd3752a294975b7784a821e477697,,path_analyze.page.depth_2,1,xss_candidate,,path_crawl_page,0.42,False,,run_xss_scan,reflective input names present; html response lacks csp signal; common sql input parameters detected; server banner disclosed
multi_full_20260430_232210_0003,53d4bce3eb6d4c2fb6ce5c19e71bb22d,71b15d8ec17a4973a42863e81a422978,,path_analyze.page.depth_2,1,header_misconfiguration_candidate,,path_crawl_page,0.54,False,,run_header_scan,authenticated context can support object comparison; interactive html page; html response lacks csp signal; html response has weak security header coverage
multi_full_20260430_232210_0003,4d1fc3c7c2b64eb1b5e9f350686e3daf,71b15d8ec17a4973a42863e81a422978,,path_analyze.page.depth_2,1,header_misconfiguration_candidate,,path_crawl_page,0.54,False,,run_header_scan,authenticated context can support object comparison; interactive html page; html response lacks csp signal; html response has weak security header coverage
multi_full_20260430_232210_0005,d3ee8fe869ad47ceb2b24d10fddf445a,69a6c45cf5a341928af6e1abd6229d2a,,path_analyze.page.depth_2,1,xss_candidate,,path_crawl_page,0.34,False,,run_xss_scan,interactive html page; html response lacks csp signal; server banner disclosed
multi_full_20260430_232210_0005,46d3a11276524953b07d366a151acc61,d8bd781ca9cc43aeb8d0056eb70fc5f3,,path_analyze.page.depth_2,0,low_value_static,,path_crawl_page,0.88,False,,skip_heavy_scan,normalized route contains object placeholders; html response lacks csp signal; server banner disclosed; static asset with no interactive inputs
multi_full_20260430_232210_0005,f6aede212a444962bc2d4ecfee3a54db,d8bd781ca9cc43aeb8d0056eb70fc5f3,,path_analyze.page.depth_2,1,xss_candidate,,path_crawl_page,0.34,False,,run_xss_scan,interactive html page; html response lacks csp signal; server banner disclosed
multi_full_20260430_232210_0006,2dcf8a738fdf4125bcbfe8e5038c29c0,847c5cfeed354c46aa62101361834c45,,path_analyze.page.depth_2,0,command_injection_candidate,,path_crawl_page,0.1,False,,skip_heavy_scan,response exposes filesystem paths; server banner disclosed
multi_full_20260430_232210_0007,321ed10c30ae4f70bd703c484058bf55,b95eb187da214a5bb277c05a087d7652,,path_analyze.resource-src,1,open_redirect_candidate,,path_candidate,0.74,False,,skip_heavy_scan,parameter values look like file paths; reflective input names present; redirect style parameters present
multi_full_20260430_232210_0006,8ed653bad41d44d38233f65bb3e9af4d,798453ea972a4e89bb02959c3b3326f2,,path_analyze.page.depth_2,0,command_injection_candidate,,path_crawl_page,0.1,False,,skip_heavy_scan,response exposes filesystem paths; server banner disclosed
multi_full_20260430_232210_0003,cb4b8f3b64a1403199777e783c030846,753243515e784cc28e16518ac6fe840c,,path_analyze.form_depth_2,0,low_value_static,,path_candidate,0.0,False,,skip_heavy_scan,no strong passive signal
multi_full_20260430_232210_0004,f953d08b9d774281b86f6089e33a861a,125fc95759c846b4891ab51a520697f8,,path_analyze.url-depth-1,0,path_traversal_candidate,,path_candidate,0.26,False,,skip_heavy_scan,parameter values look like file paths
multi_full_20260430_232210_0006,14816f6acf6a4fa188cc512c1ca2a2f2,798453ea972a4e89bb02959c3b3326f2,,path_analyze.page.depth_2,0,command_injection_candidate,,path_crawl_page,0.1,False,,skip_heavy_scan,response exposes filesystem paths; server banner disclosed
multi_full_20260430_232210_0006,c24f95c9884b499d9a1ae0c209b21c64,49b936d3dd6342d3a013aba44e108529,,path_analyze.page.depth_2,0,command_injection_candidate,,path_crawl_page,0.1,False,,skip_heavy_scan,response exposes filesystem paths; server banner disclosed
multi_full_20260430_232210_0003,85d11e9277794bf8b3fd789f97f34b0d,753243515e784cc28e16518ac6fe840c,,path_analyze.form_depth_2,0,low_value_static,,path_candidate,0.0,False,,skip_heavy_scan,no strong passive signal
multi_full_20260430_232210_0003,7089242ce3da498dadc0dd6ed95bb59a,753243515e784cc28e16518ac6fe840c,,path_analyze.form_depth_2,0,low_value_static,,path_candidate,0.0,False,,skip_heavy_scan,no strong passive signal
multi_full_20260430_232210_0005,425197500a6a40f3a4c04d55a5e3f2f5,d8bd781ca9cc43aeb8d0056eb70fc5f3,,path_analyze.page.depth_2,0,low_value_static,,path_crawl_page,0.88,False,,skip_heavy_scan,html response lacks csp signal; server banner disclosed; static asset with no interactive inputs
multi_full_20260430_232210_0003,3fcc0edd45a848d8bd3e714015397f85,753243515e784cc28e16518ac6fe840c,,path_analyze.form_depth_2,0,low_value_static,,path_candidate,0.0,False,,skip_heavy_scan,no strong passive signal
multi_full_20260430_232210_0005,a8400cc63e48422c96443eefd0a2dbed,d8bd781ca9cc43aeb8d0056eb70fc5f3,,path_analyze.page.depth_2,1,xss_candidate,,path_crawl_page,0.34,False,,run_xss_scan,interactive html page; html response lacks csp signal; server banner disclosed
multi_full_20260430_232210_0003,89072ec3b1524a04b55baf461af92fb0,753243515e784cc28e16518ac6fe840c,,path_analyze.form_depth_2,0,low_value_static,,path_candidate,0.0,False,,skip_heavy_scan,no strong passive signal
multi_full_20260430_232210_0006,8b696661c4764f519321b5b5a4a2eba0,9497e8aad8c947ea978173002280904f,,path_analyze.page.depth_2,0,command_injection_candidate,,path_crawl_page,0.1,False,,skip_heavy_scan,response exposes filesystem paths; server banner disclosed
multi_full_20260430_232210_0005,d80a5b7415ee4a9abc434e51ac6f1c47,d8bd781ca9cc43aeb8d0056eb70fc5f3,,path_analyze.form_depth_2,0,low_value_static,,path_candidate,0.0,False,,skip_heavy_scan,no strong passive signal
multi_full_20260430_232210_0006,00edec7a762546a3bfd4f11bc4414c8c,798453ea972a4e89bb02959c3b3326f2,,path_analyze.page.depth_2,0,command_injection_candidate,,path_crawl_page,0.1,False,,skip_heavy_scan,response exposes filesystem paths; server banner disclosed
multi_full_20260430_232210_0003,aff8ed930a9c46899c0694ecca3c90d7,753243515e784cc28e16518ac6fe840c,,path_analyze.form_depth_2,0,low_value_static,,path_candidate,0.0,False,,skip_heavy_scan,no strong passive signal
multi_full_20260430_232210_0006,dd7ecfa7b5e9452a885c70bd8e56b1ef,798453ea972a4e89bb02959c3b3326f2,,path_analyze.page.depth_2,0,command_injection_candidate,,path_crawl_page,0.1,False,,skip_heavy_scan,response exposes filesystem paths; server banner disclosed
multi_full_20260430_232210_0006,c88f1ac905324a819546c8ab672d4367,798453ea972a4e89bb02959c3b3326f2,,path_analyze.page.depth_2,0,command_injection_candidate,,path_crawl_page,0.1,False,,skip_heavy_scan,response exposes filesystem paths; server banner disclosed
multi_full_20260430_232210_0006,5b2ad9d398ec42ec9ca580c906b800da,798453ea972a4e89bb02959c3b3326f2,,path_analyze.page.depth_2,0,command_injection_candidate,,path_crawl_page,0.1,False,,skip_heavy_scan,response exposes filesystem paths; server banner disclosed
multi_full_20260430_232210_0005,58ece953bbe24c88a0245fbc4d63071c,e6fc574937a94253a0a7c24c8559afa7,,path_analyze.page.depth_2,1,xss_candidate,,path_crawl_page,0.34,False,,run_xss_scan,interactive html page; html response lacks csp signal; server banner disclosed
multi_full_20260430_232210_0006,ab8b7785684d48c7a4a01e85515a6c68,798453ea972a4e89bb02959c3b3326f2,,path_analyze.page.depth_2,0,command_injection_candidate,,path_crawl_page,0.1,False,,skip_heavy_scan,response exposes filesystem paths; server banner disclosed
multi_full_20260430_232210_0003,25747f8f0242442eae7ce3ff9957741a,2c98c39a784a44fdadf25a29e953faf4,,path_analyze.form_depth_2,0,low_value_static,,path_candidate,0.0,False,,skip_heavy_scan,no strong passive signal
multi_full_20260430_232210_0005,525482c9a2f4494b93b5a8d68b9f0eef,46d3a11276524953b07d366a151acc61,,path_analyze.page.depth_2,0,low_value_static,,path_crawl_page,0.88,False,,skip_heavy_scan,html response lacks csp signal; server banner disclosed; static asset with no interactive inputs
multi_full_20260430_232210_0001,ef4e7b56005a4630bc7e290682014a37,b2488efac1c74b8dbc7ac84169251c25,,path_analyze.form_depth_0,1,xss_candidate,,path_candidate,0.32,False,,run_xss_scan,reflective input names present; common sql input parameters detected
multi_full_20260430_232210_0005,fe4bbb26893d485aaccb472cebf4f189,46d3a11276524953b07d366a151acc61,,path_analyze.page.depth_2,1,xss_candidate,,path_crawl_page,0.34,False,,run_xss_scan,interactive html page; html response lacks csp signal; server banner disclosed
multi_full_20260430_232210_0005,d2a007b5350c4bda9c2fb10b6494f82d,46d3a11276524953b07d366a151acc61,,path_analyze.page.depth_2,0,low_value_static,,path_crawl_page,0.88,False,,skip_heavy_scan,html response lacks csp signal; server banner disclosed; static asset with no interactive inputs
multi_full_20260430_232210_0002,a76414c4d1574ece9c587d0c8a65d5bb,4a651fa741e84d5fa7cab5eaf11fd615,,path_analyze.resource-src,1,open_redirect_candidate,,path_candidate,0.74,False,,skip_heavy_scan,parameter values look like file paths; reflective input names present; redirect style parameters present
multi_full_20260430_232210_0003,9116d0c3379c427092ea120d1a0d2c76,cb4b8f3b64a1403199777e783c030846,,path_analyze.form_depth_2,0,low_value_static,,path_candidate,0.0,False,,skip_heavy_scan,no strong passive signal
multi_full_20260430_232210_0003,f798958177534d8d9e9cbef090ea138b,89072ec3b1524a04b55baf461af92fb0,,path_analyze.form_depth_2,0,low_value_static,,path_candidate,0.0,False,,skip_heavy_scan,no strong passive signal
multi_full_20260430_232210_0003,61834573e8dc4232a956ff603f51bc04,aff8ed930a9c46899c0694ecca3c90d7,,path_analyze.form_depth_2,0,low_value_static,,path_candidate,0.0,False,,skip_heavy_scan,no strong passive signal
multi_full_20260430_232210_0006,f208e123c56c491480e179a9d9290d16,78b667e9d70842f18b8b8b6834a3d6d6,,path_analyze.page.depth_2,0,command_injection_candidate,,path_crawl_page,0.1,False,,skip_heavy_scan,response exposes filesystem paths; server banner disclosed
multi_full_20260430_232210_0003,0060a3f4b0bc4b7baa5c8373b033881c,7089242ce3da498dadc0dd6ed95bb59a,,path_analyze.form_depth_2,0,low_value_static,,path_candidate,0.0,False,,skip_heavy_scan,no strong passive signal
multi_full_20260430_232210_0005,ad43cf50b99747a586bfb3b6c146e9eb,d80a5b7415ee4a9abc434e51ac6f1c47,,path_analyze.page.depth_2,0,low_value_static,,path_crawl_page,0.88,False,,skip_heavy_scan,html response lacks csp signal; server banner disclosed; static asset with no interactive inputs
multi_full_20260430_232210_0003,2e4999c03c3e47bb9f207da3a82c26e6,7089242ce3da498dadc0dd6ed95bb59a,,path_analyze.page.depth_2,1,header_misconfiguration_candidate,,path_crawl_page,0.54,False,,run_header_scan,authenticated context can support object comparison; interactive html page; html response lacks csp signal; html response has weak security header coverage
multi_full_20260430_232210_0007,65ad681536ac416590358075dfd7d0d9,321ed10c30ae4f70bd703c484058bf55,,path_analyze.resource-src,1,open_redirect_candidate,,path_candidate,0.74,False,,skip_heavy_scan,parameter values look like file paths; reflective input names present; redirect style parameters present
multi_full_20260430_232210_0003,a4658c22779b4863b47c3c326d1a6450,7089242ce3da498dadc0dd6ed95bb59a,,path_analyze.page.depth_2,1,header_misconfiguration_candidate,,path_crawl_page,0.54,False,,run_header_scan,authenticated context can support object comparison; interactive html page; html response lacks csp signal; html response has weak security header coverage
multi_full_20260430_232210_0004,ba9ef337a73e48e7a7fb5d418e8426e8,f953d08b9d774281b86f6089e33a861a,,path_analyze.url-depth-1,0,path_traversal_candidate,,path_candidate,0.26,False,,skip_heavy_scan,parameter values look like file paths
multi_full_20260430_232210_0003,41bd880d337c4e83b5c01e61a7636845,7089242ce3da498dadc0dd6ed95bb59a,,path_analyze.form_depth_2,0,low_value_static,,path_candidate,0.0,False,,skip_heavy_scan,no strong passive signal
multi_full_20260430_232210_0005,a3eb52696b074dd0bd3dc074db387949,58ece953bbe24c88a0245fbc4d63071c,,path_analyze.form_depth_2,0,low_value_static,,path_candidate,0.0,False,,skip_heavy_scan,no strong passive signal
multi_full_20260430_232210_0003,0739767aa3b7434a9634084b42900244,25747f8f0242442eae7ce3ff9957741a,,path_analyze.form_depth_2,0,low_value_static,,path_candidate,0.0,False,,skip_heavy_scan,no strong passive signal
multi_full_20260430_232210_0005,736ca8d4318f4f53a89a278607fb6390,58ece953bbe24c88a0245fbc4d63071c,,path_analyze.page.depth_2,1,xss_candidate,,path_crawl_page,0.34,False,,run_xss_scan,interactive html page; html response lacks csp signal; server banner disclosed
multi_full_20260430_232210_0003,58600294cde4460db3fa37df8a0063bd,7089242ce3da498dadc0dd6ed95bb59a,,path_analyze.form_depth_2,0,low_value_static,,path_candidate,0.0,False,,skip_heavy_scan,no strong passive signal
multi_full_20260430_232210_0005,f9a110960f2d4683bb7365ffcdaab7d2,58ece953bbe24c88a0245fbc4d63071c,,path_analyze.form_depth_2,0,low_value_static,,path_candidate,0.0,False,,skip_heavy_scan,no strong passive signal
multi_full_20260430_232210_0003,8bd11877da294453894d2f81b2906ffe,25747f8f0242442eae7ce3ff9957741a,,path_analyze.form_depth_2,0,low_value_static,,path_candidate,0.0,False,,skip_heavy_scan,no strong passive signal
multi_full_20260430_232210_0005,fffafcd733834e438c405372b4e36617,58ece953bbe24c88a0245fbc4d63071c,,path_analyze.form_depth_2,0,low_value_static,,path_candidate,0.0,False,,skip_heavy_scan,no strong passive signal
multi_full_20260430_232210_0003,d18f42fa41c944f7a0d0790190075bf2,25747f8f0242442eae7ce3ff9957741a,,path_analyze.form_depth_2,0,low_value_static,,path_candidate,0.0,False,,skip_heavy_scan,no strong passive signal
multi_full_20260430_232210_0001,b87557325b114fa8b982b036f8da406d,ef4e7b56005a4630bc7e290682014a37,,path_analyze.form_depth_0,0,low_value_static,,path_candidate,0.0,False,,skip_heavy_scan,no strong passive signal
multi_full_20260430_232210_0003,507a2dc6b8ad4de3be9725aa615fe348,25747f8f0242442eae7ce3ff9957741a,,path_analyze.page.depth_2,1,xss_candidate,,path_crawl_page,0.34,False,,run_xss_scan,authenticated context can support object comparison; interactive html page; html response lacks csp signal; server banner disclosed
multi_full_20260430_232210_0002,3a7173db1f4c448e8e3010f9b8b51784,a76414c4d1574ece9c587d0c8a65d5bb,,path_analyze.resource-src,1,open_redirect_candidate,,path_candidate,0.74,False,,skip_heavy_scan,parameter values look like file paths; reflective input names present; redirect style parameters present
multi_full_20260430_232210_0005,8d618823502f4b189f1ef79f9a97c971,d2a007b5350c4bda9c2fb10b6494f82d,,path_analyze.page.depth_2,0,low_value_static,,path_crawl_page,0.88,False,,skip_heavy_scan,html response lacks csp signal; server banner disclosed; static asset with no interactive inputs
multi_full_20260430_232210_0003,62c0470d6e8943c8be277ffb707a96e7,0060a3f4b0bc4b7baa5c8373b033881c,,path_analyze.page.depth_2,1,header_misconfiguration_candidate,,path_crawl_page,0.54,False,,run_header_scan,authenticated context can support object comparison; interactive html page; html response lacks csp signal; html response has weak security header coverage
multi_full_20260430_232210_0003,094e5374d28846f1bc7827ed3df5bf3b,0060a3f4b0bc4b7baa5c8373b033881c,,path_analyze.page.depth_2,1,header_misconfiguration_candidate,,path_crawl_page,0.54,False,,run_header_scan,authenticated context can support object comparison; interactive html page; html response lacks csp signal; html response has weak security header coverage
multi_full_20260430_232210_0003,a9b3c5bb9dc544fe88a6b28d04fa7a43,0060a3f4b0bc4b7baa5c8373b033881c,,path_analyze.page.depth_2,1,header_misconfiguration_candidate,,path_crawl_page,0.54,False,,run_header_scan,authenticated context can support object comparison; interactive html page; html response lacks csp signal; html response has weak security header coverage
multi_full_20260430_232210_0005,922c293225bf47ccbe3909a15dd0a52c,d2a007b5350c4bda9c2fb10b6494f82d,,path_analyze.form_depth_2,0,low_value_static,,path_candidate,0.0,False,,skip_heavy_scan,no strong passive signal
multi_full_20260430_232210_0005,374161e8d96d4120ad36522b5d43f376,d2a007b5350c4bda9c2fb10b6494f82d,,path_analyze.form_depth_2,0,low_value_static,,path_candidate,0.0,False,,skip_heavy_scan,no strong passive signal
multi_full_20260430_232210_0003,69e8fa450ad542cdae7188c31a225fc4,0060a3f4b0bc4b7baa5c8373b033881c,,path_analyze.page.depth_2,1,header_misconfiguration_candidate,,path_crawl_page,0.54,False,,run_header_scan,authenticated context can support object comparison; interactive html page; html response lacks csp signal; html response has weak security header coverage
multi_full_20260430_232210_0006,8766d90d955544e2a0fbba65d3e77266,f208e123c56c491480e179a9d9290d16,,path_analyze.page.depth_2,0,command_injection_candidate,,path_crawl_page,0.1,False,,skip_heavy_scan,response exposes filesystem paths; server banner disclosed
multi_full_20260430_232210_0006,47a76c7bc7ee44c4a3a6ae899b3d1f47,f208e123c56c491480e179a9d9290d16,,path_analyze.page.depth_2,0,command_injection_candidate,,path_crawl_page,0.1,False,,skip_heavy_scan,response exposes filesystem paths; server banner disclosed
multi_full_20260430_232210_0007,fd7ee2ca4e934c77b5462a65ab661eef,65ad681536ac416590358075dfd7d0d9,,path_analyze.resource-src,1,open_redirect_candidate,,path_candidate,0.74,False,,skip_heavy_scan,parameter values look like file paths; reflective input names present; redirect style parameters present
multi_full_20260430_232210_0005,615150b3dff24327898203ad1038d1cb,ad43cf50b99747a586bfb3b6c146e9eb,,path_analyze.form_depth_2,0,low_value_static,,path_candidate,0.0,False,,skip_heavy_scan,no strong passive signal
multi_full_20260430_232210_0004,ef6b3533b3f14a969601f1b86f510fad,ba9ef337a73e48e7a7fb5d418e8426e8,,path_analyze.resource-src,1,open_redirect_candidate,,path_candidate,0.74,False,,skip_heavy_scan,parameter values look like file paths; reflective input names present; redirect style parameters present
multi_full_20260430_232210_0006,91c0f6c3d3fc4a8cb0342e241d70a225,f208e123c56c491480e179a9d9290d16,,path_analyze.page.depth_2,0,command_injection_candidate,,path_crawl_page,0.1,False,,skip_heavy_scan,response exposes filesystem paths; server banner disclosed
multi_full_20260430_232210_0006,ea13ce548e344fc09b19369f41f0dbda,f208e123c56c491480e179a9d9290d16,,path_analyze.page.depth_2,0,command_injection_candidate,,path_crawl_page,0.1,False,,skip_heavy_scan,response exposes filesystem paths; server banner disclosed
multi_full_20260430_232210_0003,44c4c61e99ef4b548d9382a514e2707a,41bd880d337c4e83b5c01e61a7636845,,path_analyze.form_depth_2,0,low_value_static,,path_candidate,0.0,False,,skip_heavy_scan,no strong passive signal
multi_full_20260430_232210_0003,95ab4b1d235148b2adf89e4258003db3,8bd11877da294453894d2f81b2906ffe,,path_analyze.form_depth_2,0,low_value_static,,path_candidate,0.0,False,,skip_heavy_scan,no strong passive signal
multi_full_20260430_232210_0006,284aaaa3b8ce4b0e9fab4c7c87cfd91a,f208e123c56c491480e179a9d9290d16,,path_analyze.page.depth_2,0,command_injection_candidate,,path_crawl_page,0.1,False,,skip_heavy_scan,response exposes filesystem paths; server banner disclosed
multi_full_20260430_232210_0003,b9e493b6e32a4c8ea4099b6f8b966f5b,0739767aa3b7434a9634084b42900244,,path_analyze.form_depth_2,0,low_value_static,,path_candidate,0.0,False,,skip_heavy_scan,no strong passive signal
multi_full_20260430_232210_0006,8ff438fa1a334041abf274fa7b7fc1b4,f208e123c56c491480e179a9d9290d16,,path_analyze.page.depth_2,0,command_injection_candidate,,path_crawl_page,0.1,False,,skip_heavy_scan,response exposes filesystem paths; server banner disclosed
multi_full_20260430_232210_0005,81a5fa7ff8fd4898a300ef3c24097e9f,f9a110960f2d4683bb7365ffcdaab7d2,,path_analyze.form_depth_2,0,low_value_static,,path_candidate,0.0,False,,skip_heavy_scan,no strong passive signal
multi_full_20260430_232210_0003,c3d732748cbc43849b85861a642e7066,8bd11877da294453894d2f81b2906ffe,,path_analyze.form_depth_2,0,low_value_static,,path_candidate,0.0,False,,skip_heavy_scan,no strong passive signal
multi_full_20260430_232210_0005,b1115d202c8f4c3883650434015e8769,736ca8d4318f4f53a89a278607fb6390,,path_analyze.page.depth_2,1,xss_candidate,,path_crawl_page,0.34,False,,run_xss_scan,interactive html page; html response lacks csp signal; server banner disclosed
multi_full_20260430_232210_0006,b034d30e0a3d492b99bc87ed211a3b48,f208e123c56c491480e179a9d9290d16,,path_analyze.page.depth_2,0,command_injection_candidate,,path_crawl_page,0.1,False,,skip_heavy_scan,response exposes filesystem paths; server banner disclosed
multi_full_20260430_232210_0003,b36290f0056b4e2bbe667d73d988e34f,d18f42fa41c944f7a0d0790190075bf2,,path_analyze.form_depth_2,0,low_value_static,,path_candidate,0.0,False,,skip_heavy_scan,no strong passive signal
multi_full_20260430_232210_0005,640a41089bbb4f9fab71abc46ae79fa8,736ca8d4318f4f53a89a278607fb6390,,path_analyze.page.depth_2,1,xss_candidate,,path_crawl_page,0.34,False,,run_xss_scan,interactive html page; html response lacks csp signal; server banner disclosed
multi_full_20260430_232210_0005,a472265eb2734aaeae772d2bf56a2afb,736ca8d4318f4f53a89a278607fb6390,,path_analyze.page.depth_2,1,xss_candidate,,path_crawl_page,0.34,False,,run_xss_scan,interactive html page; html response lacks csp signal; server banner disclosed
multi_full_20260430_232210_0005,f52400546ee34444886c6e64edee9f5e,736ca8d4318f4f53a89a278607fb6390,,path_analyze.page.depth_2,1,xss_candidate,,path_crawl_page,0.66,False,,run_xss_scan,reflective input names present; interactive html page; html response lacks csp signal; common sql input parameters detected
multi_full_20260430_232210_0005,c4c11d1478414626a30e1b2de227357a,736ca8d4318f4f53a89a278607fb6390,,path_analyze.page.depth_2,1,path_traversal_candidate,,path_crawl_page,0.58,False,,run_path_analyze,path/file style parameter or route token; interactive html page; html response lacks csp signal; server banner disclosed
multi_full_20260430_232210_0006,553aff38e83443e0ba78a523f349cb0f,f208e123c56c491480e179a9d9290d16,,path_analyze.page.depth_2,1,path_traversal_candidate,,path_crawl_page,0.58,False,,run_path_analyze,path/file style parameter or route token; response exposes filesystem paths; server banner disclosed
multi_full_20260430_232210_0002,69f93bbb8fe9462db0bcc299118b15be,3a7173db1f4c448e8e3010f9b8b51784,,path_analyze.resource-src,1,open_redirect_candidate,,path_candidate,0.74,False,,skip_heavy_scan,parameter values look like file paths; reflective input names present; redirect style parameters present
multi_full_20260430_232210_0001,f65afce9fc484af4a7a3f7656b3dcaf3,b87557325b114fa8b982b036f8da406d,,path_analyze.page.depth_1,1,open_redirect_candidate,,path_crawl_page,0.74,False,,skip_heavy_scan,authenticated context can support object comparison; reflective input names present; interactive html page; html response lacks csp signal
multi_full_20260430_232210_0001,63e7484d0b3f4766bca354a1c8ec636b,b87557325b114fa8b982b036f8da406d,,path_analyze.page.depth_1,1,open_redirect_candidate,,path_crawl_page,0.74,False,,skip_heavy_scan,authenticated context can support object comparison; reflective input names present; interactive html page; html response lacks csp signal
multi_full_20260430_232210_0001,b883d3133c1b4171bf6e9e1548b1cc7b,b87557325b114fa8b982b036f8da406d,,path_analyze.page.depth_1,1,open_redirect_candidate,,path_crawl_page,0.74,False,,skip_heavy_scan,path/file style parameter or route token; authenticated context can support object comparison; reflective input names present; interactive html page
multi_full_20260430_232210_0001,6257c31a1ae049a0af2e82cfcb0eec8e,b87557325b114fa8b982b036f8da406d,,path_analyze.page.depth_1,1,open_redirect_candidate,,path_crawl_page,0.74,False,,skip_heavy_scan,authenticated context can support object comparison; reflective input names present; interactive html page; html response lacks csp signal
multi_full_20260430_232210_0001,a9f7141f2ec84061bcc94406889a3f72,b87557325b114fa8b982b036f8da406d,,path_analyze.page.depth_1,1,open_redirect_candidate,,path_crawl_page,0.74,False,,skip_heavy_scan,authenticated context can support object comparison; reflective input names present; interactive html page; html response lacks csp signal
multi_full_20260430_232210_0001,ffe3eb5a07744819b5eb501cd69a2445,b87557325b114fa8b982b036f8da406d,,path_analyze.page.depth_1,1,open_redirect_candidate,,path_crawl_page,0.74,False,,skip_heavy_scan,authenticated context can support object comparison; reflective input names present; interactive html page; html response lacks csp signal
multi_full_20260430_232210_0001,43a43351c82e498cb6d617239e51f76f,b87557325b114fa8b982b036f8da406d,,path_analyze.page.depth_1,1,open_redirect_candidate,,path_crawl_page,0.74,False,,skip_heavy_scan,authenticated context can support object comparison; reflective input names present; interactive html page; html response lacks csp signal
multi_full_20260430_232210_0001,2b2f9ad2384848298e746a08516e31f8,b87557325b114fa8b982b036f8da406d,,path_analyze.page.depth_1,1,open_redirect_candidate,,path_crawl_page,0.74,False,,skip_heavy_scan,authenticated context can support object comparison; reflective input names present; interactive html page; html response lacks csp signal
multi_full_20260430_232210_0001,c8a6d55d130d4ccd90c9ceb16cb439b7,b87557325b114fa8b982b036f8da406d,,path_analyze.page.depth_1,1,open_redirect_candidate,,path_crawl_page,0.74,False,,skip_heavy_scan,authenticated context can support object comparison; reflective input names present; interactive html page; html response lacks csp signal
multi_full_20260430_232210_0001,6592276a91b147d2a334750aad25d89b,b87557325b114fa8b982b036f8da406d,,path_analyze.page.depth_1,1,open_redirect_candidate,,path_crawl_page,0.74,False,,skip_heavy_scan,authenticated context can support object comparison; reflective input names present; interactive html page; html response lacks csp signal
multi_full_20260430_232210_0001,28f0cc1d7b9a4e3ea9d67b7210f5190e,b87557325b114fa8b982b036f8da406d,,path_analyze.page.depth_1,1,open_redirect_candidate,,path_crawl_page,0.74,False,,skip_heavy_scan,authenticated context can support object comparison; reflective input names present; interactive html page; html response lacks csp signal
multi_full_20260430_232210_0001,68abd7f0e2a24f879c6ea53d2a66a5bc,b87557325b114fa8b982b036f8da406d,,path_analyze.page.depth_1,1,open_redirect_candidate,,path_crawl_page,0.74,False,,skip_heavy_scan,authenticated context can support object comparison; reflective input names present; interactive html page; html response lacks csp signal
multi_full_20260430_232210_0006,f1352bed0aef43a4bded37728a0b3326,f208e123c56c491480e179a9d9290d16,,path_analyze.page.depth_2,0,command_injection_candidate,,path_crawl_page,0.1,False,,skip_heavy_scan,response exposes filesystem paths; server banner disclosed
multi_full_20260430_232210_0005,fd9fcf64fcf941bc996c57fbf863a635,8d618823502f4b189f1ef79f9a97c971,,path_analyze.page.depth_2,0,low_value_static,,path_crawl_page,0.88,False,,skip_heavy_scan,normalized route contains object placeholders; html response lacks csp signal; server banner disclosed; static asset with no interactive inputs
multi_full_20260430_232210_0003,804dfbb2d9354acab9ab117b7d0d33c2,507a2dc6b8ad4de3be9725aa615fe348,,path_analyze.form_depth_2,0,low_value_static,,path_candidate,0.0,False,,skip_heavy_scan,no strong passive signal
multi_full_20260430_232210_0006,939ebef966c04b05a6f5a77f33a775d7,f208e123c56c491480e179a9d9290d16,,path_analyze.page.depth_2,0,command_injection_candidate,,path_crawl_page,0.1,False,,skip_heavy_scan,response exposes filesystem paths; server banner disclosed
multi_full_20260430_232210_0006,0af2728c60c14343885fddfb254c2eae,f208e123c56c491480e179a9d9290d16,,path_analyze.page.depth_2,0,command_injection_candidate,,path_crawl_page,0.1,False,,skip_heavy_scan,response exposes filesystem paths; server banner disclosed
multi_full_20260430_232210_0003,a3ae6a05eef04a668d9516b719bd7edf,a9b3c5bb9dc544fe88a6b28d04fa7a43,,path_analyze.form_depth_2,0,low_value_static,,path_candidate,0.0,False,,skip_heavy_scan,no strong passive signal
multi_full_20260430_232210_0005,c47afec3fadc418a86d48dddf02264ad,374161e8d96d4120ad36522b5d43f376,,path_analyze.page.depth_2,0,low_value_static,,path_crawl_page,0.88,False,,skip_heavy_scan,html response lacks csp signal; server banner disclosed; static asset with no interactive inputs
multi_full_20260430_232210_0005,3df3f0f4470f400ba7668039e153ff63,374161e8d96d4120ad36522b5d43f376,,path_analyze.page.depth_2,1,xss_candidate,,path_crawl_page,0.34,False,,run_xss_scan,interactive html page; html response lacks csp signal; server banner disclosed
multi_full_20260430_232210_0007,44a45d5c76b74205b54e2295450408f7,fd7ee2ca4e934c77b5462a65ab661eef,,path_analyze.resource-src,1,open_redirect_candidate,,path_candidate,0.74,False,,skip_heavy_scan,parameter values look like file paths; reflective input names present; redirect style parameters present
multi_full_20260430_232210_0004,fe8d0363111f46d2973acf389df0fdca,ef6b3533b3f14a969601f1b86f510fad,,path_analyze.resource-src,1,open_redirect_candidate,,path_candidate,0.74,False,,skip_heavy_scan,parameter values look like file paths; reflective input names present; redirect style parameters present
multi_full_20260430_232210_0005,55e601b987834796a657205861f3a5fa,615150b3dff24327898203ad1038d1cb,,path_analyze.form_depth_2,0,low_value_static,,path_candidate,0.0,False,,skip_heavy_scan,no strong passive signal
multi_full_20260430_232210_0005,de7a63fa0d7c4d4f92700b96daeb38d7,615150b3dff24327898203ad1038d1cb,,path_analyze.page.depth_2,1,xss_candidate,,path_crawl_page,0.34,False,,run_xss_scan,interactive html page; html response lacks csp signal; server banner disclosed
multi_full_20260430_232210_0003,3e5238dc4d5b47f09c401191def420ae,69e8fa450ad542cdae7188c31a225fc4,,path_analyze.form_depth_2,0,low_value_static,,path_candidate,0.0,False,,skip_heavy_scan,no strong passive signal
multi_full_20260430_232210_0006,d3693f0c93b7457b85f7d40fcede3f3d,ea13ce548e344fc09b19369f41f0dbda,,path_analyze.page.depth_2,0,command_injection_candidate,,path_crawl_page,0.1,False,,skip_heavy_scan,response exposes filesystem paths; server banner disclosed
multi_full_20260430_232210_0005,377cea1251b5410c86b80881d7063963,b1115d202c8f4c3883650434015e8769,,path_analyze.page.depth_2,1,xss_candidate,,path_crawl_page,0.34,False,,run_xss_scan,interactive html page; html response lacks csp signal; server banner disclosed
multi_full_20260430_232210_0003,12dedf189fab458381be09d5a7987c8e,b9e493b6e32a4c8ea4099b6f8b966f5b,,path_analyze.page.depth_2,1,header_misconfiguration_candidate,,path_crawl_page,0.54,False,,run_header_scan,authenticated context can support object comparison; interactive html page; html response lacks csp signal; html response has weak security header coverage
multi_full_20260430_232210_0003,04b137ef581a489197cf92c4a4a1e077,b36290f0056b4e2bbe667d73d988e34f,,path_analyze.page.depth_2,1,header_misconfiguration_candidate,,path_crawl_page,0.54,False,,run_header_scan,authenticated context can support object comparison; interactive html page; html response lacks csp signal; html response has weak security header coverage
multi_full_20260430_232210_0003,ea41fd27b6ae470e8282f17c60465a7d,b36290f0056b4e2bbe667d73d988e34f,,path_analyze.page.depth_2,1,header_misconfiguration_candidate,,path_crawl_page,0.54,False,,run_header_scan,authenticated context can support object comparison; interactive html page; html response lacks csp signal; html response has weak security header coverage
multi_full_20260430_232210_0003,20efc41565ae4a5ea2b43a904880285e,b36290f0056b4e2bbe667d73d988e34f,,path_analyze.page.depth_2,1,header_misconfiguration_candidate,,path_crawl_page,0.54,False,,run_header_scan,authenticated context can support object comparison; interactive html page; html response lacks csp signal; html response has weak security header coverage
multi_full_20260430_232210_0003,67c6064afa5741fa889c0f2c52576bd9,b36290f0056b4e2bbe667d73d988e34f,,path_analyze.page.depth_2,1,header_misconfiguration_candidate,,path_crawl_page,0.54,False,,run_header_scan,authenticated context can support object comparison; interactive html page; html response lacks csp signal; html response has weak security header coverage
multi_full_20260430_232210_0005,d738b9afab1f4bf3807cc956fe7e4f55,c4c11d1478414626a30e1b2de227357a,,path_analyze.page.depth_2,1,xss_candidate,,path_crawl_page,0.34,False,,run_xss_scan,interactive html page; html response lacks csp signal; server banner disclosed
multi_full_20260430_232210_0002,e58fb4080bd1444a9df740962175f343,69f93bbb8fe9462db0bcc299118b15be,,path_analyze.resource-src,1,open_redirect_candidate,,path_candidate,0.74,False,,skip_heavy_scan,parameter values look like file paths; reflective input names present; redirect style parameters present
multi_full_20260430_232210_0003,3d85ddea0c5243e2a9114dd4133acefe,b36290f0056b4e2bbe667d73d988e34f,,path_analyze.form_depth_2,0,low_value_static,,path_candidate,0.0,False,,skip_heavy_scan,no strong passive signal
multi_full_20260430_232210_0003,bc72972fac2e468fb22ebfc7f8e94ee4,b36290f0056b4e2bbe667d73d988e34f,,path_analyze.form_depth_2,0,low_value_static,,path_candidate,0.0,False,,skip_heavy_scan,no strong passive signal
multi_full_20260430_232210_0003,354d692efbd641f2a2b7d3af29a05065,b36290f0056b4e2bbe667d73d988e34f,,path_analyze.form_depth_2,0,low_value_static,,path_candidate,0.0,False,,skip_heavy_scan,no strong passive signal
multi_full_20260430_232210_0003,68a20cbae2eb40d38b776a32c3dc1d99,b36290f0056b4e2bbe667d73d988e34f,,path_analyze.form_depth_2,0,low_value_static,,path_candidate,0.0,False,,skip_heavy_scan,no strong passive signal
multi_full_20260430_232210_0003,15a3a8c61bf1437b838d3a975d331332,804dfbb2d9354acab9ab117b7d0d33c2,,path_analyze.form_depth_2,0,low_value_static,,path_candidate,0.0,False,,skip_heavy_scan,no strong passive signal
multi_full_20260430_232210_0003,b224e951d52d43ff9bcb02870c7fdf72,a3ae6a05eef04a668d9516b719bd7edf,,path_analyze.form_depth_2,0,low_value_static,,path_candidate,0.0,False,,skip_heavy_scan,no strong passive signal
multi_full_20260430_232210_0006,224f47b1128d49ecacafe44b1c20ac2d,0af2728c60c14343885fddfb254c2eae,,path_analyze.page.depth_2,0,command_injection_candidate,,path_crawl_page,0.1,False,,skip_heavy_scan,response exposes filesystem paths; server banner disclosed
multi_full_20260430_232210_0006,909fd8679dd34aac966a2f6646a875cc,0af2728c60c14343885fddfb254c2eae,,path_analyze.page.depth_2,0,command_injection_candidate,,path_crawl_page,0.1,False,,skip_heavy_scan,response exposes filesystem paths; server banner disclosed
multi_full_20260430_232210_0004,dae2f12fb45b45a7bd6c3a995c81c293,fe8d0363111f46d2973acf389df0fdca,,path_analyze.resource-src,1,open_redirect_candidate,,path_candidate,0.74,False,,skip_heavy_scan,parameter values look like file paths; reflective input names present; redirect style parameters present
multi_full_20260430_232210_0007,cabc386306ec48c49ee307f88797780a,44a45d5c76b74205b54e2295450408f7,,path_analyze.resource-src,1,open_redirect_candidate,,path_candidate,0.74,False,,skip_heavy_scan,parameter values look like file paths; reflective input names present; redirect style parameters present
multi_full_20260430_232210_0005,903c24a80f7b444388fd6bd8c517e47d,3df3f0f4470f400ba7668039e153ff63,,path_analyze.form_depth_2,0,low_value_static,,path_candidate,0.0,False,,skip_heavy_scan,no strong passive signal
multi_full_20260430_232210_0005,7589fb0159a743e99c496972d6b7ce80,de7a63fa0d7c4d4f92700b96daeb38d7,,path_analyze.form_depth_2,0,low_value_static,,path_candidate,0.0,False,,skip_heavy_scan,no strong passive signal
multi_full_20260430_232210_0005,9517542314cb469a88877d74bbef4338,de7a63fa0d7c4d4f92700b96daeb38d7,,path_analyze.form_depth_2,0,low_value_static,,path_candidate,0.0,False,,skip_heavy_scan,no strong passive signal
multi_full_20260430_232210_0006,4ec40f0e738440e49835e5b7064fb966,0af2728c60c14343885fddfb254c2eae,,path_analyze.page.depth_2,0,command_injection_candidate,,path_crawl_page,0.1,False,,skip_heavy_scan,response exposes filesystem paths; server banner disclosed
multi_full_20260430_232210_0005,0977bfeffbee4851b65bc9c9f16a453e,de7a63fa0d7c4d4f92700b96daeb38d7,,path_analyze.form_depth_2,0,low_value_static,,path_candidate,0.0,False,,skip_heavy_scan,no strong passive signal
multi_full_20260430_232210_0006,3751401b0fea43509a3697ee67d66180,0af2728c60c14343885fddfb254c2eae,,path_analyze.page.depth_2,0,command_injection_candidate,,path_crawl_page,0.1,False,,skip_heavy_scan,response exposes filesystem paths; server banner disclosed
multi_full_20260430_232210_0006,bb79fffd379c408aabc1ca4524e9f2af,0af2728c60c14343885fddfb254c2eae,,path_analyze.page.depth_2,0,command_injection_candidate,,path_crawl_page,0.1,False,,skip_heavy_scan,response exposes filesystem paths; server banner disclosed
multi_full_20260430_232210_0005,becf62426dcd48b7bac98825bead71f5,de7a63fa0d7c4d4f92700b96daeb38d7,,path_analyze.form_depth_2,0,low_value_static,,path_candidate,0.0,False,,skip_heavy_scan,no strong passive signal
multi_full_20260430_232210_0005,656612d8477b401ebcc33979872b8ae6,de7a63fa0d7c4d4f92700b96daeb38d7,,path_analyze.page.depth_2,0,low_value_static,,path_crawl_page,0.88,False,,skip_heavy_scan,normalized route contains object placeholders; html response lacks csp signal; server banner disclosed; static asset with no interactive inputs
multi_full_20260430_232210_0001,bc368d01d7e74cb6bab5806442a83de7,68abd7f0e2a24f879c6ea53d2a66a5bc,,path_analyze.form_depth_1,1,open_redirect_candidate,,path_candidate,0.74,False,,skip_heavy_scan,parameter values look like file paths; redirect style parameters present
multi_full_20260430_232210_0003,9da262a13da947c699a5fddf269fff25,3e5238dc4d5b47f09c401191def420ae,,path_analyze.page.depth_2,1,header_misconfiguration_candidate,,path_crawl_page,0.54,False,,run_header_scan,authenticated context can support object comparison; interactive html page; html response lacks csp signal; html response has weak security header coverage
multi_full_20260430_232210_0001,bef36afa9b2e4ad1a93a72e970defd0f,68abd7f0e2a24f879c6ea53d2a66a5bc,,path_analyze.form_depth_1,1,open_redirect_candidate,,path_candidate,0.74,False,,skip_heavy_scan,parameter values look like file paths; redirect style parameters present
multi_full_20260430_232210_0001,5b0c05b41906472c99c83f633d0ac865,68abd7f0e2a24f879c6ea53d2a66a5bc,,path_analyze.form_depth_1,1,open_redirect_candidate,,path_candidate,0.74,False,,skip_heavy_scan,parameter values look like file paths; redirect style parameters present
multi_full_20260430_232210_0001,53079ca222bc49029ec91282edb64a75,68abd7f0e2a24f879c6ea53d2a66a5bc,,path_analyze.form_depth_1,1,open_redirect_candidate,,path_candidate,0.74,False,,skip_heavy_scan,parameter values look like file paths; redirect style parameters present
multi_full_20260430_232210_0001,4927df7c3ed94e579bfd9f7b28b541a2,68abd7f0e2a24f879c6ea53d2a66a5bc,,path_analyze.form_depth_1,1,open_redirect_candidate,,path_candidate,0.74,False,,skip_heavy_scan,parameter values look like file paths; redirect style parameters present
multi_full_20260430_232210_0001,d24f9015f99143db9d4a1f0d82915e16,68abd7f0e2a24f879c6ea53d2a66a5bc,,path_analyze.form_depth_1,1,open_redirect_candidate,,path_candidate,0.74,False,,skip_heavy_scan,parameter values look like file paths; redirect style parameters present
multi_full_20260430_232210_0001,f9758efa27324647bca13ed86caa62da,68abd7f0e2a24f879c6ea53d2a66a5bc,,path_analyze.form_depth_1,1,open_redirect_candidate,,path_candidate,0.74,False,,skip_heavy_scan,parameter values look like file paths; redirect style parameters present
multi_full_20260430_232210_0001,ec14fe9bb63849889fcbe47c8ccfcbe5,68abd7f0e2a24f879c6ea53d2a66a5bc,,path_analyze.form_depth_1,1,open_redirect_candidate,,path_candidate,0.74,False,,skip_heavy_scan,parameter values look like file paths; redirect style parameters present
multi_full_20260430_232210_0001,210e90ad33cf49d3a70a8ca69db5aa1d,68abd7f0e2a24f879c6ea53d2a66a5bc,,path_analyze.form_depth_1,1,open_redirect_candidate,,path_candidate,0.74,False,,skip_heavy_scan,parameter values look like file paths; redirect style parameters present
multi_full_20260430_232210_0001,9a18066e631b4eb48cce7113e44096c8,68abd7f0e2a24f879c6ea53d2a66a5bc,,path_analyze.form_depth_1,1,open_redirect_candidate,,path_candidate,0.74,False,,skip_heavy_scan,parameter values look like file paths; redirect style parameters present
multi_full_20260430_232210_0001,76777804edef4e0cae835ed1e786f2c1,68abd7f0e2a24f879c6ea53d2a66a5bc,,path_analyze.form_depth_1,1,open_redirect_candidate,,path_candidate,0.74,False,,skip_heavy_scan,parameter values look like file paths; redirect style parameters present
multi_full_20260430_232210_0001,31774219dcb1496b96fa2f290514a0c4,68abd7f0e2a24f879c6ea53d2a66a5bc,,path_analyze.form_depth_1,1,open_redirect_candidate,,path_candidate,0.74,False,,skip_heavy_scan,parameter values look like file paths; redirect style parameters present
multi_full_20260430_232210_0002,fd8022d9a54f471fbeeb8a3fb15fb9e4,e58fb4080bd1444a9df740962175f343,,path_analyze.resource-src,1,open_redirect_candidate,,path_candidate,0.74,False,,skip_heavy_scan,parameter values look like file paths; reflective input names present; redirect style parameters present
multi_full_20260430_232210_0003,b924de3dee484e359d4405e26833477b,3d85ddea0c5243e2a9114dd4133acefe,,path_analyze.form_depth_2,0,low_value_static,,path_candidate,0.0,False,,skip_heavy_scan,no strong passive signal
multi_full_20260430_232210_0003,6aa9ff0b715048259889dbaaf5575164,bc72972fac2e468fb22ebfc7f8e94ee4,,path_analyze.form_depth_2,0,low_value_static,,path_candidate,0.0,False,,skip_heavy_scan,no strong passive signal
multi_full_20260430_232210_0003,3ae1a2af1d2f4732a769c37b76fdd48a,354d692efbd641f2a2b7d3af29a05065,,path_analyze.form_depth_2,0,low_value_static,,path_candidate,0.0,False,,skip_heavy_scan,no strong passive signal
multi_full_20260430_232210_0006,ae88f33845b64c3b8b49a47e5d565ea9,d3693f0c93b7457b85f7d40fcede3f3d,,path_analyze.page.depth_2,0,command_injection_candidate,,path_crawl_page,0.1,False,,skip_heavy_scan,response exposes filesystem paths; server banner disclosed
multi_full_20260430_232210_0003,270b72d0bf864c1b8261ceb3d7c71187,68a20cbae2eb40d38b776a32c3dc1d99,,path_analyze.form_depth_2,0,low_value_static,,path_candidate,0.0,False,,skip_heavy_scan,no strong passive signal
multi_full_20260430_232210_0005,bec817e482464b1d8f2899d1700229de,d738b9afab1f4bf3807cc956fe7e4f55,,path_analyze.page.depth_2,0,low_value_static,,path_crawl_page,0.88,False,,skip_heavy_scan,html response lacks csp signal; server banner disclosed; static asset with no interactive inputs
multi_full_20260430_232210_0005,bb116569b4bd45bb90bdf9f0ae871edc,d738b9afab1f4bf3807cc956fe7e4f55,,path_analyze.form_depth_2,0,low_value_static,,path_candidate,0.0,False,,skip_heavy_scan,no strong passive signal
multi_full_20260430_232210_0005,15e52d787f4f4185b25decc57b2bb1cb,d738b9afab1f4bf3807cc956fe7e4f55,,path_analyze.page.depth_2,0,low_value_static,,path_crawl_page,0.88,False,,skip_heavy_scan,html response lacks csp signal; server banner disclosed; static asset with no interactive inputs
multi_full_20260430_232210_0006,73a90758a4d74974bd93589910e20dbe,d3693f0c93b7457b85f7d40fcede3f3d,,path_analyze.page.depth_2,0,command_injection_candidate,,path_crawl_page,0.1,False,,skip_heavy_scan,response exposes filesystem paths; server banner disclosed
multi_full_20260430_232210_0006,282bf5846887455ca7b1ced96fe7d9f9,d3693f0c93b7457b85f7d40fcede3f3d,,path_analyze.page.depth_2,0,command_injection_candidate,,path_crawl_page,0.1,False,,skip_heavy_scan,response exposes filesystem paths; server banner disclosed
multi_full_20260430_232210_0003,9ec9aa8fac3a4a63bf5c504e0a7d0951,b224e951d52d43ff9bcb02870c7fdf72,,path_analyze.page.depth_2,1,header_misconfiguration_candidate,,path_crawl_page,0.54,False,,run_header_scan,authenticated context can support object comparison; interactive html page; html response lacks csp signal; html response has weak security header coverage
multi_full_20260430_232210_0006,eaa1301a966249a283314215039aefe9,d3693f0c93b7457b85f7d40fcede3f3d,,path_analyze.page.depth_2,0,command_injection_candidate,,path_crawl_page,0.1,False,,skip_heavy_scan,response exposes filesystem paths; server banner disclosed
multi_full_20260430_232210_0005,767ce8f69d834430bad66e983583f8bd,d738b9afab1f4bf3807cc956fe7e4f55,,path_analyze.form_depth_2,0,low_value_static,,path_candidate,0.0,False,,skip_heavy_scan,no strong passive signal
multi_full_20260430_232210_0003,dc6a53079884481db3cc1d620879097b,b224e951d52d43ff9bcb02870c7fdf72,,path_analyze.page.depth_2,1,header_misconfiguration_candidate,,path_crawl_page,0.54,False,,run_header_scan,authenticated context can support object comparison; interactive html page; html response lacks csp signal; html response has weak security header coverage
multi_full_20260430_232210_0004,5f3bd58dd5e346f68b8aee5b43431f97,dae2f12fb45b45a7bd6c3a995c81c293,,path_analyze.url-depth-1,0,path_traversal_candidate,,path_candidate,0.26,False,,skip_heavy_scan,parameter values look like file paths
multi_full_20260430_232210_0007,73fd97015b464476883ed923d70da4ac,cabc386306ec48c49ee307f88797780a,,path_analyze.resource-src,1,open_redirect_candidate,,path_candidate,0.74,False,,skip_heavy_scan,parameter values look like file paths; reflective input names present; redirect style parameters present
multi_full_20260430_232210_0006,0ff6fc0dcffb40fa8942ba2f57b170ae,909fd8679dd34aac966a2f6646a875cc,,path_analyze.page.depth_2,0,command_injection_candidate,,path_crawl_page,0.1,False,,skip_heavy_scan,response exposes filesystem paths; server banner disclosed
multi_full_20260430_232210_0005,133a27a16661485ebb108d26c9583d69,7589fb0159a743e99c496972d6b7ce80,,path_analyze.form_depth_2,0,low_value_static,,path_candidate,0.0,False,,skip_heavy_scan,no strong passive signal
multi_full_20260430_232210_0005,bd4be7a315e7447c9f896c31ae9aa729,7589fb0159a743e99c496972d6b7ce80,,path_analyze.page.depth_2,0,low_value_static,,path_crawl_page,0.88,False,,skip_heavy_scan,html response lacks csp signal; server banner disclosed; static asset with no interactive inputs
multi_full_20260430_232210_0003,bd65de20ed004408924fec7bf1ff9600,b224e951d52d43ff9bcb02870c7fdf72,,path_analyze.form_depth_2,0,low_value_static,,path_candidate,0.0,False,,skip_heavy_scan,no strong passive signal
multi_full_20260430_232210_0005,b8f4565b57944ced891eff06428bf49b,becf62426dcd48b7bac98825bead71f5,,path_analyze.page.depth_2,1,xss_candidate,,path_crawl_page,0.34,False,,run_xss_scan,interactive html page; html response lacks csp signal; server banner disclosed
multi_full_20260430_232210_0006,5125ac18de104e999573d359f666e98c,bb79fffd379c408aabc1ca4524e9f2af,,path_analyze.page.depth_2,0,command_injection_candidate,,path_crawl_page,0.1,False,,skip_heavy_scan,response exposes filesystem paths; server banner disclosed
multi_full_20260430_232210_0003,9ece255a0ea34cdeb2f16ed7ef12c091,b224e951d52d43ff9bcb02870c7fdf72,,path_analyze.form_depth_2,0,low_value_static,,path_candidate,0.0,False,,skip_heavy_scan,no strong passive signal
multi_full_20260430_232210_0005,506aea9456d74bb4b61f19d397bfd837,becf62426dcd48b7bac98825bead71f5,,path_analyze.page.depth_2,1,xss_candidate,,path_crawl_page,0.34,False,,run_xss_scan,interactive html page; html response lacks csp signal; server banner disclosed
multi_full_20260430_232210_0003,90150e82a2c248fc886f4d450f4acc29,b224e951d52d43ff9bcb02870c7fdf72,,path_analyze.form_depth_2,0,low_value_static,,path_candidate,0.0,False,,skip_heavy_scan,no strong passive signal
multi_full_20260430_232210_0006,cc6012c964184db0a5fadb1097cc0aac,bb79fffd379c408aabc1ca4524e9f2af,,path_analyze.page.depth_2,0,command_injection_candidate,,path_crawl_page,0.1,False,,skip_heavy_scan,response exposes filesystem paths; server banner disclosed
multi_full_20260430_232210_0005,dc42c3d2b6124574acbd08faa4c82ef6,becf62426dcd48b7bac98825bead71f5,,path_analyze.page.depth_2,1,xss_candidate,,path_crawl_page,0.34,False,,run_xss_scan,interactive html page; html response lacks csp signal; server banner disclosed
multi_full_20260430_232210_0005,f00c04010a3545e1b989dd1b7013ae11,becf62426dcd48b7bac98825bead71f5,,path_analyze.page.depth_2,0,low_value_static,,path_crawl_page,0.88,False,,skip_heavy_scan,html response lacks csp signal; server banner disclosed; static asset with no interactive inputs
multi_full_20260430_232210_0001,7a282c12345f4db8848308233347bd70,bc368d01d7e74cb6bab5806442a83de7,,path_analyze.form-depth-1,1,open_redirect_candidate,,path_candidate,0.74,False,,skip_heavy_scan,parameter values look like file paths; redirect style parameters present
multi_full_20260430_232210_0003,3bc5704f4d4f4af49e1ca27d016f0ff4,b224e951d52d43ff9bcb02870c7fdf72,,path_analyze.form_depth_2,0,low_value_static,,path_candidate,0.0,False,,skip_heavy_scan,no strong passive signal
multi_full_20260430_232210_0005,09dec9dd8113440c9a115114e05baf8e,656612d8477b401ebcc33979872b8ae6,,path_analyze.form_depth_2,0,low_value_static,,path_candidate,0.0,False,,skip_heavy_scan,no strong passive signal
multi_full_20260430_232210_0003,9de3d10ad4e04c71a7d26d175dd9e445,9da262a13da947c699a5fddf269fff25,,path_analyze.form_depth_2,0,low_value_static,,path_candidate,0.0,False,,skip_heavy_scan,no strong passive signal
multi_full_20260430_232210_0002,76a2301a7e4e40728dbcd314f72a3942,fd8022d9a54f471fbeeb8a3fb15fb9e4,,path_analyze.resource-src,1,open_redirect_candidate,,path_candidate,0.74,False,,skip_heavy_scan,parameter values look like file paths; reflective input names present; redirect style parameters present
multi_full_20260430_232210_0003,afd5b2cc3cc54680a475094fbd02fedb,3ae1a2af1d2f4732a769c37b76fdd48a,,path_analyze.form_depth_2,0,low_value_static,,path_candidate,0.0,False,,skip_heavy_scan,no strong passive signal
multi_full_20260430_232210_0003,b2ee59f1dbbd4536a6527ba6baa63840,3ae1a2af1d2f4732a769c37b76fdd48a,,path_analyze.page.depth_2,1,header_misconfiguration_candidate,,path_crawl_page,0.54,False,,run_header_scan,authenticated context can support object comparison; interactive html page; html response lacks csp signal; html response has weak security header coverage
multi_full_20260430_232210_0003,19bd0e93b4224bfe8d840957abce5be4,3ae1a2af1d2f4732a769c37b76fdd48a,,path_analyze.page.depth_2,1,header_misconfiguration_candidate,,path_crawl_page,0.54,False,,run_header_scan,authenticated context can support object comparison; interactive html page; html response lacks csp signal; html response has weak security header coverage
multi_full_20260430_232210_0003,6049953ce26b428b82b0550b00496be4,270b72d0bf864c1b8261ceb3d7c71187,,path_analyze.page.depth_2,1,header_misconfiguration_candidate,,path_crawl_page,0.54,False,,run_header_scan,authenticated context can support object comparison; interactive html page; html response lacks csp signal; html response has weak security header coverage
multi_full_20260430_232210_0005,f4c43df037954fa684ef9a48d735de4d,15e52d787f4f4185b25decc57b2bb1cb,,path_analyze.page.depth_2,0,low_value_static,,path_crawl_page,0.88,False,,skip_heavy_scan,html response lacks csp signal; server banner disclosed; static asset with no interactive inputs
multi_full_20260430_232210_0006,482eb032adf848ae9077be11339f90ef,eaa1301a966249a283314215039aefe9,,path_analyze.page.depth_2,1,open_redirect_candidate,,path_crawl_page,0.74,False,,skip_heavy_scan,response exposes filesystem paths; redirect style parameters present; server banner disclosed
multi_full_20260430_232210_0005,1b62b72a2687451d9eebb975b668d549,767ce8f69d834430bad66e983583f8bd,,path_analyze.page.depth_2,0,low_value_static,,path_crawl_page,0.88,False,,skip_heavy_scan,html response lacks csp signal; server banner disclosed; static asset with no interactive inputs
multi_full_20260430_232210_0004,1b5eb96098ce43179f489f6118b328b4,5f3bd58dd5e346f68b8aee5b43431f97,,path_analyze.url-depth-1,0,path_traversal_candidate,,path_candidate,0.26,False,,skip_heavy_scan,parameter values look like file paths
multi_full_20260430_232210_0003,8255835333dd4a3f8425d46d2912e141,dc6a53079884481db3cc1d620879097b,,path_analyze.form_depth_2,0,low_value_static,,path_candidate,0.0,False,,skip_heavy_scan,no strong passive signal
multi_full_20260430_232210_0005,4eb6e7623d7341ee9b2d2fd106cb9552,767ce8f69d834430bad66e983583f8bd,,path_analyze.page.depth_2,1,xss_candidate,,path_crawl_page,0.34,False,,run_xss_scan,interactive html page; html response lacks csp signal; server banner disclosed
multi_full_20260430_232210_0006,0a397080c5c444edb12dbc51179fad32,eaa1301a966249a283314215039aefe9,,path_analyze.page.depth_2,0,command_injection_candidate,,path_crawl_page,0.1,False,,skip_heavy_scan,response exposes filesystem paths; server banner disclosed
multi_full_20260430_232210_0007,91067d3b7df643ba9e429350e60b6155,73fd97015b464476883ed923d70da4ac,,path_analyze.resource-src,1,open_redirect_candidate,,path_candidate,0.74,False,,skip_heavy_scan,parameter values look like file paths; reflective input names present; redirect style parameters present
multi_full_20260430_232210_0006,638bacb498754cff8e7a3e36d892106c,eaa1301a966249a283314215039aefe9,,path_analyze.page.depth_2,0,command_injection_candidate,,path_crawl_page,0.1,False,,skip_heavy_scan,response exposes filesystem paths; server banner disclosed
multi_full_20260430_232210_0003,c2846b47a95c4caead2d1f9d100d79b3,bd65de20ed004408924fec7bf1ff9600,,path_analyze.form_depth_2,0,low_value_static,,path_candidate,0.0,False,,skip_heavy_scan,no strong passive signal
multi_full_20260430_232210_0003,ba410ed479874dd3bb83066c7d874a25,bd65de20ed004408924fec7bf1ff9600,,path_analyze.form_depth_2,0,low_value_static,,path_candidate,0.0,False,,skip_heavy_scan,no strong passive signal
multi_full_20260430_232210_0003,42c554ef0e264fb596eeb85791fc27fa,90150e82a2c248fc886f4d450f4acc29,,path_analyze.form_depth_2,0,low_value_static,,path_candidate,0.0,False,,skip_heavy_scan,no strong passive signal
multi_full_20260430_232210_0005,fc1d85c633ec401db5ea796b2d4acd4e,b8f4565b57944ced891eff06428bf49b,,path_analyze.page.depth_2,0,low_value_static,,path_crawl_page,0.88,False,,skip_heavy_scan,html response lacks csp signal; server banner disclosed; static asset with no interactive inputs
multi_full_20260430_232210_0001,5a166c942f0c4b488fa3cb37e3ffa280,7a282c12345f4db8848308233347bd70,,path_analyze.form-depth-1,1,open_redirect_candidate,,path_candidate,0.74,False,,skip_heavy_scan,parameter values look like file paths; redirect style parameters present
multi_full_20260430_232210_0006,a8cae338621642d8ad807f2c9a3aac95,cc6012c964184db0a5fadb1097cc0aac,,path_analyze.page.depth_2,0,command_injection_candidate,,path_crawl_page,0.1,False,,skip_heavy_scan,response exposes filesystem paths; server banner disclosed
multi_full_20260430_232210_0003,f2a2c25bf5fb4e9ea09d72df086f9298,3bc5704f4d4f4af49e1ca27d016f0ff4,,path_analyze.form_depth_2,0,low_value_static,,path_candidate,0.0,False,,skip_heavy_scan,no strong passive signal
multi_full_20260430_232210_0005,5925061e86f44a56bbc3fb3c4f427535,09dec9dd8113440c9a115114e05baf8e,,path_analyze.page.depth_2,1,xss_candidate,,path_crawl_page,0.34,False,,run_xss_scan,interactive html page; html response lacks csp signal; server banner disclosed
multi_full_20260430_232210_0006,7f039467a0ff46b691abe495c994b6c9,cc6012c964184db0a5fadb1097cc0aac,,path_analyze.page.depth_2,0,command_injection_candidate,,path_crawl_page,0.1,False,,skip_heavy_scan,response exposes filesystem paths; server banner disclosed
multi_full_20260430_232210_0003,b68094b2a2684305b9f7e1c2039332ca,9de3d10ad4e04c71a7d26d175dd9e445,,path_analyze.form_depth_2,0,low_value_static,,path_candidate,0.0,False,,skip_heavy_scan,no strong passive signal
multi_full_20260430_232210_0005,6d4224d01cc646ff8c1f94ddf7ca6c5e,09dec9dd8113440c9a115114e05baf8e,,path_analyze.page.depth_2,1,xss_candidate,,path_crawl_page,0.34,False,,run_xss_scan,interactive html page; html response lacks csp signal; server banner disclosed
multi_full_20260430_232210_0006,95b00bbd4eb94fbe9cb703d9aa72e2ee,cc6012c964184db0a5fadb1097cc0aac,,path_analyze.page.depth_2,0,command_injection_candidate,,path_crawl_page,0.1,False,,skip_heavy_scan,response exposes filesystem paths; server banner disclosed
multi_full_20260430_232210_0005,9f26a3d5f9ad42b983966dff5cb9c0a5,09dec9dd8113440c9a115114e05baf8e,,path_analyze.page.depth_2,0,low_value_static,,path_crawl_page,0.88,False,,skip_heavy_scan,html response lacks csp signal; server banner disclosed; static asset with no interactive inputs
multi_full_20260430_232210_0002,8c91500de2fa4147b72829be4ac6d64a,76a2301a7e4e40728dbcd314f72a3942,,path_analyze.resource-src,1,open_redirect_candidate,,path_candidate,0.74,False,,skip_heavy_scan,parameter values look like file paths; reflective input names present; redirect style parameters present
multi_full_20260430_232210_0003,d948170c8f3a48539dfbad0c172b24ad,9de3d10ad4e04c71a7d26d175dd9e445,,path_analyze.form_depth_2,0,low_value_static,,path_candidate,0.0,False,,skip_heavy_scan,no strong passive signal
multi_full_20260430_232210_0003,6f212c424e6c4e17a4232d043acd6a4c,afd5b2cc3cc54680a475094fbd02fedb,,path_analyze.form_depth_2,0,low_value_static,,path_candidate,0.0,False,,skip_heavy_scan,no strong passive signal
multi_full_20260430_232210_0003,49c59cb0132742c185f9092d7bf8fc80,b2ee59f1dbbd4536a6527ba6baa63840,,path_analyze.form_depth_2,0,low_value_static,,path_candidate,0.0,False,,skip_heavy_scan,no strong passive signal
multi_full_20260430_232210_0006,9fd44008cb974256b87125d36eaf64e8,cc6012c964184db0a5fadb1097cc0aac,,path_analyze.page.depth_2,0,command_injection_candidate,,path_crawl_page,0.1,False,,skip_heavy_scan,response exposes filesystem paths; server banner disclosed
multi_full_20260430_232210_0005,2480679e704d4070bf29c7bb62796405,09dec9dd8113440c9a115114e05baf8e,,path_analyze.form_depth_2,0,low_value_static,,path_candidate,0.0,False,,skip_heavy_scan,no strong passive signal
multi_full_20260430_232210_0005,bcf6c6b9b9ba47a4b9c11db2b6ddf7b0,09dec9dd8113440c9a115114e05baf8e,,path_analyze.page.depth_2,1,xss_candidate,,path_crawl_page,0.34,False,,run_xss_scan,interactive html page; html response lacks csp signal; server banner disclosed
multi_full_20260430_232210_0005,ebba82a77093460dbd9d827c03e0429a,09dec9dd8113440c9a115114e05baf8e,,path_analyze.form_depth_2,0,low_value_static,,path_candidate,0.0,False,,skip_heavy_scan,no strong passive signal
multi_full_20260430_232210_0005,3a14adf771274df7913c531123880842,09dec9dd8113440c9a115114e05baf8e,,path_analyze.page.depth_2,0,low_value_static,,path_crawl_page,0.88,False,,skip_heavy_scan,html response lacks csp signal; server banner disclosed; static asset with no interactive inputs
multi_full_20260430_232210_0005,d0793cd1df594e1a862055815ec99cd5,09dec9dd8113440c9a115114e05baf8e,,path_analyze.form_depth_2,0,low_value_static,,path_candidate,0.0,False,,skip_heavy_scan,no strong passive signal
multi_full_20260430_232210_0006,65b0dcf06c6d41bea36a3f6a8a7567fd,cc6012c964184db0a5fadb1097cc0aac,,path_analyze.page.depth_2,0,command_injection_candidate,,path_crawl_page,0.1,False,,skip_heavy_scan,response exposes filesystem paths; server banner disclosed
multi_full_20260430_232210_0006,2d15c8074d4c41c0bbedd62a660424af,cc6012c964184db0a5fadb1097cc0aac,,path_analyze.page.depth_2,0,command_injection_candidate,,path_crawl_page,0.1,False,,skip_heavy_scan,response exposes filesystem paths; server banner disclosed
multi_full_20260430_232210_0003,2e0562cf70544a58864195246835c976,19bd0e93b4224bfe8d840957abce5be4,,path_analyze.form_depth_2,0,low_value_static,,path_candidate,0.0,False,,skip_heavy_scan,no strong passive signal
multi_full_20260430_232210_0003,348832f2f29545978b93ff653b974782,19bd0e93b4224bfe8d840957abce5be4,,path_analyze.form_depth_2,0,low_value_static,,path_candidate,0.0,False,,skip_heavy_scan,no strong passive signal
multi_full_20260430_232210_0006,7bbe8fac9afd4e4598c64587eb4b7384,cc6012c964184db0a5fadb1097cc0aac,,path_analyze.page.depth_2,0,command_injection_candidate,,path_crawl_page,0.1,False,,skip_heavy_scan,response exposes filesystem paths; server banner disclosed
multi_full_20260430_232210_0006,9460a2817d624316a5b535f3db51e0df,cc6012c964184db0a5fadb1097cc0aac,,path_analyze.page.depth_2,0,command_injection_candidate,,path_crawl_page,0.1,False,,skip_heavy_scan,response exposes filesystem paths; server banner disclosed
multi_full_20260430_232210_0006,ab20261d7e4448c197be2b07c2fa135d,cc6012c964184db0a5fadb1097cc0aac,,path_analyze.page.depth_2,0,command_injection_candidate,,path_crawl_page,0.1,False,,skip_heavy_scan,response exposes filesystem paths; server banner disclosed
multi_full_20260430_232210_0004,6f8b640e4f584efe84cff3fd606a0c4a,1b5eb96098ce43179f489f6118b328b4,,path_analyze.url-depth-1,0,path_traversal_candidate,,path_candidate,0.26,False,,skip_heavy_scan,parameter values look like file paths
multi_full_20260430_232210_0003,f7ec234357014e048034fdc8b3bb4a4e,8255835333dd4a3f8425d46d2912e141,,path_analyze.form_depth_2,0,low_value_static,,path_candidate,0.0,False,,skip_heavy_scan,no strong passive signal
multi_full_20260430_232210_0004,3ceb7673a628463db5360a7f98dec6f1,1b5eb96098ce43179f489f6118b328b4,,path_analyze.page.depth_1,1,header_misconfiguration_candidate,,path_crawl_page,0.54,False,,run_header_scan,authenticated context can support object comparison; html response lacks csp signal; html response has weak security header coverage; server banner disclosed
multi_full_20260430_232210_0003,ce29061d686c4b7b85d30f6cb9abb7f0,42c554ef0e264fb596eeb85791fc27fa,,path_analyze.page.depth_2,1,header_misconfiguration_candidate,,path_crawl_page,0.54,False,,run_header_scan,authenticated context can support object comparison; interactive html page; html response lacks csp signal; html response has weak security header coverage
multi_full_20260430_232210_0007,7af4e93ac86942d2bf1404b922b6716e,91067d3b7df643ba9e429350e60b6155,,path_analyze.resource-src,1,open_redirect_candidate,,path_candidate,0.74,False,,skip_heavy_scan,parameter values look like file paths; reflective input names present; redirect style parameters present
multi_full_20260430_232210_0001,327e4a8bfba54c07a34df846a45f077b,5a166c942f0c4b488fa3cb37e3ffa280,,path_analyze.form-depth-1,1,open_redirect_candidate,,path_candidate,0.74,False,,skip_heavy_scan,parameter values look like file paths; redirect style parameters present
multi_full_20260430_232210_0005,899123c4b0f74b82a7c5cb0622b288bc,4eb6e7623d7341ee9b2d2fd106cb9552,,path_analyze.page.depth_2,1,xss_candidate,,path_crawl_page,0.34,False,,run_xss_scan,interactive html page; html response lacks csp signal; server banner disclosed
multi_full_20260430_232210_0003,fd88d46966fa42caaf4c0ab517c187f3,42c554ef0e264fb596eeb85791fc27fa,,path_analyze.page.depth_2,1,header_misconfiguration_candidate,,path_crawl_page,0.54,False,,run_header_scan,authenticated context can support object comparison; interactive html page; html response lacks csp signal; html response has weak security header coverage
multi_full_20260430_232210_0006,9805ffbdf087443ea929fce94e58a03b,a8cae338621642d8ad807f2c9a3aac95,,path_analyze.page.depth_2,0,command_injection_candidate,,path_crawl_page,0.1,False,,skip_heavy_scan,response exposes filesystem paths; server banner disclosed
multi_full_20260430_232210_0003,49ef8ae36c374abda11f558d664d4355,f2a2c25bf5fb4e9ea09d72df086f9298,,path_analyze.page.depth_2,1,header_misconfiguration_candidate,,path_crawl_page,0.54,False,,run_header_scan,authenticated context can support object comparison; interactive html page; html response lacks csp signal; html response has weak security header coverage
multi_full_20260430_232210_0005,a94fbb74530343fba84449cfe30c5f23,4eb6e7623d7341ee9b2d2fd106cb9552,,path_analyze.page.depth_2,1,xss_candidate,,path_crawl_page,0.34,False,,run_xss_scan,interactive html page; html response lacks csp signal; server banner disclosed
multi_full_20260430_232210_0003,33453f2c976748649567eb84012483af,8255835333dd4a3f8425d46d2912e141,,path_analyze.form_depth_2,0,low_value_static,,path_candidate,0.0,False,,skip_heavy_scan,no strong passive signal
multi_full_20260430_232210_0005,79e4c53e2b1a482bad84223b61f68dba,fc1d85c633ec401db5ea796b2d4acd4e,,path_analyze.form_depth_2,0,low_value_static,,path_candidate,0.0,False,,skip_heavy_scan,no strong passive signal
multi_full_20260430_232210_0003,3fb3d8faa63242d7a1fa0be0817359e4,42c554ef0e264fb596eeb85791fc27fa,,path_analyze.page.depth_2,1,header_misconfiguration_candidate,,path_crawl_page,0.54,False,,run_header_scan,authenticated context can support object comparison; interactive html page; html response lacks csp signal; html response has weak security header coverage
multi_full_20260430_232210_0003,347bed3f6c8a4b97b3663b6dd5eb1481,b68094b2a2684305b9f7e1c2039332ca,,path_analyze.page.depth_2,1,header_misconfiguration_candidate,,path_crawl_page,0.54,False,,run_header_scan,authenticated context can support object comparison; interactive html page; html response lacks csp signal; html response has weak security header coverage
multi_full_20260430_232210_0005,4c68c08311f84d77bbd2d61a308f7672,6d4224d01cc646ff8c1f94ddf7ca6c5e,,path_analyze.form_depth_2,0,low_value_static,,path_candidate,0.0,False,,skip_heavy_scan,no strong passive signal
multi_full_20260430_232210_0005,c5528f04a964403aac8807e0e21eb1ae,6d4224d01cc646ff8c1f94ddf7ca6c5e,,path_analyze.page.depth_2,1,xss_candidate,,path_crawl_page,0.34,False,,run_xss_scan,interactive html page; html response lacks csp signal; server banner disclosed
multi_full_20260430_232210_0006,8f59dc2fecfe4edeaaebe294ea1ea5cd,95b00bbd4eb94fbe9cb703d9aa72e2ee,,path_analyze.page.depth_2,0,command_injection_candidate,,path_crawl_page,0.1,False,,skip_heavy_scan,response exposes filesystem paths; server banner disclosed
multi_full_20260430_232210_0002,15c3022811bd49c0ba69e6b90de31fc6,8c91500de2fa4147b72829be4ac6d64a,,path_analyze.resource-src,1,open_redirect_candidate,,path_candidate,0.74,False,,skip_heavy_scan,parameter values look like file paths; reflective input names present; redirect style parameters present
multi_full_20260430_232210_0003,17a41b47eea8436788fc3002209f339d,d948170c8f3a48539dfbad0c172b24ad,,path_analyze.form_depth_2,0,low_value_static,,path_candidate,0.0,False,,skip_heavy_scan,no strong passive signal
multi_full_20260430_232210_0003,b8ab9ce765134563aec087f1f9a6be62,49c59cb0132742c185f9092d7bf8fc80,,path_analyze.form_depth_2,0,low_value_static,,path_candidate,0.0,False,,skip_heavy_scan,no strong passive signal
multi_full_20260430_232210_0006,ea1b1e68c94342fea1b92244acb0f284,95b00bbd4eb94fbe9cb703d9aa72e2ee,,path_analyze.page.depth_2,0,command_injection_candidate,,path_crawl_page,0.1,False,,skip_heavy_scan,response exposes filesystem paths; server banner disclosed
multi_full_20260430_232210_0005,933180443fb9455cbba521cb32874ac5,d0793cd1df594e1a862055815ec99cd5,,path_analyze.page.depth_2,1,xss_candidate,,path_crawl_page,0.34,False,,run_xss_scan,interactive html page; html response lacks csp signal; server banner disclosed
multi_full_20260430_232210_0005,b1712f826f764fcbbc31aecabad31e39,d0793cd1df594e1a862055815ec99cd5,,path_analyze.form_depth_2,0,low_value_static,,path_candidate,0.0,False,,skip_heavy_scan,no strong passive signal
multi_full_20260430_232210_0003,da06773618764932b16f4e275157951d,2e0562cf70544a58864195246835c976,,path_analyze.form_depth_2,0,low_value_static,,path_candidate,0.0,False,,skip_heavy_scan,no strong passive signal
multi_full_20260430_232210_0003,a2df39992d454a198faf9d21ee70a9cb,6f212c424e6c4e17a4232d043acd6a4c,,path_analyze.form_depth_2,0,low_value_static,,path_candidate,0.0,False,,skip_heavy_scan,no strong passive signal
multi_full_20260430_232210_0005,5eabdc6401514f78a2faabad5f43aabf,d0793cd1df594e1a862055815ec99cd5,,path_analyze.page.depth_2,0,low_value_static,,path_crawl_page,0.88,False,,skip_heavy_scan,normalized route contains object placeholders; html response lacks csp signal; server banner disclosed; static asset with no interactive inputs
multi_full_20260430_232210_0005,c0ec6eba00354bdf8dedc78869783a8d,d0793cd1df594e1a862055815ec99cd5,,path_analyze.page.depth_2,1,xss_candidate,,path_crawl_page,0.34,False,,run_xss_scan,interactive html page; html response lacks csp signal; server banner disclosed
multi_full_20260430_232210_0006,098133d0a12540e1993732ef1a19065b,95b00bbd4eb94fbe9cb703d9aa72e2ee,,path_analyze.page.depth_2,0,command_injection_candidate,,path_crawl_page,0.1,False,,skip_heavy_scan,response exposes filesystem paths; server banner disclosed
multi_full_20260430_232210_0006,1780a1cdafec422888401f02ff2f759c,7bbe8fac9afd4e4598c64587eb4b7384,,path_analyze.page.depth_2,0,command_injection_candidate,,path_crawl_page,0.1,False,,skip_heavy_scan,response exposes filesystem paths; server banner disclosed
multi_full_20260430_232210_0003,1841423e284f46fca85c27ffcdfb7845,348832f2f29545978b93ff653b974782,,path_analyze.form_depth_2,0,low_value_static,,path_candidate,0.0,False,,skip_heavy_scan,no strong passive signal
multi_full_20260430_232210_0006,15b169189c1a45c49d594b8538882fe5,ab20261d7e4448c197be2b07c2fa135d,,path_analyze.page.depth_2,0,command_injection_candidate,,path_crawl_page,0.1,False,,skip_heavy_scan,response exposes filesystem paths; server banner disclosed
multi_full_20260430_232210_0003,26f88f5697c2451bb9947936eb390727,f7ec234357014e048034fdc8b3bb4a4e,,path_analyze.page.depth_2,1,header_misconfiguration_candidate,,path_crawl_page,0.54,False,,run_header_scan,authenticated context can support object comparison; interactive html page; html response lacks csp signal; html response has weak security header coverage
multi_full_20260430_232210_0005,dea92b4aee3c47a3b9b13dc2c325d698,d0793cd1df594e1a862055815ec99cd5,,path_analyze.form_depth_2,0,low_value_static,,path_candidate,0.0,False,,skip_heavy_scan,no strong passive signal
multi_full_20260430_232210_0004,4bab270d2d984cf98d5790538af24fb5,6f8b640e4f584efe84cff3fd606a0c4a,,path_analyze.resource-src,1,open_redirect_candidate,,path_candidate,0.74,False,,skip_heavy_scan,parameter values look like file paths; reflective input names present; redirect style parameters present
multi_full_20260430_232210_0006,a079473386284c639901bf12676ab797,ab20261d7e4448c197be2b07c2fa135d,,path_analyze.page.depth_2,0,command_injection_candidate,,path_crawl_page,0.1,False,,skip_heavy_scan,response exposes filesystem paths; server banner disclosed
multi_full_20260430_232210_0005,cf1aa871db1c4e3397b50e65a393909e,d0793cd1df594e1a862055815ec99cd5,,path_analyze.page.depth_2,0,low_value_static,,path_crawl_page,0.88,False,,skip_heavy_scan,html response lacks csp signal; server banner disclosed; static asset with no interactive inputs
multi_full_20260430_232210_0005,4068bbb2fd9c40f091f283d9f94e04f6,d0793cd1df594e1a862055815ec99cd5,,path_analyze.page.depth_2,0,low_value_static,,path_crawl_page,0.88,False,,skip_heavy_scan,html response lacks csp signal; server banner disclosed; static asset with no interactive inputs
multi_full_20260430_232210_0006,ba28873efd7b4ef5910606db94b552ce,ab20261d7e4448c197be2b07c2fa135d,,path_analyze.page.depth_2,0,command_injection_candidate,,path_crawl_page,0.1,False,,skip_heavy_scan,response exposes filesystem paths; server banner disclosed
multi_full_20260430_232210_0006,026422be3fb042bd9185545af5566a51,ab20261d7e4448c197be2b07c2fa135d,,path_analyze.page.depth_2,0,command_injection_candidate,,path_crawl_page,0.1,False,,skip_heavy_scan,response exposes filesystem paths; server banner disclosed
multi_full_20260430_232210_0006,8a323a88a6d74c85b3e038454310f529,ab20261d7e4448c197be2b07c2fa135d,,path_analyze.page.depth_2,0,command_injection_candidate,,path_crawl_page,0.1,False,,skip_heavy_scan,response exposes filesystem paths; server banner disclosed
multi_full_20260430_232210_0005,dda640c563fc4a3082de3efd6cd2018f,899123c4b0f74b82a7c5cb0622b288bc,,path_analyze.page.depth_2,0,low_value_static,,path_crawl_page,0.88,False,,skip_heavy_scan,html response lacks csp signal; server banner disclosed; static asset with no interactive inputs
multi_full_20260430_232210_0001,20487c073706404b8457c8f0f9cc0819,327e4a8bfba54c07a34df846a45f077b,,path_analyze.form-depth-1,1,open_redirect_candidate,,path_candidate,0.74,False,,skip_heavy_scan,parameter values look like file paths; redirect style parameters present
multi_full_20260430_232210_0003,ee9e8be9922c414fb34845e26c6aae9d,33453f2c976748649567eb84012483af,,path_analyze.form_depth_2,0,low_value_static,,path_candidate,0.0,False,,skip_heavy_scan,no strong passive signal
multi_full_20260430_232210_0007,f9b46a4b0a6e487aa5b05726a88967a2,7af4e93ac86942d2bf1404b922b6716e,,path_analyze.resource-src,1,open_redirect_candidate,,path_candidate,0.74,False,,skip_heavy_scan,parameter values look like file paths; reflective input names present; redirect style parameters present
multi_full_20260430_232210_0002,240fdeae151a4560bb2c4ad02a091239,15c3022811bd49c0ba69e6b90de31fc6,,path_analyze.resource-src,1,open_redirect_candidate,,path_candidate,0.74,False,,skip_heavy_scan,parameter values look like file paths; reflective input names present; redirect style parameters present
multi_full_20260430_232210_0006,95215e655232460abbf629dc0888b032,9805ffbdf087443ea929fce94e58a03b,,path_analyze.page.depth_2,1,idor_candidate,,path_crawl_page,0.42,False,,run_idor_scan,identifier style route or parameter; response exposes filesystem paths; server banner disclosed
multi_full_20260430_232210_0005,0d453dface0e46709e3c179cac044bd5,4c68c08311f84d77bbd2d61a308f7672,,path_analyze.page.depth_2,0,low_value_static,,path_crawl_page,0.88,False,,skip_heavy_scan,html response lacks csp signal; server banner disclosed; static asset with no interactive inputs
multi_full_20260430_232210_0003,a063cc4c5c44464398a8529e0c8742b5,da06773618764932b16f4e275157951d,,path_analyze.form_depth_2,0,low_value_static,,path_candidate,0.0,False,,skip_heavy_scan,no strong passive signal
multi_full_20260430_232210_0003,10267a66964b48a1ac8c32d33e50d6fc,da06773618764932b16f4e275157951d,,path_analyze.page.depth_2,1,header_misconfiguration_candidate,,path_crawl_page,0.54,False,,run_header_scan,authenticated context can support object comparison; interactive html page; html response lacks csp signal; html response has weak security header coverage
multi_full_20260430_232210_0003,f6ae445907e5449c95175a608f91cc03,1841423e284f46fca85c27ffcdfb7845,,path_analyze.page.depth_2,1,header_misconfiguration_candidate,,path_crawl_page,0.54,False,,run_header_scan,authenticated context can support object comparison; interactive html page; html response lacks csp signal; html response has weak security header coverage
multi_full_20260430_232210_0003,aac9b105a1ae46f8aee6a3978961954b,1841423e284f46fca85c27ffcdfb7845,,path_analyze.page.depth_2,1,header_misconfiguration_candidate,,path_crawl_page,0.54,False,,run_header_scan,authenticated context can support object comparison; interactive html page; html response lacks csp signal; html response has weak security header coverage
multi_full_20260430_232210_0003,2b28571ef43b470cb57cc7524f03fde7,1841423e284f46fca85c27ffcdfb7845,,path_analyze.page.depth_2,1,header_misconfiguration_candidate,,path_crawl_page,0.54,False,,run_header_scan,authenticated context can support object comparison; interactive html page; html response lacks csp signal; html response has weak security header coverage
multi_full_20260430_232210_0005,23d4815a578e4981809538c2fc988690,c0ec6eba00354bdf8dedc78869783a8d,,path_analyze.page.depth_2,1,xss_candidate,,path_crawl_page,0.34,False,,run_xss_scan,interactive html page; html response lacks csp signal; server banner disclosed
multi_full_20260430_232210_0005,60165374b917424d8cd2b795cb321811,c0ec6eba00354bdf8dedc78869783a8d,,path_analyze.form_depth_2,0,low_value_static,,path_candidate,0.0,False,,skip_heavy_scan,no strong passive signal
multi_full_20260430_232210_0003,4b756ec0ad024d6ab222217987869100,1841423e284f46fca85c27ffcdfb7845,,path_analyze.form_depth_2,0,low_value_static,,path_candidate,0.0,False,,skip_heavy_scan,no strong passive signal
multi_full_20260430_232210_0005,c9b6b499a9a249dfbe6f839ff9932793,c0ec6eba00354bdf8dedc78869783a8d,,path_analyze.form_depth_2,0,low_value_static,,path_candidate,0.0,False,,skip_heavy_scan,no strong passive signal
multi_full_20260430_232210_0003,542d5983f0be45d48e61889a724fde4e,1841423e284f46fca85c27ffcdfb7845,,path_analyze.form_depth_2,0,low_value_static,,path_candidate,0.0,False,,skip_heavy_scan,no strong passive signal
multi_full_20260430_232210_0003,2310c67e12024416bdc11d0a67457c9c,1841423e284f46fca85c27ffcdfb7845,,path_analyze.form_depth_2,0,low_value_static,,path_candidate,0.0,False,,skip_heavy_scan,no strong passive signal
multi_full_20260430_232210_0003,a0a0526eec2c42b9916316b406e50189,1841423e284f46fca85c27ffcdfb7845,,path_analyze.form_depth_2,0,low_value_static,,path_candidate,0.0,False,,skip_heavy_scan,no strong passive signal
multi_full_20260430_232210_0004,c7d68fad165a4a1b8ada50e18de36132,4bab270d2d984cf98d5790538af24fb5,,path_analyze.resource-src,1,open_redirect_candidate,,path_candidate,0.74,False,,skip_heavy_scan,parameter values look like file paths; reflective input names present; redirect style parameters present
multi_full_20260430_232210_0005,cb68885903e24b5d85f6221e53122cb4,cf1aa871db1c4e3397b50e65a393909e,,path_analyze.page.depth_2,0,low_value_static,,path_crawl_page,0.88,False,,skip_heavy_scan,html response lacks csp signal; server banner disclosed; static asset with no interactive inputs
multi_full_20260430_232210_0003,4b959add2e884662966f7dd9c2b22326,26f88f5697c2451bb9947936eb390727,,path_analyze.form_depth_2,0,low_value_static,,path_candidate,0.0,False,,skip_heavy_scan,no strong passive signal
multi_full_20260430_232210_0005,625fe83d3b5d49f187b33eea8e0f936d,dda640c563fc4a3082de3efd6cd2018f,,path_analyze.form_depth_2,0,low_value_static,,path_candidate,0.0,False,,skip_heavy_scan,no strong passive signal
multi_full_20260430_232210_0001,97a46ac30772441e89fcac45176c49ef,20487c073706404b8457c8f0f9cc0819,,path_analyze.form-depth-1,1,open_redirect_candidate,,path_candidate,0.74,False,,skip_heavy_scan,parameter values look like file paths; redirect style parameters present
multi_full_20260430_232210_0007,421996f7b4684aaf9a96e3fa634e8b7c,f9b46a4b0a6e487aa5b05726a88967a2,,path_analyze.resource-src,1,open_redirect_candidate,,path_candidate,0.74,False,,skip_heavy_scan,parameter values look like file paths; reflective input names present; redirect style parameters present
multi_full_20260430_232210_0006,979b7520afa241d6a472f6aed8197988,8a323a88a6d74c85b3e038454310f529,,path_analyze.page.depth_2,1,idor_candidate,,path_crawl_page,0.42,False,,run_idor_scan,identifier style route or parameter; response exposes filesystem paths; server banner disclosed
multi_full_20260430_232210_0006,be904aa20c45460a861c41fc92ead343,8a323a88a6d74c85b3e038454310f529,,path_analyze.page.depth_2,0,command_injection_candidate,,path_crawl_page,0.1,False,,skip_heavy_scan,response exposes filesystem paths; server banner disclosed
multi_full_20260430_232210_0005,0ec783be3a1b4d1784ceeeb901dcb078,dda640c563fc4a3082de3efd6cd2018f,,path_analyze.form_depth_2,0,low_value_static,,path_candidate,0.0,False,,skip_heavy_scan,no strong passive signal
