url_length,has_https,path_depth,has_query_params,num_query_params,has_fragment,has_port,subdomain_count,is_ip_address,domain_length,domain_has_hyphens,domain_tld,status_code,status_category,response_size,response_time_ms,is_redirect,redirect_chain_len,total_headers,server_header_present,server_header,x_powered_by_present,content_type,has_cookies,num_cookies,has_cors,cache_control,security_headers_count,has_csp,has_hsts,has_xss_protection,has_frame_options,has_content_type_options,has_forms,form_count,has_inputs,input_count,has_password_input,password_count,has_hidden_input,hidden_count,has_file_upload,file_upload_count,has_search_input,search_count,has_buttons,button_count,has_textarea,textarea_count,has_select,select_count,has_scripts,script_count,inline_script_count,internal_script_count,external_script_count,has_links,link_count,internal_link_count,external_link_count,has_images,image_count,has_meta_tags,meta_count,has_stylesheets,stylesheet_count,has_javascript,has_comments,comment_count,has_title,server_apache,server_nginx,server_iis,tech_php,tech_aspnet,tech_jsp,tech_wordpress,tech_drupal,tech_joomla,has_debug_info,has_error_messages,has_sql_errors,has_file_paths,has_waf,waf_cloudflare,waf_aws,waf_imperva,reflection_detected,csp_header_reflection_detected,has_jwt,jwt_count,has_api_keys,api_key_count,cookie_count,session_cookies,secure_cookie_ratio,httponly_cookie_ratio,samesite_cookie_ratio,redirect_count,has_redirect_chain,final_https,get_form_count,post_form_count,has_login_form,login_form_count,csrf_token_input_count,has_csrf_token,same_origin_form_count,external_form_count,unique_input_names,unique_endpoint_count,parameterized_link_count,api_like_endpoint_count,inline_event_handler_count,email_input_count,url_input_count,mailto_link_count,tel_link_count,body_truncated_for_analysis,input_to_form_ratio,script_to_content_ratio,security_score,interactivity_score,is_vulnerable,vulnerability_type,scan_id,timestamp,target_url,original_url,is_redirect_response,final_url,target_root,page_url,dataset_record_type,saved_at,url,domain,total_vulnerabilities,has_sql_injection,has_xss,has_command_injection,has_path_traversal,has_file_inclusion,vulnerability_score,critical_vuln_count,high_vuln_count,sqlmap_vulns_found,dalfox_vulns_found,commix_vulns_found,tools_used_count,sqlmap_confidence_avg,dalfox_confidence_avg,commix_confidence_avg,used_previous_scan,previous_scan_indicators,scan_hour,scan_day_of_week,prev_has_forms,prev_has_inputs,prev_form_count,prev_input_count,prev_has_debug_info,prev_has_error_messages,prev_technology_php,prev_technology_aspnet,prev_technology_wordpress,prev_security_headers_count,prev_response_size,days_since_last_scan,vuln_density,tool_effectiveness,security_risk_score,input_vulnerability_ratio,previous_scan_accuracy,total_issues,issue_density,has_idor
18,1,0,0,0,0,0,0,0,9,0,com,200,2,132646,809.033,1,1,31,1,nginx,0,html,0,0,0,1,7,1,1,1,1,1,0,0,1,4,0,0,0,0,0,0,0,0,1,7,0,0,0,0,1,19,8,9,2,1,147,141,6,1,29,1,23,1,5,1,1,16,1,0,1,0,1,1,0,1,0,0,1,1,0,0,0,0,0,0,0,0,0,0,0,0,0,0,0.0,0.0,0.0,0,0,0,0,0,0,0,0,0,0,0,0,81,6,0,0,0,0,0,0,0,0.0,0.0001432383939206,0.875,0.0829274912172248,0,,multi_full_20260502_195223_0002,2026-05-02T19:52:26.280823,https://blend.com/,https://blend.com/,True,https://blend.com/,https://blend.com/,https://blend.com/,recon_redirect_hop,2026-05-02T19:52:26.283890,0,0,0,0,0,0,0,0,0,0,0,0,0,0,0,0,0,0,0,0,0,0,0,0,0,0,0,0,0,0,0,0,0,0,0,0,0,0,0,0,0,0
18,1,0,0,0,0,0,0,0,9,0,com,200,2,132646,809.033,0,3,31,1,nginx,0,html,0,0,0,1,7,1,1,1,1,1,0,0,1,4,0,0,0,0,0,0,0,0,1,7,0,0,0,0,1,19,8,9,2,1,147,141,6,1,29,1,23,1,5,1,1,16,1,0,1,0,1,1,0,1,0,0,1,1,0,0,0,0,0,0,0,0,0,0,0,0,0,0,0.0,0.0,0.0,2,1,1,0,0,0,0,0,0,0,0,0,81,6,0,0,0,0,0,0,0,0.0,0.0001432383939206,0.875,0.0829274912172248,0,,multi_full_20260502_195223_0002,2026-05-02T19:52:26.373755,https://blend.com/,https://blend.com/,False,https://blend.com/,https://blend.com/,https://blend.com/,recon_page,2026-05-02T19:52:26.381207,0,0,0,0,0,0,0,0,0,0,0,0,0,0,0,0,0,0,0,0,0,0,0,0,0,0,0,0,0,0,0,0,0,0,0,0,0,0,0,0,0,0
18,1,0,0,0,0,0,0,0,9,0,com,200,2,132646,1203.236,0,0,26,1,nginx,0,html,0,0,0,1,7,1,1,1,1,1,0,0,1,4,0,0,0,0,0,0,0,0,1,7,0,0,0,0,1,19,8,9,2,1,147,141,6,1,29,1,23,1,5,1,1,16,1,0,1,0,1,1,0,1,0,0,1,1,0,0,0,0,0,0,0,0,0,0,0,0,0,0,0.0,0.0,0.0,0,0,0,0,0,0,0,0,0,0,0,0,81,6,0,0,0,0,0,0,0,0.0,0.0001432383939206,0.875,0.0829274912172248,0,,multi_full_20260502_195223_0002,2026-05-02T19:54:28.898403,https://blend.com/,https://blend.com/,False,https://blend.com/,https://blend.com/,https://blend.com/,recon_page,2026-05-02T19:54:28.903656,0,0,0,0,0,0,0,0,0,0,0,0,0,0,0,0,0,0,0,0,0,0,0,0,0,0,0,0,0,0,0,0,0,0,0,0,0,0,0,0,0,0
86,1,3,0,0,0,0,0,0,9,0,com,200,2,95039,703.519,0,0,26,1,nginx,0,html,0,0,0,1,7,1,1,1,1,1,0,0,1,4,0,0,0,0,0,0,0,0,1,7,0,0,0,0,1,18,7,9,2,1,119,112,7,1,1,1,23,1,5,1,1,14,1,0,1,0,1,1,0,1,0,0,1,1,0,0,0,0,0,0,0,0,0,0,0,0,0,0,0.0,0.0,0.0,0,0,0,0,0,0,0,0,0,0,0,0,73,5,0,0,0,0,0,0,0,0.0,0.0001893959321962,0.875,0.1157419585643788,0,,multi_full_20260502_195223_0002,2026-05-02T19:54:37.835799,https://blend.com/company/newsroom/blend-wins-2025-housingwire-tech100-mortgage-award/,https://blend.com/,False,https://blend.com/company/newsroom/blend-wins-2025-housingwire-tech100-mortgage-award/,https://blend.com/,https://blend.com/company/newsroom/blend-wins-2025-housingwire-tech100-mortgage-award/,recon_page,2026-05-02T19:54:37.852546,0,0,0,0,0,0,0,0,0,0,0,0,0,0,0,0,0,0,0,0,0,0,0,0,0,0,0,0,0,0,0,0,0,0,0,0,0,0,0,0,0,0
48,1,3,0,0,0,0,0,0,9,0,com,200,2,106311,701.1610000000001,0,0,26,1,nginx,0,html,0,0,0,1,7,1,1,1,1,1,0,0,1,6,0,0,0,0,0,0,0,0,1,10,0,0,1,1,1,21,10,9,2,1,123,117,6,1,7,1,23,1,5,1,1,14,1,0,1,0,1,1,0,1,0,0,1,1,0,0,0,0,0,0,0,0,0,0,0,0,0,0,0.0,0.0,0.0,0,0,0,0,0,0,0,0,0,0,0,0,76,8,0,0,0,0,0,0,0,0.0,0.0001975336512684,0.875,0.1505018295378653,0,,multi_full_20260502_195223_0002,2026-05-02T19:54:38.055947,https://blend.com/products/mortgage-suite/close/,https://blend.com/,False,https://blend.com/products/mortgage-suite/close/,https://blend.com/,https://blend.com/products/mortgage-suite/close/,recon_page,2026-05-02T19:54:38.074316,0,0,0,0,0,0,0,0,0,0,0,0,0,0,0,0,0,0,0,0,0,0,0,0,0,0,0,0,0,0,0,0,0,0,0,0,0,0,0,0,0,0
27,1,1,0,0,0,0,0,0,9,0,com,200,2,115130,409.035,0,0,26,1,nginx,0,html,0,0,0,1,7,1,1,1,1,1,0,0,1,4,0,0,0,0,0,0,0,0,1,7,0,0,0,0,1,20,9,9,2,1,133,127,6,1,10,1,23,1,5,1,1,22,1,0,1,0,1,1,0,1,0,0,1,1,0,0,0,0,0,0,0,0,0,0,0,0,0,0,0.0,0.0,0.0,0,0,0,0,0,0,0,0,0,0,0,0,78,8,0,0,0,0,0,0,0,0.0,0.0001737166681143,0.875,0.095544167462868,0,,multi_full_20260502_195223_0002,2026-05-02T19:54:38.434663,https://blend.com/platform/,https://blend.com/,False,https://blend.com/platform/,https://blend.com/,https://blend.com/platform/,recon_page,2026-05-02T19:54:38.446892,0,0,0,0,0,0,0,0,0,0,0,0,0,0,0,0,0,0,0,0,0,0,0,0,0,0,0,0,0,0,0,0,0,0,0,0,0,0,0,0,0,0
39,1,3,0,0,0,0,0,0,9,0,com,404,4,79091,1214.646,0,0,27,1,nginx,0,html,0,0,0,1,7,1,1,1,1,1,0,0,1,4,0,0,0,0,0,0,0,0,1,7,0,0,0,0,1,18,7,9,2,1,114,108,6,0,0,1,11,1,6,1,1,14,1,0,1,0,1,1,0,1,0,0,1,1,0,0,0,0,0,0,0,0,0,0,0,0,0,0,0.0,0.0,0.0,0,0,0,0,0,0,0,0,0,0,0,0,68,2,0,0,0,0,0,0,0,0.0,0.0002275859453035,0.875,0.1390802999077012,0,,multi_full_20260502_195223_0002,2026-05-02T19:54:38.834093,https://blend.com/wp-content/uploads/*/,https://blend.com/,False,https://blend.com/wp-content/uploads/*/,https://blend.com/,https://blend.com/wp-content/uploads/*/,recon_page,2026-05-02T19:54:38.843937,0,0,0,0,0,0,0,0,0,0,0,0,0,0,0,0,0,0,0,0,0,0,0,0,0,0,0,0,0,0,0,0,0,0,0,0,0,0,0,0,0,0
42,1,1,0,0,0,0,0,0,9,0,com,200,2,89264,249.452,0,0,26,1,nginx,0,html,0,0,0,1,7,1,1,1,1,1,0,0,1,4,0,0,0,0,0,0,0,0,1,7,0,0,0,0,1,19,8,9,2,1,117,111,6,1,6,1,23,1,5,1,1,14,1,0,1,0,1,1,0,1,0,0,1,1,0,0,0,0,0,0,0,0,0,0,0,0,0,0,0.0,0.0,0.0,0,0,0,0,0,0,0,0,0,0,0,0,71,5,0,0,0,0,0,0,0,0.0,0.0002128517655493,0.875,0.1232299695285893,0,,multi_full_20260502_195223_0002,2026-05-02T19:54:38.936543,https://blend.com/security-and-compliance/,https://blend.com/,False,https://blend.com/security-and-compliance/,https://blend.com/,https://blend.com/security-and-compliance/,recon_page,2026-05-02T19:54:38.963650,0,0,0,0,0,0,0,0,0,0,0,0,0,0,0,0,0,0,0,0,0,0,0,0,0,0,0,0,0,0,0,0,0,0,0,0,0,0,0,0,0,0
28,1,1,0,0,0,0,0,0,9,0,com,200,2,80616,1084.37,0,0,26,1,nginx,0,html,0,0,0,1,7,1,1,1,1,1,0,0,1,4,0,0,0,0,0,0,0,0,1,7,0,0,0,0,1,18,7,9,2,1,116,110,6,0,0,1,21,1,5,1,1,14,1,0,1,0,1,1,0,1,0,0,1,1,0,0,0,0,0,0,0,0,0,0,0,0,0,0,0.0,0.0,0.0,0,0,0,0,0,0,0,0,0,0,0,0,71,5,0,0,0,0,0,0,0,0.0,0.0002232807383149,0.875,0.1364493400813734,0,,multi_full_20260502_195223_0002,2026-05-02T19:54:39.225197,https://blend.com/Solutions/,https://blend.com/,False,https://blend.com/Solutions/,https://blend.com/,https://blend.com/Solutions/,recon_page,2026-05-02T19:54:39.265771,0,0,0,0,0,0,0,0,0,0,0,0,0,0,0,0,0,0,0,0,0,0,0,0,0,0,0,0,0,0,0,0,0,0,0,0,0,0,0,0,0,0
49,1,1,1,1,0,0,0,0,9,0,com,200,2,92247,820.794,0,0,26,1,nginx,0,html,0,0,0,1,7,1,1,1,1,1,0,0,1,7,0,0,0,0,0,0,1,1,1,52,0,0,1,2,1,20,8,10,2,1,118,112,6,0,0,1,23,1,6,1,1,14,1,0,1,0,1,1,0,1,0,0,1,1,0,0,0,0,0,0,1,0,0,0,0,0,0,0,0.0,0.0,0.0,0,0,0,0,0,0,0,0,0,0,0,0,73,5,0,0,0,0,0,0,0,0.0,0.0002168092187279,0.875,0.6395871952475419,0,,multi_full_20260502_195223_0002,2026-05-02T19:54:39.456740,https://blend.com/resources/?topic=blend-momentum,https://blend.com/,False,https://blend.com/resources/?topic=blend-momentum,https://blend.com/,https://blend.com/resources/?topic=blend-momentum,recon_page,2026-05-02T19:54:39.492125,0,0,0,0,0,0,0,0,0,0,0,0,0,0,0,0,0,0,0,0,0,0,0,0,0,0,0,0,0,0,0,0,0,0,0,0,0,0,0,0,0,0
39,1,2,0,0,0,0,0,0,9,0,com,200,2,86448,376.451,0,0,26,1,nginx,0,html,0,0,0,1,7,1,1,1,1,1,0,0,1,4,0,0,0,0,0,0,0,0,1,7,0,0,0,0,1,18,7,9,2,1,118,112,6,0,0,1,23,1,6,1,1,14,1,0,1,0,1,1,0,1,0,0,1,1,0,0,0,0,0,0,0,0,0,0,0,0,0,0,0.0,0.0,0.0,0,0,0,0,0,0,0,0,0,0,0,0,72,5,0,0,0,0,0,0,0,0.0,0.0002082176568573,0.875,0.1272441236350175,0,,multi_full_20260502_195223_0002,2026-05-02T19:54:40.002432,https://blend.com/policies/disclaimers/,https://blend.com/,False,https://blend.com/policies/disclaimers/,https://blend.com/,https://blend.com/policies/disclaimers/,recon_page,2026-05-02T19:54:40.022833,0,0,0,0,0,0,0,0,0,0,0,0,0,0,0,0,0,0,0,0,0,0,0,0,0,0,0,0,0,0,0,0,0,0,0,0,0,0,0,0,0,0
53,1,1,1,1,0,0,0,0,9,0,com,200,2,92248,816.7990000000001,0,0,26,1,nginx,0,html,0,0,0,1,7,1,1,1,1,1,0,0,1,7,0,0,0,0,0,0,1,1,1,52,0,0,1,2,1,20,8,10,2,1,118,112,6,0,0,1,23,1,6,1,1,14,1,0,1,0,1,1,0,1,0,0,1,1,0,0,0,0,0,0,1,0,0,0,0,0,0,0,0.0,0.0,0.0,0,0,0,0,0,0,0,0,0,0,0,0,73,5,0,0,0,0,0,0,0,0.0,0.0002168068684415,0.875,0.639580261902697,0,,multi_full_20260502_195223_0002,2026-05-02T19:54:40.199264,https://blend.com/resources/?topic=thought-leadership,https://blend.com/,False,https://blend.com/resources/?topic=thought-leadership,https://blend.com/,https://blend.com/resources/?topic=thought-leadership,recon_page,2026-05-02T19:54:40.228328,0,0,0,0,0,0,0,0,0,0,0,0,0,0,0,0,0,0,0,0,0,0,0,0,0,0,0,0,0,0,0,0,0,0,0,0,0,0,0,0,0,0
39,1,3,0,0,0,0,0,0,9,0,com,404,4,79091,801.6659999999999,0,0,27,1,nginx,0,html,0,0,0,1,7,1,1,1,1,1,0,0,1,4,0,0,0,0,0,0,0,0,1,7,0,0,0,0,1,18,7,9,2,1,114,108,6,0,0,1,11,1,6,1,1,14,1,0,1,0,1,1,0,1,0,0,1,1,0,0,0,0,0,0,0,0,0,0,0,0,0,0,0.0,0.0,0.0,0,0,0,0,0,0,0,0,0,0,0,0,68,2,0,0,0,0,0,0,0,0.0,0.0002275859453035,0.875,0.1390802999077012,0,,multi_full_20260502_195223_0002,2026-05-02T19:54:41.580985,https://blend.com/wp-content/plugins/*/,https://blend.com/,False,https://blend.com/wp-content/plugins/*/,https://blend.com/,https://blend.com/wp-content/plugins/*/,recon_page,2026-05-02T19:54:41.596938,0,0,0,0,0,0,0,0,0,0,0,0,0,0,0,0,0,0,0,0,0,0,0,0,0,0,0,0,0,0,0,0,0,0,0,0,0,0,0,0,0,0
34,1,1,0,0,0,0,0,0,9,0,com,200,2,101162,1233.456,0,0,26,1,nginx,0,html,0,0,0,1,7,1,1,1,1,1,0,0,1,4,0,0,0,0,0,0,0,0,1,7,0,0,0,0,1,22,10,9,3,1,123,117,6,1,9,1,24,1,5,1,1,14,1,0,1,0,1,1,0,1,0,0,1,1,0,0,0,0,0,0,0,0,0,0,0,0,0,0,0.0,0.0,0.0,0,0,0,0,0,0,0,0,0,0,0,0,76,8,0,0,0,0,0,0,0,0.0,0.0002174729641565,0.875,0.1087364820782507,0,,multi_full_20260502_195223_0002,2026-05-02T19:54:41.777168,https://blend.com/rapid-home-refi/,https://blend.com/,False,https://blend.com/rapid-home-refi/,https://blend.com/,https://blend.com/rapid-home-refi/,recon_page,2026-05-02T19:54:41.788733,0,0,0,0,0,0,0,0,0,0,0,0,0,0,0,0,0,0,0,0,0,0,0,0,0,0,0,0,0,0,0,0,0,0,0,0,0,0,0,0,0,0
27,1,1,1,1,0,0,0,0,9,0,com,404,4,79091,472.87,0,0,27,1,nginx,0,html,0,0,0,1,7,1,1,1,1,1,0,0,1,4,0,0,0,0,0,0,0,0,1,7,0,0,0,0,1,18,7,9,2,1,114,108,6,0,0,1,11,1,6,1,1,14,1,0,1,0,1,1,0,1,0,0,1,1,0,0,0,0,0,0,0,0,0,0,0,0,0,0,0.0,0.0,0.0,0,0,0,0,0,0,0,0,0,0,0,0,68,2,0,0,0,0,0,0,0,0.0,0.0002275859453035,0.875,0.1390802999077012,0,,multi_full_20260502_195223_0002,2026-05-02T19:54:42.240273,https://blend.com/*\\/?(.+),https://blend.com/,False,https://blend.com/*\\/?(.+),https://blend.com/,https://blend.com/*\\/?(.+),recon_page,2026-05-02T19:54:42.249563,0,0,0,0,0,0,0,0,0,0,0,0,0,0,0,0,0,0,0,0,0,0,0,0,0,0,0,0,0,0,0,0,0,0,0,0,0,0,0,0,0,0
67,1,3,0,0,0,0,0,0,9,0,com,200,2,113600,1653.861,0,0,26,1,nginx,0,html,0,0,0,1,7,1,1,1,1,1,0,0,1,4,0,0,0,0,0,0,0,0,1,12,0,0,0,0,1,20,9,9,2,1,125,119,6,1,14,1,23,1,5,1,1,14,1,0,1,0,1,1,0,1,0,0,1,1,0,0,0,0,0,0,0,0,0,0,0,0,0,0,0.0,0.0,0.0,0,0,0,0,0,0,0,0,0,0,0,0,77,8,0,0,0,0,0,0,0,0.0,0.0001760563380281,0.875,0.1408450704225352,0,,multi_full_20260502_195223_0002,2026-05-02T19:55:00.145189,https://blend.com/products/consumer-banking-suite/deposit-accounts/,https://blend.com/,False,https://blend.com/products/consumer-banking-suite/deposit-accounts/,https://blend.com/,https://blend.com/products/consumer-banking-suite/deposit-accounts/,recon_page,2026-05-02T19:55:00.240482,0,0,0,0,0,0,0,0,0,0,0,0,0,0,0,0,0,0,0,0,0,0,0,0,0,0,0,0,0,0,0,0,0,0,0,0,0,0,0,0,0,0
65,1,3,0,0,0,0,0,0,9,0,com,200,2,108770,370.417,0,0,26,1,nginx,0,html,0,0,0,1,7,1,1,1,1,1,0,0,1,4,0,0,0,0,0,0,0,0,1,12,0,0,0,0,1,20,9,9,2,1,124,118,6,1,14,1,23,1,5,1,1,14,1,0,1,0,1,1,0,1,0,0,1,1,0,0,0,0,0,0,0,0,0,0,0,0,0,0,0.0,0.0,0.0,0,0,0,0,0,0,0,0,0,0,0,0,78,8,0,0,0,0,0,0,0,0.0,0.0001838742300266,0.875,0.1470993840213294,0,,multi_full_20260502_195223_0002,2026-05-02T19:55:00.268677,https://blend.com/products/consumer-banking-suite/consumer-loans/,https://blend.com/,False,https://blend.com/products/consumer-banking-suite/consumer-loans/,https://blend.com/,https://blend.com/products/consumer-banking-suite/consumer-loans/,recon_page,2026-05-02T19:55:00.276848,0,0,0,0,0,0,0,0,0,0,0,0,0,0,0,0,0,0,0,0,0,0,0,0,0,0,0,0,0,0,0,0,0,0,0,0,0,0,0,0,0,0
28,1,1,0,0,0,0,0,0,9,0,com,200,2,109795,251.286,0,0,26,1,nginx,0,html,0,0,0,1,7,1,1,1,1,1,0,0,1,5,0,0,0,0,0,0,0,0,1,15,0,0,1,1,1,20,8,9,3,1,130,123,7,1,21,1,24,1,5,1,1,14,1,0,1,0,1,1,0,1,0,0,1,1,0,0,0,0,0,0,0,0,0,0,0,0,0,0,0.0,0.0,0.0,0,0,0,0,0,0,0,0,0,0,0,0,83,5,0,0,0,0,0,0,0,0.0,0.0001821576574525,0.875,0.1821576574525251,0,,multi_full_20260502_195223_0002,2026-05-02T19:55:00.206186,https://blend.com/customers/,https://blend.com/,False,https://blend.com/customers/,https://blend.com/,https://blend.com/customers/,recon_page,2026-05-02T19:55:00.280793,0,0,0,0,0,0,0,0,0,0,0,0,0,0,0,0,0,0,0,0,0,0,0,0,0,0,0,0,0,0,0,0,0,0,0,0,0,0,0,0,0,0
73,1,3,0,0,0,0,0,0,9,0,com,200,2,107216,958.965,0,0,26,1,nginx,0,html,0,0,0,1,7,1,1,1,1,1,0,0,1,4,0,0,0,0,0,0,0,0,1,7,0,0,0,0,1,19,8,9,2,1,129,119,10,1,6,1,26,1,5,1,1,14,1,0,1,0,1,1,0,1,0,0,1,1,0,0,0,0,0,0,0,0,0,0,0,0,0,0,0.0,0.0,0.0,0,0,0,0,0,0,0,0,0,0,0,0,81,11,0,0,0,0,0,0,0,0.0,0.0001772123563647,0.875,0.1025966273690494,0,,multi_full_20260502_195223_0002,2026-05-02T19:55:00.415246,https://blend.com/blog/thought-leadership/5-big-bets-banks-credit-unions/,https://blend.com/,False,https://blend.com/blog/thought-leadership/5-big-bets-banks-credit-unions/,https://blend.com/,https://blend.com/blog/thought-leadership/5-big-bets-banks-credit-unions/,recon_page,2026-05-02T19:55:00.461375,0,0,0,0,0,0,0,0,0,0,0,0,0,0,0,0,0,0,0,0,0,0,0,0,0,0,0,0,0,0,0,0,0,0,0,0,0,0,0,0,0,0
42,1,2,0,0,0,0,0,0,9,0,com,200,2,113863,1146.641,0,0,26,1,nginx,0,html,0,0,0,1,7,1,1,1,1,1,0,0,1,4,0,0,0,0,0,0,0,0,1,7,0,0,0,0,1,20,9,9,2,1,135,129,6,1,12,1,23,1,5,1,1,14,1,0,1,0,1,1,0,1,0,0,1,1,0,0,0,0,0,0,0,0,0,0,0,0,0,0,0.0,0.0,0.0,0,0,0,0,0,0,0,0,0,0,0,0,79,8,0,0,0,0,0,0,0,0.0,0.0001756496842696,0.875,0.0966073263483308,0,,multi_full_20260502_195223_0002,2026-05-02T19:55:00.630038,https://blend.com/products/mortgage-suite/,https://blend.com/,False,https://blend.com/products/mortgage-suite/,https://blend.com/,https://blend.com/products/mortgage-suite/,recon_page,2026-05-02T19:55:00.685669,0,0,0,0,0,0,0,0,0,0,0,0,0,0,0,0,0,0,0,0,0,0,0,0,0,0,0,0,0,0,0,0,0,0,0,0,0,0,0,0,0,0
34,1,1,0,0,0,0,0,0,9,0,com,200,2,88853,389.919,0,0,26,1,nginx,0,html,0,0,0,1,7,1,1,1,1,1,0,0,1,4,0,0,0,0,0,0,0,0,1,7,0,0,0,0,1,19,8,9,2,1,120,114,6,1,5,1,23,1,5,1,1,14,1,0,1,0,1,1,0,1,0,0,1,1,0,0,0,0,0,0,0,0,0,0,0,0,0,0,0.0,0.0,0.0,0,0,0,0,0,0,0,0,0,0,0,0,73,5,0,0,0,0,0,0,0,0.0,0.0002138363364208,0.875,0.1237999842436383,0,,multi_full_20260502_195223_0002,2026-05-02T19:55:00.784044,https://blend.com/partner-with-us/,https://blend.com/,False,https://blend.com/partner-with-us/,https://blend.com/,https://blend.com/partner-with-us/,recon_page,2026-05-02T19:55:00.793212,0,0,0,0,0,0,0,0,0,0,0,0,0,0,0,0,0,0,0,0,0,0,0,0,0,0,0,0,0,0,0,0,0,0,0,0,0,0,0,0,0,0
55,1,3,0,0,0,0,0,0,9,0,com,200,2,110499,1273.801,0,0,26,1,nginx,0,html,0,0,0,1,7,1,1,1,1,1,0,0,1,4,0,0,0,0,0,0,0,0,1,12,0,0,0,0,1,20,9,9,2,1,126,120,6,1,12,1,23,1,5,1,1,14,1,0,1,0,1,1,0,1,0,0,1,1,0,0,0,0,0,0,0,0,0,0,0,0,0,0,0.0,0.0,0.0,0,0,0,0,0,0,0,0,0,0,0,0,79,8,0,0,0,0,0,0,0,0.0,0.000180997113096,0.875,0.1447976904768369,0,,multi_full_20260502_195223_0002,2026-05-02T19:55:00.951762,https://blend.com/products/mortgage-suite/lender-tools/,https://blend.com/,False,https://blend.com/products/mortgage-suite/lender-tools/,https://blend.com/,https://blend.com/products/mortgage-suite/lender-tools/,recon_page,2026-05-02T19:55:00.978850,0,0,0,0,0,0,0,0,0,0,0,0,0,0,0,0,0,0,0,0,0,0,0,0,0,0,0,0,0,0,0,0,0,0,0,0,0,0,0,0,0,0
40,1,2,0,0,0,0,0,0,9,0,com,200,2,119579,735.81,0,0,26,1,nginx,0,html,0,0,0,1,7,1,1,1,1,1,0,0,1,4,0,0,0,0,0,0,0,0,1,7,0,0,0,0,1,18,7,9,2,1,128,119,9,0,0,1,22,1,6,1,1,14,1,0,1,0,1,1,0,1,0,0,1,1,0,0,0,0,0,0,0,0,0,0,0,0,0,0,0.0,0.0,0.0,0,0,0,0,0,0,0,0,0,0,0,0,75,5,0,0,0,0,5,0,0,0.0,0.0001505281027605,0.875,0.0919893961314277,0,,multi_full_20260502_195223_0002,2026-05-02T19:55:01.181924,https://blend.com/policies/terms-of-use/,https://blend.com/,False,https://blend.com/policies/terms-of-use/,https://blend.com/,https://blend.com/policies/terms-of-use/,recon_page,2026-05-02T19:55:01.189601,0,0,0,0,0,0,0,0,0,0,0,0,0,0,0,0,0,0,0,0,0,0,0,0,0,0,0,0,0,0,0,0,0,0,0,0,0,0,0,0,0,0
34,1,2,0,0,0,0,0,0,9,0,com,200,2,102509,805.277,0,0,26,1,nginx,0,html,0,0,0,1,7,1,1,1,1,1,0,0,1,4,0,0,0,0,0,0,0,0,1,7,0,0,0,0,1,18,7,9,2,1,119,113,6,1,17,1,23,1,5,1,1,14,1,0,1,0,1,1,0,1,0,0,1,1,0,0,0,0,0,0,0,0,0,0,0,0,0,0,0.0,0.0,0.0,0,0,0,0,0,0,0,0,0,0,0,0,72,5,0,0,0,0,0,0,0,0.0,0.0001755943380581,0.875,0.1073076510355188,0,,multi_full_20260502_195223_0002,2026-05-02T19:55:03.486614,https://blend.com/company/careers/,https://blend.com/,False,https://blend.com/company/careers/,https://blend.com/,https://blend.com/company/careers/,recon_page,2026-05-02T19:55:03.493211,0,0,0,0,0,0,0,0,0,0,0,0,0,0,0,0,0,0,0,0,0,0,0,0,0,0,0,0,0,0,0,0,0,0,0,0,0,0,0,0,0,0
32,1,2,0,0,0,0,0,0,9,0,com,200,2,132578,1338.721,0,0,26,1,nginx,0,html,0,0,0,1,7,1,1,1,1,1,0,0,1,4,0,0,0,0,0,0,0,0,1,7,0,0,0,0,1,20,9,9,2,1,136,130,6,1,32,1,23,1,5,1,1,22,1,0,1,0,1,1,0,1,0,0,1,1,0,0,0,0,0,0,0,0,0,0,0,0,0,0,0.0,0.0,0.0,0,0,0,0,0,0,0,0,0,0,0,0,82,8,0,0,0,0,0,0,0,0.0,0.0001508545912594,0.875,0.0829700251927167,0,,multi_full_20260502_195223_0002,2026-05-02T19:55:04.867039,https://blend.com/solutions/imb/,https://blend.com/,False,https://blend.com/solutions/imb/,https://blend.com/,https://blend.com/solutions/imb/,recon_page,2026-05-02T19:55:04.876249,0,0,0,0,0,0,0,0,0,0,0,0,0,0,0,0,0,0,0,0,0,0,0,0,0,0,0,0,0,0,0,0,0,0,0,0,0,0,0,0,0,0
56,1,3,0,0,0,0,0,0,9,0,com,200,2,107203,1067.129,0,0,26,1,nginx,0,html,0,0,0,1,7,1,1,1,1,1,0,0,1,4,0,0,0,0,0,0,0,0,1,10,0,0,0,0,1,20,9,9,2,1,126,120,6,1,10,1,23,1,5,1,1,14,1,0,1,0,1,1,0,1,0,0,1,1,0,0,0,0,0,0,0,0,0,0,0,0,0,0,0.0,0.0,0.0,0,0,0,0,0,0,0,0,0,0,0,0,80,8,0,0,0,0,0,0,0,0.0,0.0001865619432292,0.875,0.1305933602604404,0,,multi_full_20260502_195223_0002,2026-05-02T19:55:05.166006,https://blend.com/products/mortgage-suite/verifications/,https://blend.com/,False,https://blend.com/products/mortgage-suite/verifications/,https://blend.com/,https://blend.com/products/mortgage-suite/verifications/,recon_page,2026-05-02T19:55:05.191952,0,0,0,0,0,0,0,0,0,0,0,0,0,0,0,0,0,0,0,0,0,0,0,0,0,0,0,0,0,0,0,0,0,0,0,0,0,0,0,0,0,0
67,1,3,0,0,0,0,0,0,9,0,com,200,2,115274,1569.293,0,0,26,1,nginx,0,html,0,0,0,1,7,1,1,1,1,1,0,0,1,4,0,0,0,0,0,0,0,0,1,7,0,0,0,0,1,22,10,9,3,1,124,118,6,1,18,1,23,1,5,1,1,14,1,0,1,0,1,1,0,1,0,0,1,1,0,0,0,0,0,0,0,0,0,0,0,0,0,0,0.0,0.0,0.0,0,0,0,0,0,0,0,0,0,0,0,0,75,7,0,0,0,0,0,0,0,0.0,0.0001908496278432,0.875,0.0954248139216128,0,,multi_full_20260502_195223_0002,2026-05-02T19:55:05.235162,https://blend.com/platform/intelligent-origination/blend-autopilot/,https://blend.com/,False,https://blend.com/platform/intelligent-origination/blend-autopilot/,https://blend.com/,https://blend.com/platform/intelligent-origination/blend-autopilot/,recon_page,2026-05-02T19:55:05.279553,0,0,0,0,0,0,0,0,0,0,0,0,0,0,0,0,0,0,0,0,0,0,0,0,0,0,0,0,0,0,0,0,0,0,0,0,0,0,0,0,0,0
25,1,1,0,0,0,0,0,0,9,0,com,200,2,98635,1284.458,0,0,26,1,nginx,0,html,0,0,0,1,7,1,1,1,1,1,0,0,1,5,0,0,0,0,0,0,0,0,1,7,0,0,1,1,1,20,8,10,2,1,131,124,7,1,10,1,23,1,6,1,1,14,1,0,1,0,1,1,0,1,0,0,1,1,0,0,0,0,0,0,0,0,0,0,0,0,0,0,0.0,0.0,0.0,0,0,0,0,0,0,0,0,0,0,0,0,84,11,0,0,0,0,0,0,0,0.0,0.0002027677801997,0.875,0.1216606681198357,0,,multi_full_20260502_195223_0002,2026-05-02T19:55:18.590778,https://blend.com/events/,https://blend.com/,False,https://blend.com/events/,https://blend.com/,https://blend.com/events/,recon_page,2026-05-02T19:55:18.624287,0,0,0,0,0,0,0,0,0,0,0,0,0,0,0,0,0,0,0,0,0,0,0,0,0,0,0,0,0,0,0,0,0,0,0,0,0,0,0,0,0,0
42,1,2,0,0,0,0,0,0,9,0,com,200,2,111623,744.447,0,0,26,1,nginx,0,html,0,0,0,1,7,1,1,1,1,1,0,0,1,4,0,0,0,0,0,0,0,0,1,7,0,0,0,0,1,18,7,9,2,1,135,120,15,0,0,1,22,1,7,1,1,14,1,0,1,0,1,1,0,1,0,0,1,1,0,0,0,0,0,0,0,0,0,0,0,0,0,0,0.0,0.0,0.0,0,0,0,0,0,0,0,0,0,0,0,0,83,11,0,0,0,0,1,0,0,0.0,0.0001612570885928,0.875,0.0985459985845211,0,,multi_full_20260502_195223_0002,2026-05-02T19:55:21.896646,https://blend.com/policies/privacy-policy/,https://blend.com/,False,https://blend.com/policies/privacy-policy/,https://blend.com/,https://blend.com/policies/privacy-policy/,recon_page,2026-05-02T19:55:22.096516,0,0,0,0,0,0,0,0,0,0,0,0,0,0,0,0,0,0,0,0,0,0,0,0,0,0,0,0,0,0,0,0,0,0,0,0,0,0,0,0,0,0
20,1,1,0,0,0,0,0,0,9,0,com,404,4,79089,776.654,0,0,27,1,nginx,0,html,0,0,0,1,7,1,1,1,1,1,0,0,1,4,0,0,0,0,0,0,0,0,1,7,0,0,0,0,1,18,7,9,2,1,114,108,6,0,0,1,11,1,6,1,1,14,1,0,1,0,1,1,0,1,0,0,1,1,0,0,0,0,0,0,0,0,0,0,0,0,0,0,0.0,0.0,0.0,0,0,0,0,0,0,0,0,0,0,0,0,68,2,0,0,0,0,0,0,0,0.0,0.0002275917004893,0.875,0.1390838169656968,0,,multi_full_20260502_195223_0002,2026-05-02T19:55:21.908036,https://blend.com/*/,https://blend.com/,False,https://blend.com/*/,https://blend.com/,https://blend.com/*/,recon_page,2026-05-02T19:55:22.350069,0,0,0,0,0,0,0,0,0,0,0,0,0,0,0,0,0,0,0,0,0,0,0,0,0,0,0,0,0,0,0,0,0,0,0,0,0,0,0,0,0,0
36,1,2,0,0,0,0,0,0,9,0,com,200,2,111180,317.839,0,0,26,1,nginx,0,html,0,0,0,1,7,1,1,1,1,1,0,0,1,4,0,0,0,0,0,0,0,0,1,7,0,0,0,0,1,19,8,9,2,1,127,120,7,1,6,1,23,1,5,1,1,14,1,0,1,0,1,1,0,1,0,0,1,1,0,0,0,0,0,0,0,0,0,0,0,0,0,0,0.0,0.0,0.0,0,0,0,0,0,0,0,0,0,0,0,0,80,8,0,0,0,0,0,0,0,0.0,0.0001708940456916,0.875,0.0989386580320201,0,,multi_full_20260502_195223_0002,2026-05-02T19:55:22.311969,https://blend.com/customers/keybank/,https://blend.com/,False,https://blend.com/customers/keybank/,https://blend.com/,https://blend.com/customers/keybank/,recon_page,2026-05-02T19:55:22.406236,0,0,0,0,0,0,0,0,0,0,0,0,0,0,0,0,0,0,0,0,0,0,0,0,0,0,0,0,0,0,0,0,0,0,0,0,0,0,0,0,0,0
32,1,2,0,0,0,0,0,0,9,0,com,200,2,104704,1201.996,0,0,26,1,nginx,0,html,0,0,0,1,7,1,1,1,1,1,0,0,1,4,0,0,0,0,0,0,0,0,1,7,0,0,0,0,1,21,9,9,3,1,129,123,6,1,14,1,24,1,5,1,1,14,1,0,1,0,1,1,0,1,0,0,1,1,0,0,0,0,0,0,0,0,0,0,0,0,0,0,0.0,0.0,0.0,0,0,0,0,0,0,0,0,0,0,0,0,80,5,0,0,0,0,0,0,0,0.0,0.0002005654034229,0.875,0.1050580684596577,0,,multi_full_20260502_195223_0002,2026-05-02T19:55:22.084680,https://blend.com/company/about/,https://blend.com/,False,https://blend.com/company/about/,https://blend.com/,https://blend.com/company/about/,recon_page,2026-05-02T19:55:22.417618,0,0,0,0,0,0,0,0,0,0,0,0,0,0,0,0,0,0,0,0,0,0,0,0,0,0,0,0,0,0,0,0,0,0,0,0,0,0,0,0,0,0
107,1,3,0,0,0,0,0,0,9,0,com,200,2,95373,229.373,0,0,26,1,nginx,0,html,0,0,0,1,7,1,1,1,1,1,0,0,1,4,0,0,0,0,0,0,0,0,1,7,0,0,0,0,1,19,7,9,3,1,120,113,7,1,1,1,23,1,5,1,1,16,1,0,1,0,1,1,0,1,0,0,1,1,0,0,0,0,0,0,0,0,0,0,0,0,0,0,0.0,0.0,0.0,0,0,0,0,0,0,0,0,0,0,0,0,74,5,0,0,0,0,2,0,0,0.0,0.000199217807975,0.875,0.1153366256697388,0,,multi_full_20260502_195223_0002,2026-05-02T19:55:22.336764,https://blend.com/company/newsroom/blend-launches-autopilot-completing-loan-origination-reviews-in-seconds/,https://blend.com/,False,https://blend.com/company/newsroom/blend-launches-autopilot-completing-loan-origination-reviews-in-seconds/,https://blend.com/,https://blend.com/company/newsroom/blend-launches-autopilot-completing-loan-origination-reviews-in-seconds/,recon_page,2026-05-02T19:55:22.421711,0,0,0,0,0,0,0,0,0,0,0,0,0,0,0,0,0,0,0,0,0,0,0,0,0,0,0,0,0,0,0,0,0,0,0,0,0,0,0,0,0,0
31,1,1,0,0,0,0,0,0,9,0,com,200,2,93660,644.079,0,0,26,1,nginx,0,html,0,0,0,1,7,1,1,1,1,1,0,0,1,7,0,0,0,0,0,0,0,0,1,7,0,0,1,2,1,19,8,9,2,1,117,111,6,1,13,1,23,1,5,1,1,14,1,0,1,0,1,1,0,1,0,0,1,1,0,0,0,0,0,0,0,0,0,0,0,0,0,0,0.0,0.0,0.0,0,0,0,0,0,0,0,0,0,0,0,0,71,5,0,0,0,0,0,0,0,0.0,0.0002028614136237,0.875,0.1494768310911808,0,,multi_full_20260502_195223_0002,2026-05-02T19:55:22.365138,https://blend.com/integrations/,https://blend.com/,False,https://blend.com/integrations/,https://blend.com/,https://blend.com/integrations/,recon_page,2026-05-02T19:55:22.424765,0,0,0,0,0,0,0,0,0,0,0,0,0,0,0,0,0,0,0,0,0,0,0,0,0,0,0,0,0,0,0,0,0,0,0,0,0,0,0,0,0,0
47,1,2,0,0,0,0,0,0,9,0,com,200,2,107763,732.904,0,0,26,1,nginx,0,html,0,0,0,1,7,1,1,1,1,1,0,0,1,4,0,0,0,0,0,0,0,0,1,7,0,0,0,0,1,19,8,9,2,1,124,118,6,1,6,1,23,1,5,1,1,14,1,0,1,0,1,1,0,1,0,0,1,1,0,0,0,0,0,0,0,0,0,0,0,0,0,0,0.0,0.0,0.0,0,0,0,0,0,0,0,0,0,0,0,0,78,8,0,0,0,0,0,0,0,0.0,0.0001763128346463,0.875,0.1020758516373894,0,,multi_full_20260502_195223_0002,2026-05-02T19:55:22.327890,https://blend.com/customers/elements-financial/,https://blend.com/,False,https://blend.com/customers/elements-financial/,https://blend.com/,https://blend.com/customers/elements-financial/,recon_page,2026-05-02T19:55:22.428201,0,0,0,0,0,0,0,0,0,0,0,0,0,0,0,0,0,0,0,0,0,0,0,0,0,0,0,0,0,0,0,0,0,0,0,0,0,0,0,0,0,0
44,1,4,0,0,0,0,0,0,9,0,com,404,4,79091,483.08,0,0,27,1,nginx,0,html,0,0,0,1,7,1,1,1,1,1,0,0,1,4,0,0,0,0,0,0,0,0,1,7,0,0,0,0,1,18,7,9,2,1,114,108,6,0,0,1,11,1,6,1,1,14,1,0,1,0,1,1,0,1,0,0,1,1,0,0,0,0,0,0,0,0,0,0,0,0,0,0,0.0,0.0,0.0,0,0,0,0,0,0,0,0,0,0,0,0,68,2,0,0,0,0,0,0,0,0.0,0.0002275859453035,0.875,0.1390802999077012,0,,multi_full_20260502_195223_0002,2026-05-02T19:55:23.994424,https://blend.com/wp-content/themes/blend/*/,https://blend.com/,False,https://blend.com/wp-content/themes/blend/*/,https://blend.com/,https://blend.com/wp-content/themes/blend/*/,recon_page,2026-05-02T19:55:24.001879,0,0,0,0,0,0,0,0,0,0,0,0,0,0,0,0,0,0,0,0,0,0,0,0,0,0,0,0,0,0,0,0,0,0,0,0,0,0,0,0,0,0
86,1,5,1,1,0,0,0,0,9,0,com,404,4,79090,647.128,0,0,27,1,nginx,0,html,0,0,0,1,7,1,1,1,1,1,0,0,1,4,0,0,0,0,0,0,0,0,1,7,0,0,0,0,1,18,7,9,2,1,114,108,6,0,0,1,11,1,6,1,1,14,1,0,1,0,1,1,0,1,0,0,1,1,0,0,0,0,0,0,1,0,0,0,0,0,0,0,0.0,0.0,0.0,0,0,0,0,0,0,0,0,0,0,0,0,68,2,0,0,0,0,0,0,0,0.0,0.00022758882286,0.875,0.1390820584144645,0,,multi_full_20260502_195223_0002,2026-05-02T19:55:24.209777,https://blend.com/wp-content/uploads/complianz/css/banner-{banner_id}-{type}.css?v=144,https://blend.com/,False,https://blend.com/wp-content/uploads/complianz/css/banner-{banner_id}-{type}.css?v=144,https://blend.com/,https://blend.com/wp-content/uploads/complianz/css/banner-{banner_id}-{type}.css?v=144,recon_page,2026-05-02T19:55:24.224683,0,0,0,0,0,0,0,0,0,0,0,0,0,0,0,0,0,0,0,0,0,0,0,0,0,0,0,0,0,0,0,0,0,0,0,0,0,0,0,0,0,0
28,1,1,0,0,0,0,0,0,9,0,com,200,2,92629,708.999,0,0,26,1,nginx,0,html,0,0,0,1,7,1,1,1,1,1,0,0,1,7,0,0,0,0,0,0,1,1,1,52,0,0,1,2,1,20,8,10,2,1,118,112,6,0,0,1,23,1,6,1,1,14,1,0,1,0,1,1,0,1,0,0,1,1,0,0,0,0,0,0,0,0,0,0,0,0,0,0,0.0,0.0,0.0,0,0,0,0,0,0,0,0,0,0,0,0,73,5,0,0,0,0,0,0,0,0.0,0.0002159151021818,0.875,0.6369495514363752,0,,multi_full_20260502_195223_0002,2026-05-02T19:55:24.427563,https://blend.com/resources/,https://blend.com/,False,https://blend.com/resources/,https://blend.com/,https://blend.com/resources/,recon_page,2026-05-02T19:55:24.437291,0,0,0,0,0,0,0,0,0,0,0,0,0,0,0,0,0,0,0,0,0,0,0,0,0,0,0,0,0,0,0,0,0,0,0,0,0,0,0,0,0,0
31,1,2,0,0,0,0,0,0,9,0,com,404,4,79090,556.2139999999999,0,0,27,1,nginx,0,html,0,0,0,1,7,1,1,1,1,1,0,0,1,4,0,0,0,0,0,0,0,0,1,7,0,0,0,0,1,18,7,9,2,1,114,108,6,0,0,1,11,1,6,1,1,14,1,0,1,0,1,1,0,1,0,0,1,1,0,0,0,0,0,0,0,0,0,0,0,0,0,0,0.0,0.0,0.0,0,0,0,0,0,0,0,0,0,0,0,0,68,2,0,0,0,0,0,0,0,0.0,0.00022758882286,0.875,0.1390820584144645,0,,multi_full_20260502_195223_0002,2026-05-02T19:55:24.807769,https://blend.com/wp-content/*/,https://blend.com/,False,https://blend.com/wp-content/*/,https://blend.com/,https://blend.com/wp-content/*/,recon_page,2026-05-02T19:55:24.818879,0,0,0,0,0,0,0,0,0,0,0,0,0,0,0,0,0,0,0,0,0,0,0,0,0,0,0,0,0,0,0,0,0,0,0,0,0,0,0,0,0,0
29,1,2,0,0,0,0,0,0,9,0,com,404,4,79472,634.6389999999999,0,0,27,1,nginx,0,html,0,0,0,1,7,1,1,1,1,1,0,0,1,4,0,0,0,0,0,0,0,0,1,7,0,0,0,0,1,18,7,9,2,1,114,108,6,0,0,1,11,1,6,1,1,14,1,0,1,0,1,1,0,1,0,0,1,1,0,0,0,0,0,0,0,0,0,0,0,0,0,0,0.0,0.0,0.0,0,0,0,0,0,0,0,0,0,0,0,0,68,2,0,0,0,0,0,0,0,0.0,0.0002264948661163,0.875,0.138413529293336,0,,multi_full_20260502_195223_0002,2026-05-02T19:55:34.259660,https://blend.com/wp-admin/*/,https://blend.com/,False,https://blend.com/wp-admin/*/,https://blend.com/,https://blend.com/wp-admin/*/,recon_page,2026-05-02T19:55:34.271460,0,0,0,0,0,0,0,0,0,0,0,0,0,0,0,0,0,0,0,0,0,0,0,0,0,0,0,0,0,0,0,0,0,0,0,0,0,0,0,0,0,0
44,1,2,0,0,0,0,0,0,9,0,com,200,2,110932,271.142,0,0,26,1,nginx,0,html,0,0,0,1,7,1,1,1,1,1,0,0,1,4,0,0,0,0,0,0,0,0,1,7,0,0,0,0,1,19,8,9,2,1,127,121,6,1,7,1,23,1,5,1,1,14,1,0,1,0,1,1,0,1,0,0,1,1,0,0,0,0,0,0,0,0,0,0,0,0,0,0,0.0,0.0,0.0,0,0,0,0,0,0,0,0,0,0,0,0,79,8,0,0,0,0,0,0,0,0.0,0.0001712760970684,0.875,0.099159845671222,0,,multi_full_20260502_195223_0002,2026-05-02T19:55:40.454235,https://blend.com/customers/bmo-harris-bank/,https://blend.com/,False,https://blend.com/customers/bmo-harris-bank/,https://blend.com/,https://blend.com/customers/bmo-harris-bank/,recon_page,2026-05-02T19:55:40.487976,0,0,0,0,0,0,0,0,0,0,0,0,0,0,0,0,0,0,0,0,0,0,0,0,0,0,0,0,0,0,0,0,0,0,0,0,0,0,0,0,0,0
39,1,1,0,0,0,0,0,0,9,0,com,200,2,85417,238.532,0,0,26,1,nginx,0,html,0,0,0,1,7,1,1,1,1,1,0,0,1,4,0,0,0,0,0,0,0,0,1,7,0,0,0,0,1,20,8,10,2,1,117,111,6,1,8,1,23,1,5,1,1,14,1,0,1,0,1,1,0,1,0,0,1,1,0,0,0,0,0,0,0,0,0,0,0,0,0,0,0.0,0.0,0.0,0,0,0,0,0,0,0,0,0,0,0,0,73,5,0,0,0,0,0,0,0,0.0,0.0002341454277251,0.875,0.128779985248838,0,,multi_full_20260502_195223_0002,2026-05-02T19:55:40.574381,https://blend.com/request-walk-through/,https://blend.com/,False,https://blend.com/request-walk-through/,https://blend.com/,https://blend.com/request-walk-through/,recon_page,2026-05-02T19:55:40.591774,0,0,0,0,0,0,0,0,0,0,0,0,0,0,0,0,0,0,0,0,0,0,0,0,0,0,0,0,0,0,0,0,0,0,0,0,0,0,0,0,0,0
26,1,1,0,0,0,0,0,0,9,0,com,404,4,79090,730.38,0,0,27,1,nginx,0,html,0,0,0,1,7,1,1,1,1,1,0,0,1,4,0,0,0,0,0,0,0,0,1,7,0,0,0,0,1,18,7,9,2,1,114,108,6,0,0,1,11,1,6,1,1,14,1,0,1,0,1,1,0,1,0,0,1,1,0,0,0,0,0,0,0,0,0,0,0,0,0,0,0.0,0.0,0.0,0,0,0,0,0,0,0,0,0,0,0,0,68,2,0,0,0,0,0,0,0,0.0,0.00022758882286,0.875,0.1390820584144645,0,,multi_full_20260502_195223_0002,2026-05-02T19:55:41.578655,https://blend.com/wp-*.php,https://blend.com/,False,https://blend.com/wp-*.php,https://blend.com/,https://blend.com/wp-*.php,recon_page,2026-05-02T19:55:41.616400,0,0,0,0,0,0,0,0,0,0,0,0,0,0,0,0,0,0,0,0,0,0,0,0,0,0,0,0,0,0,0,0,0,0,0,0,0,0,0,0,0,0
35,1,1,1,1,0,0,0,0,9,0,com,200,2,85417,233.306,0,0,26,1,nginx,0,html,0,0,0,1,7,1,1,1,1,1,0,0,1,4,0,0,0,0,0,0,0,0,1,7,0,0,0,0,1,20,8,10,2,1,117,111,6,1,8,1,23,1,5,1,1,14,1,0,1,0,1,1,0,1,0,0,1,1,0,0,0,0,0,0,0,0,0,0,0,0,0,0,0.0,0.0,0.0,0,0,0,0,0,0,0,0,0,0,0,0,73,5,0,0,0,0,0,0,0,0.0,0.0002341454277251,0.875,0.128779985248838,0,,multi_full_20260502_195223_0002,2026-05-02T19:55:41.916859,https://blend.com/request-demo/?nav,https://blend.com/,False,https://blend.com/request-demo/?nav,https://blend.com/,https://blend.com/request-demo/?nav,recon_page,2026-05-02T19:55:41.952468,0,0,0,0,0,0,0,0,0,0,0,0,0,0,0,0,0,0,0,0,0,0,0,0,0,0,0,0,0,0,0,0,0,0,0,0,0,0,0,0,0,0
57,1,2,0,0,0,0,0,0,9,0,com,200,2,110568,908.776,0,0,26,1,nginx,0,html,0,0,0,1,7,1,1,1,1,1,0,0,1,4,0,0,0,0,0,0,0,0,1,7,0,0,0,0,1,19,8,9,2,1,125,119,6,1,6,1,23,1,5,1,1,14,1,0,1,0,1,1,0,1,0,0,1,1,0,0,0,0,0,0,0,0,0,0,0,0,0,0,0.0,0.0,0.0,0,0,0,0,0,0,0,0,0,0,0,0,78,8,0,0,0,0,0,0,0,0.0,0.0001718399536936,0.875,0.0994862889805368,0,,multi_full_20260502_195223_0002,2026-05-02T19:55:42.106708,https://blend.com/customers/langley-federal-credit-union/,https://blend.com/,False,https://blend.com/customers/langley-federal-credit-union/,https://blend.com/,https://blend.com/customers/langley-federal-credit-union/,recon_page,2026-05-02T19:55:42.137903,0,0,0,0,0,0,0,0,0,0,0,0,0,0,0,0,0,0,0,0,0,0,0,0,0,0,0,0,0,0,0,0,0,0,0,0,0,0,0,0,0,0
50,1,2,0,0,0,0,0,0,9,0,com,200,2,110128,270.383,0,0,26,1,nginx,0,html,0,0,0,1,7,1,1,1,1,1,0,0,1,4,0,0,0,0,0,0,0,0,1,7,0,0,0,0,1,20,9,9,2,1,133,127,6,1,8,1,23,1,5,1,1,14,1,0,1,0,1,1,0,1,0,0,1,1,0,0,0,0,0,0,0,0,0,0,0,0,0,0,0.0,0.0,0.0,0,0,0,0,0,0,0,0,0,0,0,0,82,8,0,0,0,0,0,0,0,0.0,0.0001816068574749,0.875,0.099883771611216,0,,multi_full_20260502_195223_0002,2026-05-02T19:55:42.322219,https://blend.com/products/consumer-banking-suite/,https://blend.com/,False,https://blend.com/products/consumer-banking-suite/,https://blend.com/,https://blend.com/products/consumer-banking-suite/,recon_page,2026-05-02T19:55:42.371112,0,0,0,0,0,0,0,0,0,0,0,0,0,0,0,0,0,0,0,0,0,0,0,0,0,0,0,0,0,0,0,0,0,0,0,0,0,0,0,0,0,0
36,1,1,0,0,0,0,0,0,9,0,com,200,2,101015,151.308,0,0,26,1,nginx,0,html,0,0,0,1,7,1,1,1,1,1,0,0,1,4,0,0,0,0,0,0,0,0,1,7,0,0,0,0,1,22,10,9,3,1,123,117,6,1,8,1,24,1,5,1,1,14,1,0,1,0,1,1,0,1,0,0,1,1,0,0,0,0,0,0,0,0,0,0,0,0,0,0,0.0,0.0,0.0,0,0,0,0,0,0,0,0,0,0,0,0,76,8,0,0,0,0,0,0,0,0.0,0.0002177894372122,0.875,0.1088947186061476,0,,multi_full_20260502_195223_0002,2026-05-02T19:55:42.736189,https://blend.com/rapid-home-equity/,https://blend.com/,False,https://blend.com/rapid-home-equity/,https://blend.com/,https://blend.com/rapid-home-equity/,recon_page,2026-05-02T19:55:42.794051,0,0,0,0,0,0,0,0,0,0,0,0,0,0,0,0,0,0,0,0,0,0,0,0,0,0,0,0,0,0,0,0,0,0,0,0,0,0,0,0,0,0
62,1,3,0,0,0,0,0,0,9,0,com,200,2,101015,1002.095,0,0,26,1,nginx,0,html,0,0,0,1,7,1,1,1,1,1,0,0,1,4,0,0,0,0,0,0,0,0,1,7,0,0,0,0,1,22,10,9,3,1,123,117,6,1,8,1,24,1,5,1,1,14,1,0,1,0,1,1,0,1,0,0,1,1,0,0,0,0,0,0,0,0,0,0,0,0,0,0,0.0,0.0,0.0,0,0,0,0,0,0,0,0,0,0,0,0,76,8,0,0,0,0,0,0,0,0.0,0.0002177894372122,0.875,0.1088947186061476,0,,multi_full_20260502_195223_0002,2026-05-02T19:55:42.790303,https://blend.com/products/consumer-banking-suite/home-equity/,https://blend.com/,False,https://blend.com/products/consumer-banking-suite/home-equity/,https://blend.com/,https://blend.com/products/consumer-banking-suite/home-equity/,recon_page,2026-05-02T19:55:42.802881,0,0,0,0,0,0,0,0,0,0,0,0,0,0,0,0,0,0,0,0,0,0,0,0,0,0,0,0,0,0,0,0,0,0,0,0,0,0,0,0,0,0
55,1,3,0,0,0,0,0,0,9,0,com,200,2,108219,1137.287,0,0,26,1,nginx,0,html,0,0,0,1,7,1,1,1,1,1,0,0,1,4,0,0,0,0,0,0,0,0,1,11,0,0,0,0,1,20,9,9,2,1,126,120,6,1,11,1,23,1,5,1,1,14,1,0,1,0,1,1,0,1,0,0,1,1,0,0,0,0,0,0,0,0,0,0,0,0,0,0,0.0,0.0,0.0,0,0,0,0,0,0,0,0,0,0,0,0,80,8,0,0,0,0,0,0,0,0.0,0.0001848104307007,0.875,0.1386078230255315,0,,multi_full_20260502_195223_0002,2026-05-02T19:55:43.600173,https://blend.com/products/mortgage-suite/originations/,https://blend.com/,False,https://blend.com/products/mortgage-suite/originations/,https://blend.com/,https://blend.com/products/mortgage-suite/originations/,recon_page,2026-05-02T19:55:43.643824,0,0,0,0,0,0,0,0,0,0,0,0,0,0,0,0,0,0,0,0,0,0,0,0,0,0,0,0,0,0,0,0,0,0,0,0,0,0,0,0,0,0
41,1,2,0,0,0,0,0,0,9,0,com,200,2,137476,523.1170000000001,0,0,26,1,nginx,0,html,0,0,0,1,7,1,1,1,1,1,0,0,1,4,0,0,0,0,0,0,0,0,1,7,0,0,0,0,1,20,9,9,2,1,137,131,6,1,37,1,23,1,5,1,1,22,1,0,1,0,1,1,0,1,0,0,1,1,0,0,0,0,0,0,0,0,0,0,0,0,0,0,0.0,0.0,0.0,0,0,0,0,0,0,0,0,0,0,0,0,83,8,0,0,0,0,0,0,0,0.0,0.0001454799383165,0.875,0.0800139660740783,0,,multi_full_20260502_195223_0002,2026-05-02T19:55:43.670320,https://blend.com/solutions/credit-union/,https://blend.com/,False,https://blend.com/solutions/credit-union/,https://blend.com/,https://blend.com/solutions/credit-union/,recon_page,2026-05-02T19:55:43.679746,0,0,0,0,0,0,0,0,0,0,0,0,0,0,0,0,0,0,0,0,0,0,0,0,0,0,0,0,0,0,0,0,0,0,0,0,0,0,0,0,0,0
47,1,2,0,0,0,0,0,0,9,0,com,200,2,132436,275.516,0,0,26,1,nginx,0,html,0,0,0,1,7,1,1,1,1,1,0,0,1,4,0,0,0,0,0,0,0,0,1,7,0,0,0,0,1,20,9,9,2,1,132,126,6,1,34,1,23,1,5,1,1,22,1,0,1,0,1,1,0,1,0,0,1,1,0,0,0,0,0,0,0,0,0,0,0,0,0,0,0.0,0.0,0.0,0,0,0,0,0,0,0,0,0,0,0,0,80,8,0,0,0,0,0,0,0,0.0,0.0001510163399679,0.875,0.0830589869823914,0,,multi_full_20260502_195223_0002,2026-05-02T19:55:44.241589,https://blend.com/solutions/mortgage-servicers/,https://blend.com/,False,https://blend.com/solutions/mortgage-servicers/,https://blend.com/,https://blend.com/solutions/mortgage-servicers/,recon_page,2026-05-02T19:55:44.254331,0,0,0,0,0,0,0,0,0,0,0,0,0,0,0,0,0,0,0,0,0,0,0,0,0,0,0,0,0,0,0,0,0,0,0,0,0,0,0,0,0,0
34,1,2,0,0,0,0,0,0,9,0,com,200,2,137512,279.959,0,0,26,1,nginx,0,html,0,0,0,1,7,1,1,1,1,1,0,0,1,4,0,0,0,0,0,0,0,0,1,7,0,0,0,0,1,20,9,9,2,1,135,129,6,1,39,1,23,1,5,1,1,22,1,0,1,0,1,1,0,1,0,0,1,1,0,0,0,0,0,0,0,0,0,0,0,0,0,0,0.0,0.0,0.0,0,0,0,0,0,0,0,0,0,0,0,0,80,8,0,0,0,0,0,0,0,0.0,0.0001454418523474,0.875,0.0799930187910873,0,,multi_full_20260502_195223_0002,2026-05-02T19:55:58.756636,https://blend.com/solutions/banks/,https://blend.com/,False,https://blend.com/solutions/banks/,https://blend.com/,https://blend.com/solutions/banks/,recon_page,2026-05-02T19:55:58.808848,0,0,0,0,0,0,0,0,0,0,0,0,0,0,0,0,0,0,0,0,0,0,0,0,0,0,0,0,0,0,0,0,0,0,0,0,0,0,0,0,0,0
32,1,1,1,1,0,0,0,0,9,0,com,403,4,548,237.75,0,0,17,1,nginx,0,html,0,0,0,0,1,0,1,0,0,0,0,0,0,0,0,0,0,0,0,0,0,0,0,0,0,0,0,0,0,0,0,0,0,0,0,0,0,0,0,0,0,0,0,0,1,6,1,0,1,0,0,0,0,0,0,0,0,1,0,0,0,0,0,0,0,0,0,0,0,0,0,0,0.0,0.0,0.0,0,0,0,0,0,0,0,0,0,0,0,0,0,0,0,0,0,0,0,0,0,0.0,0.0,0.125,0.0,0,,multi_full_20260502_195223_0002,2026-05-02T19:56:05.730770,https://blend.com/xmlrpc.php?rsd,https://blend.com/,False,https://blend.com/xmlrpc.php?rsd,https://blend.com/,https://blend.com/xmlrpc.php?rsd,recon_page,2026-05-02T19:56:05.793893,0,0,0,0,0,0,0,0,0,0,0,0,0,0,0,0,0,0,0,0,0,0,0,0,0,0,0,0,0,0,0,0,0,0,0,0,0,0,0,0,0,0
69,1,3,0,0,0,0,0,0,9,0,com,200,2,103246,897.608,0,0,26,1,nginx,0,html,0,0,0,1,7,1,1,1,1,1,0,0,1,4,0,0,0,0,0,0,0,0,1,7,0,0,0,0,1,19,8,9,2,1,129,120,9,1,6,1,26,1,5,1,1,14,1,0,1,0,1,1,0,1,0,0,1,1,0,0,0,0,0,0,0,0,0,0,0,0,0,0,0.0,0.0,0.0,0,0,0,0,0,0,0,0,0,0,0,0,80,11,0,0,0,0,0,0,0,0.0,0.0001840264998159,0.875,0.1065416577881951,0,,multi_full_20260502_195223_0002,2026-05-02T19:56:05.859815,https://blend.com/blog/blend-momentum/introducing-rapid-home-lending/,https://blend.com/,False,https://blend.com/blog/blend-momentum/introducing-rapid-home-lending/,https://blend.com/,https://blend.com/blog/blend-momentum/introducing-rapid-home-lending/,recon_page,2026-05-02T19:56:05.873753,0,0,0,0,0,0,0,0,0,0,0,0,0,0,0,0,0,0,0,0,0,0,0,0,0,0,0,0,0,0,0,0,0,0,0,0,0,0,0,0,0,0
41,1,2,0,0,0,0,0,0,9,0,com,400,4,1,466.729,0,0,19,1,nginx,0,html,0,0,0,1,2,0,1,0,0,0,0,0,0,0,0,0,0,0,0,0,0,0,0,0,0,0,0,0,0,0,0,0,0,0,0,0,0,0,0,0,0,0,0,0,0,0,0,0,1,0,0,0,0,0,0,0,0,0,0,0,0,0,0,0,0,0,0,0,0,0,0,0,0.0,0.0,0.0,0,0,0,0,0,0,0,0,0,0,0,0,0,0,0,0,0,0,0,0,0,0.0,0.0,0.25,0.0,0,,multi_full_20260502_195223_0002,2026-05-02T19:56:05.936931,https://blend.com/wp-admin/admin-ajax.php,https://blend.com/,False,https://blend.com/wp-admin/admin-ajax.php,https://blend.com/,https://blend.com/wp-admin/admin-ajax.php,recon_page,2026-05-02T19:56:05.947343,0,0,0,0,0,0,0,0,0,0,0,0,0,0,0,0,0,0,0,0,0,0,0,0,0,0,0,0,0,0,0,0,0,0,0,0,0,0,0,0,0,0
26,1,0,1,1,0,0,0,0,9,0,com,200,2,95039,116.968,0,0,26,1,nginx,0,html,0,0,0,1,7,1,1,1,1,1,0,0,1,4,0,0,0,0,0,0,0,0,1,7,0,0,0,0,1,18,7,9,2,1,119,112,7,1,1,1,23,1,5,1,1,14,1,0,1,0,1,1,0,1,0,0,1,1,0,0,0,0,0,0,1,0,0,0,0,0,0,0,0.0,0.0,0.0,0,0,0,0,0,0,0,0,0,0,0,0,73,5,0,0,0,0,0,0,0,0.0,0.0001893959321962,0.875,0.1157419585643788,0,,multi_full_20260502_195223_0002,2026-05-02T19:56:06.675879,https://blend.com/?p=38688,https://blend.com/,False,https://blend.com/?p=38688,https://blend.com/,https://blend.com/?p=38688,recon_page,2026-05-02T19:56:06.711420,0,0,0,0,0,0,0,0,0,0,0,0,0,0,0,0,0,0,0,0,0,0,0,0,0,0,0,0,0,0,0,0,0,0,0,0,0,0,0,0,0,0
35,1,2,0,0,0,0,0,0,9,0,com,200,2,93071,350.194,0,0,26,1,nginx,0,html,0,0,0,1,7,1,1,1,1,1,0,0,1,5,0,0,0,0,0,0,0,0,1,12,0,0,1,1,1,19,8,9,2,1,126,119,7,1,9,1,23,1,5,1,1,14,1,0,1,0,1,1,0,1,0,0,1,1,0,0,0,0,0,0,0,0,0,0,0,0,0,0,0.0,0.0,0.0,0,0,0,0,0,0,0,0,0,0,0,0,76,5,0,0,0,0,1,0,0,0.0,0.0002041452224645,0.875,0.1826562516788258,0,,multi_full_20260502_195223_0002,2026-05-02T19:56:06.772372,https://blend.com/company/newsroom/,https://blend.com/,False,https://blend.com/company/newsroom/,https://blend.com/,https://blend.com/company/newsroom/,recon_page,2026-05-02T19:56:06.795746,0,0,0,0,0,0,0,0,0,0,0,0,0,0,0,0,0,0,0,0,0,0,0,0,0,0,0,0,0,0,0,0,0,0,0,0,0,0,0,0,0,0
51,1,2,0,0,0,0,0,0,9,0,com,200,2,119000,867.676,0,0,26,1,nginx,0,html,0,0,0,1,7,1,1,1,1,1,0,0,1,4,0,0,0,0,0,0,0,0,1,7,0,0,0,0,1,21,9,9,3,1,122,116,6,1,12,1,24,1,5,1,1,14,1,0,1,0,1,1,0,1,0,0,1,1,0,0,0,0,0,0,0,0,0,0,0,0,0,0,0.0,0.0,0.0,0,0,0,0,0,0,0,0,0,0,0,0,74,5,0,0,0,0,0,0,0,0.0,0.0001764705882352,0.875,0.0924369747899159,0,,multi_full_20260502_195223_0002,2026-05-02T19:56:06.937752,https://blend.com/platform/intelligent-origination/,https://blend.com/,False,https://blend.com/platform/intelligent-origination/,https://blend.com/,https://blend.com/platform/intelligent-origination/,recon_page,2026-05-02T19:56:06.964125,0,0,0,0,0,0,0,0,0,0,0,0,0,0,0,0,0,0,0,0,0,0,0,0,0,0,0,0,0,0,0,0,0,0,0,0,0,0,0,0,0,0
54,1,3,0,0,0,0,0,0,9,0,com,200,2,116029,753.141,0,0,26,1,nginx,0,html,0,0,0,1,7,1,1,1,1,1,0,0,1,4,0,0,0,0,0,0,0,0,1,7,0,0,0,0,1,20,8,9,3,1,129,120,9,1,7,1,26,1,5,1,1,16,1,0,1,0,1,1,0,1,0,0,1,1,0,0,0,0,0,0,0,0,0,0,0,0,0,0,0.0,0.0,0.0,0,0,0,0,0,0,0,0,0,0,0,0,81,11,0,0,0,0,0,0,0,0.0,0.0001723707004283,0.875,0.0948038852355876,0,,multi_full_20260502_195223_0002,2026-05-02T19:56:11.827348,https://blend.com/blog/mortgage-suite/southstate-bank/,https://blend.com/,False,https://blend.com/blog/mortgage-suite/southstate-bank/,https://blend.com/,https://blend.com/blog/mortgage-suite/southstate-bank/,recon_page,2026-05-02T19:56:11.832515,0,0,0,0,0,0,0,0,0,0,0,0,0,0,0,0,0,0,0,0,0,0,0,0,0,0,0,0,0,0,0,0,0,0,0,0,0,0,0,0,0,0
78,1,3,0,0,0,0,0,0,9,0,com,200,2,102206,828.09,0,0,26,1,nginx,0,html,0,0,0,1,7,1,1,1,1,1,0,0,1,4,0,0,0,0,0,0,0,0,1,7,0,0,0,0,1,20,8,9,3,1,127,118,9,1,6,1,26,1,5,1,1,16,1,0,1,0,1,1,0,1,0,0,1,1,0,0,0,0,0,0,0,0,0,0,0,0,0,0,0.0,0.0,0.0,0,0,0,0,0,0,0,0,0,0,0,0,80,11,0,0,0,0,0,0,0,0.0,0.0001956832279905,0.875,0.1076257753947909,0,,multi_full_20260502_195223_0002,2026-05-02T19:56:18.692284,https://blend.com/blog/thought-leadership/implementing-fully-digital-closings/,https://blend.com/,False,https://blend.com/blog/thought-leadership/implementing-fully-digital-closings/,https://blend.com/,https://blend.com/blog/thought-leadership/implementing-fully-digital-closings/,recon_page,2026-05-02T19:56:18.782311,0,0,0,0,0,0,0,0,0,0,0,0,0,0,0,0,0,0,0,0,0,0,0,0,0,0,0,0,0,0,0,0,0,0,0,0,0,0,0,0,0,0
59,1,3,0,0,0,0,0,0,9,0,com,200,2,111104,850.236,0,0,26,1,nginx,0,html,0,0,0,1,7,1,1,1,1,1,0,0,1,4,0,0,0,0,0,0,0,0,1,7,0,0,0,0,1,19,8,9,2,1,129,120,9,1,7,1,26,1,5,1,1,14,1,0,1,0,1,1,0,1,0,0,1,1,0,0,0,0,0,0,0,0,0,0,0,0,0,0,0.0,0.0,0.0,0,0,0,0,0,0,0,0,0,0,0,0,82,11,0,0,0,0,0,0,0,0.0,0.0001710109447004,0.875,0.0990063364055299,0,,multi_full_20260502_195223_0002,2026-05-02T19:56:18.785191,https://blend.com/blog/mortgage-suite/roi-digital-closings/,https://blend.com/,False,https://blend.com/blog/mortgage-suite/roi-digital-closings/,https://blend.com/,https://blend.com/blog/mortgage-suite/roi-digital-closings/,recon_page,2026-05-02T19:56:18.814561,0,0,0,0,0,0,0,0,0,0,0,0,0,0,0,0,0,0,0,0,0,0,0,0,0,0,0,0,0,0,0,0,0,0,0,0,0,0,0,0,0,0
49,1,1,1,1,0,0,0,0,9,0,com,200,2,92247,867.388,0,0,26,1,nginx,0,html,0,0,0,1,7,1,1,1,1,1,0,0,1,7,0,0,0,0,0,0,1,1,1,52,0,0,1,2,1,20,8,10,2,1,118,112,6,0,0,1,23,1,6,1,1,14,1,0,1,0,1,1,0,1,0,0,1,1,0,0,0,0,0,0,1,0,0,0,0,0,0,0,0.0,0.0,0.0,0,0,0,0,0,0,0,0,0,0,0,0,73,5,0,0,0,0,0,0,0,0.0,0.0002168092187279,0.875,0.6395871952475419,0,,multi_full_20260502_195223_0002,2026-05-02T19:56:18.813239,https://blend.com/resources/?topic=mortgage-suite,https://blend.com/,False,https://blend.com/resources/?topic=mortgage-suite,https://blend.com/,https://blend.com/resources/?topic=mortgage-suite,recon_page,2026-05-02T19:56:18.873595,0,0,0,0,0,0,0,0,0,0,0,0,0,0,0,0,0,0,0,0,0,0,0,0,0,0,0,0,0,0,0,0,0,0,0,0,0,0,0,0,0,0
26,1,0,1,1,0,0,0,0,9,0,com,200,2,106311,176.893,0,0,26,1,nginx,0,html,0,0,0,1,7,1,1,1,1,1,0,0,1,6,0,0,0,0,0,0,0,0,1,10,0,0,1,1,1,21,10,9,2,1,123,117,6,1,7,1,23,1,5,1,1,14,1,0,1,0,1,1,0,1,0,0,1,1,0,0,0,0,0,0,1,0,0,0,0,0,0,0,0.0,0.0,0.0,0,0,0,0,0,0,0,0,0,0,0,0,76,8,0,0,0,0,0,0,0,0.0,0.0001975336512684,0.875,0.1505018295378653,0,,multi_full_20260502_195223_0002,2026-05-02T19:56:18.808536,https://blend.com/?p=34488,https://blend.com/,False,https://blend.com/?p=34488,https://blend.com/,https://blend.com/?p=34488,recon_page,2026-05-02T19:56:18.869817,0,0,0,0,0,0,0,0,0,0,0,0,0,0,0,0,0,0,0,0,0,0,0,0,0,0,0,0,0,0,0,0,0,0,0,0,0,0,0,0,0,0
33,1,2,0,0,0,0,0,0,9,0,com,200,2,108666,1067.947,0,0,26,1,nginx,0,html,0,0,0,1,7,1,1,1,1,1,0,0,1,4,0,0,0,0,0,0,0,0,1,7,0,0,0,0,1,19,8,9,2,1,128,121,7,1,6,1,22,1,5,1,1,14,1,0,1,0,1,1,0,1,0,0,1,1,0,0,0,0,0,0,0,0,0,0,0,0,0,0,0.0,0.0,0.0,0,0,0,0,0,0,0,0,0,0,0,0,81,8,0,0,0,0,0,0,0,0.0,0.0001748476984521,0.875,0.1012276148933429,0,,multi_full_20260502_195223_0002,2026-05-02T19:56:21.323419,https://blend.com/customers/vacu/,https://blend.com/,False,https://blend.com/customers/vacu/,https://blend.com/,https://blend.com/customers/vacu/,recon_page,2026-05-02T19:56:21.332117,0,0,0,0,0,0,0,0,0,0,0,0,0,0,0,0,0,0,0,0,0,0,0,0,0,0,0,0,0,0,0,0,0,0,0,0,0,0,0,0,0,0
91,1,3,0,0,0,0,0,0,9,0,com,200,2,107940,896.076,0,0,26,1,nginx,0,html,0,0,0,1,7,1,1,1,1,1,0,0,1,4,0,0,0,0,0,0,0,0,1,7,0,0,0,0,1,20,9,9,2,1,132,123,9,1,6,1,26,1,5,1,1,14,1,0,1,0,1,1,0,1,0,0,1,1,0,0,0,0,0,0,0,0,0,0,0,0,0,0,0.0,0.0,0.0,0,0,0,0,0,0,0,0,0,0,0,0,82,11,0,0,0,0,0,0,0,0.0,0.0001852881230313,0.875,0.1019084676672225,0,,multi_full_20260502_195223_0002,2026-05-02T19:56:22.235835,https://blend.com/blog/thought-leadership/evolving-from-point-of-sale-to-platform-solution/,https://blend.com/,False,https://blend.com/blog/thought-leadership/evolving-from-point-of-sale-to-platform-solution/,https://blend.com/,https://blend.com/blog/thought-leadership/evolving-from-point-of-sale-to-platform-solution/,recon_page,2026-05-02T19:56:22.305911,0,0,0,0,0,0,0,0,0,0,0,0,0,0,0,0,0,0,0,0,0,0,0,0,0,0,0,0,0,0,0,0,0,0,0,0,0,0,0,0,0,0
93,1,3,0,0,0,0,0,0,9,0,com,200,2,107608,711.38,0,0,26,1,nginx,0,html,0,0,0,1,7,1,1,1,1,1,0,0,1,4,0,0,0,0,0,0,0,0,1,7,0,0,0,0,1,19,8,9,2,1,128,119,9,1,6,1,26,1,5,1,1,14,1,0,1,0,1,1,0,1,0,0,1,1,0,0,0,0,0,0,0,0,0,0,0,0,0,0,0.0,0.0,0.0,0,0,0,0,0,0,0,0,0,0,0,0,80,11,0,0,0,0,0,0,0,0.0,0.0001765667980075,0.875,0.1022228830570217,0,,multi_full_20260502_195223_0002,2026-05-02T19:56:22.520054,https://blend.com/blog/thought-leadership/3-credit-union-essentials-unify-banking-operations/,https://blend.com/,False,https://blend.com/blog/thought-leadership/3-credit-union-essentials-unify-banking-operations/,https://blend.com/,https://blend.com/blog/thought-leadership/3-credit-union-essentials-unify-banking-operations/,recon_page,2026-05-02T19:56:22.557165,0,0,0,0,0,0,0,0,0,0,0,0,0,0,0,0,0,0,0,0,0,0,0,0,0,0,0,0,0,0,0,0,0,0,0,0,0,0,0,0,0,0
26,1,0,1,1,0,0,0,0,9,0,com,200,2,115130,224.306,0,0,26,1,nginx,0,html,0,0,0,1,7,1,1,1,1,1,0,0,1,4,0,0,0,0,0,0,0,0,1,7,0,0,0,0,1,20,9,9,2,1,133,127,6,1,10,1,23,1,5,1,1,22,1,0,1,0,1,1,0,1,0,0,1,1,0,0,0,0,0,0,1,0,0,0,0,0,0,0,0.0,0.0,0.0,0,0,0,0,0,0,0,0,0,0,0,0,78,8,0,0,0,0,0,0,0,0.0,0.0001737166681143,0.875,0.095544167462868,0,,multi_full_20260502_195223_0002,2026-05-02T19:56:23.058952,https://blend.com/?p=42060,https://blend.com/,False,https://blend.com/?p=42060,https://blend.com/,https://blend.com/?p=42060,recon_page,2026-05-02T19:56:23.084056,0,0,0,0,0,0,0,0,0,0,0,0,0,0,0,0,0,0,0,0,0,0,0,0,0,0,0,0,0,0,0,0,0,0,0,0,0,0,0,0,0,0
58,1,3,0,0,0,0,0,0,9,0,com,200,2,108344,439.43,0,0,26,1,nginx,0,html,0,0,0,1,7,1,1,1,1,1,0,0,1,4,0,0,0,0,0,0,0,0,1,7,0,0,0,0,1,19,8,9,2,1,129,119,10,1,6,1,26,1,5,1,1,14,1,0,1,0,1,1,0,1,0,0,1,1,0,0,0,0,0,0,0,0,0,0,0,0,0,0,0.0,0.0,0.0,0,0,0,0,0,0,0,0,0,0,0,0,82,11,0,0,0,0,0,0,0,0.0,0.0001753673484456,0.875,0.1015284648896108,0,,multi_full_20260502_195223_0002,2026-05-02T19:56:23.420480,https://blend.com/blog/thought-leadership/gen-ai-strategy/,https://blend.com/,False,https://blend.com/blog/thought-leadership/gen-ai-strategy/,https://blend.com/,https://blend.com/blog/thought-leadership/gen-ai-strategy/,recon_page,2026-05-02T19:56:23.429683,0,0,0,0,0,0,0,0,0,0,0,0,0,0,0,0,0,0,0,0,0,0,0,0,0,0,0,0,0,0,0,0,0,0,0,0,0,0,0,0,0,0
26,1,0,1,1,0,0,0,0,9,0,com,200,2,89264,134.689,0,0,26,1,nginx,0,html,0,0,0,1,7,1,1,1,1,1,0,0,1,4,0,0,0,0,0,0,0,0,1,7,0,0,0,0,1,19,8,9,2,1,117,111,6,1,6,1,23,1,5,1,1,14,1,0,1,0,1,1,0,1,0,0,1,1,0,0,0,0,0,0,1,0,0,0,0,0,0,0,0.0,0.0,0.0,0,0,0,0,0,0,0,0,0,0,0,0,71,5,0,0,0,0,0,0,0,0.0,0.0002128517655493,0.875,0.1232299695285893,0,,multi_full_20260502_195223_0002,2026-05-02T19:56:25.444227,https://blend.com/?p=10991,https://blend.com/,False,https://blend.com/?p=10991,https://blend.com/,https://blend.com/?p=10991,recon_page,2026-05-02T19:56:25.465215,0,0,0,0,0,0,0,0,0,0,0,0,0,0,0,0,0,0,0,0,0,0,0,0,0,0,0,0,0,0,0,0,0,0,0,0,0,0,0,0,0,0
26,1,0,1,1,0,0,0,0,9,0,com,200,2,137512,340.777,0,0,26,1,nginx,0,html,0,0,0,1,7,1,1,1,1,1,0,0,1,4,0,0,0,0,0,0,0,0,1,7,0,0,0,0,1,20,9,9,2,1,135,129,6,1,39,1,23,1,5,1,1,22,1,0,1,0,1,1,0,1,0,0,1,1,0,0,0,0,0,0,1,0,0,0,0,0,0,0,0.0,0.0,0.0,0,0,0,0,0,0,0,0,0,0,0,0,80,8,0,0,0,0,0,0,0,0.0,0.0001454418523474,0.875,0.0799930187910873,0,,multi_full_20260502_195223_0002,2026-05-02T19:56:32.615569,https://blend.com/?p=40771,https://blend.com/,False,https://blend.com/?p=40771,https://blend.com/,https://blend.com/?p=40771,recon_page,2026-05-02T19:56:32.648832,0,0,0,0,0,0,0,0,0,0,0,0,0,0,0,0,0,0,0,0,0,0,0,0,0,0,0,0,0,0,0,0,0,0,0,0,0,0,0,0,0,0
28,1,1,0,0,0,0,0,0,9,0,com,200,2,137512,168.437,0,0,26,1,nginx,0,html,0,0,0,1,7,1,1,1,1,1,0,0,1,4,0,0,0,0,0,0,0,0,1,7,0,0,0,0,1,20,9,9,2,1,135,129,6,1,39,1,23,1,5,1,1,22,1,0,1,0,1,1,0,1,0,0,1,1,0,0,0,0,0,0,0,0,0,0,0,0,0,0,0.0,0.0,0.0,0,0,0,0,0,0,0,0,0,0,0,0,80,8,0,0,0,0,0,0,0,0.0,0.0001454418523474,0.875,0.0799930187910873,0,,multi_full_20260502_195223_0002,2026-05-02T19:56:33.747972,https://blend.com/solutions/,https://blend.com/,False,https://blend.com/solutions/,https://blend.com/,https://blend.com/solutions/,recon_page,2026-05-02T19:56:33.764108,0,0,0,0,0,0,0,0,0,0,0,0,0,0,0,0,0,0,0,0,0,0,0,0,0,0,0,0,0,0,0,0,0,0,0,0,0,0,0,0,0,0
26,1,0,1,1,0,0,0,0,9,0,com,200,2,86448,163.126,0,0,26,1,nginx,0,html,0,0,0,1,7,1,1,1,1,1,0,0,1,4,0,0,0,0,0,0,0,0,1,7,0,0,0,0,1,18,7,9,2,1,118,112,6,0,0,1,23,1,6,1,1,14,1,0,1,0,1,1,0,1,0,0,1,1,0,0,0,0,0,0,1,0,0,0,0,0,0,0,0.0,0.0,0.0,0,0,0,0,0,0,0,0,0,0,0,0,72,5,0,0,0,0,0,0,0,0.0,0.0002082176568573,0.875,0.1272441236350175,0,,multi_full_20260502_195223_0002,2026-05-02T19:56:35.792891,https://blend.com/?p=21118,https://blend.com/,False,https://blend.com/?p=21118,https://blend.com/,https://blend.com/?p=21118,recon_page,2026-05-02T19:56:35.806197,0,0,0,0,0,0,0,0,0,0,0,0,0,0,0,0,0,0,0,0,0,0,0,0,0,0,0,0,0,0,0,0,0,0,0,0,0,0,0,0,0,0
26,1,0,1,1,0,0,0,0,9,0,com,200,2,92629,435.86,0,0,26,1,nginx,0,html,0,0,0,1,7,1,1,1,1,1,0,0,1,7,0,0,0,0,0,0,1,1,1,52,0,0,1,2,1,20,8,10,2,1,118,112,6,0,0,1,23,1,6,1,1,14,1,0,1,0,1,1,0,1,0,0,1,1,0,0,0,0,0,0,1,0,0,0,0,0,0,0,0.0,0.0,0.0,0,0,0,0,0,0,0,0,0,0,0,0,73,5,0,0,0,0,0,0,0,0.0,0.0002159151021818,0.875,0.6369495514363752,0,,multi_full_20260502_195223_0002,2026-05-02T19:56:36.826314,https://blend.com/?p=22619,https://blend.com/,False,https://blend.com/?p=22619,https://blend.com/,https://blend.com/?p=22619,recon_page,2026-05-02T19:56:36.836810,0,0,0,0,0,0,0,0,0,0,0,0,0,0,0,0,0,0,0,0,0,0,0,0,0,0,0,0,0,0,0,0,0,0,0,0,0,0,0,0,0,0
26,1,0,1,1,0,0,0,0,9,0,com,200,2,101162,124.067,0,0,26,1,nginx,0,html,0,0,0,1,7,1,1,1,1,1,0,0,1,4,0,0,0,0,0,0,0,0,1,7,0,0,0,0,1,22,10,9,3,1,123,117,6,1,9,1,24,1,5,1,1,14,1,0,1,0,1,1,0,1,0,0,1,1,0,0,0,0,0,0,1,0,0,0,0,0,0,0,0.0,0.0,0.0,0,0,0,0,0,0,0,0,0,0,0,0,76,8,0,0,0,0,0,0,0,0.0,0.0002174729641565,0.875,0.1087364820782507,0,,multi_full_20260502_195223_0002,2026-05-02T19:56:38.434928,https://blend.com/?p=39196,https://blend.com/,False,https://blend.com/?p=39196,https://blend.com/,https://blend.com/?p=39196,recon_page,2026-05-02T19:56:38.449820,0,0,0,0,0,0,0,0,0,0,0,0,0,0,0,0,0,0,0,0,0,0,0,0,0,0,0,0,0,0,0,0,0,0,0,0,0,0,0,0,0,0
52,1,2,0,0,0,0,0,0,9,0,com,200,2,84976,358.194,0,0,26,1,nginx,0,html,0,0,0,1,7,1,1,1,1,1,0,0,1,4,0,0,0,0,0,0,0,0,1,7,0,0,0,0,1,19,8,9,2,1,117,111,6,1,2,1,23,1,5,1,1,14,1,0,1,0,1,1,0,1,0,0,1,1,0,0,0,0,0,0,0,0,0,0,0,0,0,0,0.0,0.0,0.0,0,0,0,0,0,0,0,0,0,0,0,0,72,5,0,0,0,0,0,0,0,0.0,0.000223592543777,0.875,0.1294483148183016,0,,multi_full_20260502_195223_0002,2026-05-02T19:56:41.618513,https://blend.com/ebook/strategy-guide-home-lenders/,https://blend.com/,False,https://blend.com/ebook/strategy-guide-home-lenders/,https://blend.com/,https://blend.com/ebook/strategy-guide-home-lenders/,recon_page,2026-05-02T19:56:41.624523,0,0,0,0,0,0,0,0,0,0,0,0,0,0,0,0,0,0,0,0,0,0,0,0,0,0,0,0,0,0,0,0,0,0,0,0,0,0,0,0,0,0
55,1,1,1,1,0,0,0,0,9,0,com,200,2,92629,683.0540000000001,0,0,26,1,nginx,0,html,0,0,0,1,7,1,1,1,1,1,0,0,1,7,0,0,0,0,0,0,1,1,1,52,0,0,1,2,1,20,8,10,2,1,118,112,6,0,0,1,23,1,6,1,1,14,1,0,1,0,1,1,0,1,0,0,1,1,0,0,0,0,0,0,1,0,0,0,0,0,0,0,0.0,0.0,0.0,0,0,0,0,0,0,0,0,0,0,0,0,73,5,0,0,0,0,0,0,0,0.0,0.0002159151021818,0.875,0.6369495514363752,0,,multi_full_20260502_195223_0002,2026-05-02T19:56:42.804355,https://blend.com/resources/?topic=challenges-solutions,https://blend.com/,False,https://blend.com/resources/?topic=challenges-solutions,https://blend.com/,https://blend.com/resources/?topic=challenges-solutions,recon_page,2026-05-02T19:56:42.819930,0,0,0,0,0,0,0,0,0,0,0,0,0,0,0,0,0,0,0,0,0,0,0,0,0,0,0,0,0,0,0,0,0,0,0,0,0,0,0,0,0,0
57,1,3,0,0,0,0,0,0,9,0,com,200,2,106852,817.2810000000001,0,0,26,1,nginx,0,html,0,0,0,1,7,1,1,1,1,1,0,0,1,4,0,0,0,0,0,0,0,0,1,7,0,0,0,0,1,20,9,9,2,1,133,124,9,1,6,1,26,1,5,1,1,14,1,0,1,0,1,1,0,1,0,0,1,1,0,0,0,0,0,0,0,0,0,0,0,0,0,0,0.0,0.0,0.0,0,0,0,0,0,0,0,0,0,0,0,0,86,11,0,0,0,0,0,0,0,0.0,0.0001871747838131,0.875,0.1029461310972185,0,,multi_full_20260502_195223_0002,2026-05-02T19:56:45.617995,https://blend.com/blog/cb-suite/program-management-banks/,https://blend.com/,False,https://blend.com/blog/cb-suite/program-management-banks/,https://blend.com/,https://blend.com/blog/cb-suite/program-management-banks/,recon_page,2026-05-02T19:56:45.632143,0,0,0,0,0,0,0,0,0,0,0,0,0,0,0,0,0,0,0,0,0,0,0,0,0,0,0,0,0,0,0,0,0,0,0,0,0,0,0,0,0,0
26,1,0,1,1,0,0,0,0,9,0,com,200,2,108770,267.17999999999995,0,0,26,1,nginx,0,html,0,0,0,1,7,1,1,1,1,1,0,0,1,4,0,0,0,0,0,0,0,0,1,12,0,0,0,0,1,20,9,9,2,1,124,118,6,1,14,1,23,1,5,1,1,14,1,0,1,0,1,1,0,1,0,0,1,1,0,0,0,0,0,0,1,0,0,0,0,0,0,0,0.0,0.0,0.0,0,0,0,0,0,0,0,0,0,0,0,0,78,8,0,0,0,0,0,0,0,0.0,0.0001838742300266,0.875,0.1470993840213294,0,,multi_full_20260502_195223_0002,2026-05-02T19:56:45.682079,https://blend.com/?p=34520,https://blend.com/,False,https://blend.com/?p=34520,https://blend.com/,https://blend.com/?p=34520,recon_page,2026-05-02T19:56:45.694056,0,0,0,0,0,0,0,0,0,0,0,0,0,0,0,0,0,0,0,0,0,0,0,0,0,0,0,0,0,0,0,0,0,0,0,0,0,0,0,0,0,0
43,1,1,1,1,0,0,0,0,9,0,com,200,2,92247,662.256,0,0,26,1,nginx,0,html,0,0,0,1,7,1,1,1,1,1,0,0,1,7,0,0,0,0,0,0,1,1,1,52,0,0,1,2,1,20,8,10,2,1,118,112,6,0,0,1,23,1,6,1,1,14,1,0,1,0,1,1,0,1,0,0,1,1,0,0,0,0,0,0,1,0,0,0,0,0,0,0,0.0,0.0,0.0,0,0,0,0,0,0,0,0,0,0,0,0,73,5,0,0,0,0,0,0,0,0.0,0.0002168092187279,0.875,0.6395871952475419,0,,multi_full_20260502_195223_0002,2026-05-02T19:56:46.164754,https://blend.com/resources/?topic=cb-suite,https://blend.com/,False,https://blend.com/resources/?topic=cb-suite,https://blend.com/,https://blend.com/resources/?topic=cb-suite,recon_page,2026-05-02T19:56:46.183432,0,0,0,0,0,0,0,0,0,0,0,0,0,0,0,0,0,0,0,0,0,0,0,0,0,0,0,0,0,0,0,0,0,0,0,0,0,0,0,0,0,0
52,1,1,1,1,0,0,0,0,9,0,com,200,2,92247,610.876,0,0,26,1,nginx,0,html,0,0,0,1,7,1,1,1,1,1,0,0,1,7,0,0,0,0,0,0,1,1,1,52,0,0,1,2,1,20,8,10,2,1,118,112,6,0,0,1,23,1,6,1,1,14,1,0,1,0,1,1,0,1,0,0,1,1,0,0,0,0,0,0,1,0,0,0,0,0,0,0,0.0,0.0,0.0,0,0,0,0,0,0,0,0,0,0,0,0,73,5,0,0,0,0,0,0,0,0.0,0.0002168092187279,0.875,0.6395871952475419,0,,multi_full_20260502_195223_0002,2026-05-02T19:56:47.084092,https://blend.com/resources/?topic=platform-services,https://blend.com/,False,https://blend.com/resources/?topic=platform-services,https://blend.com/,https://blend.com/resources/?topic=platform-services,recon_page,2026-05-02T19:56:47.087955,0,0,0,0,0,0,0,0,0,0,0,0,0,0,0,0,0,0,0,0,0,0,0,0,0,0,0,0,0,0,0,0,0,0,0,0,0,0,0,0,0,0
26,1,0,1,1,0,0,0,0,9,0,com,200,2,109795,116.285,0,0,26,1,nginx,0,html,0,0,0,1,7,1,1,1,1,1,0,0,1,5,0,0,0,0,0,0,0,0,1,15,0,0,1,1,1,20,8,9,3,1,130,123,7,1,21,1,24,1,5,1,1,14,1,0,1,0,1,1,0,1,0,0,1,1,0,0,0,0,0,0,1,0,0,0,0,0,0,0,0.0,0.0,0.0,0,0,0,0,0,0,0,0,0,0,0,0,83,5,0,0,0,0,0,0,0,0.0,0.0001821576574525,0.875,0.1821576574525251,0,,multi_full_20260502_195223_0002,2026-05-02T19:56:50.268575,https://blend.com/?p=26043,https://blend.com/,False,https://blend.com/?p=26043,https://blend.com/,https://blend.com/?p=26043,recon_page,2026-05-02T19:56:50.278677,0,0,0,0,0,0,0,0,0,0,0,0,0,0,0,0,0,0,0,0,0,0,0,0,0,0,0,0,0,0,0,0,0,0,0,0,0,0,0,0,0,0
45,1,2,0,0,0,0,0,0,9,0,com,200,2,107907,1025.696,0,0,26,1,nginx,0,html,0,0,0,1,7,1,1,1,1,1,0,0,1,4,0,0,0,0,0,0,0,0,1,7,0,0,0,0,1,19,8,9,2,1,126,120,6,1,7,1,23,1,5,1,1,14,1,0,1,0,1,1,0,1,0,0,1,1,0,0,0,0,0,0,0,0,0,0,0,0,0,0,0.0,0.0,0.0,0,0,0,0,0,0,0,0,0,0,0,0,78,8,0,0,0,0,0,0,0,0.0,0.0001760775482591,0.875,0.1019396332026652,0,,multi_full_20260502_195223_0002,2026-05-02T19:56:55.131755,https://blend.com/customers/compass-mortgage/,https://blend.com/,False,https://blend.com/customers/compass-mortgage/,https://blend.com/,https://blend.com/customers/compass-mortgage/,recon_page,2026-05-02T19:56:55.378801,0,0,0,0,0,0,0,0,0,0,0,0,0,0,0,0,0,0,0,0,0,0,0,0,0,0,0,0,0,0,0,0,0,0,0,0,0,0,0,0,0,0
61,1,3,0,0,0,0,0,0,9,0,com,200,2,108897,737.313,0,0,26,1,nginx,0,html,0,0,0,1,7,1,1,1,1,1,0,0,1,4,0,0,0,0,0,0,0,0,1,7,0,0,0,0,1,19,8,9,2,1,128,119,9,1,6,1,26,1,5,1,1,14,1,0,1,0,1,1,0,1,0,0,1,1,0,0,0,0,0,0,0,0,0,0,0,0,0,0,0.0,0.0,0.0,0,0,0,0,0,0,0,0,0,0,0,0,81,11,0,0,0,0,0,0,0,0.0,0.0001744767991772,0.875,0.1010128837341708,0,,multi_full_20260502_195223_0002,2026-05-02T19:56:56.829104,https://blend.com/blog/challenges-solutions/union-bank-trust/,https://blend.com/,False,https://blend.com/blog/challenges-solutions/union-bank-trust/,https://blend.com/,https://blend.com/blog/challenges-solutions/union-bank-trust/,recon_page,2026-05-02T19:56:56.862485,0,0,0,0,0,0,0,0,0,0,0,0,0,0,0,0,0,0,0,0,0,0,0,0,0,0,0,0,0,0,0,0,0,0,0,0,0,0,0,0,0,0
40,1,2,0,0,0,0,0,0,9,0,com,200,2,109300,870.625,0,0,26,1,nginx,0,html,0,0,0,1,7,1,1,1,1,1,0,0,1,4,0,0,0,0,0,0,0,0,1,7,0,0,0,0,1,19,8,9,2,1,125,119,6,1,7,1,23,1,5,1,1,14,1,0,1,0,1,1,0,1,0,0,1,1,0,0,0,0,0,0,0,0,0,0,0,0,0,0,0.0,0.0,0.0,0,0,0,0,0,0,0,0,0,0,0,0,77,8,0,0,0,0,0,0,0,0.0,0.0001738334858188,0.875,0.1006404391582799,0,,multi_full_20260502_195223_0002,2026-05-02T19:56:59.830589,https://blend.com/customers/landmark-cu/,https://blend.com/,False,https://blend.com/customers/landmark-cu/,https://blend.com/,https://blend.com/customers/landmark-cu/,recon_page,2026-05-02T19:56:59.843028,0,0,0,0,0,0,0,0,0,0,0,0,0,0,0,0,0,0,0,0,0,0,0,0,0,0,0,0,0,0,0,0,0,0,0,0,0,0,0,0,0,0
44,1,3,0,0,0,0,0,0,9,0,com,200,2,114924,903.451,0,0,26,1,nginx,0,html,0,0,0,1,7,1,1,1,1,1,0,0,1,4,0,0,0,0,0,0,0,0,1,7,0,0,0,0,1,20,8,9,3,1,129,120,9,1,7,1,25,1,5,1,1,16,1,0,1,0,1,1,0,1,0,0,1,1,0,0,0,0,0,0,0,0,0,0,0,0,0,0,0.0,0.0,0.0,0,0,0,0,0,0,0,0,0,0,0,0,82,11,0,0,0,0,0,0,0,0.0,0.0001740280533221,0.875,0.0957154293272075,0,,multi_full_20260502_195223_0002,2026-05-02T19:57:00.548990,https://blend.com/blog/mortgage-suite/rbfcu/,https://blend.com/,False,https://blend.com/blog/mortgage-suite/rbfcu/,https://blend.com/,https://blend.com/blog/mortgage-suite/rbfcu/,recon_page,2026-05-02T19:57:00.571486,0,0,0,0,0,0,0,0,0,0,0,0,0,0,0,0,0,0,0,0,0,0,0,0,0,0,0,0,0,0,0,0,0,0,0,0,0,0,0,0,0,0
32,1,2,0,0,0,0,0,0,9,0,com,200,2,108163,817.671,0,0,26,1,nginx,0,html,0,0,0,1,7,1,1,1,1,1,0,0,1,4,0,0,0,0,0,0,0,0,1,7,0,0,0,0,1,19,8,9,2,1,126,118,8,1,7,1,23,1,5,1,1,14,1,0,1,0,1,1,0,1,0,0,1,1,0,0,0,0,0,0,0,0,0,0,0,0,0,0,0.0,0.0,0.0,0,0,0,0,0,0,0,0,0,0,0,0,80,9,0,0,0,0,0,0,0,0.0,0.0001756608082246,0.875,0.1016983626563612,0,,multi_full_20260502_195223_0002,2026-05-02T19:57:02.360345,https://blend.com/customers/bcu/,https://blend.com/,False,https://blend.com/customers/bcu/,https://blend.com/,https://blend.com/customers/bcu/,recon_page,2026-05-02T19:57:02.376144,0,0,0,0,0,0,0,0,0,0,0,0,0,0,0,0,0,0,0,0,0,0,0,0,0,0,0,0,0,0,0,0,0,0,0,0,0,0,0,0,0,0
111,1,3,0,0,0,0,0,0,9,0,com,200,2,125943,232.59,0,0,26,1,nginx,0,html,0,0,0,1,7,1,1,1,1,1,0,0,1,4,0,0,0,0,0,0,0,0,1,7,0,0,0,0,1,21,9,9,3,1,128,119,9,1,9,1,26,1,5,1,1,16,1,0,1,0,1,1,0,1,0,0,1,1,0,0,0,0,0,0,0,0,0,0,0,0,0,0,0.0,0.0,0.0,0,0,0,0,0,0,0,0,0,0,0,0,80,11,0,0,0,0,0,0,0,0.0,0.0001667420976155,0.875,0.0873410987510222,0,,multi_full_20260502_195223_0002,2026-05-02T19:57:05.033471,https://blend.com/blog/blend-momentum/autopilot-update-ai-automated-underwriting-system-findings-borrower-chat/,https://blend.com/,False,https://blend.com/blog/blend-momentum/autopilot-update-ai-automated-underwriting-system-findings-borrower-chat/,https://blend.com/,https://blend.com/blog/blend-momentum/autopilot-update-ai-automated-underwriting-system-findings-borrower-chat/,recon_page,2026-05-02T19:57:05.048699,0,0,0,0,0,0,0,0,0,0,0,0,0,0,0,0,0,0,0,0,0,0,0,0,0,0,0,0,0,0,0,0,0,0,0,0,0,0,0,0,0,0
26,1,0,1,1,0,0,0,0,9,0,com,200,2,107216,301.495,0,0,26,1,nginx,0,html,0,0,0,1,7,1,1,1,1,1,0,0,1,4,0,0,0,0,0,0,0,0,1,7,0,0,0,0,1,19,8,9,2,1,129,119,10,1,6,1,26,1,5,1,1,14,1,0,1,0,1,1,0,1,0,0,1,1,0,0,0,0,0,0,1,0,0,0,0,0,0,0,0.0,0.0,0.0,0,0,0,0,0,0,0,0,0,0,0,0,81,11,0,0,0,0,0,0,0,0.0,0.0001772123563647,0.875,0.1025966273690494,0,,multi_full_20260502_195223_0002,2026-05-02T19:57:06.448708,https://blend.com/?p=39864,https://blend.com/,False,https://blend.com/?p=39864,https://blend.com/,https://blend.com/?p=39864,recon_page,2026-05-02T19:57:06.470259,0,0,0,0,0,0,0,0,0,0,0,0,0,0,0,0,0,0,0,0,0,0,0,0,0,0,0,0,0,0,0,0,0,0,0,0,0,0,0,0,0,0
96,1,3,0,0,0,0,0,0,9,0,com,200,2,117111,912.608,0,0,26,1,nginx,0,html,0,0,0,1,7,1,1,1,1,1,0,0,1,4,0,0,0,0,0,0,0,0,1,7,0,0,0,0,1,20,9,9,2,1,128,119,9,1,5,1,26,1,5,1,1,14,1,0,1,0,1,1,0,1,0,0,1,1,0,0,0,0,0,0,0,0,0,0,0,0,0,0,0.0,0.0,0.0,0,0,0,0,0,0,0,0,0,0,0,0,80,11,0,0,0,0,0,0,0,0.0,0.0001707781506434,0.875,0.0939279828538736,0,,multi_full_20260502_195223_0002,2026-05-02T19:57:09.238165,https://blend.com/blog/blend-momentum/autopilot-update-borrower-chat-and-mcp-platform-hardening/,https://blend.com/,False,https://blend.com/blog/blend-momentum/autopilot-update-borrower-chat-and-mcp-platform-hardening/,https://blend.com/,https://blend.com/blog/blend-momentum/autopilot-update-borrower-chat-and-mcp-platform-hardening/,recon_page,2026-05-02T19:57:09.279785,0,0,0,0,0,0,0,0,0,0,0,0,0,0,0,0,0,0,0,0,0,0,0,0,0,0,0,0,0,0,0,0,0,0,0,0,0,0,0,0,0,0
90,1,3,0,0,0,0,0,0,9,0,com,200,2,113490,691.2420000000001,0,0,26,1,nginx,0,html,0,0,0,1,7,1,1,1,1,1,0,0,1,4,0,0,0,0,0,0,0,0,1,7,0,0,0,0,1,19,8,9,2,1,128,119,9,1,6,1,26,1,5,1,1,14,1,0,1,0,1,1,0,1,0,0,1,1,0,0,0,0,0,0,0,0,0,0,0,0,0,0,0.0,0.0,0.0,0,0,0,0,0,0,0,0,0,0,0,0,80,11,0,0,0,0,0,0,0,0.0,0.0001674156313331,0.875,0.0969248391928804,0,,multi_full_20260502_195223_0002,2026-05-02T19:57:09.270195,https://blend.com/blog/thought-leadership/where-ai-belongs-mortgage-origination-lifecycle/,https://blend.com/,False,https://blend.com/blog/thought-leadership/where-ai-belongs-mortgage-origination-lifecycle/,https://blend.com/,https://blend.com/blog/thought-leadership/where-ai-belongs-mortgage-origination-lifecycle/,recon_page,2026-05-02T19:57:09.291529,0,0,0,0,0,0,0,0,0,0,0,0,0,0,0,0,0,0,0,0,0,0,0,0,0,0,0,0,0,0,0,0,0,0,0,0,0,0,0,0,0,0
26,1,0,1,1,0,0,0,0,9,0,com,200,2,113600,132.689,0,0,26,1,nginx,0,html,0,0,0,1,7,1,1,1,1,1,0,0,1,4,0,0,0,0,0,0,0,0,1,12,0,0,0,0,1,20,9,9,2,1,125,119,6,1,14,1,23,1,5,1,1,14,1,0,1,0,1,1,0,1,0,0,1,1,0,0,0,0,0,0,1,0,0,0,0,0,0,0,0.0,0.0,0.0,0,0,0,0,0,0,0,0,0,0,0,0,77,8,0,0,0,0,0,0,0,0.0,0.0001760563380281,0.875,0.1408450704225352,0,,multi_full_20260502_195223_0002,2026-05-02T19:57:10.198430,https://blend.com/?p=43404,https://blend.com/,False,https://blend.com/?p=43404,https://blend.com/,https://blend.com/?p=43404,recon_page,2026-05-02T19:57:10.204250,0,0,0,0,0,0,0,0,0,0,0,0,0,0,0,0,0,0,0,0,0,0,0,0,0,0,0,0,0,0,0,0,0,0,0,0,0,0,0,0,0,0
75,1,4,0,0,0,0,0,0,9,0,com,200,2,122536,355.027,0,0,26,1,nginx,0,html,0,0,0,1,7,1,1,1,1,1,0,0,1,4,0,0,0,0,0,0,0,0,1,7,0,0,0,0,1,19,8,9,2,1,137,123,14,1,10,1,26,1,5,1,1,14,1,0,1,0,1,1,0,1,0,0,1,1,0,0,0,0,0,0,0,0,0,0,0,0,0,0,0.0,0.0,0.0,0,0,0,0,0,0,0,0,0,0,0,0,89,11,0,0,0,0,0,0,0,0.0,0.0001550564731997,0.875,0.0897695371156231,0,,multi_full_20260502_195223_0002,2026-05-02T19:57:14.024061,https://blend.com/blog/cb-suite/deposit-accounts/deposit-account-solutions/,https://blend.com/,False,https://blend.com/blog/cb-suite/deposit-accounts/deposit-account-solutions/,https://blend.com/,https://blend.com/blog/cb-suite/deposit-accounts/deposit-account-solutions/,recon_page,2026-05-02T19:57:14.051211,0,0,0,0,0,0,0,0,0,0,0,0,0,0,0,0,0,0,0,0,0,0,0,0,0,0,0,0,0,0,0,0,0,0,0,0,0,0,0,0,0,0
53,1,3,0,0,0,0,0,0,9,0,com,200,2,112909,1187.67,0,0,26,1,nginx,0,html,0,0,0,1,7,1,1,1,1,1,0,0,1,4,0,0,0,0,0,0,0,0,1,7,0,0,0,0,1,21,9,9,3,1,133,122,11,1,8,1,26,1,5,1,1,16,1,0,1,0,1,1,0,1,0,0,1,1,0,0,0,0,0,0,0,0,0,0,0,0,0,0,0.0,0.0,0.0,0,0,0,0,0,0,0,0,0,0,0,0,85,11,0,0,0,0,0,0,0,0.0,0.000185990487915,0.875,0.0974235889078815,0,,multi_full_20260502_195223_0002,2026-05-02T19:57:15.276931,https://blend.com/blog/cb-suite/bridging-digital-gap/,https://blend.com/,False,https://blend.com/blog/cb-suite/bridging-digital-gap/,https://blend.com/,https://blend.com/blog/cb-suite/bridging-digital-gap/,recon_page,2026-05-02T19:57:15.296488,0,0,0,0,0,0,0,0,0,0,0,0,0,0,0,0,0,0,0,0,0,0,0,0,0,0,0,0,0,0,0,0,0,0,0,0,0,0,0,0,0,0
74,1,3,0,0,0,0,0,0,9,0,com,200,2,120295,1211.433,0,0,26,1,nginx,0,html,0,0,0,1,7,1,1,1,1,1,0,0,1,4,0,0,0,0,0,0,0,0,1,7,0,0,0,0,1,20,9,9,2,1,138,122,16,1,6,1,26,1,5,1,1,14,1,0,1,0,1,1,0,1,0,0,1,1,0,1,0,0,0,0,0,0,0,0,0,0,0,0,0.0,0.0,0.0,0,0,0,0,0,0,0,0,0,0,0,0,86,11,0,0,0,0,0,0,0,0.0,0.0001662579492081,0.875,0.091441872064508,0,,multi_full_20260502_195223_0002,2026-05-02T19:57:19.996303,https://blend.com/blog/cb-suite/online-account-opening-software-for-banks/,https://blend.com/,False,https://blend.com/blog/cb-suite/online-account-opening-software-for-banks/,https://blend.com/,https://blend.com/blog/cb-suite/online-account-opening-software-for-banks/,recon_page,2026-05-02T19:57:20.026444,0,0,0,0,0,0,0,0,0,0,0,0,0,0,0,0,0,0,0,0,0,0,0,0,0,0,0,0,0,0,0,0,0,0,0,0,0,0,0,0,0,0
26,1,0,1,1,0,0,0,0,9,0,com,200,2,88853,387.55,0,0,26,1,nginx,0,html,0,0,0,1,7,1,1,1,1,1,0,0,1,4,0,0,0,0,0,0,0,0,1,7,0,0,0,0,1,19,8,9,2,1,120,114,6,1,5,1,23,1,5,1,1,14,1,0,1,0,1,1,0,1,0,0,1,1,0,0,0,0,0,0,1,0,0,0,0,0,0,0,0.0,0.0,0.0,0,0,0,0,0,0,0,0,0,0,0,0,73,5,0,0,0,0,0,0,0,0.0,0.0002138363364208,0.875,0.1237999842436383,0,,multi_full_20260502_195223_0002,2026-05-02T19:57:23.857737,https://blend.com/?p=23061,https://blend.com/,False,https://blend.com/?p=23061,https://blend.com/,https://blend.com/?p=23061,recon_page,2026-05-02T19:57:23.883945,0,0,0,0,0,0,0,0,0,0,0,0,0,0,0,0,0,0,0,0,0,0,0,0,0,0,0,0,0,0,0,0,0,0,0,0,0,0,0,0,0,0
57,1,2,0,0,0,0,0,0,9,0,com,200,2,86453,622.5540000000001,0,0,26,1,nginx,0,html,0,0,0,1,7,1,1,1,1,1,0,0,1,4,0,0,0,0,0,0,0,0,1,7,0,0,0,0,1,19,8,9,2,1,116,110,6,0,0,1,23,1,5,1,1,14,1,0,1,0,1,1,0,1,0,0,1,1,0,0,0,0,0,0,0,0,0,0,0,0,0,0,0.0,0.0,0.0,0,0,0,0,0,0,0,0,0,0,0,0,71,5,0,0,0,0,0,0,0,0.0,0.0002197725932009,0.875,0.1272367644847489,0,,multi_full_20260502_195223_0002,2026-05-02T19:57:25.914255,https://blend.com/webinar/mortgage-power-up-maximize-roi/,https://blend.com/,False,https://blend.com/webinar/mortgage-power-up-maximize-roi/,https://blend.com/,https://blend.com/webinar/mortgage-power-up-maximize-roi/,recon_page,2026-05-02T19:57:25.929718,0,0,0,0,0,0,0,0,0,0,0,0,0,0,0,0,0,0,0,0,0,0,0,0,0,0,0,0,0,0,0,0,0,0,0,0,0,0,0,0,0,0
26,1,0,1,1,0,0,0,0,9,0,com,200,2,113863,259.044,0,0,26,1,nginx,0,html,0,0,0,1,7,1,1,1,1,1,0,0,1,4,0,0,0,0,0,0,0,0,1,7,0,0,0,0,1,20,9,9,2,1,135,129,6,1,12,1,23,1,5,1,1,14,1,0,1,0,1,1,0,1,0,0,1,1,0,0,0,0,0,0,1,0,0,0,0,0,0,0,0.0,0.0,0.0,0,0,0,0,0,0,0,0,0,0,0,0,79,8,0,0,0,0,0,0,0,0.0,0.0001756496842696,0.875,0.0966073263483308,0,,multi_full_20260502_195223_0002,2026-05-02T19:57:26.235270,https://blend.com/?p=42619,https://blend.com/,False,https://blend.com/?p=42619,https://blend.com/,https://blend.com/?p=42619,recon_page,2026-05-02T19:57:26.249021,0,0,0,0,0,0,0,0,0,0,0,0,0,0,0,0,0,0,0,0,0,0,0,0,0,0,0,0,0,0,0,0,0,0,0,0,0,0,0,0,0,0
33,1,2,0,0,0,0,0,0,9,0,com,200,2,103720,774.7199999999999,0,0,26,1,nginx,0,html,0,0,0,1,7,1,1,1,1,1,0,0,1,4,0,0,0,0,0,0,0,0,1,7,0,0,0,0,1,19,8,9,2,1,120,114,6,1,4,1,23,1,5,1,1,14,1,0,1,0,1,1,0,1,0,0,1,1,0,0,0,0,0,0,0,0,0,0,0,0,0,0,0.0,0.0,0.0,0,0,0,0,0,0,0,0,0,0,0,0,75,6,0,0,0,0,0,0,0,0.0,0.0001831854994215,0.875,0.1060547628229849,0,,multi_full_20260502_195223_0002,2026-05-02T19:57:27.409796,https://blend.com/customers/bokf/,https://blend.com/,False,https://blend.com/customers/bokf/,https://blend.com/,https://blend.com/customers/bokf/,recon_page,2026-05-02T19:57:27.427925,0,0,0,0,0,0,0,0,0,0,0,0,0,0,0,0,0,0,0,0,0,0,0,0,0,0,0,0,0,0,0,0,0,0,0,0,0,0,0,0,0,0
33,1,2,0,0,0,0,0,0,9,0,com,200,2,119690,292.149,0,0,26,1,nginx,0,html,0,0,0,1,7,1,1,1,1,1,0,0,1,4,0,0,0,0,0,0,0,0,1,7,0,0,0,0,1,19,8,9,2,1,124,118,6,1,11,1,22,1,5,1,1,14,1,0,1,0,1,1,0,1,0,0,1,1,0,0,0,0,0,0,0,0,0,0,0,0,0,0,0.0,0.0,0.0,0,0,0,0,0,0,0,0,0,0,0,0,77,8,0,0,0,0,0,0,0,0.0,0.0001587434205029,0.875,0.0919040855543487,0,,multi_full_20260502_195223_0002,2026-05-02T19:57:30.011250,https://blend.com/customers/prmi/,https://blend.com/,False,https://blend.com/customers/prmi/,https://blend.com/,https://blend.com/customers/prmi/,recon_page,2026-05-02T19:57:30.023555,0,0,0,0,0,0,0,0,0,0,0,0,0,0,0,0,0,0,0,0,0,0,0,0,0,0,0,0,0,0,0,0,0,0,0,0,0,0,0,0,0,0
81,1,3,0,0,0,0,0,0,9,0,com,200,2,106882,730.35,0,0,26,1,nginx,0,html,0,0,0,1,7,1,1,1,1,1,0,0,1,4,0,0,0,0,0,0,0,0,1,7,0,0,0,0,1,19,8,9,2,1,129,120,9,1,6,1,26,1,5,1,1,14,1,0,1,0,1,1,0,1,0,0,1,1,0,0,0,0,0,0,0,0,0,0,0,0,0,0,0.0,0.0,0.0,0,0,0,0,0,0,0,0,0,0,0,0,82,11,0,0,0,0,0,0,0,0.0,0.0001777661346157,0.875,0.1029172358301678,0,,multi_full_20260502_195223_0002,2026-05-02T19:57:30.525923,https://blend.com/blog/mortgage-suite/introducing-mortgage-insurance-rate-quotes/,https://blend.com/,False,https://blend.com/blog/mortgage-suite/introducing-mortgage-insurance-rate-quotes/,https://blend.com/,https://blend.com/blog/mortgage-suite/introducing-mortgage-insurance-rate-quotes/,recon_page,2026-05-02T19:57:30.534819,0,0,0,0,0,0,0,0,0,0,0,0,0,0,0,0,0,0,0,0,0,0,0,0,0,0,0,0,0,0,0,0,0,0,0,0,0,0,0,0,0,0
69,1,3,0,0,0,0,0,0,9,0,com,200,2,109784,850.646,0,0,26,1,nginx,0,html,0,0,0,1,7,1,1,1,1,1,0,0,1,4,0,0,0,0,0,0,0,0,1,7,0,0,0,0,1,20,9,9,2,1,133,123,10,1,6,1,26,1,5,1,1,14,1,0,1,0,1,1,0,1,0,0,1,1,0,0,0,0,0,0,0,0,0,0,0,0,0,0,0.0,0.0,0.0,0,0,0,0,0,0,0,0,0,0,0,0,85,11,0,0,0,0,0,0,0,0.0,0.0001821759090577,0.875,0.1001967499817824,0,,multi_full_20260502_195223_0002,2026-05-02T19:57:31.790840,https://blend.com/blog/mortgage-suite/mortgage-loan-officer-software/,https://blend.com/,False,https://blend.com/blog/mortgage-suite/mortgage-loan-officer-software/,https://blend.com/,https://blend.com/blog/mortgage-suite/mortgage-loan-officer-software/,recon_page,2026-05-02T19:57:31.797746,0,0,0,0,0,0,0,0,0,0,0,0,0,0,0,0,0,0,0,0,0,0,0,0,0,0,0,0,0,0,0,0,0,0,0,0,0,0,0,0,0,0
44,1,2,0,0,0,0,0,0,9,0,com,200,2,113277,1195.504,0,0,26,1,nginx,0,html,0,0,0,1,7,1,1,1,1,1,0,0,1,4,0,0,0,0,0,0,0,0,1,7,0,0,0,0,1,19,8,9,2,1,125,118,7,1,10,1,23,1,5,1,1,14,1,0,1,0,1,1,0,1,0,0,1,1,0,0,0,0,0,0,0,0,0,0,0,0,0,0,0.0,0.0,0.0,0,0,0,0,0,0,0,0,0,0,0,0,77,8,0,0,0,0,0,0,0,0.0,0.000167730430714,0.875,0.0971070914660522,0,,multi_full_20260502_195223_0002,2026-05-02T19:57:34.052130,https://blend.com/customers/assent-mortgage/,https://blend.com/,False,https://blend.com/customers/assent-mortgage/,https://blend.com/,https://blend.com/customers/assent-mortgage/,recon_page,2026-05-02T19:57:34.084958,0,0,0,0,0,0,0,0,0,0,0,0,0,0,0,0,0,0,0,0,0,0,0,0,0,0,0,0,0,0,0,0,0,0,0,0,0,0,0,0,0,0
26,1,0,1,1,0,0,0,0,9,0,com,200,2,110499,183.612,0,0,26,1,nginx,0,html,0,0,0,1,7,1,1,1,1,1,0,0,1,4,0,0,0,0,0,0,0,0,1,12,0,0,0,0,1,20,9,9,2,1,126,120,6,1,12,1,23,1,5,1,1,14,1,0,1,0,1,1,0,1,0,0,1,1,0,0,0,0,0,0,1,0,0,0,0,0,0,0,0.0,0.0,0.0,0,0,0,0,0,0,0,0,0,0,0,0,79,8,0,0,0,0,0,0,0,0.0,0.000180997113096,0.875,0.1447976904768369,0,,multi_full_20260502_195223_0002,2026-05-02T19:57:34.187292,https://blend.com/?p=34439,https://blend.com/,False,https://blend.com/?p=34439,https://blend.com/,https://blend.com/?p=34439,recon_page,2026-05-02T19:57:34.197582,0,0,0,0,0,0,0,0,0,0,0,0,0,0,0,0,0,0,0,0,0,0,0,0,0,0,0,0,0,0,0,0,0,0,0,0,0,0,0,0,0,0
75,1,3,0,0,0,0,0,0,9,0,com,200,2,112054,817.712,0,0,26,1,nginx,0,html,0,0,0,1,7,1,1,1,1,1,0,0,1,4,0,0,0,0,0,0,0,0,1,7,0,0,0,0,1,20,9,9,2,1,140,127,13,1,6,1,26,1,5,1,1,14,1,0,1,0,1,1,0,1,0,0,1,1,0,0,0,0,0,0,0,0,0,0,0,0,0,0,0.0,0.0,0.0,0,0,0,0,0,0,0,0,0,0,0,0,91,11,0,0,0,0,0,0,0,0.0,0.0001784853731236,0.875,0.0981669552180198,0,,multi_full_20260502_195223_0002,2026-05-02T19:57:36.102143,https://blend.com/blog/challenges-solutions/common-challenges-loan-officer/,https://blend.com/,False,https://blend.com/blog/challenges-solutions/common-challenges-loan-officer/,https://blend.com/,https://blend.com/blog/challenges-solutions/common-challenges-loan-officer/,recon_page,2026-05-02T19:57:36.119763,0,0,0,0,0,0,0,0,0,0,0,0,0,0,0,0,0,0,0,0,0,0,0,0,0,0,0,0,0,0,0,0,0,0,0,0,0,0,0,0,0,0
54,1,2,0,0,0,0,0,0,9,0,com,200,2,118353,1061.423,0,0,26,1,nginx,0,html,0,0,0,1,7,1,1,1,1,1,0,0,1,4,0,0,0,0,0,0,0,0,1,7,0,0,0,0,1,19,8,9,2,1,124,118,6,1,10,1,23,1,5,1,1,14,1,0,1,0,1,1,0,1,0,0,1,1,0,0,0,0,0,0,0,0,0,0,0,0,0,0,0.0,0.0,0.0,0,0,0,0,0,0,0,0,0,0,0,0,77,8,0,0,0,0,0,0,0,0.0,0.0001605366995344,0.875,0.0929422997304673,0,,multi_full_20260502_195223_0002,2026-05-02T19:57:38.281950,https://blend.com/customers/navy-federal-credit-union/,https://blend.com/,False,https://blend.com/customers/navy-federal-credit-union/,https://blend.com/,https://blend.com/customers/navy-federal-credit-union/,recon_page,2026-05-02T19:57:38.319702,0,0,0,0,0,0,0,0,0,0,0,0,0,0,0,0,0,0,0,0,0,0,0,0,0,0,0,0,0,0,0,0,0,0,0,0,0,0,0,0,0,0
24,1,0,1,1,0,0,0,0,9,0,com,200,2,119579,214.1,0,0,26,1,nginx,0,html,0,0,0,1,7,1,1,1,1,1,0,0,1,4,0,0,0,0,0,0,0,0,1,7,0,0,0,0,1,18,7,9,2,1,128,119,9,0,0,1,22,1,6,1,1,14,1,0,1,0,1,1,0,1,0,0,1,1,0,0,0,0,0,0,1,0,0,0,0,0,0,0,0.0,0.0,0.0,0,0,0,0,0,0,0,0,0,0,0,0,75,5,0,0,0,0,5,0,0,0.0,0.0001505281027605,0.875,0.0919893961314277,0,,multi_full_20260502_195223_0002,2026-05-02T19:57:46.745216,https://blend.com/?p=142,https://blend.com/,False,https://blend.com/?p=142,https://blend.com/,https://blend.com/?p=142,recon_page,2026-05-02T19:57:46.801251,0,0,0,0,0,0,0,0,0,0,0,0,0,0,0,0,0,0,0,0,0,0,0,0,0,0,0,0,0,0,0,0,0,0,0,0,0,0,0,0,0,0
26,1,0,1,1,0,0,0,0,9,0,com,200,2,102509,250.411,0,0,26,1,nginx,0,html,0,0,0,1,7,1,1,1,1,1,0,0,1,4,0,0,0,0,0,0,0,0,1,7,0,0,0,0,1,18,7,9,2,1,119,113,6,1,17,1,23,1,5,1,1,14,1,0,1,0,1,1,0,1,0,0,1,1,0,0,0,0,0,0,1,0,0,0,0,0,0,0,0.0,0.0,0.0,0,0,0,0,0,0,0,0,0,0,0,0,72,5,0,0,0,0,0,0,0,0.0,0.0001755943380581,0.875,0.1073076510355188,0,,multi_full_20260502_195223_0002,2026-05-02T19:57:47.408412,https://blend.com/?p=34222,https://blend.com/,False,https://blend.com/?p=34222,https://blend.com/,https://blend.com/?p=34222,recon_page,2026-05-02T19:57:47.423680,0,0,0,0,0,0,0,0,0,0,0,0,0,0,0,0,0,0,0,0,0,0,0,0,0,0,0,0,0,0,0,0,0,0,0,0,0,0,0,0,0,0
47,1,3,0,0,0,0,0,0,9,0,com,200,2,88158,260.587,0,0,26,1,nginx,0,html,0,0,0,1,7,1,1,1,1,1,0,0,1,6,0,0,0,0,0,0,0,0,1,10,0,0,1,2,1,18,7,9,2,1,132,126,6,0,0,1,24,1,5,1,1,14,1,0,1,0,1,1,0,1,0,0,1,1,0,0,0,0,0,0,0,0,0,0,0,0,0,0,0.0,0.0,0.0,0,0,0,0,0,0,0,0,0,0,0,0,79,19,0,0,0,0,0,0,0,0.0,0.0002041788606819,0.875,0.1814923206061843,0,,multi_full_20260502_195223_0002,2026-05-02T19:57:49.749265,https://blend.com/company/careers/job-openings/,https://blend.com/,False,https://blend.com/company/careers/job-openings/,https://blend.com/,https://blend.com/company/careers/job-openings/,recon_page,2026-05-02T19:57:49.772388,0,0,0,0,0,0,0,0,0,0,0,0,0,0,0,0,0,0,0,0,0,0,0,0,0,0,0,0,0,0,0,0,0,0,0,0,0,0,0,0,0,0
56,1,2,0,0,0,0,0,0,9,0,com,200,2,85660,554.958,0,0,26,1,nginx,0,html,0,0,0,1,7,1,1,1,1,1,0,0,1,4,0,0,0,0,0,0,0,0,1,7,0,0,0,0,1,19,8,9,2,1,117,111,6,1,2,1,23,1,5,1,1,14,1,0,1,0,1,1,0,1,0,0,1,1,0,0,0,0,0,0,0,0,0,0,0,0,0,0,0.0,0.0,0.0,0,0,0,0,0,0,0,0,0,0,0,0,72,5,0,0,0,0,0,0,0,0.0,0.0002218071445248,0.875,0.1284146626196591,0,,multi_full_20260502_195223_0002,2026-05-02T19:57:54.833179,https://blend.com/ebook/home-equity-transformation-2026/,https://blend.com/,False,https://blend.com/ebook/home-equity-transformation-2026/,https://blend.com/,https://blend.com/ebook/home-equity-transformation-2026/,recon_page,2026-05-02T19:57:54.888075,0,0,0,0,0,0,0,0,0,0,0,0,0,0,0,0,0,0,0,0,0,0,0,0,0,0,0,0,0,0,0,0,0,0,0,0,0,0,0,0,0,0
122,1,3,0,0,0,0,0,0,9,0,com,200,2,103697,281.024,0,0,26,1,nginx,0,html,0,0,0,1,7,1,1,1,1,1,0,0,1,4,0,0,0,0,0,0,0,0,1,7,0,0,0,0,1,18,7,9,2,1,118,111,7,1,1,1,23,1,5,1,1,14,1,0,1,0,1,1,0,1,0,0,1,1,0,1,0,0,0,0,0,0,0,0,0,0,0,0,0.0,0.0,0.0,0,0,0,0,0,0,0,0,0,0,0,0,73,5,0,0,0,0,0,0,0,0.0,0.0001735826494498,0.875,0.1060782857749018,0,,multi_full_20260502_195223_0002,2026-05-02T19:57:54.830921,https://blend.com/company/newsroom/crosscountry-mortgage-and-blend-introduce-joint-solutions-to-simplify-loan-origination/,https://blend.com/,False,https://blend.com/company/newsroom/crosscountry-mortgage-and-blend-introduce-joint-solutions-to-simplify-loan-origination/,https://blend.com/,https://blend.com/company/newsroom/crosscountry-mortgage-and-blend-introduce-joint-solutions-to-simplify-loan-origination/,recon_page,2026-05-02T19:57:54.933858,0,0,0,0,0,0,0,0,0,0,0,0,0,0,0,0,0,0,0,0,0,0,0,0,0,0,0,0,0,0,0,0,0,0,0,0,0,0,0,0,0,0
26,1,0,1,1,0,0,0,0,9,0,com,200,2,132578,300.16,0,0,26,1,nginx,0,html,0,0,0,1,7,1,1,1,1,1,0,0,1,4,0,0,0,0,0,0,0,0,1,7,0,0,0,0,1,20,9,9,2,1,136,130,6,1,32,1,23,1,5,1,1,22,1,0,1,0,1,1,0,1,0,0,1,1,0,0,0,0,0,0,1,0,0,0,0,0,0,0,0.0,0.0,0.0,0,0,0,0,0,0,0,0,0,0,0,0,82,8,0,0,0,0,0,0,0,0.0,0.0001508545912594,0.875,0.0829700251927167,0,,multi_full_20260502_195223_0002,2026-05-02T19:57:54.918564,https://blend.com/?p=40782,https://blend.com/,False,https://blend.com/?p=40782,https://blend.com/,https://blend.com/?p=40782,recon_page,2026-05-02T19:57:54.961467,0,0,0,0,0,0,0,0,0,0,0,0,0,0,0,0,0,0,0,0,0,0,0,0,0,0,0,0,0,0,0,0,0,0,0,0,0,0,0,0,0,0
94,1,3,0,0,0,0,0,0,9,0,com,200,2,88327,748.502,0,0,26,1,nginx,0,html,0,0,0,1,7,1,1,1,1,1,0,0,1,4,0,0,0,0,0,0,0,0,1,7,0,0,0,0,1,18,7,9,2,1,120,113,7,0,0,1,23,1,5,1,1,14,1,0,1,0,1,1,0,1,0,0,1,1,0,0,0,0,0,0,0,0,0,0,0,0,0,0,0.0,0.0,0.0,0,0,0,0,0,0,0,0,0,0,0,0,73,6,0,0,0,0,2,0,0,0.0,0.0002037881961348,0.875,0.1245372309712771,0,,multi_full_20260502_195223_0002,2026-05-02T19:57:57.522116,https://blend.com/company/newsroom/blend-named-2026-housingwire-tech100-mortgage-award-winner/,https://blend.com/,False,https://blend.com/company/newsroom/blend-named-2026-housingwire-tech100-mortgage-award-winner/,https://blend.com/,https://blend.com/company/newsroom/blend-named-2026-housingwire-tech100-mortgage-award-winner/,recon_page,2026-05-02T19:57:57.531217,0,0,0,0,0,0,0,0,0,0,0,0,0,0,0,0,0,0,0,0,0,0,0,0,0,0,0,0,0,0,0,0,0,0,0,0,0,0,0,0,0,0
92,1,2,0,0,0,0,0,0,9,0,com,200,2,87053,653.83,0,0,26,1,nginx,0,html,0,0,0,1,7,1,1,1,1,1,0,0,1,4,0,0,0,0,0,0,0,0,1,7,0,0,0,0,1,19,8,9,2,1,116,110,6,1,4,1,23,1,5,1,1,14,1,0,1,0,1,1,0,1,0,0,1,1,0,0,0,0,0,0,0,0,0,0,0,0,0,0,0.0,0.0,0.0,0,0,0,0,0,0,0,0,0,0,0,0,71,5,0,0,0,0,0,0,0,0.0,0.0002182578429232,0.875,0.1263598037976864,0,,multi_full_20260502_195223_0002,2026-05-02T19:57:57.882586,https://blend.com/webinar/the-insurance-gap-protecting-margins-closings-high-premium-market/,https://blend.com/,False,https://blend.com/webinar/the-insurance-gap-protecting-margins-closings-high-premium-market/,https://blend.com/,https://blend.com/webinar/the-insurance-gap-protecting-margins-closings-high-premium-market/,recon_page,2026-05-02T19:57:57.905421,0,0,0,0,0,0,0,0,0,0,0,0,0,0,0,0,0,0,0,0,0,0,0,0,0,0,0,0,0,0,0,0,0,0,0,0,0,0,0,0,0,0
46,1,2,0,0,0,0,0,0,9,0,com,200,2,107138,877.248,0,0,26,1,nginx,0,html,0,0,0,1,7,1,1,1,1,1,0,0,1,4,0,0,0,0,0,0,0,0,1,7,0,0,0,0,1,19,8,9,2,1,124,118,6,1,7,1,23,1,5,1,1,14,1,0,1,0,1,1,0,1,0,0,1,1,0,0,0,0,0,0,0,0,0,0,0,0,0,0,0.0,0.0,0.0,0,0,0,0,0,0,0,0,0,0,0,0,78,8,0,0,0,0,0,0,0,0.0,0.0001773413728089,0.875,0.1026713210998898,0,,multi_full_20260502_195223_0002,2026-05-02T19:58:02.336268,https://blend.com/customers/movement-mortgage/,https://blend.com/,False,https://blend.com/customers/movement-mortgage/,https://blend.com/,https://blend.com/customers/movement-mortgage/,recon_page,2026-05-02T19:58:02.346172,0,0,0,0,0,0,0,0,0,0,0,0,0,0,0,0,0,0,0,0,0,0,0,0,0,0,0,0,0,0,0,0,0,0,0,0,0,0,0,0,0,0
93,1,3,0,0,0,0,0,0,9,0,com,200,2,143426,1360.155,0,0,26,1,nginx,0,html,0,0,0,1,7,1,1,1,1,1,0,0,1,4,0,0,0,0,0,0,0,0,1,8,0,0,0,0,1,20,8,9,3,1,128,119,9,1,14,1,26,1,5,1,1,16,1,0,1,0,1,1,0,1,0,0,1,1,0,0,0,0,0,0,0,0,0,0,0,0,0,0,0.0,0.0,0.0,0,0,0,0,0,0,0,0,0,0,0,0,81,11,0,0,0,0,0,0,0,0.0,0.0001394447310808,0.875,0.0836668386485016,0,,multi_full_20260502_195223_0002,2026-05-02T19:58:02.636690,https://blend.com/blog/blend-momentum/blend-autopilot-automated-underwriting-document-review/,https://blend.com/,False,https://blend.com/blog/blend-momentum/blend-autopilot-automated-underwriting-document-review/,https://blend.com/,https://blend.com/blog/blend-momentum/blend-autopilot-automated-underwriting-document-review/,recon_page,2026-05-02T19:58:02.649033,0,0,0,0,0,0,0,0,0,0,0,0,0,0,0,0,0,0,0,0,0,0,0,0,0,0,0,0,0,0,0,0,0,0,0,0,0,0,0,0,0,0
64,1,2,0,0,0,0,0,0,9,0,com,200,2,86370,583.287,0,0,26,1,nginx,0,html,0,0,0,1,7,1,1,1,1,1,0,0,1,4,0,0,0,0,0,0,0,0,1,7,0,0,0,0,1,19,8,9,2,1,116,110,6,1,1,1,23,1,5,1,1,14,1,0,1,0,1,1,0,1,0,0,1,1,0,0,0,0,0,0,0,0,0,0,0,0,0,0,0.0,0.0,0.0,0,0,0,0,0,0,0,0,0,0,0,0,71,5,0,0,0,0,0,0,0,0.0,0.000219983790668,0.875,0.1273590367025587,0,,multi_full_20260502_195223_0002,2026-05-02T19:58:04.463978,https://blend.com/webinar/mortgage-power-up-borrower-experience/,https://blend.com/,False,https://blend.com/webinar/mortgage-power-up-borrower-experience/,https://blend.com/,https://blend.com/webinar/mortgage-power-up-borrower-experience/,recon_page,2026-05-02T19:58:04.476713,0,0,0,0,0,0,0,0,0,0,0,0,0,0,0,0,0,0,0,0,0,0,0,0,0,0,0,0,0,0,0,0,0,0,0,0,0,0,0,0,0,0
26,1,0,1,1,0,0,0,0,9,0,com,200,2,107203,168.576,0,0,26,1,nginx,0,html,0,0,0,1,7,1,1,1,1,1,0,0,1,4,0,0,0,0,0,0,0,0,1,10,0,0,0,0,1,20,9,9,2,1,126,120,6,1,10,1,23,1,5,1,1,14,1,0,1,0,1,1,0,1,0,0,1,1,0,0,0,0,0,0,1,0,0,0,0,0,0,0,0.0,0.0,0.0,0,0,0,0,0,0,0,0,0,0,0,0,80,8,0,0,0,0,0,0,0,0.0,0.0001865619432292,0.875,0.1305933602604404,0,,multi_full_20260502_195223_0002,2026-05-02T19:58:10.336965,https://blend.com/?p=34448,https://blend.com/,False,https://blend.com/?p=34448,https://blend.com/,https://blend.com/?p=34448,recon_page,2026-05-02T19:58:10.362030,0,0,0,0,0,0,0,0,0,0,0,0,0,0,0,0,0,0,0,0,0,0,0,0,0,0,0,0,0,0,0,0,0,0,0,0,0,0,0,0,0,0
38,1,2,0,0,0,0,0,0,9,0,com,200,2,119872,231.074,0,0,26,1,nginx,0,html,0,0,0,1,7,1,1,1,1,1,0,0,1,4,0,0,0,0,0,0,0,0,1,7,0,0,0,0,1,19,8,9,2,1,127,119,8,1,10,1,23,1,5,1,1,14,1,0,1,0,1,1,0,1,0,0,1,1,0,0,0,0,0,0,0,0,0,0,0,0,0,0,0.0,0.0,0.0,0,0,0,0,0,0,0,0,0,0,0,0,80,8,0,0,0,0,0,0,0,0.0,0.0001585024025627,0.875,0.0917645488521089,0,,multi_full_20260502_195223_0002,2026-05-02T19:58:10.838588,https://blend.com/customers/rural-1st/,https://blend.com/,False,https://blend.com/customers/rural-1st/,https://blend.com/,https://blend.com/customers/rural-1st/,recon_page,2026-05-02T19:58:10.871011,0,0,0,0,0,0,0,0,0,0,0,0,0,0,0,0,0,0,0,0,0,0,0,0,0,0,0,0,0,0,0,0,0,0,0,0,0,0,0,0,0,0
75,1,3,0,0,0,0,0,0,9,0,com,200,2,107197,1189.54,0,0,26,1,nginx,0,html,0,0,0,1,7,1,1,1,1,1,0,0,1,4,0,0,0,0,0,0,0,0,1,7,0,0,0,0,1,19,8,9,2,1,128,119,9,1,6,1,26,1,5,1,1,14,1,0,1,0,1,1,0,1,0,0,1,1,0,0,0,0,0,0,0,0,0,0,0,0,0,0,0.0,0.0,0.0,0,0,0,0,0,0,0,0,0,0,0,0,80,11,0,0,0,0,0,0,0,0.0,0.0001772437661501,0.875,0.1026148119816785,0,,multi_full_20260502_195223_0002,2026-05-02T19:58:11.418743,https://blend.com/blog/platform-services/new-way-assess-credit-eligibility/,https://blend.com/,False,https://blend.com/blog/platform-services/new-way-assess-credit-eligibility/,https://blend.com/,https://blend.com/blog/platform-services/new-way-assess-credit-eligibility/,recon_page,2026-05-02T19:58:11.449409,0,0,0,0,0,0,0,0,0,0,0,0,0,0,0,0,0,0,0,0,0,0,0,0,0,0,0,0,0,0,0,0,0,0,0,0,0,0,0,0,0,0
43,1,2,0,0,0,0,0,0,9,0,com,200,2,85014,709.386,0,0,26,1,nginx,0,html,0,0,0,1,7,1,1,1,1,1,0,0,1,4,0,0,0,0,0,0,0,0,1,7,0,0,0,0,1,19,8,9,2,1,117,111,6,1,1,1,23,1,5,1,1,14,1,0,1,0,1,1,0,1,0,0,1,1,0,0,0,0,0,0,0,0,0,0,0,0,0,0,0.0,0.0,0.0,0,0,0,0,0,0,0,0,0,0,0,0,72,5,0,0,0,0,0,0,0,0.0,0.0002234926012186,0.875,0.1293904533370974,0,,multi_full_20260502_195223_0002,2026-05-02T19:58:12.429807,https://blend.com/ebook/power-winning-trio/,https://blend.com/,False,https://blend.com/ebook/power-winning-trio/,https://blend.com/,https://blend.com/ebook/power-winning-trio/,recon_page,2026-05-02T19:58:12.446095,0,0,0,0,0,0,0,0,0,0,0,0,0,0,0,0,0,0,0,0,0,0,0,0,0,0,0,0,0,0,0,0,0,0,0,0,0,0,0,0,0,0
42,1,2,0,0,0,0,0,0,9,0,com,200,2,106212,249.016,0,0,26,1,nginx,0,html,0,0,0,1,7,1,1,1,1,1,0,0,1,4,0,0,0,0,0,0,0,0,1,7,0,0,0,0,1,19,8,9,2,1,124,118,6,1,6,1,23,1,5,1,1,14,1,0,1,0,1,1,0,1,0,0,1,1,0,0,0,0,0,0,0,0,0,0,0,0,0,0,0.0,0.0,0.0,0,0,0,0,0,0,0,0,0,0,0,0,77,9,0,0,0,0,0,0,0,0.0,0.0001788875080028,0.875,0.103566452001657,0,,multi_full_20260502_195223_0002,2026-05-02T19:58:17.482955,https://blend.com/customers/swbc-mortgage/,https://blend.com/,False,https://blend.com/customers/swbc-mortgage/,https://blend.com/,https://blend.com/customers/swbc-mortgage/,recon_page,2026-05-02T19:58:17.509020,0,0,0,0,0,0,0,0,0,0,0,0,0,0,0,0,0,0,0,0,0,0,0,0,0,0,0,0,0,0,0,0,0,0,0,0,0,0,0,0,0,0
26,1,0,1,1,0,0,0,0,9,0,com,200,2,115274,160.835,0,0,26,1,nginx,0,html,0,0,0,1,7,1,1,1,1,1,0,0,1,4,0,0,0,0,0,0,0,0,1,7,0,0,0,0,1,22,10,9,3,1,124,118,6,1,18,1,23,1,5,1,1,14,1,0,1,0,1,1,0,1,0,0,1,1,0,0,0,0,0,0,1,0,0,0,0,0,0,0,0.0,0.0,0.0,0,0,0,0,0,0,0,0,0,0,0,0,75,7,0,0,0,0,0,0,0,0.0,0.0001908496278432,0.875,0.0954248139216128,0,,multi_full_20260502_195223_0002,2026-05-02T19:58:19.221624,https://blend.com/?p=45281,https://blend.com/,False,https://blend.com/?p=45281,https://blend.com/,https://blend.com/?p=45281,recon_page,2026-05-02T19:58:19.233567,0,0,0,0,0,0,0,0,0,0,0,0,0,0,0,0,0,0,0,0,0,0,0,0,0,0,0,0,0,0,0,0,0,0,0,0,0,0,0,0,0,0
61,1,1,1,1,0,0,0,0,9,0,com,200,2,92247,652.4839999999999,0,0,26,1,nginx,0,html,0,0,0,1,7,1,1,1,1,1,0,0,1,7,0,0,0,0,0,0,1,1,1,52,0,0,1,2,1,20,8,10,2,1,118,112,6,0,0,1,23,1,6,1,1,14,1,0,1,0,1,1,0,1,0,0,1,1,0,0,0,0,0,0,1,0,0,0,0,0,0,0,0.0,0.0,0.0,0,0,0,0,0,0,0,0,0,0,0,0,73,5,0,0,0,0,0,0,0,0.0,0.0002168092187279,0.875,0.6395871952475419,0,,multi_full_20260502_195223_0002,2026-05-02T19:58:23.938327,https://blend.com/resources/?topic=ai-intelligent-origination,https://blend.com/,False,https://blend.com/resources/?topic=ai-intelligent-origination,https://blend.com/,https://blend.com/resources/?topic=ai-intelligent-origination,recon_page,2026-05-02T19:58:23.945257,0,0,0,0,0,0,0,0,0,0,0,0,0,0,0,0,0,0,0,0,0,0,0,0,0,0,0,0,0,0,0,0,0,0,0,0,0,0,0,0,0,0
82,1,2,0,0,0,0,0,0,9,0,com,200,2,104286,795.7149999999999,0,0,26,1,nginx,0,html,0,0,0,1,7,1,1,1,1,1,0,0,1,4,0,0,0,0,0,0,0,0,1,7,0,0,0,0,1,20,8,9,3,1,128,119,9,1,5,1,23,1,5,1,1,16,1,0,1,0,1,1,0,1,0,0,1,1,0,0,0,0,0,0,0,0,0,0,0,0,0,0,0.0,0.0,0.0,0,0,0,0,0,0,0,0,0,0,0,0,81,11,0,0,0,0,0,0,0,0.0,0.0001917802964923,0.875,0.1054791630707861,0,,multi_full_20260502_195223_0002,2026-05-02T19:58:25.357207,https://blend.com/webinar/blend-showcases-intelligent-quality-control-housingwire/,https://blend.com/,False,https://blend.com/webinar/blend-showcases-intelligent-quality-control-housingwire/,https://blend.com/,https://blend.com/webinar/blend-showcases-intelligent-quality-control-housingwire/,recon_page,2026-05-02T19:58:25.363961,0,0,0,0,0,0,0,0,0,0,0,0,0,0,0,0,0,0,0,0,0,0,0,0,0,0,0,0,0,0,0,0,0,0,0,0,0,0,0,0,0,0
81,1,2,0,0,0,0,0,0,9,0,com,200,2,87302,463.156,0,0,26,1,nginx,0,html,0,0,0,1,7,1,1,1,1,1,0,0,1,4,0,0,0,0,0,0,0,0,1,7,0,0,0,0,1,19,8,9,2,1,117,111,6,1,4,1,23,1,5,1,1,14,1,0,1,0,1,1,0,1,0,0,1,1,0,0,0,0,0,0,0,0,0,0,0,0,0,0,0.0,0.0,0.0,0,0,0,0,0,0,0,0,0,0,0,0,71,5,0,0,0,0,0,0,0,0.0,0.0002176353348147,0.875,0.125999404366452,0,,multi_full_20260502_195223_0002,2026-05-02T19:58:26.485704,https://blend.com/webinar/next-evolution-digital-lending-intelligent-origination/,https://blend.com/,False,https://blend.com/webinar/next-evolution-digital-lending-intelligent-origination/,https://blend.com/,https://blend.com/webinar/next-evolution-digital-lending-intelligent-origination/,recon_page,2026-05-02T19:58:26.499439,0,0,0,0,0,0,0,0,0,0,0,0,0,0,0,0,0,0,0,0,0,0,0,0,0,0,0,0,0,0,0,0,0,0,0,0,0,0,0,0,0,0
76,1,2,0,0,0,0,0,0,9,0,com,200,2,104092,775.702,0,0,26,1,nginx,0,html,0,0,0,1,7,1,1,1,1,1,0,0,1,4,0,0,0,0,0,0,0,0,1,7,0,0,0,0,1,20,8,9,3,1,128,119,9,1,5,1,23,1,5,1,1,16,1,0,1,0,1,1,0,1,0,0,1,1,0,0,0,0,0,0,0,0,0,0,0,0,0,0,0.0,0.0,0.0,0,0,0,0,0,0,0,0,0,0,0,0,81,11,0,0,0,0,0,0,0,0.0,0.0001921377243207,0.875,0.1056757483764362,0,,multi_full_20260502_195223_0002,2026-05-02T19:58:26.973323,https://blend.com/webinar/blend-showcases-rapid-home-equity-for-housingwire/,https://blend.com/,False,https://blend.com/webinar/blend-showcases-rapid-home-equity-for-housingwire/,https://blend.com/,https://blend.com/webinar/blend-showcases-rapid-home-equity-for-housingwire/,recon_page,2026-05-02T19:58:26.989758,0,0,0,0,0,0,0,0,0,0,0,0,0,0,0,0,0,0,0,0,0,0,0,0,0,0,0,0,0,0,0,0,0,0,0,0,0,0,0,0,0,0
26,1,0,1,1,0,0,0,0,9,0,com,200,2,98635,274.281,0,0,26,1,nginx,0,html,0,0,0,1,7,1,1,1,1,1,0,0,1,5,0,0,0,0,0,0,0,0,1,7,0,0,1,1,1,20,8,10,2,1,131,124,7,1,10,1,23,1,6,1,1,14,1,0,1,0,1,1,0,1,0,0,1,1,0,0,0,0,0,0,1,0,0,0,0,0,0,0,0.0,0.0,0.0,0,0,0,0,0,0,0,0,0,0,0,0,84,11,0,0,0,0,0,0,0,0.0,0.0002027677801997,0.875,0.1216606681198357,0,,multi_full_20260502_195223_0002,2026-05-02T19:58:27.547197,https://blend.com/?p=37854,https://blend.com/,False,https://blend.com/?p=37854,https://blend.com/,https://blend.com/?p=37854,recon_page,2026-05-02T19:58:27.562543,0,0,0,0,0,0,0,0,0,0,0,0,0,0,0,0,0,0,0,0,0,0,0,0,0,0,0,0,0,0,0,0,0,0,0,0,0,0,0,0,0,0
87,1,2,0,0,0,0,0,0,9,0,com,200,2,86489,787.153,0,0,26,1,nginx,0,html,0,0,0,1,7,1,1,1,1,1,0,0,1,4,0,0,0,0,0,0,0,0,1,7,0,0,0,0,1,19,8,9,2,1,116,110,6,1,3,1,23,1,5,1,1,14,1,0,1,0,1,1,0,1,0,0,1,1,0,0,0,0,0,0,0,0,0,0,0,0,0,0,0.0,0.0,0.0,0,0,0,0,0,0,0,0,0,0,0,0,71,5,0,0,0,0,0,0,0,0.0,0.0002196811155175,0.875,0.1271838037207043,0,,multi_full_20260502_195223_0002,2026-05-02T19:58:28.570510,https://blend.com/webinar/prevent-fraud-accelerate-auto-approvals-strength-blend-alloy/,https://blend.com/,False,https://blend.com/webinar/prevent-fraud-accelerate-auto-approvals-strength-blend-alloy/,https://blend.com/,https://blend.com/webinar/prevent-fraud-accelerate-auto-approvals-strength-blend-alloy/,recon_page,2026-05-02T19:58:28.594658,0,0,0,0,0,0,0,0,0,0,0,0,0,0,0,0,0,0,0,0,0,0,0,0,0,0,0,0,0,0,0,0,0,0,0,0,0,0,0,0,0,0
66,1,2,0,0,0,0,0,0,9,0,com,200,2,86706,704.154,0,0,26,1,nginx,0,html,0,0,0,1,7,1,1,1,1,1,0,0,1,4,0,0,0,0,0,0,0,0,1,7,0,0,0,0,1,19,8,9,2,1,116,110,6,1,4,1,22,1,5,1,1,14,1,0,1,0,1,1,0,1,0,0,1,1,0,0,0,0,0,0,0,0,0,0,0,0,0,0,0.0,0.0,0.0,0,0,0,0,0,0,0,0,0,0,0,0,71,5,0,0,0,0,0,0,0,0.0,0.0002191313173252,0.875,0.1268654995040712,0,,multi_full_20260502_195223_0002,2026-05-02T19:58:36.489617,https://blend.com/webinar/next-level-growth-closing-execution-gap/,https://blend.com/,False,https://blend.com/webinar/next-level-growth-closing-execution-gap/,https://blend.com/,https://blend.com/webinar/next-level-growth-closing-execution-gap/,recon_page,2026-05-02T19:58:36.501088,0,0,0,0,0,0,0,0,0,0,0,0,0,0,0,0,0,0,0,0,0,0,0,0,0,0,0,0,0,0,0,0,0,0,0,0,0,0,0,0,0,0
26,1,0,1,1,0,0,0,0,9,0,com,200,2,107763,119.161,0,0,26,1,nginx,0,html,0,0,0,1,7,1,1,1,1,1,0,0,1,4,0,0,0,0,0,0,0,0,1,7,0,0,0,0,1,19,8,9,2,1,124,118,6,1,6,1,23,1,5,1,1,14,1,0,1,0,1,1,0,1,0,0,1,1,0,0,0,0,0,0,1,0,0,0,0,0,0,0,0.0,0.0,0.0,0,0,0,0,0,0,0,0,0,0,0,0,78,8,0,0,0,0,0,0,0,0.0,0.0001763128346463,0.875,0.1020758516373894,0,,multi_full_20260502_195223_0002,2026-05-02T19:58:38.251100,https://blend.com/?p=33697,https://blend.com/,False,https://blend.com/?p=33697,https://blend.com/,https://blend.com/?p=33697,recon_page,2026-05-02T19:58:38.262166,0,0,0,0,0,0,0,0,0,0,0,0,0,0,0,0,0,0,0,0,0,0,0,0,0,0,0,0,0,0,0,0,0,0,0,0,0,0,0,0,0,0
26,1,0,1,1,0,0,0,0,9,0,com,200,2,95373,132.869,0,0,26,1,nginx,0,html,0,0,0,1,7,1,1,1,1,1,0,0,1,4,0,0,0,0,0,0,0,0,1,7,0,0,0,0,1,19,7,9,3,1,120,113,7,1,1,1,23,1,5,1,1,16,1,0,1,0,1,1,0,1,0,0,1,1,0,0,0,0,0,0,1,0,0,0,0,0,0,0,0.0,0.0,0.0,0,0,0,0,0,0,0,0,0,0,0,0,74,5,0,0,0,0,2,0,0,0.0,0.000199217807975,0.875,0.1153366256697388,0,,multi_full_20260502_195223_0002,2026-05-02T19:58:39.658053,https://blend.com/?p=45636,https://blend.com/,False,https://blend.com/?p=45636,https://blend.com/,https://blend.com/?p=45636,recon_page,2026-05-02T19:58:39.680799,0,0,0,0,0,0,0,0,0,0,0,0,0,0,0,0,0,0,0,0,0,0,0,0,0,0,0,0,0,0,0,0,0,0,0,0,0,0,0,0,0,0
17,0,0,0,0,0,0,0,0,9,0,com,200,2,132646,134.221,0,0,26,1,nginx,0,html,0,0,0,1,7,1,1,1,1,1,0,0,1,4,0,0,0,0,0,0,0,0,1,7,0,0,0,0,1,19,8,9,2,1,147,141,6,1,29,1,23,1,5,1,1,16,1,0,1,0,1,1,0,1,0,0,1,1,0,0,0,0,0,0,0,0,0,0,0,0,0,0,0.0,0.0,0.0,0,0,0,0,0,0,0,0,0,0,0,0,82,6,0,0,0,0,0,0,0,0.0,0.0001432383939206,0.875,0.0829274912172248,0,,multi_full_20260502_195223_0002,2026-05-02T19:58:43.493453,http://blend.com/,https://blend.com/,False,http://blend.com/,https://blend.com/,http://blend.com/,recon_page,2026-05-02T19:58:43.522131,0,0,0,0,0,0,0,0,0,0,0,0,0,0,0,0,0,0,0,0,0,0,0,0,0,0,0,0,0,0,0,0,0,0,0,0,0,0,0,0,0,0
26,1,0,1,1,0,0,0,0,9,0,com,200,2,93660,247.637,0,0,26,1,nginx,0,html,0,0,0,1,7,1,1,1,1,1,0,0,1,7,0,0,0,0,0,0,0,0,1,7,0,0,1,2,1,19,8,9,2,1,117,111,6,1,13,1,23,1,5,1,1,14,1,0,1,0,1,1,0,1,0,0,1,1,0,0,0,0,0,0,1,0,0,0,0,0,0,0,0.0,0.0,0.0,0,0,0,0,0,0,0,0,0,0,0,0,71,5,0,0,0,0,0,0,0,0.0,0.0002028614136237,0.875,0.1494768310911808,0,,multi_full_20260502_195223_0002,2026-05-02T19:58:45.266354,https://blend.com/?p=23034,https://blend.com/,False,https://blend.com/?p=23034,https://blend.com/,https://blend.com/?p=23034,recon_page,2026-05-02T19:58:45.279971,0,0,0,0,0,0,0,0,0,0,0,0,0,0,0,0,0,0,0,0,0,0,0,0,0,0,0,0,0,0,0,0,0,0,0,0,0,0,0,0,0,0
51,1,3,0,0,0,0,0,0,9,0,com,200,2,108219,120.401,0,0,26,1,nginx,0,html,0,0,0,1,7,1,1,1,1,1,0,0,1,4,0,0,0,0,0,0,0,0,1,11,0,0,0,0,1,20,9,9,2,1,126,120,6,1,11,1,23,1,5,1,1,14,1,0,1,0,1,1,0,1,0,0,1,1,0,0,0,0,0,0,0,0,0,0,0,0,0,0,0.0,0.0,0.0,0,0,0,0,0,0,0,0,0,0,0,0,80,8,0,0,0,0,0,0,0,0.0,0.0001848104307007,0.875,0.1386078230255315,0,,multi_full_20260502_195223_0002,2026-05-02T19:58:48.990725,https://blend.com/products/mortgage-suite/mortgage/,https://blend.com/,False,https://blend.com/products/mortgage-suite/mortgage/,https://blend.com/,https://blend.com/products/mortgage-suite/mortgage/,recon_page,2026-05-02T19:58:49.005302,0,0,0,0,0,0,0,0,0,0,0,0,0,0,0,0,0,0,0,0,0,0,0,0,0,0,0,0,0,0,0,0,0,0,0,0,0,0,0,0,0,0
37,1,2,0,0,0,0,0,0,9,0,com,200,2,106085,991.367,0,0,26,1,nginx,0,html,0,0,0,1,7,1,1,1,1,1,0,0,1,4,0,0,0,0,0,0,0,0,1,7,0,0,0,0,1,19,8,9,2,1,124,118,6,1,7,1,23,1,5,1,1,14,1,0,1,0,1,1,0,1,0,0,1,1,0,0,0,0,0,0,0,0,0,0,0,0,0,0,0.0,0.0,0.0,0,0,0,0,0,0,0,0,0,0,0,0,78,8,0,0,0,0,0,0,0,0.0,0.0001791016637601,0.875,0.1036904369137955,0,,multi_full_20260502_195223_0002,2026-05-02T19:58:51.224562,https://blend.com/customers/citizens/,https://blend.com/,False,https://blend.com/customers/citizens/,https://blend.com/,https://blend.com/customers/citizens/,recon_page,2026-05-02T19:58:51.239643,0,0,0,0,0,0,0,0,0,0,0,0,0,0,0,0,0,0,0,0,0,0,0,0,0,0,0,0,0,0,0,0,0,0,0,0,0,0,0,0,0,0
36,1,2,0,0,0,0,0,0,9,0,com,200,2,110936,948.577,0,0,26,1,nginx,0,html,0,0,0,1,7,1,1,1,1,1,0,0,1,4,0,0,0,0,0,0,0,0,1,7,0,0,0,0,1,19,8,9,2,1,125,118,7,1,7,1,23,1,5,1,1,14,1,0,1,0,1,1,0,1,0,0,1,1,0,0,0,0,0,0,0,0,0,0,0,0,0,0,0.0,0.0,0.0,0,0,0,0,0,0,0,0,0,0,0,0,78,8,0,0,0,0,0,0,0,0.0,0.0001712699213961,0.875,0.0991562702819643,0,,multi_full_20260502_195223_0002,2026-05-02T19:58:53.011696,https://blend.com/customers/us-bank/,https://blend.com/,False,https://blend.com/customers/us-bank/,https://blend.com/,https://blend.com/customers/us-bank/,recon_page,2026-05-02T19:58:53.017119,0,0,0,0,0,0,0,0,0,0,0,0,0,0,0,0,0,0,0,0,0,0,0,0,0,0,0,0,0,0,0,0,0,0,0,0,0,0,0,0,0,0
26,1,0,1,1,0,0,0,0,9,0,com,200,2,111180,330.166,0,0,26,1,nginx,0,html,0,0,0,1,7,1,1,1,1,1,0,0,1,4,0,0,0,0,0,0,0,0,1,7,0,0,0,0,1,19,8,9,2,1,127,120,7,1,6,1,23,1,5,1,1,14,1,0,1,0,1,1,0,1,0,0,1,1,0,0,0,0,0,0,1,0,0,0,0,0,0,0,0.0,0.0,0.0,0,0,0,0,0,0,0,0,0,0,0,0,80,8,0,0,0,0,0,0,0,0.0,0.0001708940456916,0.875,0.0989386580320201,0,,multi_full_20260502_195223_0002,2026-05-02T19:58:53.627879,https://blend.com/?p=33990,https://blend.com/,False,https://blend.com/?p=33990,https://blend.com/,https://blend.com/?p=33990,recon_page,2026-05-02T19:58:53.661314,0,0,0,0,0,0,0,0,0,0,0,0,0,0,0,0,0,0,0,0,0,0,0,0,0,0,0,0,0,0,0,0,0,0,0,0,0,0,0,0,0,0
51,1,2,0,0,0,0,0,0,9,0,com,200,2,118320,385.288,0,0,26,1,nginx,0,html,0,0,0,1,7,1,1,1,1,1,0,0,1,4,0,0,0,0,0,0,0,0,1,7,0,0,0,0,1,18,7,9,2,1,124,112,12,0,0,1,23,1,6,1,1,14,1,0,1,0,1,1,0,1,0,0,1,1,0,0,0,0,0,0,0,0,0,0,0,0,0,0,0.0,0.0,0.0,0,0,0,0,0,0,0,0,0,0,0,0,79,6,0,0,0,0,5,0,0,0.0,0.0001521298174442,0.875,0.0929682217714672,0,,multi_full_20260502_195223_0002,2026-05-02T19:58:54.136767,https://blend.com/policies/platform-privacy-policy/,https://blend.com/,False,https://blend.com/policies/platform-privacy-policy/,https://blend.com/,https://blend.com/policies/platform-privacy-policy/,recon_page,2026-05-02T19:58:54.149001,0,0,0,0,0,0,0,0,0,0,0,0,0,0,0,0,0,0,0,0,0,0,0,0,0,0,0,0,0,0,0,0,0,0,0,0,0,0,0,0,0,0
26,1,0,1,1,0,0,0,0,9,0,com,200,2,111623,135.41400000000002,0,0,26,1,nginx,0,html,0,0,0,1,7,1,1,1,1,1,0,0,1,4,0,0,0,0,0,0,0,0,1,7,0,0,0,0,1,18,7,9,2,1,135,120,15,0,0,1,22,1,7,1,1,14,1,0,1,0,1,1,0,1,0,0,1,1,0,0,0,0,0,0,1,0,0,0,0,0,0,0,0.0,0.0,0.0,0,0,0,0,0,0,0,0,0,0,0,0,83,11,0,0,0,0,1,0,0,0.0,0.0001612570885928,0.875,0.0985459985845211,0,,multi_full_20260502_195223_0002,2026-05-02T19:58:54.351504,https://blend.com/?p=34166,https://blend.com/,False,https://blend.com/?p=34166,https://blend.com/,https://blend.com/?p=34166,recon_page,2026-05-02T19:58:54.372340,0,0,0,0,0,0,0,0,0,0,0,0,0,0,0,0,0,0,0,0,0,0,0,0,0,0,0,0,0,0,0,0,0,0,0,0,0,0,0,0,0,0
81,1,3,0,0,0,0,0,0,9,0,com,200,2,108697,485.862,0,0,26,1,nginx,0,html,0,0,0,1,7,1,1,1,1,1,0,0,1,4,0,0,0,0,0,0,0,0,1,7,0,0,0,0,1,18,7,9,2,1,118,112,6,0,0,1,23,1,6,1,1,14,1,0,1,0,1,1,0,1,0,0,1,1,0,0,0,0,0,0,0,0,0,0,0,0,0,0,0.0,0.0,0.0,0,0,0,0,0,0,0,0,0,0,0,0,73,5,0,0,0,0,1,0,0,0.0,0.0001655979465854,0.875,0.1011987451355603,0,,multi_full_20260502_195223_0002,2026-05-02T19:58:55.015084,https://blend.com/company/careers/notice-at-collection-for-california-applicants/,https://blend.com/,False,https://blend.com/company/careers/notice-at-collection-for-california-applicants/,https://blend.com/,https://blend.com/company/careers/notice-at-collection-for-california-applicants/,recon_page,2026-05-02T19:58:55.024491,0,0,0,0,0,0,0,0,0,0,0,0,0,0,0,0,0,0,0,0,0,0,0,0,0,0,0,0,0,0,0,0,0,0,0,0,0,0,0,0,0,0
41,1,2,0,0,0,0,0,0,9,0,com,200,2,84102,713.638,0,0,26,1,nginx,0,html,0,0,0,1,7,1,1,1,1,1,0,0,1,4,0,0,0,0,0,0,0,0,1,7,0,0,0,0,1,18,7,9,2,1,116,110,6,1,1,1,23,1,5,1,1,14,1,0,1,0,1,1,0,1,0,0,1,1,0,0,0,0,0,0,0,0,0,0,0,0,0,0,0.0,0.0,0.0,0,0,0,0,0,0,0,0,0,0,0,0,71,5,0,0,0,0,0,0,0,0.0,0.0002140258257829,0.875,0.1307935602007086,0,,multi_full_20260502_195223_0002,2026-05-02T19:59:04.325863,https://blend.com/bio/srini-venkatramani/,https://blend.com/,False,https://blend.com/bio/srini-venkatramani/,https://blend.com/,https://blend.com/bio/srini-venkatramani/,recon_page,2026-05-02T19:59:04.337176,0,0,0,0,0,0,0,0,0,0,0,0,0,0,0,0,0,0,0,0,0,0,0,0,0,0,0,0,0,0,0,0,0,0,0,0,0,0,0,0,0,0
34,1,2,0,0,0,0,0,0,9,0,com,200,2,84320,852.082,0,0,26,1,nginx,0,html,0,0,0,1,7,1,1,1,1,1,0,0,1,4,0,0,0,0,0,0,0,0,1,7,0,0,0,0,1,18,7,9,2,1,116,110,6,1,1,1,23,1,5,1,1,14,1,0,1,0,1,1,0,1,0,0,1,1,0,0,0,0,0,0,0,0,0,0,0,0,0,0,0.0,0.0,0.0,0,0,0,0,0,0,0,0,0,0,0,0,71,5,0,0,0,0,0,0,0,0.0,0.0002134724857685,0.875,0.1304554079696394,0,,multi_full_20260502_195223_0002,2026-05-02T19:59:05.904110,https://blend.com/bio/winnie-ling/,https://blend.com/,False,https://blend.com/bio/winnie-ling/,https://blend.com/,https://blend.com/bio/winnie-ling/,recon_page,2026-05-02T19:59:05.922172,0,0,0,0,0,0,0,0,0,0,0,0,0,0,0,0,0,0,0,0,0,0,0,0,0,0,0,0,0,0,0,0,0,0,0,0,0,0,0,0,0,0
33,1,2,0,0,0,0,0,0,9,0,com,200,2,83749,747.66,0,0,26,1,nginx,0,html,0,0,0,1,7,1,1,1,1,1,0,0,1,4,0,0,0,0,0,0,0,0,1,7,0,0,0,0,1,18,7,9,2,1,116,110,6,1,1,1,23,1,5,1,1,14,1,0,1,0,1,1,0,1,0,0,1,1,0,0,0,0,0,0,0,0,0,0,0,0,0,0,0.0,0.0,0.0,0,0,0,0,0,0,0,0,0,0,0,0,71,5,0,0,0,0,0,0,0,0.0,0.000214927939438,0.875,0.1313448518788284,0,,multi_full_20260502_195223_0002,2026-05-02T19:59:06.800767,https://blend.com/bio/jason-ream/,https://blend.com/,False,https://blend.com/bio/jason-ream/,https://blend.com/,https://blend.com/bio/jason-ream/,recon_page,2026-05-02T19:59:06.814315,0,0,0,0,0,0,0,0,0,0,0,0,0,0,0,0,0,0,0,0,0,0,0,0,0,0,0,0,0,0,0,0,0,0,0,0,0,0,0,0,0,0
36,1,2,0,0,0,0,0,0,9,0,com,200,2,83705,851.0600000000001,0,0,26,1,nginx,0,html,0,0,0,1,7,1,1,1,1,1,0,0,1,4,0,0,0,0,0,0,0,0,1,7,0,0,0,0,1,18,7,9,2,1,117,110,7,1,1,1,22,1,5,1,1,14,1,0,1,0,1,1,0,1,0,0,1,1,0,0,0,0,0,0,0,0,0,0,0,0,0,0,0.0,0.0,0.0,0,0,0,0,0,0,0,0,0,0,0,0,72,5,0,0,0,0,0,0,0,0.0,0.0002150409175079,0.875,0.1314138940326145,0,,multi_full_20260502_195223_0002,2026-05-02T19:59:09.896957,https://blend.com/bio/nima-ghamsari/,https://blend.com/,False,https://blend.com/bio/nima-ghamsari/,https://blend.com/,https://blend.com/bio/nima-ghamsari/,recon_page,2026-05-02T19:59:09.919887,0,0,0,0,0,0,0,0,0,0,0,0,0,0,0,0,0,0,0,0,0,0,0,0,0,0,0,0,0,0,0,0,0,0,0,0,0,0,0,0,0,0
26,1,0,1,1,0,0,0,0,9,0,com,200,2,104704,705.061,0,0,26,1,nginx,0,html,0,0,0,1,7,1,1,1,1,1,0,0,1,4,0,0,0,0,0,0,0,0,1,7,0,0,0,0,1,21,9,9,3,1,129,123,6,1,14,1,24,1,5,1,1,14,1,0,1,0,1,1,0,1,0,0,1,1,0,0,0,0,0,0,1,0,0,0,0,0,0,0,0.0,0.0,0.0,0,0,0,0,0,0,0,0,0,0,0,0,80,5,0,0,0,0,0,0,0,0.0,0.0002005654034229,0.875,0.1050580684596577,0,,multi_full_20260502_195223_0002,2026-05-02T19:59:10.415255,https://blend.com/?p=40475,https://blend.com/,False,https://blend.com/?p=40475,https://blend.com/,https://blend.com/?p=40475,recon_page,2026-05-02T19:59:10.441160,0,0,0,0,0,0,0,0,0,0,0,0,0,0,0,0,0,0,0,0,0,0,0,0,0,0,0,0,0,0,0,0,0,0,0,0,0,0,0,0,0,0
82,1,3,0,0,0,0,0,0,9,0,com,200,2,103923,1019.824,0,0,26,1,nginx,0,html,0,0,0,1,7,1,1,1,1,1,0,0,1,4,0,0,0,0,0,0,0,0,1,7,0,0,0,0,1,18,7,9,2,1,118,111,7,1,1,1,20,1,5,1,1,14,1,0,1,0,1,1,0,1,0,0,1,1,0,1,0,0,0,0,0,0,0,0,0,0,0,0,0.0,0.0,0.0,0,0,0,0,0,0,0,0,0,0,0,0,73,5,0,0,0,0,0,0,0,0.0,0.0001732051615138,0.875,0.1058475987028857,0,,multi_full_20260502_195223_0002,2026-05-02T19:59:14.311658,https://blend.com/company/newsroom/seven-top-ten-credit-unions-partner-with-blend/,https://blend.com/,False,https://blend.com/company/newsroom/seven-top-ten-credit-unions-partner-with-blend/,https://blend.com/,https://blend.com/company/newsroom/seven-top-ten-credit-unions-partner-with-blend/,recon_page,2026-05-02T19:59:14.337211,0,0,0,0,0,0,0,0,0,0,0,0,0,0,0,0,0,0,0,0,0,0,0,0,0,0,0,0,0,0,0,0,0,0,0,0,0,0,0,0,0,0
126,1,3,0,0,0,0,0,0,9,0,com,200,2,96154,837.842,0,0,26,1,nginx,0,html,0,0,0,1,7,1,1,1,1,1,0,0,1,4,0,0,0,0,0,0,0,0,1,7,0,0,0,0,1,18,7,9,2,1,119,112,7,0,0,1,23,1,5,1,1,14,1,0,1,0,1,1,0,1,0,0,1,1,0,1,0,0,0,0,0,0,0,0,0,0,0,0,0.0,0.0,0.0,0,0,0,0,0,0,0,0,0,0,0,0,74,5,0,0,0,0,0,0,0,0.0,0.0001871997004804,0.875,0.1143998169602928,0,,multi_full_20260502_195223_0002,2026-05-02T19:59:21.065977,https://blend.com/company/newsroom/blend-launches-rapid-home-lending-solutions-to-transform-refinance-and-home-equity-lending/,https://blend.com/,False,https://blend.com/company/newsroom/blend-launches-rapid-home-lending-solutions-to-transform-refinance-and-home-equity-lending/,https://blend.com/,https://blend.com/company/newsroom/blend-launches-rapid-home-lending-solutions-to-transform-refinance-and-home-equity-lending/,recon_page,2026-05-02T19:59:21.082502,0,0,0,0,0,0,0,0,0,0,0,0,0,0,0,0,0,0,0,0,0,0,0,0,0,0,0,0,0,0,0,0,0,0,0,0,0,0,0,0,0,0
35,1,2,0,0,0,0,0,0,9,0,com,200,2,83877,755.579,0,0,26,1,nginx,0,html,0,0,0,1,7,1,1,1,1,1,0,0,1,4,0,0,0,0,0,0,0,0,1,7,0,0,0,0,1,18,7,9,2,1,116,110,6,1,1,1,23,1,5,1,1,14,1,0,1,0,1,1,0,1,0,0,1,1,0,0,0,0,0,0,0,0,0,0,0,0,0,0,0.0,0.0,0.0,0,0,0,0,0,0,0,0,0,0,0,0,71,5,0,0,0,0,0,0,0,0.0,0.0002145999499266,0.875,0.1311444138440812,0,,multi_full_20260502_195223_0002,2026-05-02T19:59:21.045680,https://blend.com/bio/matt-thomson/,https://blend.com/,False,https://blend.com/bio/matt-thomson/,https://blend.com/,https://blend.com/bio/matt-thomson/,recon_page,2026-05-02T19:59:21.084842,0,0,0,0,0,0,0,0,0,0,0,0,0,0,0,0,0,0,0,0,0,0,0,0,0,0,0,0,0,0,0,0,0,0,0,0,0,0,0,0,0,0
62,1,3,0,0,0,0,0,0,9,0,com,200,2,107247,345.217,0,0,26,1,nginx,0,html,0,0,0,1,7,1,1,1,1,1,0,0,1,4,0,0,0,0,0,0,0,0,1,7,0,0,0,0,1,19,8,9,2,1,137,124,13,1,6,1,26,1,5,1,1,14,1,0,1,0,1,1,0,1,0,0,1,1,0,0,0,0,0,0,0,0,0,0,0,0,0,0,0.0,0.0,0.0,0,0,0,0,0,0,0,0,0,0,0,0,87,13,0,0,0,0,0,0,0,0.0,0.0001771611327123,0.875,0.1025669715703003,0,,multi_full_20260502_195223_0002,2026-05-02T19:59:21.070760,https://blend.com/blog/thought-leadership/fintech-home-equity/,https://blend.com/,False,https://blend.com/blog/thought-leadership/fintech-home-equity/,https://blend.com/,https://blend.com/blog/thought-leadership/fintech-home-equity/,recon_page,2026-05-02T19:59:21.088213,0,0,0,0,0,0,0,0,0,0,0,0,0,0,0,0,0,0,0,0,0,0,0,0,0,0,0,0,0,0,0,0,0,0,0,0,0,0,0,0,0,0
26,1,0,1,1,0,0,0,0,9,0,com,200,2,110932,138.189,0,0,26,1,nginx,0,html,0,0,0,1,7,1,1,1,1,1,0,0,1,4,0,0,0,0,0,0,0,0,1,7,0,0,0,0,1,19,8,9,2,1,127,121,6,1,7,1,23,1,5,1,1,14,1,0,1,0,1,1,0,1,0,0,1,1,0,0,0,0,0,0,1,0,0,0,0,0,0,0,0.0,0.0,0.0,0,0,0,0,0,0,0,0,0,0,0,0,79,8,0,0,0,0,0,0,0,0.0,0.0001712760970684,0.875,0.099159845671222,0,,multi_full_20260502_195223_0002,2026-05-02T19:59:25.150286,https://blend.com/?p=36680,https://blend.com/,False,https://blend.com/?p=36680,https://blend.com/,https://blend.com/?p=36680,recon_page,2026-05-02T19:59:25.174918,0,0,0,0,0,0,0,0,0,0,0,0,0,0,0,0,0,0,0,0,0,0,0,0,0,0,0,0,0,0,0,0,0,0,0,0,0,0,0,0,0,0
56,1,3,0,0,0,0,0,0,9,0,com,200,2,118832,1282.767,0,0,26,1,nginx,0,html,0,0,0,1,7,1,1,1,1,1,0,0,1,4,0,0,0,0,0,0,0,0,1,7,0,0,0,0,1,19,8,9,2,1,135,126,9,1,6,1,26,1,5,1,1,14,1,0,1,0,1,1,0,1,0,0,1,1,0,0,0,0,0,0,0,0,0,0,0,0,0,0,0.0,0.0,0.0,0,0,0,0,0,0,0,0,0,0,0,0,84,11,0,0,0,0,0,0,0,0.0,0.000159889592029,0.875,0.0925676585431533,0,,multi_full_20260502_195223_0002,2026-05-02T19:59:25.162219,https://blend.com/blog/cb-suite/personal-loans-strategy/,https://blend.com/,False,https://blend.com/blog/cb-suite/personal-loans-strategy/,https://blend.com/,https://blend.com/blog/cb-suite/personal-loans-strategy/,recon_page,2026-05-02T19:59:25.187938,0,0,0,0,0,0,0,0,0,0,0,0,0,0,0,0,0,0,0,0,0,0,0,0,0,0,0,0,0,0,0,0,0,0,0,0,0,0,0,0,0,0
62,1,3,0,0,0,0,0,0,9,0,com,200,2,113759,1139.748,0,0,26,1,nginx,0,html,0,0,0,1,7,1,1,1,1,1,0,0,1,4,0,0,0,0,0,0,0,0,1,7,0,0,0,0,1,19,8,9,2,1,129,119,10,1,8,1,26,1,5,1,1,14,1,0,1,0,1,1,0,1,0,0,1,1,0,0,0,0,0,0,0,0,0,0,0,0,0,0,0.0,0.0,0.0,0,0,0,0,0,0,0,0,0,0,0,0,82,11,0,0,0,0,0,0,0,0.0,0.0001670197522833,0.875,0.0966956460587733,0,,multi_full_20260502_195223_0002,2026-05-02T19:59:25.588311,https://blend.com/blog/mortgage-suite/3-best-practices-eclose/,https://blend.com/,False,https://blend.com/blog/mortgage-suite/3-best-practices-eclose/,https://blend.com/,https://blend.com/blog/mortgage-suite/3-best-practices-eclose/,recon_page,2026-05-02T19:59:25.602273,0,0,0,0,0,0,0,0,0,0,0,0,0,0,0,0,0,0,0,0,0,0,0,0,0,0,0,0,0,0,0,0,0,0,0,0,0,0,0,0,0,0
26,1,0,1,1,0,0,0,0,9,0,com,200,2,85417,126.686,0,0,26,1,nginx,0,html,0,0,0,1,7,1,1,1,1,1,0,0,1,4,0,0,0,0,0,0,0,0,1,7,0,0,0,0,1,20,8,10,2,1,117,111,6,1,8,1,23,1,5,1,1,14,1,0,1,0,1,1,0,1,0,0,1,1,0,0,0,0,0,0,1,0,0,0,0,0,0,0,0.0,0.0,0.0,0,0,0,0,0,0,0,0,0,0,0,0,73,5,0,0,0,0,0,0,0,0.0,0.0002341454277251,0.875,0.128779985248838,0,,multi_full_20260502_195223_0002,2026-05-02T19:59:34.708503,https://blend.com/?p=26322,https://blend.com/,False,https://blend.com/?p=26322,https://blend.com/,https://blend.com/?p=26322,recon_page,2026-05-02T19:59:34.743155,0,0,0,0,0,0,0,0,0,0,0,0,0,0,0,0,0,0,0,0,0,0,0,0,0,0,0,0,0,0,0,0,0,0,0,0,0,0,0,0,0,0
56,1,3,0,0,0,0,0,0,9,0,com,200,2,112362,1127.932,0,0,26,1,nginx,0,html,0,0,0,1,7,1,1,1,1,1,0,0,1,4,0,0,0,0,0,0,0,0,1,7,0,0,0,0,1,19,8,9,2,1,130,121,9,1,7,1,26,1,5,1,1,14,1,0,1,0,1,1,0,1,0,0,1,1,0,0,0,0,0,0,0,0,0,0,0,0,0,0,0.0,0.0,0.0,0,0,0,0,0,0,0,0,0,0,0,0,83,11,0,0,0,0,0,0,0,0.0,0.0001690963137003,0.875,0.0978978658265249,0,,multi_full_20260502_195223_0002,2026-05-02T19:59:35.024701,https://blend.com/blog/cb-suite/digital-deposits-growth/,https://blend.com/,False,https://blend.com/blog/cb-suite/digital-deposits-growth/,https://blend.com/,https://blend.com/blog/cb-suite/digital-deposits-growth/,recon_page,2026-05-02T19:59:35.038019,0,0,0,0,0,0,0,0,0,0,0,0,0,0,0,0,0,0,0,0,0,0,0,0,0,0,0,0,0,0,0,0,0,0,0,0,0,0,0,0,0,0
81,1,2,0,0,0,0,0,0,9,0,com,200,2,104146,466.87,0,0,26,1,nginx,0,html,0,0,0,1,7,1,1,1,1,1,0,0,1,4,0,0,0,0,0,0,0,0,1,7,0,0,0,0,1,20,8,9,3,1,128,119,9,1,5,1,23,1,5,1,1,16,1,0,1,0,1,1,0,1,0,0,1,1,0,0,0,0,0,0,0,0,0,0,0,0,0,0,0.0,0.0,0.0,0,0,0,0,0,0,0,0,0,0,0,0,81,11,0,0,0,0,0,0,0,0.0,0.0001920381003591,0.875,0.1056209551975111,0,,multi_full_20260502_195223_0002,2026-05-02T19:59:38.683660,https://blend.com/video/establish-multi-product-relationships-with-shopping-cart/,https://blend.com/,False,https://blend.com/video/establish-multi-product-relationships-with-shopping-cart/,https://blend.com/,https://blend.com/video/establish-multi-product-relationships-with-shopping-cart/,recon_page,2026-05-02T19:59:38.692861,0,0,0,0,0,0,0,0,0,0,0,0,0,0,0,0,0,0,0,0,0,0,0,0,0,0,0,0,0,0,0,0,0,0,0,0,0,0,0,0,0,0
54,1,2,0,0,0,0,0,0,9,0,com,200,2,85669,499.509,0,0,26,1,nginx,0,html,0,0,0,1,7,1,1,1,1,1,0,0,1,4,0,0,0,0,0,0,0,0,1,7,0,0,0,0,1,19,8,9,2,1,116,110,6,0,0,1,23,1,5,1,1,14,1,0,1,0,1,1,0,1,0,0,1,1,0,0,0,0,0,0,0,0,0,0,0,0,0,0,0.0,0.0,0.0,0,0,0,0,0,0,0,0,0,0,0,0,71,5,0,0,0,0,0,0,0,0.0,0.0002217838424634,0.875,0.1284011719525149,0,,multi_full_20260502_195223_0002,2026-05-02T19:59:39.192225,https://blend.com/webinar/new-era-deposit-origination/,https://blend.com/,False,https://blend.com/webinar/new-era-deposit-origination/,https://blend.com/,https://blend.com/webinar/new-era-deposit-origination/,recon_page,2026-05-02T19:59:39.203149,0,0,0,0,0,0,0,0,0,0,0,0,0,0,0,0,0,0,0,0,0,0,0,0,0,0,0,0,0,0,0,0,0,0,0,0,0,0,0,0,0,0
26,1,0,1,1,0,0,0,0,9,0,com,200,2,110568,366.982,0,0,26,1,nginx,0,html,0,0,0,1,7,1,1,1,1,1,0,0,1,4,0,0,0,0,0,0,0,0,1,7,0,0,0,0,1,19,8,9,2,1,125,119,6,1,6,1,23,1,5,1,1,14,1,0,1,0,1,1,0,1,0,0,1,1,0,0,0,0,0,0,1,0,0,0,0,0,0,0,0.0,0.0,0.0,0,0,0,0,0,0,0,0,0,0,0,0,78,8,0,0,0,0,0,0,0,0.0,0.0001718399536936,0.875,0.0994862889805368,0,,multi_full_20260502_195223_0002,2026-05-02T19:59:39.460831,https://blend.com/?p=36366,https://blend.com/,False,https://blend.com/?p=36366,https://blend.com/,https://blend.com/?p=36366,recon_page,2026-05-02T19:59:39.468174,0,0,0,0,0,0,0,0,0,0,0,0,0,0,0,0,0,0,0,0,0,0,0,0,0,0,0,0,0,0,0,0,0,0,0,0,0,0,0,0,0,0
49,1,3,0,0,0,0,0,0,9,0,com,404,4,79090,719.0020000000001,0,0,27,1,nginx,0,html,0,0,0,1,7,1,1,1,1,1,0,0,1,4,0,0,0,0,0,0,0,0,1,7,0,0,0,0,1,18,7,9,2,1,114,108,6,0,0,1,11,1,6,1,1,14,1,0,1,0,1,1,0,1,0,0,1,1,0,0,0,0,0,0,0,0,0,0,0,0,0,0,0.0,0.0,0.0,0,0,0,0,0,0,0,0,0,0,0,0,68,2,0,0,0,0,0,0,0,0.0,0.00022758882286,0.875,0.1390820584144645,0,,multi_full_20260502_195223_0002,2026-05-02T19:59:46.315435,https://blend.com/customers/elements-financial/ /,https://blend.com/,False,https://blend.com/customers/elements-financial/ /,https://blend.com/,https://blend.com/customers/elements-financial/ /,recon_page,2026-05-02T19:59:46.328932,0,0,0,0,0,0,0,0,0,0,0,0,0,0,0,0,0,0,0,0,0,0,0,0,0,0,0,0,0,0,0,0,0,0,0,0,0,0,0,0,0,0
58,1,3,0,0,0,0,0,0,9,0,com,200,2,104211,1008.983,0,0,26,1,nginx,0,html,0,0,0,1,7,1,1,1,1,1,0,0,1,4,0,0,0,0,0,0,0,0,1,7,0,0,0,0,1,20,8,9,3,1,128,119,9,1,7,1,26,1,5,1,1,16,1,0,1,0,1,1,0,1,0,0,1,1,0,0,0,0,0,0,0,0,0,0,0,0,0,0,0.0,0.0,0.0,0,0,0,0,0,0,0,0,0,0,0,0,81,11,0,0,0,0,0,0,0,0.0,0.0001919183195631,0.875,0.1055550757597566,0,,multi_full_20260502_195223_0002,2026-05-02T19:59:47.338790,https://blend.com/blog/cb-suite/introducing-shopping-cart/,https://blend.com/,False,https://blend.com/blog/cb-suite/introducing-shopping-cart/,https://blend.com/,https://blend.com/blog/cb-suite/introducing-shopping-cart/,recon_page,2026-05-02T19:59:47.346544,0,0,0,0,0,0,0,0,0,0,0,0,0,0,0,0,0,0,0,0,0,0,0,0,0,0,0,0,0,0,0,0,0,0,0,0,0,0,0,0,0,0
26,1,0,1,1,0,0,0,0,9,0,com,200,2,110128,128.142,0,0,26,1,nginx,0,html,0,0,0,1,7,1,1,1,1,1,0,0,1,4,0,0,0,0,0,0,0,0,1,7,0,0,0,0,1,20,9,9,2,1,133,127,6,1,8,1,23,1,5,1,1,14,1,0,1,0,1,1,0,1,0,0,1,1,0,0,0,0,0,0,1,0,0,0,0,0,0,0,0.0,0.0,0.0,0,0,0,0,0,0,0,0,0,0,0,0,82,8,0,0,0,0,0,0,0,0.0,0.0001816068574749,0.875,0.099883771611216,0,,multi_full_20260502_195223_0002,2026-05-02T19:59:52.050735,https://blend.com/?p=42754,https://blend.com/,False,https://blend.com/?p=42754,https://blend.com/,https://blend.com/?p=42754,recon_page,2026-05-02T19:59:52.077898,0,0,0,0,0,0,0,0,0,0,0,0,0,0,0,0,0,0,0,0,0,0,0,0,0,0,0,0,0,0,0,0,0,0,0,0,0,0,0,0,0,0
66,1,3,0,0,0,0,0,0,9,0,com,200,2,107141,972.331,0,0,26,1,nginx,0,html,0,0,0,1,7,1,1,1,1,1,0,0,1,4,0,0,0,0,0,0,0,0,1,7,0,0,0,0,1,20,8,9,3,1,129,120,9,1,7,1,26,1,5,1,1,16,1,0,1,0,1,1,0,1,0,0,1,1,0,0,0,0,0,0,0,0,0,0,0,0,0,0,0.0,0.0,0.0,0,0,0,0,0,0,0,0,0,0,0,0,83,11,0,0,0,0,0,0,0,0.0,0.0001866699022783,0.875,0.1026684462530683,0,,multi_full_20260502_195223_0002,2026-05-02T19:59:51.996094,https://blend.com/blog/platform-services/banker-workspace-webinar/,https://blend.com/,False,https://blend.com/blog/platform-services/banker-workspace-webinar/,https://blend.com/,https://blend.com/blog/platform-services/banker-workspace-webinar/,recon_page,2026-05-02T19:59:52.066272,0,0,0,0,0,0,0,0,0,0,0,0,0,0,0,0,0,0,0,0,0,0,0,0,0,0,0,0,0,0,0,0,0,0,0,0,0,0,0,0,0,0
71,1,3,0,0,0,0,0,0,9,0,com,200,2,109889,775.2059999999999,0,0,26,1,nginx,0,html,0,0,0,1,7,1,1,1,1,1,0,0,1,4,0,0,0,0,0,0,0,0,1,7,0,0,0,0,1,19,8,9,2,1,129,120,9,1,6,1,26,1,5,1,1,14,1,0,1,0,1,1,0,1,0,0,1,1,0,0,0,0,0,0,0,0,0,0,0,0,0,0,0.0,0.0,0.0,0,0,0,0,0,0,0,0,0,0,0,0,83,11,0,0,0,0,0,0,0,0.0,0.0001729017463076,0.875,0.1001010110202113,0,,multi_full_20260502_195223_0002,2026-05-02T19:59:52.114423,https://blend.com/blog/platform-services/optimizing-pull-through-rates/,https://blend.com/,False,https://blend.com/blog/platform-services/optimizing-pull-through-rates/,https://blend.com/,https://blend.com/blog/platform-services/optimizing-pull-through-rates/,recon_page,2026-05-02T19:59:52.133259,0,0,0,0,0,0,0,0,0,0,0,0,0,0,0,0,0,0,0,0,0,0,0,0,0,0,0,0,0,0,0,0,0,0,0,0,0,0,0,0,0,0
58,1,2,0,0,0,0,0,0,9,0,com,200,2,115061,242.266,0,0,26,1,nginx,0,html,0,0,0,1,7,1,1,1,1,1,0,0,1,4,0,0,0,0,0,0,0,0,1,7,0,0,0,0,1,19,8,9,2,1,129,122,7,1,7,1,23,1,5,1,1,14,1,0,1,0,1,1,0,1,0,0,1,1,0,0,0,0,0,0,0,0,0,0,0,0,0,0,0.0,0.0,0.0,0,0,0,0,0,0,0,0,0,0,0,0,80,8,0,0,0,0,0,0,0,0.0,0.0001651298007144,0.875,0.0956014635714968,0,,multi_full_20260502_195223_0002,2026-05-02T20:00:08.435575,https://blend.com/customers/affinity-federal-credit-union/,https://blend.com/,False,https://blend.com/customers/affinity-federal-credit-union/,https://blend.com/,https://blend.com/customers/affinity-federal-credit-union/,recon_page,2026-05-02T20:00:08.457090,0,0,0,0,0,0,0,0,0,0,0,0,0,0,0,0,0,0,0,0,0,0,0,0,0,0,0,0,0,0,0,0,0,0,0,0,0,0,0,0,0,0
26,1,0,1,1,0,0,0,0,9,0,com,200,2,101015,134.182,0,0,26,1,nginx,0,html,0,0,0,1,7,1,1,1,1,1,0,0,1,4,0,0,0,0,0,0,0,0,1,7,0,0,0,0,1,22,10,9,3,1,123,117,6,1,8,1,24,1,5,1,1,14,1,0,1,0,1,1,0,1,0,0,1,1,0,0,0,0,0,0,1,0,0,0,0,0,0,0,0.0,0.0,0.0,0,0,0,0,0,0,0,0,0,0,0,0,76,8,0,0,0,0,0,0,0,0.0,0.0002177894372122,0.875,0.1088947186061476,0,,multi_full_20260502_195223_0002,2026-05-02T20:00:08.451662,https://blend.com/?p=38591,https://blend.com/,False,https://blend.com/?p=38591,https://blend.com/,https://blend.com/?p=38591,recon_page,2026-05-02T20:00:08.470180,0,0,0,0,0,0,0,0,0,0,0,0,0,0,0,0,0,0,0,0,0,0,0,0,0,0,0,0,0,0,0,0,0,0,0,0,0,0,0,0,0,0
26,1,0,1,1,0,0,0,0,9,0,com,200,2,108219,348.325,0,0,26,1,nginx,0,html,0,0,0,1,7,1,1,1,1,1,0,0,1,4,0,0,0,0,0,0,0,0,1,11,0,0,0,0,1,20,9,9,2,1,126,120,6,1,11,1,23,1,5,1,1,14,1,0,1,0,1,1,0,1,0,0,1,1,0,0,0,0,0,0,1,0,0,0,0,0,0,0,0.0,0.0,0.0,0,0,0,0,0,0,0,0,0,0,0,0,80,8,0,0,0,0,0,0,0,0.0,0.0001848104307007,0.875,0.1386078230255315,0,,multi_full_20260502_195223_0002,2026-05-02T20:00:17.138298,https://blend.com/?p=34140,https://blend.com/,False,https://blend.com/?p=34140,https://blend.com/,https://blend.com/?p=34140,recon_page,2026-05-02T20:00:17.154731,0,0,0,0,0,0,0,0,0,0,0,0,0,0,0,0,0,0,0,0,0,0,0,0,0,0,0,0,0,0,0,0,0,0,0,0,0,0,0,0,0,0
26,1,0,1,1,0,0,0,0,9,0,com,200,2,137476,393.861,0,0,26,1,nginx,0,html,0,0,0,1,7,1,1,1,1,1,0,0,1,4,0,0,0,0,0,0,0,0,1,7,0,0,0,0,1,20,9,9,2,1,137,131,6,1,37,1,23,1,5,1,1,22,1,0,1,0,1,1,0,1,0,0,1,1,0,0,0,0,0,0,1,0,0,0,0,0,0,0,0.0,0.0,0.0,0,0,0,0,0,0,0,0,0,0,0,0,83,8,0,0,0,0,0,0,0,0.0,0.0001454799383165,0.875,0.0800139660740783,0,,multi_full_20260502_195223_0002,2026-05-02T20:00:17.906012,https://blend.com/?p=40770,https://blend.com/,False,https://blend.com/?p=40770,https://blend.com/,https://blend.com/?p=40770,recon_page,2026-05-02T20:00:17.912240,0,0,0,0,0,0,0,0,0,0,0,0,0,0,0,0,0,0,0,0,0,0,0,0,0,0,0,0,0,0,0,0,0,0,0,0,0,0,0,0,0,0
62,1,2,0,0,0,0,0,0,9,0,com,200,2,116274,1223.216,0,0,26,1,nginx,0,html,0,0,0,1,7,1,1,1,1,1,0,0,1,4,0,0,0,0,0,0,0,0,1,7,0,0,0,0,1,19,8,9,2,1,128,121,7,1,8,1,23,1,5,1,1,14,1,0,1,0,1,1,0,1,0,0,1,1,0,0,0,0,0,0,0,0,0,0,0,0,0,0,0.0,0.0,0.0,0,0,0,0,0,0,0,0,0,0,0,0,81,8,0,0,0,0,0,0,0,0.0,0.0001634071245506,0.875,0.0946041247398386,0,,multi_full_20260502_195223_0002,2026-05-02T20:00:17.853767,https://blend.com/customers/university-wisconsin-credit-union/,https://blend.com/,False,https://blend.com/customers/university-wisconsin-credit-union/,https://blend.com/,https://blend.com/customers/university-wisconsin-credit-union/,recon_page,2026-05-02T20:00:17.881226,0,0,0,0,0,0,0,0,0,0,0,0,0,0,0,0,0,0,0,0,0,0,0,0,0,0,0,0,0,0,0,0,0,0,0,0,0,0,0,0,0,0
97,1,3,0,0,0,0,0,0,9,0,com,200,2,119048,703.8520000000001,0,0,26,1,nginx,0,html,0,0,0,1,7,1,1,1,1,1,0,0,1,4,0,0,0,0,0,0,0,0,1,7,0,0,0,0,1,19,8,9,2,1,129,120,9,1,6,1,26,1,5,1,1,14,1,0,1,0,1,1,0,1,0,0,1,1,0,0,0,0,0,0,0,0,0,0,0,0,0,0,0.0,0.0,0.0,0,0,0,0,0,0,0,0,0,0,0,0,82,11,0,0,0,0,0,0,0,0.0,0.0001595994892816,0.875,0.0923997043209461,0,,multi_full_20260502_195223_0002,2026-05-02T20:00:18.976753,https://blend.com/blog/platform-services/reactive-to-predictive-banking-deeper-member-engagement/,https://blend.com/,False,https://blend.com/blog/platform-services/reactive-to-predictive-banking-deeper-member-engagement/,https://blend.com/,https://blend.com/blog/platform-services/reactive-to-predictive-banking-deeper-member-engagement/,recon_page,2026-05-02T20:00:18.997643,0,0,0,0,0,0,0,0,0,0,0,0,0,0,0,0,0,0,0,0,0,0,0,0,0,0,0,0,0,0,0,0,0,0,0,0,0,0,0,0,0,0
91,1,3,0,0,0,0,0,0,9,0,com,200,2,116074,412.096,0,0,26,1,nginx,0,html,0,0,0,1,7,1,1,1,1,1,0,0,1,4,0,0,0,0,0,0,0,0,1,7,0,0,0,0,1,19,8,9,2,1,130,119,11,1,6,1,26,1,5,1,1,14,1,0,1,0,1,1,0,1,0,0,1,1,0,0,0,0,0,0,0,0,0,0,0,0,0,0,0.0,0.0,0.0,0,0,0,0,0,0,0,0,0,0,0,0,83,11,0,0,0,0,0,0,0,0.0,0.0001636886813584,0.875,0.0947671313127832,0,,multi_full_20260502_195223_0002,2026-05-02T20:00:19.189744,https://blend.com/blog/mortgage-suite/transforming-lending-with-seamless-digital-workflows/,https://blend.com/,False,https://blend.com/blog/mortgage-suite/transforming-lending-with-seamless-digital-workflows/,https://blend.com/,https://blend.com/blog/mortgage-suite/transforming-lending-with-seamless-digital-workflows/,recon_page,2026-05-02T20:00:19.210274,0,0,0,0,0,0,0,0,0,0,0,0,0,0,0,0,0,0,0,0,0,0,0,0,0,0,0,0,0,0,0,0,0,0,0,0,0,0,0,0,0,0
70,1,2,0,0,0,0,0,0,9,0,com,200,2,86289,351.431,0,0,26,1,nginx,0,html,0,0,0,1,7,1,1,1,1,1,0,0,1,4,0,0,0,0,0,0,0,0,1,7,0,0,0,0,1,19,8,9,2,1,117,111,6,1,2,1,23,1,5,1,1,14,1,0,1,0,1,1,0,1,0,0,1,1,0,0,0,0,0,0,0,0,0,0,0,0,0,0,0.0,0.0,0.0,0,0,0,0,0,0,0,0,0,0,0,0,72,5,0,0,0,0,0,0,0,0.0,0.000220190290767,0.875,0.1274785893914635,0,,multi_full_20260502_195223_0002,2026-05-02T20:00:19.534381,https://blend.com/ebook/credit-union-opportunities-in-changing-market/,https://blend.com/,False,https://blend.com/ebook/credit-union-opportunities-in-changing-market/,https://blend.com/,https://blend.com/ebook/credit-union-opportunities-in-changing-market/,recon_page,2026-05-02T20:00:19.562090,0,0,0,0,0,0,0,0,0,0,0,0,0,0,0,0,0,0,0,0,0,0,0,0,0,0,0,0,0,0,0,0,0,0,0,0,0,0,0,0,0,0
26,1,0,1,1,0,0,0,0,9,0,com,200,2,132436,109.637,0,0,26,1,nginx,0,html,0,0,0,1,7,1,1,1,1,1,0,0,1,4,0,0,0,0,0,0,0,0,1,7,0,0,0,0,1,20,9,9,2,1,132,126,6,1,34,1,23,1,5,1,1,22,1,0,1,0,1,1,0,1,0,0,1,1,0,0,0,0,0,0,1,0,0,0,0,0,0,0,0.0,0.0,0.0,0,0,0,0,0,0,0,0,0,0,0,0,80,8,0,0,0,0,0,0,0,0.0,0.0001510163399679,0.875,0.0830589869823914,0,,multi_full_20260502_195223_0002,2026-05-02T20:00:20.352367,https://blend.com/?p=40789,https://blend.com/,False,https://blend.com/?p=40789,https://blend.com/,https://blend.com/?p=40789,recon_page,2026-05-02T20:00:20.372310,0,0,0,0,0,0,0,0,0,0,0,0,0,0,0,0,0,0,0,0,0,0,0,0,0,0,0,0,0,0,0,0,0,0,0,0,0,0,0,0,0,0
33,1,2,0,0,0,0,0,0,9,0,com,200,2,115589,1020.423,0,0,26,1,nginx,0,html,0,0,0,1,7,1,1,1,1,1,0,0,1,4,0,0,0,0,0,0,0,0,1,7,0,0,0,0,1,19,8,9,2,1,124,118,6,1,7,1,23,1,5,1,1,14,1,0,1,0,1,1,0,1,0,0,1,1,0,0,0,0,0,0,0,0,0,0,0,0,0,0,0.0,0.0,0.0,0,0,0,0,0,0,0,0,0,0,0,0,77,8,0,0,0,0,0,0,0,0.0,0.0001643755028592,0.875,0.0951647648132607,0,,multi_full_20260502_195223_0002,2026-05-02T20:00:21.449747,https://blend.com/customers/macu/,https://blend.com/,False,https://blend.com/customers/macu/,https://blend.com/,https://blend.com/customers/macu/,recon_page,2026-05-02T20:00:21.465574,0,0,0,0,0,0,0,0,0,0,0,0,0,0,0,0,0,0,0,0,0,0,0,0,0,0,0,0,0,0,0,0,0,0,0,0,0,0,0,0,0,0
68,1,3,0,0,0,0,0,0,9,0,com,200,2,96533,669.917,0,0,26,1,nginx,0,html,0,0,0,1,7,1,1,1,1,1,0,0,1,4,0,0,0,0,0,0,0,0,1,7,0,0,0,0,1,18,7,9,2,1,124,116,8,1,1,1,20,1,5,1,1,14,1,0,1,0,1,1,0,1,0,0,1,1,0,0,0,0,0,0,0,0,0,0,0,0,0,0,0.0,0.0,0.0,0,0,0,0,0,0,0,0,0,0,0,0,76,5,0,0,0,0,0,0,0,0.0,0.0001864647322677,0.875,0.1139506697191634,0,,multi_full_20260502_195223_0002,2026-05-02T20:00:21.748847,https://blend.com/company/newsroom/phh-mortgage-partners-with-blend/,https://blend.com/,False,https://blend.com/company/newsroom/phh-mortgage-partners-with-blend/,https://blend.com/,https://blend.com/company/newsroom/phh-mortgage-partners-with-blend/,recon_page,2026-05-02T20:00:21.775430,0,0,0,0,0,0,0,0,0,0,0,0,0,0,0,0,0,0,0,0,0,0,0,0,0,0,0,0,0,0,0,0,0,0,0,0,0,0,0,0,0,0
70,1,2,0,0,0,0,0,0,9,0,com,200,2,104092,286.374,0,0,26,1,nginx,0,html,0,0,0,1,7,1,1,1,1,1,0,0,1,4,0,0,0,0,0,0,0,0,1,7,0,0,0,0,1,20,8,9,3,1,128,119,9,1,5,1,23,1,5,1,1,16,1,0,1,0,1,1,0,1,0,0,1,1,0,0,0,0,0,0,0,0,0,0,0,0,0,0,0.0,0.0,0.0,0,0,0,0,0,0,0,0,0,0,0,0,81,11,0,0,0,0,0,0,0,0.0,0.0001921377243207,0.875,0.1056757483764362,0,,multi_full_20260502_195223_0002,2026-05-02T20:00:22.137000,https://blend.com/video/blend-showcases-rapid-home-equity-housingwire/,https://blend.com/,False,https://blend.com/video/blend-showcases-rapid-home-equity-housingwire/,https://blend.com/,https://blend.com/video/blend-showcases-rapid-home-equity-housingwire/,recon_page,2026-05-02T20:00:22.148535,0,0,0,0,0,0,0,0,0,0,0,0,0,0,0,0,0,0,0,0,0,0,0,0,0,0,0,0,0,0,0,0,0,0,0,0,0,0,0,0,0,0
73,1,3,0,0,0,0,0,0,9,0,com,200,2,119439,717.5709999999999,0,0,26,1,nginx,0,html,0,0,0,1,7,1,1,1,1,1,0,0,1,4,0,0,0,0,0,0,0,0,1,7,0,0,0,0,1,19,8,9,2,1,128,119,9,1,6,1,26,1,5,1,1,14,1,0,1,0,1,1,0,1,0,0,1,1,0,0,0,0,0,0,0,0,0,0,0,0,0,0,0.0,0.0,0.0,0,0,0,0,0,0,0,0,0,0,0,0,81,11,0,0,0,0,0,0,0,0.0,0.0001590770183943,0.875,0.0920972211756629,0,,multi_full_20260502_195223_0002,2026-05-02T20:00:34.281815,https://blend.com/blog/thought-leadership/home-equity-2026-growth-engine/,https://blend.com/,False,https://blend.com/blog/thought-leadership/home-equity-2026-growth-engine/,https://blend.com/,https://blend.com/blog/thought-leadership/home-equity-2026-growth-engine/,recon_page,2026-05-02T20:00:34.292561,0,0,0,0,0,0,0,0,0,0,0,0,0,0,0,0,0,0,0,0,0,0,0,0,0,0,0,0,0,0,0,0,0,0,0,0,0,0,0,0,0,0
93,1,3,0,0,0,0,0,0,9,0,com,200,2,114229,694.905,0,0,26,1,nginx,0,html,0,0,0,1,7,1,1,1,1,1,0,0,1,4,0,0,0,0,0,0,0,0,1,7,0,0,0,0,1,19,8,9,2,1,128,119,9,1,5,1,25,1,5,1,1,14,1,0,1,0,1,1,0,1,0,0,1,1,0,0,0,0,0,0,0,0,0,0,0,0,0,0,0.0,0.0,0.0,0,0,0,0,0,0,0,0,0,0,0,0,81,11,0,0,0,0,0,0,0,0.0,0.0001663325425242,0.875,0.0962977877771844,0,,multi_full_20260502_195223_0002,2026-05-02T20:00:35.968562,https://blend.com/blog/thought-leadership/lessons-from-2008-modernize-banking-infrastructure/,https://blend.com/,False,https://blend.com/blog/thought-leadership/lessons-from-2008-modernize-banking-infrastructure/,https://blend.com/,https://blend.com/blog/thought-leadership/lessons-from-2008-modernize-banking-infrastructure/,recon_page,2026-05-02T20:00:35.979701,0,0,0,0,0,0,0,0,0,0,0,0,0,0,0,0,0,0,0,0,0,0,0,0,0,0,0,0,0,0,0,0,0,0,0,0,0,0,0,0,0,0
26,1,0,1,1,0,0,0,0,9,0,com,200,2,137512,148.538,0,0,26,1,nginx,0,html,0,0,0,1,7,1,1,1,1,1,0,0,1,4,0,0,0,0,0,0,0,0,1,7,0,0,0,0,1,20,9,9,2,1,135,129,6,1,39,1,23,1,5,1,1,22,1,0,1,0,1,1,0,1,0,0,1,1,0,0,0,0,0,0,1,0,0,0,0,0,0,0,0.0,0.0,0.0,0,0,0,0,0,0,0,0,0,0,0,0,80,8,0,0,0,0,0,0,0,0.0,0.0001454418523474,0.875,0.0799930187910873,0,,multi_full_20260502_195223_0002,2026-05-02T20:00:43.860319,https://blend.com/?p=40779,https://blend.com/,False,https://blend.com/?p=40779,https://blend.com/,https://blend.com/?p=40779,recon_page,2026-05-02T20:00:43.870280,0,0,0,0,0,0,0,0,0,0,0,0,0,0,0,0,0,0,0,0,0,0,0,0,0,0,0,0,0,0,0,0,0,0,0,0,0,0,0,0,0,0
128,1,3,0,0,0,0,0,0,9,0,com,200,2,93827,359.985,0,0,26,1,nginx,0,html,0,0,0,1,7,1,1,1,1,1,0,0,1,4,0,0,0,0,0,0,0,0,1,7,0,0,0,0,1,18,7,9,2,1,121,112,9,0,0,1,23,1,5,1,1,14,1,0,1,0,1,1,0,1,0,0,1,1,0,0,0,0,0,0,0,0,0,0,0,0,0,0,0.0,0.0,0.0,0,0,0,0,0,0,0,0,0,0,0,0,75,5,0,0,0,0,2,0,0,0.0,0.0001918424334146,0.875,0.1172370426423097,0,,multi_full_20260502_195223_0002,2026-05-02T20:00:45.521302,https://blend.com/company/newsroom/blend-expands-deep-verification-capabilities-drive-speed-improve-borrower-experience-lenders/,https://blend.com/,False,https://blend.com/company/newsroom/blend-expands-deep-verification-capabilities-drive-speed-improve-borrower-experience-lenders/,https://blend.com/,https://blend.com/company/newsroom/blend-expands-deep-verification-capabilities-drive-speed-improve-borrower-experience-lenders/,recon_page,2026-05-02T20:00:45.533569,0,0,0,0,0,0,0,0,0,0,0,0,0,0,0,0,0,0,0,0,0,0,0,0,0,0,0,0,0,0,0,0,0,0,0,0,0,0,0,0,0,0
31,1,1,0,0,0,0,0,0,9,0,com,200,2,98384,497.086,0,0,26,1,nginx,0,html,0,0,0,1,7,1,1,1,1,1,0,0,1,4,0,0,0,0,0,0,0,0,1,7,0,0,0,0,1,18,7,9,2,1,130,124,6,1,6,1,20,1,5,1,1,14,1,0,1,0,1,1,0,1,0,0,1,1,0,0,0,0,0,0,0,0,0,0,0,0,0,0,0.0,0.0,0.0,0,0,0,0,0,0,0,0,0,0,0,0,80,5,0,0,0,0,0,0,0,0.0,0.0001829565783054,0.875,0.1118067978533094,0,,multi_full_20260502_195223_0002,2026-05-02T20:00:46.050337,https://blend.com/brand-assets/,https://blend.com/,False,https://blend.com/brand-assets/,https://blend.com/,https://blend.com/brand-assets/,recon_page,2026-05-02T20:00:46.060874,0,0,0,0,0,0,0,0,0,0,0,0,0,0,0,0,0,0,0,0,0,0,0,0,0,0,0,0,0,0,0,0,0,0,0,0,0,0,0,0,0,0
133,1,3,0,0,0,0,0,0,9,0,com,200,2,118622,978.307,0,0,26,1,nginx,0,html,0,0,0,1,7,1,1,1,1,1,0,0,1,4,0,0,0,0,0,0,0,0,1,7,0,0,0,0,1,20,9,9,2,1,128,119,9,1,7,1,26,1,5,1,1,14,1,0,1,0,1,1,0,1,0,0,1,1,0,0,0,0,0,0,0,0,0,0,0,0,0,0,0.0,0.0,0.0,0,0,0,0,0,0,0,0,0,0,0,0,80,11,0,0,0,0,0,0,0,0.0,0.0001686027886901,0.875,0.0927315337795687,0,,multi_full_20260502_195223_0002,2026-05-02T20:00:46.286274,https://blend.com/blog/blend-momentum/autopilot-update-redesigned-pre-underwriting-summary-mcp-platform-expansion-smarter-follow-ups/,https://blend.com/,False,https://blend.com/blog/blend-momentum/autopilot-update-redesigned-pre-underwriting-summary-mcp-platform-expansion-smarter-follow-ups/,https://blend.com/,https://blend.com/blog/blend-momentum/autopilot-update-redesigned-pre-underwriting-summary-mcp-platform-expansion-smarter-follow-ups/,recon_page,2026-05-02T20:00:46.295894,0,0,0,0,0,0,0,0,0,0,0,0,0,0,0,0,0,0,0,0,0,0,0,0,0,0,0,0,0,0,0,0,0,0,0,0,0,0,0,0,0,0
37,1,1,0,0,0,0,0,0,9,0,com,200,2,114852,911.745,0,0,26,1,nginx,0,html,0,0,0,1,7,1,1,1,1,1,0,0,1,4,0,0,0,0,0,0,0,0,1,7,0,0,0,0,1,21,8,9,4,1,127,121,6,1,12,1,23,1,5,1,1,14,1,0,1,0,1,1,0,1,0,0,1,1,0,0,0,0,0,0,0,0,0,0,0,0,0,0,0.0,0.0,0.0,0,0,0,0,0,0,0,0,0,0,0,0,80,8,0,0,0,0,0,0,0,0.0,0.0001828440079406,0.875,0.0957754327308187,0,,multi_full_20260502_195223_0002,2026-05-02T20:00:46.621104,https://blend.com/rapid-home-lending/,https://blend.com/,False,https://blend.com/rapid-home-lending/,https://blend.com/,https://blend.com/rapid-home-lending/,recon_page,2026-05-02T20:00:46.630606,0,0,0,0,0,0,0,0,0,0,0,0,0,0,0,0,0,0,0,0,0,0,0,0,0,0,0,0,0,0,0,0,0,0,0,0,0,0,0,0,0,0
26,1,0,1,1,0,0,0,0,9,0,com,200,2,93071,211.37,0,0,26,1,nginx,0,html,0,0,0,1,7,1,1,1,1,1,0,0,1,5,0,0,0,0,0,0,0,0,1,12,0,0,1,1,1,19,8,9,2,1,126,119,7,1,9,1,23,1,5,1,1,14,1,0,1,0,1,1,0,1,0,0,1,1,0,0,0,0,0,0,1,0,0,0,0,0,0,0,0.0,0.0,0.0,0,0,0,0,0,0,0,0,0,0,0,0,76,5,0,0,0,0,1,0,0,0.0,0.0002041452224645,0.875,0.1826562516788258,0,,multi_full_20260502_195223_0002,2026-05-02T20:00:47.600843,https://blend.com/?p=20116,https://blend.com/,False,https://blend.com/?p=20116,https://blend.com/,https://blend.com/?p=20116,recon_page,2026-05-02T20:00:47.614335,0,0,0,0,0,0,0,0,0,0,0,0,0,0,0,0,0,0,0,0,0,0,0,0,0,0,0,0,0,0,0,0,0,0,0,0,0,0,0,0,0,0
26,1,0,1,1,0,0,0,0,9,0,com,200,2,119000,400.584,0,0,26,1,nginx,0,html,0,0,0,1,7,1,1,1,1,1,0,0,1,4,0,0,0,0,0,0,0,0,1,7,0,0,0,0,1,21,9,9,3,1,122,116,6,1,12,1,24,1,5,1,1,14,1,0,1,0,1,1,0,1,0,0,1,1,0,0,0,0,0,0,1,0,0,0,0,0,0,0,0.0,0.0,0.0,0,0,0,0,0,0,0,0,0,0,0,0,74,5,0,0,0,0,0,0,0,0.0,0.0001764705882352,0.875,0.0924369747899159,0,,multi_full_20260502_195223_0002,2026-05-02T20:00:48.090115,https://blend.com/?p=44023,https://blend.com/,False,https://blend.com/?p=44023,https://blend.com/,https://blend.com/?p=44023,recon_page,2026-05-02T20:00:48.102538,0,0,0,0,0,0,0,0,0,0,0,0,0,0,0,0,0,0,0,0,0,0,0,0,0,0,0,0,0,0,0,0,0,0,0,0,0,0,0,0,0,0
86,1,3,0,0,0,0,0,0,9,0,com,200,2,109420,946.295,0,0,26,1,nginx,0,html,0,0,0,1,7,1,1,1,1,1,0,0,1,4,0,0,0,0,0,0,0,0,1,7,0,0,0,0,1,19,8,9,2,1,128,119,9,1,6,1,26,1,5,1,1,14,1,0,1,0,1,1,0,1,0,0,1,1,0,0,0,0,0,0,0,0,0,0,0,0,0,0,0.0,0.0,0.0,0,0,0,0,0,0,0,0,0,0,0,0,80,11,0,0,0,0,0,0,0,0.0,0.000173642844087,0.875,0.1005300676293182,0,,multi_full_20260502_195223_0002,2026-05-02T20:00:49.647775,https://blend.com/blog/blend-momentum/intelligent-origination-as-next-chapter-lending/,https://blend.com/,False,https://blend.com/blog/blend-momentum/intelligent-origination-as-next-chapter-lending/,https://blend.com/,https://blend.com/blog/blend-momentum/intelligent-origination-as-next-chapter-lending/,recon_page,2026-05-02T20:00:49.653711,0,0,0,0,0,0,0,0,0,0,0,0,0,0,0,0,0,0,0,0,0,0,0,0,0,0,0,0,0,0,0,0,0,0,0,0,0,0,0,0,0,0
18,1,0,0,0,0,0,0,0,0,0,0,0,0,0,0,0,0,0,0,0,0,0,0,0,0,0,0,0,0,0,0,0,0,0,0,0,0,0,0,0,0,0,0,0,0,0,0,0,0,0,0,0,0,0,0,0,0,0,0,0,0,0,0,0,0,0,0,0,0,0,0,0,0,0,0,0,0,0,0,0,0,0,0,0,0,0,0,0,0,0,0,0,0,0,0,0,0,0,0,0,0,0,0,0,0,0,0,0,0,0,0,0,0,0,0,0,0,0,0,0,0,0,0,0,multi_full_20260502_195223_0002,2026-05-02T19:52:26.373755,0,0,0,0,https://blend.com/,,vulnerability_summary,2026-05-02T20:01:41.351439,https://blend.com/,blend.com,0,0,0,0,0,0,0.0,0,0,0,0,0,0,0.0,0.0,0.0,0,multi_target=1|pages=1342|params=0|recon_params=0|subdomains=270|endpoints=79611|crawl=1|pwntraverse=0,20,5,0,1,0,4,1,1,1,1,1,7,132646,0,0.0,0.0,1.75,0.0,0.0,0,0.0,0
