url_length,has_https,path_depth,has_query_params,num_query_params,has_fragment,has_port,subdomain_count,is_ip_address,domain_length,domain_has_hyphens,domain_tld,status_code,status_category,response_size,response_time_ms,is_redirect,redirect_chain_len,total_headers,server_header_present,server_header,x_powered_by_present,content_type,has_cookies,num_cookies,has_cors,cache_control,security_headers_count,has_csp,has_hsts,has_xss_protection,has_frame_options,has_content_type_options,has_forms,form_count,has_inputs,input_count,has_password_input,password_count,has_hidden_input,hidden_count,has_file_upload,file_upload_count,has_search_input,search_count,has_buttons,button_count,has_textarea,textarea_count,has_select,select_count,has_scripts,script_count,inline_script_count,internal_script_count,external_script_count,has_links,link_count,internal_link_count,external_link_count,has_images,image_count,has_meta_tags,meta_count,has_stylesheets,stylesheet_count,has_javascript,has_comments,comment_count,has_title,server_apache,server_nginx,server_iis,tech_php,tech_aspnet,tech_jsp,tech_wordpress,tech_drupal,tech_joomla,has_debug_info,has_error_messages,has_sql_errors,has_file_paths,has_waf,waf_cloudflare,waf_aws,waf_imperva,reflection_detected,csp_header_reflection_detected,has_jwt,jwt_count,has_api_keys,api_key_count,cookie_count,session_cookies,secure_cookie_ratio,httponly_cookie_ratio,samesite_cookie_ratio,redirect_count,has_redirect_chain,final_https,get_form_count,post_form_count,has_login_form,login_form_count,csrf_token_input_count,has_csrf_token,same_origin_form_count,external_form_count,unique_input_names,unique_endpoint_count,parameterized_link_count,api_like_endpoint_count,inline_event_handler_count,email_input_count,url_input_count,mailto_link_count,tel_link_count,body_truncated_for_analysis,input_to_form_ratio,script_to_content_ratio,security_score,interactivity_score,is_vulnerable,vulnerability_type,scan_id,timestamp,target_url,original_url,is_redirect_response,final_url,target_root,page_url,dataset_record_type,saved_at
27,1,0,0,0,0,0,2,0,18,0,sa,200,2,86349,591.8,0,3,11,1,Apache,0,html,0,0,0,1,5,0,1,0,1,1,1,3,1,12,0,0,1,1,0,0,1,1,1,9,0,0,1,3,1,29,9,16,4,1,84,72,12,1,4,1,12,1,9,1,1,1,1,1,0,0,0,0,0,0,0,0,0,0,0,0,0,0,0,0,0,0,0,0,0,0,0,0,0.0,0.0,0.0,2,1,1,1,2,1,2,0,0,1,2,7,63,31,0,13,0,0,0,0,0,4.0,0.0003358463908093898,0.625,0.27794184066983985,0,,20260511_211953,2026-05-11T21:19:54.483425,https://careers.stc.com.sa/,https://careers.stc.com.sa/,False,https://careers.stc.com.sa/,https://careers.stc.com.sa/,https://careers.stc.com.sa/,recon_page,2026-05-11T21:19:54.485866
27,1,0,0,0,0,0,2,0,18,0,sa,200,2,86349,369.399,0,0,11,1,Apache,0,html,0,0,0,1,5,0,1,0,1,1,1,3,1,12,0,0,1,1,0,0,1,1,1,9,0,0,1,3,1,29,9,16,4,1,84,72,12,1,4,1,12,1,9,1,1,1,1,1,0,0,0,0,0,0,0,0,0,0,0,0,0,0,0,0,0,0,0,0,0,0,0,0,0.0,0.0,0.0,0,0,0,1,2,1,2,0,0,1,2,7,63,31,0,13,0,0,0,0,0,4.0,0.0003358463908093898,0.625,0.27794184066983985,0,,20260511_211953,2026-05-11T21:22:18.275227,https://careers.stc.com.sa/,https://careers.stc.com.sa/,False,https://careers.stc.com.sa/,https://careers.stc.com.sa/,https://careers.stc.com.sa/,recon_page,2026-05-11T21:22:18.280458
63,1,3,0,0,0,0,2,0,18,0,sa,200,2,72762,148.487,0,0,13,1,nginx,0,html,0,0,0,1,5,0,1,0,1,1,1,2,1,10,0,0,1,1,0,0,1,1,1,9,0,0,1,3,1,27,9,16,2,1,62,53,9,1,4,1,12,1,8,1,0,0,0,0,1,0,0,0,0,0,0,0,0,1,0,0,0,0,0,0,0,0,0,0,0,0,0,0,0.0,0.0,0.0,0,0,0,1,1,0,0,0,0,2,0,7,56,22,0,10,0,0,0,0,0,5.0,0.0003710728127319205,0.625,0.2886121876803826,0,,20260511_211953,2026-05-11T21:22:21.687791,https://careers.stc.com.sa/go/HR-Collaboration-Program/7757823/,https://careers.stc.com.sa/,False,https://careers.stc.com.sa/go/HR-Collaboration-Program/7757823/,https://careers.stc.com.sa/,https://careers.stc.com.sa/go/HR-Collaboration-Program/7757823/,recon_page,2026-05-11T21:22:21.701446
50,1,3,0,0,0,0,2,0,18,0,sa,200,2,72786,346.105,0,0,13,1,nginx,0,html,0,0,0,1,5,0,1,0,1,1,1,2,1,10,0,0,1,1,0,0,1,1,1,9,0,0,1,3,1,27,9,16,2,1,62,53,9,1,4,1,12,1,8,1,0,0,0,0,1,0,0,0,0,0,0,0,0,1,0,0,0,0,0,0,0,0,0,0,0,0,0,0,0.0,0.0,0.0,0,0,0,1,1,0,0,0,0,2,0,7,56,22,0,10,0,0,0,0,0,5.0,0.00037095045750556424,0.625,0.28851702250432776,0,,20260511_211953,2026-05-11T21:22:22.270228,https://careers.stc.com.sa/go/Experienced/7737023/,https://careers.stc.com.sa/,False,https://careers.stc.com.sa/go/Experienced/7737023/,https://careers.stc.com.sa/,https://careers.stc.com.sa/go/Experienced/7737023/,recon_page,2026-05-11T21:22:22.274798
42,1,3,0,0,0,0,2,0,18,0,sa,200,2,72754,379.363,0,0,13,1,nginx,0,html,0,0,0,1,5,0,1,0,1,1,1,2,1,10,0,0,1,1,0,0,1,1,1,9,0,0,1,3,1,27,9,16,2,1,62,53,9,1,4,1,12,1,8,1,0,0,0,0,1,0,0,0,0,0,0,0,0,1,0,0,0,0,0,0,0,0,0,0,0,0,0,0,0.0,0.0,0.0,0,0,0,1,1,0,0,0,0,2,0,7,57,22,0,10,0,0,0,0,0,5.0,0.00037111361574621325,0.625,0.28864392335816585,0,,20260511_211953,2026-05-11T21:22:22.745237,https://careers.stc.com.sa/go/JAP/7751023/,https://careers.stc.com.sa/,False,https://careers.stc.com.sa/go/JAP/7751023/,https://careers.stc.com.sa/,https://careers.stc.com.sa/go/JAP/7751023/,recon_page,2026-05-11T21:22:22.891591
44,1,3,0,0,0,0,2,0,18,0,sa,200,2,72762,168.333,0,0,13,1,nginx,0,html,0,0,0,1,5,0,1,0,1,1,1,2,1,10,0,0,1,1,0,0,1,1,1,9,0,0,1,3,1,27,9,16,2,1,62,53,9,1,4,1,12,1,8,1,0,0,0,0,1,0,0,0,0,0,0,0,0,1,0,0,0,0,0,0,0,0,0,0,0,0,0,0,0.0,0.0,0.0,0,0,0,1,1,0,0,0,0,2,0,7,56,22,0,10,0,0,0,0,0,5.0,0.0003710728127319205,0.625,0.2886121876803826,0,,20260511_211953,2026-05-11T21:22:22.891174,https://careers.stc.com.sa/go/Fursa/7757823/,https://careers.stc.com.sa/,False,https://careers.stc.com.sa/go/Fursa/7757823/,https://careers.stc.com.sa/,https://careers.stc.com.sa/go/Fursa/7757823/,recon_page,2026-05-11T21:22:22.985092
51,1,3,0,0,0,0,2,0,18,0,sa,200,2,72783,115.057,0,0,13,1,nginx,0,html,0,0,0,1,5,0,1,0,1,1,1,2,1,10,0,0,1,1,0,0,1,1,1,9,0,0,1,3,1,27,9,16,2,1,62,53,9,1,4,1,12,1,8,1,0,0,0,0,1,0,0,0,0,0,0,0,0,1,0,0,0,0,0,0,0,0,0,0,0,0,0,0,0.0,0.0,0.0,0,0,0,1,1,0,0,0,0,2,0,7,56,22,0,10,0,0,0,0,0,5.0,0.0003709657474959812,0.625,0.2885289147190965,0,,20260511_211953,2026-05-11T21:22:22.827935,https://careers.stc.com.sa/go/Early-Career/7735923/,https://careers.stc.com.sa/,False,https://careers.stc.com.sa/go/Early-Career/7735923/,https://careers.stc.com.sa/,https://careers.stc.com.sa/go/Early-Career/7735923/,recon_page,2026-05-11T21:22:23.023539
39,1,1,0,0,0,0,2,0,18,0,sa,200,2,73235,353.323,0,0,11,1,Apache,0,html,0,0,0,1,5,0,1,0,1,1,1,1,1,8,0,0,1,1,0,0,1,1,1,7,0,0,1,3,1,26,8,16,2,1,84,75,9,1,3,1,6,1,7,1,0,0,1,1,0,0,0,0,0,0,0,0,0,0,0,0,0,0,0,0,0,0,0,0,0,0,0,0,0.0,0.0,0.0,0,0,0,1,0,0,0,0,0,1,0,6,73,20,0,8,0,0,0,0,0,8.0,0.0003550215061104663,0.625,0.2184747729910562,0,,20260511_211953,2026-05-11T21:22:22.991150,https://careers.stc.com.sa/viewalljobs/,https://careers.stc.com.sa/,False,https://careers.stc.com.sa/viewalljobs/,https://careers.stc.com.sa/,https://careers.stc.com.sa/viewalljobs/,recon_page,2026-05-11T21:22:23.050764
100,1,1,1,4,0,0,2,0,18,0,sa,200,2,69893,409.954,0,0,13,1,nginx,0,html,0,0,0,1,5,0,1,0,1,1,1,1,1,8,0,0,1,1,0,0,1,1,1,7,0,0,1,3,1,27,8,17,2,1,61,52,9,1,4,1,8,1,7,1,0,0,1,0,1,0,0,0,0,0,0,0,0,0,0,0,0,0,0,0,1,0,0,0,0,0,0,0,0.0,0.0,0.0,0,0,0,1,0,0,0,0,0,1,0,6,54,20,0,8,0,0,0,0,0,8.0,0.0003863047801639649,0.625,0.2289213512082755,0,,20260511_211953,2026-05-11T21:22:22.964023,https://careers.stc.com.sa/search/?createNewAlert=false&q=&locationsearch=&optionsFacetsDD_location=,https://careers.stc.com.sa/,False,https://careers.stc.com.sa/search/?createNewAlert=false&q=&locationsearch=&optionsFacetsDD_location=,https://careers.stc.com.sa/,https://careers.stc.com.sa/search/?createNewAlert=false&q=&locationsearch=&optionsFacetsDD_location=,recon_page,2026-05-11T21:22:23.059969
66,1,2,1,1,0,0,2,0,18,0,sa,200,2,70023,325.749,0,0,11,1,Apache,0,html,0,0,0,1,5,0,1,0,1,1,1,2,1,6,1,2,1,2,0,0,0,0,1,12,0,0,0,0,1,32,10,20,2,1,53,44,9,1,7,1,6,1,7,1,0,0,1,1,0,0,0,0,0,0,0,0,0,1,0,0,0,0,0,0,1,0,0,0,0,0,0,0,0.0,0.0,0.0,0,0,0,2,0,1,2,0,0,2,0,3,55,14,0,8,0,0,0,0,0,3.0,0.0004569927023977836,0.625,0.2856204389986148,0,,20260511_211953,2026-05-11T21:22:22.988736,https://careers.stc.com.sa/talentcommunity/subscribe/?locale=en_US,https://careers.stc.com.sa/,False,https://careers.stc.com.sa/talentcommunity/subscribe/?locale=en_US,https://careers.stc.com.sa/,https://careers.stc.com.sa/talentcommunity/subscribe/?locale=en_US,recon_page,2026-05-11T21:22:23.065519
40,1,0,1,1,0,0,2,0,18,0,sa,200,2,86349,397.629,0,0,11,1,Apache,0,html,0,0,0,1,5,0,1,0,1,1,1,3,1,12,0,0,1,1,0,0,1,1,1,9,0,0,1,3,1,29,9,16,4,1,84,72,12,1,4,1,12,1,9,1,1,1,1,1,0,0,0,0,0,0,0,0,0,0,0,0,0,0,0,0,1,0,0,0,0,0,0,0,0.0,0.0,0.0,0,0,0,1,2,1,2,0,0,1,2,7,63,31,0,13,0,0,0,0,0,4.0,0.0003358463908093898,0.625,0.27794184066983985,0,,20260511_211953,2026-05-11T21:22:23.049611,https://careers.stc.com.sa/?locale=en_US,https://careers.stc.com.sa/,False,https://careers.stc.com.sa/?locale=en_US,https://careers.stc.com.sa/,https://careers.stc.com.sa/?locale=en_US,recon_page,2026-05-11T21:22:23.067808
69,1,2,1,1,0,0,2,0,18,0,sa,200,2,90086,76.692,0,0,11,1,Apache,0,html,0,0,0,1,5,0,1,0,1,1,0,0,1,2,0,0,0,0,0,0,0,0,1,6,0,0,0,0,1,24,7,15,2,1,84,73,11,1,8,1,12,1,8,1,0,0,1,1,0,0,0,0,0,0,0,0,0,0,0,0,0,0,0,0,1,0,0,0,0,0,0,0,0.0,0.0,0.0,0,0,0,0,0,0,0,0,0,0,0,1,57,36,0,10,0,0,0,0,0,0.0,0.00026641209510911795,0.625,0.08880403170303931,0,,20260511_211953,2026-05-11T21:22:22.930296,https://careers.stc.com.sa/content/Development-Programs/?locale=en_US,https://careers.stc.com.sa/,False,https://careers.stc.com.sa/content/Development-Programs/?locale=en_US,https://careers.stc.com.sa/,https://careers.stc.com.sa/content/Development-Programs/?locale=en_US,recon_page,2026-05-11T21:22:23.067100
46,1,0,1,1,0,0,2,0,18,0,sa,200,2,86487,349.423,0,0,11,1,Apache,0,html,0,0,0,1,5,0,1,0,1,1,1,3,1,12,0,0,1,1,0,0,1,1,1,9,0,0,1,3,1,29,9,16,4,1,84,72,12,1,4,1,12,1,9,1,1,1,1,1,0,0,0,0,0,0,0,0,0,0,0,0,0,0,0,0,1,0,0,0,0,0,0,0,0.0,0.0,0.0,0,0,0,1,2,1,2,0,0,1,2,7,65,31,0,13,0,0,0,0,0,4.0,0.00033531050909385227,0.625,0.27749835235353293,0,,20260511_211953,2026-05-11T21:22:23.058771,https://careers.stc.com.sa/?from-HRCollab=true,https://careers.stc.com.sa/,False,https://careers.stc.com.sa/?from-HRCollab=true,https://careers.stc.com.sa/,https://careers.stc.com.sa/?from-HRCollab=true,recon_page,2026-05-11T21:22:23.068085
59,1,3,0,0,0,0,2,0,18,0,sa,200,2,72815,248.803,0,0,13,1,nginx,0,html,0,0,0,1,5,0,1,0,1,1,1,2,1,10,0,0,1,1,0,0,1,1,1,9,0,0,1,3,1,27,9,16,2,1,62,53,9,1,4,1,12,1,8,1,0,0,0,0,1,0,0,0,0,0,0,0,0,1,0,0,0,0,0,0,0,0,0,0,0,0,0,0,0.0,0.0,0.0,0,0,0,1,1,0,0,0,0,2,0,7,56,22,0,10,0,0,0,0,0,5.0,0.000370802719219941,0.625,0.288402114948843,0,,20260511_211953,2026-05-11T21:22:23.046522,https://careers.stc.com.sa/go/Cooperative-Training/7736023/,https://careers.stc.com.sa/,False,https://careers.stc.com.sa/go/Cooperative-Training/7736023/,https://careers.stc.com.sa/,https://careers.stc.com.sa/go/Cooperative-Training/7736023/,recon_page,2026-05-11T21:22:23.068462
34,1,1,0,0,0,0,2,0,18,0,sa,200,2,69401,393.535,0,0,13,1,nginx,0,html,0,0,0,1,5,0,1,0,1,1,1,1,1,8,0,0,1,1,0,0,1,1,1,7,0,0,1,3,1,27,8,17,2,1,61,52,9,1,4,1,8,1,7,1,0,0,1,0,1,0,0,0,0,0,0,0,0,0,0,0,0,0,0,0,0,0,0,0,0,0,0,0,0.0,0.0,0.0,0,0,0,1,0,0,0,0,0,1,0,6,54,20,0,8,0,0,0,0,0,8.0,0.0003890433855419951,0.625,0.23054422846933043,0,,20260511_211953,2026-05-11T21:22:22.893340,https://careers.stc.com.sa/search/,https://careers.stc.com.sa/,False,https://careers.stc.com.sa/search/,https://careers.stc.com.sa/,https://careers.stc.com.sa/search/,recon_page,2026-05-11T21:22:23.068319
53,1,2,1,1,0,0,2,0,18,0,sa,200,2,81416,97.271,0,0,11,1,Apache,0,html,0,0,0,1,5,0,1,0,1,1,0,0,1,2,0,0,0,0,0,0,0,0,1,6,0,0,0,0,1,26,8,16,2,1,80,68,12,1,10,1,12,1,9,1,0,0,1,1,0,0,0,0,0,0,0,0,0,0,0,0,0,0,0,0,1,0,0,0,0,0,0,0,0.0,0.0,0.0,0,0,0,0,0,0,0,0,0,0,0,1,60,31,0,10,0,0,0,0,0,0.0,0.0003193475483934362,0.625,0.09826078412105729,0,,20260511_211953,2026-05-11T21:22:23.212600,https://careers.stc.com.sa/content/COOP/?locale=en_US,https://careers.stc.com.sa/,False,https://careers.stc.com.sa/content/COOP/?locale=en_US,https://careers.stc.com.sa/,https://careers.stc.com.sa/content/COOP/?locale=en_US,recon_page,2026-05-11T21:22:23.234597
92,1,3,0,0,0,0,2,0,18,0,sa,200,2,73166,351.292,0,0,13,1,nginx,0,html,0,0,0,1,5,0,1,0,1,1,1,2,1,10,0,0,1,1,0,0,1,1,1,9,0,0,1,3,1,27,9,16,2,1,61,52,9,1,4,1,12,1,8,1,0,0,0,0,1,0,0,0,0,0,0,0,0,1,0,0,0,0,0,0,0,0,0,0,0,0,0,0,0.0,0.0,0.0,0,0,0,1,1,0,0,0,0,2,0,7,56,22,0,10,0,0,0,0,0,5.0,0.0003690238635431758,0.625,0.28701856053358116,0,,20260511_211953,2026-05-11T21:22:23.220544,https://careers.stc.com.sa/go/%D9%83%D9%84%D9%86%D8%A7-HR-%D9%88%D8%A7%D8%AD%D8%AF/7757923//,https://careers.stc.com.sa/,False,https://careers.stc.com.sa/go/%D9%83%D9%84%D9%86%D8%A7-HR-%D9%88%D8%A7%D8%AD%D8%AF/7757923//,https://careers.stc.com.sa/,https://careers.stc.com.sa/go/%D9%83%D9%84%D9%86%D8%A7-HR-%D9%88%D8%A7%D8%AD%D8%AF/7757923//,recon_page,2026-05-11T21:22:23.274572
35,1,1,0,0,0,0,2,0,18,0,sa,200,2,68175,274.445,0,0,11,1,Apache,0,html,0,0,0,1,5,0,1,0,1,1,1,1,1,8,0,0,1,1,0,0,1,1,1,7,0,0,1,3,1,26,8,16,2,1,60,51,9,1,3,1,7,1,7,1,0,0,1,1,0,0,0,0,0,0,0,0,0,0,0,0,0,0,0,0,0,0,0,0,0,0,0,0,0.0,0.0,0.0,0,0,0,1,0,0,0,0,0,1,0,6,53,20,0,8,0,0,0,0,0,8.0,0.00038137147048038136,0.625,0.2346901356802347,0,,20260511_211953,2026-05-11T21:22:23.281832,https://careers.stc.com.sa/topjobs/,https://careers.stc.com.sa/,False,https://careers.stc.com.sa/topjobs/,https://careers.stc.com.sa/,https://careers.stc.com.sa/topjobs/,recon_page,2026-05-11T21:22:23.313730
84,1,1,1,3,0,0,2,0,18,0,sa,200,2,69773,100.438,0,0,13,1,nginx,0,html,0,0,0,1,5,0,1,0,1,1,1,1,1,8,0,0,1,1,0,0,1,1,1,7,0,0,1,3,1,27,8,17,2,1,61,52,9,1,4,1,8,1,7,1,0,0,1,0,1,0,0,0,0,0,0,0,0,0,0,0,0,0,0,0,1,0,0,0,0,0,0,0,0.0,0.0,0.0,0,0,0,1,0,0,0,0,0,1,0,6,54,20,0,8,0,0,0,0,0,8.0,0.00038696917145600735,0.625,0.22931506456652287,0,,20260511_211953,2026-05-11T21:22:23.310659,https://careers.stc.com.sa/search/?createNewAlert=false&q=&optionsFacetsDD_location=,https://careers.stc.com.sa/,False,https://careers.stc.com.sa/search/?createNewAlert=false&q=&optionsFacetsDD_location=,https://careers.stc.com.sa/,https://careers.stc.com.sa/search/?createNewAlert=false&q=&optionsFacetsDD_location=,recon_page,2026-05-11T21:22:23.324992
112,1,1,1,4,0,0,2,0,18,0,sa,200,2,69965,361.23499999999996,0,0,13,1,nginx,0,html,0,0,0,1,5,0,1,0,1,1,1,1,1,8,0,0,1,1,0,0,1,1,1,7,0,0,1,3,1,27,8,17,2,1,61,52,9,1,4,1,8,1,7,1,0,0,1,0,1,0,0,0,0,0,0,0,0,0,0,0,0,0,0,0,1,0,0,0,0,0,0,0,0.0,0.0,0.0,0,0,0,1,0,0,0,0,0,1,0,6,54,20,0,8,0,0,0,0,0,8.0,0.00038590723933395267,0.625,0.22868577145715713,0,,20260511_211953,2026-05-11T21:22:23.410528,https://careers.stc.com.sa/search/?createNewAlert=false&amp;q=&amp;locationsearch=&amp;optionsFacetsDD_location=,https://careers.stc.com.sa/,False,https://careers.stc.com.sa/search/?createNewAlert=false&amp;q=&amp;locationsearch=&amp;optionsFacetsDD_location=,https://careers.stc.com.sa/,https://careers.stc.com.sa/search/?createNewAlert=false&amp;q=&amp;locationsearch=&amp;optionsFacetsDD_location=,recon_page,2026-05-11T21:22:23.430133
74,1,2,1,1,0,0,2,0,18,0,sa,200,2,82427,284.678,0,0,11,1,Apache,0,html,0,0,0,1,5,0,1,0,1,1,0,0,1,2,0,0,0,0,0,0,0,0,1,6,0,0,0,0,1,26,8,16,2,1,80,68,12,1,10,1,12,1,9,1,0,0,1,1,0,0,0,0,0,0,0,0,0,0,0,0,0,0,0,0,1,0,0,0,0,0,0,0,0.0,0.0,0.0,0,0,0,0,0,0,0,0,0,0,0,1,60,32,0,10,0,0,0,0,0,0.0,0.0003154306234607592,0.625,0.09705557644946437,0,,20260511_211953,2026-05-11T21:22:23.695401,https://careers.stc.com.sa/content/Talent-Incubation-Program/?locale=en_US,https://careers.stc.com.sa/,False,https://careers.stc.com.sa/content/Talent-Incubation-Program/?locale=en_US,https://careers.stc.com.sa/,https://careers.stc.com.sa/content/Talent-Incubation-Program/?locale=en_US,recon_page,2026-05-11T21:22:23.755914
40,1,0,1,1,0,0,2,0,18,0,sa,200,2,87122,217.296,0,0,11,1,Apache,0,html,0,0,0,1,5,0,1,0,1,1,1,3,1,12,0,0,1,1,0,0,1,1,1,9,0,0,1,3,1,29,9,16,4,1,83,71,12,1,4,1,12,1,9,1,1,1,1,1,0,0,0,0,0,0,0,0,0,0,0,0,0,0,0,0,1,0,0,0,0,0,0,0,0.0,0.0,0.0,0,0,0,1,2,1,2,0,0,1,2,7,62,33,0,13,0,0,0,0,0,4.0,0.00033286655494593786,0.625,0.27547576961043135,0,,20260511_211953,2026-05-11T21:22:23.687691,https://careers.stc.com.sa/?locale=ar_SA,https://careers.stc.com.sa/,False,https://careers.stc.com.sa/?locale=ar_SA,https://careers.stc.com.sa/,https://careers.stc.com.sa/?locale=ar_SA,recon_page,2026-05-11T21:22:23.745479
41,1,0,1,1,0,0,2,0,18,0,sa,200,2,86457,392.34999999999997,0,0,11,1,Apache,0,html,0,0,0,1,5,0,1,0,1,1,1,3,1,12,0,0,1,1,0,0,1,1,1,9,0,0,1,3,1,29,9,16,4,1,84,72,12,1,4,1,12,1,9,1,1,1,1,1,0,0,0,0,0,0,0,0,0,0,0,0,0,0,0,0,1,0,0,0,0,0,0,0,0.0,0.0,0.0,0,0,0,1,2,1,2,0,0,1,2,7,65,31,0,13,0,0,0,0,0,4.0,0.00033542685959494313,0.625,0.27759464242340126,0,,20260511_211953,2026-05-11T21:22:23.707103,https://careers.stc.com.sa/?from-jap=true,https://careers.stc.com.sa/,False,https://careers.stc.com.sa/?from-jap=true,https://careers.stc.com.sa/,https://careers.stc.com.sa/?from-jap=true,recon_page,2026-05-11T21:22:23.760551
52,1,2,1,1,0,0,2,0,18,0,sa,200,2,98570,76.17699999999999,0,0,11,1,Apache,0,html,0,0,0,1,5,0,1,0,1,1,0,0,1,2,0,0,0,0,0,0,0,0,1,6,0,0,0,0,1,26,8,16,2,1,81,70,11,1,17,1,12,1,9,1,0,0,1,1,0,0,0,0,0,0,0,0,0,0,0,0,0,0,0,0,1,0,0,0,0,0,0,0,0.0,0.0,0.0,0,0,0,0,0,0,0,0,0,0,0,1,63,33,0,10,0,0,0,0,0,0.0,0.0002637719387237496,0.625,0.0811605965303845,0,,20260511_211953,2026-05-11T21:22:23.949499,https://careers.stc.com.sa/content/TIP/?locale=en_US,https://careers.stc.com.sa/,False,https://careers.stc.com.sa/content/TIP/?locale=en_US,https://careers.stc.com.sa/,https://careers.stc.com.sa/content/TIP/?locale=en_US,recon_page,2026-05-11T21:22:24.010930
92,1,1,1,3,0,0,2,0,18,0,sa,200,2,69821,98.012,0,0,13,1,nginx,0,html,0,0,0,1,5,0,1,0,1,1,1,1,1,8,0,0,1,1,0,0,1,1,1,7,0,0,1,3,1,27,8,17,2,1,61,52,9,1,4,1,8,1,7,1,0,0,1,0,1,0,0,0,0,0,0,0,0,0,0,0,0,0,0,0,1,0,0,0,0,0,0,0,0.0,0.0,0.0,0,0,0,1,0,0,0,0,0,1,0,6,54,20,0,8,0,0,0,0,0,8.0,0.00038670314088884433,0.625,0.22915741682301888,0,,20260511_211953,2026-05-11T21:22:24.144413,https://careers.stc.com.sa/search/?createNewAlert=false&amp;q=&amp;optionsFacetsDD_location=,https://careers.stc.com.sa/,False,https://careers.stc.com.sa/search/?createNewAlert=false&amp;q=&amp;optionsFacetsDD_location=,https://careers.stc.com.sa/,https://careers.stc.com.sa/search/?createNewAlert=false&amp;q=&amp;optionsFacetsDD_location=,recon_page,2026-05-11T21:22:24.155685
82,1,2,1,2,0,0,2,0,18,0,sa,200,2,70023,350.826,0,0,11,1,Apache,0,html,0,0,0,1,5,0,1,0,1,1,1,2,1,6,1,2,1,2,0,0,0,0,1,12,0,0,0,0,1,32,10,20,2,1,53,44,9,1,7,1,6,1,7,1,0,0,1,1,0,0,0,0,0,0,0,0,0,1,0,0,0,0,0,0,1,0,0,0,0,0,0,0,0.0,0.0,0.0,0,0,0,2,0,1,2,0,0,2,0,3,55,14,0,8,0,0,0,0,0,3.0,0.0004569927023977836,0.625,0.2856204389986148,0,,20260511_211953,2026-05-11T21:22:26.908029,https://careers.stc.com.sa/talentcommunity/subscribe/?locale=en_US&amp;cat=7757823,https://careers.stc.com.sa/,False,https://careers.stc.com.sa/talentcommunity/subscribe/?locale=en_US&amp;cat=7757823,https://careers.stc.com.sa/,https://careers.stc.com.sa/talentcommunity/subscribe/?locale=en_US&amp;cat=7757823,recon_page,2026-05-11T21:22:26.911442
50,1,3,0,0,0,0,2,0,18,0,sa,200,2,62629,64.999,0,0,12,1,Apache,0,html,1,1,0,1,5,0,1,0,1,1,0,0,1,2,0,0,0,0,0,0,0,0,1,6,0,0,0,0,1,25,8,15,2,1,59,50,9,1,3,1,6,1,7,1,0,0,1,1,0,0,0,0,0,0,0,0,0,1,0,0,0,0,0,0,0,0,0,0,0,0,0,0,1.0,1.0,0.0,0,0,0,0,0,0,0,0,0,0,0,1,51,20,0,8,0,0,0,0,0,0.0,0.0003991761005285092,0.625,0.12773635216912294,0,,20260511_211953,2026-05-11T21:22:46.616944,https://careers.stc.com.sa/go/Experienced/7938873/,https://careers.stc.com.sa/,False,https://careers.stc.com.sa/go/Experienced/7938873/,https://careers.stc.com.sa/,https://careers.stc.com.sa/go/Experienced/7938873/,recon_page,2026-05-11T21:22:46.621346
51,1,3,0,0,0,0,2,0,18,0,sa,200,2,62115,79.65700000000001,0,0,11,1,Apache,0,html,0,0,0,1,5,0,1,0,1,1,0,0,1,2,0,0,0,0,0,0,0,0,1,6,0,0,0,0,1,24,7,15,2,1,59,50,9,1,3,1,6,1,7,1,0,0,1,1,0,0,0,0,0,0,0,0,0,1,0,0,0,0,0,0,0,0,0,0,0,0,0,0,0.0,0.0,0.0,0,0,0,0,0,0,0,0,0,0,0,1,51,20,0,8,0,0,0,0,0,0.0,0.00038638010142477664,0.625,0.1287933671415922,0,,20260511_211953,2026-05-11T21:22:46.908119,https://careers.stc.com.sa/go/Early-Career/7934573/,https://careers.stc.com.sa/,False,https://careers.stc.com.sa/go/Early-Career/7934573/,https://careers.stc.com.sa/,https://careers.stc.com.sa/go/Early-Career/7934573/,recon_page,2026-05-11T21:22:46.911179
59,1,3,0,0,0,0,2,0,18,0,sa,200,2,62115,60.585,0,0,11,1,Apache,0,html,0,0,0,1,5,0,1,0,1,1,0,0,1,2,0,0,0,0,0,0,0,0,1,6,0,0,0,0,1,24,7,15,2,1,59,50,9,1,3,1,6,1,7,1,0,0,1,1,0,0,0,0,0,0,0,0,0,1,0,0,0,0,0,0,0,0,0,0,0,0,0,0,0.0,0.0,0.0,0,0,0,0,0,0,0,0,0,0,0,1,51,20,0,8,0,0,0,0,0,0.0,0.00038638010142477664,0.625,0.1287933671415922,0,,20260511_211953,2026-05-11T21:22:47.574150,https://careers.stc.com.sa/go/Cooperative-Training/7934673/,https://careers.stc.com.sa/,False,https://careers.stc.com.sa/go/Cooperative-Training/7934673/,https://careers.stc.com.sa/,https://careers.stc.com.sa/go/Cooperative-Training/7934673/,recon_page,2026-05-11T21:22:47.577699
113,1,1,1,5,0,0,2,0,18,0,sa,200,2,70357,89.67,0,0,13,1,nginx,0,html,0,0,0,1,5,0,1,0,1,1,1,1,1,8,0,0,1,1,0,0,1,1,1,7,0,0,1,3,1,27,8,17,2,1,60,51,9,1,4,1,8,1,7,1,0,0,1,0,1,0,0,0,0,0,0,0,0,0,0,0,0,0,0,0,1,0,0,0,0,0,0,0,0.0,0.0,0.0,0,0,0,1,0,0,0,0,0,1,0,6,54,20,0,8,0,0,0,0,0,8.0,0.000383757124379948,0.625,0.22741162926219138,0,,20260511_211953,2026-05-11T21:22:47.892143,https://careers.stc.com.sa/search/?createNewAlert=false&q=&locationsearch=&optionsFacetsDD_location=&locale=ar_SA,https://careers.stc.com.sa/,False,https://careers.stc.com.sa/search/?createNewAlert=false&q=&locationsearch=&optionsFacetsDD_location=&locale=ar_SA,https://careers.stc.com.sa/,https://careers.stc.com.sa/search/?createNewAlert=false&q=&locationsearch=&optionsFacetsDD_location=&locale=ar_SA,recon_page,2026-05-11T21:22:47.895626
130,1,3,0,0,0,0,2,0,18,0,sa,200,2,73269,377.202,0,0,13,1,nginx,0,html,0,0,0,1,5,0,1,0,1,1,1,2,1,10,0,0,1,1,0,0,1,1,1,9,0,0,1,3,1,27,9,16,2,1,61,52,9,1,4,1,12,1,8,1,0,0,0,0,1,0,0,0,0,0,0,0,0,1,0,0,0,0,0,0,0,0,0,0,0,0,0,0,0.0,0.0,0.0,0,0,0,1,1,0,0,0,0,2,0,7,56,22,0,10,0,0,0,0,0,5.0,0.00036850509765385086,0.625,0.2866150759529951,0,,20260511_211953,2026-05-11T21:22:50.787594,https://careers.stc.com.sa/go/%D8%A7%D9%84%D8%AA%D8%AF%D8%B1%D9%8A%D8%A8-%D8%A7%D9%84%D8%AA%D8%B9%D8%A7%D9%88%D9%86%D9%8A/7736823/,https://careers.stc.com.sa/,False,https://careers.stc.com.sa/go/%D8%A7%D9%84%D8%AA%D8%AF%D8%B1%D9%8A%D8%A8-%D8%A7%D9%84%D8%AA%D8%B9%D8%A7%D9%88%D9%86%D9%8A/7736823/,https://careers.stc.com.sa/,https://careers.stc.com.sa/go/%D8%A7%D9%84%D8%AA%D8%AF%D8%B1%D9%8A%D8%A8-%D8%A7%D9%84%D8%AA%D8%B9%D8%A7%D9%88%D9%86%D9%8A/7736823/,recon_page,2026-05-11T21:22:50.805027
129,1,1,1,5,0,0,2,0,18,0,sa,200,2,70091,263.393,0,0,13,1,nginx,0,html,0,0,0,1,5,0,1,0,1,1,1,1,1,8,0,0,1,1,0,0,1,1,1,7,0,0,1,3,1,27,8,17,2,1,61,52,9,1,4,1,8,1,7,1,0,0,1,0,1,0,0,0,0,0,0,0,0,0,0,0,0,0,0,0,1,0,0,0,0,0,0,0,0.0,0.0,0.0,0,0,0,1,0,0,0,0,0,1,0,6,54,20,0,8,0,0,0,0,0,8.0,0.00038521350815368593,0.625,0.22827467149848057,0,,20260511_211953,2026-05-11T21:22:50.748926,https://careers.stc.com.sa/search/?createNewAlert=false&amp;q=&amp;locationsearch=&amp;optionsFacetsDD_location=&amp;locale=ar_SA,https://careers.stc.com.sa/,False,https://careers.stc.com.sa/search/?createNewAlert=false&amp;q=&amp;locationsearch=&amp;optionsFacetsDD_location=&amp;locale=ar_SA,https://careers.stc.com.sa/,https://careers.stc.com.sa/search/?createNewAlert=false&amp;q=&amp;locationsearch=&amp;optionsFacetsDD_location=&amp;locale=ar_SA,recon_page,2026-05-11T21:22:50.854410
124,1,3,0,0,0,0,2,0,18,0,sa,200,2,73260,379.59,0,0,13,1,nginx,0,html,0,0,0,1,5,0,1,0,1,1,1,2,1,10,0,0,1,1,0,0,1,1,1,9,0,0,1,3,1,27,9,16,2,1,61,52,9,1,4,1,12,1,8,1,0,0,0,0,1,0,0,0,0,0,0,0,0,1,0,0,0,0,0,0,0,0,0,0,0,0,0,0,0.0,0.0,0.0,0,0,0,1,1,0,0,0,0,2,0,7,57,22,0,10,0,0,0,0,0,5.0,0.00036855036855036854,0.625,0.28665028665028663,0,,20260511_211953,2026-05-11T21:22:50.807982,https://careers.stc.com.sa/go/%D8%A7%D9%84%D9%85%D9%88%D8%A7%D8%B1%D8%AF-%D8%A7%D9%84%D8%A8%D8%B4%D8%B1%D9%8A%D8%A9/7736423/,https://careers.stc.com.sa/,False,https://careers.stc.com.sa/go/%D8%A7%D9%84%D9%85%D9%88%D8%A7%D8%B1%D8%AF-%D8%A7%D9%84%D8%A8%D8%B4%D8%B1%D9%8A%D8%A9/7736423/,https://careers.stc.com.sa/,https://careers.stc.com.sa/go/%D8%A7%D9%84%D9%85%D9%88%D8%A7%D8%B1%D8%AF-%D8%A7%D9%84%D8%A8%D8%B4%D8%B1%D9%8A%D8%A9/7736423/,recon_page,2026-05-11T21:22:50.857115
52,1,1,1,1,0,0,2,0,18,0,sa,200,2,73235,401.04499999999996,0,0,11,1,Apache,0,html,0,0,0,1,5,0,1,0,1,1,1,1,1,8,0,0,1,1,0,0,1,1,1,7,0,0,1,3,1,26,8,16,2,1,84,75,9,1,3,1,6,1,7,1,0,0,1,1,0,0,0,0,0,0,0,0,0,0,0,0,0,0,0,0,1,0,0,0,0,0,0,0,0.0,0.0,0.0,0,0,0,1,0,0,0,0,0,1,0,6,73,20,0,8,0,0,0,0,0,8.0,0.0003550215061104663,0.625,0.2184747729910562,0,,20260511_211953,2026-05-11T21:22:50.842087,https://careers.stc.com.sa/viewalljobs/?locale=en_US,https://careers.stc.com.sa/,False,https://careers.stc.com.sa/viewalljobs/?locale=en_US,https://careers.stc.com.sa/,https://careers.stc.com.sa/viewalljobs/?locale=en_US,recon_page,2026-05-11T21:22:50.858777
56,1,3,0,0,0,0,2,0,18,0,sa,200,2,72810,121.739,0,0,13,1,nginx,0,html,0,0,0,1,5,0,1,0,1,1,1,2,1,10,0,0,1,1,0,0,1,1,1,9,0,0,1,3,1,27,9,16,2,1,62,53,9,1,4,1,12,1,8,1,0,0,0,0,1,0,0,0,0,0,0,0,0,1,0,0,0,0,0,0,0,0,0,0,0,0,0,0,0.0,0.0,0.0,0,0,0,1,1,0,0,0,0,2,0,7,57,22,0,10,0,0,0,0,0,5.0,0.00037082818294190356,0.625,0.288421920065925,0,,20260511_211953,2026-05-11T21:22:50.854005,https://careers.stc.com.sa/go/Sales-&-Marketing/7736123/,https://careers.stc.com.sa/,False,https://careers.stc.com.sa/go/Sales-&-Marketing/7736123/,https://careers.stc.com.sa/,https://careers.stc.com.sa/go/Sales-&-Marketing/7736123/,recon_page,2026-05-11T21:22:50.863316
185,1,3,0,0,0,0,2,0,18,0,sa,200,2,73354,386.91700000000003,0,0,13,1,nginx,0,html,0,0,0,1,5,0,1,0,1,1,1,2,1,10,0,0,1,1,0,0,1,1,1,9,0,0,1,3,1,27,9,16,2,1,61,52,9,1,4,1,12,1,8,1,0,0,0,0,1,0,0,0,0,0,0,0,0,1,0,0,0,0,0,0,0,0,0,0,0,0,0,0,0.0,0.0,0.0,0,0,0,1,1,0,0,0,0,2,0,7,57,22,0,10,0,0,0,0,0,5.0,0.0003680780870845489,0.625,0.2862829566213158,0,,20260511_211953,2026-05-11T21:22:51.282337,https://careers.stc.com.sa/go/%D8%A7%D9%84%D8%B4%D8%A4%D9%88%D9%86-%D8%A7%D9%84%D9%82%D8%A7%D9%86%D9%88%D9%86%D9%8A%D8%A9-%D9%88%D8%A7%D9%84%D8%A7%D9%85%D8%AA%D8%AB%D8%A7%D9%84/7736523/,https://careers.stc.com.sa/,False,https://careers.stc.com.sa/go/%D8%A7%D9%84%D8%B4%D8%A4%D9%88%D9%86-%D8%A7%D9%84%D9%82%D8%A7%D9%86%D9%88%D9%86%D9%8A%D8%A9-%D9%88%D8%A7%D9%84%D8%A7%D9%85%D8%AA%D8%AB%D8%A7%D9%84/7736523/,https://careers.stc.com.sa/,https://careers.stc.com.sa/go/%D8%A7%D9%84%D8%B4%D8%A4%D9%88%D9%86-%D8%A7%D9%84%D9%82%D8%A7%D9%86%D9%88%D9%86%D9%8A%D8%A9-%D9%88%D8%A7%D9%84%D8%A7%D9%85%D8%AA%D8%AB%D8%A7%D9%84/7736523/,recon_page,2026-05-11T21:22:51.312574
94,1,3,0,0,0,0,2,0,18,0,sa,200,2,73215,249.74699999999999,0,0,13,1,nginx,0,html,0,0,0,1,5,0,1,0,1,1,1,2,1,10,0,0,1,1,0,0,1,1,1,9,0,0,1,3,1,27,9,16,2,1,61,52,9,1,4,1,12,1,8,1,0,0,0,0,1,0,0,0,0,0,0,0,0,1,0,0,0,0,0,0,0,0,0,0,0,0,0,0,0.0,0.0,0.0,0,0,0,1,1,0,0,0,0,2,0,7,56,22,0,10,0,0,0,0,0,5.0,0.0003687768899815612,0.625,0.28682646998565864,0,,20260511_211953,2026-05-11T21:22:51.315040,https://careers.stc.com.sa/go/%D9%85%D9%87%D9%86%D8%A9-%D9%85%D8%A8%D9%83%D8%B1%D8%A9/7736723/,https://careers.stc.com.sa/,False,https://careers.stc.com.sa/go/%D9%85%D9%87%D9%86%D8%A9-%D9%85%D8%A8%D9%83%D8%B1%D8%A9/7736723/,https://careers.stc.com.sa/,https://careers.stc.com.sa/go/%D9%85%D9%87%D9%86%D8%A9-%D9%85%D8%A8%D9%83%D8%B1%D8%A9/7736723/,recon_page,2026-05-11T21:22:51.353669
70,1,3,0,0,0,0,2,0,18,0,sa,200,2,73042,256.432,0,0,13,1,nginx,0,html,0,0,0,1,5,0,1,0,1,1,1,2,1,10,0,0,1,1,0,0,1,1,1,9,0,0,1,3,1,27,9,16,2,1,62,53,9,1,4,1,12,1,8,1,0,0,0,0,1,0,0,0,0,0,0,0,0,1,0,0,0,0,0,0,0,0,0,0,0,0,0,0,0.0,0.0,0.0,0,0,0,1,1,0,0,0,0,2,0,7,57,22,0,10,0,0,0,0,0,5.0,0.00036965033816160566,0.625,0.28750581857013774,0,,20260511_211953,2026-05-11T21:22:51.274683,https://careers.stc.com.sa/go/Operations-and-Support-Services/7735423/,https://careers.stc.com.sa/,False,https://careers.stc.com.sa/go/Operations-and-Support-Services/7735423/,https://careers.stc.com.sa/,https://careers.stc.com.sa/go/Operations-and-Support-Services/7735423/,recon_page,2026-05-11T21:22:51.357594
136,1,3,0,0,0,0,2,0,18,0,sa,200,2,73353,282.47299999999996,0,0,13,1,nginx,0,html,0,0,0,1,5,0,1,0,1,1,1,2,1,10,0,0,1,1,0,0,1,1,1,9,0,0,1,3,1,27,9,16,2,1,61,52,9,1,4,1,12,1,8,1,0,0,0,0,1,0,0,0,0,0,0,0,0,1,0,0,0,0,0,0,0,0,0,0,0,0,0,0,0.0,0.0,0.0,0,0,0,1,1,0,0,0,0,2,0,7,57,22,0,10,0,0,0,0,0,5.0,0.00036808310498548114,0.625,0.286286859433152,0,,20260511_211953,2026-05-11T21:22:51.330419,https://careers.stc.com.sa/go/%D8%A7%D9%84%D9%85%D8%A8%D9%8A%D8%B9%D8%A7%D8%AA-%D9%88%D8%A7%D9%84%D8%AA%D8%B3%D9%88%D9%8A%D9%82/7736923/,https://careers.stc.com.sa/,False,https://careers.stc.com.sa/go/%D8%A7%D9%84%D9%85%D8%A8%D9%8A%D8%B9%D8%A7%D8%AA-%D9%88%D8%A7%D9%84%D8%AA%D8%B3%D9%88%D9%8A%D9%82/7736923/,https://careers.stc.com.sa/,https://careers.stc.com.sa/go/%D8%A7%D9%84%D9%85%D8%A8%D9%8A%D8%B9%D8%A7%D8%AA-%D9%88%D8%A7%D9%84%D8%AA%D8%B3%D9%88%D9%8A%D9%82/7736923/,recon_page,2026-05-11T21:22:51.367195
61,1,3,0,0,0,0,2,0,18,0,sa,200,2,73006,390.087,0,0,13,1,nginx,0,html,0,0,0,1,5,0,1,0,1,1,1,2,1,10,0,0,1,1,0,0,1,1,1,9,0,0,1,3,1,27,9,16,2,1,62,53,9,1,4,1,12,1,8,1,0,0,0,0,1,0,0,0,0,0,0,0,0,1,0,0,0,0,0,0,0,0,0,0,0,0,0,0,0.0,0.0,0.0,0,0,0,1,1,0,0,0,0,2,0,7,57,22,0,10,0,0,0,0,0,5.0,0.0003698326164972742,0.625,0.28764759060899103,0,,20260511_211953,2026-05-11T21:22:51.355924,https://careers.stc.com.sa/go/Accounting-and-Finance/7735523/,https://careers.stc.com.sa/,False,https://careers.stc.com.sa/go/Accounting-and-Finance/7735523/,https://careers.stc.com.sa/,https://careers.stc.com.sa/go/Accounting-and-Finance/7735523/,recon_page,2026-05-11T21:22:51.395430
81,1,3,0,0,0,0,2,0,18,0,sa,200,2,73193,252.16499999999996,0,0,13,1,nginx,0,html,0,0,0,1,5,0,1,0,1,1,1,2,1,10,0,0,1,1,0,0,1,1,1,9,0,0,1,3,1,27,9,16,2,1,61,52,9,1,4,1,12,1,8,1,0,0,0,0,1,0,0,0,0,0,0,0,0,1,0,0,0,0,0,0,0,0,0,0,0,0,0,0,0.0,0.0,0.0,0,0,0,1,1,0,0,0,0,2,0,7,57,22,0,10,0,0,0,0,0,5.0,0.00036888773516593115,0.625,0.28691268290683536,0,,20260511_211953,2026-05-11T21:22:51.674163,https://careers.stc.com.sa/go/%D8%A7%D9%84%D9%88%D8%B8%D8%A7%D8%A6%D9%81/7754523/,https://careers.stc.com.sa/,False,https://careers.stc.com.sa/go/%D8%A7%D9%84%D9%88%D8%B8%D8%A7%D8%A6%D9%81/7754523/,https://careers.stc.com.sa/,https://careers.stc.com.sa/go/%D8%A7%D9%84%D9%88%D8%B8%D8%A7%D8%A6%D9%81/7754523/,recon_page,2026-05-11T21:22:51.760395
94,1,3,0,0,0,0,2,0,18,0,sa,200,2,73290,396.266,0,0,13,1,nginx,0,html,0,0,0,1,5,0,1,0,1,1,1,2,1,10,0,0,1,1,0,0,1,1,1,9,0,0,1,3,1,27,9,16,2,1,61,52,9,1,4,1,12,1,8,1,0,0,0,0,1,0,0,0,0,0,0,0,0,1,0,0,0,0,0,0,0,0,0,0,0,0,0,0,0.0,0.0,0.0,0,0,0,1,1,0,0,0,0,2,0,7,56,22,0,10,0,0,0,0,0,5.0,0.0003683995088006549,0.625,0.28653295128939826,0,,20260511_211953,2026-05-11T21:22:51.675027,https://careers.stc.com.sa/go/%D8%B0%D9%88%D9%8A-%D8%A7%D9%84%D8%AE%D8%A8%D8%B1%D8%A9/7737123/,https://careers.stc.com.sa/,False,https://careers.stc.com.sa/go/%D8%B0%D9%88%D9%8A-%D8%A7%D9%84%D8%AE%D8%A8%D8%B1%D8%A9/7737123/,https://careers.stc.com.sa/,https://careers.stc.com.sa/go/%D8%B0%D9%88%D9%8A-%D8%A7%D9%84%D8%AE%D8%A8%D8%B1%D8%A9/7737123/,recon_page,2026-05-11T21:22:51.762689
209,1,3,0,0,0,0,2,0,18,0,sa,200,2,73390,376.69599999999997,0,0,13,1,nginx,0,html,0,0,0,1,5,0,1,0,1,1,1,2,1,10,0,0,1,1,0,0,1,1,1,9,0,0,1,3,1,27,9,16,2,1,61,52,9,1,4,1,12,1,8,1,0,0,0,0,1,0,0,0,0,0,0,0,0,1,0,0,0,0,0,0,0,0,0,0,0,0,0,0,0.0,0.0,0.0,0,0,0,1,1,0,0,0,0,2,0,7,57,22,0,10,0,0,0,0,0,5.0,0.0003678975337239406,0.625,0.2861425262297316,0,,20260511_211953,2026-05-11T21:22:51.741700,https://careers.stc.com.sa/go/%D8%A7%D9%84%D9%87%D9%86%D8%AF%D8%B3%D8%A9-%D9%88%D8%A7%D9%84%D8%AA%D9%83%D9%86%D9%88%D9%84%D9%88%D8%AC%D9%8A%D8%A7-%D9%88%D8%A7%D9%84%D8%A7%D8%A8%D8%AA%D9%83%D8%A7%D8%B1/7736623/,https://careers.stc.com.sa/,False,https://careers.stc.com.sa/go/%D8%A7%D9%84%D9%87%D9%86%D8%AF%D8%B3%D8%A9-%D9%88%D8%A7%D9%84%D8%AA%D9%83%D9%86%D9%88%D9%84%D9%88%D8%AC%D9%8A%D8%A7-%D9%88%D8%A7%D9%84%D8%A7%D8%A8%D8%AA%D9%83%D8%A7%D8%B1/7736623/,https://careers.stc.com.sa/,https://careers.stc.com.sa/go/%D8%A7%D9%84%D9%87%D9%86%D8%AF%D8%B3%D8%A9-%D9%88%D8%A7%D9%84%D8%AA%D9%83%D9%86%D9%88%D9%84%D9%88%D8%AC%D9%8A%D8%A7-%D9%88%D8%A7%D9%84%D8%A7%D8%A8%D8%AA%D9%83%D8%A7%D8%B1/7736623/,recon_page,2026-05-11T21:22:51.763082
79,1,3,0,0,0,0,2,0,18,0,sa,200,2,72889,376.168,0,0,13,1,nginx,0,html,0,0,0,1,5,0,1,0,1,1,1,2,1,10,0,0,1,1,0,0,1,1,1,9,0,0,1,3,1,27,9,16,2,1,62,53,9,1,4,1,12,1,8,1,0,0,0,0,1,0,0,0,0,0,0,0,0,1,0,0,0,0,0,0,0,0,0,0,0,0,0,0,0.0,0.0,0.0,0,0,0,1,1,0,0,0,0,2,0,7,57,22,0,10,0,0,0,0,0,5.0,0.00037042626459410886,0.625,0.28810931690652913,0,,20260511_211953,2026-05-11T21:22:51.753603,https://careers.stc.com.sa/go/Engineering%2C-Technology-and-Innovation/7735823/,https://careers.stc.com.sa/,False,https://careers.stc.com.sa/go/Engineering%2C-Technology-and-Innovation/7735823/,https://careers.stc.com.sa/,https://careers.stc.com.sa/go/Engineering%2C-Technology-and-Innovation/7735823/,recon_page,2026-05-11T21:22:51.762978
58,1,3,0,0,0,0,2,0,18,0,sa,200,2,72818,380.78000000000003,0,0,13,1,nginx,0,html,0,0,0,1,5,0,1,0,1,1,1,2,1,10,0,0,1,1,0,0,1,1,1,9,0,0,1,3,1,27,9,16,2,1,62,53,9,1,4,1,12,1,8,1,0,0,0,0,1,0,0,0,0,0,0,0,0,1,0,0,0,0,0,0,0,0,0,0,0,0,0,0,0.0,0.0,0.0,0,0,0,1,1,0,0,0,0,2,0,7,57,22,0,10,0,0,0,0,0,5.0,0.00037078744266527507,0.625,0.28839023318410284,0,,20260511_211953,2026-05-11T21:22:51.754270,https://careers.stc.com.sa/go/All-Jobs-Except-JAP/7754423/,https://careers.stc.com.sa/,False,https://careers.stc.com.sa/go/All-Jobs-Except-JAP/7754423/,https://careers.stc.com.sa/,https://careers.stc.com.sa/go/All-Jobs-Except-JAP/7754423/,recon_page,2026-05-11T21:22:51.768672
129,1,1,1,5,0,0,2,0,18,0,sa,200,2,70091,257.714,0,0,13,1,nginx,0,html,0,0,0,1,5,0,1,0,1,1,1,1,1,8,0,0,1,1,0,0,1,1,1,7,0,0,1,3,1,27,8,17,2,1,61,52,9,1,4,1,8,1,7,1,0,0,1,0,1,0,0,0,0,0,0,0,0,0,0,0,0,0,0,0,1,0,0,0,0,0,0,0,0.0,0.0,0.0,0,0,0,1,0,0,0,0,0,1,0,6,54,20,0,8,0,0,0,0,0,8.0,0.00038521350815368593,0.625,0.22827467149848057,0,,20260511_211953,2026-05-11T21:22:51.743517,https://careers.stc.com.sa/search/?createNewAlert=false&amp;q=&amp;locationsearch=&amp;optionsFacetsDD_location=&amp;locale=en_US,https://careers.stc.com.sa/,False,https://careers.stc.com.sa/search/?createNewAlert=false&amp;q=&amp;locationsearch=&amp;optionsFacetsDD_location=&amp;locale=en_US,https://careers.stc.com.sa/,https://careers.stc.com.sa/search/?createNewAlert=false&amp;q=&amp;locationsearch=&amp;optionsFacetsDD_location=&amp;locale=en_US,recon_page,2026-05-11T21:22:51.781707
113,1,1,1,5,0,0,2,0,18,0,sa,200,2,69893,135.34099999999998,0,0,13,1,nginx,0,html,0,0,0,1,5,0,1,0,1,1,1,1,1,8,0,0,1,1,0,0,1,1,1,7,0,0,1,3,1,27,8,17,2,1,61,52,9,1,4,1,8,1,7,1,0,0,1,0,1,0,0,0,0,0,0,0,0,0,0,0,0,0,0,0,1,0,0,0,0,0,0,0,0.0,0.0,0.0,0,0,0,1,0,0,0,0,0,1,0,6,54,20,0,8,0,0,0,0,0,8.0,0.0003863047801639649,0.625,0.2289213512082755,0,,20260511_211953,2026-05-11T21:22:51.757378,https://careers.stc.com.sa/search/?createNewAlert=false&q=&locationsearch=&optionsFacetsDD_location=&locale=en_US,https://careers.stc.com.sa/,False,https://careers.stc.com.sa/search/?createNewAlert=false&q=&locationsearch=&optionsFacetsDD_location=&locale=en_US,https://careers.stc.com.sa/,https://careers.stc.com.sa/search/?createNewAlert=false&q=&locationsearch=&optionsFacetsDD_location=&locale=en_US,recon_page,2026-05-11T21:22:51.767543
136,1,3,0,0,0,0,2,0,18,0,sa,200,2,73278,384.77299999999997,0,0,13,1,nginx,0,html,0,0,0,1,5,0,1,0,1,1,1,2,1,10,0,0,1,1,0,0,1,1,1,9,0,0,1,3,1,27,9,16,2,1,61,52,9,1,4,1,12,1,8,1,0,0,0,0,1,0,0,0,0,0,0,0,0,1,0,0,0,0,0,0,0,0,0,0,0,0,0,0,0.0,0.0,0.0,0,0,0,1,1,0,0,0,0,2,0,7,57,22,0,10,0,0,0,0,0,5.0,0.00036845983787767134,0.625,0.28657987390485545,0,,20260511_211953,2026-05-11T21:22:51.923547,https://careers.stc.com.sa/go/%D8%A7%D9%84%D9%85%D8%AD%D8%A7%D8%B3%D8%A8%D8%A9-%D9%88%D8%A7%D9%84%D9%85%D8%A7%D9%84%D9%8A%D8%A9/7736323/,https://careers.stc.com.sa/,False,https://careers.stc.com.sa/go/%D8%A7%D9%84%D9%85%D8%AD%D8%A7%D8%B3%D8%A8%D8%A9-%D9%88%D8%A7%D9%84%D9%85%D8%A7%D9%84%D9%8A%D8%A9/7736323/,https://careers.stc.com.sa/,https://careers.stc.com.sa/go/%D8%A7%D9%84%D9%85%D8%AD%D8%A7%D8%B3%D8%A8%D8%A9-%D9%88%D8%A7%D9%84%D9%85%D8%A7%D9%84%D9%8A%D8%A9/7736323/,recon_page,2026-05-11T21:22:51.934990
52,1,1,1,1,0,0,2,0,18,0,sa,200,2,73730,394.951,0,0,11,1,Apache,0,html,0,0,0,1,5,0,1,0,1,1,1,1,1,8,0,0,1,1,0,0,1,1,1,7,0,0,1,3,1,26,8,16,2,1,83,74,9,1,3,1,6,1,7,1,0,0,1,1,0,0,0,0,0,0,0,0,0,0,0,0,0,0,0,0,1,0,0,0,0,0,0,0,0.0,0.0,0.0,0,0,0,1,0,0,0,0,0,1,0,6,73,20,0,8,0,0,0,0,0,8.0,0.00035263800352638004,0.625,0.21700800217008,0,,20260511_211953,2026-05-11T21:22:52.111485,https://careers.stc.com.sa/viewalljobs/?locale=ar_SA,https://careers.stc.com.sa/,False,https://careers.stc.com.sa/viewalljobs/?locale=ar_SA,https://careers.stc.com.sa/,https://careers.stc.com.sa/viewalljobs/?locale=ar_SA,recon_page,2026-05-11T21:22:52.118638
59,1,3,0,0,0,0,2,0,18,0,sa,200,2,72815,343.842,0,0,13,1,nginx,0,html,0,0,0,1,5,0,1,0,1,1,1,2,1,10,0,0,1,1,0,0,1,1,1,9,0,0,1,3,1,27,9,16,2,1,62,53,9,1,4,1,12,1,8,1,0,0,0,0,1,0,0,0,0,0,0,0,0,1,0,0,0,0,0,0,0,0,0,0,0,0,0,0,0.0,0.0,0.0,0,0,0,1,1,0,0,0,0,2,0,7,57,22,0,10,0,0,0,0,0,5.0,0.000370802719219941,0.625,0.288402114948843,0,,20260511_211953,2026-05-11T21:22:52.322769,https://careers.stc.com.sa/go/Legal-and-Compliance/7735723/,https://careers.stc.com.sa/,False,https://careers.stc.com.sa/go/Legal-and-Compliance/7735723/,https://careers.stc.com.sa/,https://careers.stc.com.sa/go/Legal-and-Compliance/7735723/,recon_page,2026-05-11T21:22:52.340984
54,1,3,0,0,0,0,2,0,18,0,sa,200,2,72978,408.98400000000004,0,0,13,1,nginx,0,html,0,0,0,1,5,0,1,0,1,1,1,2,1,10,0,0,1,1,0,0,1,1,1,9,0,0,1,3,1,27,9,16,2,1,62,53,9,1,4,1,12,1,8,1,0,0,0,0,1,0,0,0,0,0,0,0,0,1,0,0,0,0,0,0,0,0,0,0,0,0,0,0,0.0,0.0,0.0,0,0,0,1,1,0,0,0,0,2,0,7,57,22,0,10,0,0,0,0,0,5.0,0.0003699745128668914,0.625,0.2877579544520267,0,,20260511_211953,2026-05-11T21:22:52.691081,https://careers.stc.com.sa/go/Human-Resources/7735623/,https://careers.stc.com.sa/,False,https://careers.stc.com.sa/go/Human-Resources/7735623/,https://careers.stc.com.sa/,https://careers.stc.com.sa/go/Human-Resources/7735623/,recon_page,2026-05-11T21:22:52.719744
155,1,3,0,0,0,0,2,0,18,0,sa,200,2,73309,1197.109,0,0,13,1,nginx,0,html,0,0,0,1,5,0,1,0,1,1,1,2,1,10,0,0,1,1,0,0,1,1,1,9,0,0,1,3,1,27,9,16,2,1,61,52,9,1,4,1,12,1,8,1,0,0,0,0,1,0,0,0,0,0,0,0,0,1,0,0,0,0,0,0,0,0,0,0,0,0,0,0,0.0,0.0,0.0,0,0,0,1,1,0,0,0,0,2,0,7,57,22,0,10,0,0,0,0,0,5.0,0.0003683040281547968,0.625,0.28645868856484197,0,,20260511_211953,2026-05-11T21:22:52.749121,https://careers.stc.com.sa/go/%D8%AE%D8%AF%D9%85%D8%A7%D8%AA-%D8%A7%D9%84%D8%B9%D9%85%D9%84%D9%8A%D8%A7%D8%AA-%D9%88%D8%A7%D9%84%D8%AF%D8%B9%D9%85/7736223/,https://careers.stc.com.sa/,False,https://careers.stc.com.sa/go/%D8%AE%D8%AF%D9%85%D8%A7%D8%AA-%D8%A7%D9%84%D8%B9%D9%85%D9%84%D9%8A%D8%A7%D8%AA-%D9%88%D8%A7%D9%84%D8%AF%D8%B9%D9%85/7736223/,https://careers.stc.com.sa/,https://careers.stc.com.sa/go/%D8%AE%D8%AF%D9%85%D8%A7%D8%AA-%D8%A7%D9%84%D8%B9%D9%85%D9%84%D9%8A%D8%A7%D8%AA-%D9%88%D8%A7%D9%84%D8%AF%D8%B9%D9%85/7736223/,recon_page,2026-05-11T21:22:52.760135
82,1,2,1,2,0,0,2,0,18,0,sa,200,2,70023,111.607,0,0,11,1,Apache,0,html,0,0,0,1,5,0,1,0,1,1,1,2,1,6,1,2,1,2,0,0,0,0,1,12,0,0,0,0,1,32,10,20,2,1,53,44,9,1,7,1,6,1,7,1,0,0,1,1,0,0,0,0,0,0,0,0,0,1,0,0,0,0,0,0,1,0,0,0,0,0,0,0,0.0,0.0,0.0,0,0,0,2,0,1,2,0,0,2,0,3,55,14,0,8,0,0,0,0,0,3.0,0.0004569927023977836,0.625,0.2856204389986148,0,,20260511_211953,2026-05-11T21:22:53.601103,https://careers.stc.com.sa/talentcommunity/subscribe/?locale=en_US&amp;cat=7737023,https://careers.stc.com.sa/,False,https://careers.stc.com.sa/talentcommunity/subscribe/?locale=en_US&amp;cat=7737023,https://careers.stc.com.sa/,https://careers.stc.com.sa/talentcommunity/subscribe/?locale=en_US&amp;cat=7737023,recon_page,2026-05-11T21:22:53.609311
63,1,3,0,0,0,0,2,0,18,0,sa,200,2,73166,2960.364,0,0,13,1,nginx,0,html,0,0,0,1,5,0,1,0,1,1,1,2,1,10,0,0,1,1,0,0,1,1,1,9,0,0,1,3,1,27,9,16,2,1,61,52,9,1,4,1,12,1,8,1,0,0,0,0,1,0,0,0,0,0,0,0,0,1,0,0,0,0,0,0,0,0,0,0,0,0,0,0,0.0,0.0,0.0,0,0,0,1,1,0,0,0,0,2,0,7,56,22,0,10,0,0,0,0,0,5.0,0.0003690238635431758,0.625,0.28701856053358116,0,,20260511_211953,2026-05-11T21:22:54.112930,https://careers.stc.com.sa/go/%D9%81%D8%B1%D8%B5%D8%A9/7757923/,https://careers.stc.com.sa/,False,https://careers.stc.com.sa/go/%D9%81%D8%B1%D8%B5%D8%A9/7757923/,https://careers.stc.com.sa/,https://careers.stc.com.sa/go/%D9%81%D8%B1%D8%B5%D8%A9/7757923/,recon_page,2026-05-11T21:22:54.120630
165,1,3,0,0,0,0,2,0,18,0,sa,200,2,73334,109.33500000000001,0,0,13,1,nginx,0,html,0,0,0,1,5,0,1,0,1,1,1,2,1,10,0,0,1,1,0,0,1,1,1,9,0,0,1,3,1,27,9,16,2,1,61,52,9,1,4,1,12,1,8,1,0,0,0,0,1,0,0,0,0,0,0,0,0,1,0,0,0,0,0,0,0,0,0,0,0,0,0,0,0.0,0.0,0.0,0,0,0,1,1,0,0,0,0,2,0,7,57,22,0,10,0,0,0,0,0,5.0,0.00036817847110480814,0.625,0.28636103308151745,0,,20260511_211953,2026-05-11T21:22:54.310800,https://careers.stc.com.sa/go/%D8%A8%D8%B1%D9%86%D8%A7%D9%85%D8%AC-%D8%A7%D9%84%D8%A5%D9%84%D8%AD%D8%A7%D9%82-%D8%A7%D9%84%D9%88%D8%B8%D9%8A%D9%81%D9%8A-JAP/7754723/,https://careers.stc.com.sa/,False,https://careers.stc.com.sa/go/%D8%A8%D8%B1%D9%86%D8%A7%D9%85%D8%AC-%D8%A7%D9%84%D8%A5%D9%84%D8%AD%D8%A7%D9%82-%D8%A7%D9%84%D9%88%D8%B8%D9%8A%D9%81%D9%8A-JAP/7754723/,https://careers.stc.com.sa/,https://careers.stc.com.sa/go/%D8%A8%D8%B1%D9%86%D8%A7%D9%85%D8%AC-%D8%A7%D9%84%D8%A5%D9%84%D8%AD%D8%A7%D9%82-%D8%A7%D9%84%D9%88%D8%B8%D9%8A%D9%81%D9%8A-JAP/7754723/,recon_page,2026-05-11T21:22:54.339974
60,1,3,0,0,0,0,2,0,18,0,sa,200,2,72810,89.817,0,0,13,1,nginx,0,html,0,0,0,1,5,0,1,0,1,1,1,2,1,10,0,0,1,1,0,0,1,1,1,9,0,0,1,3,1,27,9,16,2,1,62,53,9,1,4,1,12,1,8,1,0,0,0,0,1,0,0,0,0,0,0,0,0,1,0,0,0,0,0,0,0,0,0,0,0,0,0,0,0.0,0.0,0.0,0,0,0,1,1,0,0,0,0,2,0,7,57,22,0,10,0,0,0,0,0,5.0,0.00037082818294190356,0.625,0.288421920065925,0,,20260511_211953,2026-05-11T21:22:54.370699,https://careers.stc.com.sa/go/Sales-&amp;-Marketing/7736123/,https://careers.stc.com.sa/,False,https://careers.stc.com.sa/go/Sales-&amp;-Marketing/7736123/,https://careers.stc.com.sa/,https://careers.stc.com.sa/go/Sales-&amp;-Marketing/7736123/,recon_page,2026-05-11T21:22:54.376571
82,1,2,1,2,0,0,2,0,18,0,sa,200,2,70023,81.734,0,0,11,1,Apache,0,html,0,0,0,1,5,0,1,0,1,1,1,2,1,6,1,2,1,2,0,0,0,0,1,12,0,0,0,0,1,32,10,20,2,1,53,44,9,1,7,1,6,1,7,1,0,0,1,1,0,0,0,0,0,0,0,0,0,1,0,0,0,0,0,0,1,0,0,0,0,0,0,0,0.0,0.0,0.0,0,0,0,2,0,1,2,0,0,2,0,3,55,14,0,8,0,0,0,0,0,3.0,0.0004569927023977836,0.625,0.2856204389986148,0,,20260511_211953,2026-05-11T21:22:58.182663,https://careers.stc.com.sa/talentcommunity/subscribe/?locale=en_US&amp;cat=7735923,https://careers.stc.com.sa/,False,https://careers.stc.com.sa/talentcommunity/subscribe/?locale=en_US&amp;cat=7735923,https://careers.stc.com.sa/,https://careers.stc.com.sa/talentcommunity/subscribe/?locale=en_US&amp;cat=7735923,recon_page,2026-05-11T21:22:58.224395
109,1,1,1,4,0,0,2,0,18,0,sa,200,2,70411,171.59099999999998,0,0,13,1,nginx,0,html,0,0,0,1,5,0,1,0,1,1,1,1,1,8,0,0,1,1,0,0,1,1,1,7,0,0,1,3,1,27,8,17,2,1,60,51,9,1,4,1,8,1,7,1,0,0,1,0,1,0,0,0,0,0,0,0,0,0,0,0,0,0,0,0,1,0,0,0,0,0,0,0,0.0,0.0,0.0,0,0,0,1,0,0,0,0,0,1,0,6,54,20,0,8,0,0,0,0,0,8.0,0.00038346281120847593,0.625,0.22723722145687464,0,,20260511_211953,2026-05-11T21:22:58.221402,https://careers.stc.com.sa/search/?createNewAlert=false&amp;q=&amp;optionsFacetsDD_location=&amp;locale=en_US,https://careers.stc.com.sa/,False,https://careers.stc.com.sa/search/?createNewAlert=false&amp;q=&amp;optionsFacetsDD_location=&amp;locale=en_US,https://careers.stc.com.sa/,https://careers.stc.com.sa/search/?createNewAlert=false&amp;q=&amp;optionsFacetsDD_location=&amp;locale=en_US,recon_page,2026-05-11T21:22:58.228293
97,1,1,1,4,0,0,2,0,18,0,sa,200,2,70237,120.254,0,0,13,1,nginx,0,html,0,0,0,1,5,0,1,0,1,1,1,1,1,8,0,0,1,1,0,0,1,1,1,7,0,0,1,3,1,27,8,17,2,1,60,51,9,1,4,1,8,1,7,1,0,0,1,0,1,0,0,0,0,0,0,0,0,0,0,0,0,0,0,0,1,0,0,0,0,0,0,0,0.0,0.0,0.0,0,0,0,1,0,0,0,0,0,1,0,6,54,20,0,8,0,0,0,0,0,8.0,0.0003844127738941014,0.625,0.22780016230761566,0,,20260511_211953,2026-05-11T21:22:58.212204,https://careers.stc.com.sa/search/?createNewAlert=false&q=&optionsFacetsDD_location=&locale=ar_SA,https://careers.stc.com.sa/,False,https://careers.stc.com.sa/search/?createNewAlert=false&q=&optionsFacetsDD_location=&locale=ar_SA,https://careers.stc.com.sa/,https://careers.stc.com.sa/search/?createNewAlert=false&q=&optionsFacetsDD_location=&locale=ar_SA,recon_page,2026-05-11T21:22:58.231200
97,1,1,1,4,0,0,2,0,18,0,sa,200,2,69773,133.29399999999998,0,0,13,1,nginx,0,html,0,0,0,1,5,0,1,0,1,1,1,1,1,8,0,0,1,1,0,0,1,1,1,7,0,0,1,3,1,27,8,17,2,1,61,52,9,1,4,1,8,1,7,1,0,0,1,0,1,0,0,0,0,0,0,0,0,0,0,0,0,0,0,0,1,0,0,0,0,0,0,0,0.0,0.0,0.0,0,0,0,1,0,0,0,0,0,1,0,6,54,20,0,8,0,0,0,0,0,8.0,0.00038696917145600735,0.625,0.22931506456652287,0,,20260511_211953,2026-05-11T21:22:58.194061,https://careers.stc.com.sa/search/?createNewAlert=false&q=&optionsFacetsDD_location=&locale=en_US,https://careers.stc.com.sa/,False,https://careers.stc.com.sa/search/?createNewAlert=false&q=&optionsFacetsDD_location=&locale=en_US,https://careers.stc.com.sa/,https://careers.stc.com.sa/search/?createNewAlert=false&q=&optionsFacetsDD_location=&locale=en_US,recon_page,2026-05-11T21:22:58.233313
109,1,1,1,4,0,0,2,0,18,0,sa,200,2,69947,154.052,0,0,13,1,nginx,0,html,0,0,0,1,5,0,1,0,1,1,1,1,1,8,0,0,1,1,0,0,1,1,1,7,0,0,1,3,1,27,8,17,2,1,61,52,9,1,4,1,8,1,7,1,0,0,1,0,1,0,0,0,0,0,0,0,0,0,0,0,0,0,0,0,1,0,0,0,0,0,0,0,0.0,0.0,0.0,0,0,0,1,0,0,0,0,0,1,0,6,54,20,0,8,0,0,0,0,0,8.0,0.00038600654781477406,0.625,0.2287446209272735,0,,20260511_211953,2026-05-11T21:23:00.080007,https://careers.stc.com.sa/search/?createNewAlert=false&amp;q=&amp;optionsFacetsDD_location=&amp;locale=ar_SA,https://careers.stc.com.sa/,False,https://careers.stc.com.sa/search/?createNewAlert=false&amp;q=&amp;optionsFacetsDD_location=&amp;locale=ar_SA,https://careers.stc.com.sa/,https://careers.stc.com.sa/search/?createNewAlert=false&amp;q=&amp;optionsFacetsDD_location=&amp;locale=ar_SA,recon_page,2026-05-11T21:23:00.108826
105,1,1,1,4,0,0,2,0,18,0,sa,200,2,69821,69.888,0,0,13,1,nginx,0,html,0,0,0,1,5,0,1,0,1,1,1,1,1,8,0,0,1,1,0,0,1,1,1,7,0,0,1,3,1,27,8,17,2,1,61,52,9,1,4,1,8,1,7,1,0,0,1,0,1,0,0,0,0,0,0,0,0,0,0,0,0,0,0,0,1,0,0,0,0,0,0,0,0.0,0.0,0.0,0,0,0,1,0,0,0,0,0,1,0,6,54,20,0,8,0,0,0,0,0,8.0,0.00038670314088884433,0.625,0.22915741682301888,0,,20260511_211953,2026-05-11T21:23:00.129216,https://careers.stc.com.sa/search/?createNewAlert=false&amp;q=&amp;optionsFacetsDD_location=&locale=en_US,https://careers.stc.com.sa/,False,https://careers.stc.com.sa/search/?createNewAlert=false&amp;q=&amp;optionsFacetsDD_location=&locale=en_US,https://careers.stc.com.sa/,https://careers.stc.com.sa/search/?createNewAlert=false&amp;q=&amp;optionsFacetsDD_location=&locale=en_US,recon_page,2026-05-11T21:23:00.160489
117,1,1,1,4,0,0,2,0,18,0,sa,200,2,69995,113.788,0,0,13,1,nginx,0,html,0,0,0,1,5,0,1,0,1,1,1,1,1,8,0,0,1,1,0,0,1,1,1,7,0,0,1,3,1,27,8,17,2,1,61,52,9,1,4,1,8,1,7,1,0,0,1,0,1,0,0,0,0,0,0,0,0,0,0,0,0,0,0,0,1,0,0,0,0,0,0,0,0.0,0.0,0.0,0,0,0,1,0,0,0,0,0,1,0,6,54,20,0,8,0,0,0,0,0,8.0,0.00038574183870276446,0.625,0.22858775626830485,0,,20260511_211953,2026-05-11T21:23:00.194672,https://careers.stc.com.sa/search/?createNewAlert=false&amp;amp;q=&amp;amp;optionsFacetsDD_location=&amp;locale=en_US,https://careers.stc.com.sa/,False,https://careers.stc.com.sa/search/?createNewAlert=false&amp;amp;q=&amp;amp;optionsFacetsDD_location=&amp;locale=en_US,https://careers.stc.com.sa/,https://careers.stc.com.sa/search/?createNewAlert=false&amp;amp;q=&amp;amp;optionsFacetsDD_location=&amp;locale=en_US,recon_page,2026-05-11T21:23:00.202758
105,1,1,1,4,0,0,2,0,18,0,sa,200,2,70285,113.289,0,0,13,1,nginx,0,html,0,0,0,1,5,0,1,0,1,1,1,1,1,8,0,0,1,1,0,0,1,1,1,7,0,0,1,3,1,27,8,17,2,1,60,51,9,1,4,1,8,1,7,1,0,0,1,0,1,0,0,0,0,0,0,0,0,0,0,0,0,0,0,0,1,0,0,0,0,0,0,0,0.0,0.0,0.0,0,0,0,1,0,0,0,0,0,1,0,6,54,20,0,8,0,0,0,0,0,8.0,0.00038415024542932344,0.625,0.22764458988404354,0,,20260511_211953,2026-05-11T21:23:01.308539,https://careers.stc.com.sa/search/?createNewAlert=false&amp;q=&amp;optionsFacetsDD_location=&locale=ar_SA,https://careers.stc.com.sa/,False,https://careers.stc.com.sa/search/?createNewAlert=false&amp;q=&amp;optionsFacetsDD_location=&locale=ar_SA,https://careers.stc.com.sa/,https://careers.stc.com.sa/search/?createNewAlert=false&amp;q=&amp;optionsFacetsDD_location=&locale=ar_SA,recon_page,2026-05-11T21:23:01.321315
117,1,1,1,4,0,0,2,0,18,0,sa,200,2,70459,108.164,0,0,13,1,nginx,0,html,0,0,0,1,5,0,1,0,1,1,1,1,1,8,0,0,1,1,0,0,1,1,1,7,0,0,1,3,1,27,8,17,2,1,60,51,9,1,4,1,8,1,7,1,0,0,1,0,1,0,0,0,0,0,0,0,0,0,0,0,0,0,0,0,1,0,0,0,0,0,0,0,0.0,0.0,0.0,0,0,0,1,0,0,0,0,0,1,0,6,54,20,0,8,0,0,0,0,0,8.0,0.00038320157822279626,0.625,0.22708241672461998,0,,20260511_211953,2026-05-11T21:23:01.318636,https://careers.stc.com.sa/search/?createNewAlert=false&amp;amp;q=&amp;amp;optionsFacetsDD_location=&amp;locale=ar_SA,https://careers.stc.com.sa/,False,https://careers.stc.com.sa/search/?createNewAlert=false&amp;amp;q=&amp;amp;optionsFacetsDD_location=&amp;locale=ar_SA,https://careers.stc.com.sa/,https://careers.stc.com.sa/search/?createNewAlert=false&amp;amp;q=&amp;amp;optionsFacetsDD_location=&amp;locale=ar_SA,recon_page,2026-05-11T21:23:01.322714
47,1,1,1,1,0,0,2,0,18,0,sa,200,2,69865,194.83700000000002,0,0,13,1,nginx,0,html,0,0,0,1,5,0,1,0,1,1,1,1,1,8,0,0,1,1,0,0,1,1,1,7,0,0,1,3,1,27,8,17,2,1,60,51,9,1,4,1,8,1,7,1,0,0,1,0,1,0,0,0,0,0,0,0,0,0,0,0,0,0,0,0,1,0,0,0,0,0,0,0,0.0,0.0,0.0,0,0,0,1,0,0,0,0,0,1,0,6,54,20,0,8,0,0,0,0,0,8.0,0.0003864596006584127,0.625,0.22901309668646677,0,,20260511_211953,2026-05-11T21:23:02.534095,https://careers.stc.com.sa/search/?locale=ar_SA,https://careers.stc.com.sa/,False,https://careers.stc.com.sa/search/?locale=ar_SA,https://careers.stc.com.sa/,https://careers.stc.com.sa/search/?locale=ar_SA,recon_page,2026-05-11T21:23:02.537662
47,1,1,1,1,0,0,2,0,18,0,sa,200,2,69401,298.743,0,0,13,1,nginx,0,html,0,0,0,1,5,0,1,0,1,1,1,1,1,8,0,0,1,1,0,0,1,1,1,7,0,0,1,3,1,27,8,17,2,1,61,52,9,1,4,1,8,1,7,1,0,0,1,0,1,0,0,0,0,0,0,0,0,0,0,0,0,0,0,0,1,0,0,0,0,0,0,0,0.0,0.0,0.0,0,0,0,1,0,0,0,0,0,1,0,6,54,20,0,8,0,0,0,0,0,8.0,0.0003890433855419951,0.625,0.23054422846933043,0,,20260511_211953,2026-05-11T21:23:03.747368,https://careers.stc.com.sa/search/?locale=en_US,https://careers.stc.com.sa/,False,https://careers.stc.com.sa/search/?locale=en_US,https://careers.stc.com.sa/,https://careers.stc.com.sa/search/?locale=en_US,recon_page,2026-05-11T21:23:03.750384
141,1,1,1,5,0,0,2,0,18,0,sa,200,2,70163,429.378,0,0,13,1,nginx,0,html,0,0,0,1,5,0,1,0,1,1,1,1,1,8,0,0,1,1,0,0,1,1,1,7,0,0,1,3,1,27,8,17,2,1,61,52,9,1,4,1,8,1,7,1,0,0,1,0,1,0,0,0,0,0,0,0,0,0,0,0,0,0,0,0,1,0,0,0,0,0,0,0,0.0,0.0,0.0,0,0,0,1,0,0,0,0,0,1,0,6,54,20,0,8,0,0,0,0,0,8.0,0.00038481820902755014,0.625,0.22804042016447415,0,,20260511_211953,2026-05-11T21:23:04.595312,https://careers.stc.com.sa/search/?createNewAlert=false&amp;amp;q=&amp;amp;locationsearch=&amp;amp;optionsFacetsDD_location=&amp;locale=en_US,https://careers.stc.com.sa/,False,https://careers.stc.com.sa/search/?createNewAlert=false&amp;amp;q=&amp;amp;locationsearch=&amp;amp;optionsFacetsDD_location=&amp;locale=en_US,https://careers.stc.com.sa/,https://careers.stc.com.sa/search/?createNewAlert=false&amp;amp;q=&amp;amp;locationsearch=&amp;amp;optionsFacetsDD_location=&amp;locale=en_US,recon_page,2026-05-11T21:23:04.599983
125,1,1,1,5,0,0,2,0,18,0,sa,200,2,69965,119.147,0,0,13,1,nginx,0,html,0,0,0,1,5,0,1,0,1,1,1,1,1,8,0,0,1,1,0,0,1,1,1,7,0,0,1,3,1,27,8,17,2,1,61,52,9,1,4,1,8,1,7,1,0,0,1,0,1,0,0,0,0,0,0,0,0,0,0,0,0,0,0,0,1,0,0,0,0,0,0,0,0.0,0.0,0.0,0,0,0,1,0,0,0,0,0,1,0,6,54,20,0,8,0,0,0,0,0,8.0,0.00038590723933395267,0.625,0.22868577145715713,0,,20260511_211953,2026-05-11T21:23:04.872671,https://careers.stc.com.sa/search/?createNewAlert=false&amp;q=&amp;locationsearch=&amp;optionsFacetsDD_location=&locale=en_US,https://careers.stc.com.sa/,False,https://careers.stc.com.sa/search/?createNewAlert=false&amp;q=&amp;locationsearch=&amp;optionsFacetsDD_location=&locale=en_US,https://careers.stc.com.sa/,https://careers.stc.com.sa/search/?createNewAlert=false&amp;q=&amp;locationsearch=&amp;optionsFacetsDD_location=&locale=en_US,recon_page,2026-05-11T21:23:04.881462
141,1,1,1,5,0,0,2,0,18,0,sa,200,2,70163,150.70600000000002,0,0,13,1,nginx,0,html,0,0,0,1,5,0,1,0,1,1,1,1,1,8,0,0,1,1,0,0,1,1,1,7,0,0,1,3,1,27,8,17,2,1,61,52,9,1,4,1,8,1,7,1,0,0,1,0,1,0,0,0,0,0,0,0,0,0,0,0,0,0,0,0,1,0,0,0,0,0,0,0,0.0,0.0,0.0,0,0,0,1,0,0,0,0,0,1,0,6,54,20,0,8,0,0,0,0,0,8.0,0.00038481820902755014,0.625,0.22804042016447415,0,,20260511_211953,2026-05-11T21:23:05.778999,https://careers.stc.com.sa/search/?createNewAlert=false&amp;amp;q=&amp;amp;locationsearch=&amp;amp;optionsFacetsDD_location=&amp;locale=ar_SA,https://careers.stc.com.sa/,False,https://careers.stc.com.sa/search/?createNewAlert=false&amp;amp;q=&amp;amp;locationsearch=&amp;amp;optionsFacetsDD_location=&amp;locale=ar_SA,https://careers.stc.com.sa/,https://careers.stc.com.sa/search/?createNewAlert=false&amp;amp;q=&amp;amp;locationsearch=&amp;amp;optionsFacetsDD_location=&amp;locale=ar_SA,recon_page,2026-05-11T21:23:05.782075
125,1,1,1,5,0,0,2,0,18,0,sa,200,2,70429,154.71599999999998,0,0,13,1,nginx,0,html,0,0,0,1,5,0,1,0,1,1,1,1,1,8,0,0,1,1,0,0,1,1,1,7,0,0,1,3,1,27,8,17,2,1,60,51,9,1,4,1,8,1,7,1,0,0,1,0,1,0,0,0,0,0,0,0,0,0,0,0,0,0,0,0,1,0,0,0,0,0,0,0,0.0,0.0,0.0,0,0,0,1,0,0,0,0,0,1,0,6,54,20,0,8,0,0,0,0,0,8.0,0.00038336480711070723,0.625,0.22717914495449318,0,,20260511_211953,2026-05-11T21:23:06.186944,https://careers.stc.com.sa/search/?createNewAlert=false&amp;q=&amp;locationsearch=&amp;optionsFacetsDD_location=&locale=ar_SA,https://careers.stc.com.sa/,False,https://careers.stc.com.sa/search/?createNewAlert=false&amp;q=&amp;locationsearch=&amp;optionsFacetsDD_location=&locale=ar_SA,https://careers.stc.com.sa/,https://careers.stc.com.sa/search/?createNewAlert=false&amp;q=&amp;locationsearch=&amp;optionsFacetsDD_location=&locale=ar_SA,recon_page,2026-05-11T21:23:06.191645
48,1,1,1,1,0,0,2,0,18,0,sa,200,2,68687,72.18299999999999,0,0,11,1,Apache,0,html,0,0,0,1,5,0,1,0,1,1,1,1,1,8,0,0,1,1,0,0,1,1,1,7,0,0,1,3,1,26,8,16,2,1,59,50,9,1,3,1,7,1,7,1,0,0,1,1,0,0,0,0,0,0,0,0,0,0,0,0,0,0,0,0,1,0,0,0,0,0,0,0,0.0,0.0,0.0,0,0,0,1,0,0,0,0,0,1,0,6,53,20,0,8,0,0,0,0,0,8.0,0.0003785286881069198,0.625,0.23294073114271988,0,,20260511_211953,2026-05-11T21:23:06.912397,https://careers.stc.com.sa/topjobs/?locale=ar_SA,https://careers.stc.com.sa/,False,https://careers.stc.com.sa/topjobs/?locale=ar_SA,https://careers.stc.com.sa/,https://careers.stc.com.sa/topjobs/?locale=ar_SA,recon_page,2026-05-11T21:23:06.915671
48,1,1,1,1,0,0,2,0,18,0,sa,200,2,68175,69.157,0,0,11,1,Apache,0,html,0,0,0,1,5,0,1,0,1,1,1,1,1,8,0,0,1,1,0,0,1,1,1,7,0,0,1,3,1,26,8,16,2,1,60,51,9,1,3,1,7,1,7,1,0,0,1,1,0,0,0,0,0,0,0,0,0,0,0,0,0,0,0,0,1,0,0,0,0,0,0,0,0.0,0.0,0.0,0,0,0,1,0,0,0,0,0,1,0,6,53,20,0,8,0,0,0,0,0,8.0,0.00038137147048038136,0.625,0.2346901356802347,0,,20260511_211953,2026-05-11T21:23:08.493959,https://careers.stc.com.sa/topjobs/?locale=en_US,https://careers.stc.com.sa/,False,https://careers.stc.com.sa/topjobs/?locale=en_US,https://careers.stc.com.sa/,https://careers.stc.com.sa/topjobs/?locale=en_US,recon_page,2026-05-11T21:23:08.499074
53,1,2,1,1,0,0,2,0,18,0,sa,200,2,81618,212.098,0,0,11,1,Apache,0,html,0,0,0,1,5,0,1,0,1,1,0,0,1,2,0,0,0,0,0,0,0,0,1,6,0,0,0,0,1,26,8,16,2,1,79,67,12,1,10,1,12,1,9,1,0,0,1,1,0,0,0,0,0,0,0,0,0,0,0,0,0,0,0,0,1,0,0,0,0,0,0,0,0.0,0.0,0.0,0,0,0,0,0,0,0,0,0,0,0,1,60,31,0,10,0,0,0,0,0,0.0,0.000318557181013992,0.625,0.0980175941581514,0,,20260511_211953,2026-05-11T21:23:08.690136,https://careers.stc.com.sa/content/COOP/?locale=ar_SA,https://careers.stc.com.sa/,False,https://careers.stc.com.sa/content/COOP/?locale=ar_SA,https://careers.stc.com.sa/,https://careers.stc.com.sa/content/COOP/?locale=ar_SA,recon_page,2026-05-11T21:23:08.693514
82,1,2,1,2,0,0,2,0,18,0,sa,200,2,70023,366.203,0,0,11,1,Apache,0,html,0,0,0,1,5,0,1,0,1,1,1,2,1,6,1,2,1,2,0,0,0,0,1,12,0,0,0,0,1,32,10,20,2,1,53,44,9,1,7,1,6,1,7,1,0,0,1,1,0,0,0,0,0,0,0,0,0,1,0,0,0,0,0,0,1,0,0,0,0,0,0,0,0.0,0.0,0.0,0,0,0,2,0,1,2,0,0,2,0,3,55,14,0,8,0,0,0,0,0,3.0,0.0004569927023977836,0.625,0.2856204389986148,0,,20260511_211953,2026-05-11T21:23:08.907328,https://careers.stc.com.sa/talentcommunity/subscribe/?locale=en_US&amp;cat=7736023,https://careers.stc.com.sa/,False,https://careers.stc.com.sa/talentcommunity/subscribe/?locale=en_US&amp;cat=7736023,https://careers.stc.com.sa/,https://careers.stc.com.sa/talentcommunity/subscribe/?locale=en_US&amp;cat=7736023,recon_page,2026-05-11T21:23:08.911290
69,1,2,1,1,0,0,2,0,18,0,sa,200,2,90158,310.164,0,0,11,1,Apache,0,html,0,0,0,1,5,0,1,0,1,1,0,0,1,2,0,0,0,0,0,0,0,0,1,6,0,0,0,0,1,24,7,15,2,1,83,72,11,1,8,1,12,1,8,1,0,0,1,1,0,0,0,0,0,0,0,0,0,0,0,0,0,0,0,0,1,0,0,0,0,0,0,0,0.0,0.0,0.0,0,0,0,0,0,0,0,0,0,0,0,1,58,36,0,10,0,0,0,0,0,0.0,0.0002661993389383083,0.625,0.0887331129794361,0,,20260511_211953,2026-05-11T21:23:09.159365,https://careers.stc.com.sa/content/Development-Programs/?locale=ar_SA,https://careers.stc.com.sa/,False,https://careers.stc.com.sa/content/Development-Programs/?locale=ar_SA,https://careers.stc.com.sa/,https://careers.stc.com.sa/content/Development-Programs/?locale=ar_SA,recon_page,2026-05-11T21:23:09.165266
82,1,2,1,2,0,0,2,0,18,0,sa,200,2,70023,238.987,0,0,11,1,Apache,0,html,0,0,0,1,5,0,1,0,1,1,1,2,1,6,1,2,1,2,0,0,0,0,1,12,0,0,0,0,1,32,10,20,2,1,53,44,9,1,7,1,6,1,7,1,0,0,1,1,0,0,0,0,0,0,0,0,0,1,0,0,0,0,0,0,1,0,0,0,0,0,0,0,0.0,0.0,0.0,0,0,0,2,0,1,2,0,0,2,0,3,55,14,0,8,0,0,0,0,0,3.0,0.0004569927023977836,0.625,0.2856204389986148,0,,20260511_211953,2026-05-11T21:23:09.434307,https://careers.stc.com.sa/talentcommunity/subscribe/?locale=en_US&amp;cat=7751023,https://careers.stc.com.sa/,False,https://careers.stc.com.sa/talentcommunity/subscribe/?locale=en_US&amp;cat=7751023,https://careers.stc.com.sa/,https://careers.stc.com.sa/talentcommunity/subscribe/?locale=en_US&amp;cat=7751023,recon_page,2026-05-11T21:23:09.447601
82,1,2,1,2,0,0,2,0,18,0,sa,200,2,70577,335.198,0,0,11,1,Apache,0,html,0,0,0,1,5,0,1,0,1,1,1,2,1,6,1,2,1,2,0,0,0,0,1,12,0,0,0,0,1,32,10,20,2,1,52,43,9,1,7,1,6,1,7,1,0,0,1,1,0,0,0,0,0,0,0,0,0,1,0,0,0,0,0,0,1,0,0,0,0,0,0,0,0.0,0.0,0.0,0,0,0,2,0,1,2,0,0,2,0,3,55,14,0,8,0,0,0,0,0,3.0,0.00045340550037547645,0.625,0.28337843773467275,0,,20260511_211953,2026-05-11T21:23:09.446936,https://careers.stc.com.sa/talentcommunity/subscribe/?locale=ar_SA&amp;cat=7757923,https://careers.stc.com.sa/,False,https://careers.stc.com.sa/talentcommunity/subscribe/?locale=ar_SA&amp;cat=7757923,https://careers.stc.com.sa/,https://careers.stc.com.sa/talentcommunity/subscribe/?locale=ar_SA&amp;cat=7757923,recon_page,2026-05-11T21:23:09.449851
162,1,1,1,6,0,0,2,0,18,0,sa,200,2,70777,168.618,0,0,13,1,nginx,0,html,0,0,0,1,5,0,1,0,1,1,1,1,1,8,0,0,1,1,0,0,1,1,1,7,0,0,1,3,1,27,8,17,2,1,60,51,9,1,4,1,8,1,7,1,0,0,1,0,1,0,0,0,0,0,0,0,0,0,0,0,0,0,0,0,1,0,0,0,0,0,0,0,0.0,0.0,0.0,0,0,0,1,0,0,0,0,0,1,0,6,54,20,0,8,0,0,0,0,0,8.0,0.00038147985927631855,0.625,0.226062138830411,0,,20260511_211953,2026-05-11T21:23:13.196467,https://careers.stc.com.sa/search/?createNewAlert=false&amp;amp;q=&amp;amp;locationsearch=&amp;amp;optionsFacetsDD_location=&amp;amp;locale=ar_SA&amp;locale=ar_SA,https://careers.stc.com.sa/,False,https://careers.stc.com.sa/search/?createNewAlert=false&amp;amp;q=&amp;amp;locationsearch=&amp;amp;optionsFacetsDD_location=&amp;amp;locale=ar_SA&amp;locale=ar_SA,https://careers.stc.com.sa/,https://careers.stc.com.sa/search/?createNewAlert=false&amp;amp;q=&amp;amp;locationsearch=&amp;amp;optionsFacetsDD_location=&amp;amp;locale=ar_SA&amp;locale=ar_SA,recon_page,2026-05-11T21:23:13.203494
54,1,0,1,2,0,0,2,0,18,0,sa,200,2,86457,382.864,0,0,11,1,Apache,0,html,0,0,0,1,5,0,1,0,1,1,1,3,1,12,0,0,1,1,0,0,1,1,1,9,0,0,1,3,1,29,9,16,4,1,84,72,12,1,4,1,12,1,9,1,1,1,1,1,0,0,0,0,0,0,0,0,0,0,0,0,0,0,0,0,1,0,0,0,0,0,0,0,0.0,0.0,0.0,0,0,0,1,2,1,2,0,0,1,2,7,65,31,0,13,0,0,0,0,0,4.0,0.00033542685959494313,0.625,0.27759464242340126,0,,20260511_211953,2026-05-11T21:23:13.393067,https://careers.stc.com.sa/?from-jap=true&locale=en_US,https://careers.stc.com.sa/,False,https://careers.stc.com.sa/?from-jap=true&locale=en_US,https://careers.stc.com.sa/,https://careers.stc.com.sa/?from-jap=true&locale=en_US,recon_page,2026-05-11T21:23:13.396808
74,1,2,1,1,0,0,2,0,18,0,sa,200,2,82840,356.817,0,0,11,1,Apache,0,html,0,0,0,1,5,0,1,0,1,1,0,0,1,2,0,0,0,0,0,0,0,0,1,6,0,0,0,0,1,26,8,16,2,1,79,67,12,1,10,1,12,1,9,1,0,0,1,1,0,0,0,0,0,0,0,0,0,0,0,0,0,0,0,0,1,0,0,0,0,0,0,0,0.0,0.0,0.0,0,0,0,0,0,0,0,0,0,0,0,1,61,32,0,10,0,0,0,0,0,0.0,0.00031385803959439886,0.625,0.09657170449058425,0,,20260511_211953,2026-05-11T21:23:13.763115,https://careers.stc.com.sa/content/Talent-Incubation-Program/?locale=ar_SA,https://careers.stc.com.sa/,False,https://careers.stc.com.sa/content/Talent-Incubation-Program/?locale=ar_SA,https://careers.stc.com.sa/,https://careers.stc.com.sa/content/Talent-Incubation-Program/?locale=ar_SA,recon_page,2026-05-11T21:23:13.818782
142,1,1,1,6,0,0,2,0,18,0,sa,200,2,70091,187.434,0,0,13,1,nginx,0,html,0,0,0,1,5,0,1,0,1,1,1,1,1,8,0,0,1,1,0,0,1,1,1,7,0,0,1,3,1,27,8,17,2,1,61,52,9,1,4,1,8,1,7,1,0,0,1,0,1,0,0,0,0,0,0,0,0,0,0,0,0,0,0,0,1,0,0,0,0,0,0,0,0.0,0.0,0.0,0,0,0,1,0,0,0,0,0,1,0,6,54,20,0,8,0,0,0,0,0,8.0,0.00038521350815368593,0.625,0.22827467149848057,0,,20260511_211953,2026-05-11T21:23:13.816716,https://careers.stc.com.sa/search/?createNewAlert=false&amp;q=&amp;locationsearch=&amp;optionsFacetsDD_location=&amp;locale=en_US&locale=en_US,https://careers.stc.com.sa/,False,https://careers.stc.com.sa/search/?createNewAlert=false&amp;q=&amp;locationsearch=&amp;optionsFacetsDD_location=&amp;locale=en_US&locale=en_US,https://careers.stc.com.sa/,https://careers.stc.com.sa/search/?createNewAlert=false&amp;q=&amp;locationsearch=&amp;optionsFacetsDD_location=&amp;locale=en_US&locale=en_US,recon_page,2026-05-11T21:23:13.962822
54,1,0,1,2,0,0,2,0,18,0,sa,200,2,87230,395.298,0,0,11,1,Apache,0,html,0,0,0,1,5,0,1,0,1,1,1,3,1,12,0,0,1,1,0,0,1,1,1,9,0,0,1,3,1,29,9,16,4,1,83,71,12,1,4,1,12,1,9,1,1,1,1,1,0,0,0,0,0,0,0,0,0,0,0,0,0,0,0,0,1,0,0,0,0,0,0,0,0.0,0.0,0.0,0,0,0,1,2,1,2,0,0,1,2,7,64,33,0,13,0,0,0,0,0,4.0,0.00033245443081508655,0.625,0.27513470136420953,0,,20260511_211953,2026-05-11T21:23:13.700356,https://careers.stc.com.sa/?from-jap=true&locale=ar_SA,https://careers.stc.com.sa/,False,https://careers.stc.com.sa/?from-jap=true&locale=ar_SA,https://careers.stc.com.sa/,https://careers.stc.com.sa/?from-jap=true&locale=ar_SA,recon_page,2026-05-11T21:23:13.959520
58,1,0,1,2,0,0,2,0,18,0,sa,200,2,87356,344.669,0,0,11,1,Apache,0,html,0,0,0,1,5,0,1,0,1,1,1,3,1,12,0,0,1,1,0,0,1,1,1,9,0,0,1,3,1,29,9,16,4,1,83,71,12,1,4,1,12,1,9,1,1,1,1,1,0,0,0,0,0,0,0,0,0,0,0,0,0,0,0,0,1,0,0,0,0,0,0,0,0.0,0.0,0.0,0,0,0,1,2,1,2,0,0,1,2,7,64,33,0,13,0,0,0,0,0,4.0,0.0003319749072759742,0.625,0.274737854297358,0,,20260511_211953,2026-05-11T21:23:13.813885,https://careers.stc.com.sa/?from-jap=true&amp;locale=en_US,https://careers.stc.com.sa/,False,https://careers.stc.com.sa/?from-jap=true&amp;locale=en_US,https://careers.stc.com.sa/,https://careers.stc.com.sa/?from-jap=true&amp;locale=en_US,recon_page,2026-05-11T21:23:13.977731
74,1,1,1,2,0,0,2,0,18,0,sa,200,2,62702,368.191,0,0,11,1,Apache,0,html,0,0,0,1,5,0,1,0,1,1,0,0,1,2,0,0,0,0,0,0,0,0,1,6,0,0,0,0,1,24,7,15,2,1,58,49,9,1,3,1,6,1,7,1,0,0,1,1,0,0,0,0,0,0,0,0,0,1,0,0,0,0,0,0,1,0,0,0,0,0,0,0,0.0,0.0,0.0,0,0,0,0,0,0,0,0,0,0,0,1,51,20,0,8,0,0,0,0,0,0.0,0.00038276291027399445,0.625,0.12758763675799814,0,,20260511_211953,2026-05-11T21:23:13.826691,https://careers.stc.com.sa/errorpage/?errortype=Exception&amp;locale=ar_SA,https://careers.stc.com.sa/,False,https://careers.stc.com.sa/errorpage/?errortype=Exception&amp;locale=ar_SA,https://careers.stc.com.sa/,https://careers.stc.com.sa/errorpage/?errortype=Exception&amp;locale=ar_SA,recon_page,2026-05-11T21:23:13.994816
70,1,1,1,2,0,0,2,0,18,0,sa,200,2,62576,573.788,0,0,11,1,Apache,0,html,0,0,0,1,5,0,1,0,1,1,0,0,1,2,0,0,0,0,0,0,0,0,1,6,0,0,0,0,1,24,7,15,2,1,58,49,9,1,3,1,6,1,7,1,0,0,1,1,0,0,0,0,0,0,0,0,0,1,0,0,0,0,0,0,1,0,0,0,0,0,0,0,0.0,0.0,0.0,0,0,0,0,0,0,0,0,0,0,0,1,51,20,0,8,0,0,0,0,0,0.0,0.000383533623114293,0.625,0.12784454103809767,0,,20260511_211953,2026-05-11T21:23:13.818266,https://careers.stc.com.sa/errorpage/?errortype=Exception&locale=ar_SA,https://careers.stc.com.sa/,False,https://careers.stc.com.sa/errorpage/?errortype=Exception&locale=ar_SA,https://careers.stc.com.sa/,https://careers.stc.com.sa/errorpage/?errortype=Exception&locale=ar_SA,recon_page,2026-05-11T21:23:14.029500
142,1,1,1,6,0,0,2,0,18,0,sa,200,2,70091,576.5780000000001,0,0,13,1,nginx,0,html,0,0,0,1,5,0,1,0,1,1,1,1,1,8,0,0,1,1,0,0,1,1,1,7,0,0,1,3,1,27,8,17,2,1,61,52,9,1,4,1,8,1,7,1,0,0,1,0,1,0,0,0,0,0,0,0,0,0,0,0,0,0,0,0,1,0,0,0,0,0,0,0,0.0,0.0,0.0,0,0,0,1,0,0,0,0,0,1,0,6,54,20,0,8,0,0,0,0,0,8.0,0.00038521350815368593,0.625,0.22827467149848057,0,,20260511_211953,2026-05-11T21:23:14.064890,https://careers.stc.com.sa/search/?createNewAlert=false&amp;q=&amp;locationsearch=&amp;optionsFacetsDD_location=&amp;locale=ar_SA&locale=en_US,https://careers.stc.com.sa/,False,https://careers.stc.com.sa/search/?createNewAlert=false&amp;q=&amp;locationsearch=&amp;optionsFacetsDD_location=&amp;locale=ar_SA&locale=en_US,https://careers.stc.com.sa/,https://careers.stc.com.sa/search/?createNewAlert=false&amp;q=&amp;locationsearch=&amp;optionsFacetsDD_location=&amp;locale=ar_SA&locale=en_US,recon_page,2026-05-11T21:23:14.075334
142,1,1,1,6,0,0,2,0,18,0,sa,200,2,70555,128.361,0,0,13,1,nginx,0,html,0,0,0,1,5,0,1,0,1,1,1,1,1,8,0,0,1,1,0,0,1,1,1,7,0,0,1,3,1,27,8,17,2,1,60,51,9,1,4,1,8,1,7,1,0,0,1,0,1,0,0,0,0,0,0,0,0,0,0,0,0,0,0,0,1,0,0,0,0,0,0,0,0.0,0.0,0.0,0,0,0,1,0,0,0,0,0,1,0,6,54,20,0,8,0,0,0,0,0,8.0,0.00038268017858408333,0.625,0.22677343916093826,0,,20260511_211953,2026-05-11T21:23:14.053553,https://careers.stc.com.sa/search/?createNewAlert=false&amp;q=&amp;locationsearch=&amp;optionsFacetsDD_location=&amp;locale=en_US&locale=ar_SA,https://careers.stc.com.sa/,False,https://careers.stc.com.sa/search/?createNewAlert=false&amp;q=&amp;locationsearch=&amp;optionsFacetsDD_location=&amp;locale=en_US&locale=ar_SA,https://careers.stc.com.sa/,https://careers.stc.com.sa/search/?createNewAlert=false&amp;q=&amp;locationsearch=&amp;optionsFacetsDD_location=&amp;locale=en_US&locale=ar_SA,recon_page,2026-05-11T21:23:14.067682
74,1,1,1,2,0,0,2,0,18,0,sa,200,2,62241,626.5659999999999,0,0,11,1,Apache,0,html,0,0,0,1,5,0,1,0,1,1,0,0,1,2,0,0,0,0,0,0,0,0,1,6,0,0,0,0,1,24,7,15,2,1,59,50,9,1,3,1,6,1,7,1,0,0,1,1,0,0,0,0,0,0,0,0,0,1,0,0,0,0,0,0,1,0,0,0,0,0,0,0,0.0,0.0,0.0,0,0,0,0,0,0,0,0,0,0,0,1,51,20,0,8,0,0,0,0,0,0.0,0.00038559791777124404,0.625,0.12853263925708133,0,,20260511_211953,2026-05-11T21:23:14.244657,https://careers.stc.com.sa/errorpage/?errortype=Exception&amp;locale=en_US,https://careers.stc.com.sa/,False,https://careers.stc.com.sa/errorpage/?errortype=Exception&amp;locale=en_US,https://careers.stc.com.sa/,https://careers.stc.com.sa/errorpage/?errortype=Exception&amp;locale=en_US,recon_page,2026-05-11T21:23:14.465821
58,1,0,1,2,0,0,2,0,18,0,sa,200,2,86583,344.92,0,0,11,1,Apache,0,html,0,0,0,1,5,0,1,0,1,1,1,3,1,12,0,0,1,1,0,0,1,1,1,9,0,0,1,3,1,29,9,16,4,1,84,72,12,1,4,1,12,1,9,1,1,1,1,1,0,0,0,0,0,0,0,0,0,0,0,0,0,0,0,0,1,0,0,0,0,0,0,0,0.0,0.0,0.0,0,0,0,1,2,1,2,0,0,1,2,7,65,31,0,13,0,0,0,0,0,4.0,0.0003349387293117587,0.625,0.27719067253386925,0,,20260511_211953,2026-05-11T21:23:14.426877,https://careers.stc.com.sa/?from-jap=true&amp;locale=ar_SA,https://careers.stc.com.sa/,False,https://careers.stc.com.sa/?from-jap=true&amp;locale=ar_SA,https://careers.stc.com.sa/,https://careers.stc.com.sa/?from-jap=true&amp;locale=ar_SA,recon_page,2026-05-11T21:23:14.544115
59,1,0,1,2,0,0,2,0,18,0,sa,200,2,87260,359.33,0,0,11,1,Apache,0,html,0,0,0,1,5,0,1,0,1,1,1,3,1,12,0,0,1,1,0,0,1,1,1,9,0,0,1,3,1,29,9,16,4,1,83,71,12,1,4,1,12,1,9,1,1,1,1,1,0,0,0,0,0,0,0,0,0,0,0,0,0,0,0,0,1,0,0,0,0,0,0,0,0.0,0.0,0.0,0,0,0,1,2,1,2,0,0,1,2,7,64,33,0,13,0,0,0,0,0,4.0,0.00033234013293605315,0.625,0.275040110016044,0,,20260511_211953,2026-05-11T21:23:14.403922,https://careers.stc.com.sa/?from-HRCollab=true&locale=ar_SA,https://careers.stc.com.sa/,False,https://careers.stc.com.sa/?from-HRCollab=true&locale=ar_SA,https://careers.stc.com.sa/,https://careers.stc.com.sa/?from-HRCollab=true&locale=ar_SA,recon_page,2026-05-11T21:23:14.569771
70,1,1,1,2,0,0,2,0,18,0,sa,200,2,62115,469.943,0,0,11,1,Apache,0,html,0,0,0,1,5,0,1,0,1,1,0,0,1,2,0,0,0,0,0,0,0,0,1,6,0,0,0,0,1,24,7,15,2,1,59,50,9,1,3,1,6,1,7,1,0,0,1,1,0,0,0,0,0,0,0,0,0,1,0,0,0,0,0,0,1,0,0,0,0,0,0,0,0.0,0.0,0.0,0,0,0,0,0,0,0,0,0,0,0,1,51,20,0,8,0,0,0,0,0,0.0,0.00038638010142477664,0.625,0.1287933671415922,0,,20260511_211953,2026-05-11T21:23:14.543718,https://careers.stc.com.sa/errorpage/?errortype=Exception&locale=en_US,https://careers.stc.com.sa/,False,https://careers.stc.com.sa/errorpage/?errortype=Exception&locale=en_US,https://careers.stc.com.sa/,https://careers.stc.com.sa/errorpage/?errortype=Exception&locale=en_US,recon_page,2026-05-11T21:23:14.701362
162,1,1,1,6,0,0,2,0,18,0,sa,200,2,70777,511.44100000000003,0,0,13,1,nginx,0,html,0,0,0,1,5,0,1,0,1,1,1,1,1,8,0,0,1,1,0,0,1,1,1,7,0,0,1,3,1,27,8,17,2,1,60,51,9,1,4,1,8,1,7,1,0,0,1,0,1,0,0,0,0,0,0,0,0,0,0,0,0,0,0,0,1,0,0,0,0,0,0,0,0.0,0.0,0.0,0,0,0,1,0,0,0,0,0,1,0,6,54,20,0,8,0,0,0,0,0,8.0,0.00038147985927631855,0.625,0.226062138830411,0,,20260511_211953,2026-05-11T21:23:14.571465,https://careers.stc.com.sa/search/?createNewAlert=false&amp;amp;q=&amp;amp;locationsearch=&amp;amp;optionsFacetsDD_location=&amp;amp;locale=ar_SA&amp;locale=en_US,https://careers.stc.com.sa/,False,https://careers.stc.com.sa/search/?createNewAlert=false&amp;amp;q=&amp;amp;locationsearch=&amp;amp;optionsFacetsDD_location=&amp;amp;locale=ar_SA&amp;locale=en_US,https://careers.stc.com.sa/,https://careers.stc.com.sa/search/?createNewAlert=false&amp;amp;q=&amp;amp;locationsearch=&amp;amp;optionsFacetsDD_location=&amp;amp;locale=ar_SA&amp;locale=en_US,recon_page,2026-05-11T21:23:14.718227
142,1,1,1,6,0,0,2,0,18,0,sa,200,2,70555,100.25,0,0,13,1,nginx,0,html,0,0,0,1,5,0,1,0,1,1,1,1,1,8,0,0,1,1,0,0,1,1,1,7,0,0,1,3,1,27,8,17,2,1,60,51,9,1,4,1,8,1,7,1,0,0,1,0,1,0,0,0,0,0,0,0,0,0,0,0,0,0,0,0,1,0,0,0,0,0,0,0,0.0,0.0,0.0,0,0,0,1,0,0,0,0,0,1,0,6,54,20,0,8,0,0,0,0,0,8.0,0.00038268017858408333,0.625,0.22677343916093826,0,,20260511_211953,2026-05-11T21:23:14.559041,https://careers.stc.com.sa/search/?createNewAlert=false&amp;q=&amp;locationsearch=&amp;optionsFacetsDD_location=&amp;locale=ar_SA&locale=ar_SA,https://careers.stc.com.sa/,False,https://careers.stc.com.sa/search/?createNewAlert=false&amp;q=&amp;locationsearch=&amp;optionsFacetsDD_location=&amp;locale=ar_SA&locale=ar_SA,https://careers.stc.com.sa/,https://careers.stc.com.sa/search/?createNewAlert=false&amp;q=&amp;locationsearch=&amp;optionsFacetsDD_location=&amp;locale=ar_SA&locale=ar_SA,recon_page,2026-05-11T21:23:14.734544
162,1,1,1,6,0,0,2,0,18,0,sa,200,2,70777,236.152,0,0,13,1,nginx,0,html,0,0,0,1,5,0,1,0,1,1,1,1,1,8,0,0,1,1,0,0,1,1,1,7,0,0,1,3,1,27,8,17,2,1,60,51,9,1,4,1,8,1,7,1,0,0,1,0,1,0,0,0,0,0,0,0,0,0,0,0,0,0,0,0,1,0,0,0,0,0,0,0,0.0,0.0,0.0,0,0,0,1,0,0,0,0,0,1,0,6,54,20,0,8,0,0,0,0,0,8.0,0.00038147985927631855,0.625,0.226062138830411,0,,20260511_211953,2026-05-11T21:23:14.682035,https://careers.stc.com.sa/search/?createNewAlert=false&amp;amp;q=&amp;amp;locationsearch=&amp;amp;optionsFacetsDD_location=&amp;amp;locale=en_US&amp;locale=en_US,https://careers.stc.com.sa/,False,https://careers.stc.com.sa/search/?createNewAlert=false&amp;amp;q=&amp;amp;locationsearch=&amp;amp;optionsFacetsDD_location=&amp;amp;locale=en_US&amp;locale=en_US,https://careers.stc.com.sa/,https://careers.stc.com.sa/search/?createNewAlert=false&amp;amp;q=&amp;amp;locationsearch=&amp;amp;optionsFacetsDD_location=&amp;amp;locale=en_US&amp;locale=en_US,recon_page,2026-05-11T21:23:14.743398
52,1,2,1,1,0,0,2,0,18,0,sa,200,2,98701,407.63500000000005,0,0,11,1,Apache,0,html,0,0,0,1,5,0,1,0,1,1,0,0,1,2,0,0,0,0,0,0,0,0,1,6,0,0,0,0,1,26,8,16,2,1,80,69,11,1,17,1,12,1,9,1,0,0,1,1,0,0,0,0,0,0,0,0,0,0,0,0,0,0,0,0,1,0,0,0,0,0,0,0,0.0,0.0,0.0,0,0,0,0,0,0,0,0,0,0,0,1,65,33,0,10,0,0,0,0,0,0.0,0.00026342184982928237,0.625,0.08105287687054843,0,,20260511_211953,2026-05-11T21:23:14.695737,https://careers.stc.com.sa/content/TIP/?locale=ar_SA,https://careers.stc.com.sa/,False,https://careers.stc.com.sa/content/TIP/?locale=ar_SA,https://careers.stc.com.sa/,https://careers.stc.com.sa/content/TIP/?locale=ar_SA,recon_page,2026-05-11T21:23:14.744664
66,1,2,1,1,0,0,2,0,18,0,sa,200,2,70577,634.67,0,0,11,1,Apache,0,html,0,0,0,1,5,0,1,0,1,1,1,2,1,6,1,2,1,2,0,0,0,0,1,12,0,0,0,0,1,32,10,20,2,1,52,43,9,1,7,1,6,1,7,1,0,0,1,1,0,0,0,0,0,0,0,0,0,1,0,0,0,0,0,0,1,0,0,0,0,0,0,0,0.0,0.0,0.0,0,0,0,2,0,1,2,0,0,2,0,3,55,14,0,8,0,0,0,0,0,3.0,0.00045340550037547645,0.625,0.28337843773467275,0,,20260511_211953,2026-05-11T21:23:14.674921,https://careers.stc.com.sa/talentcommunity/subscribe/?locale=ar_SA,https://careers.stc.com.sa/,False,https://careers.stc.com.sa/talentcommunity/subscribe/?locale=ar_SA,https://careers.stc.com.sa/,https://careers.stc.com.sa/talentcommunity/subscribe/?locale=ar_SA,recon_page,2026-05-11T21:23:14.746111
162,1,1,1,6,0,0,2,0,18,0,sa,200,2,70777,240.27599999999998,0,0,13,1,nginx,0,html,0,0,0,1,5,0,1,0,1,1,1,1,1,8,0,0,1,1,0,0,1,1,1,7,0,0,1,3,1,27,8,17,2,1,60,51,9,1,4,1,8,1,7,1,0,0,1,0,1,0,0,0,0,0,0,0,0,0,0,0,0,0,0,0,1,0,0,0,0,0,0,0,0.0,0.0,0.0,0,0,0,1,0,0,0,0,0,1,0,6,54,20,0,8,0,0,0,0,0,8.0,0.00038147985927631855,0.625,0.226062138830411,0,,20260511_211953,2026-05-11T21:23:14.602084,https://careers.stc.com.sa/search/?createNewAlert=false&amp;amp;q=&amp;amp;locationsearch=&amp;amp;optionsFacetsDD_location=&amp;amp;locale=en_US&amp;locale=ar_SA,https://careers.stc.com.sa/,False,https://careers.stc.com.sa/search/?createNewAlert=false&amp;amp;q=&amp;amp;locationsearch=&amp;amp;optionsFacetsDD_location=&amp;amp;locale=en_US&amp;locale=ar_SA,https://careers.stc.com.sa/,https://careers.stc.com.sa/search/?createNewAlert=false&amp;amp;q=&amp;amp;locationsearch=&amp;amp;optionsFacetsDD_location=&amp;amp;locale=en_US&amp;locale=ar_SA,recon_page,2026-05-11T21:23:14.745355
63,1,0,1,2,0,0,2,0,18,0,sa,200,2,87386,602.657,0,0,11,1,Apache,0,html,0,0,0,1,5,0,1,0,1,1,1,3,1,12,0,0,1,1,0,0,1,1,1,9,0,0,1,3,1,29,9,16,4,1,83,71,12,1,4,1,12,1,9,1,1,1,1,1,0,0,0,0,0,0,0,0,0,0,0,0,0,0,0,0,1,0,0,0,0,0,0,0,0.0,0.0,0.0,0,0,0,1,2,1,2,0,0,1,2,7,64,33,0,13,0,0,0,0,0,4.0,0.0003318609388231525,0.625,0.2746435355777814,0,,20260511_211953,2026-05-11T21:23:14.684516,https://careers.stc.com.sa/?from-HRCollab=true&amp;locale=en_US,https://careers.stc.com.sa/,False,https://careers.stc.com.sa/?from-HRCollab=true&amp;locale=en_US,https://careers.stc.com.sa/,https://careers.stc.com.sa/?from-HRCollab=true&amp;locale=en_US,recon_page,2026-05-11T21:23:14.745677
63,1,0,1,2,0,0,2,0,18,0,sa,200,2,87386,513.751,0,0,11,1,Apache,0,html,0,0,0,1,5,0,1,0,1,1,1,3,1,12,0,0,1,1,0,0,1,1,1,9,0,0,1,3,1,29,9,16,4,1,83,71,12,1,4,1,12,1,9,1,1,1,1,1,0,0,0,0,0,0,0,0,0,0,0,0,0,0,0,0,1,0,0,0,0,0,0,0,0.0,0.0,0.0,0,0,0,1,2,1,2,0,0,1,2,7,64,33,0,13,0,0,0,0,0,4.0,0.0003318609388231525,0.625,0.2746435355777814,0,,20260511_211953,2026-05-11T21:23:14.720468,https://careers.stc.com.sa/?from-HRCollab=true&amp;locale=ar_SA,https://careers.stc.com.sa/,False,https://careers.stc.com.sa/?from-HRCollab=true&amp;locale=ar_SA,https://careers.stc.com.sa/,https://careers.stc.com.sa/?from-HRCollab=true&amp;locale=ar_SA,recon_page,2026-05-11T21:23:14.746974
59,1,0,1,2,0,0,2,0,18,0,sa,200,2,86487,342.451,0,0,11,1,Apache,0,html,0,0,0,1,5,0,1,0,1,1,1,3,1,12,0,0,1,1,0,0,1,1,1,9,0,0,1,3,1,29,9,16,4,1,84,72,12,1,4,1,12,1,9,1,1,1,1,1,0,0,0,0,0,0,0,0,0,0,0,0,0,0,0,0,1,0,0,0,0,0,0,0,0.0,0.0,0.0,0,0,0,1,2,1,2,0,0,1,2,7,65,31,0,13,0,0,0,0,0,4.0,0.00033531050909385227,0.625,0.27749835235353293,0,,20260511_211953,2026-05-11T21:23:14.578702,https://careers.stc.com.sa/?from-HRCollab=true&locale=en_US,https://careers.stc.com.sa/,False,https://careers.stc.com.sa/?from-HRCollab=true&locale=en_US,https://careers.stc.com.sa/,https://careers.stc.com.sa/?from-HRCollab=true&locale=en_US,recon_page,2026-05-11T21:23:14.746517
82,1,2,1,2,0,0,2,0,18,0,sa,200,2,70577,181.367,0,0,11,1,Apache,0,html,0,0,0,1,5,0,1,0,1,1,1,2,1,6,1,2,1,2,0,0,0,0,1,12,0,0,0,0,1,32,10,20,2,1,52,43,9,1,7,1,6,1,7,1,0,0,1,1,0,0,0,0,0,0,0,0,0,1,0,0,0,0,0,0,1,0,0,0,0,0,0,0,0.0,0.0,0.0,0,0,0,2,0,1,2,0,0,2,0,3,55,14,0,8,0,0,0,0,0,3.0,0.00045340550037547645,0.625,0.28337843773467275,0,,20260511_211953,2026-05-11T21:23:16.280462,https://careers.stc.com.sa/talentcommunity/subscribe/?locale=ar_SA&amp;cat=7736723,https://careers.stc.com.sa/,False,https://careers.stc.com.sa/talentcommunity/subscribe/?locale=ar_SA&amp;cat=7736723,https://careers.stc.com.sa/,https://careers.stc.com.sa/talentcommunity/subscribe/?locale=ar_SA&amp;cat=7736723,recon_page,2026-05-11T21:23:16.288781
82,1,2,1,2,0,0,2,0,18,0,sa,200,2,70577,93.538,0,0,11,1,Apache,0,html,0,0,0,1,5,0,1,0,1,1,1,2,1,6,1,2,1,2,0,0,0,0,1,12,0,0,0,0,1,32,10,20,2,1,52,43,9,1,7,1,6,1,7,1,0,0,1,1,0,0,0,0,0,0,0,0,0,1,0,0,0,0,0,0,1,0,0,0,0,0,0,0,0.0,0.0,0.0,0,0,0,2,0,1,2,0,0,2,0,3,55,14,0,8,0,0,0,0,0,3.0,0.00045340550037547645,0.625,0.28337843773467275,0,,20260511_211953,2026-05-11T21:23:18.738128,https://careers.stc.com.sa/talentcommunity/subscribe/?locale=ar_SA&amp;cat=7736923,https://careers.stc.com.sa/,False,https://careers.stc.com.sa/talentcommunity/subscribe/?locale=ar_SA&amp;cat=7736923,https://careers.stc.com.sa/,https://careers.stc.com.sa/talentcommunity/subscribe/?locale=ar_SA&amp;cat=7736923,recon_page,2026-05-11T21:23:18.741690
82,1,2,1,2,0,0,2,0,18,0,sa,200,2,70023,56.419,0,0,11,1,Apache,0,html,0,0,0,1,5,0,1,0,1,1,1,2,1,6,1,2,1,2,0,0,0,0,1,12,0,0,0,0,1,32,10,20,2,1,53,44,9,1,7,1,6,1,7,1,0,0,1,1,0,0,0,0,0,0,0,0,0,1,0,0,0,0,0,0,1,0,0,0,0,0,0,0,0.0,0.0,0.0,0,0,0,2,0,1,2,0,0,2,0,3,55,14,0,8,0,0,0,0,0,3.0,0.0004569927023977836,0.625,0.2856204389986148,0,,20260511_211953,2026-05-11T21:23:26.446416,https://careers.stc.com.sa/talentcommunity/subscribe/?locale=en_US&amp;cat=7735423,https://careers.stc.com.sa/,False,https://careers.stc.com.sa/talentcommunity/subscribe/?locale=en_US&amp;cat=7735423,https://careers.stc.com.sa/,https://careers.stc.com.sa/talentcommunity/subscribe/?locale=en_US&amp;cat=7735423,recon_page,2026-05-11T21:23:26.449779
82,1,2,1,2,0,0,2,0,18,0,sa,200,2,70577,607.238,0,0,11,1,Apache,0,html,0,0,0,1,5,0,1,0,1,1,1,2,1,6,1,2,1,2,0,0,0,0,1,12,0,0,0,0,1,32,10,20,2,1,52,43,9,1,7,1,6,1,7,1,0,0,1,1,0,0,0,0,0,0,0,0,0,1,0,0,0,0,0,0,1,0,0,0,0,0,0,0,0.0,0.0,0.0,0,0,0,2,0,1,2,0,0,2,0,3,55,14,0,8,0,0,0,0,0,3.0,0.00045340550037547645,0.625,0.28337843773467275,0,,20260511_211953,2026-05-11T21:23:28.814654,https://careers.stc.com.sa/talentcommunity/subscribe/?locale=ar_SA&amp;cat=7736623,https://careers.stc.com.sa/,False,https://careers.stc.com.sa/talentcommunity/subscribe/?locale=ar_SA&amp;cat=7736623,https://careers.stc.com.sa/,https://careers.stc.com.sa/talentcommunity/subscribe/?locale=ar_SA&amp;cat=7736623,recon_page,2026-05-11T21:23:28.817698
82,1,2,1,2,0,0,2,0,18,0,sa,200,2,70577,134.501,0,0,11,1,Apache,0,html,0,0,0,1,5,0,1,0,1,1,1,2,1,6,1,2,1,2,0,0,0,0,1,12,0,0,0,0,1,32,10,20,2,1,52,43,9,1,7,1,6,1,7,1,0,0,1,1,0,0,0,0,0,0,0,0,0,1,0,0,0,0,0,0,1,0,0,0,0,0,0,0,0.0,0.0,0.0,0,0,0,2,0,1,2,0,0,2,0,3,55,14,0,8,0,0,0,0,0,3.0,0.00045340550037547645,0.625,0.28337843773467275,0,,20260511_211953,2026-05-11T21:23:31.664580,https://careers.stc.com.sa/talentcommunity/subscribe/?locale=ar_SA&amp;cat=7736223,https://careers.stc.com.sa/,False,https://careers.stc.com.sa/talentcommunity/subscribe/?locale=ar_SA&amp;cat=7736223,https://careers.stc.com.sa/,https://careers.stc.com.sa/talentcommunity/subscribe/?locale=ar_SA&amp;cat=7736223,recon_page,2026-05-11T21:23:31.897251
82,1,2,1,2,0,0,2,0,18,0,sa,200,2,70577,81.00200000000001,0,0,11,1,Apache,0,html,0,0,0,1,5,0,1,0,1,1,1,2,1,6,1,2,1,2,0,0,0,0,1,12,0,0,0,0,1,32,10,20,2,1,52,43,9,1,7,1,6,1,7,1,0,0,1,1,0,0,0,0,0,0,0,0,0,1,0,0,0,0,0,0,1,0,0,0,0,0,0,0,0.0,0.0,0.0,0,0,0,2,0,1,2,0,0,2,0,3,55,14,0,8,0,0,0,0,0,3.0,0.00045340550037547645,0.625,0.28337843773467275,0,,20260511_211953,2026-05-11T21:23:33.341274,https://careers.stc.com.sa/talentcommunity/subscribe/?locale=ar_SA&amp;cat=7736423,https://careers.stc.com.sa/,False,https://careers.stc.com.sa/talentcommunity/subscribe/?locale=ar_SA&amp;cat=7736423,https://careers.stc.com.sa/,https://careers.stc.com.sa/talentcommunity/subscribe/?locale=ar_SA&amp;cat=7736423,recon_page,2026-05-11T21:23:33.344730
82,1,2,1,2,0,0,2,0,18,0,sa,200,2,70577,85.69300000000001,0,0,11,1,Apache,0,html,0,0,0,1,5,0,1,0,1,1,1,2,1,6,1,2,1,2,0,0,0,0,1,12,0,0,0,0,1,32,10,20,2,1,52,43,9,1,7,1,6,1,7,1,0,0,1,1,0,0,0,0,0,0,0,0,0,1,0,0,0,0,0,0,1,0,0,0,0,0,0,0,0.0,0.0,0.0,0,0,0,2,0,1,2,0,0,2,0,3,55,14,0,8,0,0,0,0,0,3.0,0.00045340550037547645,0.625,0.28337843773467275,0,,20260511_211953,2026-05-11T21:23:34.313796,https://careers.stc.com.sa/talentcommunity/subscribe/?locale=ar_SA&amp;cat=7754523,https://careers.stc.com.sa/,False,https://careers.stc.com.sa/talentcommunity/subscribe/?locale=ar_SA&amp;cat=7754523,https://careers.stc.com.sa/,https://careers.stc.com.sa/talentcommunity/subscribe/?locale=ar_SA&amp;cat=7754523,recon_page,2026-05-11T21:23:34.316609
82,1,2,1,2,0,0,2,0,18,0,sa,200,2,70023,79.66,0,0,11,1,Apache,0,html,0,0,0,1,5,0,1,0,1,1,1,2,1,6,1,2,1,2,0,0,0,0,1,12,0,0,0,0,1,32,10,20,2,1,53,44,9,1,7,1,6,1,7,1,0,0,1,1,0,0,0,0,0,0,0,0,0,1,0,0,0,0,0,0,1,0,0,0,0,0,0,0,0.0,0.0,0.0,0,0,0,2,0,1,2,0,0,2,0,3,55,14,0,8,0,0,0,0,0,3.0,0.0004569927023977836,0.625,0.2856204389986148,0,,20260511_211953,2026-05-11T21:23:36.867939,https://careers.stc.com.sa/talentcommunity/subscribe/?locale=en_US&amp;cat=7735523,https://careers.stc.com.sa/,False,https://careers.stc.com.sa/talentcommunity/subscribe/?locale=en_US&amp;cat=7735523,https://careers.stc.com.sa/,https://careers.stc.com.sa/talentcommunity/subscribe/?locale=en_US&amp;cat=7735523,recon_page,2026-05-11T21:23:36.871478
82,1,2,1,2,0,0,2,0,18,0,sa,200,2,70577,56.465,0,0,11,1,Apache,0,html,0,0,0,1,5,0,1,0,1,1,1,2,1,6,1,2,1,2,0,0,0,0,1,12,0,0,0,0,1,32,10,20,2,1,52,43,9,1,7,1,6,1,7,1,0,0,1,1,0,0,0,0,0,0,0,0,0,1,0,0,0,0,0,0,1,0,0,0,0,0,0,0,0.0,0.0,0.0,0,0,0,2,0,1,2,0,0,2,0,3,55,14,0,8,0,0,0,0,0,3.0,0.00045340550037547645,0.625,0.28337843773467275,0,,20260511_211953,2026-05-11T21:23:40.317171,https://careers.stc.com.sa/talentcommunity/subscribe/?locale=ar_SA&amp;cat=7736523,https://careers.stc.com.sa/,False,https://careers.stc.com.sa/talentcommunity/subscribe/?locale=ar_SA&amp;cat=7736523,https://careers.stc.com.sa/,https://careers.stc.com.sa/talentcommunity/subscribe/?locale=ar_SA&amp;cat=7736523,recon_page,2026-05-11T21:23:40.320966
82,1,2,1,2,0,0,2,0,18,0,sa,200,2,70023,81.065,0,0,11,1,Apache,0,html,0,0,0,1,5,0,1,0,1,1,1,2,1,6,1,2,1,2,0,0,0,0,1,12,0,0,0,0,1,32,10,20,2,1,53,44,9,1,7,1,6,1,7,1,0,0,1,1,0,0,0,0,0,0,0,0,0,1,0,0,0,0,0,0,1,0,0,0,0,0,0,0,0.0,0.0,0.0,0,0,0,2,0,1,2,0,0,2,0,3,55,14,0,8,0,0,0,0,0,3.0,0.0004569927023977836,0.625,0.2856204389986148,0,,20260511_211953,2026-05-11T21:23:41.903264,https://careers.stc.com.sa/talentcommunity/subscribe/?locale=en_US&amp;cat=7735823,https://careers.stc.com.sa/,False,https://careers.stc.com.sa/talentcommunity/subscribe/?locale=en_US&amp;cat=7735823,https://careers.stc.com.sa/,https://careers.stc.com.sa/talentcommunity/subscribe/?locale=en_US&amp;cat=7735823,recon_page,2026-05-11T21:23:41.932656
82,1,2,1,2,0,0,2,0,18,0,sa,200,2,70023,78.77000000000001,0,0,11,1,Apache,0,html,0,0,0,1,5,0,1,0,1,1,1,2,1,6,1,2,1,2,0,0,0,0,1,12,0,0,0,0,1,32,10,20,2,1,53,44,9,1,7,1,6,1,7,1,0,0,1,1,0,0,0,0,0,0,0,0,0,1,0,0,0,0,0,0,1,0,0,0,0,0,0,0,0.0,0.0,0.0,0,0,0,2,0,1,2,0,0,2,0,3,55,14,0,8,0,0,0,0,0,3.0,0.0004569927023977836,0.625,0.2856204389986148,0,,20260511_211953,2026-05-11T21:23:43.771504,https://careers.stc.com.sa/talentcommunity/subscribe/?locale=en_US&amp;cat=7735723,https://careers.stc.com.sa/,False,https://careers.stc.com.sa/talentcommunity/subscribe/?locale=en_US&amp;cat=7735723,https://careers.stc.com.sa/,https://careers.stc.com.sa/talentcommunity/subscribe/?locale=en_US&amp;cat=7735723,recon_page,2026-05-11T21:23:43.774475
82,1,2,1,2,0,0,2,0,18,0,sa,200,2,70577,88.91499999999999,0,0,11,1,Apache,0,html,0,0,0,1,5,0,1,0,1,1,1,2,1,6,1,2,1,2,0,0,0,0,1,12,0,0,0,0,1,32,10,20,2,1,52,43,9,1,7,1,6,1,7,1,0,0,1,1,0,0,0,0,0,0,0,0,0,1,0,0,0,0,0,0,1,0,0,0,0,0,0,0,0.0,0.0,0.0,0,0,0,2,0,1,2,0,0,2,0,3,55,14,0,8,0,0,0,0,0,3.0,0.00045340550037547645,0.625,0.28337843773467275,0,,20260511_211953,2026-05-11T21:23:47.502602,https://careers.stc.com.sa/talentcommunity/subscribe/?locale=ar_SA&amp;cat=7736823,https://careers.stc.com.sa/,False,https://careers.stc.com.sa/talentcommunity/subscribe/?locale=ar_SA&amp;cat=7736823,https://careers.stc.com.sa/,https://careers.stc.com.sa/talentcommunity/subscribe/?locale=ar_SA&amp;cat=7736823,recon_page,2026-05-11T21:23:47.506149
82,1,2,1,2,0,0,2,0,18,0,sa,200,2,70023,74.974,0,0,11,1,Apache,0,html,0,0,0,1,5,0,1,0,1,1,1,2,1,6,1,2,1,2,0,0,0,0,1,12,0,0,0,0,1,32,10,20,2,1,53,44,9,1,7,1,6,1,7,1,0,0,1,1,0,0,0,0,0,0,0,0,0,1,0,0,0,0,0,0,1,0,0,0,0,0,0,0,0.0,0.0,0.0,0,0,0,2,0,1,2,0,0,2,0,3,55,14,0,8,0,0,0,0,0,3.0,0.0004569927023977836,0.625,0.2856204389986148,0,,20260511_211953,2026-05-11T21:23:48.863712,https://careers.stc.com.sa/talentcommunity/subscribe/?locale=en_US&amp;cat=7735623,https://careers.stc.com.sa/,False,https://careers.stc.com.sa/talentcommunity/subscribe/?locale=en_US&amp;cat=7735623,https://careers.stc.com.sa/,https://careers.stc.com.sa/talentcommunity/subscribe/?locale=en_US&amp;cat=7735623,recon_page,2026-05-11T21:23:48.867058
82,1,2,1,2,0,0,2,0,18,0,sa,200,2,70577,123.281,0,0,11,1,Apache,0,html,0,0,0,1,5,0,1,0,1,1,1,2,1,6,1,2,1,2,0,0,0,0,1,12,0,0,0,0,1,32,10,20,2,1,52,43,9,1,7,1,6,1,7,1,0,0,1,1,0,0,0,0,0,0,0,0,0,1,0,0,0,0,0,0,1,0,0,0,0,0,0,0,0.0,0.0,0.0,0,0,0,2,0,1,2,0,0,2,0,3,55,14,0,8,0,0,0,0,0,3.0,0.00045340550037547645,0.625,0.28337843773467275,0,,20260511_211953,2026-05-11T21:23:50.563782,https://careers.stc.com.sa/talentcommunity/subscribe/?locale=ar_SA&amp;cat=7736323,https://careers.stc.com.sa/,False,https://careers.stc.com.sa/talentcommunity/subscribe/?locale=ar_SA&amp;cat=7736323,https://careers.stc.com.sa/,https://careers.stc.com.sa/talentcommunity/subscribe/?locale=ar_SA&amp;cat=7736323,recon_page,2026-05-11T21:23:50.572141
82,1,2,1,2,0,0,2,0,18,0,sa,200,2,70023,237.818,0,0,11,1,Apache,0,html,0,0,0,1,5,0,1,0,1,1,1,2,1,6,1,2,1,2,0,0,0,0,1,12,0,0,0,0,1,32,10,20,2,1,53,44,9,1,7,1,6,1,7,1,0,0,1,1,0,0,0,0,0,0,0,0,0,1,0,0,0,0,0,0,1,0,0,0,0,0,0,0,0.0,0.0,0.0,0,0,0,2,0,1,2,0,0,2,0,3,55,14,0,8,0,0,0,0,0,3.0,0.0004569927023977836,0.625,0.2856204389986148,0,,20260511_211953,2026-05-11T21:23:53.096038,https://careers.stc.com.sa/talentcommunity/subscribe/?locale=en_US&amp;cat=7754423,https://careers.stc.com.sa/,False,https://careers.stc.com.sa/talentcommunity/subscribe/?locale=en_US&amp;cat=7754423,https://careers.stc.com.sa/,https://careers.stc.com.sa/talentcommunity/subscribe/?locale=en_US&amp;cat=7754423,recon_page,2026-05-11T21:23:53.099236
82,1,2,1,2,0,0,2,0,18,0,sa,200,2,70577,102.188,0,0,11,1,Apache,0,html,0,0,0,1,5,0,1,0,1,1,1,2,1,6,1,2,1,2,0,0,0,0,1,12,0,0,0,0,1,32,10,20,2,1,52,43,9,1,7,1,6,1,7,1,0,0,1,1,0,0,0,0,0,0,0,0,0,1,0,0,0,0,0,0,1,0,0,0,0,0,0,0,0.0,0.0,0.0,0,0,0,2,0,1,2,0,0,2,0,3,55,14,0,8,0,0,0,0,0,3.0,0.00045340550037547645,0.625,0.28337843773467275,0,,20260511_211953,2026-05-11T21:23:55.669374,https://careers.stc.com.sa/talentcommunity/subscribe/?locale=ar_SA&amp;cat=7737123,https://careers.stc.com.sa/,False,https://careers.stc.com.sa/talentcommunity/subscribe/?locale=ar_SA&amp;cat=7737123,https://careers.stc.com.sa/,https://careers.stc.com.sa/talentcommunity/subscribe/?locale=ar_SA&amp;cat=7737123,recon_page,2026-05-11T21:23:55.672115
82,1,2,1,2,0,0,2,0,18,0,sa,200,2,70023,117.782,0,0,11,1,Apache,0,html,0,0,0,1,5,0,1,0,1,1,1,2,1,6,1,2,1,2,0,0,0,0,1,12,0,0,0,0,1,32,10,20,2,1,53,44,9,1,7,1,6,1,7,1,0,0,1,1,0,0,0,0,0,0,0,0,0,1,0,0,0,0,0,0,1,0,0,0,0,0,0,0,0.0,0.0,0.0,0,0,0,2,0,1,2,0,0,2,0,3,55,14,0,8,0,0,0,0,0,3.0,0.0004569927023977836,0.625,0.2856204389986148,0,,20260511_211953,2026-05-11T21:23:58.036743,https://careers.stc.com.sa/talentcommunity/subscribe/?locale=en_US&amp;cat=7736123,https://careers.stc.com.sa/,False,https://careers.stc.com.sa/talentcommunity/subscribe/?locale=en_US&amp;cat=7736123,https://careers.stc.com.sa/,https://careers.stc.com.sa/talentcommunity/subscribe/?locale=en_US&amp;cat=7736123,recon_page,2026-05-11T21:23:58.039715
82,1,2,1,2,0,0,2,0,18,0,sa,200,2,70577,75.919,0,0,11,1,Apache,0,html,0,0,0,1,5,0,1,0,1,1,1,2,1,6,1,2,1,2,0,0,0,0,1,12,0,0,0,0,1,32,10,20,2,1,52,43,9,1,7,1,6,1,7,1,0,0,1,1,0,0,0,0,0,0,0,0,0,1,0,0,0,0,0,0,1,0,0,0,0,0,0,0,0.0,0.0,0.0,0,0,0,2,0,1,2,0,0,2,0,3,55,14,0,8,0,0,0,0,0,3.0,0.00045340550037547645,0.625,0.28337843773467275,0,,20260511_211953,2026-05-11T21:24:01.362362,https://careers.stc.com.sa/talentcommunity/subscribe/?locale=ar_SA&amp;cat=7754723,https://careers.stc.com.sa/,False,https://careers.stc.com.sa/talentcommunity/subscribe/?locale=ar_SA&amp;cat=7754723,https://careers.stc.com.sa/,https://careers.stc.com.sa/talentcommunity/subscribe/?locale=ar_SA&amp;cat=7754723,recon_page,2026-05-11T21:24:01.365739
138,1,1,1,5,0,0,2,0,18,0,sa,200,2,70609,118.744,0,0,13,1,nginx,0,html,0,0,0,1,5,0,1,0,1,1,1,1,1,8,0,0,1,1,0,0,1,1,1,7,0,0,1,3,1,27,8,17,2,1,60,51,9,1,4,1,8,1,7,1,0,0,1,0,1,0,0,0,0,0,0,0,0,0,0,0,0,0,0,0,1,0,0,0,0,0,0,0,0.0,0.0,0.0,0,0,0,1,0,0,0,0,0,1,0,6,54,20,0,8,0,0,0,0,0,8.0,0.0003823875143395318,0.625,0.22660000849750034,0,,20260511_211953,2026-05-11T21:24:02.744922,https://careers.stc.com.sa/search/?createNewAlert=false&amp;amp;q=&amp;amp;optionsFacetsDD_location=&amp;amp;locale=en_US&amp;locale=en_US,https://careers.stc.com.sa/,False,https://careers.stc.com.sa/search/?createNewAlert=false&amp;amp;q=&amp;amp;optionsFacetsDD_location=&amp;amp;locale=en_US&amp;locale=en_US,https://careers.stc.com.sa/,https://careers.stc.com.sa/search/?createNewAlert=false&amp;amp;q=&amp;amp;optionsFacetsDD_location=&amp;amp;locale=en_US&amp;locale=en_US,recon_page,2026-05-11T21:24:02.748322
122,1,1,1,5,0,0,2,0,18,0,sa,200,2,70411,130.759,0,0,13,1,nginx,0,html,0,0,0,1,5,0,1,0,1,1,1,1,1,8,0,0,1,1,0,0,1,1,1,7,0,0,1,3,1,27,8,17,2,1,60,51,9,1,4,1,8,1,7,1,0,0,1,0,1,0,0,0,0,0,0,0,0,0,0,0,0,0,0,0,1,0,0,0,0,0,0,0,0.0,0.0,0.0,0,0,0,1,0,0,0,0,0,1,0,6,54,20,0,8,0,0,0,0,0,8.0,0.00038346281120847593,0.625,0.22723722145687464,0,,20260511_211953,2026-05-11T21:24:03.721599,https://careers.stc.com.sa/search/?createNewAlert=false&amp;q=&amp;optionsFacetsDD_location=&amp;locale=en_US&locale=ar_SA,https://careers.stc.com.sa/,False,https://careers.stc.com.sa/search/?createNewAlert=false&amp;q=&amp;optionsFacetsDD_location=&amp;locale=en_US&locale=ar_SA,https://careers.stc.com.sa/,https://careers.stc.com.sa/search/?createNewAlert=false&amp;q=&amp;optionsFacetsDD_location=&amp;locale=en_US&locale=ar_SA,recon_page,2026-05-11T21:24:03.724682
138,1,1,1,5,0,0,2,0,18,0,sa,200,2,70609,106.249,0,0,13,1,nginx,0,html,0,0,0,1,5,0,1,0,1,1,1,1,1,8,0,0,1,1,0,0,1,1,1,7,0,0,1,3,1,27,8,17,2,1,60,51,9,1,4,1,8,1,7,1,0,0,1,0,1,0,0,0,0,0,0,0,0,0,0,0,0,0,0,0,1,0,0,0,0,0,0,0,0.0,0.0,0.0,0,0,0,1,0,0,0,0,0,1,0,6,54,20,0,8,0,0,0,0,0,8.0,0.0003823875143395318,0.625,0.22660000849750034,0,,20260511_211953,2026-05-11T21:24:04.395585,https://careers.stc.com.sa/search/?createNewAlert=false&amp;amp;q=&amp;amp;optionsFacetsDD_location=&amp;amp;locale=en_US&amp;locale=ar_SA,https://careers.stc.com.sa/,False,https://careers.stc.com.sa/search/?createNewAlert=false&amp;amp;q=&amp;amp;optionsFacetsDD_location=&amp;amp;locale=en_US&amp;locale=ar_SA,https://careers.stc.com.sa/,https://careers.stc.com.sa/search/?createNewAlert=false&amp;amp;q=&amp;amp;optionsFacetsDD_location=&amp;amp;locale=en_US&amp;locale=ar_SA,recon_page,2026-05-11T21:24:04.398879
122,1,1,1,5,0,0,2,0,18,0,sa,200,2,69947,432.318,0,0,13,1,nginx,0,html,0,0,0,1,5,0,1,0,1,1,1,1,1,8,0,0,1,1,0,0,1,1,1,7,0,0,1,3,1,27,8,17,2,1,61,52,9,1,4,1,8,1,7,1,0,0,1,0,1,0,0,0,0,0,0,0,0,0,0,0,0,0,0,0,1,0,0,0,0,0,0,0,0.0,0.0,0.0,0,0,0,1,0,0,0,0,0,1,0,6,54,20,0,8,0,0,0,0,0,8.0,0.00038600654781477406,0.625,0.2287446209272735,0,,20260511_211953,2026-05-11T21:24:05.600690,https://careers.stc.com.sa/search/?createNewAlert=false&amp;q=&amp;optionsFacetsDD_location=&amp;locale=en_US&locale=en_US,https://careers.stc.com.sa/,False,https://careers.stc.com.sa/search/?createNewAlert=false&amp;q=&amp;optionsFacetsDD_location=&amp;locale=en_US&locale=en_US,https://careers.stc.com.sa/,https://careers.stc.com.sa/search/?createNewAlert=false&amp;q=&amp;optionsFacetsDD_location=&amp;locale=en_US&locale=en_US,recon_page,2026-05-11T21:24:05.605355
146,1,1,1,5,0,0,2,0,18,0,sa,200,2,70193,136.14499999999998,0,0,13,1,nginx,0,html,0,0,0,1,5,0,1,0,1,1,1,1,1,8,0,0,1,1,0,0,1,1,1,7,0,0,1,3,1,27,8,17,2,1,61,52,9,1,4,1,8,1,7,1,0,0,1,0,1,0,0,0,0,0,0,0,0,0,0,0,0,0,0,0,1,0,0,0,0,0,0,0,0.0,0.0,0.0,0,0,0,1,0,0,0,0,0,1,0,6,54,20,0,8,0,0,0,0,0,8.0,0.0003846537404014645,0.625,0.22794295727494196,0,,20260511_211953,2026-05-11T21:24:06.676373,https://careers.stc.com.sa/search/?createNewAlert=false&amp;amp;amp;q=&amp;amp;amp;optionsFacetsDD_location=&amp;amp;locale=en_US&amp;locale=en_US,https://careers.stc.com.sa/,False,https://careers.stc.com.sa/search/?createNewAlert=false&amp;amp;amp;q=&amp;amp;amp;optionsFacetsDD_location=&amp;amp;locale=en_US&amp;locale=en_US,https://careers.stc.com.sa/,https://careers.stc.com.sa/search/?createNewAlert=false&amp;amp;amp;q=&amp;amp;amp;optionsFacetsDD_location=&amp;amp;locale=en_US&amp;locale=en_US,recon_page,2026-05-11T21:24:06.679603
130,1,1,1,5,0,0,2,0,18,0,sa,200,2,69995,118.093,0,0,13,1,nginx,0,html,0,0,0,1,5,0,1,0,1,1,1,1,1,8,0,0,1,1,0,0,1,1,1,7,0,0,1,3,1,27,8,17,2,1,61,52,9,1,4,1,8,1,7,1,0,0,1,0,1,0,0,0,0,0,0,0,0,0,0,0,0,0,0,0,1,0,0,0,0,0,0,0,0.0,0.0,0.0,0,0,0,1,0,0,0,0,0,1,0,6,54,20,0,8,0,0,0,0,0,8.0,0.00038574183870276446,0.625,0.22858775626830485,0,,20260511_211953,2026-05-11T21:24:07.299350,https://careers.stc.com.sa/search/?createNewAlert=false&amp;amp;q=&amp;amp;optionsFacetsDD_location=&amp;locale=en_US&locale=en_US,https://careers.stc.com.sa/,False,https://careers.stc.com.sa/search/?createNewAlert=false&amp;amp;q=&amp;amp;optionsFacetsDD_location=&amp;locale=en_US&locale=en_US,https://careers.stc.com.sa/,https://careers.stc.com.sa/search/?createNewAlert=false&amp;amp;q=&amp;amp;optionsFacetsDD_location=&amp;locale=en_US&locale=en_US,recon_page,2026-05-11T21:24:07.305479
146,1,1,1,5,0,0,2,0,18,0,sa,200,2,70193,129.14800000000002,0,0,13,1,nginx,0,html,0,0,0,1,5,0,1,0,1,1,1,1,1,8,0,0,1,1,0,0,1,1,1,7,0,0,1,3,1,27,8,17,2,1,61,52,9,1,4,1,8,1,7,1,0,0,1,0,1,0,0,0,0,0,0,0,0,0,0,0,0,0,0,0,1,0,0,0,0,0,0,0,0.0,0.0,0.0,0,0,0,1,0,0,0,0,0,1,0,6,54,20,0,8,0,0,0,0,0,8.0,0.0003846537404014645,0.625,0.22794295727494196,0,,20260511_211953,2026-05-11T21:24:08.263152,https://careers.stc.com.sa/search/?createNewAlert=false&amp;amp;amp;q=&amp;amp;amp;optionsFacetsDD_location=&amp;amp;locale=en_US&amp;locale=ar_SA,https://careers.stc.com.sa/,False,https://careers.stc.com.sa/search/?createNewAlert=false&amp;amp;amp;q=&amp;amp;amp;optionsFacetsDD_location=&amp;amp;locale=en_US&amp;locale=ar_SA,https://careers.stc.com.sa/,https://careers.stc.com.sa/search/?createNewAlert=false&amp;amp;amp;q=&amp;amp;amp;optionsFacetsDD_location=&amp;amp;locale=en_US&amp;locale=ar_SA,recon_page,2026-05-11T21:24:08.297838
130,1,1,1,5,0,0,2,0,18,0,sa,200,2,69995,402.796,0,0,13,1,nginx,0,html,0,0,0,1,5,0,1,0,1,1,1,1,1,8,0,0,1,1,0,0,1,1,1,7,0,0,1,3,1,27,8,17,2,1,61,52,9,1,4,1,8,1,7,1,0,0,1,0,1,0,0,0,0,0,0,0,0,0,0,0,0,0,0,0,1,0,0,0,0,0,0,0,0.0,0.0,0.0,0,0,0,1,0,0,0,0,0,1,0,6,54,20,0,8,0,0,0,0,0,8.0,0.00038574183870276446,0.625,0.22858775626830485,0,,20260511_211953,2026-05-11T21:24:12.188911,https://careers.stc.com.sa/search/?createNewAlert=false&amp;amp;q=&amp;amp;optionsFacetsDD_location=&amp;locale=ar_SA&locale=en_US,https://careers.stc.com.sa/,False,https://careers.stc.com.sa/search/?createNewAlert=false&amp;amp;q=&amp;amp;optionsFacetsDD_location=&amp;locale=ar_SA&locale=en_US,https://careers.stc.com.sa/,https://careers.stc.com.sa/search/?createNewAlert=false&amp;amp;q=&amp;amp;optionsFacetsDD_location=&amp;locale=ar_SA&locale=en_US,recon_page,2026-05-11T21:24:12.192609
154,1,1,1,6,0,0,2,0,18,0,sa,200,2,70163,445.729,0,0,13,1,nginx,0,html,0,0,0,1,5,0,1,0,1,1,1,1,1,8,0,0,1,1,0,0,1,1,1,7,0,0,1,3,1,27,8,17,2,1,61,52,9,1,4,1,8,1,7,1,0,0,1,0,1,0,0,0,0,0,0,0,0,0,0,0,0,0,0,0,1,0,0,0,0,0,0,0,0.0,0.0,0.0,0,0,0,1,0,0,0,0,0,1,0,6,54,20,0,8,0,0,0,0,0,8.0,0.00038481820902755014,0.625,0.22804042016447415,0,,20260511_211953,2026-05-11T21:24:12.595493,https://careers.stc.com.sa/search/?createNewAlert=false&amp;amp;q=&amp;amp;locationsearch=&amp;amp;optionsFacetsDD_location=&amp;locale=en_US&locale=en_US,https://careers.stc.com.sa/,False,https://careers.stc.com.sa/search/?createNewAlert=false&amp;amp;q=&amp;amp;locationsearch=&amp;amp;optionsFacetsDD_location=&amp;locale=en_US&locale=en_US,https://careers.stc.com.sa/,https://careers.stc.com.sa/search/?createNewAlert=false&amp;amp;q=&amp;amp;locationsearch=&amp;amp;optionsFacetsDD_location=&amp;locale=en_US&locale=en_US,recon_page,2026-05-11T21:24:12.600186
94,1,3,0,0,0,0,2,0,18,0,sa,200,2,62115,106.905,0,0,11,1,Apache,0,html,0,0,0,1,5,0,1,0,1,1,0,0,1,2,0,0,0,0,0,0,0,0,1,6,0,0,0,0,1,24,7,15,2,1,59,50,9,1,3,1,6,1,7,1,0,0,1,1,0,0,0,0,0,0,0,0,0,1,0,0,0,0,0,0,0,0,0,0,0,0,0,0,0.0,0.0,0.0,0,0,0,0,0,0,0,0,0,0,0,1,51,20,0,8,0,0,0,0,0,0.0,0.00038638010142477664,0.625,0.1287933671415922,0,,20260511_211953,2026-05-11T21:24:13.005962,https://careers.stc.com.sa/go/%D9%85%D9%87%D9%86%D8%A9-%D9%85%D8%A8%D9%83%D8%B1%D8%A9/7938073/,https://careers.stc.com.sa/,False,https://careers.stc.com.sa/go/%D9%85%D9%87%D9%86%D8%A9-%D9%85%D8%A8%D9%83%D8%B1%D8%A9/7938073/,https://careers.stc.com.sa/,https://careers.stc.com.sa/go/%D9%85%D9%87%D9%86%D8%A9-%D9%85%D8%A8%D9%83%D8%B1%D8%A9/7938073/,recon_page,2026-05-11T21:24:13.051062
130,1,3,0,0,0,0,2,0,18,0,sa,200,2,62115,103.137,0,0,11,1,Apache,0,html,0,0,0,1,5,0,1,0,1,1,0,0,1,2,0,0,0,0,0,0,0,0,1,6,0,0,0,0,1,24,7,15,2,1,59,50,9,1,3,1,6,1,7,1,0,0,1,1,0,0,0,0,0,0,0,0,0,1,0,0,0,0,0,0,0,0,0,0,0,0,0,0,0.0,0.0,0.0,0,0,0,0,0,0,0,0,0,0,0,1,51,20,0,8,0,0,0,0,0,0.0,0.00038638010142477664,0.625,0.1287933671415922,0,,20260511_211953,2026-05-11T21:24:12.990181,https://careers.stc.com.sa/go/%D8%A7%D9%84%D8%AA%D8%AF%D8%B1%D9%8A%D8%A8-%D8%A7%D9%84%D8%AA%D8%B9%D8%A7%D9%88%D9%86%D9%8A/7938173/,https://careers.stc.com.sa/,False,https://careers.stc.com.sa/go/%D8%A7%D9%84%D8%AA%D8%AF%D8%B1%D9%8A%D8%A8-%D8%A7%D9%84%D8%AA%D8%B9%D8%A7%D9%88%D9%86%D9%8A/7938173/,https://careers.stc.com.sa/,https://careers.stc.com.sa/go/%D8%A7%D9%84%D8%AA%D8%AF%D8%B1%D9%8A%D8%A8-%D8%A7%D9%84%D8%AA%D8%B9%D8%A7%D9%88%D9%86%D9%8A/7938173/,recon_page,2026-05-11T21:24:13.048693
146,1,1,1,5,0,0,2,0,18,0,sa,200,2,70657,469.949,0,0,13,1,nginx,0,html,0,0,0,1,5,0,1,0,1,1,1,1,1,8,0,0,1,1,0,0,1,1,1,7,0,0,1,3,1,27,8,17,2,1,60,51,9,1,4,1,8,1,7,1,0,0,1,0,1,0,0,0,0,0,0,0,0,0,0,0,0,0,0,0,1,0,0,0,0,0,0,0,0.0,0.0,0.0,0,0,0,1,0,0,0,0,0,1,0,6,54,20,0,8,0,0,0,0,0,8.0,0.00038212774388949434,0.625,0.2264460704530337,0,,20260511_211953,2026-05-11T21:24:12.989814,https://careers.stc.com.sa/search/?createNewAlert=false&amp;amp;amp;q=&amp;amp;amp;optionsFacetsDD_location=&amp;amp;locale=ar_SA&amp;locale=ar_SA,https://careers.stc.com.sa/,False,https://careers.stc.com.sa/search/?createNewAlert=false&amp;amp;amp;q=&amp;amp;amp;optionsFacetsDD_location=&amp;amp;locale=ar_SA&amp;locale=ar_SA,https://careers.stc.com.sa/,https://careers.stc.com.sa/search/?createNewAlert=false&amp;amp;amp;q=&amp;amp;amp;optionsFacetsDD_location=&amp;amp;locale=ar_SA&amp;locale=ar_SA,recon_page,2026-05-11T21:24:13.054846
79,1,0,1,3,0,0,2,0,18,0,sa,200,2,87506,250.18699999999998,0,0,11,1,Apache,0,html,0,0,0,1,5,0,1,0,1,1,1,3,1,12,0,0,1,1,0,0,1,1,1,9,0,0,1,3,1,29,9,16,4,1,83,71,12,1,4,1,12,1,9,1,1,1,1,1,0,0,0,0,0,0,0,0,0,0,0,0,0,0,0,0,1,0,0,0,0,0,0,0,0.0,0.0,0.0,0,0,0,1,2,1,2,0,0,1,2,7,64,33,0,13,0,0,0,0,0,4.0,0.000331405846456243,0.625,0.27426690741206317,0,,20260511_211953,2026-05-11T21:24:13.062194,https://careers.stc.com.sa/?from-jap=true&amp;amp;locale=ar_SA&amp;locale=ar_SA,https://careers.stc.com.sa/,False,https://careers.stc.com.sa/?from-jap=true&amp;amp;locale=ar_SA&amp;locale=ar_SA,https://careers.stc.com.sa/,https://careers.stc.com.sa/?from-jap=true&amp;amp;locale=ar_SA&amp;locale=ar_SA,recon_page,2026-05-11T21:24:13.073378
71,1,0,1,3,0,0,2,0,18,0,sa,200,2,86583,304.07800000000003,0,0,11,1,Apache,0,html,0,0,0,1,5,0,1,0,1,1,1,3,1,12,0,0,1,1,0,0,1,1,1,9,0,0,1,3,1,29,9,16,4,1,84,72,12,1,4,1,12,1,9,1,1,1,1,1,0,0,0,0,0,0,0,0,0,0,0,0,0,0,0,0,1,0,0,0,0,0,0,0,0.0,0.0,0.0,0,0,0,1,2,1,2,0,0,1,2,7,65,31,0,13,0,0,0,0,0,4.0,0.0003349387293117587,0.625,0.27719067253386925,0,,20260511_211953,2026-05-11T21:24:13.050718,https://careers.stc.com.sa/?from-jap=true&amp;locale=ar_SA&locale=en_US,https://careers.stc.com.sa/,False,https://careers.stc.com.sa/?from-jap=true&amp;locale=ar_SA&locale=en_US,https://careers.stc.com.sa/,https://careers.stc.com.sa/?from-jap=true&amp;locale=ar_SA&locale=en_US,recon_page,2026-05-11T21:24:13.066692
174,1,1,1,6,0,0,2,0,18,0,sa,200,2,70385,468.431,0,0,13,1,nginx,0,html,0,0,0,1,5,0,1,0,1,1,1,1,1,8,0,0,1,1,0,0,1,1,1,7,0,0,1,3,1,27,8,17,2,1,61,52,9,1,4,1,8,1,7,1,0,0,1,0,1,0,0,0,0,0,0,0,0,0,0,0,0,0,0,0,1,0,0,0,0,0,0,0,0.0,0.0,0.0,0,0,0,1,0,0,0,0,0,1,0,6,54,20,0,8,0,0,0,0,0,8.0,0.00038360446117780776,0.625,0.22732116217944162,0,,20260511_211953,2026-05-11T21:24:13.855700,https://careers.stc.com.sa/search/?createNewAlert=false&amp;amp;amp;q=&amp;amp;amp;locationsearch=&amp;amp;amp;optionsFacetsDD_location=&amp;amp;locale=en_US&amp;locale=en_US,https://careers.stc.com.sa/,False,https://careers.stc.com.sa/search/?createNewAlert=false&amp;amp;amp;q=&amp;amp;amp;locationsearch=&amp;amp;amp;optionsFacetsDD_location=&amp;amp;locale=en_US&amp;locale=en_US,https://careers.stc.com.sa/,https://careers.stc.com.sa/search/?createNewAlert=false&amp;amp;amp;q=&amp;amp;amp;locationsearch=&amp;amp;amp;optionsFacetsDD_location=&amp;amp;locale=en_US&amp;locale=en_US,recon_page,2026-05-11T21:24:14.042385
154,1,1,1,6,0,0,2,0,18,0,sa,200,2,70163,492.586,0,0,13,1,nginx,0,html,0,0,0,1,5,0,1,0,1,1,1,1,1,8,0,0,1,1,0,0,1,1,1,7,0,0,1,3,1,27,8,17,2,1,61,52,9,1,4,1,8,1,7,1,0,0,1,0,1,0,0,0,0,0,0,0,0,0,0,0,0,0,0,0,1,0,0,0,0,0,0,0,0.0,0.0,0.0,0,0,0,1,0,0,0,0,0,1,0,6,54,20,0,8,0,0,0,0,0,8.0,0.00038481820902755014,0.625,0.22804042016447415,0,,20260511_211953,2026-05-11T21:24:13.677505,https://careers.stc.com.sa/search/?createNewAlert=false&amp;amp;q=&amp;amp;locationsearch=&amp;amp;optionsFacetsDD_location=&amp;locale=ar_SA&locale=en_US,https://careers.stc.com.sa/,False,https://careers.stc.com.sa/search/?createNewAlert=false&amp;amp;q=&amp;amp;locationsearch=&amp;amp;optionsFacetsDD_location=&amp;locale=ar_SA&locale=en_US,https://careers.stc.com.sa/,https://careers.stc.com.sa/search/?createNewAlert=false&amp;amp;q=&amp;amp;locationsearch=&amp;amp;optionsFacetsDD_location=&amp;locale=ar_SA&locale=en_US,recon_page,2026-05-11T21:24:14.121292
138,1,1,1,5,0,0,2,0,18,0,sa,200,2,70145,446.113,0,0,13,1,nginx,0,html,0,0,0,1,5,0,1,0,1,1,1,1,1,8,0,0,1,1,0,0,1,1,1,7,0,0,1,3,1,27,8,17,2,1,61,52,9,1,4,1,8,1,7,1,0,0,1,0,1,0,0,0,0,0,0,0,0,0,0,0,0,0,0,0,1,0,0,0,0,0,0,0,0.0,0.0,0.0,0,0,0,1,0,0,0,0,0,1,0,6,54,20,0,8,0,0,0,0,0,8.0,0.00038491695773041555,0.625,0.22809893791432034,0,,20260511_211953,2026-05-11T21:24:13.688408,https://careers.stc.com.sa/search/?createNewAlert=false&amp;amp;q=&amp;amp;optionsFacetsDD_location=&amp;amp;locale=ar_SA&amp;locale=ar_SA,https://careers.stc.com.sa/,False,https://careers.stc.com.sa/search/?createNewAlert=false&amp;amp;q=&amp;amp;optionsFacetsDD_location=&amp;amp;locale=ar_SA&amp;locale=ar_SA,https://careers.stc.com.sa/,https://careers.stc.com.sa/search/?createNewAlert=false&amp;amp;q=&amp;amp;optionsFacetsDD_location=&amp;amp;locale=ar_SA&amp;locale=ar_SA,recon_page,2026-05-11T21:24:13.809092
174,1,1,1,6,0,0,2,0,18,0,sa,200,2,70385,424.94,0,0,13,1,nginx,0,html,0,0,0,1,5,0,1,0,1,1,1,1,1,8,0,0,1,1,0,0,1,1,1,7,0,0,1,3,1,27,8,17,2,1,61,52,9,1,4,1,8,1,7,1,0,0,1,0,1,0,0,0,0,0,0,0,0,0,0,0,0,0,0,0,1,0,0,0,0,0,0,0,0.0,0.0,0.0,0,0,0,1,0,0,0,0,0,1,0,6,54,20,0,8,0,0,0,0,0,8.0,0.00038360446117780776,0.625,0.22732116217944162,0,,20260511_211953,2026-05-11T21:24:13.830834,https://careers.stc.com.sa/search/?createNewAlert=false&amp;amp;amp;q=&amp;amp;amp;locationsearch=&amp;amp;amp;optionsFacetsDD_location=&amp;amp;locale=ar_SA&amp;locale=ar_SA,https://careers.stc.com.sa/,False,https://careers.stc.com.sa/search/?createNewAlert=false&amp;amp;amp;q=&amp;amp;amp;locationsearch=&amp;amp;amp;optionsFacetsDD_location=&amp;amp;locale=ar_SA&amp;locale=ar_SA,https://careers.stc.com.sa/,https://careers.stc.com.sa/search/?createNewAlert=false&amp;amp;amp;q=&amp;amp;amp;locationsearch=&amp;amp;amp;optionsFacetsDD_location=&amp;amp;locale=ar_SA&amp;locale=ar_SA,recon_page,2026-05-11T21:24:14.144948
130,1,1,1,5,0,0,2,0,18,0,sa,200,2,70459,413.71799999999996,0,0,13,1,nginx,0,html,0,0,0,1,5,0,1,0,1,1,1,1,1,8,0,0,1,1,0,0,1,1,1,7,0,0,1,3,1,27,8,17,2,1,60,51,9,1,4,1,8,1,7,1,0,0,1,0,1,0,0,0,0,0,0,0,0,0,0,0,0,0,0,0,1,0,0,0,0,0,0,0,0.0,0.0,0.0,0,0,0,1,0,0,0,0,0,1,0,6,54,20,0,8,0,0,0,0,0,8.0,0.00038320157822279626,0.625,0.22708241672461998,0,,20260511_211953,2026-05-11T21:24:14.041034,https://careers.stc.com.sa/search/?createNewAlert=false&amp;amp;q=&amp;amp;optionsFacetsDD_location=&amp;locale=en_US&locale=ar_SA,https://careers.stc.com.sa/,False,https://careers.stc.com.sa/search/?createNewAlert=false&amp;amp;q=&amp;amp;optionsFacetsDD_location=&amp;locale=en_US&locale=ar_SA,https://careers.stc.com.sa/,https://careers.stc.com.sa/search/?createNewAlert=false&amp;amp;q=&amp;amp;optionsFacetsDD_location=&amp;locale=en_US&locale=ar_SA,recon_page,2026-05-11T21:24:14.203754
174,1,1,1,6,0,0,2,0,18,0,sa,200,2,70385,434.392,0,0,13,1,nginx,0,html,0,0,0,1,5,0,1,0,1,1,1,1,1,8,0,0,1,1,0,0,1,1,1,7,0,0,1,3,1,27,8,17,2,1,61,52,9,1,4,1,8,1,7,1,0,0,1,0,1,0,0,0,0,0,0,0,0,0,0,0,0,0,0,0,1,0,0,0,0,0,0,0,0.0,0.0,0.0,0,0,0,1,0,0,0,0,0,1,0,6,54,20,0,8,0,0,0,0,0,8.0,0.00038360446117780776,0.625,0.22732116217944162,0,,20260511_211953,2026-05-11T21:24:14.013734,https://careers.stc.com.sa/search/?createNewAlert=false&amp;amp;amp;q=&amp;amp;amp;locationsearch=&amp;amp;amp;optionsFacetsDD_location=&amp;amp;locale=en_US&amp;locale=ar_SA,https://careers.stc.com.sa/,False,https://careers.stc.com.sa/search/?createNewAlert=false&amp;amp;amp;q=&amp;amp;amp;locationsearch=&amp;amp;amp;optionsFacetsDD_location=&amp;amp;locale=en_US&amp;locale=ar_SA,https://careers.stc.com.sa/,https://careers.stc.com.sa/search/?createNewAlert=false&amp;amp;amp;q=&amp;amp;amp;locationsearch=&amp;amp;amp;optionsFacetsDD_location=&amp;amp;locale=en_US&amp;locale=ar_SA,recon_page,2026-05-11T21:24:14.226084
71,1,0,1,3,0,0,2,0,18,0,sa,200,2,87356,414.322,0,0,11,1,Apache,0,html,0,0,0,1,5,0,1,0,1,1,1,3,1,12,0,0,1,1,0,0,1,1,1,9,0,0,1,3,1,29,9,16,4,1,83,71,12,1,4,1,12,1,9,1,1,1,1,1,0,0,0,0,0,0,0,0,0,0,0,0,0,0,0,0,1,0,0,0,0,0,0,0,0.0,0.0,0.0,0,0,0,1,2,1,2,0,0,1,2,7,64,33,0,13,0,0,0,0,0,4.0,0.0003319749072759742,0.625,0.274737854297358,0,,20260511_211953,2026-05-11T21:24:14.116249,https://careers.stc.com.sa/?from-jap=true&amp;locale=en_US&locale=ar_SA,https://careers.stc.com.sa/,False,https://careers.stc.com.sa/?from-jap=true&amp;locale=en_US&locale=ar_SA,https://careers.stc.com.sa/,https://careers.stc.com.sa/?from-jap=true&amp;locale=en_US&locale=ar_SA,recon_page,2026-05-11T21:24:14.229640
122,1,1,1,5,0,0,2,0,18,0,sa,200,2,69947,483.267,0,0,13,1,nginx,0,html,0,0,0,1,5,0,1,0,1,1,1,1,1,8,0,0,1,1,0,0,1,1,1,7,0,0,1,3,1,27,8,17,2,1,61,52,9,1,4,1,8,1,7,1,0,0,1,0,1,0,0,0,0,0,0,0,0,0,0,0,0,0,0,0,1,0,0,0,0,0,0,0,0.0,0.0,0.0,0,0,0,1,0,0,0,0,0,1,0,6,54,20,0,8,0,0,0,0,0,8.0,0.00038600654781477406,0.625,0.2287446209272735,0,,20260511_211953,2026-05-11T21:24:14.105314,https://careers.stc.com.sa/search/?createNewAlert=false&amp;q=&amp;optionsFacetsDD_location=&amp;locale=ar_SA&locale=en_US,https://careers.stc.com.sa/,False,https://careers.stc.com.sa/search/?createNewAlert=false&amp;q=&amp;optionsFacetsDD_location=&amp;locale=ar_SA&locale=en_US,https://careers.stc.com.sa/,https://careers.stc.com.sa/search/?createNewAlert=false&amp;q=&amp;optionsFacetsDD_location=&amp;locale=ar_SA&locale=en_US,recon_page,2026-05-11T21:24:14.228564
174,1,1,1,6,0,0,2,0,18,0,sa,200,2,70849,486.524,0,0,13,1,nginx,0,html,0,0,0,1,5,0,1,0,1,1,1,1,1,8,0,0,1,1,0,0,1,1,1,7,0,0,1,3,1,27,8,17,2,1,60,51,9,1,4,1,8,1,7,1,0,0,1,0,1,0,0,0,0,0,0,0,0,0,0,0,0,0,0,0,1,0,0,0,0,0,0,0,0.0,0.0,0.0,0,0,0,1,0,0,0,0,0,1,0,6,54,20,0,8,0,0,0,0,0,8.0,0.00038109218196445964,0.625,0.22583240412708716,0,,20260511_211953,2026-05-11T21:24:14.039071,https://careers.stc.com.sa/search/?createNewAlert=false&amp;amp;amp;q=&amp;amp;amp;locationsearch=&amp;amp;amp;optionsFacetsDD_location=&amp;amp;locale=ar_SA&amp;locale=en_US,https://careers.stc.com.sa/,False,https://careers.stc.com.sa/search/?createNewAlert=false&amp;amp;amp;q=&amp;amp;amp;locationsearch=&amp;amp;amp;optionsFacetsDD_location=&amp;amp;locale=ar_SA&amp;locale=en_US,https://careers.stc.com.sa/,https://careers.stc.com.sa/search/?createNewAlert=false&amp;amp;amp;q=&amp;amp;amp;locationsearch=&amp;amp;amp;optionsFacetsDD_location=&amp;amp;locale=ar_SA&amp;locale=en_US,recon_page,2026-05-11T21:24:14.233003
122,1,1,1,5,0,0,2,0,18,0,sa,200,2,70411,513.1080000000001,0,0,13,1,nginx,0,html,0,0,0,1,5,0,1,0,1,1,1,1,1,8,0,0,1,1,0,0,1,1,1,7,0,0,1,3,1,27,8,17,2,1,60,51,9,1,4,1,8,1,7,1,0,0,1,0,1,0,0,0,0,0,0,0,0,0,0,0,0,0,0,0,1,0,0,0,0,0,0,0,0.0,0.0,0.0,0,0,0,1,0,0,0,0,0,1,0,6,54,20,0,8,0,0,0,0,0,8.0,0.00038346281120847593,0.625,0.22723722145687464,0,,20260511_211953,2026-05-11T21:24:13.795435,https://careers.stc.com.sa/search/?createNewAlert=false&amp;q=&amp;optionsFacetsDD_location=&amp;locale=ar_SA&locale=ar_SA,https://careers.stc.com.sa/,False,https://careers.stc.com.sa/search/?createNewAlert=false&amp;q=&amp;optionsFacetsDD_location=&amp;locale=ar_SA&locale=ar_SA,https://careers.stc.com.sa/,https://careers.stc.com.sa/search/?createNewAlert=false&amp;q=&amp;optionsFacetsDD_location=&amp;locale=ar_SA&locale=ar_SA,recon_page,2026-05-11T21:24:14.234020
94,1,3,0,0,0,0,2,0,18,0,sa,200,2,62115,245.552,0,0,11,1,Apache,0,html,0,0,0,1,5,0,1,0,1,1,0,0,1,2,0,0,0,0,0,0,0,0,1,6,0,0,0,0,1,24,7,15,2,1,59,50,9,1,3,1,6,1,7,1,0,0,1,1,0,0,0,0,0,0,0,0,0,1,0,0,0,0,0,0,0,0,0,0,0,0,0,0,0.0,0.0,0.0,0,0,0,0,0,0,0,0,0,0,0,1,51,20,0,8,0,0,0,0,0,0.0,0.00038638010142477664,0.625,0.1287933671415922,0,,20260511_211953,2026-05-11T21:24:14.067744,https://careers.stc.com.sa/go/%D8%B0%D9%88%D9%8A-%D8%A7%D9%84%D8%AE%D8%A8%D8%B1%D8%A9/7938973/,https://careers.stc.com.sa/,False,https://careers.stc.com.sa/go/%D8%B0%D9%88%D9%8A-%D8%A7%D9%84%D8%AE%D8%A8%D8%B1%D8%A9/7938973/,https://careers.stc.com.sa/,https://careers.stc.com.sa/go/%D8%B0%D9%88%D9%8A-%D8%A7%D9%84%D8%AE%D8%A8%D8%B1%D8%A9/7938973/,recon_page,2026-05-11T21:24:14.234168
146,1,1,1,5,0,0,2,0,18,0,sa,200,2,70193,421.773,0,0,13,1,nginx,0,html,0,0,0,1,5,0,1,0,1,1,1,1,1,8,0,0,1,1,0,0,1,1,1,7,0,0,1,3,1,27,8,17,2,1,61,52,9,1,4,1,8,1,7,1,0,0,1,0,1,0,0,0,0,0,0,0,0,0,0,0,0,0,0,0,1,0,0,0,0,0,0,0,0.0,0.0,0.0,0,0,0,1,0,0,0,0,0,1,0,6,54,20,0,8,0,0,0,0,0,8.0,0.0003846537404014645,0.625,0.22794295727494196,0,,20260511_211953,2026-05-11T21:24:14.021606,https://careers.stc.com.sa/search/?createNewAlert=false&amp;amp;amp;q=&amp;amp;amp;optionsFacetsDD_location=&amp;amp;locale=ar_SA&amp;locale=en_US,https://careers.stc.com.sa/,False,https://careers.stc.com.sa/search/?createNewAlert=false&amp;amp;amp;q=&amp;amp;amp;optionsFacetsDD_location=&amp;amp;locale=ar_SA&amp;locale=en_US,https://careers.stc.com.sa/,https://careers.stc.com.sa/search/?createNewAlert=false&amp;amp;amp;q=&amp;amp;amp;optionsFacetsDD_location=&amp;amp;locale=ar_SA&amp;locale=en_US,recon_page,2026-05-11T21:24:14.235316
79,1,0,1,3,0,0,2,0,18,0,sa,200,2,86733,276.842,0,0,11,1,Apache,0,html,0,0,0,1,5,0,1,0,1,1,1,3,1,12,0,0,1,1,0,0,1,1,1,9,0,0,1,3,1,29,9,16,4,1,84,72,12,1,4,1,12,1,9,1,1,1,1,1,0,0,0,0,0,0,0,0,0,0,0,0,0,0,0,0,1,0,0,0,0,0,0,0,0.0,0.0,0.0,0,0,0,1,2,1,2,0,0,1,2,7,65,31,0,13,0,0,0,0,0,4.0,0.0003343594710202576,0.625,0.2767112863615925,0,,20260511_211953,2026-05-11T21:24:13.963716,https://careers.stc.com.sa/?from-jap=true&amp;amp;locale=ar_SA&amp;locale=en_US,https://careers.stc.com.sa/,False,https://careers.stc.com.sa/?from-jap=true&amp;amp;locale=ar_SA&amp;locale=en_US,https://careers.stc.com.sa/,https://careers.stc.com.sa/?from-jap=true&amp;amp;locale=ar_SA&amp;locale=en_US,recon_page,2026-05-11T21:24:14.237383
130,1,1,1,5,0,0,2,0,18,0,sa,200,2,70459,509.053,0,0,13,1,nginx,0,html,0,0,0,1,5,0,1,0,1,1,1,1,1,8,0,0,1,1,0,0,1,1,1,7,0,0,1,3,1,27,8,17,2,1,60,51,9,1,4,1,8,1,7,1,0,0,1,0,1,0,0,0,0,0,0,0,0,0,0,0,0,0,0,0,1,0,0,0,0,0,0,0,0.0,0.0,0.0,0,0,0,1,0,0,0,0,0,1,0,6,54,20,0,8,0,0,0,0,0,8.0,0.00038320157822279626,0.625,0.22708241672461998,0,,20260511_211953,2026-05-11T21:24:14.106987,https://careers.stc.com.sa/search/?createNewAlert=false&amp;amp;q=&amp;amp;optionsFacetsDD_location=&amp;locale=ar_SA&locale=ar_SA,https://careers.stc.com.sa/,False,https://careers.stc.com.sa/search/?createNewAlert=false&amp;amp;q=&amp;amp;optionsFacetsDD_location=&amp;locale=ar_SA&locale=ar_SA,https://careers.stc.com.sa/,https://careers.stc.com.sa/search/?createNewAlert=false&amp;amp;q=&amp;amp;optionsFacetsDD_location=&amp;locale=ar_SA&locale=ar_SA,recon_page,2026-05-11T21:24:14.238425
154,1,1,1,6,0,0,2,0,18,0,sa,200,2,70627,515.3180000000001,0,0,13,1,nginx,0,html,0,0,0,1,5,0,1,0,1,1,1,1,1,8,0,0,1,1,0,0,1,1,1,7,0,0,1,3,1,27,8,17,2,1,60,51,9,1,4,1,8,1,7,1,0,0,1,0,1,0,0,0,0,0,0,0,0,0,0,0,0,0,0,0,1,0,0,0,0,0,0,0,0.0,0.0,0.0,0,0,0,1,0,0,0,0,0,1,0,6,54,20,0,8,0,0,0,0,0,8.0,0.00038229005904257576,0.625,0.2265422572104153,0,,20260511_211953,2026-05-11T21:24:14.203532,https://careers.stc.com.sa/search/?createNewAlert=false&amp;amp;q=&amp;amp;locationsearch=&amp;amp;optionsFacetsDD_location=&amp;locale=ar_SA&locale=ar_SA,https://careers.stc.com.sa/,False,https://careers.stc.com.sa/search/?createNewAlert=false&amp;amp;q=&amp;amp;locationsearch=&amp;amp;optionsFacetsDD_location=&amp;locale=ar_SA&locale=ar_SA,https://careers.stc.com.sa/,https://careers.stc.com.sa/search/?createNewAlert=false&amp;amp;q=&amp;amp;locationsearch=&amp;amp;optionsFacetsDD_location=&amp;locale=ar_SA&locale=ar_SA,recon_page,2026-05-11T21:24:14.236396
71,1,0,1,3,0,0,2,0,18,0,sa,200,2,87356,293.435,0,0,11,1,Apache,0,html,0,0,0,1,5,0,1,0,1,1,1,3,1,12,0,0,1,1,0,0,1,1,1,9,0,0,1,3,1,29,9,16,4,1,83,71,12,1,4,1,12,1,9,1,1,1,1,1,0,0,0,0,0,0,0,0,0,0,0,0,0,0,0,0,1,0,0,0,0,0,0,0,0.0,0.0,0.0,0,0,0,1,2,1,2,0,0,1,2,7,64,33,0,13,0,0,0,0,0,4.0,0.0003319749072759742,0.625,0.274737854297358,0,,20260511_211953,2026-05-11T21:24:14.120758,https://careers.stc.com.sa/?from-jap=true&amp;locale=ar_SA&locale=ar_SA,https://careers.stc.com.sa/,False,https://careers.stc.com.sa/?from-jap=true&amp;locale=ar_SA&locale=ar_SA,https://careers.stc.com.sa/,https://careers.stc.com.sa/?from-jap=true&amp;locale=ar_SA&locale=ar_SA,recon_page,2026-05-11T21:24:14.242756
79,1,0,1,3,0,0,2,0,18,0,sa,200,2,86733,195.336,0,0,11,1,Apache,0,html,0,0,0,1,5,0,1,0,1,1,1,3,1,12,0,0,1,1,0,0,1,1,1,9,0,0,1,3,1,29,9,16,4,1,84,72,12,1,4,1,12,1,9,1,1,1,1,1,0,0,0,0,0,0,0,0,0,0,0,0,0,0,0,0,1,0,0,0,0,0,0,0,0.0,0.0,0.0,0,0,0,1,2,1,2,0,0,1,2,7,65,31,0,13,0,0,0,0,0,4.0,0.0003343594710202576,0.625,0.2767112863615925,0,,20260511_211953,2026-05-11T21:24:14.194263,https://careers.stc.com.sa/?from-jap=true&amp;amp;locale=en_US&amp;locale=ar_SA,https://careers.stc.com.sa/,False,https://careers.stc.com.sa/?from-jap=true&amp;amp;locale=en_US&amp;locale=ar_SA,https://careers.stc.com.sa/,https://careers.stc.com.sa/?from-jap=true&amp;amp;locale=en_US&amp;locale=ar_SA,recon_page,2026-05-11T21:24:14.240519
138,1,1,1,5,0,0,2,0,18,0,sa,200,2,70145,463.115,0,0,13,1,nginx,0,html,0,0,0,1,5,0,1,0,1,1,1,1,1,8,0,0,1,1,0,0,1,1,1,7,0,0,1,3,1,27,8,17,2,1,61,52,9,1,4,1,8,1,7,1,0,0,1,0,1,0,0,0,0,0,0,0,0,0,0,0,0,0,0,0,1,0,0,0,0,0,0,0,0.0,0.0,0.0,0,0,0,1,0,0,0,0,0,1,0,6,54,20,0,8,0,0,0,0,0,8.0,0.00038491695773041555,0.625,0.22809893791432034,0,,20260511_211953,2026-05-11T21:24:14.118714,https://careers.stc.com.sa/search/?createNewAlert=false&amp;amp;q=&amp;amp;optionsFacetsDD_location=&amp;amp;locale=ar_SA&amp;locale=en_US,https://careers.stc.com.sa/,False,https://careers.stc.com.sa/search/?createNewAlert=false&amp;amp;q=&amp;amp;optionsFacetsDD_location=&amp;amp;locale=ar_SA&amp;locale=en_US,https://careers.stc.com.sa/,https://careers.stc.com.sa/search/?createNewAlert=false&amp;amp;q=&amp;amp;optionsFacetsDD_location=&amp;amp;locale=ar_SA&amp;locale=en_US,recon_page,2026-05-11T21:24:14.245462
71,1,0,1,3,0,0,2,0,18,0,sa,200,2,86583,274.964,0,0,11,1,Apache,0,html,0,0,0,1,5,0,1,0,1,1,1,3,1,12,0,0,1,1,0,0,1,1,1,9,0,0,1,3,1,29,9,16,4,1,84,72,12,1,4,1,12,1,9,1,1,1,1,1,0,0,0,0,0,0,0,0,0,0,0,0,0,0,0,0,1,0,0,0,0,0,0,0,0.0,0.0,0.0,0,0,0,1,2,1,2,0,0,1,2,7,65,31,0,13,0,0,0,0,0,4.0,0.0003349387293117587,0.625,0.27719067253386925,0,,20260511_211953,2026-05-11T21:24:14.097792,https://careers.stc.com.sa/?from-jap=true&amp;locale=en_US&locale=en_US,https://careers.stc.com.sa/,False,https://careers.stc.com.sa/?from-jap=true&amp;locale=en_US&locale=en_US,https://careers.stc.com.sa/,https://careers.stc.com.sa/?from-jap=true&amp;locale=en_US&locale=en_US,recon_page,2026-05-11T21:24:14.245672
154,1,1,1,6,0,0,2,0,18,0,sa,200,2,70627,449.367,0,0,13,1,nginx,0,html,0,0,0,1,5,0,1,0,1,1,1,1,1,8,0,0,1,1,0,0,1,1,1,7,0,0,1,3,1,27,8,17,2,1,60,51,9,1,4,1,8,1,7,1,0,0,1,0,1,0,0,0,0,0,0,0,0,0,0,0,0,0,0,0,1,0,0,0,0,0,0,0,0.0,0.0,0.0,0,0,0,1,0,0,0,0,0,1,0,6,54,20,0,8,0,0,0,0,0,8.0,0.00038229005904257576,0.625,0.2265422572104153,0,,20260511_211953,2026-05-11T21:24:14.227776,https://careers.stc.com.sa/search/?createNewAlert=false&amp;amp;q=&amp;amp;locationsearch=&amp;amp;optionsFacetsDD_location=&amp;locale=en_US&locale=ar_SA,https://careers.stc.com.sa/,False,https://careers.stc.com.sa/search/?createNewAlert=false&amp;amp;q=&amp;amp;locationsearch=&amp;amp;optionsFacetsDD_location=&amp;locale=en_US&locale=ar_SA,https://careers.stc.com.sa/,https://careers.stc.com.sa/search/?createNewAlert=false&amp;amp;q=&amp;amp;locationsearch=&amp;amp;optionsFacetsDD_location=&amp;locale=en_US&locale=ar_SA,recon_page,2026-05-11T21:24:14.244178
79,1,0,1,3,0,0,2,0,18,0,sa,200,2,87506,65.4,0,0,11,1,Apache,0,html,0,0,0,1,5,0,1,0,1,1,1,3,1,12,0,0,1,1,0,0,1,1,1,9,0,0,1,3,1,29,9,16,4,1,83,71,12,1,4,1,12,1,9,1,1,1,1,1,0,0,0,0,0,0,0,0,0,0,0,0,0,0,0,0,1,0,0,0,0,0,0,0,0.0,0.0,0.0,0,0,0,1,2,1,2,0,0,1,2,7,64,33,0,13,0,0,0,0,0,4.0,0.000331405846456243,0.625,0.27426690741206317,0,,20260511_211953,2026-05-11T21:24:15.354884,https://careers.stc.com.sa/?from-jap=true&amp;amp;locale=en_US&amp;locale=en_US,https://careers.stc.com.sa/,False,https://careers.stc.com.sa/?from-jap=true&amp;amp;locale=en_US&amp;locale=en_US,https://careers.stc.com.sa/,https://careers.stc.com.sa/?from-jap=true&amp;amp;locale=en_US&amp;locale=en_US,recon_page,2026-05-11T21:24:15.367045
84,1,0,1,3,0,0,2,0,18,0,sa,200,2,87536,97.273,0,0,11,1,Apache,0,html,0,0,0,1,5,0,1,0,1,1,1,3,1,12,0,0,1,1,0,0,1,1,1,9,0,0,1,3,1,29,9,16,4,1,83,71,12,1,4,1,12,1,9,1,1,1,1,1,0,0,0,0,0,0,0,0,0,0,0,0,0,0,0,0,1,0,0,0,0,0,0,0,0.0,0.0,0.0,0,0,0,1,2,1,2,0,0,1,2,7,64,33,0,13,0,0,0,0,0,4.0,0.0003312922683238896,0.625,0.2741729117163224,0,,20260511_211953,2026-05-11T21:24:16.517909,https://careers.stc.com.sa/?from-HRCollab=true&amp;amp;locale=ar_SA&amp;locale=ar_SA,https://careers.stc.com.sa/,False,https://careers.stc.com.sa/?from-HRCollab=true&amp;amp;locale=ar_SA&amp;locale=ar_SA,https://careers.stc.com.sa/,https://careers.stc.com.sa/?from-HRCollab=true&amp;amp;locale=ar_SA&amp;locale=ar_SA,recon_page,2026-05-11T21:24:16.527728
76,1,0,1,3,0,0,2,0,18,0,sa,200,2,87386,417.045,0,0,11,1,Apache,0,html,0,0,0,1,5,0,1,0,1,1,1,3,1,12,0,0,1,1,0,0,1,1,1,9,0,0,1,3,1,29,9,16,4,1,83,71,12,1,4,1,12,1,9,1,1,1,1,1,0,0,0,0,0,0,0,0,0,0,0,0,0,0,0,0,1,0,0,0,0,0,0,0,0.0,0.0,0.0,0,0,0,1,2,1,2,0,0,1,2,7,64,33,0,13,0,0,0,0,0,4.0,0.0003318609388231525,0.625,0.2746435355777814,0,,20260511_211953,2026-05-11T21:24:19.718012,https://careers.stc.com.sa/?from-HRCollab=true&amp;locale=ar_SA&locale=ar_SA,https://careers.stc.com.sa/,False,https://careers.stc.com.sa/?from-HRCollab=true&amp;locale=ar_SA&locale=ar_SA,https://careers.stc.com.sa/,https://careers.stc.com.sa/?from-HRCollab=true&amp;locale=ar_SA&locale=ar_SA,recon_page,2026-05-11T21:24:19.729384
84,1,0,1,3,0,0,2,0,18,0,sa,200,2,87536,212.073,0,0,11,1,Apache,0,html,0,0,0,1,5,0,1,0,1,1,1,3,1,12,0,0,1,1,0,0,1,1,1,9,0,0,1,3,1,29,9,16,4,1,83,71,12,1,4,1,12,1,9,1,1,1,1,1,0,0,0,0,0,0,0,0,0,0,0,0,0,0,0,0,1,0,0,0,0,0,0,0,0.0,0.0,0.0,0,0,0,1,2,1,2,0,0,1,2,7,64,33,0,13,0,0,0,0,0,4.0,0.0003312922683238896,0.625,0.2741729117163224,0,,20260511_211953,2026-05-11T21:24:22.026615,https://careers.stc.com.sa/?from-HRCollab=true&amp;amp;locale=ar_SA&amp;locale=en_US,https://careers.stc.com.sa/,False,https://careers.stc.com.sa/?from-HRCollab=true&amp;amp;locale=ar_SA&amp;locale=en_US,https://careers.stc.com.sa/,https://careers.stc.com.sa/?from-HRCollab=true&amp;amp;locale=ar_SA&amp;locale=en_US,recon_page,2026-05-11T21:24:22.049440
76,1,0,1,3,0,0,2,0,18,0,sa,200,2,86613,61.673,0,0,11,1,Apache,0,html,0,0,0,1,5,0,1,0,1,1,1,3,1,12,0,0,1,1,0,0,1,1,1,9,0,0,1,3,1,29,9,16,4,1,84,72,12,1,4,1,12,1,9,1,1,1,1,1,0,0,0,0,0,0,0,0,0,0,0,0,0,0,0,0,1,0,0,0,0,0,0,0,0.0,0.0,0.0,0,0,0,1,2,1,2,0,0,1,2,7,65,31,0,13,0,0,0,0,0,4.0,0.00033482271714407766,0.625,0.2770946624640643,0,,20260511_211953,2026-05-11T21:24:22.098282,https://careers.stc.com.sa/?from-HRCollab=true&amp;locale=ar_SA&locale=en_US,https://careers.stc.com.sa/,False,https://careers.stc.com.sa/?from-HRCollab=true&amp;locale=ar_SA&locale=en_US,https://careers.stc.com.sa/,https://careers.stc.com.sa/?from-HRCollab=true&amp;locale=ar_SA&locale=en_US,recon_page,2026-05-11T21:24:22.103767
84,1,0,1,3,0,0,2,0,18,0,sa,200,2,86763,71.177,0,0,11,1,Apache,0,html,0,0,0,1,5,0,1,0,1,1,1,3,1,12,0,0,1,1,0,0,1,1,1,9,0,0,1,3,1,29,9,16,4,1,84,72,12,1,4,1,12,1,9,1,1,1,1,1,0,0,0,0,0,0,0,0,0,0,0,0,0,0,0,0,1,0,0,0,0,0,0,0,0.0,0.0,0.0,0,0,0,1,2,1,2,0,0,1,2,7,65,31,0,13,0,0,0,0,0,4.0,0.0003342438597097841,0.625,0.2766156080356834,0,,20260511_211953,2026-05-11T21:24:22.850294,https://careers.stc.com.sa/?from-HRCollab=true&amp;amp;locale=en_US&amp;locale=en_US,https://careers.stc.com.sa/,False,https://careers.stc.com.sa/?from-HRCollab=true&amp;amp;locale=en_US&amp;locale=en_US,https://careers.stc.com.sa/,https://careers.stc.com.sa/?from-HRCollab=true&amp;amp;locale=en_US&amp;locale=en_US,recon_page,2026-05-11T21:24:22.881850
84,1,0,1,3,0,0,2,0,18,0,sa,200,2,86763,80.697,0,0,11,1,Apache,0,html,0,0,0,1,5,0,1,0,1,1,1,3,1,12,0,0,1,1,0,0,1,1,1,9,0,0,1,3,1,29,9,16,4,1,84,72,12,1,4,1,12,1,9,1,1,1,1,1,0,0,0,0,0,0,0,0,0,0,0,0,0,0,0,0,1,0,0,0,0,0,0,0,0.0,0.0,0.0,0,0,0,1,2,1,2,0,0,1,2,7,65,31,0,13,0,0,0,0,0,4.0,0.0003342438597097841,0.625,0.2766156080356834,0,,20260511_211953,2026-05-11T21:24:22.892045,https://careers.stc.com.sa/?from-HRCollab=true&amp;amp;locale=en_US&amp;locale=ar_SA,https://careers.stc.com.sa/,False,https://careers.stc.com.sa/?from-HRCollab=true&amp;amp;locale=en_US&amp;locale=ar_SA,https://careers.stc.com.sa/,https://careers.stc.com.sa/?from-HRCollab=true&amp;amp;locale=en_US&amp;locale=ar_SA,recon_page,2026-05-11T21:24:22.900452
76,1,0,1,3,0,0,2,0,18,0,sa,200,2,86613,226.532,0,0,11,1,Apache,0,html,0,0,0,1,5,0,1,0,1,1,1,3,1,12,0,0,1,1,0,0,1,1,1,9,0,0,1,3,1,29,9,16,4,1,84,72,12,1,4,1,12,1,9,1,1,1,1,1,0,0,0,0,0,0,0,0,0,0,0,0,0,0,0,0,1,0,0,0,0,0,0,0,0.0,0.0,0.0,0,0,0,1,2,1,2,0,0,1,2,7,65,31,0,13,0,0,0,0,0,4.0,0.00033482271714407766,0.625,0.2770946624640643,0,,20260511_211953,2026-05-11T21:24:23.281554,https://careers.stc.com.sa/?from-HRCollab=true&amp;locale=en_US&locale=en_US,https://careers.stc.com.sa/,False,https://careers.stc.com.sa/?from-HRCollab=true&amp;locale=en_US&locale=en_US,https://careers.stc.com.sa/,https://careers.stc.com.sa/?from-HRCollab=true&amp;locale=en_US&locale=en_US,recon_page,2026-05-11T21:24:23.290846
76,1,0,1,3,0,0,2,0,18,0,sa,200,2,87386,321.824,0,0,11,1,Apache,0,html,0,0,0,1,5,0,1,0,1,1,1,3,1,12,0,0,1,1,0,0,1,1,1,9,0,0,1,3,1,29,9,16,4,1,83,71,12,1,4,1,12,1,9,1,1,1,1,1,0,0,0,0,0,0,0,0,0,0,0,0,0,0,0,0,1,0,0,0,0,0,0,0,0.0,0.0,0.0,0,0,0,1,2,1,2,0,0,1,2,7,64,33,0,13,0,0,0,0,0,4.0,0.0003318609388231525,0.625,0.2746435355777814,0,,20260511_211953,2026-05-11T21:24:24.470980,https://careers.stc.com.sa/?from-HRCollab=true&amp;locale=en_US&locale=ar_SA,https://careers.stc.com.sa/,False,https://careers.stc.com.sa/?from-HRCollab=true&amp;locale=en_US&locale=ar_SA,https://careers.stc.com.sa/,https://careers.stc.com.sa/?from-HRCollab=true&amp;locale=en_US&locale=ar_SA,recon_page,2026-05-11T21:24:24.481977
