url_length,has_https,path_depth,has_query_params,num_query_params,has_fragment,has_port,subdomain_count,is_ip_address,domain_length,domain_has_hyphens,domain_tld,status_code,status_category,response_size,response_time_ms,is_redirect,redirect_chain_len,total_headers,server_header_present,server_header,x_powered_by_present,content_type,has_cookies,num_cookies,has_cors,cache_control,security_headers_count,has_csp,has_hsts,has_xss_protection,has_frame_options,has_content_type_options,has_forms,form_count,has_inputs,input_count,has_password_input,password_count,has_hidden_input,hidden_count,has_file_upload,file_upload_count,has_search_input,search_count,has_buttons,button_count,has_textarea,textarea_count,has_select,select_count,has_scripts,script_count,inline_script_count,internal_script_count,external_script_count,has_links,link_count,internal_link_count,external_link_count,has_images,image_count,has_meta_tags,meta_count,has_stylesheets,stylesheet_count,has_javascript,has_comments,comment_count,has_title,server_apache,server_nginx,server_iis,tech_php,tech_aspnet,tech_jsp,tech_wordpress,tech_drupal,tech_joomla,has_debug_info,has_error_messages,has_sql_errors,has_file_paths,has_waf,waf_cloudflare,waf_aws,waf_imperva,reflection_detected,csp_header_reflection_detected,has_jwt,jwt_count,has_api_keys,api_key_count,cookie_count,session_cookies,secure_cookie_ratio,httponly_cookie_ratio,samesite_cookie_ratio,redirect_count,has_redirect_chain,final_https,get_form_count,post_form_count,has_login_form,login_form_count,csrf_token_input_count,has_csrf_token,same_origin_form_count,external_form_count,unique_input_names,unique_endpoint_count,parameterized_link_count,api_like_endpoint_count,inline_event_handler_count,email_input_count,url_input_count,mailto_link_count,tel_link_count,body_truncated_for_analysis,input_to_form_ratio,script_to_content_ratio,security_score,interactivity_score,is_vulnerable,vulnerability_type,scan_id,timestamp,target_url,original_url,is_redirect_response,final_url,target_root,page_url,dataset_record_type,saved_at
232,1,3,1,7,0,0,2,0,14,0,sa,200,2,33037,376.368,0,3,13,1,XXXXXX,0,html,0,0,1,1,3,0,1,0,1,0,1,4,1,11,1,1,1,4,0,0,0,0,1,2,0,0,1,1,1,65,13,52,0,1,14,14,0,1,8,1,2,1,6,1,1,1,1,0,0,0,0,0,1,0,0,0,0,1,0,0,0,0,0,0,1,0,0,0,0,0,0,0,0.0,0.0,0.0,2,1,1,0,4,1,3,0,0,4,0,9,68,9,0,6,0,0,0,0,0,2.75,0.001967490994945062,0.375,0.5145745679087085,0,,20260512_090223,2026-05-12T09:02:26.686411,https://iot.stc.com.sa/web/guest/home?p_p_state=normal&p_p_mode=view&saveLastPath=false&_58_struts_action=%2Flogin%2Flogin&p_p_id=58&p_p_lifecycle=0&_58_redirect=%2Fgroup%2Fcrm%2Fhome1%3Bjsessionid%3D6333A461481C354B38E272AE7676BCE1,https://iot.stc.com.sa/web/guest/home?p_p_state=normal&p_p_mode=view&saveLastPath=false&_58_struts_action=%2Flogin%2Flogin&p_p_id=58&p_p_lifecycle=0&_58_redirect=%2Fgroup%2Fcrm%2Fhome1%3Bjsessionid%3D6333A461481C354B38E272AE7676BCE1,False,https://iot.stc.com.sa/web/guest/home?p_p_state=normal&p_p_mode=view&saveLastPath=false&_58_struts_action=%2Flogin%2Flogin&p_p_id=58&p_p_lifecycle=0&_58_redirect=%2Fgroup%2Fcrm%2Fhome1%3Bjsessionid%3D6333A461481C354B38E272AE7676BCE1,https://iot.stc.com.sa/web/guest/home?p_p_state=normal&p_p_mode=view&saveLastPath=false&_58_struts_action=%2Flogin%2Flogin&p_p_id=58&p_p_lifecycle=0&_58_redirect=%2Fgroup%2Fcrm%2Fhome1%3Bjsessionid%3D6333A461481C354B38E272AE7676BCE1,https://iot.stc.com.sa/web/guest/home?p_p_state=normal&p_p_mode=view&saveLastPath=false&_58_struts_action=%2Flogin%2Flogin&p_p_id=58&p_p_lifecycle=0&_58_redirect=%2Fgroup%2Fcrm%2Fhome1%3Bjsessionid%3D6333A461481C354B38E272AE7676BCE1,recon_page,2026-05-12T09:02:26.689379
233,1,3,1,7,0,0,2,0,14,0,sa,200,2,33060,304.634,0,0,12,1,XXXXXX,0,html,0,0,1,1,3,0,1,0,1,0,1,4,1,11,1,1,1,4,0,0,0,0,1,2,0,0,1,1,1,65,13,52,0,1,14,14,0,1,8,1,2,1,6,1,1,1,1,0,0,0,0,0,1,0,0,0,0,1,0,0,0,0,0,0,1,0,0,0,0,0,0,0,0.0,0.0,0.0,0,0,0,0,4,1,3,0,0,4,0,9,68,9,0,6,0,0,0,0,0,2.75,0.0019661222020568663,0.375,0.514216575922565,0,,20260512_090223,2026-05-12T09:02:55.953920,https://iot.stc.com.sa/web/guest/home/?p_p_state=normal&p_p_mode=view&saveLastPath=false&_58_struts_action=%2Flogin%2Flogin&p_p_id=58&p_p_lifecycle=0&_58_redirect=%2Fgroup%2Fcrm%2Fhome1%3Bjsessionid%3D6333A461481C354B38E272AE7676BCE1,https://iot.stc.com.sa/web/guest/home/?p_p_state=normal&p_p_mode=view&saveLastPath=false&_58_struts_action=%2Flogin%2Flogin&p_p_id=58&p_p_lifecycle=0&_58_redirect=%2Fgroup%2Fcrm%2Fhome1%3Bjsessionid%3D6333A461481C354B38E272AE7676BCE1,False,https://iot.stc.com.sa/web/guest/home/?p_p_state=normal&p_p_mode=view&saveLastPath=false&_58_struts_action=%2Flogin%2Flogin&p_p_id=58&p_p_lifecycle=0&_58_redirect=%2Fgroup%2Fcrm%2Fhome1%3Bjsessionid%3D6333A461481C354B38E272AE7676BCE1,https://iot.stc.com.sa/web/guest/home/?p_p_state=normal&p_p_mode=view&saveLastPath=false&_58_struts_action=%2Flogin%2Flogin&p_p_id=58&p_p_lifecycle=0&_58_redirect=%2Fgroup%2Fcrm%2Fhome1%3Bjsessionid%3D6333A461481C354B38E272AE7676BCE1,https://iot.stc.com.sa/web/guest/home/?p_p_state=normal&p_p_mode=view&saveLastPath=false&_58_struts_action=%2Flogin%2Flogin&p_p_id=58&p_p_lifecycle=0&_58_redirect=%2Fgroup%2Fcrm%2Fhome1%3Bjsessionid%3D6333A461481C354B38E272AE7676BCE1,recon_page,2026-05-12T09:02:55.957424
55,1,4,0,0,0,0,2,0,14,0,sa,404,4,1104,566.4630000000001,0,0,7,1,XXXXXX,0,html,0,0,0,0,1,0,1,0,0,0,0,0,0,0,0,0,0,0,0,0,0,0,0,0,0,0,0,0,0,0,0,0,0,0,0,0,0,0,0,0,0,0,0,0,0,0,1,0,0,0,0,0,0,0,0,0,0,0,0,0,0,0,0,0,0,0,0,0,0,0,0,0,0.0,0.0,0.0,0,0,0,0,0,0,0,0,0,0,0,0,0,0,0,0,0,0,0,0,0,0.0,0.0,0.125,0.0,0,,20260512_090223,2026-05-12T09:03:45.125139,https://iot.stc.com.sa/stcLayout/html/crmLayout/images/,https://iot.stc.com.sa/web/guest/home/?p_p_state=normal&p_p_mode=view&saveLastPath=false&_58_struts_action=%2Flogin%2Flogin&p_p_id=58&p_p_lifecycle=0&_58_redirect=%2Fgroup%2Fcrm%2Fhome1%3Bjsessionid%3D6333A461481C354B38E272AE7676BCE1,False,https://iot.stc.com.sa/stcLayout/html/crmLayout/images/,https://iot.stc.com.sa/web/guest/home/?p_p_state=normal&p_p_mode=view&saveLastPath=false&_58_struts_action=%2Flogin%2Flogin&p_p_id=58&p_p_lifecycle=0&_58_redirect=%2Fgroup%2Fcrm%2Fhome1%3Bjsessionid%3D6333A461481C354B38E272AE7676BCE1,https://iot.stc.com.sa/stcLayout/html/crmLayout/images/,recon_page,2026-05-12T09:03:45.132156
66,1,5,0,0,0,0,2,0,14,0,sa,404,4,1115,68.993,0,0,7,1,XXXXXX,0,html,0,0,0,0,1,0,1,0,0,0,0,0,0,0,0,0,0,0,0,0,0,0,0,0,0,0,0,0,0,0,0,0,0,0,0,0,0,0,0,0,0,0,0,0,0,0,1,0,0,0,0,0,0,0,0,0,0,0,0,0,0,0,0,0,0,0,0,0,0,0,0,0,0.0,0.0,0.0,0,0,0,0,0,0,0,0,0,0,0,0,0,0,0,0,0,0,0,0,0,0.0,0.0,0.125,0.0,0,,20260512_090223,2026-05-12T09:04:10.061074,https://iot.stc.com.sa/stcLayout/html/crmLayout/images/liferay.ico,https://iot.stc.com.sa/web/guest/home/?p_p_state=normal&p_p_mode=view&saveLastPath=false&_58_struts_action=%2Flogin%2Flogin&p_p_id=58&p_p_lifecycle=0&_58_redirect=%2Fgroup%2Fcrm%2Fhome1%3Bjsessionid%3D6333A461481C354B38E272AE7676BCE1,False,https://iot.stc.com.sa/stcLayout/html/crmLayout/images/liferay.ico,https://iot.stc.com.sa/web/guest/home/?p_p_state=normal&p_p_mode=view&saveLastPath=false&_58_struts_action=%2Flogin%2Flogin&p_p_id=58&p_p_lifecycle=0&_58_redirect=%2Fgroup%2Fcrm%2Fhome1%3Bjsessionid%3D6333A461481C354B38E272AE7676BCE1,https://iot.stc.com.sa/stcLayout/html/crmLayout/images/liferay.ico,recon_page,2026-05-12T09:04:10.066062
131,1,3,1,6,0,0,2,0,14,0,sa,200,2,31592,166.36100000000002,0,0,12,1,XXXXXX,0,html,0,0,1,1,3,0,1,0,1,0,1,4,1,11,1,1,1,4,0,0,0,0,1,2,0,0,1,1,1,65,13,52,0,1,14,14,0,1,8,1,2,1,6,1,1,1,1,0,0,0,0,0,1,0,0,0,0,1,0,0,0,0,0,0,1,0,0,0,0,0,0,0,0.0,0.0,0.0,0,0,0,0,4,1,2,0,0,4,0,9,68,9,0,6,0,0,0,0,0,2.75,0.00205748290706508,0.375,0.5381109141554824,0,,20260512_090223,2026-05-12T09:05:31.046000,https://iot.stc.com.sa/web/guest/home/?p_p_id=58&p_p_lifecycle=0&p_p_state=normal&p_p_mode=view&p_p_col_id=column-1&p_p_col_count=3,https://iot.stc.com.sa/web/guest/home/?p_p_state=normal&p_p_mode=view&saveLastPath=false&_58_struts_action=%2Flogin%2Flogin&p_p_id=58&p_p_lifecycle=0&_58_redirect=%2Fgroup%2Fcrm%2Fhome1%3Bjsessionid%3D6333A461481C354B38E272AE7676BCE1,False,https://iot.stc.com.sa/web/guest/home/?p_p_id=58&p_p_lifecycle=0&p_p_state=normal&p_p_mode=view&p_p_col_id=column-1&p_p_col_count=3,https://iot.stc.com.sa/web/guest/home/?p_p_state=normal&p_p_mode=view&saveLastPath=false&_58_struts_action=%2Flogin%2Flogin&p_p_id=58&p_p_lifecycle=0&_58_redirect=%2Fgroup%2Fcrm%2Fhome1%3Bjsessionid%3D6333A461481C354B38E272AE7676BCE1,https://iot.stc.com.sa/web/guest/home/?p_p_id=58&p_p_lifecycle=0&p_p_state=normal&p_p_mode=view&p_p_col_id=column-1&p_p_col_count=3,recon_page,2026-05-12T09:05:31.085760
181,1,3,1,8,0,0,2,0,14,0,sa,200,2,32381,177.841,0,0,12,1,XXXXXX,0,html,0,0,1,1,3,0,1,0,1,0,1,4,1,11,1,1,1,4,0,0,0,0,1,2,0,0,1,1,1,65,13,52,0,1,14,14,0,1,8,1,2,1,6,1,1,1,1,0,0,0,0,0,1,0,0,0,0,1,0,0,0,0,0,0,1,0,0,0,0,0,0,0,0.0,0.0,0.0,0,0,0,0,4,1,3,0,0,4,0,9,68,9,0,6,0,0,0,0,0,2.75,0.0020073499891911924,0.375,0.5249992279423118,0,,20260512_090223,2026-05-12T09:05:57.358559,https://iot.stc.com.sa/web/guest/home/?p_p_id=58&p_p_lifecycle=1&p_p_state=normal&p_p_mode=view&p_p_col_id=column-1&p_p_col_count=3&saveLastPath=0&_58_struts_action=%2Flogin%2Flogin,https://iot.stc.com.sa/web/guest/home/?p_p_state=normal&p_p_mode=view&saveLastPath=false&_58_struts_action=%2Flogin%2Flogin&p_p_id=58&p_p_lifecycle=0&_58_redirect=%2Fgroup%2Fcrm%2Fhome1%3Bjsessionid%3D6333A461481C354B38E272AE7676BCE1,False,https://iot.stc.com.sa/web/guest/home/?p_p_id=58&p_p_lifecycle=1&p_p_state=normal&p_p_mode=view&p_p_col_id=column-1&p_p_col_count=3&saveLastPath=0&_58_struts_action=%2Flogin%2Flogin,https://iot.stc.com.sa/web/guest/home/?p_p_state=normal&p_p_mode=view&saveLastPath=false&_58_struts_action=%2Flogin%2Flogin&p_p_id=58&p_p_lifecycle=0&_58_redirect=%2Fgroup%2Fcrm%2Fhome1%3Bjsessionid%3D6333A461481C354B38E272AE7676BCE1,https://iot.stc.com.sa/web/guest/home/?p_p_id=58&p_p_lifecycle=1&p_p_state=normal&p_p_mode=view&p_p_col_id=column-1&p_p_col_count=3&saveLastPath=0&_58_struts_action=%2Flogin%2Flogin,recon_page,2026-05-12T09:05:57.362211
191,1,3,1,8,0,0,2,0,14,0,sa,200,2,22440,173.299,0,0,12,1,XXXXXX,0,html,0,0,1,1,3,0,1,0,1,0,1,3,1,6,0,0,1,2,0,0,0,0,1,1,0,0,1,1,1,63,12,51,0,1,12,12,0,1,6,1,2,1,5,1,1,1,1,0,0,0,0,0,1,0,0,0,0,1,0,0,0,0,0,0,1,0,0,0,0,0,0,0,0.0,0.0,0.0,0,0,0,0,3,1,2,0,0,3,0,5,64,9,0,5,0,0,0,0,0,2.0,0.002807486631016043,0.375,0.44563279857397503,0,,20260512_090223,2026-05-12T09:06:19.246283,https://iot.stc.com.sa/web/guest/home/?p_p_id=58&p_p_lifecycle=1&p_p_state=normal&p_p_mode=view&p_p_col_id=column-1&p_p_col_count=3&saveLastPath=0&_58_struts_action=%2Flogin%2Fforgot_password,https://iot.stc.com.sa/web/guest/home/?p_p_state=normal&p_p_mode=view&saveLastPath=false&_58_struts_action=%2Flogin%2Flogin&p_p_id=58&p_p_lifecycle=0&_58_redirect=%2Fgroup%2Fcrm%2Fhome1%3Bjsessionid%3D6333A461481C354B38E272AE7676BCE1,False,https://iot.stc.com.sa/web/guest/home/?p_p_id=58&p_p_lifecycle=1&p_p_state=normal&p_p_mode=view&p_p_col_id=column-1&p_p_col_count=3&saveLastPath=0&_58_struts_action=%2Flogin%2Fforgot_password,https://iot.stc.com.sa/web/guest/home/?p_p_state=normal&p_p_mode=view&saveLastPath=false&_58_struts_action=%2Flogin%2Flogin&p_p_id=58&p_p_lifecycle=0&_58_redirect=%2Fgroup%2Fcrm%2Fhome1%3Bjsessionid%3D6333A461481C354B38E272AE7676BCE1,https://iot.stc.com.sa/web/guest/home/?p_p_id=58&p_p_lifecycle=1&p_p_state=normal&p_p_mode=view&p_p_col_id=column-1&p_p_col_count=3&saveLastPath=0&_58_struts_action=%2Flogin%2Fforgot_password,recon_page,2026-05-12T09:06:19.252343
38,1,3,0,0,0,0,2,0,14,0,sa,200,2,30332,126.40199999999999,0,0,12,1,XXXXXX,0,html,0,0,1,1,3,0,1,0,1,0,1,4,1,11,1,1,1,4,0,0,0,0,1,2,0,0,1,1,1,65,13,52,0,1,14,14,0,1,8,1,2,1,6,1,1,1,1,0,0,0,0,0,1,0,0,0,0,1,0,0,0,0,0,0,0,0,0,0,0,0,0,0,0.0,0.0,0.0,0,0,0,0,4,1,2,0,0,4,0,9,68,9,0,6,0,0,0,0,0,2.75,0.0021429513385203746,0.375,0.5604641962284056,0,,20260512_090223,2026-05-12T09:06:23.709234,https://iot.stc.com.sa/web/guest/home/,https://iot.stc.com.sa/web/guest/home/?p_p_state=normal&p_p_mode=view&saveLastPath=false&_58_struts_action=%2Flogin%2Flogin&p_p_id=58&p_p_lifecycle=0&_58_redirect=%2Fgroup%2Fcrm%2Fhome1%3Bjsessionid%3D6333A461481C354B38E272AE7676BCE1,False,https://iot.stc.com.sa/web/guest/home/,https://iot.stc.com.sa/web/guest/home/?p_p_state=normal&p_p_mode=view&saveLastPath=false&_58_struts_action=%2Flogin%2Flogin&p_p_id=58&p_p_lifecycle=0&_58_redirect=%2Fgroup%2Fcrm%2Fhome1%3Bjsessionid%3D6333A461481C354B38E272AE7676BCE1,https://iot.stc.com.sa/web/guest/home/,recon_page,2026-05-12T09:06:23.713774
510,1,3,1,10,0,0,2,0,14,0,sa,200,2,36668,476.84,0,0,12,1,XXXXXX,0,html,0,0,1,1,3,0,1,0,1,0,1,4,1,11,1,1,1,4,0,0,0,0,1,2,0,0,1,1,1,65,13,52,0,1,14,14,0,1,8,1,2,1,6,1,1,1,1,0,0,0,0,0,1,0,0,0,0,1,0,0,0,0,0,0,1,0,0,0,0,0,0,0,0.0,0.0,0.0,0,0,0,0,4,1,3,0,0,4,0,9,68,9,0,6,0,0,0,0,0,2.75,0.0017726628122613722,0.375,0.463619504745282,0,,20260512_090223,2026-05-12T09:06:35.377330,https://iot.stc.com.sa/web/guest/home/?p_p_id=82&amp;p_p_lifecycle=1&amp;p_p_state=normal&amp;p_p_mode=view&amp;p_p_col_id=column-1&amp;p_p_col_pos=1&amp;p_p_col_count=3&amp;_82_struts_action=%2Flanguage%2Fview&amp;_82_redirect=%2Fweb%2Fguest%2Fhome%2F%3Fp_p_state%3Dnormal%26p_p_mode%3Dview%26saveLastPath%3Dfalse%26_58_struts_action%3D%252Flogin%252Flogin%26p_p_id%3D58%26p_p_lifecycle%3D0%26_58_redirect%3D%252Fgroup%252Fcrm%252Fhome1%253Bjsessionid%253D6333A461481C354B38E272AE7676BCE1&amp;languageId=ar_SA,https://iot.stc.com.sa/web/guest/home/?p_p_state=normal&p_p_mode=view&saveLastPath=false&_58_struts_action=%2Flogin%2Flogin&p_p_id=58&p_p_lifecycle=0&_58_redirect=%2Fgroup%2Fcrm%2Fhome1%3Bjsessionid%3D6333A461481C354B38E272AE7676BCE1,False,https://iot.stc.com.sa/web/guest/home/?p_p_id=82&amp;p_p_lifecycle=1&amp;p_p_state=normal&amp;p_p_mode=view&amp;p_p_col_id=column-1&amp;p_p_col_pos=1&amp;p_p_col_count=3&amp;_82_struts_action=%2Flanguage%2Fview&amp;_82_redirect=%2Fweb%2Fguest%2Fhome%2F%3Fp_p_state%3Dnormal%26p_p_mode%3Dview%26saveLastPath%3Dfalse%26_58_struts_action%3D%252Flogin%252Flogin%26p_p_id%3D58%26p_p_lifecycle%3D0%26_58_redirect%3D%252Fgroup%252Fcrm%252Fhome1%253Bjsessionid%253D6333A461481C354B38E272AE7676BCE1&amp;languageId=ar_SA,https://iot.stc.com.sa/web/guest/home/?p_p_state=normal&p_p_mode=view&saveLastPath=false&_58_struts_action=%2Flogin%2Flogin&p_p_id=58&p_p_lifecycle=0&_58_redirect=%2Fgroup%2Fcrm%2Fhome1%3Bjsessionid%3D6333A461481C354B38E272AE7676BCE1,https://iot.stc.com.sa/web/guest/home/?p_p_id=82&amp;p_p_lifecycle=1&amp;p_p_state=normal&amp;p_p_mode=view&amp;p_p_col_id=column-1&amp;p_p_col_pos=1&amp;p_p_col_count=3&amp;_82_struts_action=%2Flanguage%2Fview&amp;_82_redirect=%2Fweb%2Fguest%2Fhome%2F%3Fp_p_state%3Dnormal%26p_p_mode%3Dview%26saveLastPath%3Dfalse%26_58_struts_action%3D%252Flogin%252Flogin%26p_p_id%3D58%26p_p_lifecycle%3D0%26_58_redirect%3D%252Fgroup%252Fcrm%252Fhome1%253Bjsessionid%253D6333A461481C354B38E272AE7676BCE1&amp;languageId=ar_SA,recon_page,2026-05-12T09:06:35.381782
29,1,1,0,0,0,0,2,0,14,0,sa,404,4,27920,170.507,0,0,10,1,XXXXXX,0,html,0,0,0,1,3,0,1,0,1,0,1,1,1,1,0,0,0,0,0,0,0,0,0,0,0,0,1,1,1,59,8,51,0,1,7,7,0,0,0,1,2,1,5,1,1,2,1,0,0,0,0,0,1,0,0,0,0,1,0,0,0,0,0,0,0,0,0,0,0,0,0,0,0.0,0.0,0.0,0,0,0,0,1,0,0,0,0,1,0,1,59,5,0,1,0,0,0,0,0,1.0,0.0021131805157593125,0.375,0.07163323782234957,0,,20260512_090223,2026-05-12T09:07:53.500670,https://iot.stc.com.sa/image/,https://iot.stc.com.sa/web/guest/home/?p_p_state=normal&p_p_mode=view&saveLastPath=false&_58_struts_action=%2Flogin%2Flogin&p_p_id=58&p_p_lifecycle=0&_58_redirect=%2Fgroup%2Fcrm%2Fhome1%3Bjsessionid%3D6333A461481C354B38E272AE7676BCE1,False,https://iot.stc.com.sa/image/,https://iot.stc.com.sa/web/guest/home/?p_p_state=normal&p_p_mode=view&saveLastPath=false&_58_struts_action=%2Flogin%2Flogin&p_p_id=58&p_p_lifecycle=0&_58_redirect=%2Fgroup%2Fcrm%2Fhome1%3Bjsessionid%3D6333A461481C354B38E272AE7676BCE1,https://iot.stc.com.sa/image/,recon_page,2026-05-12T09:07:53.503944
51,1,1,1,1,0,0,2,0,14,0,sa,404,4,673,58.096000000000004,0,0,7,1,XXXXXX,0,html,0,0,0,0,2,0,1,0,1,0,0,0,0,0,0,0,0,0,0,0,0,0,0,0,0,0,0,0,0,0,0,0,0,0,0,0,0,0,0,1,1,0,0,1,1,1,0,0,0,0,0,1,0,0,0,0,0,0,0,0,0,0,0,0,0,0,0,0,0,0,0,0,0.0,0.0,0.0,0,0,0,0,0,0,0,0,0,0,0,0,0,0,0,1,0,0,0,0,0,0.0,0.0,0.25,0.0,0,,20260512_090223,2026-05-12T09:08:09.428016,https://iot.stc.com.sa/CSRFServlet/?t=1778565762267,https://iot.stc.com.sa/web/guest/home/?p_p_state=normal&p_p_mode=view&saveLastPath=false&_58_struts_action=%2Flogin%2Flogin&p_p_id=58&p_p_lifecycle=0&_58_redirect=%2Fgroup%2Fcrm%2Fhome1%3Bjsessionid%3D6333A461481C354B38E272AE7676BCE1,False,https://iot.stc.com.sa/CSRFServlet/?t=1778565762267,https://iot.stc.com.sa/web/guest/home/?p_p_state=normal&p_p_mode=view&saveLastPath=false&_58_struts_action=%2Flogin%2Flogin&p_p_id=58&p_p_lifecycle=0&_58_redirect=%2Fgroup%2Fcrm%2Fhome1%3Bjsessionid%3D6333A461481C354B38E272AE7676BCE1,https://iot.stc.com.sa/CSRFServlet/?t=1778565762267,recon_page,2026-05-12T09:08:09.431708
92,1,3,1,1,0,0,2,0,14,0,sa,404,4,548,92.491,0,0,6,1,XXXXXX,0,html,0,0,0,0,1,0,1,0,0,0,0,0,0,0,0,0,0,0,0,0,0,0,0,0,0,0,0,0,0,0,0,0,0,0,0,0,0,0,0,0,0,0,0,0,1,6,1,0,0,0,0,0,0,0,0,0,0,1,0,0,0,0,0,0,0,0,0,0,0,0,0,0,0.0,0.0,0.0,0,0,0,0,0,0,0,0,0,0,0,0,0,0,0,0,0,0,0,0,0,0.0,0.0,0.125,0.0,0,,20260512_090223,2026-05-12T09:09:05.978953,https://iot.stc.com.sa/CustomerSpecificBranding/css-branding/get-customer-css/?partyRoleId=1,https://iot.stc.com.sa/web/guest/home/?p_p_state=normal&p_p_mode=view&saveLastPath=false&_58_struts_action=%2Flogin%2Flogin&p_p_id=58&p_p_lifecycle=0&_58_redirect=%2Fgroup%2Fcrm%2Fhome1%3Bjsessionid%3D6333A461481C354B38E272AE7676BCE1,False,https://iot.stc.com.sa/CustomerSpecificBranding/css-branding/get-customer-css/?partyRoleId=1,https://iot.stc.com.sa/web/guest/home/?p_p_state=normal&p_p_mode=view&saveLastPath=false&_58_struts_action=%2Flogin%2Flogin&p_p_id=58&p_p_lifecycle=0&_58_redirect=%2Fgroup%2Fcrm%2Fhome1%3Bjsessionid%3D6333A461481C354B38E272AE7676BCE1,https://iot.stc.com.sa/CustomerSpecificBranding/css-branding/get-customer-css/?partyRoleId=1,recon_page,2026-05-12T09:09:05.985419
48,1,3,0,0,0,0,2,0,14,0,sa,404,4,1093,84.164,0,0,7,1,XXXXXX,0,html,0,0,0,0,1,0,1,0,0,0,0,0,0,0,0,0,0,0,0,0,0,0,0,0,0,0,0,0,0,0,0,0,0,0,0,0,0,0,0,0,0,0,0,0,0,0,1,0,0,0,0,0,0,0,0,0,0,0,0,0,0,0,0,0,0,0,0,0,0,0,0,0,0.0,0.0,0.0,0,0,0,0,0,0,0,0,0,0,0,0,0,0,0,0,0,0,0,0,0,0.0,0.0,0.125,0.0,0,,20260512_090223,2026-05-12T09:09:30.019700,https://iot.stc.com.sa/stcLayout/html/crmLayout/,https://iot.stc.com.sa/web/guest/home/?p_p_state=normal&p_p_mode=view&saveLastPath=false&_58_struts_action=%2Flogin%2Flogin&p_p_id=58&p_p_lifecycle=0&_58_redirect=%2Fgroup%2Fcrm%2Fhome1%3Bjsessionid%3D6333A461481C354B38E272AE7676BCE1,False,https://iot.stc.com.sa/stcLayout/html/crmLayout/,https://iot.stc.com.sa/web/guest/home/?p_p_state=normal&p_p_mode=view&saveLastPath=false&_58_struts_action=%2Flogin%2Flogin&p_p_id=58&p_p_lifecycle=0&_58_redirect=%2Fgroup%2Fcrm%2Fhome1%3Bjsessionid%3D6333A461481C354B38E272AE7676BCE1,https://iot.stc.com.sa/stcLayout/html/crmLayout/,recon_page,2026-05-12T09:09:30.023460
51,1,1,1,1,0,0,2,0,14,0,sa,404,4,673,421.159,0,0,7,1,XXXXXX,0,html,0,0,0,0,2,0,1,0,1,0,0,0,0,0,0,0,0,0,0,0,0,0,0,0,0,0,0,0,0,0,0,0,0,0,0,0,0,0,0,1,1,0,0,1,1,1,0,0,0,0,0,1,0,0,0,0,0,0,0,0,0,0,0,0,0,0,0,0,0,0,0,0,0.0,0.0,0.0,0,0,0,0,0,0,0,0,0,0,0,0,0,0,0,1,0,0,0,0,0,0.0,0.0,0.25,0.0,0,,20260512_090223,2026-05-12T09:09:30.020812,https://iot.stc.com.sa/CSRFServlet/?t=1778566068476,https://iot.stc.com.sa/web/guest/home/?p_p_state=normal&p_p_mode=view&saveLastPath=false&_58_struts_action=%2Flogin%2Flogin&p_p_id=58&p_p_lifecycle=0&_58_redirect=%2Fgroup%2Fcrm%2Fhome1%3Bjsessionid%3D6333A461481C354B38E272AE7676BCE1,False,https://iot.stc.com.sa/CSRFServlet/?t=1778566068476,https://iot.stc.com.sa/web/guest/home/?p_p_state=normal&p_p_mode=view&saveLastPath=false&_58_struts_action=%2Flogin%2Flogin&p_p_id=58&p_p_lifecycle=0&_58_redirect=%2Fgroup%2Fcrm%2Fhome1%3Bjsessionid%3D6333A461481C354B38E272AE7676BCE1,https://iot.stc.com.sa/CSRFServlet/?t=1778566068476,recon_page,2026-05-12T09:09:30.024690
51,1,1,1,1,0,0,2,0,14,0,sa,404,4,673,73.854,0,0,7,1,XXXXXX,0,html,0,0,0,0,2,0,1,0,1,0,0,0,0,0,0,0,0,0,0,0,0,0,0,0,0,0,0,0,0,0,0,0,0,0,0,0,0,0,0,1,1,0,0,1,1,1,0,0,0,0,0,1,0,0,0,0,0,0,0,0,0,0,0,0,0,0,0,0,0,0,0,0,0.0,0.0,0.0,0,0,0,0,0,0,0,0,0,0,0,0,0,0,0,1,0,0,0,0,0,0.0,0.0,0.25,0.0,0,,20260512_090223,2026-05-12T09:09:30.485765,https://iot.stc.com.sa/CSRFServlet/?t=1778565845266,https://iot.stc.com.sa/web/guest/home/?p_p_state=normal&p_p_mode=view&saveLastPath=false&_58_struts_action=%2Flogin%2Flogin&p_p_id=58&p_p_lifecycle=0&_58_redirect=%2Fgroup%2Fcrm%2Fhome1%3Bjsessionid%3D6333A461481C354B38E272AE7676BCE1,False,https://iot.stc.com.sa/CSRFServlet/?t=1778565845266,https://iot.stc.com.sa/web/guest/home/?p_p_state=normal&p_p_mode=view&saveLastPath=false&_58_struts_action=%2Flogin%2Flogin&p_p_id=58&p_p_lifecycle=0&_58_redirect=%2Fgroup%2Fcrm%2Fhome1%3Bjsessionid%3D6333A461481C354B38E272AE7676BCE1,https://iot.stc.com.sa/CSRFServlet/?t=1778565845266,recon_page,2026-05-12T09:09:30.489802
33,1,1,0,0,0,0,2,0,14,0,sa,200,2,2212,76.158,0,0,11,1,XXXXXX,0,html,0,0,1,1,2,0,1,0,0,0,0,0,0,0,0,0,0,0,0,0,0,0,0,0,0,0,0,0,1,4,0,4,0,1,3,3,0,0,0,1,2,1,2,1,0,0,1,0,0,0,0,0,0,0,0,0,0,1,0,0,0,0,0,0,0,0,0,0,0,0,0,0,0.0,0.0,0.0,0,0,0,0,0,0,0,0,0,0,0,0,6,0,0,1,0,0,0,0,0,0.0,0.0018083182640144665,0.25,0.0,0,,20260512_090223,2026-05-12T09:09:30.972380,https://iot.stc.com.sa/help-page/,https://iot.stc.com.sa/web/guest/home/?p_p_state=normal&p_p_mode=view&saveLastPath=false&_58_struts_action=%2Flogin%2Flogin&p_p_id=58&p_p_lifecycle=0&_58_redirect=%2Fgroup%2Fcrm%2Fhome1%3Bjsessionid%3D6333A461481C354B38E272AE7676BCE1,False,https://iot.stc.com.sa/help-page/,https://iot.stc.com.sa/web/guest/home/?p_p_state=normal&p_p_mode=view&saveLastPath=false&_58_struts_action=%2Flogin%2Flogin&p_p_id=58&p_p_lifecycle=0&_58_redirect=%2Fgroup%2Fcrm%2Fhome1%3Bjsessionid%3D6333A461481C354B38E272AE7676BCE1,https://iot.stc.com.sa/help-page/,recon_page,2026-05-12T09:09:30.982114
33,1,2,0,0,0,0,2,0,14,0,sa,200,2,30336,531.5699999999999,0,0,12,1,XXXXXX,0,html,0,0,1,1,3,0,1,0,1,0,1,4,1,11,1,1,1,4,0,0,0,0,1,2,0,0,1,1,1,65,13,52,0,1,14,14,0,1,8,1,2,1,6,1,1,1,1,0,0,0,0,0,1,0,0,0,0,1,0,0,0,0,0,0,0,0,0,0,0,0,0,0,0.0,0.0,0.0,0,0,0,0,4,1,2,0,0,4,0,9,68,9,0,6,0,0,0,0,0,2.75,0.002142668776371308,0.375,0.5603902953586498,0,,20260512_090223,2026-05-12T09:09:30.969884,https://iot.stc.com.sa/web/guest/,https://iot.stc.com.sa/web/guest/home/?p_p_state=normal&p_p_mode=view&saveLastPath=false&_58_struts_action=%2Flogin%2Flogin&p_p_id=58&p_p_lifecycle=0&_58_redirect=%2Fgroup%2Fcrm%2Fhome1%3Bjsessionid%3D6333A461481C354B38E272AE7676BCE1,False,https://iot.stc.com.sa/web/guest/,https://iot.stc.com.sa/web/guest/home/?p_p_state=normal&p_p_mode=view&saveLastPath=false&_58_struts_action=%2Flogin%2Flogin&p_p_id=58&p_p_lifecycle=0&_58_redirect=%2Fgroup%2Fcrm%2Fhome1%3Bjsessionid%3D6333A461481C354B38E272AE7676BCE1,https://iot.stc.com.sa/web/guest/,recon_page,2026-05-12T09:09:30.981742
51,1,1,1,1,0,0,2,0,14,0,sa,404,4,673,339.931,0,0,7,1,XXXXXX,0,html,0,0,0,0,2,0,1,0,1,0,0,0,0,0,0,0,0,0,0,0,0,0,0,0,0,0,0,0,0,0,0,0,0,0,0,0,0,0,0,1,1,0,0,1,1,1,0,0,0,0,0,1,0,0,0,0,0,0,0,0,0,0,0,0,0,0,0,0,0,0,0,0,0.0,0.0,0.0,0,0,0,0,0,0,0,0,0,0,0,0,0,0,0,1,0,0,0,0,0,0.0,0.0,0.25,0.0,0,,20260512_090223,2026-05-12T09:09:30.980919,https://iot.stc.com.sa/CSRFServlet/?t=1778565855768,https://iot.stc.com.sa/web/guest/home/?p_p_state=normal&p_p_mode=view&saveLastPath=false&_58_struts_action=%2Flogin%2Flogin&p_p_id=58&p_p_lifecycle=0&_58_redirect=%2Fgroup%2Fcrm%2Fhome1%3Bjsessionid%3D6333A461481C354B38E272AE7676BCE1,False,https://iot.stc.com.sa/CSRFServlet/?t=1778565855768,https://iot.stc.com.sa/web/guest/home/?p_p_state=normal&p_p_mode=view&saveLastPath=false&_58_struts_action=%2Flogin%2Flogin&p_p_id=58&p_p_lifecycle=0&_58_redirect=%2Fgroup%2Fcrm%2Fhome1%3Bjsessionid%3D6333A461481C354B38E272AE7676BCE1,https://iot.stc.com.sa/CSRFServlet/?t=1778565855768,recon_page,2026-05-12T09:09:30.990180
51,1,1,1,1,0,0,2,0,14,0,sa,404,4,673,78.644,0,0,7,1,XXXXXX,0,html,0,0,0,0,2,0,1,0,1,0,0,0,0,0,0,0,0,0,0,0,0,0,0,0,0,0,0,0,0,0,0,0,0,0,0,0,0,0,0,1,1,0,0,1,1,1,0,0,0,0,0,1,0,0,0,0,0,0,0,0,0,0,0,0,0,0,0,0,0,0,0,0,0.0,0.0,0.0,0,0,0,0,0,0,0,0,0,0,0,0,0,0,0,1,0,0,0,0,0,0.0,0.0,0.25,0.0,0,,20260512_090223,2026-05-12T09:10:03.721744,https://iot.stc.com.sa/CSRFServlet/?t=1778565977169,https://iot.stc.com.sa/web/guest/home/?p_p_state=normal&p_p_mode=view&saveLastPath=false&_58_struts_action=%2Flogin%2Flogin&p_p_id=58&p_p_lifecycle=0&_58_redirect=%2Fgroup%2Fcrm%2Fhome1%3Bjsessionid%3D6333A461481C354B38E272AE7676BCE1,False,https://iot.stc.com.sa/CSRFServlet/?t=1778565977169,https://iot.stc.com.sa/web/guest/home/?p_p_state=normal&p_p_mode=view&saveLastPath=false&_58_struts_action=%2Flogin%2Flogin&p_p_id=58&p_p_lifecycle=0&_58_redirect=%2Fgroup%2Fcrm%2Fhome1%3Bjsessionid%3D6333A461481C354B38E272AE7676BCE1,https://iot.stc.com.sa/CSRFServlet/?t=1778565977169,recon_page,2026-05-12T09:10:03.729217
51,1,1,1,1,0,0,2,0,14,0,sa,404,4,673,58.812999999999995,0,0,7,1,XXXXXX,0,html,0,0,0,0,2,0,1,0,1,0,0,0,0,0,0,0,0,0,0,0,0,0,0,0,0,0,0,0,0,0,0,0,0,0,0,0,0,0,0,1,1,0,0,1,1,1,0,0,0,0,0,1,0,0,0,0,0,0,0,0,0,0,0,0,0,0,0,0,0,0,0,0,0.0,0.0,0.0,0,0,0,0,0,0,0,0,0,0,0,0,0,0,0,1,0,0,0,0,0,0.0,0.0,0.25,0.0,0,,20260512_090223,2026-05-12T09:11:37.421627,https://iot.stc.com.sa/CSRFServlet/?t=1778565845611,https://iot.stc.com.sa/web/guest/home/?p_p_state=normal&p_p_mode=view&saveLastPath=false&_58_struts_action=%2Flogin%2Flogin&p_p_id=58&p_p_lifecycle=0&_58_redirect=%2Fgroup%2Fcrm%2Fhome1%3Bjsessionid%3D6333A461481C354B38E272AE7676BCE1,False,https://iot.stc.com.sa/CSRFServlet/?t=1778565845611,https://iot.stc.com.sa/web/guest/home/?p_p_state=normal&p_p_mode=view&saveLastPath=false&_58_struts_action=%2Flogin%2Flogin&p_p_id=58&p_p_lifecycle=0&_58_redirect=%2Fgroup%2Fcrm%2Fhome1%3Bjsessionid%3D6333A461481C354B38E272AE7676BCE1,https://iot.stc.com.sa/CSRFServlet/?t=1778565845611,recon_page,2026-05-12T09:11:37.426651
510,1,3,1,10,0,0,2,0,14,0,sa,200,2,36744,226.917,0,0,12,1,XXXXXX,0,html,0,0,1,1,3,0,1,0,1,0,1,4,1,11,1,1,1,4,0,0,0,0,1,2,0,0,1,1,1,65,13,52,0,1,14,14,0,1,8,1,2,1,6,1,1,1,1,0,0,0,0,0,1,0,0,0,0,1,0,0,0,0,0,0,1,0,0,0,0,0,0,0,0.0,0.0,0.0,0,0,0,0,4,1,3,0,0,4,0,9,68,9,0,6,0,0,0,0,0,2.75,0.0017689962987154366,0.375,0.462660570433268,0,,20260512_090223,2026-05-12T09:12:20.061203,https://iot.stc.com.sa/web/guest/home/?p_p_id=82&amp;p_p_lifecycle=1&amp;p_p_state=normal&amp;p_p_mode=view&amp;p_p_col_id=column-1&amp;p_p_col_pos=1&amp;p_p_col_count=3&amp;_82_struts_action=%2Flanguage%2Fview&amp;_82_redirect=%2Fweb%2Fguest%2Fhome%2F%3Fp_p_state%3Dnormal%26p_p_mode%3Dview%26saveLastPath%3Dfalse%26_58_struts_action%3D%252Flogin%252Flogin%26p_p_id%3D58%26p_p_lifecycle%3D0%26_58_redirect%3D%252Fgroup%252Fcrm%252Fhome1%253Bjsessionid%253D6333A461481C354B38E272AE7676BCE1&amp;languageId=en_US,https://iot.stc.com.sa/web/guest/home/?p_p_state=normal&p_p_mode=view&saveLastPath=false&_58_struts_action=%2Flogin%2Flogin&p_p_id=58&p_p_lifecycle=0&_58_redirect=%2Fgroup%2Fcrm%2Fhome1%3Bjsessionid%3D6333A461481C354B38E272AE7676BCE1,False,https://iot.stc.com.sa/web/guest/home/?p_p_id=82&amp;p_p_lifecycle=1&amp;p_p_state=normal&amp;p_p_mode=view&amp;p_p_col_id=column-1&amp;p_p_col_pos=1&amp;p_p_col_count=3&amp;_82_struts_action=%2Flanguage%2Fview&amp;_82_redirect=%2Fweb%2Fguest%2Fhome%2F%3Fp_p_state%3Dnormal%26p_p_mode%3Dview%26saveLastPath%3Dfalse%26_58_struts_action%3D%252Flogin%252Flogin%26p_p_id%3D58%26p_p_lifecycle%3D0%26_58_redirect%3D%252Fgroup%252Fcrm%252Fhome1%253Bjsessionid%253D6333A461481C354B38E272AE7676BCE1&amp;languageId=en_US,https://iot.stc.com.sa/web/guest/home/?p_p_state=normal&p_p_mode=view&saveLastPath=false&_58_struts_action=%2Flogin%2Flogin&p_p_id=58&p_p_lifecycle=0&_58_redirect=%2Fgroup%2Fcrm%2Fhome1%3Bjsessionid%3D6333A461481C354B38E272AE7676BCE1,https://iot.stc.com.sa/web/guest/home/?p_p_id=82&amp;p_p_lifecycle=1&amp;p_p_state=normal&amp;p_p_mode=view&amp;p_p_col_id=column-1&amp;p_p_col_pos=1&amp;p_p_col_count=3&amp;_82_struts_action=%2Flanguage%2Fview&amp;_82_redirect=%2Fweb%2Fguest%2Fhome%2F%3Fp_p_state%3Dnormal%26p_p_mode%3Dview%26saveLastPath%3Dfalse%26_58_struts_action%3D%252Flogin%252Flogin%26p_p_id%3D58%26p_p_lifecycle%3D0%26_58_redirect%3D%252Fgroup%252Fcrm%252Fhome1%253Bjsessionid%253D6333A461481C354B38E272AE7676BCE1&amp;languageId=en_US,recon_page,2026-05-12T09:12:20.065983
390,1,3,1,10,0,0,2,0,14,0,sa,200,2,35196,151.99099999999999,0,0,12,1,XXXXXX,0,html,0,0,1,1,3,0,1,0,1,0,1,4,1,11,1,1,1,4,0,0,0,0,1,2,0,0,1,1,1,65,13,52,0,1,14,14,0,1,8,1,2,1,6,1,1,1,1,0,0,0,0,0,1,0,0,0,0,1,0,0,0,0,0,0,1,0,0,0,0,0,0,0,0.0,0.0,0.0,0,0,0,0,4,1,2,0,0,4,0,9,68,9,0,6,0,0,0,0,0,2.75,0.0018468007728150925,0.375,0.4830094328901012,0,,20260512_090223,2026-05-12T09:12:23.214090,https://iot.stc.com.sa/web/guest/home/?p_p_id=82&amp;p_p_lifecycle=1&amp;p_p_state=normal&amp;p_p_mode=view&amp;p_p_col_id=column-1&amp;p_p_col_pos=1&amp;p_p_col_count=3&amp;_82_struts_action=%2Flanguage%2Fview&amp;_82_redirect=%2Fweb%2Fguest%2Fhome%2F%3Fp_p_id%3D58%26p_p_lifecycle%3D0%26p_p_state%3Dnormal%26p_p_mode%3Dview%26p_p_col_id%3Dcolumn-1%26p_p_col_count%3D3&amp;languageId=ar_SA,https://iot.stc.com.sa/web/guest/home/?p_p_state=normal&p_p_mode=view&saveLastPath=false&_58_struts_action=%2Flogin%2Flogin&p_p_id=58&p_p_lifecycle=0&_58_redirect=%2Fgroup%2Fcrm%2Fhome1%3Bjsessionid%3D6333A461481C354B38E272AE7676BCE1,False,https://iot.stc.com.sa/web/guest/home/?p_p_id=82&amp;p_p_lifecycle=1&amp;p_p_state=normal&amp;p_p_mode=view&amp;p_p_col_id=column-1&amp;p_p_col_pos=1&amp;p_p_col_count=3&amp;_82_struts_action=%2Flanguage%2Fview&amp;_82_redirect=%2Fweb%2Fguest%2Fhome%2F%3Fp_p_id%3D58%26p_p_lifecycle%3D0%26p_p_state%3Dnormal%26p_p_mode%3Dview%26p_p_col_id%3Dcolumn-1%26p_p_col_count%3D3&amp;languageId=ar_SA,https://iot.stc.com.sa/web/guest/home/?p_p_state=normal&p_p_mode=view&saveLastPath=false&_58_struts_action=%2Flogin%2Flogin&p_p_id=58&p_p_lifecycle=0&_58_redirect=%2Fgroup%2Fcrm%2Fhome1%3Bjsessionid%3D6333A461481C354B38E272AE7676BCE1,https://iot.stc.com.sa/web/guest/home/?p_p_id=82&amp;p_p_lifecycle=1&amp;p_p_state=normal&amp;p_p_mode=view&amp;p_p_col_id=column-1&amp;p_p_col_pos=1&amp;p_p_col_count=3&amp;_82_struts_action=%2Flanguage%2Fview&amp;_82_redirect=%2Fweb%2Fguest%2Fhome%2F%3Fp_p_id%3D58%26p_p_lifecycle%3D0%26p_p_state%3Dnormal%26p_p_mode%3Dview%26p_p_col_id%3Dcolumn-1%26p_p_col_count%3D3&amp;languageId=ar_SA,recon_page,2026-05-12T09:12:23.249844
273,1,3,1,10,0,0,2,0,14,0,sa,200,2,33572,130.31400000000002,0,0,12,1,XXXXXX,0,html,0,0,1,1,3,0,1,0,1,0,1,4,1,11,1,1,1,4,0,0,0,0,1,2,0,0,1,1,1,65,13,52,0,1,14,14,0,1,8,1,2,1,6,1,1,1,1,0,0,0,0,0,1,0,0,0,0,1,0,0,0,0,0,0,1,0,0,0,0,0,0,0,0.0,0.0,0.0,0,0,0,0,4,1,2,0,0,4,0,9,68,9,0,6,0,0,0,0,0,2.75,0.0019361372572381747,0.375,0.5063743595853687,0,,20260512_090223,2026-05-12T09:12:26.566078,https://iot.stc.com.sa/web/guest/home/?p_p_id=82&amp;p_p_lifecycle=1&amp;p_p_state=normal&amp;p_p_mode=view&amp;p_p_col_id=column-1&amp;p_p_col_pos=1&amp;p_p_col_count=3&amp;_82_struts_action=%2Flanguage%2Fview&amp;_82_redirect=%2Fweb%2Fguest%2Fhome%2F&amp;languageId=en_US,https://iot.stc.com.sa/web/guest/home/?p_p_state=normal&p_p_mode=view&saveLastPath=false&_58_struts_action=%2Flogin%2Flogin&p_p_id=58&p_p_lifecycle=0&_58_redirect=%2Fgroup%2Fcrm%2Fhome1%3Bjsessionid%3D6333A461481C354B38E272AE7676BCE1,False,https://iot.stc.com.sa/web/guest/home/?p_p_id=82&amp;p_p_lifecycle=1&amp;p_p_state=normal&amp;p_p_mode=view&amp;p_p_col_id=column-1&amp;p_p_col_pos=1&amp;p_p_col_count=3&amp;_82_struts_action=%2Flanguage%2Fview&amp;_82_redirect=%2Fweb%2Fguest%2Fhome%2F&amp;languageId=en_US,https://iot.stc.com.sa/web/guest/home/?p_p_state=normal&p_p_mode=view&saveLastPath=false&_58_struts_action=%2Flogin%2Flogin&p_p_id=58&p_p_lifecycle=0&_58_redirect=%2Fgroup%2Fcrm%2Fhome1%3Bjsessionid%3D6333A461481C354B38E272AE7676BCE1,https://iot.stc.com.sa/web/guest/home/?p_p_id=82&amp;p_p_lifecycle=1&amp;p_p_state=normal&amp;p_p_mode=view&amp;p_p_col_id=column-1&amp;p_p_col_pos=1&amp;p_p_col_count=3&amp;_82_struts_action=%2Flanguage%2Fview&amp;_82_redirect=%2Fweb%2Fguest%2Fhome%2F&amp;languageId=en_US,recon_page,2026-05-12T09:12:26.570377
462,1,3,1,10,0,0,2,0,14,0,sa,200,2,36132,511.7699999999999,0,0,12,1,XXXXXX,0,html,0,0,1,1,3,0,1,0,1,0,1,4,1,11,1,1,1,4,0,0,0,0,1,2,0,0,1,1,1,65,13,52,0,1,14,14,0,1,8,1,2,1,6,1,1,1,1,0,0,0,0,0,1,0,0,0,0,1,0,0,0,0,0,0,1,0,0,0,0,0,0,0,0.0,0.0,0.0,0,0,0,0,4,1,3,0,0,4,0,9,68,9,0,6,0,0,0,0,0,2.75,0.001798959371194509,0.375,0.47049706631241006,0,,20260512_090223,2026-05-12T09:12:30.550116,https://iot.stc.com.sa/web/guest/home/?p_p_id=82&amp;p_p_lifecycle=1&amp;p_p_state=normal&amp;p_p_mode=view&amp;p_p_col_id=column-1&amp;p_p_col_pos=1&amp;p_p_col_count=3&amp;_82_struts_action=%2Flanguage%2Fview&amp;_82_redirect=%2Fweb%2Fguest%2Fhome%2F%3Fp_p_id%3D58%26p_p_lifecycle%3D1%26p_p_state%3Dnormal%26p_p_mode%3Dview%26p_p_col_id%3Dcolumn-1%26p_p_col_count%3D3%26saveLastPath%3D0%26_58_struts_action%3D%252Flogin%252Fforgot_password&amp;languageId=en_US,https://iot.stc.com.sa/web/guest/home/?p_p_state=normal&p_p_mode=view&saveLastPath=false&_58_struts_action=%2Flogin%2Flogin&p_p_id=58&p_p_lifecycle=0&_58_redirect=%2Fgroup%2Fcrm%2Fhome1%3Bjsessionid%3D6333A461481C354B38E272AE7676BCE1,False,https://iot.stc.com.sa/web/guest/home/?p_p_id=82&amp;p_p_lifecycle=1&amp;p_p_state=normal&amp;p_p_mode=view&amp;p_p_col_id=column-1&amp;p_p_col_pos=1&amp;p_p_col_count=3&amp;_82_struts_action=%2Flanguage%2Fview&amp;_82_redirect=%2Fweb%2Fguest%2Fhome%2F%3Fp_p_id%3D58%26p_p_lifecycle%3D1%26p_p_state%3Dnormal%26p_p_mode%3Dview%26p_p_col_id%3Dcolumn-1%26p_p_col_count%3D3%26saveLastPath%3D0%26_58_struts_action%3D%252Flogin%252Fforgot_password&amp;languageId=en_US,https://iot.stc.com.sa/web/guest/home/?p_p_state=normal&p_p_mode=view&saveLastPath=false&_58_struts_action=%2Flogin%2Flogin&p_p_id=58&p_p_lifecycle=0&_58_redirect=%2Fgroup%2Fcrm%2Fhome1%3Bjsessionid%3D6333A461481C354B38E272AE7676BCE1,https://iot.stc.com.sa/web/guest/home/?p_p_id=82&amp;p_p_lifecycle=1&amp;p_p_state=normal&amp;p_p_mode=view&amp;p_p_col_id=column-1&amp;p_p_col_pos=1&amp;p_p_col_count=3&amp;_82_struts_action=%2Flanguage%2Fview&amp;_82_redirect=%2Fweb%2Fguest%2Fhome%2F%3Fp_p_id%3D58%26p_p_lifecycle%3D1%26p_p_state%3Dnormal%26p_p_mode%3Dview%26p_p_col_id%3Dcolumn-1%26p_p_col_count%3D3%26saveLastPath%3D0%26_58_struts_action%3D%252Flogin%252Fforgot_password&amp;languageId=en_US,recon_page,2026-05-12T09:12:30.554595
273,1,3,1,10,0,0,2,0,14,0,sa,200,2,33648,531.8009999999999,0,0,12,1,XXXXXX,0,html,0,0,1,1,3,0,1,0,1,0,1,4,1,11,1,1,1,4,0,0,0,0,1,2,0,0,1,1,1,65,13,52,0,1,14,14,0,1,8,1,2,1,6,1,1,1,1,0,0,0,0,0,1,0,0,0,0,1,0,0,0,0,0,0,1,0,0,0,0,0,0,0,0.0,0.0,0.0,0,0,0,0,4,1,2,0,0,4,0,9,68,9,0,6,0,0,0,0,0,2.75,0.0019317641464574418,0.375,0.5052306229196386,0,,20260512_090223,2026-05-12T09:12:34.515416,https://iot.stc.com.sa/web/guest/home/?p_p_id=82&amp;p_p_lifecycle=1&amp;p_p_state=normal&amp;p_p_mode=view&amp;p_p_col_id=column-1&amp;p_p_col_pos=1&amp;p_p_col_count=3&amp;_82_struts_action=%2Flanguage%2Fview&amp;_82_redirect=%2Fweb%2Fguest%2Fhome%2F&amp;languageId=ar_SA,https://iot.stc.com.sa/web/guest/home/?p_p_state=normal&p_p_mode=view&saveLastPath=false&_58_struts_action=%2Flogin%2Flogin&p_p_id=58&p_p_lifecycle=0&_58_redirect=%2Fgroup%2Fcrm%2Fhome1%3Bjsessionid%3D6333A461481C354B38E272AE7676BCE1,False,https://iot.stc.com.sa/web/guest/home/?p_p_id=82&amp;p_p_lifecycle=1&amp;p_p_state=normal&amp;p_p_mode=view&amp;p_p_col_id=column-1&amp;p_p_col_pos=1&amp;p_p_col_count=3&amp;_82_struts_action=%2Flanguage%2Fview&amp;_82_redirect=%2Fweb%2Fguest%2Fhome%2F&amp;languageId=ar_SA,https://iot.stc.com.sa/web/guest/home/?p_p_state=normal&p_p_mode=view&saveLastPath=false&_58_struts_action=%2Flogin%2Flogin&p_p_id=58&p_p_lifecycle=0&_58_redirect=%2Fgroup%2Fcrm%2Fhome1%3Bjsessionid%3D6333A461481C354B38E272AE7676BCE1,https://iot.stc.com.sa/web/guest/home/?p_p_id=82&amp;p_p_lifecycle=1&amp;p_p_state=normal&amp;p_p_mode=view&amp;p_p_col_id=column-1&amp;p_p_col_pos=1&amp;p_p_col_count=3&amp;_82_struts_action=%2Flanguage%2Fview&amp;_82_redirect=%2Fweb%2Fguest%2Fhome%2F&amp;languageId=ar_SA,recon_page,2026-05-12T09:12:34.524611
452,1,3,1,10,0,0,2,0,14,0,sa,200,2,35936,568.693,0,0,12,1,XXXXXX,0,html,0,0,1,1,3,0,1,0,1,0,1,4,1,11,1,1,1,4,0,0,0,0,1,2,0,0,1,1,1,65,13,52,0,1,14,14,0,1,8,1,2,1,6,1,1,1,1,0,0,0,0,0,1,0,0,0,0,1,0,0,0,0,0,0,1,0,0,0,0,0,0,0,0.0,0.0,0.0,0,0,0,0,4,1,3,0,0,4,0,9,68,9,0,6,0,0,0,0,0,2.75,0.0018087711487088157,0.375,0.4730632235084595,0,,20260512_090223,2026-05-12T09:12:48.369182,https://iot.stc.com.sa/web/guest/home/?p_p_id=82&amp;p_p_lifecycle=1&amp;p_p_state=normal&amp;p_p_mode=view&amp;p_p_col_id=column-1&amp;p_p_col_pos=1&amp;p_p_col_count=3&amp;_82_struts_action=%2Flanguage%2Fview&amp;_82_redirect=%2Fweb%2Fguest%2Fhome%2F%3Fp_p_id%3D58%26p_p_lifecycle%3D1%26p_p_state%3Dnormal%26p_p_mode%3Dview%26p_p_col_id%3Dcolumn-1%26p_p_col_count%3D3%26saveLastPath%3D0%26_58_struts_action%3D%252Flogin%252Flogin&amp;languageId=ar_SA,https://iot.stc.com.sa/web/guest/home/?p_p_state=normal&p_p_mode=view&saveLastPath=false&_58_struts_action=%2Flogin%2Flogin&p_p_id=58&p_p_lifecycle=0&_58_redirect=%2Fgroup%2Fcrm%2Fhome1%3Bjsessionid%3D6333A461481C354B38E272AE7676BCE1,False,https://iot.stc.com.sa/web/guest/home/?p_p_id=82&amp;p_p_lifecycle=1&amp;p_p_state=normal&amp;p_p_mode=view&amp;p_p_col_id=column-1&amp;p_p_col_pos=1&amp;p_p_col_count=3&amp;_82_struts_action=%2Flanguage%2Fview&amp;_82_redirect=%2Fweb%2Fguest%2Fhome%2F%3Fp_p_id%3D58%26p_p_lifecycle%3D1%26p_p_state%3Dnormal%26p_p_mode%3Dview%26p_p_col_id%3Dcolumn-1%26p_p_col_count%3D3%26saveLastPath%3D0%26_58_struts_action%3D%252Flogin%252Flogin&amp;languageId=ar_SA,https://iot.stc.com.sa/web/guest/home/?p_p_state=normal&p_p_mode=view&saveLastPath=false&_58_struts_action=%2Flogin%2Flogin&p_p_id=58&p_p_lifecycle=0&_58_redirect=%2Fgroup%2Fcrm%2Fhome1%3Bjsessionid%3D6333A461481C354B38E272AE7676BCE1,https://iot.stc.com.sa/web/guest/home/?p_p_id=82&amp;p_p_lifecycle=1&amp;p_p_state=normal&amp;p_p_mode=view&amp;p_p_col_id=column-1&amp;p_p_col_pos=1&amp;p_p_col_count=3&amp;_82_struts_action=%2Flanguage%2Fview&amp;_82_redirect=%2Fweb%2Fguest%2Fhome%2F%3Fp_p_id%3D58%26p_p_lifecycle%3D1%26p_p_state%3Dnormal%26p_p_mode%3Dview%26p_p_col_id%3Dcolumn-1%26p_p_col_count%3D3%26saveLastPath%3D0%26_58_struts_action%3D%252Flogin%252Flogin&amp;languageId=ar_SA,recon_page,2026-05-12T09:12:48.377861
462,1,3,1,10,0,0,2,0,14,0,sa,200,2,36056,544.64,0,0,12,1,XXXXXX,0,html,0,0,1,1,3,0,1,0,1,0,1,4,1,11,1,1,1,4,0,0,0,0,1,2,0,0,1,1,1,65,13,52,0,1,14,14,0,1,8,1,2,1,6,1,1,1,1,0,0,0,0,0,1,0,0,0,0,1,0,0,0,0,0,0,1,0,0,0,0,0,0,0,0.0,0.0,0.0,0,0,0,0,4,1,3,0,0,4,0,9,68,9,0,6,0,0,0,0,0,2.75,0.0018027512757932105,0.375,0.4714887952074551,0,,20260512_090223,2026-05-12T09:12:54.855453,https://iot.stc.com.sa/web/guest/home/?p_p_id=82&amp;p_p_lifecycle=1&amp;p_p_state=normal&amp;p_p_mode=view&amp;p_p_col_id=column-1&amp;p_p_col_pos=1&amp;p_p_col_count=3&amp;_82_struts_action=%2Flanguage%2Fview&amp;_82_redirect=%2Fweb%2Fguest%2Fhome%2F%3Fp_p_id%3D58%26p_p_lifecycle%3D1%26p_p_state%3Dnormal%26p_p_mode%3Dview%26p_p_col_id%3Dcolumn-1%26p_p_col_count%3D3%26saveLastPath%3D0%26_58_struts_action%3D%252Flogin%252Fforgot_password&amp;languageId=ar_SA,https://iot.stc.com.sa/web/guest/home/?p_p_state=normal&p_p_mode=view&saveLastPath=false&_58_struts_action=%2Flogin%2Flogin&p_p_id=58&p_p_lifecycle=0&_58_redirect=%2Fgroup%2Fcrm%2Fhome1%3Bjsessionid%3D6333A461481C354B38E272AE7676BCE1,False,https://iot.stc.com.sa/web/guest/home/?p_p_id=82&amp;p_p_lifecycle=1&amp;p_p_state=normal&amp;p_p_mode=view&amp;p_p_col_id=column-1&amp;p_p_col_pos=1&amp;p_p_col_count=3&amp;_82_struts_action=%2Flanguage%2Fview&amp;_82_redirect=%2Fweb%2Fguest%2Fhome%2F%3Fp_p_id%3D58%26p_p_lifecycle%3D1%26p_p_state%3Dnormal%26p_p_mode%3Dview%26p_p_col_id%3Dcolumn-1%26p_p_col_count%3D3%26saveLastPath%3D0%26_58_struts_action%3D%252Flogin%252Fforgot_password&amp;languageId=ar_SA,https://iot.stc.com.sa/web/guest/home/?p_p_state=normal&p_p_mode=view&saveLastPath=false&_58_struts_action=%2Flogin%2Flogin&p_p_id=58&p_p_lifecycle=0&_58_redirect=%2Fgroup%2Fcrm%2Fhome1%3Bjsessionid%3D6333A461481C354B38E272AE7676BCE1,https://iot.stc.com.sa/web/guest/home/?p_p_id=82&amp;p_p_lifecycle=1&amp;p_p_state=normal&amp;p_p_mode=view&amp;p_p_col_id=column-1&amp;p_p_col_pos=1&amp;p_p_col_count=3&amp;_82_struts_action=%2Flanguage%2Fview&amp;_82_redirect=%2Fweb%2Fguest%2Fhome%2F%3Fp_p_id%3D58%26p_p_lifecycle%3D1%26p_p_state%3Dnormal%26p_p_mode%3Dview%26p_p_col_id%3Dcolumn-1%26p_p_col_count%3D3%26saveLastPath%3D0%26_58_struts_action%3D%252Flogin%252Fforgot_password&amp;languageId=ar_SA,recon_page,2026-05-12T09:12:54.873051
452,1,3,1,10,0,0,2,0,14,0,sa,200,2,35936,718.572,0,0,12,1,XXXXXX,0,html,0,0,1,1,3,0,1,0,1,0,1,4,1,11,1,1,1,4,0,0,0,0,1,2,0,0,1,1,1,65,13,52,0,1,14,14,0,1,8,1,2,1,6,1,1,1,1,0,0,0,0,0,1,0,0,0,0,1,0,0,0,0,0,0,1,0,0,0,0,0,0,0,0.0,0.0,0.0,0,0,0,0,4,1,3,0,0,4,0,9,68,9,0,6,0,0,0,0,0,2.75,0.0018087711487088157,0.375,0.4730632235084595,0,,20260512_090223,2026-05-12T09:13:08.176459,https://iot.stc.com.sa/web/guest/home/?p_p_id=82&amp;p_p_lifecycle=1&amp;p_p_state=normal&amp;p_p_mode=view&amp;p_p_col_id=column-1&amp;p_p_col_pos=1&amp;p_p_col_count=3&amp;_82_struts_action=%2Flanguage%2Fview&amp;_82_redirect=%2Fweb%2Fguest%2Fhome%2F%3Fp_p_id%3D58%26p_p_lifecycle%3D1%26p_p_state%3Dnormal%26p_p_mode%3Dview%26p_p_col_id%3Dcolumn-1%26p_p_col_count%3D3%26saveLastPath%3D0%26_58_struts_action%3D%252Flogin%252Flogin&amp;languageId=en_US,https://iot.stc.com.sa/web/guest/home/?p_p_state=normal&p_p_mode=view&saveLastPath=false&_58_struts_action=%2Flogin%2Flogin&p_p_id=58&p_p_lifecycle=0&_58_redirect=%2Fgroup%2Fcrm%2Fhome1%3Bjsessionid%3D6333A461481C354B38E272AE7676BCE1,False,https://iot.stc.com.sa/web/guest/home/?p_p_id=82&amp;p_p_lifecycle=1&amp;p_p_state=normal&amp;p_p_mode=view&amp;p_p_col_id=column-1&amp;p_p_col_pos=1&amp;p_p_col_count=3&amp;_82_struts_action=%2Flanguage%2Fview&amp;_82_redirect=%2Fweb%2Fguest%2Fhome%2F%3Fp_p_id%3D58%26p_p_lifecycle%3D1%26p_p_state%3Dnormal%26p_p_mode%3Dview%26p_p_col_id%3Dcolumn-1%26p_p_col_count%3D3%26saveLastPath%3D0%26_58_struts_action%3D%252Flogin%252Flogin&amp;languageId=en_US,https://iot.stc.com.sa/web/guest/home/?p_p_state=normal&p_p_mode=view&saveLastPath=false&_58_struts_action=%2Flogin%2Flogin&p_p_id=58&p_p_lifecycle=0&_58_redirect=%2Fgroup%2Fcrm%2Fhome1%3Bjsessionid%3D6333A461481C354B38E272AE7676BCE1,https://iot.stc.com.sa/web/guest/home/?p_p_id=82&amp;p_p_lifecycle=1&amp;p_p_state=normal&amp;p_p_mode=view&amp;p_p_col_id=column-1&amp;p_p_col_pos=1&amp;p_p_col_count=3&amp;_82_struts_action=%2Flanguage%2Fview&amp;_82_redirect=%2Fweb%2Fguest%2Fhome%2F%3Fp_p_id%3D58%26p_p_lifecycle%3D1%26p_p_state%3Dnormal%26p_p_mode%3Dview%26p_p_col_id%3Dcolumn-1%26p_p_col_count%3D3%26saveLastPath%3D0%26_58_struts_action%3D%252Flogin%252Flogin&amp;languageId=en_US,recon_page,2026-05-12T09:13:08.207734
390,1,3,1,10,0,0,2,0,14,0,sa,200,2,35120,1432.793,0,0,12,1,XXXXXX,0,html,0,0,1,1,3,0,1,0,1,0,1,4,1,11,1,1,1,4,0,0,0,0,1,2,0,0,1,1,1,65,13,52,0,1,14,14,0,1,8,1,2,1,6,1,1,1,1,0,0,0,0,0,1,0,0,0,0,1,0,0,0,0,0,0,1,0,0,0,0,0,0,0,0.0,0.0,0.0,0,0,0,0,4,1,2,0,0,4,0,9,68,9,0,6,0,0,0,0,0,2.75,0.0018507972665148065,0.375,0.48405466970387245,0,,20260512_090223,2026-05-12T09:13:14.887688,https://iot.stc.com.sa/web/guest/home/?p_p_id=82&amp;p_p_lifecycle=1&amp;p_p_state=normal&amp;p_p_mode=view&amp;p_p_col_id=column-1&amp;p_p_col_pos=1&amp;p_p_col_count=3&amp;_82_struts_action=%2Flanguage%2Fview&amp;_82_redirect=%2Fweb%2Fguest%2Fhome%2F%3Fp_p_id%3D58%26p_p_lifecycle%3D0%26p_p_state%3Dnormal%26p_p_mode%3Dview%26p_p_col_id%3Dcolumn-1%26p_p_col_count%3D3&amp;languageId=en_US,https://iot.stc.com.sa/web/guest/home/?p_p_state=normal&p_p_mode=view&saveLastPath=false&_58_struts_action=%2Flogin%2Flogin&p_p_id=58&p_p_lifecycle=0&_58_redirect=%2Fgroup%2Fcrm%2Fhome1%3Bjsessionid%3D6333A461481C354B38E272AE7676BCE1,False,https://iot.stc.com.sa/web/guest/home/?p_p_id=82&amp;p_p_lifecycle=1&amp;p_p_state=normal&amp;p_p_mode=view&amp;p_p_col_id=column-1&amp;p_p_col_pos=1&amp;p_p_col_count=3&amp;_82_struts_action=%2Flanguage%2Fview&amp;_82_redirect=%2Fweb%2Fguest%2Fhome%2F%3Fp_p_id%3D58%26p_p_lifecycle%3D0%26p_p_state%3Dnormal%26p_p_mode%3Dview%26p_p_col_id%3Dcolumn-1%26p_p_col_count%3D3&amp;languageId=en_US,https://iot.stc.com.sa/web/guest/home/?p_p_state=normal&p_p_mode=view&saveLastPath=false&_58_struts_action=%2Flogin%2Flogin&p_p_id=58&p_p_lifecycle=0&_58_redirect=%2Fgroup%2Fcrm%2Fhome1%3Bjsessionid%3D6333A461481C354B38E272AE7676BCE1,https://iot.stc.com.sa/web/guest/home/?p_p_id=82&amp;p_p_lifecycle=1&amp;p_p_state=normal&amp;p_p_mode=view&amp;p_p_col_id=column-1&amp;p_p_col_pos=1&amp;p_p_col_count=3&amp;_82_struts_action=%2Flanguage%2Fview&amp;_82_redirect=%2Fweb%2Fguest%2Fhome%2F%3Fp_p_id%3D58%26p_p_lifecycle%3D0%26p_p_state%3Dnormal%26p_p_mode%3Dview%26p_p_col_id%3Dcolumn-1%26p_p_col_count%3D3&amp;languageId=en_US,recon_page,2026-05-12T09:13:14.892815
857,1,3,1,10,0,0,2,0,14,0,sa,200,2,41328,231.928,0,0,12,1,XXXXXX,0,html,0,0,1,1,3,0,1,0,1,0,1,4,1,11,1,1,1,4,0,0,0,0,1,2,0,0,1,1,1,65,13,52,0,1,14,14,0,1,8,1,2,1,6,1,1,1,1,0,0,0,0,0,1,0,0,0,0,1,0,0,0,0,0,0,1,0,0,0,0,0,0,0,0.0,0.0,0.0,0,0,0,0,4,1,3,0,0,4,0,9,68,9,0,6,0,0,0,0,0,2.75,0.0015727835849787069,0.375,0.41134339914827717,0,,20260512_090223,2026-05-12T09:14:34.773606,https://iot.stc.com.sa/web/guest/home/?p_p_id=82&amp;p_p_lifecycle=1&amp;p_p_state=normal&amp;p_p_mode=view&amp;p_p_col_id=column-1&amp;p_p_col_pos=1&amp;p_p_col_count=3&amp;_82_struts_action=%2Flanguage%2Fview&amp;_82_redirect=%2Fweb%2Fguest%2Fhome%2F%3Fp_p_id%3D82%26amp%3Bp_p_lifecycle%3D1%26amp%3Bp_p_state%3Dnormal%26amp%3Bp_p_mode%3Dview%26amp%3Bp_p_col_id%3Dcolumn-1%26amp%3Bp_p_col_pos%3D1%26amp%3Bp_p_col_count%3D3%26amp%3B_82_struts_action%3D%252Flanguage%252Fview%26amp%3B_82_redirect%3D%252Fweb%252Fguest%252Fhome%252F%253Fp_p_state%253Dnormal%2526p_p_mode%253Dview%2526saveLastPath%253Dfalse%2526_58_struts_action%253D%25252Flogin%25252Flogin%2526p_p_id%253D58%2526p_p_lifecycle%253D0%2526_58_redirect%253D%25252Fgroup%25252Fcrm%25252Fhome1%25253Bjsessionid%25253D6333A461481C354B38E272AE7676BCE1%26amp%3BlanguageId%3Dar_SA&amp;languageId=ar_SA,https://iot.stc.com.sa/web/guest/home/?p_p_state=normal&p_p_mode=view&saveLastPath=false&_58_struts_action=%2Flogin%2Flogin&p_p_id=58&p_p_lifecycle=0&_58_redirect=%2Fgroup%2Fcrm%2Fhome1%3Bjsessionid%3D6333A461481C354B38E272AE7676BCE1,False,https://iot.stc.com.sa/web/guest/home/?p_p_id=82&amp;p_p_lifecycle=1&amp;p_p_state=normal&amp;p_p_mode=view&amp;p_p_col_id=column-1&amp;p_p_col_pos=1&amp;p_p_col_count=3&amp;_82_struts_action=%2Flanguage%2Fview&amp;_82_redirect=%2Fweb%2Fguest%2Fhome%2F%3Fp_p_id%3D82%26amp%3Bp_p_lifecycle%3D1%26amp%3Bp_p_state%3Dnormal%26amp%3Bp_p_mode%3Dview%26amp%3Bp_p_col_id%3Dcolumn-1%26amp%3Bp_p_col_pos%3D1%26amp%3Bp_p_col_count%3D3%26amp%3B_82_struts_action%3D%252Flanguage%252Fview%26amp%3B_82_redirect%3D%252Fweb%252Fguest%252Fhome%252F%253Fp_p_state%253Dnormal%2526p_p_mode%253Dview%2526saveLastPath%253Dfalse%2526_58_struts_action%253D%25252Flogin%25252Flogin%2526p_p_id%253D58%2526p_p_lifecycle%253D0%2526_58_redirect%253D%25252Fgroup%25252Fcrm%25252Fhome1%25253Bjsessionid%25253D6333A461481C354B38E272AE7676BCE1%26amp%3BlanguageId%3Dar_SA&amp;languageId=ar_SA,https://iot.stc.com.sa/web/guest/home/?p_p_state=normal&p_p_mode=view&saveLastPath=false&_58_struts_action=%2Flogin%2Flogin&p_p_id=58&p_p_lifecycle=0&_58_redirect=%2Fgroup%2Fcrm%2Fhome1%3Bjsessionid%3D6333A461481C354B38E272AE7676BCE1,https://iot.stc.com.sa/web/guest/home/?p_p_id=82&amp;p_p_lifecycle=1&amp;p_p_state=normal&amp;p_p_mode=view&amp;p_p_col_id=column-1&amp;p_p_col_pos=1&amp;p_p_col_count=3&amp;_82_struts_action=%2Flanguage%2Fview&amp;_82_redirect=%2Fweb%2Fguest%2Fhome%2F%3Fp_p_id%3D82%26amp%3Bp_p_lifecycle%3D1%26amp%3Bp_p_state%3Dnormal%26amp%3Bp_p_mode%3Dview%26amp%3Bp_p_col_id%3Dcolumn-1%26amp%3Bp_p_col_pos%3D1%26amp%3Bp_p_col_count%3D3%26amp%3B_82_struts_action%3D%252Flanguage%252Fview%26amp%3B_82_redirect%3D%252Fweb%252Fguest%252Fhome%252F%253Fp_p_state%253Dnormal%2526p_p_mode%253Dview%2526saveLastPath%253Dfalse%2526_58_struts_action%253D%25252Flogin%25252Flogin%2526p_p_id%253D58%2526p_p_lifecycle%253D0%2526_58_redirect%253D%25252Fgroup%25252Fcrm%25252Fhome1%25253Bjsessionid%25253D6333A461481C354B38E272AE7676BCE1%26amp%3BlanguageId%3Dar_SA&amp;languageId=ar_SA,recon_page,2026-05-12T09:14:34.803577
857,1,3,1,10,0,0,2,0,14,0,sa,200,2,41328,288.52299999999997,0,0,12,1,XXXXXX,0,html,0,0,1,1,3,0,1,0,1,0,1,4,1,11,1,1,1,4,0,0,0,0,1,2,0,0,1,1,1,65,13,52,0,1,14,14,0,1,8,1,2,1,6,1,1,1,1,0,0,0,0,0,1,0,0,0,0,1,0,0,0,0,0,0,1,0,0,0,0,0,0,0,0.0,0.0,0.0,0,0,0,0,4,1,3,0,0,4,0,9,68,9,0,6,0,0,0,0,0,2.75,0.0015727835849787069,0.375,0.41134339914827717,0,,20260512_090223,2026-05-12T09:16:32.774959,https://iot.stc.com.sa/web/guest/home/?p_p_id=82&amp;p_p_lifecycle=1&amp;p_p_state=normal&amp;p_p_mode=view&amp;p_p_col_id=column-1&amp;p_p_col_pos=1&amp;p_p_col_count=3&amp;_82_struts_action=%2Flanguage%2Fview&amp;_82_redirect=%2Fweb%2Fguest%2Fhome%2F%3Fp_p_id%3D82%26amp%3Bp_p_lifecycle%3D1%26amp%3Bp_p_state%3Dnormal%26amp%3Bp_p_mode%3Dview%26amp%3Bp_p_col_id%3Dcolumn-1%26amp%3Bp_p_col_pos%3D1%26amp%3Bp_p_col_count%3D3%26amp%3B_82_struts_action%3D%252Flanguage%252Fview%26amp%3B_82_redirect%3D%252Fweb%252Fguest%252Fhome%252F%253Fp_p_state%253Dnormal%2526p_p_mode%253Dview%2526saveLastPath%253Dfalse%2526_58_struts_action%253D%25252Flogin%25252Flogin%2526p_p_id%253D58%2526p_p_lifecycle%253D0%2526_58_redirect%253D%25252Fgroup%25252Fcrm%25252Fhome1%25253Bjsessionid%25253D6333A461481C354B38E272AE7676BCE1%26amp%3BlanguageId%3Dar_SA&amp;languageId=en_US,https://iot.stc.com.sa/web/guest/home/?p_p_state=normal&p_p_mode=view&saveLastPath=false&_58_struts_action=%2Flogin%2Flogin&p_p_id=58&p_p_lifecycle=0&_58_redirect=%2Fgroup%2Fcrm%2Fhome1%3Bjsessionid%3D6333A461481C354B38E272AE7676BCE1,False,https://iot.stc.com.sa/web/guest/home/?p_p_id=82&amp;p_p_lifecycle=1&amp;p_p_state=normal&amp;p_p_mode=view&amp;p_p_col_id=column-1&amp;p_p_col_pos=1&amp;p_p_col_count=3&amp;_82_struts_action=%2Flanguage%2Fview&amp;_82_redirect=%2Fweb%2Fguest%2Fhome%2F%3Fp_p_id%3D82%26amp%3Bp_p_lifecycle%3D1%26amp%3Bp_p_state%3Dnormal%26amp%3Bp_p_mode%3Dview%26amp%3Bp_p_col_id%3Dcolumn-1%26amp%3Bp_p_col_pos%3D1%26amp%3Bp_p_col_count%3D3%26amp%3B_82_struts_action%3D%252Flanguage%252Fview%26amp%3B_82_redirect%3D%252Fweb%252Fguest%252Fhome%252F%253Fp_p_state%253Dnormal%2526p_p_mode%253Dview%2526saveLastPath%253Dfalse%2526_58_struts_action%253D%25252Flogin%25252Flogin%2526p_p_id%253D58%2526p_p_lifecycle%253D0%2526_58_redirect%253D%25252Fgroup%25252Fcrm%25252Fhome1%25253Bjsessionid%25253D6333A461481C354B38E272AE7676BCE1%26amp%3BlanguageId%3Dar_SA&amp;languageId=en_US,https://iot.stc.com.sa/web/guest/home/?p_p_state=normal&p_p_mode=view&saveLastPath=false&_58_struts_action=%2Flogin%2Flogin&p_p_id=58&p_p_lifecycle=0&_58_redirect=%2Fgroup%2Fcrm%2Fhome1%3Bjsessionid%3D6333A461481C354B38E272AE7676BCE1,https://iot.stc.com.sa/web/guest/home/?p_p_id=82&amp;p_p_lifecycle=1&amp;p_p_state=normal&amp;p_p_mode=view&amp;p_p_col_id=column-1&amp;p_p_col_pos=1&amp;p_p_col_count=3&amp;_82_struts_action=%2Flanguage%2Fview&amp;_82_redirect=%2Fweb%2Fguest%2Fhome%2F%3Fp_p_id%3D82%26amp%3Bp_p_lifecycle%3D1%26amp%3Bp_p_state%3Dnormal%26amp%3Bp_p_mode%3Dview%26amp%3Bp_p_col_id%3Dcolumn-1%26amp%3Bp_p_col_pos%3D1%26amp%3Bp_p_col_count%3D3%26amp%3B_82_struts_action%3D%252Flanguage%252Fview%26amp%3B_82_redirect%3D%252Fweb%252Fguest%252Fhome%252F%253Fp_p_state%253Dnormal%2526p_p_mode%253Dview%2526saveLastPath%253Dfalse%2526_58_struts_action%253D%25252Flogin%25252Flogin%2526p_p_id%253D58%2526p_p_lifecycle%253D0%2526_58_redirect%253D%25252Fgroup%25252Fcrm%25252Fhome1%25253Bjsessionid%25253D6333A461481C354B38E272AE7676BCE1%26amp%3BlanguageId%3Dar_SA&amp;languageId=en_US,recon_page,2026-05-12T09:16:32.778671
51,1,1,1,1,0,0,2,0,14,0,sa,404,4,673,329.128,0,0,7,1,XXXXXX,0,html,0,0,0,0,2,0,1,0,1,0,0,0,0,0,0,0,0,0,0,0,0,0,0,0,0,0,0,0,0,0,0,0,0,0,0,0,0,0,0,1,1,0,0,1,1,1,0,0,0,0,0,1,0,0,0,0,0,0,0,0,0,0,0,0,0,0,0,0,0,0,0,0,0.0,0.0,0.0,0,0,0,0,0,0,0,0,0,0,0,0,0,0,0,1,0,0,0,0,0,0.0,0.0,0.25,0.0,0,,20260512_090223,2026-05-12T09:17:20.373940,https://iot.stc.com.sa/CSRFServlet/?t=1778566159114,https://iot.stc.com.sa/web/guest/home/?p_p_state=normal&p_p_mode=view&saveLastPath=false&_58_struts_action=%2Flogin%2Flogin&p_p_id=58&p_p_lifecycle=0&_58_redirect=%2Fgroup%2Fcrm%2Fhome1%3Bjsessionid%3D6333A461481C354B38E272AE7676BCE1,False,https://iot.stc.com.sa/CSRFServlet/?t=1778566159114,https://iot.stc.com.sa/web/guest/home/?p_p_state=normal&p_p_mode=view&saveLastPath=false&_58_struts_action=%2Flogin%2Flogin&p_p_id=58&p_p_lifecycle=0&_58_redirect=%2Fgroup%2Fcrm%2Fhome1%3Bjsessionid%3D6333A461481C354B38E272AE7676BCE1,https://iot.stc.com.sa/CSRFServlet/?t=1778566159114,recon_page,2026-05-12T09:17:20.377801
266,1,3,1,10,0,0,2,0,14,0,sa,200,2,33552,181.252,0,0,12,1,XXXXXX,0,html,0,0,1,1,3,0,1,0,1,0,1,4,1,11,1,1,1,4,0,0,0,0,1,2,0,0,1,1,1,65,13,52,0,1,14,14,0,1,8,1,2,1,6,1,1,1,1,0,0,0,0,0,1,0,0,0,0,1,0,0,0,0,0,0,1,0,0,0,0,0,0,0,0.0,0.0,0.0,0,0,0,0,4,1,2,0,0,4,0,9,68,9,0,6,0,0,0,0,0,2.75,0.0019372913686218408,0.375,0.5066762041010968,0,,20260512_090223,2026-05-12T09:20:21.754469,https://iot.stc.com.sa/web/guest/home/?p_p_id=82&amp;p_p_lifecycle=1&amp;p_p_state=normal&amp;p_p_mode=view&amp;p_p_col_id=column-1&amp;p_p_col_pos=1&amp;p_p_col_count=3&amp;_82_struts_action=%2Flanguage%2Fview&amp;_82_redirect=%2Fweb%2Fguest%2F&amp;languageId=ar_SA,https://iot.stc.com.sa/web/guest/home/?p_p_state=normal&p_p_mode=view&saveLastPath=false&_58_struts_action=%2Flogin%2Flogin&p_p_id=58&p_p_lifecycle=0&_58_redirect=%2Fgroup%2Fcrm%2Fhome1%3Bjsessionid%3D6333A461481C354B38E272AE7676BCE1,False,https://iot.stc.com.sa/web/guest/home/?p_p_id=82&amp;p_p_lifecycle=1&amp;p_p_state=normal&amp;p_p_mode=view&amp;p_p_col_id=column-1&amp;p_p_col_pos=1&amp;p_p_col_count=3&amp;_82_struts_action=%2Flanguage%2Fview&amp;_82_redirect=%2Fweb%2Fguest%2F&amp;languageId=ar_SA,https://iot.stc.com.sa/web/guest/home/?p_p_state=normal&p_p_mode=view&saveLastPath=false&_58_struts_action=%2Flogin%2Flogin&p_p_id=58&p_p_lifecycle=0&_58_redirect=%2Fgroup%2Fcrm%2Fhome1%3Bjsessionid%3D6333A461481C354B38E272AE7676BCE1,https://iot.stc.com.sa/web/guest/home/?p_p_id=82&amp;p_p_lifecycle=1&amp;p_p_state=normal&amp;p_p_mode=view&amp;p_p_col_id=column-1&amp;p_p_col_pos=1&amp;p_p_col_count=3&amp;_82_struts_action=%2Flanguage%2Fview&amp;_82_redirect=%2Fweb%2Fguest%2F&amp;languageId=ar_SA,recon_page,2026-05-12T09:20:21.758426
266,1,3,1,10,0,0,2,0,14,0,sa,200,2,33476,168.791,0,0,12,1,XXXXXX,0,html,0,0,1,1,3,0,1,0,1,0,1,4,1,11,1,1,1,4,0,0,0,0,1,2,0,0,1,1,1,65,13,52,0,1,14,14,0,1,8,1,2,1,6,1,1,1,1,0,0,0,0,0,1,0,0,0,0,1,0,0,0,0,0,0,1,0,0,0,0,0,0,0,0.0,0.0,0.0,0,0,0,0,4,1,2,0,0,4,0,9,68,9,0,6,0,0,0,0,0,2.75,0.0019416895686461943,0.375,0.5078265025690046,0,,20260512_090223,2026-05-12T09:20:51.828993,https://iot.stc.com.sa/web/guest/home/?p_p_id=82&amp;p_p_lifecycle=1&amp;p_p_state=normal&amp;p_p_mode=view&amp;p_p_col_id=column-1&amp;p_p_col_pos=1&amp;p_p_col_count=3&amp;_82_struts_action=%2Flanguage%2Fview&amp;_82_redirect=%2Fweb%2Fguest%2F&amp;languageId=en_US,https://iot.stc.com.sa/web/guest/home/?p_p_state=normal&p_p_mode=view&saveLastPath=false&_58_struts_action=%2Flogin%2Flogin&p_p_id=58&p_p_lifecycle=0&_58_redirect=%2Fgroup%2Fcrm%2Fhome1%3Bjsessionid%3D6333A461481C354B38E272AE7676BCE1,False,https://iot.stc.com.sa/web/guest/home/?p_p_id=82&amp;p_p_lifecycle=1&amp;p_p_state=normal&amp;p_p_mode=view&amp;p_p_col_id=column-1&amp;p_p_col_pos=1&amp;p_p_col_count=3&amp;_82_struts_action=%2Flanguage%2Fview&amp;_82_redirect=%2Fweb%2Fguest%2F&amp;languageId=en_US,https://iot.stc.com.sa/web/guest/home/?p_p_state=normal&p_p_mode=view&saveLastPath=false&_58_struts_action=%2Flogin%2Flogin&p_p_id=58&p_p_lifecycle=0&_58_redirect=%2Fgroup%2Fcrm%2Fhome1%3Bjsessionid%3D6333A461481C354B38E272AE7676BCE1,https://iot.stc.com.sa/web/guest/home/?p_p_id=82&amp;p_p_lifecycle=1&amp;p_p_state=normal&amp;p_p_mode=view&amp;p_p_col_id=column-1&amp;p_p_col_pos=1&amp;p_p_col_count=3&amp;_82_struts_action=%2Flanguage%2Fview&amp;_82_redirect=%2Fweb%2Fguest%2F&amp;languageId=en_US,recon_page,2026-05-12T09:20:51.832252
51,1,1,1,1,0,0,2,0,14,0,sa,404,4,673,73.224,0,0,7,1,XXXXXX,0,html,0,0,0,0,2,0,1,0,1,0,0,0,0,0,0,0,0,0,0,0,0,0,0,0,0,0,0,0,0,0,0,0,0,0,0,0,0,0,0,1,1,0,0,1,1,1,0,0,0,0,0,1,0,0,0,0,0,0,0,0,0,0,0,0,0,0,0,0,0,0,0,0,0.0,0.0,0.0,0,0,0,0,0,0,0,0,0,0,0,0,0,0,0,1,0,0,0,0,0,0.0,0.0,0.25,0.0,0,,20260512_090223,2026-05-12T09:22:10.306239,https://iot.stc.com.sa/CSRFServlet/?t=1778566159075,https://iot.stc.com.sa/web/guest/home/?p_p_state=normal&p_p_mode=view&saveLastPath=false&_58_struts_action=%2Flogin%2Flogin&p_p_id=58&p_p_lifecycle=0&_58_redirect=%2Fgroup%2Fcrm%2Fhome1%3Bjsessionid%3D6333A461481C354B38E272AE7676BCE1,False,https://iot.stc.com.sa/CSRFServlet/?t=1778566159075,https://iot.stc.com.sa/web/guest/home/?p_p_state=normal&p_p_mode=view&saveLastPath=false&_58_struts_action=%2Flogin%2Flogin&p_p_id=58&p_p_lifecycle=0&_58_redirect=%2Fgroup%2Fcrm%2Fhome1%3Bjsessionid%3D6333A461481C354B38E272AE7676BCE1,https://iot.stc.com.sa/CSRFServlet/?t=1778566159075,recon_page,2026-05-12T09:22:10.309784
793,1,3,1,10,0,0,2,0,14,0,sa,200,2,40448,220.751,0,0,12,1,XXXXXX,0,html,0,0,1,1,3,0,1,0,1,0,1,4,1,11,1,1,1,4,0,0,0,0,1,2,0,0,1,1,1,65,13,52,0,1,14,14,0,1,8,1,2,1,6,1,1,1,1,0,0,0,0,0,1,0,0,0,0,1,0,0,0,0,0,0,1,0,0,0,0,0,0,0,0.0,0.0,0.0,0,0,0,0,4,1,3,0,0,4,0,9,68,9,0,6,0,0,0,0,0,2.75,0.0016070015822784811,0.375,0.42029272151898733,0,,20260512_090223,2026-05-12T09:22:25.170918,https://iot.stc.com.sa/web/guest/home/?p_p_id=82&amp;p_p_lifecycle=1&amp;p_p_state=normal&amp;p_p_mode=view&amp;p_p_col_id=column-1&amp;p_p_col_pos=1&amp;p_p_col_count=3&amp;_82_struts_action=%2Flanguage%2Fview&amp;_82_redirect=%2Fweb%2Fguest%2Fhome%2F%3Fp_p_id%3D82%26amp%3Bp_p_lifecycle%3D1%26amp%3Bp_p_state%3Dnormal%26amp%3Bp_p_mode%3Dview%26amp%3Bp_p_col_id%3Dcolumn-1%26amp%3Bp_p_col_pos%3D1%26amp%3Bp_p_col_count%3D3%26amp%3B_82_struts_action%3D%252Flanguage%252Fview%26amp%3B_82_redirect%3D%252Fweb%252Fguest%252Fhome%252F%253Fp_p_id%253D58%2526p_p_lifecycle%253D1%2526p_p_state%253Dnormal%2526p_p_mode%253Dview%2526p_p_col_id%253Dcolumn-1%2526p_p_col_count%253D3%2526saveLastPath%253D0%2526_58_struts_action%253D%25252Flogin%25252Flogin%26amp%3BlanguageId%3Dar_SA&amp;languageId=ar_SA,https://iot.stc.com.sa/web/guest/home/?p_p_state=normal&p_p_mode=view&saveLastPath=false&_58_struts_action=%2Flogin%2Flogin&p_p_id=58&p_p_lifecycle=0&_58_redirect=%2Fgroup%2Fcrm%2Fhome1%3Bjsessionid%3D6333A461481C354B38E272AE7676BCE1,False,https://iot.stc.com.sa/web/guest/home/?p_p_id=82&amp;p_p_lifecycle=1&amp;p_p_state=normal&amp;p_p_mode=view&amp;p_p_col_id=column-1&amp;p_p_col_pos=1&amp;p_p_col_count=3&amp;_82_struts_action=%2Flanguage%2Fview&amp;_82_redirect=%2Fweb%2Fguest%2Fhome%2F%3Fp_p_id%3D82%26amp%3Bp_p_lifecycle%3D1%26amp%3Bp_p_state%3Dnormal%26amp%3Bp_p_mode%3Dview%26amp%3Bp_p_col_id%3Dcolumn-1%26amp%3Bp_p_col_pos%3D1%26amp%3Bp_p_col_count%3D3%26amp%3B_82_struts_action%3D%252Flanguage%252Fview%26amp%3B_82_redirect%3D%252Fweb%252Fguest%252Fhome%252F%253Fp_p_id%253D58%2526p_p_lifecycle%253D1%2526p_p_state%253Dnormal%2526p_p_mode%253Dview%2526p_p_col_id%253Dcolumn-1%2526p_p_col_count%253D3%2526saveLastPath%253D0%2526_58_struts_action%253D%25252Flogin%25252Flogin%26amp%3BlanguageId%3Dar_SA&amp;languageId=ar_SA,https://iot.stc.com.sa/web/guest/home/?p_p_state=normal&p_p_mode=view&saveLastPath=false&_58_struts_action=%2Flogin%2Flogin&p_p_id=58&p_p_lifecycle=0&_58_redirect=%2Fgroup%2Fcrm%2Fhome1%3Bjsessionid%3D6333A461481C354B38E272AE7676BCE1,https://iot.stc.com.sa/web/guest/home/?p_p_id=82&amp;p_p_lifecycle=1&amp;p_p_state=normal&amp;p_p_mode=view&amp;p_p_col_id=column-1&amp;p_p_col_pos=1&amp;p_p_col_count=3&amp;_82_struts_action=%2Flanguage%2Fview&amp;_82_redirect=%2Fweb%2Fguest%2Fhome%2F%3Fp_p_id%3D82%26amp%3Bp_p_lifecycle%3D1%26amp%3Bp_p_state%3Dnormal%26amp%3Bp_p_mode%3Dview%26amp%3Bp_p_col_id%3Dcolumn-1%26amp%3Bp_p_col_pos%3D1%26amp%3Bp_p_col_count%3D3%26amp%3B_82_struts_action%3D%252Flanguage%252Fview%26amp%3B_82_redirect%3D%252Fweb%252Fguest%252Fhome%252F%253Fp_p_id%253D58%2526p_p_lifecycle%253D1%2526p_p_state%253Dnormal%2526p_p_mode%253Dview%2526p_p_col_id%253Dcolumn-1%2526p_p_col_count%253D3%2526saveLastPath%253D0%2526_58_struts_action%253D%25252Flogin%25252Flogin%26amp%3BlanguageId%3Dar_SA&amp;languageId=ar_SA,recon_page,2026-05-12T09:22:25.182792
793,1,3,1,10,0,0,2,0,14,0,sa,200,2,40448,218.195,0,0,12,1,XXXXXX,0,html,0,0,1,1,3,0,1,0,1,0,1,4,1,11,1,1,1,4,0,0,0,0,1,2,0,0,1,1,1,65,13,52,0,1,14,14,0,1,8,1,2,1,6,1,1,1,1,0,0,0,0,0,1,0,0,0,0,1,0,0,0,0,0,0,1,0,0,0,0,0,0,0,0.0,0.0,0.0,0,0,0,0,4,1,3,0,0,4,0,9,68,9,0,6,0,0,0,0,0,2.75,0.0016070015822784811,0.375,0.42029272151898733,0,,20260512_090223,2026-05-12T09:22:36.443845,https://iot.stc.com.sa/web/guest/home/?p_p_id=82&amp;p_p_lifecycle=1&amp;p_p_state=normal&amp;p_p_mode=view&amp;p_p_col_id=column-1&amp;p_p_col_pos=1&amp;p_p_col_count=3&amp;_82_struts_action=%2Flanguage%2Fview&amp;_82_redirect=%2Fweb%2Fguest%2Fhome%2F%3Fp_p_id%3D82%26amp%3Bp_p_lifecycle%3D1%26amp%3Bp_p_state%3Dnormal%26amp%3Bp_p_mode%3Dview%26amp%3Bp_p_col_id%3Dcolumn-1%26amp%3Bp_p_col_pos%3D1%26amp%3Bp_p_col_count%3D3%26amp%3B_82_struts_action%3D%252Flanguage%252Fview%26amp%3B_82_redirect%3D%252Fweb%252Fguest%252Fhome%252F%253Fp_p_id%253D58%2526p_p_lifecycle%253D1%2526p_p_state%253Dnormal%2526p_p_mode%253Dview%2526p_p_col_id%253Dcolumn-1%2526p_p_col_count%253D3%2526saveLastPath%253D0%2526_58_struts_action%253D%25252Flogin%25252Flogin%26amp%3BlanguageId%3Dar_SA&amp;languageId=en_US,https://iot.stc.com.sa/web/guest/home/?p_p_state=normal&p_p_mode=view&saveLastPath=false&_58_struts_action=%2Flogin%2Flogin&p_p_id=58&p_p_lifecycle=0&_58_redirect=%2Fgroup%2Fcrm%2Fhome1%3Bjsessionid%3D6333A461481C354B38E272AE7676BCE1,False,https://iot.stc.com.sa/web/guest/home/?p_p_id=82&amp;p_p_lifecycle=1&amp;p_p_state=normal&amp;p_p_mode=view&amp;p_p_col_id=column-1&amp;p_p_col_pos=1&amp;p_p_col_count=3&amp;_82_struts_action=%2Flanguage%2Fview&amp;_82_redirect=%2Fweb%2Fguest%2Fhome%2F%3Fp_p_id%3D82%26amp%3Bp_p_lifecycle%3D1%26amp%3Bp_p_state%3Dnormal%26amp%3Bp_p_mode%3Dview%26amp%3Bp_p_col_id%3Dcolumn-1%26amp%3Bp_p_col_pos%3D1%26amp%3Bp_p_col_count%3D3%26amp%3B_82_struts_action%3D%252Flanguage%252Fview%26amp%3B_82_redirect%3D%252Fweb%252Fguest%252Fhome%252F%253Fp_p_id%253D58%2526p_p_lifecycle%253D1%2526p_p_state%253Dnormal%2526p_p_mode%253Dview%2526p_p_col_id%253Dcolumn-1%2526p_p_col_count%253D3%2526saveLastPath%253D0%2526_58_struts_action%253D%25252Flogin%25252Flogin%26amp%3BlanguageId%3Dar_SA&amp;languageId=en_US,https://iot.stc.com.sa/web/guest/home/?p_p_state=normal&p_p_mode=view&saveLastPath=false&_58_struts_action=%2Flogin%2Flogin&p_p_id=58&p_p_lifecycle=0&_58_redirect=%2Fgroup%2Fcrm%2Fhome1%3Bjsessionid%3D6333A461481C354B38E272AE7676BCE1,https://iot.stc.com.sa/web/guest/home/?p_p_id=82&amp;p_p_lifecycle=1&amp;p_p_state=normal&amp;p_p_mode=view&amp;p_p_col_id=column-1&amp;p_p_col_pos=1&amp;p_p_col_count=3&amp;_82_struts_action=%2Flanguage%2Fview&amp;_82_redirect=%2Fweb%2Fguest%2Fhome%2F%3Fp_p_id%3D82%26amp%3Bp_p_lifecycle%3D1%26amp%3Bp_p_state%3Dnormal%26amp%3Bp_p_mode%3Dview%26amp%3Bp_p_col_id%3Dcolumn-1%26amp%3Bp_p_col_pos%3D1%26amp%3Bp_p_col_count%3D3%26amp%3B_82_struts_action%3D%252Flanguage%252Fview%26amp%3B_82_redirect%3D%252Fweb%252Fguest%252Fhome%252F%253Fp_p_id%253D58%2526p_p_lifecycle%253D1%2526p_p_state%253Dnormal%2526p_p_mode%253Dview%2526p_p_col_id%253Dcolumn-1%2526p_p_col_count%253D3%2526saveLastPath%253D0%2526_58_struts_action%253D%25252Flogin%25252Flogin%26amp%3BlanguageId%3Dar_SA&amp;languageId=en_US,recon_page,2026-05-12T09:22:36.447510
51,1,1,1,1,0,0,2,0,14,0,sa,404,4,673,55.927,0,0,7,1,XXXXXX,0,html,0,0,0,0,2,0,1,0,1,0,0,0,0,0,0,0,0,0,0,0,0,0,0,0,0,0,0,0,0,0,0,0,0,0,0,0,0,0,0,1,1,0,0,1,1,1,0,0,0,0,0,1,0,0,0,0,0,0,0,0,0,0,0,0,0,0,0,0,0,0,0,0,0.0,0.0,0.0,0,0,0,0,0,0,0,0,0,0,0,0,0,0,0,1,0,0,0,0,0,0.0,0.0,0.25,0.0,0,,20260512_090223,2026-05-12T09:22:55.180688,https://iot.stc.com.sa/CSRFServlet/?t=1778566159120,https://iot.stc.com.sa/web/guest/home/?p_p_state=normal&p_p_mode=view&saveLastPath=false&_58_struts_action=%2Flogin%2Flogin&p_p_id=58&p_p_lifecycle=0&_58_redirect=%2Fgroup%2Fcrm%2Fhome1%3Bjsessionid%3D6333A461481C354B38E272AE7676BCE1,False,https://iot.stc.com.sa/CSRFServlet/?t=1778566159120,https://iot.stc.com.sa/web/guest/home/?p_p_state=normal&p_p_mode=view&saveLastPath=false&_58_struts_action=%2Flogin%2Flogin&p_p_id=58&p_p_lifecycle=0&_58_redirect=%2Fgroup%2Fcrm%2Fhome1%3Bjsessionid%3D6333A461481C354B38E272AE7676BCE1,https://iot.stc.com.sa/CSRFServlet/?t=1778566159120,recon_page,2026-05-12T09:22:55.186651
803,1,3,1,10,0,0,2,0,14,0,sa,200,2,40568,205.412,0,0,12,1,XXXXXX,0,html,0,0,1,1,3,0,1,0,1,0,1,4,1,11,1,1,1,4,0,0,0,0,1,2,0,0,1,1,1,65,13,52,0,1,14,14,0,1,8,1,2,1,6,1,1,1,1,0,0,0,0,0,1,0,0,0,0,1,0,0,0,0,0,0,1,0,0,0,0,0,0,0,0.0,0.0,0.0,0,0,0,0,4,1,3,0,0,4,0,9,68,9,0,6,0,0,0,0,0,2.75,0.0016022480773023073,0.375,0.41904949714060347,0,,20260512_090223,2026-05-12T09:23:26.575932,https://iot.stc.com.sa/web/guest/home/?p_p_id=82&amp;p_p_lifecycle=1&amp;p_p_state=normal&amp;p_p_mode=view&amp;p_p_col_id=column-1&amp;p_p_col_pos=1&amp;p_p_col_count=3&amp;_82_struts_action=%2Flanguage%2Fview&amp;_82_redirect=%2Fweb%2Fguest%2Fhome%2F%3Fp_p_id%3D82%26amp%3Bp_p_lifecycle%3D1%26amp%3Bp_p_state%3Dnormal%26amp%3Bp_p_mode%3Dview%26amp%3Bp_p_col_id%3Dcolumn-1%26amp%3Bp_p_col_pos%3D1%26amp%3Bp_p_col_count%3D3%26amp%3B_82_struts_action%3D%252Flanguage%252Fview%26amp%3B_82_redirect%3D%252Fweb%252Fguest%252Fhome%252F%253Fp_p_id%253D58%2526p_p_lifecycle%253D1%2526p_p_state%253Dnormal%2526p_p_mode%253Dview%2526p_p_col_id%253Dcolumn-1%2526p_p_col_count%253D3%2526saveLastPath%253D0%2526_58_struts_action%253D%25252Flogin%25252Fforgot_password%26amp%3BlanguageId%3Den_US&amp;languageId=en_US,https://iot.stc.com.sa/web/guest/home/?p_p_state=normal&p_p_mode=view&saveLastPath=false&_58_struts_action=%2Flogin%2Flogin&p_p_id=58&p_p_lifecycle=0&_58_redirect=%2Fgroup%2Fcrm%2Fhome1%3Bjsessionid%3D6333A461481C354B38E272AE7676BCE1,False,https://iot.stc.com.sa/web/guest/home/?p_p_id=82&amp;p_p_lifecycle=1&amp;p_p_state=normal&amp;p_p_mode=view&amp;p_p_col_id=column-1&amp;p_p_col_pos=1&amp;p_p_col_count=3&amp;_82_struts_action=%2Flanguage%2Fview&amp;_82_redirect=%2Fweb%2Fguest%2Fhome%2F%3Fp_p_id%3D82%26amp%3Bp_p_lifecycle%3D1%26amp%3Bp_p_state%3Dnormal%26amp%3Bp_p_mode%3Dview%26amp%3Bp_p_col_id%3Dcolumn-1%26amp%3Bp_p_col_pos%3D1%26amp%3Bp_p_col_count%3D3%26amp%3B_82_struts_action%3D%252Flanguage%252Fview%26amp%3B_82_redirect%3D%252Fweb%252Fguest%252Fhome%252F%253Fp_p_id%253D58%2526p_p_lifecycle%253D1%2526p_p_state%253Dnormal%2526p_p_mode%253Dview%2526p_p_col_id%253Dcolumn-1%2526p_p_col_count%253D3%2526saveLastPath%253D0%2526_58_struts_action%253D%25252Flogin%25252Fforgot_password%26amp%3BlanguageId%3Den_US&amp;languageId=en_US,https://iot.stc.com.sa/web/guest/home/?p_p_state=normal&p_p_mode=view&saveLastPath=false&_58_struts_action=%2Flogin%2Flogin&p_p_id=58&p_p_lifecycle=0&_58_redirect=%2Fgroup%2Fcrm%2Fhome1%3Bjsessionid%3D6333A461481C354B38E272AE7676BCE1,https://iot.stc.com.sa/web/guest/home/?p_p_id=82&amp;p_p_lifecycle=1&amp;p_p_state=normal&amp;p_p_mode=view&amp;p_p_col_id=column-1&amp;p_p_col_pos=1&amp;p_p_col_count=3&amp;_82_struts_action=%2Flanguage%2Fview&amp;_82_redirect=%2Fweb%2Fguest%2Fhome%2F%3Fp_p_id%3D82%26amp%3Bp_p_lifecycle%3D1%26amp%3Bp_p_state%3Dnormal%26amp%3Bp_p_mode%3Dview%26amp%3Bp_p_col_id%3Dcolumn-1%26amp%3Bp_p_col_pos%3D1%26amp%3Bp_p_col_count%3D3%26amp%3B_82_struts_action%3D%252Flanguage%252Fview%26amp%3B_82_redirect%3D%252Fweb%252Fguest%252Fhome%252F%253Fp_p_id%253D58%2526p_p_lifecycle%253D1%2526p_p_state%253Dnormal%2526p_p_mode%253Dview%2526p_p_col_id%253Dcolumn-1%2526p_p_col_count%253D3%2526saveLastPath%253D0%2526_58_struts_action%253D%25252Flogin%25252Fforgot_password%26amp%3BlanguageId%3Den_US&amp;languageId=en_US,recon_page,2026-05-12T09:23:26.580106
803,1,3,1,10,0,0,2,0,14,0,sa,200,2,40644,206.39,0,0,12,1,XXXXXX,0,html,0,0,1,1,3,0,1,0,1,0,1,4,1,11,1,1,1,4,0,0,0,0,1,2,0,0,1,1,1,65,13,52,0,1,14,14,0,1,8,1,2,1,6,1,1,1,1,0,0,0,0,0,1,0,0,0,0,1,0,0,0,0,0,0,1,0,0,0,0,0,0,0,0.0,0.0,0.0,0,0,0,0,4,1,3,0,0,4,0,9,68,9,0,6,0,0,0,0,0,2.75,0.0015992520421218384,0.375,0.41826591870878854,0,,20260512_090223,2026-05-12T09:24:23.672779,https://iot.stc.com.sa/web/guest/home/?p_p_id=82&amp;p_p_lifecycle=1&amp;p_p_state=normal&amp;p_p_mode=view&amp;p_p_col_id=column-1&amp;p_p_col_pos=1&amp;p_p_col_count=3&amp;_82_struts_action=%2Flanguage%2Fview&amp;_82_redirect=%2Fweb%2Fguest%2Fhome%2F%3Fp_p_id%3D82%26amp%3Bp_p_lifecycle%3D1%26amp%3Bp_p_state%3Dnormal%26amp%3Bp_p_mode%3Dview%26amp%3Bp_p_col_id%3Dcolumn-1%26amp%3Bp_p_col_pos%3D1%26amp%3Bp_p_col_count%3D3%26amp%3B_82_struts_action%3D%252Flanguage%252Fview%26amp%3B_82_redirect%3D%252Fweb%252Fguest%252Fhome%252F%253Fp_p_id%253D58%2526p_p_lifecycle%253D1%2526p_p_state%253Dnormal%2526p_p_mode%253Dview%2526p_p_col_id%253Dcolumn-1%2526p_p_col_count%253D3%2526saveLastPath%253D0%2526_58_struts_action%253D%25252Flogin%25252Fforgot_password%26amp%3BlanguageId%3Den_US&amp;languageId=ar_SA,https://iot.stc.com.sa/web/guest/home/?p_p_state=normal&p_p_mode=view&saveLastPath=false&_58_struts_action=%2Flogin%2Flogin&p_p_id=58&p_p_lifecycle=0&_58_redirect=%2Fgroup%2Fcrm%2Fhome1%3Bjsessionid%3D6333A461481C354B38E272AE7676BCE1,False,https://iot.stc.com.sa/web/guest/home/?p_p_id=82&amp;p_p_lifecycle=1&amp;p_p_state=normal&amp;p_p_mode=view&amp;p_p_col_id=column-1&amp;p_p_col_pos=1&amp;p_p_col_count=3&amp;_82_struts_action=%2Flanguage%2Fview&amp;_82_redirect=%2Fweb%2Fguest%2Fhome%2F%3Fp_p_id%3D82%26amp%3Bp_p_lifecycle%3D1%26amp%3Bp_p_state%3Dnormal%26amp%3Bp_p_mode%3Dview%26amp%3Bp_p_col_id%3Dcolumn-1%26amp%3Bp_p_col_pos%3D1%26amp%3Bp_p_col_count%3D3%26amp%3B_82_struts_action%3D%252Flanguage%252Fview%26amp%3B_82_redirect%3D%252Fweb%252Fguest%252Fhome%252F%253Fp_p_id%253D58%2526p_p_lifecycle%253D1%2526p_p_state%253Dnormal%2526p_p_mode%253Dview%2526p_p_col_id%253Dcolumn-1%2526p_p_col_count%253D3%2526saveLastPath%253D0%2526_58_struts_action%253D%25252Flogin%25252Fforgot_password%26amp%3BlanguageId%3Den_US&amp;languageId=ar_SA,https://iot.stc.com.sa/web/guest/home/?p_p_state=normal&p_p_mode=view&saveLastPath=false&_58_struts_action=%2Flogin%2Flogin&p_p_id=58&p_p_lifecycle=0&_58_redirect=%2Fgroup%2Fcrm%2Fhome1%3Bjsessionid%3D6333A461481C354B38E272AE7676BCE1,https://iot.stc.com.sa/web/guest/home/?p_p_id=82&amp;p_p_lifecycle=1&amp;p_p_state=normal&amp;p_p_mode=view&amp;p_p_col_id=column-1&amp;p_p_col_pos=1&amp;p_p_col_count=3&amp;_82_struts_action=%2Flanguage%2Fview&amp;_82_redirect=%2Fweb%2Fguest%2Fhome%2F%3Fp_p_id%3D82%26amp%3Bp_p_lifecycle%3D1%26amp%3Bp_p_state%3Dnormal%26amp%3Bp_p_mode%3Dview%26amp%3Bp_p_col_id%3Dcolumn-1%26amp%3Bp_p_col_pos%3D1%26amp%3Bp_p_col_count%3D3%26amp%3B_82_struts_action%3D%252Flanguage%252Fview%26amp%3B_82_redirect%3D%252Fweb%252Fguest%252Fhome%252F%253Fp_p_id%253D58%2526p_p_lifecycle%253D1%2526p_p_state%253Dnormal%2526p_p_mode%253Dview%2526p_p_col_id%253Dcolumn-1%2526p_p_col_count%253D3%2526saveLastPath%253D0%2526_58_struts_action%253D%25252Flogin%25252Fforgot_password%26amp%3BlanguageId%3Den_US&amp;languageId=ar_SA,recon_page,2026-05-12T09:24:23.678205
51,1,1,1,1,0,0,2,0,14,0,sa,404,4,673,55.768,0,0,7,1,XXXXXX,0,html,0,0,0,0,2,0,1,0,1,0,0,0,0,0,0,0,0,0,0,0,0,0,0,0,0,0,0,0,0,0,0,0,0,0,0,0,0,0,0,1,1,0,0,1,1,1,0,0,0,0,0,1,0,0,0,0,0,0,0,0,0,0,0,0,0,0,0,0,0,0,0,0,0.0,0.0,0.0,0,0,0,0,0,0,0,0,0,0,0,0,0,0,0,1,0,0,0,0,0,0.0,0.0,0.25,0.0,0,,20260512_090223,2026-05-12T09:24:25.723989,https://iot.stc.com.sa/CSRFServlet/?t=1778566158770,https://iot.stc.com.sa/web/guest/home/?p_p_state=normal&p_p_mode=view&saveLastPath=false&_58_struts_action=%2Flogin%2Flogin&p_p_id=58&p_p_lifecycle=0&_58_redirect=%2Fgroup%2Fcrm%2Fhome1%3Bjsessionid%3D6333A461481C354B38E272AE7676BCE1,False,https://iot.stc.com.sa/CSRFServlet/?t=1778566158770,https://iot.stc.com.sa/web/guest/home/?p_p_state=normal&p_p_mode=view&saveLastPath=false&_58_struts_action=%2Flogin%2Flogin&p_p_id=58&p_p_lifecycle=0&_58_redirect=%2Fgroup%2Fcrm%2Fhome1%3Bjsessionid%3D6333A461481C354B38E272AE7676BCE1,https://iot.stc.com.sa/CSRFServlet/?t=1778566158770,recon_page,2026-05-12T09:24:25.729340
793,1,3,1,10,0,0,2,0,14,0,sa,200,2,40448,193.47,0,0,12,1,XXXXXX,0,html,0,0,1,1,3,0,1,0,1,0,1,4,1,11,1,1,1,4,0,0,0,0,1,2,0,0,1,1,1,65,13,52,0,1,14,14,0,1,8,1,2,1,6,1,1,1,1,0,0,0,0,0,1,0,0,0,0,1,0,0,0,0,0,0,1,0,0,0,0,0,0,0,0.0,0.0,0.0,0,0,0,0,4,1,3,0,0,4,0,9,68,9,0,6,0,0,0,0,0,2.75,0.0016070015822784811,0.375,0.42029272151898733,0,,20260512_090223,2026-05-12T09:25:01.788500,https://iot.stc.com.sa/web/guest/home/?p_p_id=82&amp;p_p_lifecycle=1&amp;p_p_state=normal&amp;p_p_mode=view&amp;p_p_col_id=column-1&amp;p_p_col_pos=1&amp;p_p_col_count=3&amp;_82_struts_action=%2Flanguage%2Fview&amp;_82_redirect=%2Fweb%2Fguest%2Fhome%2F%3Fp_p_id%3D82%26amp%3Bp_p_lifecycle%3D1%26amp%3Bp_p_state%3Dnormal%26amp%3Bp_p_mode%3Dview%26amp%3Bp_p_col_id%3Dcolumn-1%26amp%3Bp_p_col_pos%3D1%26amp%3Bp_p_col_count%3D3%26amp%3B_82_struts_action%3D%252Flanguage%252Fview%26amp%3B_82_redirect%3D%252Fweb%252Fguest%252Fhome%252F%253Fp_p_id%253D58%2526p_p_lifecycle%253D1%2526p_p_state%253Dnormal%2526p_p_mode%253Dview%2526p_p_col_id%253Dcolumn-1%2526p_p_col_count%253D3%2526saveLastPath%253D0%2526_58_struts_action%253D%25252Flogin%25252Flogin%26amp%3BlanguageId%3Den_US&amp;languageId=ar_SA,https://iot.stc.com.sa/web/guest/home/?p_p_state=normal&p_p_mode=view&saveLastPath=false&_58_struts_action=%2Flogin%2Flogin&p_p_id=58&p_p_lifecycle=0&_58_redirect=%2Fgroup%2Fcrm%2Fhome1%3Bjsessionid%3D6333A461481C354B38E272AE7676BCE1,False,https://iot.stc.com.sa/web/guest/home/?p_p_id=82&amp;p_p_lifecycle=1&amp;p_p_state=normal&amp;p_p_mode=view&amp;p_p_col_id=column-1&amp;p_p_col_pos=1&amp;p_p_col_count=3&amp;_82_struts_action=%2Flanguage%2Fview&amp;_82_redirect=%2Fweb%2Fguest%2Fhome%2F%3Fp_p_id%3D82%26amp%3Bp_p_lifecycle%3D1%26amp%3Bp_p_state%3Dnormal%26amp%3Bp_p_mode%3Dview%26amp%3Bp_p_col_id%3Dcolumn-1%26amp%3Bp_p_col_pos%3D1%26amp%3Bp_p_col_count%3D3%26amp%3B_82_struts_action%3D%252Flanguage%252Fview%26amp%3B_82_redirect%3D%252Fweb%252Fguest%252Fhome%252F%253Fp_p_id%253D58%2526p_p_lifecycle%253D1%2526p_p_state%253Dnormal%2526p_p_mode%253Dview%2526p_p_col_id%253Dcolumn-1%2526p_p_col_count%253D3%2526saveLastPath%253D0%2526_58_struts_action%253D%25252Flogin%25252Flogin%26amp%3BlanguageId%3Den_US&amp;languageId=ar_SA,https://iot.stc.com.sa/web/guest/home/?p_p_state=normal&p_p_mode=view&saveLastPath=false&_58_struts_action=%2Flogin%2Flogin&p_p_id=58&p_p_lifecycle=0&_58_redirect=%2Fgroup%2Fcrm%2Fhome1%3Bjsessionid%3D6333A461481C354B38E272AE7676BCE1,https://iot.stc.com.sa/web/guest/home/?p_p_id=82&amp;p_p_lifecycle=1&amp;p_p_state=normal&amp;p_p_mode=view&amp;p_p_col_id=column-1&amp;p_p_col_pos=1&amp;p_p_col_count=3&amp;_82_struts_action=%2Flanguage%2Fview&amp;_82_redirect=%2Fweb%2Fguest%2Fhome%2F%3Fp_p_id%3D82%26amp%3Bp_p_lifecycle%3D1%26amp%3Bp_p_state%3Dnormal%26amp%3Bp_p_mode%3Dview%26amp%3Bp_p_col_id%3Dcolumn-1%26amp%3Bp_p_col_pos%3D1%26amp%3Bp_p_col_count%3D3%26amp%3B_82_struts_action%3D%252Flanguage%252Fview%26amp%3B_82_redirect%3D%252Fweb%252Fguest%252Fhome%252F%253Fp_p_id%253D58%2526p_p_lifecycle%253D1%2526p_p_state%253Dnormal%2526p_p_mode%253Dview%2526p_p_col_id%253Dcolumn-1%2526p_p_col_count%253D3%2526saveLastPath%253D0%2526_58_struts_action%253D%25252Flogin%25252Flogin%26amp%3BlanguageId%3Den_US&amp;languageId=ar_SA,recon_page,2026-05-12T09:25:01.799459
793,1,3,1,10,0,0,2,0,14,0,sa,200,2,40524,219.01999999999998,0,0,12,1,XXXXXX,0,html,0,0,1,1,3,0,1,0,1,0,1,4,1,11,1,1,1,4,0,0,0,0,1,2,0,0,1,1,1,65,13,52,0,1,14,14,0,1,8,1,2,1,6,1,1,1,1,0,0,0,0,0,1,0,0,0,0,1,0,0,0,0,0,0,1,0,0,0,0,0,0,0,0.0,0.0,0.0,0,0,0,0,4,1,3,0,0,4,0,9,68,9,0,6,0,0,0,0,0,2.75,0.0016039877603395518,0.375,0.41950449116572897,0,,20260512_090223,2026-05-12T09:25:59.402062,https://iot.stc.com.sa/web/guest/home/?p_p_id=82&amp;p_p_lifecycle=1&amp;p_p_state=normal&amp;p_p_mode=view&amp;p_p_col_id=column-1&amp;p_p_col_pos=1&amp;p_p_col_count=3&amp;_82_struts_action=%2Flanguage%2Fview&amp;_82_redirect=%2Fweb%2Fguest%2Fhome%2F%3Fp_p_id%3D82%26amp%3Bp_p_lifecycle%3D1%26amp%3Bp_p_state%3Dnormal%26amp%3Bp_p_mode%3Dview%26amp%3Bp_p_col_id%3Dcolumn-1%26amp%3Bp_p_col_pos%3D1%26amp%3Bp_p_col_count%3D3%26amp%3B_82_struts_action%3D%252Flanguage%252Fview%26amp%3B_82_redirect%3D%252Fweb%252Fguest%252Fhome%252F%253Fp_p_id%253D58%2526p_p_lifecycle%253D1%2526p_p_state%253Dnormal%2526p_p_mode%253Dview%2526p_p_col_id%253Dcolumn-1%2526p_p_col_count%253D3%2526saveLastPath%253D0%2526_58_struts_action%253D%25252Flogin%25252Flogin%26amp%3BlanguageId%3Den_US&amp;languageId=en_US,https://iot.stc.com.sa/web/guest/home/?p_p_state=normal&p_p_mode=view&saveLastPath=false&_58_struts_action=%2Flogin%2Flogin&p_p_id=58&p_p_lifecycle=0&_58_redirect=%2Fgroup%2Fcrm%2Fhome1%3Bjsessionid%3D6333A461481C354B38E272AE7676BCE1,False,https://iot.stc.com.sa/web/guest/home/?p_p_id=82&amp;p_p_lifecycle=1&amp;p_p_state=normal&amp;p_p_mode=view&amp;p_p_col_id=column-1&amp;p_p_col_pos=1&amp;p_p_col_count=3&amp;_82_struts_action=%2Flanguage%2Fview&amp;_82_redirect=%2Fweb%2Fguest%2Fhome%2F%3Fp_p_id%3D82%26amp%3Bp_p_lifecycle%3D1%26amp%3Bp_p_state%3Dnormal%26amp%3Bp_p_mode%3Dview%26amp%3Bp_p_col_id%3Dcolumn-1%26amp%3Bp_p_col_pos%3D1%26amp%3Bp_p_col_count%3D3%26amp%3B_82_struts_action%3D%252Flanguage%252Fview%26amp%3B_82_redirect%3D%252Fweb%252Fguest%252Fhome%252F%253Fp_p_id%253D58%2526p_p_lifecycle%253D1%2526p_p_state%253Dnormal%2526p_p_mode%253Dview%2526p_p_col_id%253Dcolumn-1%2526p_p_col_count%253D3%2526saveLastPath%253D0%2526_58_struts_action%253D%25252Flogin%25252Flogin%26amp%3BlanguageId%3Den_US&amp;languageId=en_US,https://iot.stc.com.sa/web/guest/home/?p_p_state=normal&p_p_mode=view&saveLastPath=false&_58_struts_action=%2Flogin%2Flogin&p_p_id=58&p_p_lifecycle=0&_58_redirect=%2Fgroup%2Fcrm%2Fhome1%3Bjsessionid%3D6333A461481C354B38E272AE7676BCE1,https://iot.stc.com.sa/web/guest/home/?p_p_id=82&amp;p_p_lifecycle=1&amp;p_p_state=normal&amp;p_p_mode=view&amp;p_p_col_id=column-1&amp;p_p_col_pos=1&amp;p_p_col_count=3&amp;_82_struts_action=%2Flanguage%2Fview&amp;_82_redirect=%2Fweb%2Fguest%2Fhome%2F%3Fp_p_id%3D82%26amp%3Bp_p_lifecycle%3D1%26amp%3Bp_p_state%3Dnormal%26amp%3Bp_p_mode%3Dview%26amp%3Bp_p_col_id%3Dcolumn-1%26amp%3Bp_p_col_pos%3D1%26amp%3Bp_p_col_count%3D3%26amp%3B_82_struts_action%3D%252Flanguage%252Fview%26amp%3B_82_redirect%3D%252Fweb%252Fguest%252Fhome%252F%253Fp_p_id%253D58%2526p_p_lifecycle%253D1%2526p_p_state%253Dnormal%2526p_p_mode%253Dview%2526p_p_col_id%253Dcolumn-1%2526p_p_col_count%253D3%2526saveLastPath%253D0%2526_58_struts_action%253D%25252Flogin%25252Flogin%26amp%3BlanguageId%3Den_US&amp;languageId=en_US,recon_page,2026-05-12T09:25:59.405788
51,1,1,1,1,0,0,2,0,14,0,sa,404,4,673,56.705999999999996,0,0,7,1,XXXXXX,0,html,0,0,0,0,2,0,1,0,1,0,0,0,0,0,0,0,0,0,0,0,0,0,0,0,0,0,0,0,0,0,0,0,0,0,0,0,0,0,0,1,1,0,0,1,1,1,0,0,0,0,0,1,0,0,0,0,0,0,0,0,0,0,0,0,0,0,0,0,0,0,0,0,0.0,0.0,0.0,0,0,0,0,0,0,0,0,0,0,0,0,0,0,0,1,0,0,0,0,0,0.0,0.0,0.25,0.0,0,,20260512_090223,2026-05-12T09:26:04.003185,https://iot.stc.com.sa/CSRFServlet/?t=1778566158656,https://iot.stc.com.sa/web/guest/home/?p_p_state=normal&p_p_mode=view&saveLastPath=false&_58_struts_action=%2Flogin%2Flogin&p_p_id=58&p_p_lifecycle=0&_58_redirect=%2Fgroup%2Fcrm%2Fhome1%3Bjsessionid%3D6333A461481C354B38E272AE7676BCE1,False,https://iot.stc.com.sa/CSRFServlet/?t=1778566158656,https://iot.stc.com.sa/web/guest/home/?p_p_state=normal&p_p_mode=view&saveLastPath=false&_58_struts_action=%2Flogin%2Flogin&p_p_id=58&p_p_lifecycle=0&_58_redirect=%2Fgroup%2Fcrm%2Fhome1%3Bjsessionid%3D6333A461481C354B38E272AE7676BCE1,https://iot.stc.com.sa/CSRFServlet/?t=1778566158656,recon_page,2026-05-12T09:26:04.006788
578,1,3,1,10,0,0,2,0,14,0,sa,200,2,37728,181.242,0,0,12,1,XXXXXX,0,html,0,0,1,1,3,0,1,0,1,0,1,4,1,11,1,1,1,4,0,0,0,0,1,2,0,0,1,1,1,65,13,52,0,1,14,14,0,1,8,1,2,1,6,1,1,1,1,0,0,0,0,0,1,0,0,0,0,1,0,0,0,0,0,0,1,0,0,0,0,0,0,0,0.0,0.0,0.0,0,0,0,0,4,1,2,0,0,4,0,9,68,9,0,6,0,0,0,0,0,2.75,0.0017228583545377439,0.375,0.45059372349448684,0,,20260512_090223,2026-05-12T09:26:53.427628,https://iot.stc.com.sa/web/guest/home/?p_p_id=82&amp;p_p_lifecycle=1&amp;p_p_state=normal&amp;p_p_mode=view&amp;p_p_col_id=column-1&amp;p_p_col_pos=1&amp;p_p_col_count=3&amp;_82_struts_action=%2Flanguage%2Fview&amp;_82_redirect=%2Fweb%2Fguest%2Fhome%2F%3Fp_p_id%3D82%26amp%3Bp_p_lifecycle%3D1%26amp%3Bp_p_state%3Dnormal%26amp%3Bp_p_mode%3Dview%26amp%3Bp_p_col_id%3Dcolumn-1%26amp%3Bp_p_col_pos%3D1%26amp%3Bp_p_col_count%3D3%26amp%3B_82_struts_action%3D%252Flanguage%252Fview%26amp%3B_82_redirect%3D%252Fweb%252Fguest%252Fhome%252F%26amp%3BlanguageId%3Den_US&amp;languageId=ar_SA,https://iot.stc.com.sa/web/guest/home/?p_p_state=normal&p_p_mode=view&saveLastPath=false&_58_struts_action=%2Flogin%2Flogin&p_p_id=58&p_p_lifecycle=0&_58_redirect=%2Fgroup%2Fcrm%2Fhome1%3Bjsessionid%3D6333A461481C354B38E272AE7676BCE1,False,https://iot.stc.com.sa/web/guest/home/?p_p_id=82&amp;p_p_lifecycle=1&amp;p_p_state=normal&amp;p_p_mode=view&amp;p_p_col_id=column-1&amp;p_p_col_pos=1&amp;p_p_col_count=3&amp;_82_struts_action=%2Flanguage%2Fview&amp;_82_redirect=%2Fweb%2Fguest%2Fhome%2F%3Fp_p_id%3D82%26amp%3Bp_p_lifecycle%3D1%26amp%3Bp_p_state%3Dnormal%26amp%3Bp_p_mode%3Dview%26amp%3Bp_p_col_id%3Dcolumn-1%26amp%3Bp_p_col_pos%3D1%26amp%3Bp_p_col_count%3D3%26amp%3B_82_struts_action%3D%252Flanguage%252Fview%26amp%3B_82_redirect%3D%252Fweb%252Fguest%252Fhome%252F%26amp%3BlanguageId%3Den_US&amp;languageId=ar_SA,https://iot.stc.com.sa/web/guest/home/?p_p_state=normal&p_p_mode=view&saveLastPath=false&_58_struts_action=%2Flogin%2Flogin&p_p_id=58&p_p_lifecycle=0&_58_redirect=%2Fgroup%2Fcrm%2Fhome1%3Bjsessionid%3D6333A461481C354B38E272AE7676BCE1,https://iot.stc.com.sa/web/guest/home/?p_p_id=82&amp;p_p_lifecycle=1&amp;p_p_state=normal&amp;p_p_mode=view&amp;p_p_col_id=column-1&amp;p_p_col_pos=1&amp;p_p_col_count=3&amp;_82_struts_action=%2Flanguage%2Fview&amp;_82_redirect=%2Fweb%2Fguest%2Fhome%2F%3Fp_p_id%3D82%26amp%3Bp_p_lifecycle%3D1%26amp%3Bp_p_state%3Dnormal%26amp%3Bp_p_mode%3Dview%26amp%3Bp_p_col_id%3Dcolumn-1%26amp%3Bp_p_col_pos%3D1%26amp%3Bp_p_col_count%3D3%26amp%3B_82_struts_action%3D%252Flanguage%252Fview%26amp%3B_82_redirect%3D%252Fweb%252Fguest%252Fhome%252F%26amp%3BlanguageId%3Den_US&amp;languageId=ar_SA,recon_page,2026-05-12T09:26:53.431244
578,1,3,1,10,0,0,2,0,14,0,sa,200,2,37728,190.75,0,0,12,1,XXXXXX,0,html,0,0,1,1,3,0,1,0,1,0,1,4,1,11,1,1,1,4,0,0,0,0,1,2,0,0,1,1,1,65,13,52,0,1,14,14,0,1,8,1,2,1,6,1,1,1,1,0,0,0,0,0,1,0,0,0,0,1,0,0,0,0,0,0,1,0,0,0,0,0,0,0,0.0,0.0,0.0,0,0,0,0,4,1,2,0,0,4,0,9,68,9,0,6,0,0,0,0,0,2.75,0.0017228583545377439,0.375,0.45059372349448684,0,,20260512_090223,2026-05-12T09:27:20.353902,https://iot.stc.com.sa/web/guest/home/?p_p_id=82&amp;p_p_lifecycle=1&amp;p_p_state=normal&amp;p_p_mode=view&amp;p_p_col_id=column-1&amp;p_p_col_pos=1&amp;p_p_col_count=3&amp;_82_struts_action=%2Flanguage%2Fview&amp;_82_redirect=%2Fweb%2Fguest%2Fhome%2F%3Fp_p_id%3D82%26amp%3Bp_p_lifecycle%3D1%26amp%3Bp_p_state%3Dnormal%26amp%3Bp_p_mode%3Dview%26amp%3Bp_p_col_id%3Dcolumn-1%26amp%3Bp_p_col_pos%3D1%26amp%3Bp_p_col_count%3D3%26amp%3B_82_struts_action%3D%252Flanguage%252Fview%26amp%3B_82_redirect%3D%252Fweb%252Fguest%252Fhome%252F%26amp%3BlanguageId%3Den_US&amp;languageId=en_US,https://iot.stc.com.sa/web/guest/home/?p_p_state=normal&p_p_mode=view&saveLastPath=false&_58_struts_action=%2Flogin%2Flogin&p_p_id=58&p_p_lifecycle=0&_58_redirect=%2Fgroup%2Fcrm%2Fhome1%3Bjsessionid%3D6333A461481C354B38E272AE7676BCE1,False,https://iot.stc.com.sa/web/guest/home/?p_p_id=82&amp;p_p_lifecycle=1&amp;p_p_state=normal&amp;p_p_mode=view&amp;p_p_col_id=column-1&amp;p_p_col_pos=1&amp;p_p_col_count=3&amp;_82_struts_action=%2Flanguage%2Fview&amp;_82_redirect=%2Fweb%2Fguest%2Fhome%2F%3Fp_p_id%3D82%26amp%3Bp_p_lifecycle%3D1%26amp%3Bp_p_state%3Dnormal%26amp%3Bp_p_mode%3Dview%26amp%3Bp_p_col_id%3Dcolumn-1%26amp%3Bp_p_col_pos%3D1%26amp%3Bp_p_col_count%3D3%26amp%3B_82_struts_action%3D%252Flanguage%252Fview%26amp%3B_82_redirect%3D%252Fweb%252Fguest%252Fhome%252F%26amp%3BlanguageId%3Den_US&amp;languageId=en_US,https://iot.stc.com.sa/web/guest/home/?p_p_state=normal&p_p_mode=view&saveLastPath=false&_58_struts_action=%2Flogin%2Flogin&p_p_id=58&p_p_lifecycle=0&_58_redirect=%2Fgroup%2Fcrm%2Fhome1%3Bjsessionid%3D6333A461481C354B38E272AE7676BCE1,https://iot.stc.com.sa/web/guest/home/?p_p_id=82&amp;p_p_lifecycle=1&amp;p_p_state=normal&amp;p_p_mode=view&amp;p_p_col_id=column-1&amp;p_p_col_pos=1&amp;p_p_col_count=3&amp;_82_struts_action=%2Flanguage%2Fview&amp;_82_redirect=%2Fweb%2Fguest%2Fhome%2F%3Fp_p_id%3D82%26amp%3Bp_p_lifecycle%3D1%26amp%3Bp_p_state%3Dnormal%26amp%3Bp_p_mode%3Dview%26amp%3Bp_p_col_id%3Dcolumn-1%26amp%3Bp_p_col_pos%3D1%26amp%3Bp_p_col_count%3D3%26amp%3B_82_struts_action%3D%252Flanguage%252Fview%26amp%3B_82_redirect%3D%252Fweb%252Fguest%252Fhome%252F%26amp%3BlanguageId%3Den_US&amp;languageId=en_US,recon_page,2026-05-12T09:27:20.358235
857,1,3,1,10,0,0,2,0,14,0,sa,200,2,41252,188.462,0,0,12,1,XXXXXX,0,html,0,0,1,1,3,0,1,0,1,0,1,4,1,11,1,1,1,4,0,0,0,0,1,2,0,0,1,1,1,65,13,52,0,1,14,14,0,1,8,1,2,1,6,1,1,1,1,0,0,0,0,0,1,0,0,0,0,1,0,0,0,0,0,0,1,0,0,0,0,0,0,0,0.0,0.0,0.0,0,0,0,0,4,1,3,0,0,4,0,9,68,9,0,6,0,0,0,0,0,2.75,0.001575681179094347,0.375,0.4121012314554446,0,,20260512_090223,2026-05-12T09:28:14.110325,https://iot.stc.com.sa/web/guest/home/?p_p_id=82&amp;p_p_lifecycle=1&amp;p_p_state=normal&amp;p_p_mode=view&amp;p_p_col_id=column-1&amp;p_p_col_pos=1&amp;p_p_col_count=3&amp;_82_struts_action=%2Flanguage%2Fview&amp;_82_redirect=%2Fweb%2Fguest%2Fhome%2F%3Fp_p_id%3D82%26amp%3Bp_p_lifecycle%3D1%26amp%3Bp_p_state%3Dnormal%26amp%3Bp_p_mode%3Dview%26amp%3Bp_p_col_id%3Dcolumn-1%26amp%3Bp_p_col_pos%3D1%26amp%3Bp_p_col_count%3D3%26amp%3B_82_struts_action%3D%252Flanguage%252Fview%26amp%3B_82_redirect%3D%252Fweb%252Fguest%252Fhome%252F%253Fp_p_state%253Dnormal%2526p_p_mode%253Dview%2526saveLastPath%253Dfalse%2526_58_struts_action%253D%25252Flogin%25252Flogin%2526p_p_id%253D58%2526p_p_lifecycle%253D0%2526_58_redirect%253D%25252Fgroup%25252Fcrm%25252Fhome1%25253Bjsessionid%25253D6333A461481C354B38E272AE7676BCE1%26amp%3BlanguageId%3Den_US&amp;languageId=en_US,https://iot.stc.com.sa/web/guest/home/?p_p_state=normal&p_p_mode=view&saveLastPath=false&_58_struts_action=%2Flogin%2Flogin&p_p_id=58&p_p_lifecycle=0&_58_redirect=%2Fgroup%2Fcrm%2Fhome1%3Bjsessionid%3D6333A461481C354B38E272AE7676BCE1,False,https://iot.stc.com.sa/web/guest/home/?p_p_id=82&amp;p_p_lifecycle=1&amp;p_p_state=normal&amp;p_p_mode=view&amp;p_p_col_id=column-1&amp;p_p_col_pos=1&amp;p_p_col_count=3&amp;_82_struts_action=%2Flanguage%2Fview&amp;_82_redirect=%2Fweb%2Fguest%2Fhome%2F%3Fp_p_id%3D82%26amp%3Bp_p_lifecycle%3D1%26amp%3Bp_p_state%3Dnormal%26amp%3Bp_p_mode%3Dview%26amp%3Bp_p_col_id%3Dcolumn-1%26amp%3Bp_p_col_pos%3D1%26amp%3Bp_p_col_count%3D3%26amp%3B_82_struts_action%3D%252Flanguage%252Fview%26amp%3B_82_redirect%3D%252Fweb%252Fguest%252Fhome%252F%253Fp_p_state%253Dnormal%2526p_p_mode%253Dview%2526saveLastPath%253Dfalse%2526_58_struts_action%253D%25252Flogin%25252Flogin%2526p_p_id%253D58%2526p_p_lifecycle%253D0%2526_58_redirect%253D%25252Fgroup%25252Fcrm%25252Fhome1%25253Bjsessionid%25253D6333A461481C354B38E272AE7676BCE1%26amp%3BlanguageId%3Den_US&amp;languageId=en_US,https://iot.stc.com.sa/web/guest/home/?p_p_state=normal&p_p_mode=view&saveLastPath=false&_58_struts_action=%2Flogin%2Flogin&p_p_id=58&p_p_lifecycle=0&_58_redirect=%2Fgroup%2Fcrm%2Fhome1%3Bjsessionid%3D6333A461481C354B38E272AE7676BCE1,https://iot.stc.com.sa/web/guest/home/?p_p_id=82&amp;p_p_lifecycle=1&amp;p_p_state=normal&amp;p_p_mode=view&amp;p_p_col_id=column-1&amp;p_p_col_pos=1&amp;p_p_col_count=3&amp;_82_struts_action=%2Flanguage%2Fview&amp;_82_redirect=%2Fweb%2Fguest%2Fhome%2F%3Fp_p_id%3D82%26amp%3Bp_p_lifecycle%3D1%26amp%3Bp_p_state%3Dnormal%26amp%3Bp_p_mode%3Dview%26amp%3Bp_p_col_id%3Dcolumn-1%26amp%3Bp_p_col_pos%3D1%26amp%3Bp_p_col_count%3D3%26amp%3B_82_struts_action%3D%252Flanguage%252Fview%26amp%3B_82_redirect%3D%252Fweb%252Fguest%252Fhome%252F%253Fp_p_state%253Dnormal%2526p_p_mode%253Dview%2526saveLastPath%253Dfalse%2526_58_struts_action%253D%25252Flogin%25252Flogin%2526p_p_id%253D58%2526p_p_lifecycle%253D0%2526_58_redirect%253D%25252Fgroup%25252Fcrm%25252Fhome1%25253Bjsessionid%25253D6333A461481C354B38E272AE7676BCE1%26amp%3BlanguageId%3Den_US&amp;languageId=en_US,recon_page,2026-05-12T09:28:14.114180
51,1,1,1,1,0,0,2,0,14,0,sa,404,4,673,70.315,0,0,7,1,XXXXXX,0,html,0,0,0,0,2,0,1,0,1,0,0,0,0,0,0,0,0,0,0,0,0,0,0,0,0,0,0,0,0,0,0,0,0,0,0,0,0,0,0,1,1,0,0,1,1,1,0,0,0,0,0,1,0,0,0,0,0,0,0,0,0,0,0,0,0,0,0,0,0,0,0,0,0.0,0.0,0.0,0,0,0,0,0,0,0,0,0,0,0,0,0,0,0,1,0,0,0,0,0,0.0,0.0,0.25,0.0,0,,20260512_090223,2026-05-12T09:29:10.023548,https://iot.stc.com.sa/CSRFServlet/?t=1778566159088,https://iot.stc.com.sa/web/guest/home/?p_p_state=normal&p_p_mode=view&saveLastPath=false&_58_struts_action=%2Flogin%2Flogin&p_p_id=58&p_p_lifecycle=0&_58_redirect=%2Fgroup%2Fcrm%2Fhome1%3Bjsessionid%3D6333A461481C354B38E272AE7676BCE1,False,https://iot.stc.com.sa/CSRFServlet/?t=1778566159088,https://iot.stc.com.sa/web/guest/home/?p_p_state=normal&p_p_mode=view&saveLastPath=false&_58_struts_action=%2Flogin%2Flogin&p_p_id=58&p_p_lifecycle=0&_58_redirect=%2Fgroup%2Fcrm%2Fhome1%3Bjsessionid%3D6333A461481C354B38E272AE7676BCE1,https://iot.stc.com.sa/CSRFServlet/?t=1778566159088,recon_page,2026-05-12T09:29:10.028335
857,1,3,1,10,0,0,2,0,14,0,sa,200,2,41328,216.642,0,0,12,1,XXXXXX,0,html,0,0,1,1,3,0,1,0,1,0,1,4,1,11,1,1,1,4,0,0,0,0,1,2,0,0,1,1,1,65,13,52,0,1,14,14,0,1,8,1,2,1,6,1,1,1,1,0,0,0,0,0,1,0,0,0,0,1,0,0,0,0,0,0,1,0,0,0,0,0,0,0,0.0,0.0,0.0,0,0,0,0,4,1,3,0,0,4,0,9,68,9,0,6,0,0,0,0,0,2.75,0.0015727835849787069,0.375,0.41134339914827717,0,,20260512_090223,2026-05-12T09:29:50.618545,https://iot.stc.com.sa/web/guest/home/?p_p_id=82&amp;p_p_lifecycle=1&amp;p_p_state=normal&amp;p_p_mode=view&amp;p_p_col_id=column-1&amp;p_p_col_pos=1&amp;p_p_col_count=3&amp;_82_struts_action=%2Flanguage%2Fview&amp;_82_redirect=%2Fweb%2Fguest%2Fhome%2F%3Fp_p_id%3D82%26amp%3Bp_p_lifecycle%3D1%26amp%3Bp_p_state%3Dnormal%26amp%3Bp_p_mode%3Dview%26amp%3Bp_p_col_id%3Dcolumn-1%26amp%3Bp_p_col_pos%3D1%26amp%3Bp_p_col_count%3D3%26amp%3B_82_struts_action%3D%252Flanguage%252Fview%26amp%3B_82_redirect%3D%252Fweb%252Fguest%252Fhome%252F%253Fp_p_state%253Dnormal%2526p_p_mode%253Dview%2526saveLastPath%253Dfalse%2526_58_struts_action%253D%25252Flogin%25252Flogin%2526p_p_id%253D58%2526p_p_lifecycle%253D0%2526_58_redirect%253D%25252Fgroup%25252Fcrm%25252Fhome1%25253Bjsessionid%25253D6333A461481C354B38E272AE7676BCE1%26amp%3BlanguageId%3Den_US&amp;languageId=ar_SA,https://iot.stc.com.sa/web/guest/home/?p_p_state=normal&p_p_mode=view&saveLastPath=false&_58_struts_action=%2Flogin%2Flogin&p_p_id=58&p_p_lifecycle=0&_58_redirect=%2Fgroup%2Fcrm%2Fhome1%3Bjsessionid%3D6333A461481C354B38E272AE7676BCE1,False,https://iot.stc.com.sa/web/guest/home/?p_p_id=82&amp;p_p_lifecycle=1&amp;p_p_state=normal&amp;p_p_mode=view&amp;p_p_col_id=column-1&amp;p_p_col_pos=1&amp;p_p_col_count=3&amp;_82_struts_action=%2Flanguage%2Fview&amp;_82_redirect=%2Fweb%2Fguest%2Fhome%2F%3Fp_p_id%3D82%26amp%3Bp_p_lifecycle%3D1%26amp%3Bp_p_state%3Dnormal%26amp%3Bp_p_mode%3Dview%26amp%3Bp_p_col_id%3Dcolumn-1%26amp%3Bp_p_col_pos%3D1%26amp%3Bp_p_col_count%3D3%26amp%3B_82_struts_action%3D%252Flanguage%252Fview%26amp%3B_82_redirect%3D%252Fweb%252Fguest%252Fhome%252F%253Fp_p_state%253Dnormal%2526p_p_mode%253Dview%2526saveLastPath%253Dfalse%2526_58_struts_action%253D%25252Flogin%25252Flogin%2526p_p_id%253D58%2526p_p_lifecycle%253D0%2526_58_redirect%253D%25252Fgroup%25252Fcrm%25252Fhome1%25253Bjsessionid%25253D6333A461481C354B38E272AE7676BCE1%26amp%3BlanguageId%3Den_US&amp;languageId=ar_SA,https://iot.stc.com.sa/web/guest/home/?p_p_state=normal&p_p_mode=view&saveLastPath=false&_58_struts_action=%2Flogin%2Flogin&p_p_id=58&p_p_lifecycle=0&_58_redirect=%2Fgroup%2Fcrm%2Fhome1%3Bjsessionid%3D6333A461481C354B38E272AE7676BCE1,https://iot.stc.com.sa/web/guest/home/?p_p_id=82&amp;p_p_lifecycle=1&amp;p_p_state=normal&amp;p_p_mode=view&amp;p_p_col_id=column-1&amp;p_p_col_pos=1&amp;p_p_col_count=3&amp;_82_struts_action=%2Flanguage%2Fview&amp;_82_redirect=%2Fweb%2Fguest%2Fhome%2F%3Fp_p_id%3D82%26amp%3Bp_p_lifecycle%3D1%26amp%3Bp_p_state%3Dnormal%26amp%3Bp_p_mode%3Dview%26amp%3Bp_p_col_id%3Dcolumn-1%26amp%3Bp_p_col_pos%3D1%26amp%3Bp_p_col_count%3D3%26amp%3B_82_struts_action%3D%252Flanguage%252Fview%26amp%3B_82_redirect%3D%252Fweb%252Fguest%252Fhome%252F%253Fp_p_state%253Dnormal%2526p_p_mode%253Dview%2526saveLastPath%253Dfalse%2526_58_struts_action%253D%25252Flogin%25252Flogin%2526p_p_id%253D58%2526p_p_lifecycle%253D0%2526_58_redirect%253D%25252Fgroup%25252Fcrm%25252Fhome1%25253Bjsessionid%25253D6333A461481C354B38E272AE7676BCE1%26amp%3BlanguageId%3Den_US&amp;languageId=ar_SA,recon_page,2026-05-12T09:29:50.622211
51,1,1,1,1,0,0,2,0,14,0,sa,404,4,673,60.502,0,0,7,1,XXXXXX,0,html,0,0,0,0,2,0,1,0,1,0,0,0,0,0,0,0,0,0,0,0,0,0,0,0,0,0,0,0,0,0,0,0,0,0,0,0,0,0,0,1,1,0,0,1,1,1,0,0,0,0,0,1,0,0,0,0,0,0,0,0,0,0,0,0,0,0,0,0,0,0,0,0,0.0,0.0,0.0,0,0,0,0,0,0,0,0,0,0,0,0,0,0,0,1,0,0,0,0,0,0.0,0.0,0.25,0.0,0,,20260512_090223,2026-05-12T09:30:00.984669,https://iot.stc.com.sa/CSRFServlet/?t=1778566159124,https://iot.stc.com.sa/web/guest/home/?p_p_state=normal&p_p_mode=view&saveLastPath=false&_58_struts_action=%2Flogin%2Flogin&p_p_id=58&p_p_lifecycle=0&_58_redirect=%2Fgroup%2Fcrm%2Fhome1%3Bjsessionid%3D6333A461481C354B38E272AE7676BCE1,False,https://iot.stc.com.sa/CSRFServlet/?t=1778566159124,https://iot.stc.com.sa/web/guest/home/?p_p_state=normal&p_p_mode=view&saveLastPath=false&_58_struts_action=%2Flogin%2Flogin&p_p_id=58&p_p_lifecycle=0&_58_redirect=%2Fgroup%2Fcrm%2Fhome1%3Bjsessionid%3D6333A461481C354B38E272AE7676BCE1,https://iot.stc.com.sa/CSRFServlet/?t=1778566159124,recon_page,2026-05-12T09:30:00.989235
578,1,3,1,10,0,0,2,0,14,0,sa,200,2,37728,237.263,0,0,12,1,XXXXXX,0,html,0,0,1,1,3,0,1,0,1,0,1,4,1,11,1,1,1,4,0,0,0,0,1,2,0,0,1,1,1,65,13,52,0,1,14,14,0,1,8,1,2,1,6,1,1,1,1,0,0,0,0,0,1,0,0,0,0,1,0,0,0,0,0,0,1,0,0,0,0,0,0,0,0.0,0.0,0.0,0,0,0,0,4,1,2,0,0,4,0,9,68,9,0,6,0,0,0,0,0,2.75,0.0017228583545377439,0.375,0.45059372349448684,0,,20260512_090223,2026-05-12T09:30:29.750867,https://iot.stc.com.sa/web/guest/home/?p_p_id=82&amp;p_p_lifecycle=1&amp;p_p_state=normal&amp;p_p_mode=view&amp;p_p_col_id=column-1&amp;p_p_col_pos=1&amp;p_p_col_count=3&amp;_82_struts_action=%2Flanguage%2Fview&amp;_82_redirect=%2Fweb%2Fguest%2Fhome%2F%3Fp_p_id%3D82%26amp%3Bp_p_lifecycle%3D1%26amp%3Bp_p_state%3Dnormal%26amp%3Bp_p_mode%3Dview%26amp%3Bp_p_col_id%3Dcolumn-1%26amp%3Bp_p_col_pos%3D1%26amp%3Bp_p_col_count%3D3%26amp%3B_82_struts_action%3D%252Flanguage%252Fview%26amp%3B_82_redirect%3D%252Fweb%252Fguest%252Fhome%252F%26amp%3BlanguageId%3Dar_SA&amp;languageId=en_US,https://iot.stc.com.sa/web/guest/home/?p_p_state=normal&p_p_mode=view&saveLastPath=false&_58_struts_action=%2Flogin%2Flogin&p_p_id=58&p_p_lifecycle=0&_58_redirect=%2Fgroup%2Fcrm%2Fhome1%3Bjsessionid%3D6333A461481C354B38E272AE7676BCE1,False,https://iot.stc.com.sa/web/guest/home/?p_p_id=82&amp;p_p_lifecycle=1&amp;p_p_state=normal&amp;p_p_mode=view&amp;p_p_col_id=column-1&amp;p_p_col_pos=1&amp;p_p_col_count=3&amp;_82_struts_action=%2Flanguage%2Fview&amp;_82_redirect=%2Fweb%2Fguest%2Fhome%2F%3Fp_p_id%3D82%26amp%3Bp_p_lifecycle%3D1%26amp%3Bp_p_state%3Dnormal%26amp%3Bp_p_mode%3Dview%26amp%3Bp_p_col_id%3Dcolumn-1%26amp%3Bp_p_col_pos%3D1%26amp%3Bp_p_col_count%3D3%26amp%3B_82_struts_action%3D%252Flanguage%252Fview%26amp%3B_82_redirect%3D%252Fweb%252Fguest%252Fhome%252F%26amp%3BlanguageId%3Dar_SA&amp;languageId=en_US,https://iot.stc.com.sa/web/guest/home/?p_p_state=normal&p_p_mode=view&saveLastPath=false&_58_struts_action=%2Flogin%2Flogin&p_p_id=58&p_p_lifecycle=0&_58_redirect=%2Fgroup%2Fcrm%2Fhome1%3Bjsessionid%3D6333A461481C354B38E272AE7676BCE1,https://iot.stc.com.sa/web/guest/home/?p_p_id=82&amp;p_p_lifecycle=1&amp;p_p_state=normal&amp;p_p_mode=view&amp;p_p_col_id=column-1&amp;p_p_col_pos=1&amp;p_p_col_count=3&amp;_82_struts_action=%2Flanguage%2Fview&amp;_82_redirect=%2Fweb%2Fguest%2Fhome%2F%3Fp_p_id%3D82%26amp%3Bp_p_lifecycle%3D1%26amp%3Bp_p_state%3Dnormal%26amp%3Bp_p_mode%3Dview%26amp%3Bp_p_col_id%3Dcolumn-1%26amp%3Bp_p_col_pos%3D1%26amp%3Bp_p_col_count%3D3%26amp%3B_82_struts_action%3D%252Flanguage%252Fview%26amp%3B_82_redirect%3D%252Fweb%252Fguest%252Fhome%252F%26amp%3BlanguageId%3Dar_SA&amp;languageId=en_US,recon_page,2026-05-12T09:30:29.753829
578,1,3,1,10,0,0,2,0,14,0,sa,200,2,37728,195.315,0,0,12,1,XXXXXX,0,html,0,0,1,1,3,0,1,0,1,0,1,4,1,11,1,1,1,4,0,0,0,0,1,2,0,0,1,1,1,65,13,52,0,1,14,14,0,1,8,1,2,1,6,1,1,1,1,0,0,0,0,0,1,0,0,0,0,1,0,0,0,0,0,0,1,0,0,0,0,0,0,0,0.0,0.0,0.0,0,0,0,0,4,1,2,0,0,4,0,9,68,9,0,6,0,0,0,0,0,2.75,0.0017228583545377439,0.375,0.45059372349448684,0,,20260512_090223,2026-05-12T09:30:46.571664,https://iot.stc.com.sa/web/guest/home/?p_p_id=82&amp;p_p_lifecycle=1&amp;p_p_state=normal&amp;p_p_mode=view&amp;p_p_col_id=column-1&amp;p_p_col_pos=1&amp;p_p_col_count=3&amp;_82_struts_action=%2Flanguage%2Fview&amp;_82_redirect=%2Fweb%2Fguest%2Fhome%2F%3Fp_p_id%3D82%26amp%3Bp_p_lifecycle%3D1%26amp%3Bp_p_state%3Dnormal%26amp%3Bp_p_mode%3Dview%26amp%3Bp_p_col_id%3Dcolumn-1%26amp%3Bp_p_col_pos%3D1%26amp%3Bp_p_col_count%3D3%26amp%3B_82_struts_action%3D%252Flanguage%252Fview%26amp%3B_82_redirect%3D%252Fweb%252Fguest%252Fhome%252F%26amp%3BlanguageId%3Dar_SA&amp;languageId=ar_SA,https://iot.stc.com.sa/web/guest/home/?p_p_state=normal&p_p_mode=view&saveLastPath=false&_58_struts_action=%2Flogin%2Flogin&p_p_id=58&p_p_lifecycle=0&_58_redirect=%2Fgroup%2Fcrm%2Fhome1%3Bjsessionid%3D6333A461481C354B38E272AE7676BCE1,False,https://iot.stc.com.sa/web/guest/home/?p_p_id=82&amp;p_p_lifecycle=1&amp;p_p_state=normal&amp;p_p_mode=view&amp;p_p_col_id=column-1&amp;p_p_col_pos=1&amp;p_p_col_count=3&amp;_82_struts_action=%2Flanguage%2Fview&amp;_82_redirect=%2Fweb%2Fguest%2Fhome%2F%3Fp_p_id%3D82%26amp%3Bp_p_lifecycle%3D1%26amp%3Bp_p_state%3Dnormal%26amp%3Bp_p_mode%3Dview%26amp%3Bp_p_col_id%3Dcolumn-1%26amp%3Bp_p_col_pos%3D1%26amp%3Bp_p_col_count%3D3%26amp%3B_82_struts_action%3D%252Flanguage%252Fview%26amp%3B_82_redirect%3D%252Fweb%252Fguest%252Fhome%252F%26amp%3BlanguageId%3Dar_SA&amp;languageId=ar_SA,https://iot.stc.com.sa/web/guest/home/?p_p_state=normal&p_p_mode=view&saveLastPath=false&_58_struts_action=%2Flogin%2Flogin&p_p_id=58&p_p_lifecycle=0&_58_redirect=%2Fgroup%2Fcrm%2Fhome1%3Bjsessionid%3D6333A461481C354B38E272AE7676BCE1,https://iot.stc.com.sa/web/guest/home/?p_p_id=82&amp;p_p_lifecycle=1&amp;p_p_state=normal&amp;p_p_mode=view&amp;p_p_col_id=column-1&amp;p_p_col_pos=1&amp;p_p_col_count=3&amp;_82_struts_action=%2Flanguage%2Fview&amp;_82_redirect=%2Fweb%2Fguest%2Fhome%2F%3Fp_p_id%3D82%26amp%3Bp_p_lifecycle%3D1%26amp%3Bp_p_state%3Dnormal%26amp%3Bp_p_mode%3Dview%26amp%3Bp_p_col_id%3Dcolumn-1%26amp%3Bp_p_col_pos%3D1%26amp%3Bp_p_col_count%3D3%26amp%3B_82_struts_action%3D%252Flanguage%252Fview%26amp%3B_82_redirect%3D%252Fweb%252Fguest%252Fhome%252F%26amp%3BlanguageId%3Dar_SA&amp;languageId=ar_SA,recon_page,2026-05-12T09:30:46.574761
803,1,3,1,10,0,0,2,0,14,0,sa,200,2,40568,216.40400000000002,0,0,12,1,XXXXXX,0,html,0,0,1,1,3,0,1,0,1,0,1,4,1,11,1,1,1,4,0,0,0,0,1,2,0,0,1,1,1,65,13,52,0,1,14,14,0,1,8,1,2,1,6,1,1,1,1,0,0,0,0,0,1,0,0,0,0,1,0,0,0,0,0,0,1,0,0,0,0,0,0,0,0.0,0.0,0.0,0,0,0,0,4,1,3,0,0,4,0,9,68,9,0,6,0,0,0,0,0,2.75,0.0016022480773023073,0.375,0.41904949714060347,0,,20260512_090223,2026-05-12T09:32:11.683375,https://iot.stc.com.sa/web/guest/home/?p_p_id=82&amp;p_p_lifecycle=1&amp;p_p_state=normal&amp;p_p_mode=view&amp;p_p_col_id=column-1&amp;p_p_col_pos=1&amp;p_p_col_count=3&amp;_82_struts_action=%2Flanguage%2Fview&amp;_82_redirect=%2Fweb%2Fguest%2Fhome%2F%3Fp_p_id%3D82%26amp%3Bp_p_lifecycle%3D1%26amp%3Bp_p_state%3Dnormal%26amp%3Bp_p_mode%3Dview%26amp%3Bp_p_col_id%3Dcolumn-1%26amp%3Bp_p_col_pos%3D1%26amp%3Bp_p_col_count%3D3%26amp%3B_82_struts_action%3D%252Flanguage%252Fview%26amp%3B_82_redirect%3D%252Fweb%252Fguest%252Fhome%252F%253Fp_p_id%253D58%2526p_p_lifecycle%253D1%2526p_p_state%253Dnormal%2526p_p_mode%253Dview%2526p_p_col_id%253Dcolumn-1%2526p_p_col_count%253D3%2526saveLastPath%253D0%2526_58_struts_action%253D%25252Flogin%25252Fforgot_password%26amp%3BlanguageId%3Dar_SA&amp;languageId=en_US,https://iot.stc.com.sa/web/guest/home/?p_p_state=normal&p_p_mode=view&saveLastPath=false&_58_struts_action=%2Flogin%2Flogin&p_p_id=58&p_p_lifecycle=0&_58_redirect=%2Fgroup%2Fcrm%2Fhome1%3Bjsessionid%3D6333A461481C354B38E272AE7676BCE1,False,https://iot.stc.com.sa/web/guest/home/?p_p_id=82&amp;p_p_lifecycle=1&amp;p_p_state=normal&amp;p_p_mode=view&amp;p_p_col_id=column-1&amp;p_p_col_pos=1&amp;p_p_col_count=3&amp;_82_struts_action=%2Flanguage%2Fview&amp;_82_redirect=%2Fweb%2Fguest%2Fhome%2F%3Fp_p_id%3D82%26amp%3Bp_p_lifecycle%3D1%26amp%3Bp_p_state%3Dnormal%26amp%3Bp_p_mode%3Dview%26amp%3Bp_p_col_id%3Dcolumn-1%26amp%3Bp_p_col_pos%3D1%26amp%3Bp_p_col_count%3D3%26amp%3B_82_struts_action%3D%252Flanguage%252Fview%26amp%3B_82_redirect%3D%252Fweb%252Fguest%252Fhome%252F%253Fp_p_id%253D58%2526p_p_lifecycle%253D1%2526p_p_state%253Dnormal%2526p_p_mode%253Dview%2526p_p_col_id%253Dcolumn-1%2526p_p_col_count%253D3%2526saveLastPath%253D0%2526_58_struts_action%253D%25252Flogin%25252Fforgot_password%26amp%3BlanguageId%3Dar_SA&amp;languageId=en_US,https://iot.stc.com.sa/web/guest/home/?p_p_state=normal&p_p_mode=view&saveLastPath=false&_58_struts_action=%2Flogin%2Flogin&p_p_id=58&p_p_lifecycle=0&_58_redirect=%2Fgroup%2Fcrm%2Fhome1%3Bjsessionid%3D6333A461481C354B38E272AE7676BCE1,https://iot.stc.com.sa/web/guest/home/?p_p_id=82&amp;p_p_lifecycle=1&amp;p_p_state=normal&amp;p_p_mode=view&amp;p_p_col_id=column-1&amp;p_p_col_pos=1&amp;p_p_col_count=3&amp;_82_struts_action=%2Flanguage%2Fview&amp;_82_redirect=%2Fweb%2Fguest%2Fhome%2F%3Fp_p_id%3D82%26amp%3Bp_p_lifecycle%3D1%26amp%3Bp_p_state%3Dnormal%26amp%3Bp_p_mode%3Dview%26amp%3Bp_p_col_id%3Dcolumn-1%26amp%3Bp_p_col_pos%3D1%26amp%3Bp_p_col_count%3D3%26amp%3B_82_struts_action%3D%252Flanguage%252Fview%26amp%3B_82_redirect%3D%252Fweb%252Fguest%252Fhome%252F%253Fp_p_id%253D58%2526p_p_lifecycle%253D1%2526p_p_state%253Dnormal%2526p_p_mode%253Dview%2526p_p_col_id%253Dcolumn-1%2526p_p_col_count%253D3%2526saveLastPath%253D0%2526_58_struts_action%253D%25252Flogin%25252Fforgot_password%26amp%3BlanguageId%3Dar_SA&amp;languageId=en_US,recon_page,2026-05-12T09:32:11.687643
51,1,1,1,1,0,0,2,0,14,0,sa,404,4,673,60.373999999999995,0,0,7,1,XXXXXX,0,html,0,0,0,0,2,0,1,0,1,0,0,0,0,0,0,0,0,0,0,0,0,0,0,0,0,0,0,0,0,0,0,0,0,0,0,0,0,0,0,1,1,0,0,1,1,1,0,0,0,0,0,1,0,0,0,0,0,0,0,0,0,0,0,0,0,0,0,0,0,0,0,0,0.0,0.0,0.0,0,0,0,0,0,0,0,0,0,0,0,0,0,0,0,1,0,0,0,0,0,0.0,0.0,0.25,0.0,0,,20260512_090223,2026-05-12T09:32:22.164359,https://iot.stc.com.sa/CSRFServlet/?t=1778566158697,https://iot.stc.com.sa/web/guest/home/?p_p_state=normal&p_p_mode=view&saveLastPath=false&_58_struts_action=%2Flogin%2Flogin&p_p_id=58&p_p_lifecycle=0&_58_redirect=%2Fgroup%2Fcrm%2Fhome1%3Bjsessionid%3D6333A461481C354B38E272AE7676BCE1,False,https://iot.stc.com.sa/CSRFServlet/?t=1778566158697,https://iot.stc.com.sa/web/guest/home/?p_p_state=normal&p_p_mode=view&saveLastPath=false&_58_struts_action=%2Flogin%2Flogin&p_p_id=58&p_p_lifecycle=0&_58_redirect=%2Fgroup%2Fcrm%2Fhome1%3Bjsessionid%3D6333A461481C354B38E272AE7676BCE1,https://iot.stc.com.sa/CSRFServlet/?t=1778566158697,recon_page,2026-05-12T09:32:22.168046
803,1,3,1,10,0,0,2,0,14,0,sa,200,2,40644,189.971,0,0,12,1,XXXXXX,0,html,0,0,1,1,3,0,1,0,1,0,1,4,1,11,1,1,1,4,0,0,0,0,1,2,0,0,1,1,1,65,13,52,0,1,14,14,0,1,8,1,2,1,6,1,1,1,1,0,0,0,0,0,1,0,0,0,0,1,0,0,0,0,0,0,1,0,0,0,0,0,0,0,0.0,0.0,0.0,0,0,0,0,4,1,3,0,0,4,0,9,68,9,0,6,0,0,0,0,0,2.75,0.0015992520421218384,0.375,0.41826591870878854,0,,20260512_090223,2026-05-12T09:33:29.430851,https://iot.stc.com.sa/web/guest/home/?p_p_id=82&amp;p_p_lifecycle=1&amp;p_p_state=normal&amp;p_p_mode=view&amp;p_p_col_id=column-1&amp;p_p_col_pos=1&amp;p_p_col_count=3&amp;_82_struts_action=%2Flanguage%2Fview&amp;_82_redirect=%2Fweb%2Fguest%2Fhome%2F%3Fp_p_id%3D82%26amp%3Bp_p_lifecycle%3D1%26amp%3Bp_p_state%3Dnormal%26amp%3Bp_p_mode%3Dview%26amp%3Bp_p_col_id%3Dcolumn-1%26amp%3Bp_p_col_pos%3D1%26amp%3Bp_p_col_count%3D3%26amp%3B_82_struts_action%3D%252Flanguage%252Fview%26amp%3B_82_redirect%3D%252Fweb%252Fguest%252Fhome%252F%253Fp_p_id%253D58%2526p_p_lifecycle%253D1%2526p_p_state%253Dnormal%2526p_p_mode%253Dview%2526p_p_col_id%253Dcolumn-1%2526p_p_col_count%253D3%2526saveLastPath%253D0%2526_58_struts_action%253D%25252Flogin%25252Fforgot_password%26amp%3BlanguageId%3Dar_SA&amp;languageId=ar_SA,https://iot.stc.com.sa/web/guest/home/?p_p_state=normal&p_p_mode=view&saveLastPath=false&_58_struts_action=%2Flogin%2Flogin&p_p_id=58&p_p_lifecycle=0&_58_redirect=%2Fgroup%2Fcrm%2Fhome1%3Bjsessionid%3D6333A461481C354B38E272AE7676BCE1,False,https://iot.stc.com.sa/web/guest/home/?p_p_id=82&amp;p_p_lifecycle=1&amp;p_p_state=normal&amp;p_p_mode=view&amp;p_p_col_id=column-1&amp;p_p_col_pos=1&amp;p_p_col_count=3&amp;_82_struts_action=%2Flanguage%2Fview&amp;_82_redirect=%2Fweb%2Fguest%2Fhome%2F%3Fp_p_id%3D82%26amp%3Bp_p_lifecycle%3D1%26amp%3Bp_p_state%3Dnormal%26amp%3Bp_p_mode%3Dview%26amp%3Bp_p_col_id%3Dcolumn-1%26amp%3Bp_p_col_pos%3D1%26amp%3Bp_p_col_count%3D3%26amp%3B_82_struts_action%3D%252Flanguage%252Fview%26amp%3B_82_redirect%3D%252Fweb%252Fguest%252Fhome%252F%253Fp_p_id%253D58%2526p_p_lifecycle%253D1%2526p_p_state%253Dnormal%2526p_p_mode%253Dview%2526p_p_col_id%253Dcolumn-1%2526p_p_col_count%253D3%2526saveLastPath%253D0%2526_58_struts_action%253D%25252Flogin%25252Fforgot_password%26amp%3BlanguageId%3Dar_SA&amp;languageId=ar_SA,https://iot.stc.com.sa/web/guest/home/?p_p_state=normal&p_p_mode=view&saveLastPath=false&_58_struts_action=%2Flogin%2Flogin&p_p_id=58&p_p_lifecycle=0&_58_redirect=%2Fgroup%2Fcrm%2Fhome1%3Bjsessionid%3D6333A461481C354B38E272AE7676BCE1,https://iot.stc.com.sa/web/guest/home/?p_p_id=82&amp;p_p_lifecycle=1&amp;p_p_state=normal&amp;p_p_mode=view&amp;p_p_col_id=column-1&amp;p_p_col_pos=1&amp;p_p_col_count=3&amp;_82_struts_action=%2Flanguage%2Fview&amp;_82_redirect=%2Fweb%2Fguest%2Fhome%2F%3Fp_p_id%3D82%26amp%3Bp_p_lifecycle%3D1%26amp%3Bp_p_state%3Dnormal%26amp%3Bp_p_mode%3Dview%26amp%3Bp_p_col_id%3Dcolumn-1%26amp%3Bp_p_col_pos%3D1%26amp%3Bp_p_col_count%3D3%26amp%3B_82_struts_action%3D%252Flanguage%252Fview%26amp%3B_82_redirect%3D%252Fweb%252Fguest%252Fhome%252F%253Fp_p_id%253D58%2526p_p_lifecycle%253D1%2526p_p_state%253Dnormal%2526p_p_mode%253Dview%2526p_p_col_id%253Dcolumn-1%2526p_p_col_count%253D3%2526saveLastPath%253D0%2526_58_struts_action%253D%25252Flogin%25252Fforgot_password%26amp%3BlanguageId%3Dar_SA&amp;languageId=ar_SA,recon_page,2026-05-12T09:33:29.433764
51,1,1,1,1,0,0,2,0,14,0,sa,404,4,673,78.652,0,0,7,1,XXXXXX,0,html,0,0,0,0,2,0,1,0,1,0,0,0,0,0,0,0,0,0,0,0,0,0,0,0,0,0,0,0,0,0,0,0,0,0,0,0,0,0,0,1,1,0,0,1,1,1,0,0,0,0,0,1,0,0,0,0,0,0,0,0,0,0,0,0,0,0,0,0,0,0,0,0,0.0,0.0,0.0,0,0,0,0,0,0,0,0,0,0,0,0,0,0,0,1,0,0,0,0,0,0.0,0.0,0.25,0.0,0,,20260512_090223,2026-05-12T09:33:30.395999,https://iot.stc.com.sa/CSRFServlet/?t=1778566160014,https://iot.stc.com.sa/web/guest/home/?p_p_state=normal&p_p_mode=view&saveLastPath=false&_58_struts_action=%2Flogin%2Flogin&p_p_id=58&p_p_lifecycle=0&_58_redirect=%2Fgroup%2Fcrm%2Fhome1%3Bjsessionid%3D6333A461481C354B38E272AE7676BCE1,False,https://iot.stc.com.sa/CSRFServlet/?t=1778566160014,https://iot.stc.com.sa/web/guest/home/?p_p_state=normal&p_p_mode=view&saveLastPath=false&_58_struts_action=%2Flogin%2Flogin&p_p_id=58&p_p_lifecycle=0&_58_redirect=%2Fgroup%2Fcrm%2Fhome1%3Bjsessionid%3D6333A461481C354B38E272AE7676BCE1,https://iot.stc.com.sa/CSRFServlet/?t=1778566160014,recon_page,2026-05-12T09:33:30.398596
719,1,3,1,10,0,0,2,0,14,0,sa,200,2,39564,208.99300000000002,0,0,12,1,XXXXXX,0,html,0,0,1,1,3,0,1,0,1,0,1,4,1,11,1,1,1,4,0,0,0,0,1,2,0,0,1,1,1,65,13,52,0,1,14,14,0,1,8,1,2,1,6,1,1,1,1,0,0,0,0,0,1,0,0,0,0,1,0,0,0,0,0,0,1,0,0,0,0,0,0,0,0.0,0.0,0.0,0,0,0,0,4,1,2,0,0,4,0,9,68,9,0,6,0,0,0,0,0,2.75,0.001642907693863108,0.375,0.42968355070265896,0,,20260512_090223,2026-05-12T09:33:48.364346,https://iot.stc.com.sa/web/guest/home/?p_p_id=82&amp;p_p_lifecycle=1&amp;p_p_state=normal&amp;p_p_mode=view&amp;p_p_col_id=column-1&amp;p_p_col_pos=1&amp;p_p_col_count=3&amp;_82_struts_action=%2Flanguage%2Fview&amp;_82_redirect=%2Fweb%2Fguest%2Fhome%2F%3Fp_p_id%3D82%26amp%3Bp_p_lifecycle%3D1%26amp%3Bp_p_state%3Dnormal%26amp%3Bp_p_mode%3Dview%26amp%3Bp_p_col_id%3Dcolumn-1%26amp%3Bp_p_col_pos%3D1%26amp%3Bp_p_col_count%3D3%26amp%3B_82_struts_action%3D%252Flanguage%252Fview%26amp%3B_82_redirect%3D%252Fweb%252Fguest%252Fhome%252F%253Fp_p_id%253D58%2526p_p_lifecycle%253D0%2526p_p_state%253Dnormal%2526p_p_mode%253Dview%2526p_p_col_id%253Dcolumn-1%2526p_p_col_count%253D3%26amp%3BlanguageId%3Dar_SA&amp;languageId=en_US,https://iot.stc.com.sa/web/guest/home/?p_p_state=normal&p_p_mode=view&saveLastPath=false&_58_struts_action=%2Flogin%2Flogin&p_p_id=58&p_p_lifecycle=0&_58_redirect=%2Fgroup%2Fcrm%2Fhome1%3Bjsessionid%3D6333A461481C354B38E272AE7676BCE1,False,https://iot.stc.com.sa/web/guest/home/?p_p_id=82&amp;p_p_lifecycle=1&amp;p_p_state=normal&amp;p_p_mode=view&amp;p_p_col_id=column-1&amp;p_p_col_pos=1&amp;p_p_col_count=3&amp;_82_struts_action=%2Flanguage%2Fview&amp;_82_redirect=%2Fweb%2Fguest%2Fhome%2F%3Fp_p_id%3D82%26amp%3Bp_p_lifecycle%3D1%26amp%3Bp_p_state%3Dnormal%26amp%3Bp_p_mode%3Dview%26amp%3Bp_p_col_id%3Dcolumn-1%26amp%3Bp_p_col_pos%3D1%26amp%3Bp_p_col_count%3D3%26amp%3B_82_struts_action%3D%252Flanguage%252Fview%26amp%3B_82_redirect%3D%252Fweb%252Fguest%252Fhome%252F%253Fp_p_id%253D58%2526p_p_lifecycle%253D0%2526p_p_state%253Dnormal%2526p_p_mode%253Dview%2526p_p_col_id%253Dcolumn-1%2526p_p_col_count%253D3%26amp%3BlanguageId%3Dar_SA&amp;languageId=en_US,https://iot.stc.com.sa/web/guest/home/?p_p_state=normal&p_p_mode=view&saveLastPath=false&_58_struts_action=%2Flogin%2Flogin&p_p_id=58&p_p_lifecycle=0&_58_redirect=%2Fgroup%2Fcrm%2Fhome1%3Bjsessionid%3D6333A461481C354B38E272AE7676BCE1,https://iot.stc.com.sa/web/guest/home/?p_p_id=82&amp;p_p_lifecycle=1&amp;p_p_state=normal&amp;p_p_mode=view&amp;p_p_col_id=column-1&amp;p_p_col_pos=1&amp;p_p_col_count=3&amp;_82_struts_action=%2Flanguage%2Fview&amp;_82_redirect=%2Fweb%2Fguest%2Fhome%2F%3Fp_p_id%3D82%26amp%3Bp_p_lifecycle%3D1%26amp%3Bp_p_state%3Dnormal%26amp%3Bp_p_mode%3Dview%26amp%3Bp_p_col_id%3Dcolumn-1%26amp%3Bp_p_col_pos%3D1%26amp%3Bp_p_col_count%3D3%26amp%3B_82_struts_action%3D%252Flanguage%252Fview%26amp%3B_82_redirect%3D%252Fweb%252Fguest%252Fhome%252F%253Fp_p_id%253D58%2526p_p_lifecycle%253D0%2526p_p_state%253Dnormal%2526p_p_mode%253Dview%2526p_p_col_id%253Dcolumn-1%2526p_p_col_count%253D3%26amp%3BlanguageId%3Dar_SA&amp;languageId=en_US,recon_page,2026-05-12T09:33:48.367475
719,1,3,1,10,0,0,2,0,14,0,sa,200,2,39564,204.194,0,0,12,1,XXXXXX,0,html,0,0,1,1,3,0,1,0,1,0,1,4,1,11,1,1,1,4,0,0,0,0,1,2,0,0,1,1,1,65,13,52,0,1,14,14,0,1,8,1,2,1,6,1,1,1,1,0,0,0,0,0,1,0,0,0,0,1,0,0,0,0,0,0,1,0,0,0,0,0,0,0,0.0,0.0,0.0,0,0,0,0,4,1,2,0,0,4,0,9,68,9,0,6,0,0,0,0,0,2.75,0.001642907693863108,0.375,0.42968355070265896,0,,20260512_090223,2026-05-12T09:34:50.698047,https://iot.stc.com.sa/web/guest/home/?p_p_id=82&amp;p_p_lifecycle=1&amp;p_p_state=normal&amp;p_p_mode=view&amp;p_p_col_id=column-1&amp;p_p_col_pos=1&amp;p_p_col_count=3&amp;_82_struts_action=%2Flanguage%2Fview&amp;_82_redirect=%2Fweb%2Fguest%2Fhome%2F%3Fp_p_id%3D82%26amp%3Bp_p_lifecycle%3D1%26amp%3Bp_p_state%3Dnormal%26amp%3Bp_p_mode%3Dview%26amp%3Bp_p_col_id%3Dcolumn-1%26amp%3Bp_p_col_pos%3D1%26amp%3Bp_p_col_count%3D3%26amp%3B_82_struts_action%3D%252Flanguage%252Fview%26amp%3B_82_redirect%3D%252Fweb%252Fguest%252Fhome%252F%253Fp_p_id%253D58%2526p_p_lifecycle%253D0%2526p_p_state%253Dnormal%2526p_p_mode%253Dview%2526p_p_col_id%253Dcolumn-1%2526p_p_col_count%253D3%26amp%3BlanguageId%3Dar_SA&amp;languageId=ar_SA,https://iot.stc.com.sa/web/guest/home/?p_p_state=normal&p_p_mode=view&saveLastPath=false&_58_struts_action=%2Flogin%2Flogin&p_p_id=58&p_p_lifecycle=0&_58_redirect=%2Fgroup%2Fcrm%2Fhome1%3Bjsessionid%3D6333A461481C354B38E272AE7676BCE1,False,https://iot.stc.com.sa/web/guest/home/?p_p_id=82&amp;p_p_lifecycle=1&amp;p_p_state=normal&amp;p_p_mode=view&amp;p_p_col_id=column-1&amp;p_p_col_pos=1&amp;p_p_col_count=3&amp;_82_struts_action=%2Flanguage%2Fview&amp;_82_redirect=%2Fweb%2Fguest%2Fhome%2F%3Fp_p_id%3D82%26amp%3Bp_p_lifecycle%3D1%26amp%3Bp_p_state%3Dnormal%26amp%3Bp_p_mode%3Dview%26amp%3Bp_p_col_id%3Dcolumn-1%26amp%3Bp_p_col_pos%3D1%26amp%3Bp_p_col_count%3D3%26amp%3B_82_struts_action%3D%252Flanguage%252Fview%26amp%3B_82_redirect%3D%252Fweb%252Fguest%252Fhome%252F%253Fp_p_id%253D58%2526p_p_lifecycle%253D0%2526p_p_state%253Dnormal%2526p_p_mode%253Dview%2526p_p_col_id%253Dcolumn-1%2526p_p_col_count%253D3%26amp%3BlanguageId%3Dar_SA&amp;languageId=ar_SA,https://iot.stc.com.sa/web/guest/home/?p_p_state=normal&p_p_mode=view&saveLastPath=false&_58_struts_action=%2Flogin%2Flogin&p_p_id=58&p_p_lifecycle=0&_58_redirect=%2Fgroup%2Fcrm%2Fhome1%3Bjsessionid%3D6333A461481C354B38E272AE7676BCE1,https://iot.stc.com.sa/web/guest/home/?p_p_id=82&amp;p_p_lifecycle=1&amp;p_p_state=normal&amp;p_p_mode=view&amp;p_p_col_id=column-1&amp;p_p_col_pos=1&amp;p_p_col_count=3&amp;_82_struts_action=%2Flanguage%2Fview&amp;_82_redirect=%2Fweb%2Fguest%2Fhome%2F%3Fp_p_id%3D82%26amp%3Bp_p_lifecycle%3D1%26amp%3Bp_p_state%3Dnormal%26amp%3Bp_p_mode%3Dview%26amp%3Bp_p_col_id%3Dcolumn-1%26amp%3Bp_p_col_pos%3D1%26amp%3Bp_p_col_count%3D3%26amp%3B_82_struts_action%3D%252Flanguage%252Fview%26amp%3B_82_redirect%3D%252Fweb%252Fguest%252Fhome%252F%253Fp_p_id%253D58%2526p_p_lifecycle%253D0%2526p_p_state%253Dnormal%2526p_p_mode%253Dview%2526p_p_col_id%253Dcolumn-1%2526p_p_col_count%253D3%26amp%3BlanguageId%3Dar_SA&amp;languageId=ar_SA,recon_page,2026-05-12T09:34:50.702639
719,1,3,1,10,0,0,2,0,14,0,sa,200,2,39488,198.99800000000002,0,0,12,1,XXXXXX,0,html,0,0,1,1,3,0,1,0,1,0,1,4,1,11,1,1,1,4,0,0,0,0,1,2,0,0,1,1,1,65,13,52,0,1,14,14,0,1,8,1,2,1,6,1,1,1,1,0,0,0,0,0,1,0,0,0,0,1,0,0,0,0,0,0,1,0,0,0,0,0,0,0,0.0,0.0,0.0,0,0,0,0,4,1,2,0,0,4,0,9,68,9,0,6,0,0,0,0,0,2.75,0.0016460696920583468,0.375,0.4305105348460292,0,,20260512_090223,2026-05-12T09:36:14.235386,https://iot.stc.com.sa/web/guest/home/?p_p_id=82&amp;p_p_lifecycle=1&amp;p_p_state=normal&amp;p_p_mode=view&amp;p_p_col_id=column-1&amp;p_p_col_pos=1&amp;p_p_col_count=3&amp;_82_struts_action=%2Flanguage%2Fview&amp;_82_redirect=%2Fweb%2Fguest%2Fhome%2F%3Fp_p_id%3D82%26amp%3Bp_p_lifecycle%3D1%26amp%3Bp_p_state%3Dnormal%26amp%3Bp_p_mode%3Dview%26amp%3Bp_p_col_id%3Dcolumn-1%26amp%3Bp_p_col_pos%3D1%26amp%3Bp_p_col_count%3D3%26amp%3B_82_struts_action%3D%252Flanguage%252Fview%26amp%3B_82_redirect%3D%252Fweb%252Fguest%252Fhome%252F%253Fp_p_id%253D58%2526p_p_lifecycle%253D0%2526p_p_state%253Dnormal%2526p_p_mode%253Dview%2526p_p_col_id%253Dcolumn-1%2526p_p_col_count%253D3%26amp%3BlanguageId%3Den_US&amp;languageId=ar_SA,https://iot.stc.com.sa/web/guest/home/?p_p_state=normal&p_p_mode=view&saveLastPath=false&_58_struts_action=%2Flogin%2Flogin&p_p_id=58&p_p_lifecycle=0&_58_redirect=%2Fgroup%2Fcrm%2Fhome1%3Bjsessionid%3D6333A461481C354B38E272AE7676BCE1,False,https://iot.stc.com.sa/web/guest/home/?p_p_id=82&amp;p_p_lifecycle=1&amp;p_p_state=normal&amp;p_p_mode=view&amp;p_p_col_id=column-1&amp;p_p_col_pos=1&amp;p_p_col_count=3&amp;_82_struts_action=%2Flanguage%2Fview&amp;_82_redirect=%2Fweb%2Fguest%2Fhome%2F%3Fp_p_id%3D82%26amp%3Bp_p_lifecycle%3D1%26amp%3Bp_p_state%3Dnormal%26amp%3Bp_p_mode%3Dview%26amp%3Bp_p_col_id%3Dcolumn-1%26amp%3Bp_p_col_pos%3D1%26amp%3Bp_p_col_count%3D3%26amp%3B_82_struts_action%3D%252Flanguage%252Fview%26amp%3B_82_redirect%3D%252Fweb%252Fguest%252Fhome%252F%253Fp_p_id%253D58%2526p_p_lifecycle%253D0%2526p_p_state%253Dnormal%2526p_p_mode%253Dview%2526p_p_col_id%253Dcolumn-1%2526p_p_col_count%253D3%26amp%3BlanguageId%3Den_US&amp;languageId=ar_SA,https://iot.stc.com.sa/web/guest/home/?p_p_state=normal&p_p_mode=view&saveLastPath=false&_58_struts_action=%2Flogin%2Flogin&p_p_id=58&p_p_lifecycle=0&_58_redirect=%2Fgroup%2Fcrm%2Fhome1%3Bjsessionid%3D6333A461481C354B38E272AE7676BCE1,https://iot.stc.com.sa/web/guest/home/?p_p_id=82&amp;p_p_lifecycle=1&amp;p_p_state=normal&amp;p_p_mode=view&amp;p_p_col_id=column-1&amp;p_p_col_pos=1&amp;p_p_col_count=3&amp;_82_struts_action=%2Flanguage%2Fview&amp;_82_redirect=%2Fweb%2Fguest%2Fhome%2F%3Fp_p_id%3D82%26amp%3Bp_p_lifecycle%3D1%26amp%3Bp_p_state%3Dnormal%26amp%3Bp_p_mode%3Dview%26amp%3Bp_p_col_id%3Dcolumn-1%26amp%3Bp_p_col_pos%3D1%26amp%3Bp_p_col_count%3D3%26amp%3B_82_struts_action%3D%252Flanguage%252Fview%26amp%3B_82_redirect%3D%252Fweb%252Fguest%252Fhome%252F%253Fp_p_id%253D58%2526p_p_lifecycle%253D0%2526p_p_state%253Dnormal%2526p_p_mode%253Dview%2526p_p_col_id%253Dcolumn-1%2526p_p_col_count%253D3%26amp%3BlanguageId%3Den_US&amp;languageId=ar_SA,recon_page,2026-05-12T09:36:14.241165
51,1,1,1,1,0,0,2,0,14,0,sa,404,4,673,54.529,0,0,7,1,XXXXXX,0,html,0,0,0,0,2,0,1,0,1,0,0,0,0,0,0,0,0,0,0,0,0,0,0,0,0,0,0,0,0,0,0,0,0,0,0,0,0,0,0,1,1,0,0,1,1,1,0,0,0,0,0,1,0,0,0,0,0,0,0,0,0,0,0,0,0,0,0,0,0,0,0,0,0.0,0.0,0.0,0,0,0,0,0,0,0,0,0,0,0,0,0,0,0,1,0,0,0,0,0,0.0,0.0,0.25,0.0,0,,20260512_090223,2026-05-12T09:36:19.690095,https://iot.stc.com.sa/CSRFServlet/?t=1778566258133,https://iot.stc.com.sa/web/guest/home/?p_p_state=normal&p_p_mode=view&saveLastPath=false&_58_struts_action=%2Flogin%2Flogin&p_p_id=58&p_p_lifecycle=0&_58_redirect=%2Fgroup%2Fcrm%2Fhome1%3Bjsessionid%3D6333A461481C354B38E272AE7676BCE1,False,https://iot.stc.com.sa/CSRFServlet/?t=1778566258133,https://iot.stc.com.sa/web/guest/home/?p_p_state=normal&p_p_mode=view&saveLastPath=false&_58_struts_action=%2Flogin%2Flogin&p_p_id=58&p_p_lifecycle=0&_58_redirect=%2Fgroup%2Fcrm%2Fhome1%3Bjsessionid%3D6333A461481C354B38E272AE7676BCE1,https://iot.stc.com.sa/CSRFServlet/?t=1778566258133,recon_page,2026-05-12T09:36:19.693903
719,1,3,1,10,0,0,2,0,14,0,sa,200,2,39488,162.04,0,0,12,1,XXXXXX,0,html,0,0,1,1,3,0,1,0,1,0,1,4,1,11,1,1,1,4,0,0,0,0,1,2,0,0,1,1,1,65,13,52,0,1,14,14,0,1,8,1,2,1,6,1,1,1,1,0,0,0,0,0,1,0,0,0,0,1,0,0,0,0,0,0,1,0,0,0,0,0,0,0,0.0,0.0,0.0,0,0,0,0,4,1,2,0,0,4,0,9,68,9,0,6,0,0,0,0,0,2.75,0.0016460696920583468,0.375,0.4305105348460292,0,,20260512_090223,2026-05-12T09:36:31.052568,https://iot.stc.com.sa/web/guest/home/?p_p_id=82&amp;p_p_lifecycle=1&amp;p_p_state=normal&amp;p_p_mode=view&amp;p_p_col_id=column-1&amp;p_p_col_pos=1&amp;p_p_col_count=3&amp;_82_struts_action=%2Flanguage%2Fview&amp;_82_redirect=%2Fweb%2Fguest%2Fhome%2F%3Fp_p_id%3D82%26amp%3Bp_p_lifecycle%3D1%26amp%3Bp_p_state%3Dnormal%26amp%3Bp_p_mode%3Dview%26amp%3Bp_p_col_id%3Dcolumn-1%26amp%3Bp_p_col_pos%3D1%26amp%3Bp_p_col_count%3D3%26amp%3B_82_struts_action%3D%252Flanguage%252Fview%26amp%3B_82_redirect%3D%252Fweb%252Fguest%252Fhome%252F%253Fp_p_id%253D58%2526p_p_lifecycle%253D0%2526p_p_state%253Dnormal%2526p_p_mode%253Dview%2526p_p_col_id%253Dcolumn-1%2526p_p_col_count%253D3%26amp%3BlanguageId%3Den_US&amp;languageId=en_US,https://iot.stc.com.sa/web/guest/home/?p_p_state=normal&p_p_mode=view&saveLastPath=false&_58_struts_action=%2Flogin%2Flogin&p_p_id=58&p_p_lifecycle=0&_58_redirect=%2Fgroup%2Fcrm%2Fhome1%3Bjsessionid%3D6333A461481C354B38E272AE7676BCE1,False,https://iot.stc.com.sa/web/guest/home/?p_p_id=82&amp;p_p_lifecycle=1&amp;p_p_state=normal&amp;p_p_mode=view&amp;p_p_col_id=column-1&amp;p_p_col_pos=1&amp;p_p_col_count=3&amp;_82_struts_action=%2Flanguage%2Fview&amp;_82_redirect=%2Fweb%2Fguest%2Fhome%2F%3Fp_p_id%3D82%26amp%3Bp_p_lifecycle%3D1%26amp%3Bp_p_state%3Dnormal%26amp%3Bp_p_mode%3Dview%26amp%3Bp_p_col_id%3Dcolumn-1%26amp%3Bp_p_col_pos%3D1%26amp%3Bp_p_col_count%3D3%26amp%3B_82_struts_action%3D%252Flanguage%252Fview%26amp%3B_82_redirect%3D%252Fweb%252Fguest%252Fhome%252F%253Fp_p_id%253D58%2526p_p_lifecycle%253D0%2526p_p_state%253Dnormal%2526p_p_mode%253Dview%2526p_p_col_id%253Dcolumn-1%2526p_p_col_count%253D3%26amp%3BlanguageId%3Den_US&amp;languageId=en_US,https://iot.stc.com.sa/web/guest/home/?p_p_state=normal&p_p_mode=view&saveLastPath=false&_58_struts_action=%2Flogin%2Flogin&p_p_id=58&p_p_lifecycle=0&_58_redirect=%2Fgroup%2Fcrm%2Fhome1%3Bjsessionid%3D6333A461481C354B38E272AE7676BCE1,https://iot.stc.com.sa/web/guest/home/?p_p_id=82&amp;p_p_lifecycle=1&amp;p_p_state=normal&amp;p_p_mode=view&amp;p_p_col_id=column-1&amp;p_p_col_pos=1&amp;p_p_col_count=3&amp;_82_struts_action=%2Flanguage%2Fview&amp;_82_redirect=%2Fweb%2Fguest%2Fhome%2F%3Fp_p_id%3D82%26amp%3Bp_p_lifecycle%3D1%26amp%3Bp_p_state%3Dnormal%26amp%3Bp_p_mode%3Dview%26amp%3Bp_p_col_id%3Dcolumn-1%26amp%3Bp_p_col_pos%3D1%26amp%3Bp_p_col_count%3D3%26amp%3B_82_struts_action%3D%252Flanguage%252Fview%26amp%3B_82_redirect%3D%252Fweb%252Fguest%252Fhome%252F%253Fp_p_id%253D58%2526p_p_lifecycle%253D0%2526p_p_state%253Dnormal%2526p_p_mode%253Dview%2526p_p_col_id%253Dcolumn-1%2526p_p_col_count%253D3%26amp%3BlanguageId%3Den_US&amp;languageId=en_US,recon_page,2026-05-12T09:36:31.242799
51,1,1,1,1,0,0,2,0,14,0,sa,404,4,673,60.399,0,0,7,1,XXXXXX,0,html,0,0,0,0,2,0,1,0,1,0,0,0,0,0,0,0,0,0,0,0,0,0,0,0,0,0,0,0,0,0,0,0,0,0,0,0,0,0,0,1,1,0,0,1,1,1,0,0,0,0,0,1,0,0,0,0,0,0,0,0,0,0,0,0,0,0,0,0,0,0,0,0,0.0,0.0,0.0,0,0,0,0,0,0,0,0,0,0,0,0,0,0,0,1,0,0,0,0,0,0.0,0.0,0.25,0.0,0,,20260512_090223,2026-05-12T09:38:02.617565,https://iot.stc.com.sa/CSRFServlet/?t=1778566397429,https://iot.stc.com.sa/web/guest/home/?p_p_state=normal&p_p_mode=view&saveLastPath=false&_58_struts_action=%2Flogin%2Flogin&p_p_id=58&p_p_lifecycle=0&_58_redirect=%2Fgroup%2Fcrm%2Fhome1%3Bjsessionid%3D6333A461481C354B38E272AE7676BCE1,False,https://iot.stc.com.sa/CSRFServlet/?t=1778566397429,https://iot.stc.com.sa/web/guest/home/?p_p_state=normal&p_p_mode=view&saveLastPath=false&_58_struts_action=%2Flogin%2Flogin&p_p_id=58&p_p_lifecycle=0&_58_redirect=%2Fgroup%2Fcrm%2Fhome1%3Bjsessionid%3D6333A461481C354B38E272AE7676BCE1,https://iot.stc.com.sa/CSRFServlet/?t=1778566397429,recon_page,2026-05-12T09:38:02.672521
1274,1,3,1,10,0,0,2,0,14,0,sa,200,2,46752,273.298,0,0,12,1,XXXXXX,0,html,0,0,1,1,3,0,1,0,1,0,1,4,1,11,1,1,1,4,0,0,0,0,1,2,0,0,1,1,1,65,13,52,0,1,14,14,0,1,8,1,2,1,6,1,1,1,1,0,0,0,0,0,1,0,0,0,0,1,0,0,0,0,0,0,1,0,0,0,0,0,0,0,0.0,0.0,0.0,0,0,0,0,4,1,3,0,0,4,0,9,68,9,0,6,0,0,0,0,0,2.75,0.0013903148528405201,0.375,0.3636208076659822,0,,20260512_090223,2026-05-12T09:38:52.802847,https://iot.stc.com.sa/web/guest/home/?p_p_id=82&amp;p_p_lifecycle=1&amp;p_p_state=normal&amp;p_p_mode=view&amp;p_p_col_id=column-1&amp;p_p_col_pos=1&amp;p_p_col_count=3&amp;_82_struts_action=%2Flanguage%2Fview&amp;_82_redirect=%2Fweb%2Fguest%2Fhome%2F%3Fp_p_id%3D82%26amp%3Bp_p_lifecycle%3D1%26amp%3Bp_p_state%3Dnormal%26amp%3Bp_p_mode%3Dview%26amp%3Bp_p_col_id%3Dcolumn-1%26amp%3Bp_p_col_pos%3D1%26amp%3Bp_p_col_count%3D3%26amp%3B_82_struts_action%3D%252Flanguage%252Fview%26amp%3B_82_redirect%3D%252Fweb%252Fguest%252Fhome%252F%253Fp_p_id%253D82%2526amp%253Bp_p_lifecycle%253D1%2526amp%253Bp_p_state%253Dnormal%2526amp%253Bp_p_mode%253Dview%2526amp%253Bp_p_col_id%253Dcolumn-1%2526amp%253Bp_p_col_pos%253D1%2526amp%253Bp_p_col_count%253D3%2526amp%253B_82_struts_action%253D%25252Flanguage%25252Fview%2526amp%253B_82_redirect%253D%25252Fweb%25252Fguest%25252Fhome%25252F%25253Fp_p_state%25253Dnormal%252526p_p_mode%25253Dview%252526saveLastPath%25253Dfalse%252526_58_struts_action%25253D%2525252Flogin%2525252Flogin%252526p_p_id%25253D58%252526p_p_lifecycle%25253D0%252526_58_redirect%25253D%2525252Fgroup%2525252Fcrm%2525252Fhome1%2525253Bjsessionid%2525253D6333A461481C354B38E272AE7676BCE1%2526amp%253BlanguageId%253Dar_SA%26amp%3BlanguageId%3Dar_SA&amp;languageId=ar_SA,https://iot.stc.com.sa/web/guest/home/?p_p_state=normal&p_p_mode=view&saveLastPath=false&_58_struts_action=%2Flogin%2Flogin&p_p_id=58&p_p_lifecycle=0&_58_redirect=%2Fgroup%2Fcrm%2Fhome1%3Bjsessionid%3D6333A461481C354B38E272AE7676BCE1,False,https://iot.stc.com.sa/web/guest/home/?p_p_id=82&amp;p_p_lifecycle=1&amp;p_p_state=normal&amp;p_p_mode=view&amp;p_p_col_id=column-1&amp;p_p_col_pos=1&amp;p_p_col_count=3&amp;_82_struts_action=%2Flanguage%2Fview&amp;_82_redirect=%2Fweb%2Fguest%2Fhome%2F%3Fp_p_id%3D82%26amp%3Bp_p_lifecycle%3D1%26amp%3Bp_p_state%3Dnormal%26amp%3Bp_p_mode%3Dview%26amp%3Bp_p_col_id%3Dcolumn-1%26amp%3Bp_p_col_pos%3D1%26amp%3Bp_p_col_count%3D3%26amp%3B_82_struts_action%3D%252Flanguage%252Fview%26amp%3B_82_redirect%3D%252Fweb%252Fguest%252Fhome%252F%253Fp_p_id%253D82%2526amp%253Bp_p_lifecycle%253D1%2526amp%253Bp_p_state%253Dnormal%2526amp%253Bp_p_mode%253Dview%2526amp%253Bp_p_col_id%253Dcolumn-1%2526amp%253Bp_p_col_pos%253D1%2526amp%253Bp_p_col_count%253D3%2526amp%253B_82_struts_action%253D%25252Flanguage%25252Fview%2526amp%253B_82_redirect%253D%25252Fweb%25252Fguest%25252Fhome%25252F%25253Fp_p_state%25253Dnormal%252526p_p_mode%25253Dview%252526saveLastPath%25253Dfalse%252526_58_struts_action%25253D%2525252Flogin%2525252Flogin%252526p_p_id%25253D58%252526p_p_lifecycle%25253D0%252526_58_redirect%25253D%2525252Fgroup%2525252Fcrm%2525252Fhome1%2525253Bjsessionid%2525253D6333A461481C354B38E272AE7676BCE1%2526amp%253BlanguageId%253Dar_SA%26amp%3BlanguageId%3Dar_SA&amp;languageId=ar_SA,https://iot.stc.com.sa/web/guest/home/?p_p_state=normal&p_p_mode=view&saveLastPath=false&_58_struts_action=%2Flogin%2Flogin&p_p_id=58&p_p_lifecycle=0&_58_redirect=%2Fgroup%2Fcrm%2Fhome1%3Bjsessionid%3D6333A461481C354B38E272AE7676BCE1,https://iot.stc.com.sa/web/guest/home/?p_p_id=82&amp;p_p_lifecycle=1&amp;p_p_state=normal&amp;p_p_mode=view&amp;p_p_col_id=column-1&amp;p_p_col_pos=1&amp;p_p_col_count=3&amp;_82_struts_action=%2Flanguage%2Fview&amp;_82_redirect=%2Fweb%2Fguest%2Fhome%2F%3Fp_p_id%3D82%26amp%3Bp_p_lifecycle%3D1%26amp%3Bp_p_state%3Dnormal%26amp%3Bp_p_mode%3Dview%26amp%3Bp_p_col_id%3Dcolumn-1%26amp%3Bp_p_col_pos%3D1%26amp%3Bp_p_col_count%3D3%26amp%3B_82_struts_action%3D%252Flanguage%252Fview%26amp%3B_82_redirect%3D%252Fweb%252Fguest%252Fhome%252F%253Fp_p_id%253D82%2526amp%253Bp_p_lifecycle%253D1%2526amp%253Bp_p_state%253Dnormal%2526amp%253Bp_p_mode%253Dview%2526amp%253Bp_p_col_id%253Dcolumn-1%2526amp%253Bp_p_col_pos%253D1%2526amp%253Bp_p_col_count%253D3%2526amp%253B_82_struts_action%253D%25252Flanguage%25252Fview%2526amp%253B_82_redirect%253D%25252Fweb%25252Fguest%25252Fhome%25252F%25253Fp_p_state%25253Dnormal%252526p_p_mode%25253Dview%252526saveLastPath%25253Dfalse%252526_58_struts_action%25253D%2525252Flogin%2525252Flogin%252526p_p_id%25253D58%252526p_p_lifecycle%25253D0%252526_58_redirect%25253D%2525252Fgroup%2525252Fcrm%2525252Fhome1%2525253Bjsessionid%2525253D6333A461481C354B38E272AE7676BCE1%2526amp%253BlanguageId%253Dar_SA%26amp%3BlanguageId%3Dar_SA&amp;languageId=ar_SA,recon_page,2026-05-12T09:38:52.806617
1274,1,3,1,10,0,0,2,0,14,0,sa,200,2,46752,218.73999999999998,0,0,12,1,XXXXXX,0,html,0,0,1,1,3,0,1,0,1,0,1,4,1,11,1,1,1,4,0,0,0,0,1,2,0,0,1,1,1,65,13,52,0,1,14,14,0,1,8,1,2,1,6,1,1,1,1,0,0,0,0,0,1,0,0,0,0,1,0,0,0,0,0,0,1,0,0,0,0,0,0,0,0.0,0.0,0.0,0,0,0,0,4,1,3,0,0,4,0,9,68,9,0,6,0,0,0,0,0,2.75,0.0013903148528405201,0.375,0.3636208076659822,0,,20260512_090223,2026-05-12T09:39:19.442435,https://iot.stc.com.sa/web/guest/home/?p_p_id=82&amp;p_p_lifecycle=1&amp;p_p_state=normal&amp;p_p_mode=view&amp;p_p_col_id=column-1&amp;p_p_col_pos=1&amp;p_p_col_count=3&amp;_82_struts_action=%2Flanguage%2Fview&amp;_82_redirect=%2Fweb%2Fguest%2Fhome%2F%3Fp_p_id%3D82%26amp%3Bp_p_lifecycle%3D1%26amp%3Bp_p_state%3Dnormal%26amp%3Bp_p_mode%3Dview%26amp%3Bp_p_col_id%3Dcolumn-1%26amp%3Bp_p_col_pos%3D1%26amp%3Bp_p_col_count%3D3%26amp%3B_82_struts_action%3D%252Flanguage%252Fview%26amp%3B_82_redirect%3D%252Fweb%252Fguest%252Fhome%252F%253Fp_p_id%253D82%2526amp%253Bp_p_lifecycle%253D1%2526amp%253Bp_p_state%253Dnormal%2526amp%253Bp_p_mode%253Dview%2526amp%253Bp_p_col_id%253Dcolumn-1%2526amp%253Bp_p_col_pos%253D1%2526amp%253Bp_p_col_count%253D3%2526amp%253B_82_struts_action%253D%25252Flanguage%25252Fview%2526amp%253B_82_redirect%253D%25252Fweb%25252Fguest%25252Fhome%25252F%25253Fp_p_state%25253Dnormal%252526p_p_mode%25253Dview%252526saveLastPath%25253Dfalse%252526_58_struts_action%25253D%2525252Flogin%2525252Flogin%252526p_p_id%25253D58%252526p_p_lifecycle%25253D0%252526_58_redirect%25253D%2525252Fgroup%2525252Fcrm%2525252Fhome1%2525253Bjsessionid%2525253D6333A461481C354B38E272AE7676BCE1%2526amp%253BlanguageId%253Dar_SA%26amp%3BlanguageId%3Dar_SA&amp;languageId=en_US,https://iot.stc.com.sa/web/guest/home/?p_p_state=normal&p_p_mode=view&saveLastPath=false&_58_struts_action=%2Flogin%2Flogin&p_p_id=58&p_p_lifecycle=0&_58_redirect=%2Fgroup%2Fcrm%2Fhome1%3Bjsessionid%3D6333A461481C354B38E272AE7676BCE1,False,https://iot.stc.com.sa/web/guest/home/?p_p_id=82&amp;p_p_lifecycle=1&amp;p_p_state=normal&amp;p_p_mode=view&amp;p_p_col_id=column-1&amp;p_p_col_pos=1&amp;p_p_col_count=3&amp;_82_struts_action=%2Flanguage%2Fview&amp;_82_redirect=%2Fweb%2Fguest%2Fhome%2F%3Fp_p_id%3D82%26amp%3Bp_p_lifecycle%3D1%26amp%3Bp_p_state%3Dnormal%26amp%3Bp_p_mode%3Dview%26amp%3Bp_p_col_id%3Dcolumn-1%26amp%3Bp_p_col_pos%3D1%26amp%3Bp_p_col_count%3D3%26amp%3B_82_struts_action%3D%252Flanguage%252Fview%26amp%3B_82_redirect%3D%252Fweb%252Fguest%252Fhome%252F%253Fp_p_id%253D82%2526amp%253Bp_p_lifecycle%253D1%2526amp%253Bp_p_state%253Dnormal%2526amp%253Bp_p_mode%253Dview%2526amp%253Bp_p_col_id%253Dcolumn-1%2526amp%253Bp_p_col_pos%253D1%2526amp%253Bp_p_col_count%253D3%2526amp%253B_82_struts_action%253D%25252Flanguage%25252Fview%2526amp%253B_82_redirect%253D%25252Fweb%25252Fguest%25252Fhome%25252F%25253Fp_p_state%25253Dnormal%252526p_p_mode%25253Dview%252526saveLastPath%25253Dfalse%252526_58_struts_action%25253D%2525252Flogin%2525252Flogin%252526p_p_id%25253D58%252526p_p_lifecycle%25253D0%252526_58_redirect%25253D%2525252Fgroup%2525252Fcrm%2525252Fhome1%2525253Bjsessionid%2525253D6333A461481C354B38E272AE7676BCE1%2526amp%253BlanguageId%253Dar_SA%26amp%3BlanguageId%3Dar_SA&amp;languageId=en_US,https://iot.stc.com.sa/web/guest/home/?p_p_state=normal&p_p_mode=view&saveLastPath=false&_58_struts_action=%2Flogin%2Flogin&p_p_id=58&p_p_lifecycle=0&_58_redirect=%2Fgroup%2Fcrm%2Fhome1%3Bjsessionid%3D6333A461481C354B38E272AE7676BCE1,https://iot.stc.com.sa/web/guest/home/?p_p_id=82&amp;p_p_lifecycle=1&amp;p_p_state=normal&amp;p_p_mode=view&amp;p_p_col_id=column-1&amp;p_p_col_pos=1&amp;p_p_col_count=3&amp;_82_struts_action=%2Flanguage%2Fview&amp;_82_redirect=%2Fweb%2Fguest%2Fhome%2F%3Fp_p_id%3D82%26amp%3Bp_p_lifecycle%3D1%26amp%3Bp_p_state%3Dnormal%26amp%3Bp_p_mode%3Dview%26amp%3Bp_p_col_id%3Dcolumn-1%26amp%3Bp_p_col_pos%3D1%26amp%3Bp_p_col_count%3D3%26amp%3B_82_struts_action%3D%252Flanguage%252Fview%26amp%3B_82_redirect%3D%252Fweb%252Fguest%252Fhome%252F%253Fp_p_id%253D82%2526amp%253Bp_p_lifecycle%253D1%2526amp%253Bp_p_state%253Dnormal%2526amp%253Bp_p_mode%253Dview%2526amp%253Bp_p_col_id%253Dcolumn-1%2526amp%253Bp_p_col_pos%253D1%2526amp%253Bp_p_col_count%253D3%2526amp%253B_82_struts_action%253D%25252Flanguage%25252Fview%2526amp%253B_82_redirect%253D%25252Fweb%25252Fguest%25252Fhome%25252F%25253Fp_p_state%25253Dnormal%252526p_p_mode%25253Dview%252526saveLastPath%25253Dfalse%252526_58_struts_action%25253D%2525252Flogin%2525252Flogin%252526p_p_id%25253D58%252526p_p_lifecycle%25253D0%252526_58_redirect%25253D%2525252Fgroup%2525252Fcrm%2525252Fhome1%2525253Bjsessionid%2525253D6333A461481C354B38E272AE7676BCE1%2526amp%253BlanguageId%253Dar_SA%26amp%3BlanguageId%3Dar_SA&amp;languageId=en_US,recon_page,2026-05-12T09:39:19.468123
1274,1,3,1,10,0,0,2,0,14,0,sa,200,2,46752,262.623,0,0,12,1,XXXXXX,0,html,0,0,1,1,3,0,1,0,1,0,1,4,1,11,1,1,1,4,0,0,0,0,1,2,0,0,1,1,1,65,13,52,0,1,14,14,0,1,8,1,2,1,6,1,1,1,1,0,0,0,0,0,1,0,0,0,0,1,0,0,0,0,0,0,1,0,0,0,0,0,0,0,0.0,0.0,0.0,0,0,0,0,4,1,3,0,0,4,0,9,68,9,0,6,0,0,0,0,0,2.75,0.0013903148528405201,0.375,0.3636208076659822,0,,20260512_090223,2026-05-12T09:40:10.812300,https://iot.stc.com.sa/web/guest/home/?p_p_id=82&amp;p_p_lifecycle=1&amp;p_p_state=normal&amp;p_p_mode=view&amp;p_p_col_id=column-1&amp;p_p_col_pos=1&amp;p_p_col_count=3&amp;_82_struts_action=%2Flanguage%2Fview&amp;_82_redirect=%2Fweb%2Fguest%2Fhome%2F%3Fp_p_id%3D82%26amp%3Bp_p_lifecycle%3D1%26amp%3Bp_p_state%3Dnormal%26amp%3Bp_p_mode%3Dview%26amp%3Bp_p_col_id%3Dcolumn-1%26amp%3Bp_p_col_pos%3D1%26amp%3Bp_p_col_count%3D3%26amp%3B_82_struts_action%3D%252Flanguage%252Fview%26amp%3B_82_redirect%3D%252Fweb%252Fguest%252Fhome%252F%253Fp_p_id%253D82%2526amp%253Bp_p_lifecycle%253D1%2526amp%253Bp_p_state%253Dnormal%2526amp%253Bp_p_mode%253Dview%2526amp%253Bp_p_col_id%253Dcolumn-1%2526amp%253Bp_p_col_pos%253D1%2526amp%253Bp_p_col_count%253D3%2526amp%253B_82_struts_action%253D%25252Flanguage%25252Fview%2526amp%253B_82_redirect%253D%25252Fweb%25252Fguest%25252Fhome%25252F%25253Fp_p_state%25253Dnormal%252526p_p_mode%25253Dview%252526saveLastPath%25253Dfalse%252526_58_struts_action%25253D%2525252Flogin%2525252Flogin%252526p_p_id%25253D58%252526p_p_lifecycle%25253D0%252526_58_redirect%25253D%2525252Fgroup%2525252Fcrm%2525252Fhome1%2525253Bjsessionid%2525253D6333A461481C354B38E272AE7676BCE1%2526amp%253BlanguageId%253Dar_SA%26amp%3BlanguageId%3Den_US&amp;languageId=en_US,https://iot.stc.com.sa/web/guest/home/?p_p_state=normal&p_p_mode=view&saveLastPath=false&_58_struts_action=%2Flogin%2Flogin&p_p_id=58&p_p_lifecycle=0&_58_redirect=%2Fgroup%2Fcrm%2Fhome1%3Bjsessionid%3D6333A461481C354B38E272AE7676BCE1,False,https://iot.stc.com.sa/web/guest/home/?p_p_id=82&amp;p_p_lifecycle=1&amp;p_p_state=normal&amp;p_p_mode=view&amp;p_p_col_id=column-1&amp;p_p_col_pos=1&amp;p_p_col_count=3&amp;_82_struts_action=%2Flanguage%2Fview&amp;_82_redirect=%2Fweb%2Fguest%2Fhome%2F%3Fp_p_id%3D82%26amp%3Bp_p_lifecycle%3D1%26amp%3Bp_p_state%3Dnormal%26amp%3Bp_p_mode%3Dview%26amp%3Bp_p_col_id%3Dcolumn-1%26amp%3Bp_p_col_pos%3D1%26amp%3Bp_p_col_count%3D3%26amp%3B_82_struts_action%3D%252Flanguage%252Fview%26amp%3B_82_redirect%3D%252Fweb%252Fguest%252Fhome%252F%253Fp_p_id%253D82%2526amp%253Bp_p_lifecycle%253D1%2526amp%253Bp_p_state%253Dnormal%2526amp%253Bp_p_mode%253Dview%2526amp%253Bp_p_col_id%253Dcolumn-1%2526amp%253Bp_p_col_pos%253D1%2526amp%253Bp_p_col_count%253D3%2526amp%253B_82_struts_action%253D%25252Flanguage%25252Fview%2526amp%253B_82_redirect%253D%25252Fweb%25252Fguest%25252Fhome%25252F%25253Fp_p_state%25253Dnormal%252526p_p_mode%25253Dview%252526saveLastPath%25253Dfalse%252526_58_struts_action%25253D%2525252Flogin%2525252Flogin%252526p_p_id%25253D58%252526p_p_lifecycle%25253D0%252526_58_redirect%25253D%2525252Fgroup%2525252Fcrm%2525252Fhome1%2525253Bjsessionid%2525253D6333A461481C354B38E272AE7676BCE1%2526amp%253BlanguageId%253Dar_SA%26amp%3BlanguageId%3Den_US&amp;languageId=en_US,https://iot.stc.com.sa/web/guest/home/?p_p_state=normal&p_p_mode=view&saveLastPath=false&_58_struts_action=%2Flogin%2Flogin&p_p_id=58&p_p_lifecycle=0&_58_redirect=%2Fgroup%2Fcrm%2Fhome1%3Bjsessionid%3D6333A461481C354B38E272AE7676BCE1,https://iot.stc.com.sa/web/guest/home/?p_p_id=82&amp;p_p_lifecycle=1&amp;p_p_state=normal&amp;p_p_mode=view&amp;p_p_col_id=column-1&amp;p_p_col_pos=1&amp;p_p_col_count=3&amp;_82_struts_action=%2Flanguage%2Fview&amp;_82_redirect=%2Fweb%2Fguest%2Fhome%2F%3Fp_p_id%3D82%26amp%3Bp_p_lifecycle%3D1%26amp%3Bp_p_state%3Dnormal%26amp%3Bp_p_mode%3Dview%26amp%3Bp_p_col_id%3Dcolumn-1%26amp%3Bp_p_col_pos%3D1%26amp%3Bp_p_col_count%3D3%26amp%3B_82_struts_action%3D%252Flanguage%252Fview%26amp%3B_82_redirect%3D%252Fweb%252Fguest%252Fhome%252F%253Fp_p_id%253D82%2526amp%253Bp_p_lifecycle%253D1%2526amp%253Bp_p_state%253Dnormal%2526amp%253Bp_p_mode%253Dview%2526amp%253Bp_p_col_id%253Dcolumn-1%2526amp%253Bp_p_col_pos%253D1%2526amp%253Bp_p_col_count%253D3%2526amp%253B_82_struts_action%253D%25252Flanguage%25252Fview%2526amp%253B_82_redirect%253D%25252Fweb%25252Fguest%25252Fhome%25252F%25253Fp_p_state%25253Dnormal%252526p_p_mode%25253Dview%252526saveLastPath%25253Dfalse%252526_58_struts_action%25253D%2525252Flogin%2525252Flogin%252526p_p_id%25253D58%252526p_p_lifecycle%25253D0%252526_58_redirect%25253D%2525252Fgroup%2525252Fcrm%2525252Fhome1%2525253Bjsessionid%2525253D6333A461481C354B38E272AE7676BCE1%2526amp%253BlanguageId%253Dar_SA%26amp%3BlanguageId%3Den_US&amp;languageId=en_US,recon_page,2026-05-12T09:40:10.815994
1274,1,3,1,10,0,0,2,0,14,0,sa,200,2,46752,266.386,0,0,12,1,XXXXXX,0,html,0,0,1,1,3,0,1,0,1,0,1,4,1,11,1,1,1,4,0,0,0,0,1,2,0,0,1,1,1,65,13,52,0,1,14,14,0,1,8,1,2,1,6,1,1,1,1,0,0,0,0,0,1,0,0,0,0,1,0,0,0,0,0,0,1,0,0,0,0,0,0,0,0.0,0.0,0.0,0,0,0,0,4,1,3,0,0,4,0,9,68,9,0,6,0,0,0,0,0,2.75,0.0013903148528405201,0.375,0.3636208076659822,0,,20260512_090223,2026-05-12T09:40:41.450939,https://iot.stc.com.sa/web/guest/home/?p_p_id=82&amp;p_p_lifecycle=1&amp;p_p_state=normal&amp;p_p_mode=view&amp;p_p_col_id=column-1&amp;p_p_col_pos=1&amp;p_p_col_count=3&amp;_82_struts_action=%2Flanguage%2Fview&amp;_82_redirect=%2Fweb%2Fguest%2Fhome%2F%3Fp_p_id%3D82%26amp%3Bp_p_lifecycle%3D1%26amp%3Bp_p_state%3Dnormal%26amp%3Bp_p_mode%3Dview%26amp%3Bp_p_col_id%3Dcolumn-1%26amp%3Bp_p_col_pos%3D1%26amp%3Bp_p_col_count%3D3%26amp%3B_82_struts_action%3D%252Flanguage%252Fview%26amp%3B_82_redirect%3D%252Fweb%252Fguest%252Fhome%252F%253Fp_p_id%253D82%2526amp%253Bp_p_lifecycle%253D1%2526amp%253Bp_p_state%253Dnormal%2526amp%253Bp_p_mode%253Dview%2526amp%253Bp_p_col_id%253Dcolumn-1%2526amp%253Bp_p_col_pos%253D1%2526amp%253Bp_p_col_count%253D3%2526amp%253B_82_struts_action%253D%25252Flanguage%25252Fview%2526amp%253B_82_redirect%253D%25252Fweb%25252Fguest%25252Fhome%25252F%25253Fp_p_state%25253Dnormal%252526p_p_mode%25253Dview%252526saveLastPath%25253Dfalse%252526_58_struts_action%25253D%2525252Flogin%2525252Flogin%252526p_p_id%25253D58%252526p_p_lifecycle%25253D0%252526_58_redirect%25253D%2525252Fgroup%2525252Fcrm%2525252Fhome1%2525253Bjsessionid%2525253D6333A461481C354B38E272AE7676BCE1%2526amp%253BlanguageId%253Dar_SA%26amp%3BlanguageId%3Den_US&amp;languageId=ar_SA,https://iot.stc.com.sa/web/guest/home/?p_p_state=normal&p_p_mode=view&saveLastPath=false&_58_struts_action=%2Flogin%2Flogin&p_p_id=58&p_p_lifecycle=0&_58_redirect=%2Fgroup%2Fcrm%2Fhome1%3Bjsessionid%3D6333A461481C354B38E272AE7676BCE1,False,https://iot.stc.com.sa/web/guest/home/?p_p_id=82&amp;p_p_lifecycle=1&amp;p_p_state=normal&amp;p_p_mode=view&amp;p_p_col_id=column-1&amp;p_p_col_pos=1&amp;p_p_col_count=3&amp;_82_struts_action=%2Flanguage%2Fview&amp;_82_redirect=%2Fweb%2Fguest%2Fhome%2F%3Fp_p_id%3D82%26amp%3Bp_p_lifecycle%3D1%26amp%3Bp_p_state%3Dnormal%26amp%3Bp_p_mode%3Dview%26amp%3Bp_p_col_id%3Dcolumn-1%26amp%3Bp_p_col_pos%3D1%26amp%3Bp_p_col_count%3D3%26amp%3B_82_struts_action%3D%252Flanguage%252Fview%26amp%3B_82_redirect%3D%252Fweb%252Fguest%252Fhome%252F%253Fp_p_id%253D82%2526amp%253Bp_p_lifecycle%253D1%2526amp%253Bp_p_state%253Dnormal%2526amp%253Bp_p_mode%253Dview%2526amp%253Bp_p_col_id%253Dcolumn-1%2526amp%253Bp_p_col_pos%253D1%2526amp%253Bp_p_col_count%253D3%2526amp%253B_82_struts_action%253D%25252Flanguage%25252Fview%2526amp%253B_82_redirect%253D%25252Fweb%25252Fguest%25252Fhome%25252F%25253Fp_p_state%25253Dnormal%252526p_p_mode%25253Dview%252526saveLastPath%25253Dfalse%252526_58_struts_action%25253D%2525252Flogin%2525252Flogin%252526p_p_id%25253D58%252526p_p_lifecycle%25253D0%252526_58_redirect%25253D%2525252Fgroup%2525252Fcrm%2525252Fhome1%2525253Bjsessionid%2525253D6333A461481C354B38E272AE7676BCE1%2526amp%253BlanguageId%253Dar_SA%26amp%3BlanguageId%3Den_US&amp;languageId=ar_SA,https://iot.stc.com.sa/web/guest/home/?p_p_state=normal&p_p_mode=view&saveLastPath=false&_58_struts_action=%2Flogin%2Flogin&p_p_id=58&p_p_lifecycle=0&_58_redirect=%2Fgroup%2Fcrm%2Fhome1%3Bjsessionid%3D6333A461481C354B38E272AE7676BCE1,https://iot.stc.com.sa/web/guest/home/?p_p_id=82&amp;p_p_lifecycle=1&amp;p_p_state=normal&amp;p_p_mode=view&amp;p_p_col_id=column-1&amp;p_p_col_pos=1&amp;p_p_col_count=3&amp;_82_struts_action=%2Flanguage%2Fview&amp;_82_redirect=%2Fweb%2Fguest%2Fhome%2F%3Fp_p_id%3D82%26amp%3Bp_p_lifecycle%3D1%26amp%3Bp_p_state%3Dnormal%26amp%3Bp_p_mode%3Dview%26amp%3Bp_p_col_id%3Dcolumn-1%26amp%3Bp_p_col_pos%3D1%26amp%3Bp_p_col_count%3D3%26amp%3B_82_struts_action%3D%252Flanguage%252Fview%26amp%3B_82_redirect%3D%252Fweb%252Fguest%252Fhome%252F%253Fp_p_id%253D82%2526amp%253Bp_p_lifecycle%253D1%2526amp%253Bp_p_state%253Dnormal%2526amp%253Bp_p_mode%253Dview%2526amp%253Bp_p_col_id%253Dcolumn-1%2526amp%253Bp_p_col_pos%253D1%2526amp%253Bp_p_col_count%253D3%2526amp%253B_82_struts_action%253D%25252Flanguage%25252Fview%2526amp%253B_82_redirect%253D%25252Fweb%25252Fguest%25252Fhome%25252F%25253Fp_p_state%25253Dnormal%252526p_p_mode%25253Dview%252526saveLastPath%25253Dfalse%252526_58_struts_action%25253D%2525252Flogin%2525252Flogin%252526p_p_id%25253D58%252526p_p_lifecycle%25253D0%252526_58_redirect%25253D%2525252Fgroup%2525252Fcrm%2525252Fhome1%2525253Bjsessionid%2525253D6333A461481C354B38E272AE7676BCE1%2526amp%253BlanguageId%253Dar_SA%26amp%3BlanguageId%3Den_US&amp;languageId=ar_SA,recon_page,2026-05-12T09:40:41.456563
51,1,1,1,1,0,0,2,0,14,0,sa,404,4,673,68.542,0,0,7,1,XXXXXX,0,html,0,0,0,0,2,0,1,0,1,0,0,0,0,0,0,0,0,0,0,0,0,0,0,0,0,0,0,0,0,0,0,0,0,0,0,0,0,0,0,1,1,0,0,1,1,1,0,0,0,0,0,1,0,0,0,0,0,0,0,0,0,0,0,0,0,0,0,0,0,0,0,0,0.0,0.0,0.0,0,0,0,0,0,0,0,0,0,0,0,0,0,0,0,1,0,0,0,0,0,0.0,0.0,0.25,0.0,0,,20260512_090223,2026-05-12T09:43:23.032463,https://iot.stc.com.sa/CSRFServlet/?t=1778567175284,https://iot.stc.com.sa/web/guest/home/?p_p_state=normal&p_p_mode=view&saveLastPath=false&_58_struts_action=%2Flogin%2Flogin&p_p_id=58&p_p_lifecycle=0&_58_redirect=%2Fgroup%2Fcrm%2Fhome1%3Bjsessionid%3D6333A461481C354B38E272AE7676BCE1,False,https://iot.stc.com.sa/CSRFServlet/?t=1778567175284,https://iot.stc.com.sa/web/guest/home/?p_p_state=normal&p_p_mode=view&saveLastPath=false&_58_struts_action=%2Flogin%2Flogin&p_p_id=58&p_p_lifecycle=0&_58_redirect=%2Fgroup%2Fcrm%2Fhome1%3Bjsessionid%3D6333A461481C354B38E272AE7676BCE1,https://iot.stc.com.sa/CSRFServlet/?t=1778567175284,recon_page,2026-05-12T09:43:23.037430
51,1,1,1,1,0,0,2,0,14,0,sa,404,4,673,97.881,0,0,7,1,XXXXXX,0,html,0,0,0,0,2,0,1,0,1,0,0,0,0,0,0,0,0,0,0,0,0,0,0,0,0,0,0,0,0,0,0,0,0,0,0,0,0,0,0,1,1,0,0,1,1,1,0,0,0,0,0,1,0,0,0,0,0,0,0,0,0,0,0,0,0,0,0,0,0,0,0,0,0.0,0.0,0.0,0,0,0,0,0,0,0,0,0,0,0,0,0,0,0,1,0,0,0,0,0,0.0,0.0,0.25,0.0,0,,20260512_090223,2026-05-12T09:43:23.498720,https://iot.stc.com.sa/CSRFServlet/?t=1778567244917,https://iot.stc.com.sa/web/guest/home/?p_p_state=normal&p_p_mode=view&saveLastPath=false&_58_struts_action=%2Flogin%2Flogin&p_p_id=58&p_p_lifecycle=0&_58_redirect=%2Fgroup%2Fcrm%2Fhome1%3Bjsessionid%3D6333A461481C354B38E272AE7676BCE1,False,https://iot.stc.com.sa/CSRFServlet/?t=1778567244917,https://iot.stc.com.sa/web/guest/home/?p_p_state=normal&p_p_mode=view&saveLastPath=false&_58_struts_action=%2Flogin%2Flogin&p_p_id=58&p_p_lifecycle=0&_58_redirect=%2Fgroup%2Fcrm%2Fhome1%3Bjsessionid%3D6333A461481C354B38E272AE7676BCE1,https://iot.stc.com.sa/CSRFServlet/?t=1778567244917,recon_page,2026-05-12T09:43:23.501926
1274,1,3,1,10,0,0,2,0,14,0,sa,200,2,46676,289.18100000000004,0,0,12,1,XXXXXX,0,html,0,0,1,1,3,0,1,0,1,0,1,4,1,11,1,1,1,4,0,0,0,0,1,2,0,0,1,1,1,65,13,52,0,1,14,14,0,1,8,1,2,1,6,1,1,1,1,0,0,0,0,0,1,0,0,0,0,1,0,0,0,0,0,0,1,0,0,0,0,0,0,0,0.0,0.0,0.0,0,0,0,0,4,1,3,0,0,4,0,9,68,9,0,6,0,0,0,0,0,2.75,0.0013925786271317166,0.375,0.364212871711372,0,,20260512_090223,2026-05-12T09:44:45.166488,https://iot.stc.com.sa/web/guest/home/?p_p_id=82&amp;p_p_lifecycle=1&amp;p_p_state=normal&amp;p_p_mode=view&amp;p_p_col_id=column-1&amp;p_p_col_pos=1&amp;p_p_col_count=3&amp;_82_struts_action=%2Flanguage%2Fview&amp;_82_redirect=%2Fweb%2Fguest%2Fhome%2F%3Fp_p_id%3D82%26amp%3Bp_p_lifecycle%3D1%26amp%3Bp_p_state%3Dnormal%26amp%3Bp_p_mode%3Dview%26amp%3Bp_p_col_id%3Dcolumn-1%26amp%3Bp_p_col_pos%3D1%26amp%3Bp_p_col_count%3D3%26amp%3B_82_struts_action%3D%252Flanguage%252Fview%26amp%3B_82_redirect%3D%252Fweb%252Fguest%252Fhome%252F%253Fp_p_id%253D82%2526amp%253Bp_p_lifecycle%253D1%2526amp%253Bp_p_state%253Dnormal%2526amp%253Bp_p_mode%253Dview%2526amp%253Bp_p_col_id%253Dcolumn-1%2526amp%253Bp_p_col_pos%253D1%2526amp%253Bp_p_col_count%253D3%2526amp%253B_82_struts_action%253D%25252Flanguage%25252Fview%2526amp%253B_82_redirect%253D%25252Fweb%25252Fguest%25252Fhome%25252F%25253Fp_p_state%25253Dnormal%252526p_p_mode%25253Dview%252526saveLastPath%25253Dfalse%252526_58_struts_action%25253D%2525252Flogin%2525252Flogin%252526p_p_id%25253D58%252526p_p_lifecycle%25253D0%252526_58_redirect%25253D%2525252Fgroup%2525252Fcrm%2525252Fhome1%2525253Bjsessionid%2525253D6333A461481C354B38E272AE7676BCE1%2526amp%253BlanguageId%253Den_US%26amp%3BlanguageId%3Den_US&amp;languageId=en_US,https://iot.stc.com.sa/web/guest/home/?p_p_state=normal&p_p_mode=view&saveLastPath=false&_58_struts_action=%2Flogin%2Flogin&p_p_id=58&p_p_lifecycle=0&_58_redirect=%2Fgroup%2Fcrm%2Fhome1%3Bjsessionid%3D6333A461481C354B38E272AE7676BCE1,False,https://iot.stc.com.sa/web/guest/home/?p_p_id=82&amp;p_p_lifecycle=1&amp;p_p_state=normal&amp;p_p_mode=view&amp;p_p_col_id=column-1&amp;p_p_col_pos=1&amp;p_p_col_count=3&amp;_82_struts_action=%2Flanguage%2Fview&amp;_82_redirect=%2Fweb%2Fguest%2Fhome%2F%3Fp_p_id%3D82%26amp%3Bp_p_lifecycle%3D1%26amp%3Bp_p_state%3Dnormal%26amp%3Bp_p_mode%3Dview%26amp%3Bp_p_col_id%3Dcolumn-1%26amp%3Bp_p_col_pos%3D1%26amp%3Bp_p_col_count%3D3%26amp%3B_82_struts_action%3D%252Flanguage%252Fview%26amp%3B_82_redirect%3D%252Fweb%252Fguest%252Fhome%252F%253Fp_p_id%253D82%2526amp%253Bp_p_lifecycle%253D1%2526amp%253Bp_p_state%253Dnormal%2526amp%253Bp_p_mode%253Dview%2526amp%253Bp_p_col_id%253Dcolumn-1%2526amp%253Bp_p_col_pos%253D1%2526amp%253Bp_p_col_count%253D3%2526amp%253B_82_struts_action%253D%25252Flanguage%25252Fview%2526amp%253B_82_redirect%253D%25252Fweb%25252Fguest%25252Fhome%25252F%25253Fp_p_state%25253Dnormal%252526p_p_mode%25253Dview%252526saveLastPath%25253Dfalse%252526_58_struts_action%25253D%2525252Flogin%2525252Flogin%252526p_p_id%25253D58%252526p_p_lifecycle%25253D0%252526_58_redirect%25253D%2525252Fgroup%2525252Fcrm%2525252Fhome1%2525253Bjsessionid%2525253D6333A461481C354B38E272AE7676BCE1%2526amp%253BlanguageId%253Den_US%26amp%3BlanguageId%3Den_US&amp;languageId=en_US,https://iot.stc.com.sa/web/guest/home/?p_p_state=normal&p_p_mode=view&saveLastPath=false&_58_struts_action=%2Flogin%2Flogin&p_p_id=58&p_p_lifecycle=0&_58_redirect=%2Fgroup%2Fcrm%2Fhome1%3Bjsessionid%3D6333A461481C354B38E272AE7676BCE1,https://iot.stc.com.sa/web/guest/home/?p_p_id=82&amp;p_p_lifecycle=1&amp;p_p_state=normal&amp;p_p_mode=view&amp;p_p_col_id=column-1&amp;p_p_col_pos=1&amp;p_p_col_count=3&amp;_82_struts_action=%2Flanguage%2Fview&amp;_82_redirect=%2Fweb%2Fguest%2Fhome%2F%3Fp_p_id%3D82%26amp%3Bp_p_lifecycle%3D1%26amp%3Bp_p_state%3Dnormal%26amp%3Bp_p_mode%3Dview%26amp%3Bp_p_col_id%3Dcolumn-1%26amp%3Bp_p_col_pos%3D1%26amp%3Bp_p_col_count%3D3%26amp%3B_82_struts_action%3D%252Flanguage%252Fview%26amp%3B_82_redirect%3D%252Fweb%252Fguest%252Fhome%252F%253Fp_p_id%253D82%2526amp%253Bp_p_lifecycle%253D1%2526amp%253Bp_p_state%253Dnormal%2526amp%253Bp_p_mode%253Dview%2526amp%253Bp_p_col_id%253Dcolumn-1%2526amp%253Bp_p_col_pos%253D1%2526amp%253Bp_p_col_count%253D3%2526amp%253B_82_struts_action%253D%25252Flanguage%25252Fview%2526amp%253B_82_redirect%253D%25252Fweb%25252Fguest%25252Fhome%25252F%25253Fp_p_state%25253Dnormal%252526p_p_mode%25253Dview%252526saveLastPath%25253Dfalse%252526_58_struts_action%25253D%2525252Flogin%2525252Flogin%252526p_p_id%25253D58%252526p_p_lifecycle%25253D0%252526_58_redirect%25253D%2525252Fgroup%2525252Fcrm%2525252Fhome1%2525253Bjsessionid%2525253D6333A461481C354B38E272AE7676BCE1%2526amp%253BlanguageId%253Den_US%26amp%3BlanguageId%3Den_US&amp;languageId=en_US,recon_page,2026-05-12T09:44:45.171119
1274,1,3,1,10,0,0,2,0,14,0,sa,200,2,46676,348.531,0,0,12,1,XXXXXX,0,html,0,0,1,1,3,0,1,0,1,0,1,4,1,11,1,1,1,4,0,0,0,0,1,2,0,0,1,1,1,65,13,52,0,1,14,14,0,1,8,1,2,1,6,1,1,1,1,0,0,0,0,0,1,0,0,0,0,1,0,0,0,0,0,0,1,0,0,0,0,0,0,0,0.0,0.0,0.0,0,0,0,0,4,1,3,0,0,4,0,9,68,9,0,6,0,0,0,0,0,2.75,0.0013925786271317166,0.375,0.364212871711372,0,,20260512_090223,2026-05-12T09:44:50.193216,https://iot.stc.com.sa/web/guest/home/?p_p_id=82&amp;p_p_lifecycle=1&amp;p_p_state=normal&amp;p_p_mode=view&amp;p_p_col_id=column-1&amp;p_p_col_pos=1&amp;p_p_col_count=3&amp;_82_struts_action=%2Flanguage%2Fview&amp;_82_redirect=%2Fweb%2Fguest%2Fhome%2F%3Fp_p_id%3D82%26amp%3Bp_p_lifecycle%3D1%26amp%3Bp_p_state%3Dnormal%26amp%3Bp_p_mode%3Dview%26amp%3Bp_p_col_id%3Dcolumn-1%26amp%3Bp_p_col_pos%3D1%26amp%3Bp_p_col_count%3D3%26amp%3B_82_struts_action%3D%252Flanguage%252Fview%26amp%3B_82_redirect%3D%252Fweb%252Fguest%252Fhome%252F%253Fp_p_id%253D82%2526amp%253Bp_p_lifecycle%253D1%2526amp%253Bp_p_state%253Dnormal%2526amp%253Bp_p_mode%253Dview%2526amp%253Bp_p_col_id%253Dcolumn-1%2526amp%253Bp_p_col_pos%253D1%2526amp%253Bp_p_col_count%253D3%2526amp%253B_82_struts_action%253D%25252Flanguage%25252Fview%2526amp%253B_82_redirect%253D%25252Fweb%25252Fguest%25252Fhome%25252F%25253Fp_p_state%25253Dnormal%252526p_p_mode%25253Dview%252526saveLastPath%25253Dfalse%252526_58_struts_action%25253D%2525252Flogin%2525252Flogin%252526p_p_id%25253D58%252526p_p_lifecycle%25253D0%252526_58_redirect%25253D%2525252Fgroup%2525252Fcrm%2525252Fhome1%2525253Bjsessionid%2525253D6333A461481C354B38E272AE7676BCE1%2526amp%253BlanguageId%253Den_US%26amp%3BlanguageId%3Dar_SA&amp;languageId=en_US,https://iot.stc.com.sa/web/guest/home/?p_p_state=normal&p_p_mode=view&saveLastPath=false&_58_struts_action=%2Flogin%2Flogin&p_p_id=58&p_p_lifecycle=0&_58_redirect=%2Fgroup%2Fcrm%2Fhome1%3Bjsessionid%3D6333A461481C354B38E272AE7676BCE1,False,https://iot.stc.com.sa/web/guest/home/?p_p_id=82&amp;p_p_lifecycle=1&amp;p_p_state=normal&amp;p_p_mode=view&amp;p_p_col_id=column-1&amp;p_p_col_pos=1&amp;p_p_col_count=3&amp;_82_struts_action=%2Flanguage%2Fview&amp;_82_redirect=%2Fweb%2Fguest%2Fhome%2F%3Fp_p_id%3D82%26amp%3Bp_p_lifecycle%3D1%26amp%3Bp_p_state%3Dnormal%26amp%3Bp_p_mode%3Dview%26amp%3Bp_p_col_id%3Dcolumn-1%26amp%3Bp_p_col_pos%3D1%26amp%3Bp_p_col_count%3D3%26amp%3B_82_struts_action%3D%252Flanguage%252Fview%26amp%3B_82_redirect%3D%252Fweb%252Fguest%252Fhome%252F%253Fp_p_id%253D82%2526amp%253Bp_p_lifecycle%253D1%2526amp%253Bp_p_state%253Dnormal%2526amp%253Bp_p_mode%253Dview%2526amp%253Bp_p_col_id%253Dcolumn-1%2526amp%253Bp_p_col_pos%253D1%2526amp%253Bp_p_col_count%253D3%2526amp%253B_82_struts_action%253D%25252Flanguage%25252Fview%2526amp%253B_82_redirect%253D%25252Fweb%25252Fguest%25252Fhome%25252F%25253Fp_p_state%25253Dnormal%252526p_p_mode%25253Dview%252526saveLastPath%25253Dfalse%252526_58_struts_action%25253D%2525252Flogin%2525252Flogin%252526p_p_id%25253D58%252526p_p_lifecycle%25253D0%252526_58_redirect%25253D%2525252Fgroup%2525252Fcrm%2525252Fhome1%2525253Bjsessionid%2525253D6333A461481C354B38E272AE7676BCE1%2526amp%253BlanguageId%253Den_US%26amp%3BlanguageId%3Dar_SA&amp;languageId=en_US,https://iot.stc.com.sa/web/guest/home/?p_p_state=normal&p_p_mode=view&saveLastPath=false&_58_struts_action=%2Flogin%2Flogin&p_p_id=58&p_p_lifecycle=0&_58_redirect=%2Fgroup%2Fcrm%2Fhome1%3Bjsessionid%3D6333A461481C354B38E272AE7676BCE1,https://iot.stc.com.sa/web/guest/home/?p_p_id=82&amp;p_p_lifecycle=1&amp;p_p_state=normal&amp;p_p_mode=view&amp;p_p_col_id=column-1&amp;p_p_col_pos=1&amp;p_p_col_count=3&amp;_82_struts_action=%2Flanguage%2Fview&amp;_82_redirect=%2Fweb%2Fguest%2Fhome%2F%3Fp_p_id%3D82%26amp%3Bp_p_lifecycle%3D1%26amp%3Bp_p_state%3Dnormal%26amp%3Bp_p_mode%3Dview%26amp%3Bp_p_col_id%3Dcolumn-1%26amp%3Bp_p_col_pos%3D1%26amp%3Bp_p_col_count%3D3%26amp%3B_82_struts_action%3D%252Flanguage%252Fview%26amp%3B_82_redirect%3D%252Fweb%252Fguest%252Fhome%252F%253Fp_p_id%253D82%2526amp%253Bp_p_lifecycle%253D1%2526amp%253Bp_p_state%253Dnormal%2526amp%253Bp_p_mode%253Dview%2526amp%253Bp_p_col_id%253Dcolumn-1%2526amp%253Bp_p_col_pos%253D1%2526amp%253Bp_p_col_count%253D3%2526amp%253B_82_struts_action%253D%25252Flanguage%25252Fview%2526amp%253B_82_redirect%253D%25252Fweb%25252Fguest%25252Fhome%25252F%25253Fp_p_state%25253Dnormal%252526p_p_mode%25253Dview%252526saveLastPath%25253Dfalse%252526_58_struts_action%25253D%2525252Flogin%2525252Flogin%252526p_p_id%25253D58%252526p_p_lifecycle%25253D0%252526_58_redirect%25253D%2525252Fgroup%2525252Fcrm%2525252Fhome1%2525253Bjsessionid%2525253D6333A461481C354B38E272AE7676BCE1%2526amp%253BlanguageId%253Den_US%26amp%3BlanguageId%3Dar_SA&amp;languageId=en_US,recon_page,2026-05-12T09:44:50.198044
1274,1,3,1,10,0,0,2,0,14,0,sa,200,2,46676,302.694,0,0,12,1,XXXXXX,0,html,0,0,1,1,3,0,1,0,1,0,1,4,1,11,1,1,1,4,0,0,0,0,1,2,0,0,1,1,1,65,13,52,0,1,14,14,0,1,8,1,2,1,6,1,1,1,1,0,0,0,0,0,1,0,0,0,0,1,0,0,0,0,0,0,1,0,0,0,0,0,0,0,0.0,0.0,0.0,0,0,0,0,4,1,3,0,0,4,0,9,68,9,0,6,0,0,0,0,0,2.75,0.0013925786271317166,0.375,0.364212871711372,0,,20260512_090223,2026-05-12T09:44:56.240161,https://iot.stc.com.sa/web/guest/home/?p_p_id=82&amp;p_p_lifecycle=1&amp;p_p_state=normal&amp;p_p_mode=view&amp;p_p_col_id=column-1&amp;p_p_col_pos=1&amp;p_p_col_count=3&amp;_82_struts_action=%2Flanguage%2Fview&amp;_82_redirect=%2Fweb%2Fguest%2Fhome%2F%3Fp_p_id%3D82%26amp%3Bp_p_lifecycle%3D1%26amp%3Bp_p_state%3Dnormal%26amp%3Bp_p_mode%3Dview%26amp%3Bp_p_col_id%3Dcolumn-1%26amp%3Bp_p_col_pos%3D1%26amp%3Bp_p_col_count%3D3%26amp%3B_82_struts_action%3D%252Flanguage%252Fview%26amp%3B_82_redirect%3D%252Fweb%252Fguest%252Fhome%252F%253Fp_p_id%253D82%2526amp%253Bp_p_lifecycle%253D1%2526amp%253Bp_p_state%253Dnormal%2526amp%253Bp_p_mode%253Dview%2526amp%253Bp_p_col_id%253Dcolumn-1%2526amp%253Bp_p_col_pos%253D1%2526amp%253Bp_p_col_count%253D3%2526amp%253B_82_struts_action%253D%25252Flanguage%25252Fview%2526amp%253B_82_redirect%253D%25252Fweb%25252Fguest%25252Fhome%25252F%25253Fp_p_state%25253Dnormal%252526p_p_mode%25253Dview%252526saveLastPath%25253Dfalse%252526_58_struts_action%25253D%2525252Flogin%2525252Flogin%252526p_p_id%25253D58%252526p_p_lifecycle%25253D0%252526_58_redirect%25253D%2525252Fgroup%2525252Fcrm%2525252Fhome1%2525253Bjsessionid%2525253D6333A461481C354B38E272AE7676BCE1%2526amp%253BlanguageId%253Den_US%26amp%3BlanguageId%3Dar_SA&amp;languageId=ar_SA,https://iot.stc.com.sa/web/guest/home/?p_p_state=normal&p_p_mode=view&saveLastPath=false&_58_struts_action=%2Flogin%2Flogin&p_p_id=58&p_p_lifecycle=0&_58_redirect=%2Fgroup%2Fcrm%2Fhome1%3Bjsessionid%3D6333A461481C354B38E272AE7676BCE1,False,https://iot.stc.com.sa/web/guest/home/?p_p_id=82&amp;p_p_lifecycle=1&amp;p_p_state=normal&amp;p_p_mode=view&amp;p_p_col_id=column-1&amp;p_p_col_pos=1&amp;p_p_col_count=3&amp;_82_struts_action=%2Flanguage%2Fview&amp;_82_redirect=%2Fweb%2Fguest%2Fhome%2F%3Fp_p_id%3D82%26amp%3Bp_p_lifecycle%3D1%26amp%3Bp_p_state%3Dnormal%26amp%3Bp_p_mode%3Dview%26amp%3Bp_p_col_id%3Dcolumn-1%26amp%3Bp_p_col_pos%3D1%26amp%3Bp_p_col_count%3D3%26amp%3B_82_struts_action%3D%252Flanguage%252Fview%26amp%3B_82_redirect%3D%252Fweb%252Fguest%252Fhome%252F%253Fp_p_id%253D82%2526amp%253Bp_p_lifecycle%253D1%2526amp%253Bp_p_state%253Dnormal%2526amp%253Bp_p_mode%253Dview%2526amp%253Bp_p_col_id%253Dcolumn-1%2526amp%253Bp_p_col_pos%253D1%2526amp%253Bp_p_col_count%253D3%2526amp%253B_82_struts_action%253D%25252Flanguage%25252Fview%2526amp%253B_82_redirect%253D%25252Fweb%25252Fguest%25252Fhome%25252F%25253Fp_p_state%25253Dnormal%252526p_p_mode%25253Dview%252526saveLastPath%25253Dfalse%252526_58_struts_action%25253D%2525252Flogin%2525252Flogin%252526p_p_id%25253D58%252526p_p_lifecycle%25253D0%252526_58_redirect%25253D%2525252Fgroup%2525252Fcrm%2525252Fhome1%2525253Bjsessionid%2525253D6333A461481C354B38E272AE7676BCE1%2526amp%253BlanguageId%253Den_US%26amp%3BlanguageId%3Dar_SA&amp;languageId=ar_SA,https://iot.stc.com.sa/web/guest/home/?p_p_state=normal&p_p_mode=view&saveLastPath=false&_58_struts_action=%2Flogin%2Flogin&p_p_id=58&p_p_lifecycle=0&_58_redirect=%2Fgroup%2Fcrm%2Fhome1%3Bjsessionid%3D6333A461481C354B38E272AE7676BCE1,https://iot.stc.com.sa/web/guest/home/?p_p_id=82&amp;p_p_lifecycle=1&amp;p_p_state=normal&amp;p_p_mode=view&amp;p_p_col_id=column-1&amp;p_p_col_pos=1&amp;p_p_col_count=3&amp;_82_struts_action=%2Flanguage%2Fview&amp;_82_redirect=%2Fweb%2Fguest%2Fhome%2F%3Fp_p_id%3D82%26amp%3Bp_p_lifecycle%3D1%26amp%3Bp_p_state%3Dnormal%26amp%3Bp_p_mode%3Dview%26amp%3Bp_p_col_id%3Dcolumn-1%26amp%3Bp_p_col_pos%3D1%26amp%3Bp_p_col_count%3D3%26amp%3B_82_struts_action%3D%252Flanguage%252Fview%26amp%3B_82_redirect%3D%252Fweb%252Fguest%252Fhome%252F%253Fp_p_id%253D82%2526amp%253Bp_p_lifecycle%253D1%2526amp%253Bp_p_state%253Dnormal%2526amp%253Bp_p_mode%253Dview%2526amp%253Bp_p_col_id%253Dcolumn-1%2526amp%253Bp_p_col_pos%253D1%2526amp%253Bp_p_col_count%253D3%2526amp%253B_82_struts_action%253D%25252Flanguage%25252Fview%2526amp%253B_82_redirect%253D%25252Fweb%25252Fguest%25252Fhome%25252F%25253Fp_p_state%25253Dnormal%252526p_p_mode%25253Dview%252526saveLastPath%25253Dfalse%252526_58_struts_action%25253D%2525252Flogin%2525252Flogin%252526p_p_id%25253D58%252526p_p_lifecycle%25253D0%252526_58_redirect%25253D%2525252Fgroup%2525252Fcrm%2525252Fhome1%2525253Bjsessionid%2525253D6333A461481C354B38E272AE7676BCE1%2526amp%253BlanguageId%253Den_US%26amp%3BlanguageId%3Dar_SA&amp;languageId=ar_SA,recon_page,2026-05-12T09:44:56.247851
1274,1,3,1,10,0,0,2,0,14,0,sa,200,2,46752,575.55,0,0,12,1,XXXXXX,0,html,0,0,1,1,3,0,1,0,1,0,1,4,1,11,1,1,1,4,0,0,0,0,1,2,0,0,1,1,1,65,13,52,0,1,14,14,0,1,8,1,2,1,6,1,1,1,1,0,0,0,0,0,1,0,0,0,0,1,0,0,0,0,0,0,1,0,0,0,0,0,0,0,0.0,0.0,0.0,0,0,0,0,4,1,3,0,0,4,0,9,68,9,0,6,0,0,0,0,0,2.75,0.0013903148528405201,0.375,0.3636208076659822,0,,20260512_090223,2026-05-12T09:45:04.931832,https://iot.stc.com.sa/web/guest/home/?p_p_id=82&amp;p_p_lifecycle=1&amp;p_p_state=normal&amp;p_p_mode=view&amp;p_p_col_id=column-1&amp;p_p_col_pos=1&amp;p_p_col_count=3&amp;_82_struts_action=%2Flanguage%2Fview&amp;_82_redirect=%2Fweb%2Fguest%2Fhome%2F%3Fp_p_id%3D82%26amp%3Bp_p_lifecycle%3D1%26amp%3Bp_p_state%3Dnormal%26amp%3Bp_p_mode%3Dview%26amp%3Bp_p_col_id%3Dcolumn-1%26amp%3Bp_p_col_pos%3D1%26amp%3Bp_p_col_count%3D3%26amp%3B_82_struts_action%3D%252Flanguage%252Fview%26amp%3B_82_redirect%3D%252Fweb%252Fguest%252Fhome%252F%253Fp_p_id%253D82%2526amp%253Bp_p_lifecycle%253D1%2526amp%253Bp_p_state%253Dnormal%2526amp%253Bp_p_mode%253Dview%2526amp%253Bp_p_col_id%253Dcolumn-1%2526amp%253Bp_p_col_pos%253D1%2526amp%253Bp_p_col_count%253D3%2526amp%253B_82_struts_action%253D%25252Flanguage%25252Fview%2526amp%253B_82_redirect%253D%25252Fweb%25252Fguest%25252Fhome%25252F%25253Fp_p_state%25253Dnormal%252526p_p_mode%25253Dview%252526saveLastPath%25253Dfalse%252526_58_struts_action%25253D%2525252Flogin%2525252Flogin%252526p_p_id%25253D58%252526p_p_lifecycle%25253D0%252526_58_redirect%25253D%2525252Fgroup%2525252Fcrm%2525252Fhome1%2525253Bjsessionid%2525253D6333A461481C354B38E272AE7676BCE1%2526amp%253BlanguageId%253Den_US%26amp%3BlanguageId%3Den_US&amp;languageId=ar_SA,https://iot.stc.com.sa/web/guest/home/?p_p_state=normal&p_p_mode=view&saveLastPath=false&_58_struts_action=%2Flogin%2Flogin&p_p_id=58&p_p_lifecycle=0&_58_redirect=%2Fgroup%2Fcrm%2Fhome1%3Bjsessionid%3D6333A461481C354B38E272AE7676BCE1,False,https://iot.stc.com.sa/web/guest/home/?p_p_id=82&amp;p_p_lifecycle=1&amp;p_p_state=normal&amp;p_p_mode=view&amp;p_p_col_id=column-1&amp;p_p_col_pos=1&amp;p_p_col_count=3&amp;_82_struts_action=%2Flanguage%2Fview&amp;_82_redirect=%2Fweb%2Fguest%2Fhome%2F%3Fp_p_id%3D82%26amp%3Bp_p_lifecycle%3D1%26amp%3Bp_p_state%3Dnormal%26amp%3Bp_p_mode%3Dview%26amp%3Bp_p_col_id%3Dcolumn-1%26amp%3Bp_p_col_pos%3D1%26amp%3Bp_p_col_count%3D3%26amp%3B_82_struts_action%3D%252Flanguage%252Fview%26amp%3B_82_redirect%3D%252Fweb%252Fguest%252Fhome%252F%253Fp_p_id%253D82%2526amp%253Bp_p_lifecycle%253D1%2526amp%253Bp_p_state%253Dnormal%2526amp%253Bp_p_mode%253Dview%2526amp%253Bp_p_col_id%253Dcolumn-1%2526amp%253Bp_p_col_pos%253D1%2526amp%253Bp_p_col_count%253D3%2526amp%253B_82_struts_action%253D%25252Flanguage%25252Fview%2526amp%253B_82_redirect%253D%25252Fweb%25252Fguest%25252Fhome%25252F%25253Fp_p_state%25253Dnormal%252526p_p_mode%25253Dview%252526saveLastPath%25253Dfalse%252526_58_struts_action%25253D%2525252Flogin%2525252Flogin%252526p_p_id%25253D58%252526p_p_lifecycle%25253D0%252526_58_redirect%25253D%2525252Fgroup%2525252Fcrm%2525252Fhome1%2525253Bjsessionid%2525253D6333A461481C354B38E272AE7676BCE1%2526amp%253BlanguageId%253Den_US%26amp%3BlanguageId%3Den_US&amp;languageId=ar_SA,https://iot.stc.com.sa/web/guest/home/?p_p_state=normal&p_p_mode=view&saveLastPath=false&_58_struts_action=%2Flogin%2Flogin&p_p_id=58&p_p_lifecycle=0&_58_redirect=%2Fgroup%2Fcrm%2Fhome1%3Bjsessionid%3D6333A461481C354B38E272AE7676BCE1,https://iot.stc.com.sa/web/guest/home/?p_p_id=82&amp;p_p_lifecycle=1&amp;p_p_state=normal&amp;p_p_mode=view&amp;p_p_col_id=column-1&amp;p_p_col_pos=1&amp;p_p_col_count=3&amp;_82_struts_action=%2Flanguage%2Fview&amp;_82_redirect=%2Fweb%2Fguest%2Fhome%2F%3Fp_p_id%3D82%26amp%3Bp_p_lifecycle%3D1%26amp%3Bp_p_state%3Dnormal%26amp%3Bp_p_mode%3Dview%26amp%3Bp_p_col_id%3Dcolumn-1%26amp%3Bp_p_col_pos%3D1%26amp%3Bp_p_col_count%3D3%26amp%3B_82_struts_action%3D%252Flanguage%252Fview%26amp%3B_82_redirect%3D%252Fweb%252Fguest%252Fhome%252F%253Fp_p_id%253D82%2526amp%253Bp_p_lifecycle%253D1%2526amp%253Bp_p_state%253Dnormal%2526amp%253Bp_p_mode%253Dview%2526amp%253Bp_p_col_id%253Dcolumn-1%2526amp%253Bp_p_col_pos%253D1%2526amp%253Bp_p_col_count%253D3%2526amp%253B_82_struts_action%253D%25252Flanguage%25252Fview%2526amp%253B_82_redirect%253D%25252Fweb%25252Fguest%25252Fhome%25252F%25253Fp_p_state%25253Dnormal%252526p_p_mode%25253Dview%252526saveLastPath%25253Dfalse%252526_58_struts_action%25253D%2525252Flogin%2525252Flogin%252526p_p_id%25253D58%252526p_p_lifecycle%25253D0%252526_58_redirect%25253D%2525252Fgroup%2525252Fcrm%2525252Fhome1%2525253Bjsessionid%2525253D6333A461481C354B38E272AE7676BCE1%2526amp%253BlanguageId%253Den_US%26amp%3BlanguageId%3Den_US&amp;languageId=ar_SA,recon_page,2026-05-12T09:45:04.951858
