url_length,has_https,path_depth,has_query_params,num_query_params,has_fragment,has_port,subdomain_count,is_ip_address,domain_length,domain_has_hyphens,domain_tld,status_code,status_category,response_size,response_time_ms,is_redirect,redirect_chain_len,total_headers,server_header_present,server_header,x_powered_by_present,content_type,has_cookies,num_cookies,has_cors,cache_control,security_headers_count,has_csp,has_hsts,has_xss_protection,has_frame_options,has_content_type_options,has_forms,form_count,has_inputs,input_count,has_password_input,password_count,has_hidden_input,hidden_count,has_file_upload,file_upload_count,has_search_input,search_count,has_buttons,button_count,has_textarea,textarea_count,has_select,select_count,has_scripts,script_count,inline_script_count,internal_script_count,external_script_count,has_links,link_count,internal_link_count,external_link_count,has_images,image_count,has_meta_tags,meta_count,has_stylesheets,stylesheet_count,has_javascript,has_comments,comment_count,has_title,server_apache,server_nginx,server_iis,tech_php,tech_aspnet,tech_jsp,tech_wordpress,tech_drupal,tech_joomla,has_debug_info,has_error_messages,has_sql_errors,has_file_paths,has_waf,waf_cloudflare,waf_aws,waf_imperva,reflection_detected,csp_header_reflection_detected,has_jwt,jwt_count,has_api_keys,api_key_count,cookie_count,session_cookies,secure_cookie_ratio,httponly_cookie_ratio,samesite_cookie_ratio,redirect_count,has_redirect_chain,final_https,get_form_count,post_form_count,has_login_form,login_form_count,csrf_token_input_count,has_csrf_token,same_origin_form_count,external_form_count,unique_input_names,unique_endpoint_count,parameterized_link_count,api_like_endpoint_count,inline_event_handler_count,email_input_count,url_input_count,mailto_link_count,tel_link_count,body_truncated_for_analysis,input_to_form_ratio,script_to_content_ratio,security_score,interactivity_score,is_vulnerable,vulnerability_type,scan_id,timestamp,target_url,original_url,is_redirect_response,final_url,target_root,page_url,dataset_record_type,saved_at
33,1,0,1,1,0,0,1,0,11,0,com,200,2,107449,673.454,0,0,27,0,unknown,0,html,1,11,0,1,4,0,0,1,1,1,0,0,1,3,0,0,1,3,0,0,0,0,0,0,0,0,0,0,1,42,17,0,25,1,91,55,36,1,1,1,22,1,5,1,1,4,1,0,0,0,0,0,0,0,0,0,1,1,0,0,0,0,0,0,1,0,0,0,0,0,0,0,0.0,1.0,0.0,0,0,0,0,0,0,0,0,0,0,0,0,95,24,0,0,0,0,0,0,0,0.0,0.00039088311664138336,0.5,0.02792022261724167,0,,multi_full_20260502_195405_0002,2026-05-02T19:55:06.333480,https://sa.trip.com/?locale=ar-sa,https://sa.trip.com/?locale=ar-sa,False,https://sa.trip.com/?locale=ar-sa,https://sa.trip.com/?locale=ar-sa,https://sa.trip.com/?locale=ar-sa,recon_page,2026-05-02T19:55:06.345397
33,1,3,0,0,0,0,1,0,11,0,com,403,4,17029,417.467,0,0,11,0,unknown,0,html,0,0,0,0,0,0,0,0,0,0,0,0,1,1,0,0,1,1,0,0,0,0,0,0,0,0,0,0,1,1,1,0,0,1,19,17,2,1,10,1,2,1,2,1,1,8,1,0,0,0,0,0,0,0,0,0,0,1,0,0,0,0,0,0,0,0,0,0,0,0,0,0,0.0,0.0,0.0,0,0,0,0,0,0,0,0,0,0,0,0,17,10,0,0,0,0,0,0,0,0.0,5.872335427799636e-05,0.0,0.05872335427799636,0,,multi_full_20260502_195405_0002,2026-05-02T19:55:24.509137,https://sa.trip.com/sale/deals/\/,https://sa.trip.com/?locale=ar-sa,False,https://sa.trip.com/sale/deals/\/,https://sa.trip.com/?locale=ar-sa,https://sa.trip.com/sale/deals/\/,recon_page,2026-05-02T19:55:24.519465
47,1,3,0,0,0,0,1,0,11,0,com,200,2,309483,495.627,0,0,15,0,unknown,0,html,1,8,0,0,0,0,0,0,0,0,0,0,1,2,0,0,1,2,0,0,0,0,1,2,0,0,0,0,1,15,11,0,4,1,62,47,15,1,12,1,10,1,15,1,0,0,1,0,0,0,0,0,0,0,0,0,1,1,0,0,0,0,0,0,0,0,0,0,0,0,0,0,0.0,1.0,0.0,0,0,0,0,0,0,0,0,0,0,0,0,51,2,0,0,0,0,0,0,0,0.0,4.846792877153188e-05,0.0,0.012924781005741834,0,,multi_full_20260502_195405_0002,2026-05-02T19:55:24.903199,https://sa.trip.com/guide/phone/china-esim.html,https://sa.trip.com/?locale=ar-sa,False,https://sa.trip.com/guide/phone/china-esim.html,https://sa.trip.com/?locale=ar-sa,https://sa.trip.com/guide/phone/china-esim.html,recon_page,2026-05-02T19:55:24.922416
60,1,2,1,2,0,0,1,0,11,0,com,200,2,40158,511.97099999999995,0,0,27,0,unknown,0,html,1,9,0,1,4,0,0,1,1,1,0,0,1,3,0,0,1,3,0,0,0,0,0,0,0,0,0,0,1,7,7,0,0,1,78,52,26,1,3,1,9,1,3,1,0,0,1,0,0,0,0,0,0,0,0,0,1,1,0,0,0,0,0,0,1,0,0,0,0,0,0,0,0.0,1.0,0.0,0,0,0,0,0,0,0,0,0,0,0,0,73,21,1,0,0,0,0,0,0,0.0,0.00017431146969470592,0.5,0.07470491558344539,0,,multi_full_20260502_195405_0002,2026-05-02T19:55:24.816319,https://sa.trip.com/pages/service/?locale=ar-SA&amp;curr=SAR,https://sa.trip.com/?locale=ar-sa,False,https://sa.trip.com/pages/service/?locale=ar-SA&amp;curr=SAR,https://sa.trip.com/?locale=ar-sa,https://sa.trip.com/pages/service/?locale=ar-SA&amp;curr=SAR,recon_page,2026-05-02T19:55:24.917350
29,1,2,0,0,0,0,1,0,11,0,com,404,4,17029,470.89,0,0,10,0,unknown,0,html,0,0,0,0,0,0,0,0,0,0,0,0,1,1,0,0,1,1,0,0,0,0,0,0,0,0,0,0,1,1,1,0,0,1,19,17,2,1,10,1,2,1,2,1,1,8,1,0,0,0,0,0,0,0,0,0,0,1,0,0,0,0,0,0,0,0,0,0,0,0,0,0,0.0,0.0,0.0,0,0,0,0,0,0,0,0,0,0,0,0,17,10,0,0,0,0,0,0,0,0.0,5.872335427799636e-05,0.0,0.05872335427799636,0,,multi_full_20260502_195405_0002,2026-05-02T19:55:25.396781,https://sa.trip.com/trains/\/,https://sa.trip.com/?locale=ar-sa,False,https://sa.trip.com/trains/\/,https://sa.trip.com/?locale=ar-sa,https://sa.trip.com/trains/\/,recon_page,2026-05-02T19:55:25.423491
89,1,4,1,2,0,0,1,0,11,0,com,200,2,281191,546.419,0,0,15,0,unknown,0,html,1,8,0,1,1,0,0,0,0,0,0,0,1,4,0,0,1,4,0,0,0,0,1,1,0,0,0,0,1,15,10,0,5,1,41,19,22,1,4,1,18,1,21,1,0,0,1,0,0,0,0,0,0,0,0,0,0,0,0,0,0,0,0,0,1,0,0,0,0,0,0,0,0.0,1.0,0.0,0,0,0,0,0,0,0,0,0,0,0,0,41,17,0,0,0,0,0,0,0,0.0,5.3344523828998796e-05,0.125,0.0177815079429996,0,,multi_full_20260502_195405_0002,2026-05-02T19:55:25.890358,https://sa.trip.com/sale/w/38123/saudi55.html?locale=ar-SA&amp;promo_referer=4079_38123_1,https://sa.trip.com/?locale=ar-sa,False,https://sa.trip.com/sale/w/38123/saudi55.html?locale=ar-SA&amp;promo_referer=4079_38123_1,https://sa.trip.com/?locale=ar-sa,https://sa.trip.com/sale/w/38123/saudi55.html?locale=ar-SA&amp;promo_referer=4079_38123_1,recon_page,2026-05-02T19:55:26.022633
36,1,2,0,0,0,0,1,0,11,0,com,200,2,52262,832.954,0,0,16,0,unknown,1,html,1,7,0,0,0,0,0,0,0,0,0,0,1,1,0,0,1,1,0,0,0,0,0,0,0,0,0,0,1,12,5,0,7,1,12,2,10,0,0,1,9,1,4,1,1,4,1,0,0,0,0,0,0,0,0,0,0,0,0,0,0,0,0,0,0,0,0,0,0,0,0,0,0.0,0.0,0.0,0,0,0,0,0,0,0,0,0,0,0,0,18,1,0,0,0,0,0,0,0,0.0,0.0002296123378362864,0.0,0.0191343614863572,0,,multi_full_20260502_195405_0002,2026-05-02T19:55:26.107029,https://sa.trip.com/partners/index\/,https://sa.trip.com/?locale=ar-sa,False,https://sa.trip.com/partners/index\/,https://sa.trip.com/?locale=ar-sa,https://sa.trip.com/partners/index\/,recon_page,2026-05-02T19:55:26.234046
83,1,3,1,2,0,0,1,0,11,0,com,200,2,332081,554.688,0,0,14,0,unknown,0,html,1,5,0,0,0,0,0,0,0,0,0,0,1,2,0,0,1,2,0,0,0,0,0,0,0,0,0,0,1,11,8,0,3,1,23,17,6,0,0,1,4,1,6,1,0,0,1,0,0,0,0,0,0,0,0,0,0,0,0,0,0,0,0,0,1,0,0,0,0,0,0,0,0.0,1.0,0.0,0,0,0,0,0,0,0,0,0,0,0,0,26,15,0,0,0,0,0,0,0,0.0,3.3124448553214425e-05,0.0,0.00602262700967535,0,,multi_full_20260502_195405_0002,2026-05-02T19:55:26.338461,https://sa.trip.com/contents/service-guideline/terms.html?locale=ar-SA&amp;curr=SAR,https://sa.trip.com/?locale=ar-sa,False,https://sa.trip.com/contents/service-guideline/terms.html?locale=ar-SA&amp;curr=SAR,https://sa.trip.com/?locale=ar-sa,https://sa.trip.com/contents/service-guideline/terms.html?locale=ar-SA&amp;curr=SAR,recon_page,2026-05-02T19:55:26.474025
49,1,2,0,0,0,0,1,0,11,0,com,404,4,17029,497.829,0,0,11,0,unknown,0,html,0,0,0,0,0,0,0,0,0,0,0,0,1,1,0,0,1,1,0,0,0,0,0,0,0,0,0,0,1,1,1,0,0,1,19,17,2,1,10,1,2,1,2,1,1,8,1,0,0,0,0,0,0,0,0,0,0,1,0,0,0,0,0,0,0,0,0,0,0,0,0,0,0.0,0.0,0.0,0,0,0,0,0,0,0,0,0,0,0,0,17,10,0,0,0,0,0,0,0,0.0,5.872335427799636e-05,0.0,0.05872335427799636,0,,multi_full_20260502_195405_0002,2026-05-02T19:55:26.493459,https://sa.trip.com/package-tours/private-tours\/,https://sa.trip.com/?locale=ar-sa,False,https://sa.trip.com/package-tours/private-tours\/,https://sa.trip.com/?locale=ar-sa,https://sa.trip.com/package-tours/private-tours\/,recon_page,2026-05-02T19:55:26.607568
49,1,1,1,2,0,0,1,0,11,0,com,200,2,464721,929.812,0,0,17,0,unknown,0,html,1,9,0,1,1,0,0,0,0,0,0,0,1,5,0,0,1,2,0,0,0,0,1,1,0,0,0,0,1,4,3,0,1,1,77,64,13,0,0,1,26,1,2,1,0,0,1,0,0,0,0,0,0,0,0,0,1,1,0,0,0,0,0,0,1,0,0,0,1,2,0,0,1.0,0.0,1.0,0,0,0,0,0,0,0,0,0,0,0,0,76,12,1,0,0,0,0,0,0,0.0,8.607314926590362e-06,0.125,0.012910972389885544,0,,multi_full_20260502_195405_0002,2026-05-02T19:55:26.796429,https://sa.trip.com/hotels/?locale=ar-SA&curr=SAR,https://sa.trip.com/?locale=ar-sa,False,https://sa.trip.com/hotels/?locale=ar-SA&curr=SAR,https://sa.trip.com/?locale=ar-sa,https://sa.trip.com/hotels/?locale=ar-SA&curr=SAR,recon_page,2026-05-02T19:55:26.932906
28,1,1,0,0,0,0,1,0,11,0,com,200,2,107436,430.889,0,0,27,0,unknown,0,html,1,10,0,1,4,0,0,1,1,1,0,0,1,3,0,0,1,3,0,0,0,0,0,0,0,0,0,0,1,42,17,0,25,1,91,55,36,1,1,1,22,1,5,1,1,4,1,0,0,0,0,0,0,0,0,0,1,1,0,0,0,0,0,0,0,0,0,0,0,0,0,0,0.0,1.0,0.0,0,0,0,0,0,0,0,0,0,0,0,0,95,24,0,0,0,0,0,0,0,0.0,0.00039093041438623924,0.5,0.027923601027588518,0,,multi_full_20260502_195405_0002,2026-05-02T19:55:26.953680,https://sa.trip.com/cruises/,https://sa.trip.com/?locale=ar-sa,False,https://sa.trip.com/cruises/,https://sa.trip.com/?locale=ar-sa,https://sa.trip.com/cruises/,recon_page,2026-05-02T19:55:27.042627
67,1,3,0,0,0,0,1,0,11,0,com,200,2,321612,865.217,0,0,15,0,unknown,0,html,1,8,0,0,0,0,0,0,0,0,0,0,1,2,0,0,1,2,0,0,0,0,1,3,0,0,0,0,1,15,11,0,4,1,42,26,16,1,11,1,10,1,16,1,0,0,1,0,0,0,0,0,0,0,0,0,1,1,0,0,0,0,0,0,0,0,0,0,0,0,0,0,0.0,1.0,0.0,0,0,0,0,0,0,0,0,0,0,0,0,41,2,0,0,0,0,0,0,0,0.0,4.664005074437521e-05,0.0,0.015546683581458403,0,,multi_full_20260502_195405_0002,2026-05-02T19:55:27.153463,https://sa.trip.com/guide/transport/china-transportation-guide.html,https://sa.trip.com/?locale=ar-sa,False,https://sa.trip.com/guide/transport/china-transportation-guide.html,https://sa.trip.com/?locale=ar-sa,https://sa.trip.com/guide/transport/china-transportation-guide.html,recon_page,2026-05-02T19:55:27.193543
53,1,1,1,2,0,0,1,0,11,0,com,200,2,464664,949.331,0,0,18,0,unknown,0,html,1,9,0,1,1,0,0,0,0,0,0,0,1,5,0,0,1,2,0,0,0,0,1,1,0,0,0,0,1,4,3,0,1,1,77,64,13,0,0,1,26,1,2,1,0,0,1,0,0,0,0,0,0,0,0,0,1,1,0,0,0,0,0,0,1,0,0,0,1,2,0,0,1.0,0.0,1.0,0,0,0,0,0,0,0,0,0,0,0,0,76,12,1,0,0,0,0,0,0,0.0,8.608370779746225e-06,0.125,0.012912556169619338,0,,multi_full_20260502_195405_0002,2026-05-02T19:55:27.514113,https://sa.trip.com/hotels/?locale=ar-SA&amp;curr=SAR,https://sa.trip.com/?locale=ar-sa,False,https://sa.trip.com/hotels/?locale=ar-SA&amp;curr=SAR,https://sa.trip.com/?locale=ar-sa,https://sa.trip.com/hotels/?locale=ar-SA&amp;curr=SAR,recon_page,2026-05-02T19:55:27.553058
129,1,3,0,0,0,0,1,0,11,0,com,200,2,422427,531.174,0,0,16,0,unknown,0,html,1,8,0,0,0,0,0,0,0,0,0,0,1,2,0,0,1,2,0,0,0,0,1,10,0,0,0,0,1,14,10,0,4,1,68,50,18,1,18,1,10,1,17,1,0,0,1,0,0,0,0,0,0,0,0,0,1,1,0,0,0,0,0,0,0,0,0,0,0,0,0,0,0.0,1.0,0.0,0,0,0,0,0,0,0,0,0,0,0,0,70,2,0,0,0,0,0,0,0,0.0,3.314182095367957e-05,0.0,0.028407275103153915,0,,multi_full_20260502_195405_0002,2026-05-02T19:55:42.886700,https://sa.trip.com/guide/destination/%D8%AF%D9%84%D9%8A%D9%84-%D8%A7%D9%84%D8%B3%D9%81%D8%B1-%D9%84%D9%84%D8%B5%D9%8A%D9%86.html,https://sa.trip.com/?locale=ar-sa,False,https://sa.trip.com/guide/destination/%D8%AF%D9%84%D9%8A%D9%84-%D8%A7%D9%84%D8%B3%D9%81%D8%B1-%D9%84%D9%84%D8%B5%D9%8A%D9%86.html,https://sa.trip.com/?locale=ar-sa,https://sa.trip.com/guide/destination/%D8%AF%D9%84%D9%8A%D9%84-%D8%A7%D9%84%D8%B3%D9%81%D8%B1-%D9%84%D9%84%D8%B5%D9%8A%D9%86.html,recon_page,2026-05-02T19:55:43.153918
20,1,0,0,0,0,0,1,0,11,0,com,200,2,107436,449.035,0,0,28,0,unknown,0,html,1,10,0,1,4,0,0,1,1,1,0,0,1,3,0,0,1,3,0,0,0,0,0,0,0,0,0,0,1,42,17,0,25,1,91,55,36,1,1,1,22,1,5,1,1,4,1,0,0,0,0,0,0,0,0,0,1,1,0,0,0,0,0,0,0,0,0,0,0,0,0,0,0.0,1.0,0.0,0,0,0,0,0,0,0,0,0,0,0,0,95,24,0,0,0,0,0,0,0,0.0,0.00039093041438623924,0.5,0.027923601027588518,0,,multi_full_20260502_195405_0002,2026-05-02T19:56:04.590938,https://sa.trip.com/,https://sa.trip.com/?locale=ar-sa,False,https://sa.trip.com/,https://sa.trip.com/?locale=ar-sa,https://sa.trip.com/,recon_page,2026-05-02T19:56:04.598300
30,1,1,0,0,0,0,1,0,11,0,com,404,4,17029,468.468,0,0,11,0,unknown,0,html,0,0,0,0,0,0,0,0,0,0,0,0,1,1,0,0,1,1,0,0,0,0,0,0,0,0,0,0,1,1,1,0,0,1,19,17,2,1,10,1,2,1,2,1,1,8,1,0,0,0,0,0,0,0,0,0,0,1,0,0,0,0,0,0,0,0,0,0,0,0,0,0,0.0,0.0,0.0,0,0,0,0,0,0,0,0,0,0,0,0,17,10,0,0,0,0,0,0,0,0.0,5.872335427799636e-05,0.0,0.05872335427799636,0,,multi_full_20260502_195405_0002,2026-05-02T19:56:05.388135,https://sa.trip.com/giftcard\/,https://sa.trip.com/?locale=ar-sa,False,https://sa.trip.com/giftcard\/,https://sa.trip.com/?locale=ar-sa,https://sa.trip.com/giftcard\/,recon_page,2026-05-02T19:56:05.761554
39,1,3,0,0,0,0,1,0,11,0,com,400,4,17029,324.85,0,0,10,0,unknown,0,html,0,0,0,0,0,0,0,0,0,0,0,0,1,1,0,0,1,1,0,0,0,0,0,0,0,0,0,0,1,1,1,0,0,1,19,17,2,1,10,1,2,1,2,1,1,8,1,0,0,0,0,0,0,0,0,0,0,1,0,0,0,0,0,0,0,0,0,0,0,0,0,0,0.0,0.0,0.0,0,0,0,0,0,0,0,0,0,0,0,0,17,10,0,0,0,0,0,0,0,0.0,5.872335427799636e-05,0.0,0.05872335427799636,0,,multi_full_20260502_195405_0002,2026-05-02T19:56:05.403376,https://sa.trip.com/customer/loyalty/\/,https://sa.trip.com/?locale=ar-sa,False,https://sa.trip.com/customer/loyalty/\/,https://sa.trip.com/?locale=ar-sa,https://sa.trip.com/customer/loyalty/\/,recon_page,2026-05-02T19:56:05.768789
30,1,2,0,0,0,0,1,0,11,0,com,404,4,17029,250.25399999999996,0,0,10,0,unknown,0,html,0,0,0,0,0,0,0,0,0,0,0,0,1,1,0,0,1,1,0,0,0,0,0,0,0,0,0,0,1,1,1,0,0,1,19,17,2,1,10,1,2,1,2,1,1,8,1,0,0,0,0,0,0,0,0,0,0,1,0,0,0,0,0,0,0,0,0,0,0,0,0,0,0.0,0.0,0.0,0,0,0,0,0,0,0,0,0,0,0,0,17,10,0,0,0,0,0,0,0,0.0,5.872335427799636e-05,0.0,0.05872335427799636,0,,multi_full_20260502_195405_0002,2026-05-02T19:56:05.376788,https://sa.trip.com/flights/\/,https://sa.trip.com/?locale=ar-sa,False,https://sa.trip.com/flights/\/,https://sa.trip.com/?locale=ar-sa,https://sa.trip.com/flights/\/,recon_page,2026-05-02T19:56:05.725143
73,1,3,1,1,0,0,1,0,11,0,com,404,4,17029,439.062,0,0,11,0,unknown,0,html,0,0,0,0,0,0,0,0,0,0,0,0,1,1,0,0,1,1,0,0,0,0,0,0,0,0,0,0,1,1,1,0,0,1,19,17,2,1,10,1,2,1,2,1,1,8,1,0,0,0,0,0,0,0,0,0,0,1,0,0,0,0,0,0,0,0,0,0,0,0,0,0,0.0,0.0,0.0,0,0,0,0,0,0,0,0,0,0,0,0,17,10,0,0,0,0,0,0,0,0.0,5.872335427799636e-05,0.0,0.05872335427799636,0,,multi_full_20260502_195405_0002,2026-05-02T19:56:05.537209,https://sa.trip.com/webapp/tripmap/travel/?entranceId=Triponlinehomeside\,https://sa.trip.com/?locale=ar-sa,False,https://sa.trip.com/webapp/tripmap/travel/?entranceId=Triponlinehomeside\,https://sa.trip.com/?locale=ar-sa,https://sa.trip.com/webapp/tripmap/travel/?entranceId=Triponlinehomeside\,recon_page,2026-05-02T19:56:05.768629
55,1,3,0,0,0,0,1,0,11,0,com,200,2,239267,574.064,0,0,15,0,unknown,0,html,1,8,0,0,0,0,0,0,0,0,0,0,1,2,0,0,1,2,0,0,0,0,1,4,0,0,0,0,1,14,10,0,4,1,62,46,16,1,11,1,10,1,16,1,0,0,1,0,0,0,0,0,0,0,0,0,1,1,0,0,0,0,0,0,0,0,0,0,0,0,0,0,0.0,1.0,0.0,0,0,0,0,0,0,0,0,0,0,0,0,63,4,0,0,0,0,0,0,0,0.0,5.85120388519938e-05,0.0,0.025076588079425914,0,,multi_full_20260502_195405_0002,2026-05-02T19:56:05.725386,https://sa.trip.com/guide/destination/eiffel-tower.html,https://sa.trip.com/?locale=ar-sa,False,https://sa.trip.com/guide/destination/eiffel-tower.html,https://sa.trip.com/?locale=ar-sa,https://sa.trip.com/guide/destination/eiffel-tower.html,recon_page,2026-05-02T19:56:05.827117
37,1,3,0,0,0,0,1,0,11,0,com,403,4,17029,403.322,0,0,11,0,unknown,0,html,0,0,0,0,0,0,0,0,0,0,0,0,1,1,0,0,1,1,0,0,0,0,0,0,0,0,0,0,1,1,1,0,0,1,19,17,2,1,10,1,2,1,2,1,1,8,1,0,0,0,0,0,0,0,0,0,0,1,0,0,0,0,0,0,0,0,0,0,0,0,0,0,0.0,0.0,0.0,0,0,0,0,0,0,0,0,0,0,0,0,17,10,0,0,0,0,0,0,0,0.0,5.872335427799636e-05,0.0,0.05872335427799636,0,,multi_full_20260502_195405_0002,2026-05-02T19:56:05.392667,https://sa.trip.com/pages/about-us/\/,https://sa.trip.com/?locale=ar-sa,False,https://sa.trip.com/pages/about-us/\/,https://sa.trip.com/?locale=ar-sa,https://sa.trip.com/pages/about-us/\/,recon_page,2026-05-02T19:56:05.877320
46,1,0,1,2,0,0,1,0,11,0,com,200,2,107462,361.203,0,0,27,0,unknown,0,html,1,10,0,1,4,0,0,1,1,1,0,0,1,3,0,0,1,3,0,0,0,0,0,0,0,0,0,0,1,42,17,0,25,1,91,55,36,1,1,1,22,1,5,1,1,4,1,0,0,0,0,0,0,0,0,0,1,1,0,0,0,0,0,0,1,0,0,0,0,0,0,0,0.0,1.0,0.0,0,0,0,0,0,0,0,0,0,0,0,0,95,24,0,0,0,0,0,0,0,0.0,0.00039083583034002717,0.5,0.027916845024287654,0,,multi_full_20260502_195405_0002,2026-05-02T19:56:05.610738,https://sa.trip.com/?locale=ar-SA&amp;curr=SAR,https://sa.trip.com/?locale=ar-sa,False,https://sa.trip.com/?locale=ar-SA&amp;curr=SAR,https://sa.trip.com/?locale=ar-sa,https://sa.trip.com/?locale=ar-SA&amp;curr=SAR,recon_page,2026-05-02T19:56:05.894777
49,1,1,1,3,0,0,1,0,11,0,com,200,2,107436,310.868,0,0,27,0,unknown,0,html,1,10,0,1,4,0,0,1,1,1,0,0,1,3,0,0,1,3,0,0,0,0,0,0,0,0,0,0,1,42,17,0,25,1,91,55,36,1,1,1,22,1,5,1,1,4,1,0,0,0,0,0,0,0,0,0,1,1,0,0,0,0,0,0,0,0,0,0,0,0,0,0,0.0,1.0,0.0,0,0,0,0,0,0,0,0,0,0,0,0,95,24,0,0,0,0,0,0,0,0.0,0.00039093041438623924,0.5,0.027923601027588518,0,,multi_full_20260502_195405_0002,2026-05-02T19:56:05.736054,https://sa.trip.com/insurance/?bid=1&cid=2&pid=1\,https://sa.trip.com/?locale=ar-sa,False,https://sa.trip.com/insurance/?bid=1&cid=2&pid=1\,https://sa.trip.com/?locale=ar-sa,https://sa.trip.com/insurance/?bid=1&cid=2&pid=1\,recon_page,2026-05-02T19:56:05.898647
37,1,3,0,0,0,0,1,0,11,0,com,400,4,17029,379.309,0,0,11,0,unknown,0,html,0,0,0,0,0,0,0,0,0,0,0,0,1,1,0,0,1,1,0,0,0,0,0,0,0,0,0,0,1,1,1,0,0,1,19,17,2,1,10,1,2,1,2,1,1,8,1,0,0,0,0,0,0,0,0,0,0,1,0,0,0,0,0,0,0,0,0,0,0,0,0,0,0.0,0.0,0.0,0,0,0,0,0,0,0,0,0,0,0,0,17,10,0,0,0,0,0,0,0,0.0,5.872335427799636e-05,0.0,0.05872335427799636,0,,multi_full_20260502_195405_0002,2026-05-02T19:56:05.524203,https://sa.trip.com/customer/promo/\/,https://sa.trip.com/?locale=ar-sa,False,https://sa.trip.com/customer/promo/\/,https://sa.trip.com/?locale=ar-sa,https://sa.trip.com/customer/promo/\/,recon_page,2026-05-02T19:56:05.902742
33,1,1,0,0,0,0,1,0,11,0,com,200,2,560613,661.713,0,0,19,0,unknown,1,html,1,10,0,1,1,0,0,0,0,0,0,0,0,0,0,0,0,0,0,0,0,0,0,0,0,0,0,0,1,3,3,0,0,1,51,37,14,0,0,1,8,0,0,1,0,0,1,0,0,0,0,0,0,0,0,0,1,1,0,0,0,0,0,0,0,0,0,0,0,0,0,0,0.0,1.0,0.0,0,0,0,0,0,0,0,0,0,0,0,0,44,0,0,0,0,0,0,0,1,0.0,5.351285111119436e-06,0.125,0.0,0,,multi_full_20260502_195405_0002,2026-05-02T19:56:05.429151,https://sa.trip.com/things-to-do/,https://sa.trip.com/?locale=ar-sa,False,https://sa.trip.com/things-to-do/,https://sa.trip.com/?locale=ar-sa,https://sa.trip.com/things-to-do/,recon_page,2026-05-02T19:56:05.904465
64,1,3,0,0,0,0,1,0,11,0,com,200,2,341304,2165.634,0,0,17,0,unknown,0,html,1,8,0,0,0,0,0,0,0,0,0,0,1,2,0,0,1,2,0,0,0,0,1,22,0,0,0,0,1,43,32,0,11,1,146,125,21,1,69,1,13,1,10,1,0,0,1,0,0,0,0,0,0,0,0,0,1,1,0,0,0,0,0,0,0,0,0,0,0,0,0,0,0.0,1.0,0.0,0,0,0,0,0,0,0,0,0,0,0,0,143,0,0,60,0,0,0,0,0,0.0,0.0001259873895412887,0.0,0.07031854299978905,0,,multi_full_20260502_195405_0002,2026-05-02T19:56:05.897786,https://sa.trip.com/flights/riyadh-to-istanbul/airfares-ruh-ist/,https://sa.trip.com/?locale=ar-sa,False,https://sa.trip.com/flights/riyadh-to-istanbul/airfares-ruh-ist/,https://sa.trip.com/?locale=ar-sa,https://sa.trip.com/flights/riyadh-to-istanbul/airfares-ruh-ist/,recon_page,2026-05-02T19:56:05.908591
36,1,3,0,0,0,0,1,0,11,0,com,400,4,17029,428.325,0,0,10,0,unknown,0,html,0,0,0,0,0,0,0,0,0,0,0,0,1,1,0,0,1,1,0,0,0,0,0,0,0,0,0,0,1,1,1,0,0,1,19,17,2,1,10,1,2,1,2,1,1,8,1,0,0,0,0,0,0,0,0,0,0,1,0,0,0,0,0,0,0,0,0,0,0,0,0,0,0.0,0.0,0.0,0,0,0,0,0,0,0,0,0,0,0,0,17,10,0,0,0,0,0,0,0,0.0,5.872335427799636e-05,0.0,0.05872335427799636,0,,multi_full_20260502_195405_0002,2026-05-02T19:56:21.948859,https://sa.trip.com/pages/support/\/,https://sa.trip.com/?locale=ar-sa,False,https://sa.trip.com/pages/support/\/,https://sa.trip.com/?locale=ar-sa,https://sa.trip.com/pages/support/\/,recon_page,2026-05-02T19:56:21.961528
62,1,3,0,0,0,0,1,0,11,0,com,200,2,335294,477.35499999999996,0,0,16,0,unknown,0,html,1,8,0,0,0,0,0,0,0,0,0,0,1,2,0,0,1,2,0,0,0,0,1,22,0,0,0,0,1,43,32,0,11,1,149,128,21,1,55,1,13,1,10,1,0,0,1,0,0,0,0,0,0,0,0,0,1,1,0,0,0,0,0,0,0,0,0,0,0,0,0,0,0.0,1.0,0.0,0,0,0,0,0,0,0,0,0,0,0,0,145,0,0,59,0,0,0,0,0,0.0,0.00012824565903356457,0.0,0.07157897248384999,0,,multi_full_20260502_195405_0002,2026-05-02T19:56:39.346778,https://sa.trip.com/flights/jeddah-to-riyadh/airfares-jed-ruh/,https://sa.trip.com/?locale=ar-sa,False,https://sa.trip.com/flights/jeddah-to-riyadh/airfares-jed-ruh/,https://sa.trip.com/?locale=ar-sa,https://sa.trip.com/flights/jeddah-to-riyadh/airfares-jed-ruh/,recon_page,2026-05-02T19:56:39.357476
31,1,2,0,0,0,0,1,0,11,0,com,404,4,17029,351.163,0,0,11,0,unknown,0,html,0,0,0,0,0,0,0,0,0,0,0,0,1,1,0,0,1,1,0,0,0,0,0,0,0,0,0,0,1,1,1,0,0,1,19,17,2,1,10,1,2,1,2,1,1,8,1,0,0,0,0,0,0,0,0,0,0,1,0,0,0,0,0,0,0,0,0,0,0,0,0,0,0.0,0.0,0.0,0,0,0,0,0,0,0,0,0,0,0,0,17,10,0,0,0,0,0,0,0,0.0,5.872335427799636e-05,0.0,0.05872335427799636,0,,multi_full_20260502_195405_0002,2026-05-02T19:57:07.038981,https://sa.trip.com/favorite/\/,https://sa.trip.com/?locale=ar-sa,False,https://sa.trip.com/favorite/\/,https://sa.trip.com/?locale=ar-sa,https://sa.trip.com/favorite/\/,recon_page,2026-05-02T19:57:07.049934
61,1,2,1,2,0,0,1,0,11,0,com,200,2,203472,410.978,0,0,15,0,unknown,0,html,1,8,0,0,0,0,0,0,0,0,0,0,1,2,0,0,1,2,0,0,0,0,0,0,0,0,0,0,1,10,7,0,3,1,23,12,11,1,2,1,2,1,11,1,0,0,1,0,0,0,0,0,0,0,0,0,0,1,0,0,0,0,0,0,1,0,0,0,0,0,0,0,0.0,1.0,0.0,0,0,0,0,0,0,0,0,0,0,0,0,26,12,0,0,0,0,0,0,0,0.0,4.91468113548793e-05,0.0,0.00982936227097586,0,,multi_full_20260502_195405_0002,2026-05-02T19:57:25.371499,https://sa.trip.com/pages/about-us/?locale=ar-SA&amp;curr=SAR,https://sa.trip.com/?locale=ar-sa,False,https://sa.trip.com/pages/about-us/?locale=ar-SA&amp;curr=SAR,https://sa.trip.com/?locale=ar-sa,https://sa.trip.com/pages/about-us/?locale=ar-SA&amp;curr=SAR,recon_page,2026-05-02T19:57:25.384073
52,1,2,0,0,0,0,1,0,11,0,com,200,2,809920,641.251,0,0,17,0,unknown,1,html,1,4,0,1,1,0,0,0,0,0,0,0,1,5,0,0,1,2,0,0,0,0,1,74,0,0,0,0,1,15,5,0,10,1,132,121,11,1,128,1,17,0,0,1,1,54,1,0,0,0,0,0,0,0,0,0,0,1,0,0,0,0,0,0,0,0,0,0,0,0,0,0,0.0,0.0,0.0,0,0,0,0,0,0,0,0,0,0,0,0,126,1,1,0,0,0,0,0,1,0.0,1.852034768866061e-05,0.125,0.09754049782694588,0,,multi_full_20260502_195405_0002,2026-05-02T19:57:44.204290,https://sa.trip.com/hotels/istanbul-hotels-list-532/,https://sa.trip.com/?locale=ar-sa,False,https://sa.trip.com/hotels/istanbul-hotels-list-532/,https://sa.trip.com/?locale=ar-sa,https://sa.trip.com/hotels/istanbul-hotels-list-532/,recon_page,2026-05-02T19:57:44.208587
27,1,1,0,0,0,0,1,0,11,0,com,200,2,807627,474.962,0,0,18,0,unknown,1,html,1,10,0,1,1,0,0,0,0,0,0,0,0,0,0,0,0,0,0,0,0,0,0,0,0,0,0,0,0,0,0,0,0,1,10,2,8,0,0,1,22,1,2,0,0,0,1,0,0,0,0,0,0,0,0,0,1,1,0,0,0,0,0,0,0,0,0,0,0,0,0,0,0.0,1.0,0.0,0,0,0,0,0,0,0,0,0,0,0,0,8,0,0,0,0,0,0,0,1,0.0,0.0,0.125,0.0,0,,multi_full_20260502_195405_0002,2026-05-02T19:58:04.153060,https://sa.trip.com/trains/,https://sa.trip.com/?locale=ar-sa,False,https://sa.trip.com/trains/,https://sa.trip.com/?locale=ar-sa,https://sa.trip.com/trains/,recon_page,2026-05-02T19:58:04.156486
33,1,1,0,0,0,0,1,0,11,0,com,200,2,125997,567.183,0,0,15,0,unknown,1,html,1,7,0,0,0,0,0,0,0,0,0,0,1,1,0,0,1,1,0,0,0,0,0,0,0,0,0,0,1,81,7,0,74,1,113,26,87,0,0,1,20,1,10,1,0,0,1,0,0,0,1,0,0,0,0,0,0,1,0,0,0,0,0,0,0,0,0,0,0,0,0,0,0.0,0.0,0.0,0,0,0,0,0,0,0,0,0,0,0,0,111,17,0,0,0,0,0,0,0,0.0,0.000642872449344032,0.0,0.007936696905481877,0,,multi_full_20260502_195405_0002,2026-05-02T19:58:23.327501,https://sa.trip.com/travel-guide/,https://sa.trip.com/?locale=ar-sa,False,https://sa.trip.com/travel-guide/,https://sa.trip.com/?locale=ar-sa,https://sa.trip.com/travel-guide/,recon_page,2026-05-02T19:58:23.342736
98,1,4,1,3,0,0,1,0,11,0,com,200,2,155800,493.554,0,0,15,0,unknown,0,html,1,8,0,1,1,0,0,0,0,0,0,0,1,4,0,0,1,4,0,0,0,0,1,1,0,0,0,0,1,15,10,0,5,1,37,18,19,1,5,1,18,1,18,1,0,0,1,0,0,0,0,0,0,0,0,0,0,0,0,0,0,0,0,0,1,0,0,0,0,0,0,0,0.0,1.0,0.0,0,0,0,0,0,0,0,0,0,0,0,0,39,16,0,0,0,0,0,0,0,0.0,9.62772785622593e-05,0.125,0.03209242618741977,0,,multi_full_20260502_195405_0002,2026-05-02T19:58:48.524137,https://sa.trip.com/sale/w/19280/gochina.html?locale=ar-sa&curr=sar&promo_referer=10005073_19280_5,https://sa.trip.com/?locale=ar-sa,False,https://sa.trip.com/sale/w/19280/gochina.html?locale=ar-sa&curr=sar&promo_referer=10005073_19280_5,https://sa.trip.com/?locale=ar-sa,https://sa.trip.com/sale/w/19280/gochina.html?locale=ar-sa&curr=sar&promo_referer=10005073_19280_5,recon_page,2026-05-02T19:58:48.536318
102,1,4,1,3,0,0,1,0,11,0,com,200,2,115814,449.436,0,0,15,0,unknown,0,html,1,8,0,1,1,0,0,0,0,0,0,0,1,4,0,0,1,4,0,0,0,0,1,1,0,0,0,0,1,15,10,0,5,1,20,9,11,1,1,1,4,1,10,1,0,0,1,0,0,0,0,0,0,0,0,0,0,0,0,0,0,0,0,0,1,0,0,0,0,0,0,0,0.0,1.0,0.0,0,0,0,0,0,0,0,0,0,0,0,0,24,7,0,0,0,0,0,0,0,0.0,0.00012951802027388743,0.125,0.043172673424629146,0,,multi_full_20260502_195405_0002,2026-05-02T19:59:22.741165,https://sa.trip.com/sale/w/28884/top-flights.html?locale=ar-sa&curr=sar&promo_referer=10005073_28884_7,https://sa.trip.com/?locale=ar-sa,False,https://sa.trip.com/sale/w/28884/top-flights.html?locale=ar-sa&curr=sar&promo_referer=10005073_28884_7,https://sa.trip.com/?locale=ar-sa,https://sa.trip.com/sale/w/28884/top-flights.html?locale=ar-sa&curr=sar&promo_referer=10005073_28884_7,recon_page,2026-05-02T19:59:22.761641
49,1,2,0,0,0,0,1,0,11,0,com,200,2,841690,2183.131,0,0,17,0,unknown,1,html,1,4,0,1,1,0,0,0,0,0,0,0,1,5,0,0,1,2,0,0,0,0,1,70,0,0,0,0,1,15,5,0,10,1,125,114,11,1,127,1,17,0,0,1,1,54,1,0,0,0,0,0,0,0,0,0,0,1,0,0,0,0,0,0,0,0,0,0,0,0,0,0,0.0,0.0,0.0,0,0,0,0,0,0,0,0,0,0,0,0,109,1,1,0,0,0,0,0,1,0.0,1.7821288122705508e-05,0.125,0.08910644061352754,0,,multi_full_20260502_195405_0002,2026-05-02T19:59:23.104302,https://sa.trip.com/hotels/beijing-hotels-list-1/,https://sa.trip.com/?locale=ar-sa,False,https://sa.trip.com/hotels/beijing-hotels-list-1/,https://sa.trip.com/?locale=ar-sa,https://sa.trip.com/hotels/beijing-hotels-list-1/,recon_page,2026-05-02T19:59:23.122115
49,1,2,0,0,0,0,1,0,11,0,com,200,2,846288,1057.2140000000002,0,0,17,0,unknown,1,html,1,4,0,1,1,0,0,0,0,0,0,0,1,5,0,0,1,2,0,0,0,0,1,74,0,0,0,0,1,15,5,0,10,1,125,114,11,1,128,1,17,0,0,1,1,59,1,0,0,0,0,0,0,0,0,0,0,1,0,0,0,0,0,0,0,0,0,0,0,0,0,0,0.0,0.0,0.0,0,0,0,0,0,0,0,0,0,0,0,0,119,1,1,0,0,0,0,0,1,0.0,1.772446259429414e-05,0.125,0.09334883632994914,0,,multi_full_20260502_195405_0002,2026-05-02T19:59:24.369053,https://sa.trip.com/hotels/dubai-hotels-list-220/,https://sa.trip.com/?locale=ar-sa,False,https://sa.trip.com/hotels/dubai-hotels-list-220/,https://sa.trip.com/?locale=ar-sa,https://sa.trip.com/hotels/dubai-hotels-list-220/,recon_page,2026-05-02T19:59:24.412422
37,1,3,0,0,0,0,1,0,11,0,com,404,4,17029,468.07,0,0,10,0,unknown,0,html,0,0,0,0,0,0,0,0,0,0,0,0,1,1,0,0,1,1,0,0,0,0,0,0,0,0,0,0,1,1,1,0,0,1,19,17,2,1,10,1,2,1,2,1,1,8,1,0,0,0,0,0,0,0,0,0,0,1,0,0,0,0,0,0,0,0,0,0,0,0,0,0,0.0,0.0,0.0,0,0,0,0,0,0,0,0,0,0,0,0,17,10,0,0,0,0,0,0,0,0.0,5.872335427799636e-05,0.0,0.05872335427799636,0,,multi_full_20260502_195405_0002,2026-05-02T19:59:42.081349,https://sa.trip.com/m/vbooking/home\/,https://sa.trip.com/?locale=ar-sa,False,https://sa.trip.com/m/vbooking/home\/,https://sa.trip.com/?locale=ar-sa,https://sa.trip.com/m/vbooking/home\/,recon_page,2026-05-02T19:59:42.097086
103,1,4,1,3,0,0,1,0,11,0,com,200,2,74957,462.457,0,0,15,0,unknown,0,html,1,8,0,1,1,0,0,0,0,0,0,0,1,4,0,0,1,4,0,0,0,0,1,1,0,0,0,0,1,15,10,0,5,1,29,16,13,0,0,1,16,1,12,1,0,0,1,0,0,0,0,0,0,0,0,0,0,0,0,0,0,0,0,0,1,0,0,0,0,0,0,0,0.0,1.0,0.0,0,0,0,0,0,0,0,0,0,0,0,0,33,14,0,0,0,0,0,0,0,0.0,0.0002001147324466027,0.125,0.06670491081553424,0,,multi_full_20260502_195405_0002,2026-05-02T19:59:42.722828,https://sa.trip.com/sale/w/21877/riyadbank-sa.html?locale=ar-sa&curr=sar&promo_referer=10005073_21877_1,https://sa.trip.com/?locale=ar-sa,False,https://sa.trip.com/sale/w/21877/riyadbank-sa.html?locale=ar-sa&curr=sar&promo_referer=10005073_21877_1,https://sa.trip.com/?locale=ar-sa,https://sa.trip.com/sale/w/21877/riyadbank-sa.html?locale=ar-sa&curr=sar&promo_referer=10005073_21877_1,recon_page,2026-05-02T19:59:42.732563
92,1,3,1,2,0,0,1,0,11,0,com,200,2,197628,428.08000000000004,0,0,15,0,unknown,0,html,1,5,0,0,0,0,0,0,0,0,0,0,1,2,0,0,1,2,0,0,0,0,0,0,0,0,0,0,1,11,8,0,3,1,19,12,7,0,0,1,4,1,6,1,0,0,1,0,0,0,0,0,0,0,0,0,0,0,0,0,0,0,0,0,1,0,0,0,0,0,0,0,0.0,1.0,0.0,0,0,0,0,0,0,0,0,0,0,0,0,22,12,0,0,0,0,1,0,0,0.0,5.566012913149959e-05,0.0,0.010120023478454471,0,,multi_full_20260502_195405_0002,2026-05-02T19:59:42.862560,https://sa.trip.com/contents/service-guideline/privacy-policy.html?locale=ar-SA&amp;curr=SAR,https://sa.trip.com/?locale=ar-sa,False,https://sa.trip.com/contents/service-guideline/privacy-policy.html?locale=ar-SA&amp;curr=SAR,https://sa.trip.com/?locale=ar-sa,https://sa.trip.com/contents/service-guideline/privacy-policy.html?locale=ar-SA&amp;curr=SAR,recon_page,2026-05-02T19:59:42.886936
72,1,4,1,1,0,0,1,0,11,0,com,403,4,17029,331.121,0,0,10,0,unknown,0,html,0,0,0,0,0,0,0,0,0,0,0,0,1,1,0,0,1,1,0,0,0,0,0,0,0,0,0,0,1,1,1,0,0,1,19,17,2,1,10,1,2,1,2,1,1,8,1,0,0,0,0,0,0,0,0,0,0,1,0,0,0,0,0,0,0,0,0,0,0,0,0,0,0.0,0.0,0.0,0,0,0,0,0,0,0,0,0,0,0,0,17,10,0,0,0,0,0,0,0,0.0,5.872335427799636e-05,0.0,0.05872335427799636,0,,multi_full_20260502_195405_0002,2026-05-02T19:59:43.687062,https://sa.trip.com/sale/w/1899/friends-referral-main.html?locale=en_xx\,https://sa.trip.com/?locale=ar-sa,False,https://sa.trip.com/sale/w/1899/friends-referral-main.html?locale=en_xx\,https://sa.trip.com/?locale=ar-sa,https://sa.trip.com/sale/w/1899/friends-referral-main.html?locale=en_xx\,recon_page,2026-05-02T19:59:43.697080
67,1,3,0,0,0,0,1,0,11,0,com,400,4,17029,465.717,0,0,11,0,unknown,0,html,0,0,0,0,0,0,0,0,0,0,0,0,1,1,0,0,1,1,0,0,0,0,0,0,0,0,0,0,1,1,1,0,0,1,19,17,2,1,10,1,2,1,2,1,1,8,1,0,0,0,0,0,0,0,0,0,0,1,0,0,0,0,0,0,0,0,0,0,0,0,0,0,0.0,0.0,0.0,0,0,0,0,0,0,0,0,0,0,0,0,17,10,0,0,0,0,0,0,0,0.0,5.872335427799636e-05,0.0,0.05872335427799636,0,,multi_full_20260502_195405_0002,2026-05-02T19:59:43.712053,https://sa.trip.com/contents/service-guideline/privacy-policy.html\,https://sa.trip.com/?locale=ar-sa,False,https://sa.trip.com/contents/service-guideline/privacy-policy.html\,https://sa.trip.com/?locale=ar-sa,https://sa.trip.com/contents/service-guideline/privacy-policy.html\,recon_page,2026-05-02T19:59:43.720480
29,1,2,0,0,0,0,1,0,11,0,com,404,4,17029,408.358,0,0,11,0,unknown,0,html,0,0,0,0,0,0,0,0,0,0,0,0,1,1,0,0,1,1,0,0,0,0,0,0,0,0,0,0,1,1,1,0,0,1,19,17,2,1,10,1,2,1,2,1,1,8,1,0,0,0,0,0,0,0,0,0,0,1,0,0,0,0,0,0,0,0,0,0,0,0,0,0,0.0,0.0,0.0,0,0,0,0,0,0,0,0,0,0,0,0,17,10,0,0,0,0,0,0,0,0.0,5.872335427799636e-05,0.0,0.05872335427799636,0,,multi_full_20260502_195405_0002,2026-05-02T19:59:44.672469,https://sa.trip.com/hotels/\/,https://sa.trip.com/?locale=ar-sa,False,https://sa.trip.com/hotels/\/,https://sa.trip.com/?locale=ar-sa,https://sa.trip.com/hotels/\/,recon_page,2026-05-02T19:59:44.707018
59,1,2,1,2,0,0,1,0,11,0,com,200,2,149334,456.75100000000003,0,0,27,0,unknown,0,html,1,9,0,1,4,0,0,1,1,1,0,0,1,3,0,0,1,3,0,0,0,0,1,6,0,0,0,0,1,7,7,0,0,1,81,51,30,1,12,1,9,1,3,1,1,9,1,0,0,0,0,0,0,0,0,0,1,1,0,0,0,0,0,0,1,0,0,0,0,0,0,0,0.0,1.0,0.0,0,0,0,0,0,0,0,0,0,0,0,0,75,24,1,0,0,0,0,0,0,0.0,4.687479073754135e-05,0.5,0.06026758809112459,0,,multi_full_20260502_195405_0002,2026-05-02T19:59:44.790117,https://sa.trip.com/customer/loyalty/?locale=ar-SA&curr=SAR,https://sa.trip.com/?locale=ar-sa,False,https://sa.trip.com/customer/loyalty/?locale=ar-SA&curr=SAR,https://sa.trip.com/?locale=ar-sa,https://sa.trip.com/customer/loyalty/?locale=ar-SA&curr=SAR,recon_page,2026-05-02T19:59:44.797881
61,1,3,0,0,0,0,1,0,11,0,com,200,2,353321,585.4319999999999,0,0,17,0,unknown,0,html,1,8,0,0,0,0,0,0,0,0,0,0,1,2,0,0,1,2,0,0,0,0,1,24,0,0,0,0,1,43,32,0,11,1,147,126,21,1,76,1,13,1,10,1,0,0,1,0,0,0,0,0,0,0,0,0,1,1,0,0,0,0,0,0,0,0,0,0,0,0,0,0,0.0,1.0,0.0,0,0,0,0,0,0,0,0,0,0,0,0,143,0,0,60,0,0,0,0,0,0.0,0.00012170236130883814,0.0,0.07358747427976259,0,,multi_full_20260502_195405_0002,2026-05-02T19:59:45.342795,https://sa.trip.com/flights/cairo-to-riyadh/airfares-cai-ruh/,https://sa.trip.com/?locale=ar-sa,False,https://sa.trip.com/flights/cairo-to-riyadh/airfares-cai-ruh/,https://sa.trip.com/?locale=ar-sa,https://sa.trip.com/flights/cairo-to-riyadh/airfares-cai-ruh/,recon_page,2026-05-02T19:59:45.350558
31,1,2,0,0,0,0,1,0,11,0,com,400,4,17029,424.978,0,0,10,0,unknown,0,html,0,0,0,0,0,0,0,0,0,0,0,0,1,1,0,0,1,1,0,0,0,0,0,0,0,0,0,0,1,1,1,0,0,1,19,17,2,1,10,1,2,1,2,1,1,8,1,0,0,0,0,0,0,0,0,0,0,1,0,0,0,0,0,0,0,0,0,0,0,0,0,0,0.0,0.0,0.0,0,0,0,0,0,0,0,0,0,0,0,0,17,10,0,0,0,0,0,0,0,0.0,5.872335427799636e-05,0.0,0.05872335427799636,0,,multi_full_20260502_195405_0002,2026-05-02T20:00:12.809835,https://sa.trip.com/feedback/\/,https://sa.trip.com/?locale=ar-sa,False,https://sa.trip.com/feedback/\/,https://sa.trip.com/?locale=ar-sa,https://sa.trip.com/feedback/\/,recon_page,2026-05-02T20:00:12.862453
67,1,2,1,2,0,0,1,0,11,0,com,200,2,46341,360.334,0,0,19,0,unknown,1,html,1,9,0,1,1,0,0,0,0,0,0,0,0,0,0,0,0,0,0,0,0,0,0,0,0,0,0,0,1,18,5,0,13,1,21,13,8,0,0,1,6,1,5,1,0,0,0,0,0,0,0,0,0,0,0,0,1,1,0,0,0,0,0,0,1,0,0,0,0,0,0,0,0.0,1.0,0.0,0,0,0,0,0,0,0,0,0,0,0,0,31,13,1,0,0,0,0,0,0,0.0,0.0003884249368809478,0.125,0.0,0,,multi_full_20260502_195405_0002,2026-05-02T20:00:25.415149,https://sa.trip.com/passport/ordersearch/?locale=ar-SA&amp;curr=SAR,https://sa.trip.com/?locale=ar-sa,False,https://sa.trip.com/passport/ordersearch/?locale=ar-SA&amp;curr=SAR,https://sa.trip.com/?locale=ar-sa,https://sa.trip.com/passport/ordersearch/?locale=ar-SA&amp;curr=SAR,recon_page,2026-05-02T20:00:25.426978
42,1,3,0,0,0,0,1,0,11,0,com,400,4,17029,345.51599999999996,0,0,10,0,unknown,0,html,0,0,0,0,0,0,0,0,0,0,0,0,1,1,0,0,1,1,0,0,0,0,0,0,0,0,0,0,1,1,1,0,0,1,19,17,2,1,10,1,2,1,2,1,1,8,1,0,0,0,0,0,0,0,0,0,0,1,0,0,0,0,0,0,0,0,0,0,0,0,0,0,0.0,0.0,0.0,0,0,0,0,0,0,0,0,0,0,0,0,17,10,0,0,0,0,0,0,0,0.0,5.872335427799636e-05,0.0,0.05872335427799636,0,,multi_full_20260502_195405_0002,2026-05-02T20:01:13.781363,https://sa.trip.com/customer/tierpoints/\/,https://sa.trip.com/?locale=ar-sa,False,https://sa.trip.com/customer/tierpoints/\/,https://sa.trip.com/?locale=ar-sa,https://sa.trip.com/customer/tierpoints/\/,recon_page,2026-05-02T20:01:13.794114
97,1,4,1,3,0,0,1,0,11,0,com,200,2,74608,359.935,0,0,15,0,unknown,0,html,1,8,0,1,1,0,0,0,0,0,0,0,1,4,0,0,1,4,0,0,0,0,1,1,0,0,0,0,1,15,10,0,5,1,29,16,13,0,0,1,4,1,12,1,0,0,1,0,0,0,0,0,0,0,0,0,0,0,0,0,0,0,0,0,1,0,0,0,0,0,0,0,0.0,1.0,0.0,0,0,0,0,0,0,0,0,0,0,0,0,33,14,0,0,0,0,0,0,0,0.0,0.00020105082564872399,0.125,0.067016941882908,0,,multi_full_20260502_195405_0002,2026-05-02T20:01:40.905461,https://sa.trip.com/sale/w/35303/tamara.html?locale=ar-sa&curr=sar&promo_referer=10005073_35303_2,https://sa.trip.com/?locale=ar-sa,False,https://sa.trip.com/sale/w/35303/tamara.html?locale=ar-sa&curr=sar&promo_referer=10005073_35303_2,https://sa.trip.com/?locale=ar-sa,https://sa.trip.com/sale/w/35303/tamara.html?locale=ar-sa&curr=sar&promo_referer=10005073_35303_2,recon_page,2026-05-02T20:01:40.909991
36,1,2,0,0,0,0,1,0,11,0,com,400,4,17029,299.35699999999997,0,0,10,0,unknown,0,html,0,0,0,0,0,0,0,0,0,0,0,0,1,1,0,0,1,1,0,0,0,0,0,0,0,0,0,0,1,1,1,0,0,1,19,17,2,1,10,1,2,1,2,1,1,8,1,0,0,0,0,0,0,0,0,0,0,1,0,0,0,0,0,0,0,0,0,0,0,0,0,0,0.0,0.0,0.0,0,0,0,0,0,0,0,0,0,0,0,0,17,10,0,0,0,0,0,0,0,0.0,5.872335427799636e-05,0.0,0.05872335427799636,0,,multi_full_20260502_195405_0002,2026-05-02T20:01:59.817402,https://sa.trip.com/pages/partners\/,https://sa.trip.com/?locale=ar-sa,False,https://sa.trip.com/pages/partners\/,https://sa.trip.com/?locale=ar-sa,https://sa.trip.com/pages/partners\/,recon_page,2026-05-02T20:01:59.828838
269,1,3,0,0,0,0,1,0,11,0,com,200,2,237192,608.248,0,0,15,0,unknown,0,html,1,8,0,0,0,0,0,0,0,0,0,0,1,2,0,0,1,2,0,0,0,0,1,1,0,0,0,0,1,13,9,0,4,1,56,39,17,1,13,1,13,1,17,1,0,0,1,0,0,0,0,0,0,0,0,0,1,1,0,0,0,0,0,0,0,0,0,0,0,0,0,0,0.0,1.0,0.0,0,0,0,0,0,0,0,0,0,0,0,0,49,15,0,0,0,0,0,0,0,0.0,5.4807919322742754e-05,0.0,0.012647981382171405,0,,multi_full_20260502_195405_0002,2026-05-02T20:02:11.702739,https://sa.trip.com/hot/articles/%D8%AF%D9%84%D9%8A%D9%84-%D8%AD%D8%AC%D8%B2-%D9%81%D9%86%D8%A7%D8%AF%D9%82-%D8%A7%D9%84%D8%B3%D8%B9%D9%88%D8%AF%D9%8A%D8%A9%3A-%D8%A3%D9%81%D8%B6%D9%84-%D8%A7%D9%84%D8%B7%D8%B1%D9%82-%D9%88%D8%A7%D9%84%D9%86%D8%B5%D8%A7%D8%A6%D8%AD.html,https://sa.trip.com/?locale=ar-sa,False,https://sa.trip.com/hot/articles/%D8%AF%D9%84%D9%8A%D9%84-%D8%AD%D8%AC%D8%B2-%D9%81%D9%86%D8%A7%D8%AF%D9%82-%D8%A7%D9%84%D8%B3%D8%B9%D9%88%D8%AF%D9%8A%D8%A9%3A-%D8%A3%D9%81%D8%B6%D9%84-%D8%A7%D9%84%D8%B7%D8%B1%D9%82-%D9%88%D8%A7%D9%84%D9%86%D8%B5%D8%A7%D8%A6%D8%AD.html,https://sa.trip.com/?locale=ar-sa,https://sa.trip.com/hot/articles/%D8%AF%D9%84%D9%8A%D9%84-%D8%AD%D8%AC%D8%B2-%D9%81%D9%86%D8%A7%D8%AF%D9%82-%D8%A7%D9%84%D8%B3%D8%B9%D9%88%D8%AF%D9%8A%D8%A9%3A-%D8%A3%D9%81%D8%B6%D9%84-%D8%A7%D9%84%D8%B7%D8%B1%D9%82-%D9%88%D8%A7%D9%84%D9%86%D8%B5%D8%A7%D8%A6%D8%AD.html,recon_page,2026-05-02T20:02:11.719425
39,1,2,0,0,0,0,1,0,11,0,com,400,4,17029,341.66,0,0,10,0,unknown,0,html,0,0,0,0,0,0,0,0,0,0,0,0,1,1,0,0,1,1,0,0,0,0,0,0,0,0,0,0,1,1,1,0,0,1,19,17,2,1,10,1,2,1,2,1,1,8,1,0,0,0,0,0,0,0,0,0,0,1,0,0,0,0,0,0,0,0,0,0,0,0,0,0,0.0,0.0,0.0,0,0,0,0,0,0,0,0,0,0,0,0,17,10,0,0,0,0,0,0,0,0.0,5.872335427799636e-05,0.0,0.05872335427799636,0,,multi_full_20260502_195405_0002,2026-05-02T20:02:23.972943,https://sa.trip.com/pages/appdownload\/,https://sa.trip.com/?locale=ar-sa,False,https://sa.trip.com/pages/appdownload\/,https://sa.trip.com/?locale=ar-sa,https://sa.trip.com/pages/appdownload\/,recon_page,2026-05-02T20:02:23.985010
65,1,2,1,2,0,0,1,0,11,0,com,200,2,247264,536.508,0,0,14,0,unknown,0,html,1,8,0,0,0,0,0,0,0,0,0,0,1,2,0,0,1,2,0,0,0,0,0,0,0,0,0,0,1,14,11,0,3,1,23,14,9,1,1,1,5,1,9,1,0,0,1,0,0,0,0,0,0,0,0,0,0,1,0,0,0,0,0,0,1,0,0,0,0,0,0,0,0.0,1.0,0.0,0,0,0,0,0,0,0,0,0,0,0,0,25,12,0,0,0,0,0,0,0,0.0,5.6619645399249385e-05,0.0,0.00808852077132134,0,,multi_full_20260502_195405_0002,2026-05-02T20:02:33.679084,https://sa.trip.com/pages/customer-service/?locale=ar-SA&curr=SAR,https://sa.trip.com/?locale=ar-sa,False,https://sa.trip.com/pages/customer-service/?locale=ar-SA&curr=SAR,https://sa.trip.com/?locale=ar-sa,https://sa.trip.com/pages/customer-service/?locale=ar-SA&curr=SAR,recon_page,2026-05-02T20:02:33.683653
50,1,1,1,1,0,0,1,0,11,0,com,200,2,380396,478.184,0,0,17,0,unknown,1,html,1,4,0,1,1,0,0,0,0,0,0,0,1,2,0,0,1,2,0,0,0,0,0,0,0,0,0,0,1,17,8,0,9,1,31,19,12,1,25,1,20,0,0,1,1,1,1,0,0,0,1,0,0,0,0,0,0,1,0,0,0,0,0,0,0,0,0,0,0,0,0,0,0.0,0.0,0.0,0,0,0,0,0,0,0,0,0,0,0,0,36,1,0,0,0,0,2,1,0,0.0,4.46902701395388e-05,0.125,0.005257678839945741,0,,multi_full_20260502_195405_0002,2026-05-02T20:02:49.737695,https://sa.trip.com/list-your-property/?channel=2\,https://sa.trip.com/?locale=ar-sa,False,https://sa.trip.com/list-your-property/?channel=2\,https://sa.trip.com/?locale=ar-sa,https://sa.trip.com/list-your-property/?channel=2\,recon_page,2026-05-02T20:02:49.755062
61,1,3,0,0,0,0,1,0,11,0,com,200,2,335980,534.077,0,0,16,0,unknown,0,html,1,8,0,0,0,0,0,0,0,0,0,0,1,2,0,0,1,2,0,0,0,0,1,22,0,0,0,0,1,43,32,0,11,1,138,117,21,1,64,1,13,1,10,1,0,0,1,0,0,0,0,0,0,0,0,0,1,1,0,0,0,0,0,0,0,0,0,0,0,0,0,0,0.0,1.0,0.0,0,0,0,0,0,0,0,0,0,0,0,0,135,0,0,59,0,0,0,0,0,0.0,0.00012798380856003332,0.0,0.07143282338234418,0,,multi_full_20260502_195405_0002,2026-05-02T20:02:49.825091,https://sa.trip.com/flights/riyadh-to-dubai/airfares-ruh-dxb/,https://sa.trip.com/?locale=ar-sa,False,https://sa.trip.com/flights/riyadh-to-dubai/airfares-ruh-dxb/,https://sa.trip.com/?locale=ar-sa,https://sa.trip.com/flights/riyadh-to-dubai/airfares-ruh-dxb/,recon_page,2026-05-02T20:02:49.833213
50,1,1,1,1,0,0,1,0,11,0,com,200,2,380375,575.4590000000001,0,0,17,0,unknown,1,html,1,4,0,1,1,0,0,0,0,0,0,0,1,2,0,0,1,2,0,0,0,0,0,0,0,0,0,0,1,17,8,0,9,1,31,19,12,1,25,1,20,0,0,1,1,1,1,0,0,0,1,0,0,0,0,0,0,1,0,0,0,0,0,0,0,0,0,0,0,0,0,0,0.0,0.0,0.0,0,0,0,0,0,0,0,0,0,0,0,0,36,1,0,0,0,0,2,1,0,0.0,4.46927374301676e-05,0.125,0.0052579691094314825,0,,multi_full_20260502_195405_0002,2026-05-02T20:02:51.842067,https://sa.trip.com/list-your-property/?channel=16,https://sa.trip.com/?locale=ar-sa,False,https://sa.trip.com/list-your-property/?channel=16,https://sa.trip.com/?locale=ar-sa,https://sa.trip.com/list-your-property/?channel=16,recon_page,2026-05-02T20:02:51.849651
35,1,2,0,0,0,0,1,0,11,0,com,400,4,17029,672.586,0,0,11,0,unknown,0,html,0,0,0,0,0,0,0,0,0,0,0,0,1,1,0,0,1,1,0,0,0,0,0,0,0,0,0,0,1,1,1,0,0,1,19,17,2,1,10,1,2,1,2,1,1,8,1,0,0,0,0,0,0,0,0,0,0,1,0,0,0,0,0,0,0,0,0,0,0,0,0,0,0.0,0.0,0.0,0,0,0,0,0,0,0,0,0,0,0,0,17,10,0,0,0,0,0,0,0,0.0,5.872335427799636e-05,0.0,0.05872335427799636,0,,multi_full_20260502_195405_0002,2026-05-02T20:03:03.858353,https://sa.trip.com/pages/support\/,https://sa.trip.com/?locale=ar-sa,False,https://sa.trip.com/pages/support\/,https://sa.trip.com/?locale=ar-sa,https://sa.trip.com/pages/support\/,recon_page,2026-05-02T20:03:03.871365
49,1,3,0,0,0,0,1,0,11,0,com,200,2,830732,947.577,0,0,15,0,unknown,0,html,1,8,0,0,0,0,0,0,0,0,1,1,1,6,0,0,1,2,0,0,0,0,1,33,0,0,0,0,1,12,10,0,2,1,108,83,25,1,71,1,13,1,19,1,0,0,1,0,0,0,0,0,0,0,0,0,1,1,0,0,0,0,0,0,0,0,0,0,0,0,0,0,0.0,1.0,0.0,0,0,0,1,0,0,0,0,0,1,0,0,91,14,0,0,0,0,0,0,1,6.0,1.444509179855838e-05,0.0,0.0481503059951946,0,,multi_full_20260502_195405_0002,2026-05-02T20:03:10.927016,https://sa.trip.com/hot/articles/canton-fair.html,https://sa.trip.com/?locale=ar-sa,False,https://sa.trip.com/hot/articles/canton-fair.html,https://sa.trip.com/?locale=ar-sa,https://sa.trip.com/hot/articles/canton-fair.html,recon_page,2026-05-02T20:03:10.933555
54,1,1,1,2,0,0,1,0,11,0,com,200,2,90209,359.204,0,0,19,0,unknown,0,html,1,10,0,0,1,0,0,0,0,1,1,1,1,2,0,0,1,2,0,0,0,0,1,1,0,0,0,0,1,24,23,0,1,1,135,114,21,1,1,1,29,1,4,1,1,17,1,0,0,0,0,0,0,0,0,0,1,1,0,1,0,0,0,0,1,0,0,0,0,0,0,0,0.0,1.0,0.0,0,0,0,0,1,0,0,0,0,1,0,2,133,1,1,0,0,0,0,0,0,2.0,0.0002660488421332683,0.125,0.04434147368887805,0,,multi_full_20260502_195405_0002,2026-05-02T20:03:45.239701,https://sa.trip.com/flights/?locale=ar-SA&amp;curr=SAR,https://sa.trip.com/?locale=ar-sa,False,https://sa.trip.com/flights/?locale=ar-SA&amp;curr=SAR,https://sa.trip.com/?locale=ar-sa,https://sa.trip.com/flights/?locale=ar-SA&amp;curr=SAR,recon_page,2026-05-02T20:03:45.249234
58,1,3,0,0,0,0,1,0,11,0,com,400,4,17029,312.222,0,0,10,0,unknown,0,html,0,0,0,0,0,0,0,0,0,0,0,0,1,1,0,0,1,1,0,0,0,0,0,0,0,0,0,0,1,1,1,0,0,1,19,17,2,1,10,1,2,1,2,1,1,8,1,0,0,0,0,0,0,0,0,0,0,1,0,0,0,0,0,0,0,0,0,0,0,0,0,0,0.0,0.0,0.0,0,0,0,0,0,0,0,0,0,0,0,0,17,10,0,0,0,0,0,0,0,0.0,5.872335427799636e-05,0.0,0.05872335427799636,0,,multi_full_20260502_195405_0002,2026-05-02T20:04:01.962544,https://sa.trip.com/contents/service-guideline/terms.html\,https://sa.trip.com/?locale=ar-sa,False,https://sa.trip.com/contents/service-guideline/terms.html\,https://sa.trip.com/?locale=ar-sa,https://sa.trip.com/contents/service-guideline/terms.html\,recon_page,2026-05-02T20:04:01.967492
63,1,3,0,0,0,0,1,0,11,0,com,200,2,174272,492.673,0,0,15,0,unknown,0,html,1,8,0,0,0,0,0,0,0,0,0,0,1,2,0,0,1,2,0,0,0,0,1,3,0,0,0,0,1,14,10,0,4,1,60,45,15,1,15,1,11,1,15,1,0,0,1,0,0,0,0,0,0,0,0,0,1,1,0,0,0,0,0,0,0,0,0,0,0,0,0,0,0.0,1.0,0.0,0,0,0,0,0,0,0,0,0,0,0,0,49,3,0,0,0,0,0,0,0,0.0,8.033419023136246e-05,0.0,0.028690782225486596,0,,multi_full_20260502_195405_0002,2026-05-02T20:04:26.268599,https://sa.trip.com/hot/tourist-guide/beijing-travel-guide.html,https://sa.trip.com/?locale=ar-sa,False,https://sa.trip.com/hot/tourist-guide/beijing-travel-guide.html,https://sa.trip.com/?locale=ar-sa,https://sa.trip.com/hot/tourist-guide/beijing-travel-guide.html,recon_page,2026-05-02T20:04:26.276593
55,1,3,0,0,0,0,1,0,11,0,com,200,2,243358,647.901,0,0,15,0,unknown,0,html,1,8,0,0,0,0,0,0,0,0,0,0,1,2,0,0,1,2,0,0,0,0,1,2,0,0,0,0,1,14,10,0,4,1,65,49,16,1,9,1,10,1,16,1,0,0,1,0,0,0,0,0,0,0,0,0,1,1,0,0,0,0,0,0,0,0,0,0,0,0,0,0,0.0,1.0,0.0,0,0,0,0,0,0,0,0,0,0,0,0,64,4,0,0,0,0,0,0,0,0.0,5.7528414927801836e-05,0.0,0.016436689979371952,0,,multi_full_20260502_195405_0002,2026-05-02T20:04:53.349977,https://sa.trip.com/guide/destination/burj-khalifa.html,https://sa.trip.com/?locale=ar-sa,False,https://sa.trip.com/guide/destination/burj-khalifa.html,https://sa.trip.com/?locale=ar-sa,https://sa.trip.com/guide/destination/burj-khalifa.html,recon_page,2026-05-02T20:04:53.363585
62,1,3,0,0,0,0,1,0,11,0,com,200,2,324765,460.077,0,0,16,0,unknown,0,html,1,8,0,0,0,0,0,0,0,0,0,0,1,2,0,0,1,2,0,0,0,0,1,20,0,0,0,0,1,43,32,0,11,1,145,124,21,1,55,1,13,1,10,1,0,0,1,0,0,0,0,0,0,0,0,0,1,1,0,0,0,0,0,0,0,0,0,0,0,0,0,0,0.0,1.0,0.0,0,0,0,0,0,0,0,0,0,0,0,0,141,0,0,44,0,0,0,0,0,0.0,0.00013240343017258634,0.0,0.06774128985574185,0,,multi_full_20260502_195405_0002,2026-05-02T20:05:22.939073,https://sa.trip.com/flights/dammam-to-jeddah/airfares-dmm-jed/,https://sa.trip.com/?locale=ar-sa,False,https://sa.trip.com/flights/dammam-to-jeddah/airfares-dmm-jed/,https://sa.trip.com/?locale=ar-sa,https://sa.trip.com/flights/dammam-to-jeddah/airfares-dmm-jed/,recon_page,2026-05-02T20:05:22.943476
126,1,4,1,4,0,0,1,0,11,0,com,200,2,99201,324.55,0,0,15,0,unknown,0,html,1,8,0,1,1,0,0,0,0,0,0,0,1,4,0,0,1,4,0,0,0,0,0,0,0,0,0,0,1,15,10,0,5,1,31,16,15,1,1,1,17,1,14,1,0,0,1,0,0,0,0,0,0,0,0,0,0,0,0,0,0,0,0,0,1,0,0,0,0,0,0,0,0.0,1.0,0.0,0,0,0,0,0,0,0,0,0,0,0,0,35,14,0,0,0,0,0,0,0,0.0,0.0001512081531436175,0.125,0.040322174171631336,0,,multi_full_20260502_195405_0002,2026-05-02T20:05:44.176491,https://sa.trip.com/sale/w/19091/mastercard-country.html?locale=ar-sa&curr=sar&transparentBar=1&promo_referer=10005073_19091_4,https://sa.trip.com/?locale=ar-sa,False,https://sa.trip.com/sale/w/19091/mastercard-country.html?locale=ar-sa&curr=sar&transparentBar=1&promo_referer=10005073_19091_4,https://sa.trip.com/?locale=ar-sa,https://sa.trip.com/sale/w/19091/mastercard-country.html?locale=ar-sa&curr=sar&transparentBar=1&promo_referer=10005073_19091_4,recon_page,2026-05-02T20:05:44.179966
62,1,2,0,0,0,0,1,0,11,0,com,400,4,17029,332.971,0,0,10,0,unknown,0,html,0,0,0,0,0,0,0,0,0,0,0,0,1,1,0,0,1,1,0,0,0,0,0,0,0,0,0,0,1,1,1,0,0,1,19,17,2,1,10,1,2,1,2,1,1,8,1,0,0,0,0,0,0,0,0,0,0,1,0,0,0,0,0,0,0,0,0,0,0,0,0,0,0.0,0.0,0.0,0,0,0,0,0,0,0,0,0,0,0,0,17,10,0,0,0,0,0,0,0,0.0,5.872335427799636e-05,0.0,0.05872335427799636,0,,multi_full_20260502_195405_0002,2026-05-02T20:06:24.768344,https://sa.trip.com/contents/eaa-accessibility-statement.html\,https://sa.trip.com/?locale=ar-sa,False,https://sa.trip.com/contents/eaa-accessibility-statement.html\,https://sa.trip.com/?locale=ar-sa,https://sa.trip.com/contents/eaa-accessibility-statement.html\,recon_page,2026-05-02T20:06:24.915129
116,1,3,0,0,0,0,1,0,11,0,com,200,2,306909,641.077,0,0,16,0,unknown,0,html,1,8,0,0,0,0,0,0,0,0,0,0,1,2,0,0,1,2,0,0,0,0,1,2,0,0,0,0,1,14,10,0,4,1,78,61,17,1,10,1,10,1,17,1,0,0,1,0,0,0,0,0,0,0,0,0,1,1,0,0,0,0,0,0,0,0,0,0,0,0,0,0,0.0,1.0,0.0,0,0,0,0,0,0,0,0,0,0,0,0,75,2,0,0,0,0,0,0,0,0.0,4.561612725596186e-05,0.0,0.013033179215989104,0,,multi_full_20260502_195405_0002,2026-05-02T20:07:11.431708,https://sa.trip.com/guide/destination/%D8%A8%D9%88%D9%83%D9%8A%D8%AA-%D8%AA%D8%A7%D9%8A%D9%84%D8%A7%D9%86%D8%AF.html,https://sa.trip.com/?locale=ar-sa,False,https://sa.trip.com/guide/destination/%D8%A8%D9%88%D9%83%D9%8A%D8%AA-%D8%AA%D8%A7%D9%8A%D9%84%D8%A7%D9%86%D8%AF.html,https://sa.trip.com/?locale=ar-sa,https://sa.trip.com/guide/destination/%D8%A8%D9%88%D9%83%D9%8A%D8%AA-%D8%AA%D8%A7%D9%8A%D9%84%D8%A7%D9%86%D8%AF.html,recon_page,2026-05-02T20:07:11.436283
146,1,3,0,0,0,0,1,0,11,0,com,200,2,226082,646.274,0,0,15,0,unknown,0,html,1,8,0,0,0,0,0,0,0,0,0,0,1,2,0,0,1,2,0,0,0,0,1,3,0,0,0,0,1,14,10,0,4,1,56,41,15,1,13,1,10,1,15,1,0,0,1,0,0,0,0,0,0,0,0,0,1,1,0,0,0,0,0,0,0,0,0,0,0,0,0,0,0.0,1.0,0.0,0,0,0,0,0,0,0,0,0,0,0,0,58,3,0,0,0,0,0,0,0,0.0,6.192443449721783e-05,0.0,0.02211586946329208,0,,multi_full_20260502_195405_0002,2026-05-02T20:07:39.437850,https://sa.trip.com/guide/airline-tickets/%D8%AD%D8%AC%D8%B2-%D8%B7%D9%8A%D8%B1%D8%A7%D9%86-%D8%B1%D8%AE%D9%8A%D8%B5-%D9%84%D9%85%D8%B5%D8%B1.html,https://sa.trip.com/?locale=ar-sa,False,https://sa.trip.com/guide/airline-tickets/%D8%AD%D8%AC%D8%B2-%D8%B7%D9%8A%D8%B1%D8%A7%D9%86-%D8%B1%D8%AE%D9%8A%D8%B5-%D9%84%D9%85%D8%B5%D8%B1.html,https://sa.trip.com/?locale=ar-sa,https://sa.trip.com/guide/airline-tickets/%D8%AD%D8%AC%D8%B2-%D8%B7%D9%8A%D8%B1%D8%A7%D9%86-%D8%B1%D8%AE%D9%8A%D8%B5-%D9%84%D9%85%D8%B5%D8%B1.html,recon_page,2026-05-02T20:07:39.477210
92,1,3,0,0,0,0,1,0,11,0,com,200,2,237668,633.411,0,0,15,0,unknown,0,html,1,8,0,0,0,0,0,0,0,0,0,0,1,2,0,0,1,2,0,0,0,0,1,1,0,0,0,0,1,14,10,0,4,1,82,67,15,1,3,1,10,1,15,1,0,0,1,0,0,0,0,0,0,0,0,0,1,1,0,0,0,0,0,0,0,0,0,0,0,0,0,0,0.0,1.0,0.0,0,0,0,0,0,0,0,0,0,0,0,0,81,16,0,0,0,0,0,0,0,0.0,5.890570038877762e-05,0.0,0.01262265008330949,0,,multi_full_20260502_195405_0002,2026-05-02T20:08:05.962397,https://sa.trip.com/guide/hotels-blog/%D9%81%D9%86%D8%A7%D8%AF%D9%82-%D9%85%D9%83%D8%A9.html,https://sa.trip.com/?locale=ar-sa,False,https://sa.trip.com/guide/hotels-blog/%D9%81%D9%86%D8%A7%D8%AF%D9%82-%D9%85%D9%83%D8%A9.html,https://sa.trip.com/?locale=ar-sa,https://sa.trip.com/guide/hotels-blog/%D9%81%D9%86%D8%A7%D8%AF%D9%82-%D9%85%D9%83%D8%A9.html,recon_page,2026-05-02T20:08:05.971263
51,1,2,0,0,0,0,1,0,11,0,com,200,2,730164,1054.7930000000001,0,0,17,0,unknown,1,html,1,4,0,1,1,0,0,0,0,0,0,0,1,5,0,0,1,2,0,0,0,0,1,55,0,0,0,0,1,15,5,0,10,1,159,148,11,1,109,1,17,0,0,1,1,40,1,0,0,0,0,0,0,0,0,0,0,1,0,0,0,0,0,0,0,0,0,0,0,0,0,0,0.0,0.0,0.0,0,0,0,0,0,0,0,0,0,0,0,0,119,1,1,0,0,0,0,0,1,0.0,2.054332999161832e-05,0.125,0.08217331996647328,0,,multi_full_20260502_195405_0002,2026-05-02T20:08:33.977688,https://sa.trip.com/hotels/makkah-hotels-list-3744/,https://sa.trip.com/?locale=ar-sa,False,https://sa.trip.com/hotels/makkah-hotels-list-3744/,https://sa.trip.com/?locale=ar-sa,https://sa.trip.com/hotels/makkah-hotels-list-3744/,recon_page,2026-05-02T20:08:33.991177
61,1,3,0,0,0,0,1,0,11,0,com,200,2,343940,518.599,0,0,16,0,unknown,0,html,1,8,0,0,0,0,0,0,0,0,0,0,1,2,0,0,1,2,0,0,0,0,1,22,0,0,0,0,1,43,32,0,11,1,142,121,21,1,77,1,13,1,10,1,0,0,1,0,0,0,0,0,0,0,0,0,1,1,0,0,0,0,0,0,0,0,0,0,0,0,0,0,0.0,1.0,0.0,0,0,0,0,0,0,0,0,0,0,0,0,138,0,0,60,0,0,0,0,0,0.0,0.00012502180612897597,0.0,0.06977961272314939,0,,multi_full_20260502_195405_0002,2026-05-02T20:08:50.313859,https://sa.trip.com/flights/dammam-to-cairo/airfares-dmm-cai/,https://sa.trip.com/?locale=ar-sa,False,https://sa.trip.com/flights/dammam-to-cairo/airfares-dmm-cai/,https://sa.trip.com/?locale=ar-sa,https://sa.trip.com/flights/dammam-to-cairo/airfares-dmm-cai/,recon_page,2026-05-02T20:08:50.406555
142,1,3,0,0,0,0,1,0,11,0,com,200,2,395449,643.4609999999999,0,0,15,0,unknown,0,html,1,8,0,0,0,0,0,0,0,0,0,0,1,2,0,0,1,2,0,0,0,0,1,25,0,0,0,0,1,14,10,0,4,1,67,51,16,1,25,1,10,1,16,1,0,0,1,0,0,0,0,0,0,0,0,0,1,1,0,0,0,0,0,0,0,0,0,0,0,0,0,0,0.0,1.0,0.0,0,0,0,0,0,0,0,0,0,0,0,0,68,2,0,0,0,0,0,0,0,0.0,3.540279530356633e-05,0.0,0.06827681951402077,0,,multi_full_20260502_195405_0002,2026-05-02T20:09:04.611333,https://sa.trip.com/guide/destination/%D8%A7%D9%85%D8%A7%D9%83%D9%86-%D8%B3%D9%8A%D8%A7%D8%AD%D9%8A%D8%A9-%D9%81%D9%8A-%D8%AC%D8%AF%D8%A9.html,https://sa.trip.com/?locale=ar-sa,False,https://sa.trip.com/guide/destination/%D8%A7%D9%85%D8%A7%D9%83%D9%86-%D8%B3%D9%8A%D8%A7%D8%AD%D9%8A%D8%A9-%D9%81%D9%8A-%D8%AC%D8%AF%D8%A9.html,https://sa.trip.com/?locale=ar-sa,https://sa.trip.com/guide/destination/%D8%A7%D9%85%D8%A7%D9%83%D9%86-%D8%B3%D9%8A%D8%A7%D8%AD%D9%8A%D8%A9-%D9%81%D9%8A-%D8%AC%D8%AF%D8%A9.html,recon_page,2026-05-02T20:09:04.620110
63,1,2,1,2,0,0,1,0,11,0,com,200,2,46304,281.806,0,0,18,0,unknown,1,html,1,9,0,1,1,0,0,0,0,0,0,0,0,0,0,0,0,0,0,0,0,0,0,0,0,0,0,0,1,18,5,0,13,1,21,13,8,0,0,1,6,1,5,1,0,0,0,0,0,0,0,0,0,0,0,0,1,1,0,0,0,0,0,0,1,0,0,0,0,0,0,0,0.0,1.0,0.0,0,0,0,0,0,0,0,0,0,0,0,0,31,13,1,0,0,0,0,0,0,0.0,0.0003887353144436766,0.125,0.0,0,,multi_full_20260502_195405_0002,2026-05-02T20:09:19.653117,https://sa.trip.com/passport/ordersearch/?locale=ar-SA&curr=SAR,https://sa.trip.com/?locale=ar-sa,False,https://sa.trip.com/passport/ordersearch/?locale=ar-SA&curr=SAR,https://sa.trip.com/?locale=ar-sa,https://sa.trip.com/passport/ordersearch/?locale=ar-SA&curr=SAR,recon_page,2026-05-02T20:09:19.664379
65,1,3,0,0,0,0,1,0,11,0,com,400,4,17029,334.752,0,0,10,0,unknown,0,html,0,0,0,0,0,0,0,0,0,0,0,0,1,1,0,0,1,1,0,0,0,0,0,0,0,0,0,0,1,1,1,0,0,1,19,17,2,1,10,1,2,1,2,1,1,8,1,0,0,0,0,0,0,0,0,0,0,1,0,0,0,0,0,0,0,0,0,0,0,0,0,0,0.0,0.0,0.0,0,0,0,0,0,0,0,0,0,0,0,0,17,10,0,0,0,0,0,0,0,0.0,5.872335427799636e-05,0.0,0.05872335427799636,0,,multi_full_20260502_195405_0002,2026-05-02T20:10:48.030792,https://sa.trip.com/contents/service-guideline/location-base-tc\/,https://sa.trip.com/?locale=ar-sa,False,https://sa.trip.com/contents/service-guideline/location-base-tc\/,https://sa.trip.com/?locale=ar-sa,https://sa.trip.com/contents/service-guideline/location-base-tc\/,recon_page,2026-05-02T20:10:48.047138
88,1,3,1,2,0,0,1,0,11,0,com,200,2,197627,394.61600000000004,0,0,14,0,unknown,0,html,1,5,0,0,0,0,0,0,0,0,0,0,1,2,0,0,1,2,0,0,0,0,0,0,0,0,0,0,1,11,8,0,3,1,19,12,7,0,0,1,4,1,6,1,0,0,1,0,0,0,0,0,0,0,0,0,0,0,0,0,0,0,0,0,1,0,0,0,0,0,0,0,0.0,1.0,0.0,0,0,0,0,0,0,0,0,0,0,0,0,22,12,0,0,0,0,1,0,0,0.0,5.5660410773831514e-05,0.0,0.010120074686151182,0,,multi_full_20260502_195405_0002,2026-05-02T20:11:03.597326,https://sa.trip.com/contents/service-guideline/privacy-policy.html?locale=ar-SA&curr=SAR,https://sa.trip.com/?locale=ar-sa,False,https://sa.trip.com/contents/service-guideline/privacy-policy.html?locale=ar-SA&curr=SAR,https://sa.trip.com/?locale=ar-sa,https://sa.trip.com/contents/service-guideline/privacy-policy.html?locale=ar-SA&curr=SAR,recon_page,2026-05-02T20:11:03.647361
55,1,2,1,1,0,0,1,0,11,0,com,200,2,148924,824.012,0,0,27,0,unknown,0,html,1,9,0,1,4,0,0,1,1,1,0,0,1,3,0,0,1,3,0,0,0,0,1,6,0,0,0,0,1,7,7,0,0,1,81,51,30,1,12,1,9,1,3,1,1,9,1,0,0,0,0,0,0,0,0,0,1,1,0,0,0,0,0,0,1,0,0,0,0,0,0,0,0.0,1.0,0.0,0,0,0,0,0,0,0,0,0,0,0,0,75,24,1,0,0,0,0,0,0,0.0,4.700384088528377e-05,0.5,0.06043350970965056,0,,multi_full_20260502_195405_0002,2026-05-02T20:11:19.022547,https://sa.trip.com/customer/loyalty/?locale=${locale}\,https://sa.trip.com/?locale=ar-sa,False,https://sa.trip.com/customer/loyalty/?locale=${locale}\,https://sa.trip.com/?locale=ar-sa,https://sa.trip.com/customer/loyalty/?locale=${locale}\,recon_page,2026-05-02T20:11:19.035865
85,1,4,1,2,0,0,1,0,11,0,com,200,2,281208,506.76500000000004,0,0,15,0,unknown,0,html,1,8,0,1,1,0,0,0,0,0,0,0,1,4,0,0,1,4,0,0,0,0,1,1,0,0,0,0,1,15,10,0,5,1,41,19,22,1,4,1,18,1,21,1,0,0,1,0,0,0,0,0,0,0,0,0,0,0,0,0,0,0,0,0,1,0,0,0,0,0,0,0,0.0,1.0,0.0,0,0,0,0,0,0,0,0,0,0,0,0,41,17,0,0,0,0,0,0,0,0.0,5.334129896731245e-05,0.125,0.017780432989104148,0,,multi_full_20260502_195405_0002,2026-05-02T20:11:36.011385,https://sa.trip.com/sale/w/38123/saudi55.html?locale=ar-SA&promo_referer=4079_38123_1,https://sa.trip.com/?locale=ar-sa,False,https://sa.trip.com/sale/w/38123/saudi55.html?locale=ar-SA&promo_referer=4079_38123_1,https://sa.trip.com/?locale=ar-sa,https://sa.trip.com/sale/w/38123/saudi55.html?locale=ar-SA&promo_referer=4079_38123_1,recon_page,2026-05-02T20:11:36.042540
65,1,3,0,0,0,0,1,0,11,0,com,200,2,242778,847.2429999999999,0,0,15,0,unknown,0,html,1,8,0,0,0,0,0,0,0,0,0,0,1,2,0,0,1,2,0,0,0,0,1,3,0,0,0,0,1,15,11,0,4,1,66,49,17,1,7,1,10,1,17,1,0,0,1,0,0,0,0,0,0,0,0,0,1,1,0,0,0,0,0,0,0,0,0,0,0,0,0,0,0.0,1.0,0.0,0,0,0,0,0,0,0,0,0,0,0,0,67,2,0,0,0,0,0,0,0,0.0,6.178484047154191e-05,0.0,0.020594946823847302,0,,multi_full_20260502_195405_0002,2026-05-02T20:11:52.317588,https://sa.trip.com/guide/info/china-currency-exchange-guide.html,https://sa.trip.com/?locale=ar-sa,False,https://sa.trip.com/guide/info/china-currency-exchange-guide.html,https://sa.trip.com/?locale=ar-sa,https://sa.trip.com/guide/info/china-currency-exchange-guide.html,recon_page,2026-05-02T20:11:52.327852
51,1,2,0,0,0,0,1,0,11,0,com,200,2,789275,2256.783,0,0,17,0,unknown,1,html,1,4,0,1,1,0,0,0,0,0,0,0,1,5,0,0,1,2,0,0,0,0,1,74,0,0,0,0,1,15,5,0,10,1,125,114,11,1,127,1,17,0,0,1,1,58,1,0,0,0,0,0,0,0,0,0,0,1,0,0,0,0,0,0,0,0,0,0,0,0,0,0,0.0,0.0,0.0,0,0,0,0,0,0,0,0,0,0,0,0,115,1,1,0,0,0,0,0,1,0.0,1.9004782870355707e-05,0.125,0.10009185645054006,0,,multi_full_20260502_195405_0002,2026-05-02T20:12:26.793863,https://sa.trip.com/hotels/bangkok-hotels-list-359/,https://sa.trip.com/?locale=ar-sa,False,https://sa.trip.com/hotels/bangkok-hotels-list-359/,https://sa.trip.com/?locale=ar-sa,https://sa.trip.com/hotels/bangkok-hotels-list-359/,recon_page,2026-05-02T20:12:26.801659
35,1,2,0,0,0,0,1,0,11,0,com,404,4,17029,370.07,0,0,11,0,unknown,0,html,0,0,0,0,0,0,0,0,0,0,0,0,1,1,0,0,1,1,0,0,0,0,0,0,0,0,0,0,1,1,1,0,0,1,19,17,2,1,10,1,2,1,2,1,1,8,1,0,0,0,0,0,0,0,0,0,0,1,0,0,0,0,0,0,0,0,0,0,0,0,0,0,0.0,0.0,0.0,0,0,0,0,0,0,0,0,0,0,0,0,17,10,0,0,0,0,0,0,0,0.0,5.872335427799636e-05,0.0,0.05872335427799636,0,,multi_full_20260502_195405_0002,2026-05-02T20:12:40.828771,https://sa.trip.com/things-to-do/\/,https://sa.trip.com/?locale=ar-sa,False,https://sa.trip.com/things-to-do/\/,https://sa.trip.com/?locale=ar-sa,https://sa.trip.com/things-to-do/\/,recon_page,2026-05-02T20:12:40.833830
101,1,4,1,3,0,0,1,0,11,0,com,200,2,114652,507.209,0,0,15,0,unknown,0,html,1,8,0,1,1,0,0,0,0,0,0,0,1,4,0,0,1,4,0,0,0,0,1,1,0,0,0,0,1,15,10,0,5,1,23,9,14,1,3,1,4,1,13,1,0,0,1,0,0,0,0,0,0,0,0,0,0,0,0,0,0,0,0,0,1,0,0,0,0,0,0,0,0.0,1.0,0.0,0,0,0,0,0,0,0,0,0,0,0,0,27,7,0,0,0,0,0,0,0,0.0,0.00013083068764609427,0.125,0.043610229215364754,0,,multi_full_20260502_195405_0002,2026-05-02T20:12:56.206563,https://sa.trip.com/sale/w/27393/hello-asia.html?locale=ar-sa&curr=sar&promo_referer=10005073_27393_6,https://sa.trip.com/?locale=ar-sa,False,https://sa.trip.com/sale/w/27393/hello-asia.html?locale=ar-sa&curr=sar&promo_referer=10005073_27393_6,https://sa.trip.com/?locale=ar-sa,https://sa.trip.com/sale/w/27393/hello-asia.html?locale=ar-sa&curr=sar&promo_referer=10005073_27393_6,recon_page,2026-05-02T20:12:56.211920
31,1,2,0,0,0,0,1,0,11,0,com,404,4,17029,329.04499999999996,0,0,11,0,unknown,0,html,0,0,0,0,0,0,0,0,0,0,0,0,1,1,0,0,1,1,0,0,0,0,0,0,0,0,0,0,1,1,1,0,0,1,19,17,2,1,10,1,2,1,2,1,1,8,1,0,0,0,0,0,0,0,0,0,0,1,0,0,0,0,0,0,0,0,0,0,0,0,0,0,0.0,0.0,0.0,0,0,0,0,0,0,0,0,0,0,0,0,17,10,0,0,0,0,0,0,0,0.0,5.872335427799636e-05,0.0,0.05872335427799636,0,,multi_full_20260502_195405_0002,2026-05-02T20:13:18.350874,https://sa.trip.com/order/all\/,https://sa.trip.com/?locale=ar-sa,False,https://sa.trip.com/order/all\/,https://sa.trip.com/?locale=ar-sa,https://sa.trip.com/order/all\/,recon_page,2026-05-02T20:13:18.363651
50,1,2,0,0,0,0,1,0,11,0,com,200,2,851334,1006.012,0,0,18,0,unknown,1,html,1,4,0,1,1,0,0,0,0,0,0,0,1,5,0,0,1,2,0,0,0,0,1,72,0,0,0,0,1,15,5,0,10,1,127,116,11,1,127,1,17,0,0,1,1,56,1,0,0,0,0,0,0,0,0,0,0,1,0,0,0,0,0,0,0,0,0,0,0,0,0,0,0.0,0.0,0.0,0,0,0,0,0,0,0,0,0,0,0,0,114,1,1,0,0,0,0,0,1,0.0,1.7619406719336946e-05,0.125,0.09044628782592966,0,,multi_full_20260502_195405_0002,2026-05-02T20:13:18.883382,https://sa.trip.com/hotels/shanghai-hotels-list-2/,https://sa.trip.com/?locale=ar-sa,False,https://sa.trip.com/hotels/shanghai-hotels-list-2/,https://sa.trip.com/?locale=ar-sa,https://sa.trip.com/hotels/shanghai-hotels-list-2/,recon_page,2026-05-02T20:13:18.939746
64,1,3,0,0,0,0,1,0,11,0,com,200,2,341472,895.58,0,0,17,0,unknown,0,html,1,8,0,0,0,0,0,0,0,0,0,0,1,2,0,0,1,2,0,0,0,0,1,22,0,0,0,0,1,43,32,0,11,1,147,126,21,1,69,1,13,1,10,1,0,0,1,0,0,0,0,0,0,0,0,0,1,1,0,0,0,0,0,0,0,0,0,0,0,0,0,0,0.0,1.0,0.0,0,0,0,0,0,0,0,0,0,0,0,0,144,0,0,60,0,0,0,0,0,0.0,0.0001259254053040952,0.0,0.07028394714647175,0,,multi_full_20260502_195405_0002,2026-05-02T20:13:18.933557,https://sa.trip.com/flights/jeddah-to-istanbul/airfares-jed-ist/,https://sa.trip.com/?locale=ar-sa,False,https://sa.trip.com/flights/jeddah-to-istanbul/airfares-jed-ist/,https://sa.trip.com/?locale=ar-sa,https://sa.trip.com/flights/jeddah-to-istanbul/airfares-jed-ist/,recon_page,2026-05-02T20:13:18.945829
48,1,2,0,0,0,0,1,0,11,0,com,200,2,747138,825.287,0,0,17,0,unknown,1,html,1,4,0,1,1,0,0,0,0,0,0,0,1,5,0,0,1,2,0,0,0,0,1,55,0,0,0,0,1,15,5,0,10,1,121,110,11,1,117,1,17,0,0,1,1,49,1,0,0,0,0,0,0,0,0,0,0,1,0,0,0,0,0,0,0,0,0,0,0,0,0,0,0.0,0.0,0.0,0,0,0,0,0,0,0,0,0,0,0,0,101,1,1,0,0,0,0,0,1,0.0,2.0076612352738048e-05,0.125,0.08030644941095219,0,,multi_full_20260502_195405_0002,2026-05-02T20:13:34.881655,https://sa.trip.com/hotels/yiwu-hotels-list-536/,https://sa.trip.com/?locale=ar-sa,False,https://sa.trip.com/hotels/yiwu-hotels-list-536/,https://sa.trip.com/?locale=ar-sa,https://sa.trip.com/hotels/yiwu-hotels-list-536/,recon_page,2026-05-02T20:13:34.894694
57,1,2,1,2,0,0,1,0,11,0,com,200,2,203028,496.391,0,0,15,0,unknown,0,html,1,8,0,0,0,0,0,0,0,0,0,0,1,2,0,0,1,2,0,0,0,0,0,0,0,0,0,0,1,10,7,0,3,1,23,12,11,1,2,1,2,1,11,1,0,0,1,0,0,0,0,0,0,0,0,0,0,0,0,0,0,0,0,0,1,0,0,0,0,0,0,0,0.0,1.0,0.0,0,0,0,0,0,0,0,0,0,0,0,0,26,12,0,0,0,0,0,0,0,0.0,4.925429004866324e-05,0.0,0.009850858009732648,0,,multi_full_20260502_195405_0002,2026-05-02T20:13:52.025669,https://sa.trip.com/pages/about-us/?locale=ar-SA&curr=SAR,https://sa.trip.com/?locale=ar-sa,False,https://sa.trip.com/pages/about-us/?locale=ar-SA&curr=SAR,https://sa.trip.com/?locale=ar-sa,https://sa.trip.com/pages/about-us/?locale=ar-SA&curr=SAR,recon_page,2026-05-02T20:13:52.041160
43,1,4,0,0,0,0,1,0,11,0,com,403,4,17029,731.275,0,0,11,0,unknown,0,html,0,0,0,0,0,0,0,0,0,0,0,0,1,1,0,0,1,1,0,0,0,0,0,0,0,0,0,0,1,1,1,0,0,1,19,17,2,1,10,1,2,1,2,1,1,8,1,0,0,0,0,0,0,0,0,0,0,1,0,0,0,0,0,0,0,0,0,0,0,0,0,0,0.0,0.0,0.0,0,0,0,0,0,0,0,0,0,0,0,0,17,10,0,0,0,0,0,0,0,0.0,5.872335427799636e-05,0.0,0.05872335427799636,0,,multi_full_20260502_195405_0002,2026-05-02T20:14:38.325572,https://sa.trip.com/sale/w/10229/esim.html\,https://sa.trip.com/?locale=ar-sa,False,https://sa.trip.com/sale/w/10229/esim.html\,https://sa.trip.com/?locale=ar-sa,https://sa.trip.com/sale/w/10229/esim.html\,recon_page,2026-05-02T20:14:38.330139
56,1,1,1,1,0,0,1,0,11,0,com,200,2,175810,438.575,0,0,17,0,unknown,1,html,1,10,0,1,1,0,0,0,0,0,0,0,1,2,0,0,1,2,0,0,0,0,0,0,0,0,0,0,1,35,9,0,26,1,49,37,12,0,0,1,15,1,5,1,1,5,0,0,0,0,1,0,0,0,0,0,1,1,0,0,0,0,0,0,1,0,0,0,0,0,0,0,0.0,1.0,0.0,0,0,0,0,0,0,0,0,0,0,0,0,71,11,0,0,0,0,0,0,0,0.0,0.00019907855070815084,0.125,0.011375917183322905,0,,multi_full_20260502_195405_0002,2026-05-02T20:15:10.690685,https://sa.trip.com/packages/?sourceFrom=IBUBundle_home\,https://sa.trip.com/?locale=ar-sa,False,https://sa.trip.com/packages/?sourceFrom=IBUBundle_home\,https://sa.trip.com/?locale=ar-sa,https://sa.trip.com/packages/?sourceFrom=IBUBundle_home\,recon_page,2026-05-02T20:15:11.015833
74,1,3,0,0,0,0,1,0,11,0,com,200,2,290687,692.978,0,0,16,0,unknown,0,html,1,8,0,0,0,0,0,0,0,0,0,0,1,2,0,0,1,2,0,0,0,0,1,7,0,0,0,0,1,14,10,0,4,1,81,65,16,1,17,1,10,1,16,1,0,0,1,0,0,0,0,0,0,0,0,0,1,1,0,0,0,0,0,0,0,0,0,0,0,0,0,0,0.0,1.0,0.0,0,0,0,0,0,0,0,0,0,0,0,0,78,3,0,0,0,0,0,0,0,0.0,4.816176850013933e-05,0.0,0.030961136892946706,0,,multi_full_20260502_195405_0002,2026-05-02T20:15:50.059490,https://sa.trip.com/guide/airline-tickets/best-travel-offers-to-china.html,https://sa.trip.com/?locale=ar-sa,False,https://sa.trip.com/guide/airline-tickets/best-travel-offers-to-china.html,https://sa.trip.com/?locale=ar-sa,https://sa.trip.com/guide/airline-tickets/best-travel-offers-to-china.html,recon_page,2026-05-02T20:15:50.063783
73,1,3,1,1,0,0,1,0,11,0,com,404,4,17029,356.478,0,0,11,0,unknown,0,html,0,0,0,0,0,0,0,0,0,0,0,0,1,1,0,0,1,1,0,0,0,0,0,0,0,0,0,0,1,1,1,0,0,1,19,17,2,1,10,1,2,1,2,1,1,8,1,0,0,0,0,0,0,0,0,0,0,1,0,0,0,0,0,0,0,0,0,0,0,0,0,0,0.0,0.0,0.0,0,0,0,0,0,0,0,0,0,0,0,0,17,10,0,0,0,0,0,0,0,0.0,5.872335427799636e-05,0.0,0.05872335427799636,0,,multi_full_20260502_195405_0002,2026-05-02T20:16:43.606247,https://sa.trip.com/webapp/tripmap/tripplanner/?source=t_online_homepage\,https://sa.trip.com/?locale=ar-sa,False,https://sa.trip.com/webapp/tripmap/tripplanner/?source=t_online_homepage\,https://sa.trip.com/?locale=ar-sa,https://sa.trip.com/webapp/tripmap/tripplanner/?source=t_online_homepage\,recon_page,2026-05-02T20:16:43.619157
145,1,3,0,0,0,0,1,0,11,0,com,200,2,473861,579.656,0,0,16,0,unknown,0,html,1,8,0,0,0,0,0,0,0,0,0,0,1,2,0,0,1,2,0,0,0,0,1,17,0,0,0,0,1,14,10,0,4,1,58,42,16,1,18,1,10,1,16,1,0,0,1,0,0,0,0,0,0,0,0,0,1,1,0,0,0,0,0,0,0,0,0,0,0,0,0,0,0.0,1.0,0.0,0,0,0,0,0,0,0,0,0,0,0,0,58,3,0,0,0,0,0,0,0,0.0,2.954452888083214e-05,0.0,0.040096146338272194,0,,multi_full_20260502_195405_0002,2026-05-02T20:17:35.265544,https://sa.trip.com/guide/airline-tickets/%D8%AA%D8%AE%D9%81%D9%8A%D8%B6-%D8%B7%D9%8A%D8%B1%D8%A7%D9%86-%D9%84%D9%84%D8%B7%D9%84%D8%A7%D8%A8.html,https://sa.trip.com/?locale=ar-sa,False,https://sa.trip.com/guide/airline-tickets/%D8%AA%D8%AE%D9%81%D9%8A%D8%B6-%D8%B7%D9%8A%D8%B1%D8%A7%D9%86-%D9%84%D9%84%D8%B7%D9%84%D8%A7%D8%A8.html,https://sa.trip.com/?locale=ar-sa,https://sa.trip.com/guide/airline-tickets/%D8%AA%D8%AE%D9%81%D9%8A%D8%B6-%D8%B7%D9%8A%D8%B1%D8%A7%D9%86-%D9%84%D9%84%D8%B7%D9%84%D8%A7%D8%A8.html,recon_page,2026-05-02T20:17:35.497993
45,1,1,0,0,0,0,1,0,11,0,com,404,4,17029,464.12399999999997,0,0,11,0,unknown,0,html,0,0,0,0,0,0,0,0,0,0,0,0,1,1,0,0,1,1,0,0,0,0,0,0,0,0,0,0,1,1,1,0,0,1,19,17,2,1,10,1,2,1,2,1,1,8,1,0,0,0,0,0,0,0,0,0,0,1,0,0,0,0,0,0,0,0,0,0,0,0,0,0,0.0,0.0,0.0,0,0,0,0,0,0,0,0,0,0,0,0,17,10,0,0,0,0,0,0,0,0.0,5.872335427799636e-05,0.0,0.05872335427799636,0,,multi_full_20260502_195405_0002,2026-05-02T20:18:26.212129,https://sa.trip.com/Date(1777740805718+0800)/,https://sa.trip.com/?locale=ar-sa,False,https://sa.trip.com/Date(1777740805718+0800)/,https://sa.trip.com/?locale=ar-sa,https://sa.trip.com/Date(1777740805718+0800)/,recon_page,2026-05-02T20:18:26.222311
63,1,2,1,2,0,0,1,0,11,0,com,200,2,148928,429.272,0,0,28,0,unknown,0,html,1,9,0,1,4,0,0,1,1,1,0,0,1,3,0,0,1,3,0,0,0,0,1,6,0,0,0,0,1,7,7,0,0,1,81,51,30,1,12,1,9,1,3,1,1,9,1,0,0,0,0,0,0,0,0,0,1,1,0,0,0,0,0,0,1,0,0,0,0,0,0,0,0.0,1.0,0.0,0,0,0,0,0,0,0,0,0,0,0,0,75,24,1,0,0,0,0,0,0,0.0,4.700257842715943e-05,0.5,0.060431886549204984,0,,multi_full_20260502_195405_0002,2026-05-02T20:19:01.601688,https://sa.trip.com/customer/loyalty/?locale=ar-SA&amp;curr=SAR,https://sa.trip.com/?locale=ar-sa,False,https://sa.trip.com/customer/loyalty/?locale=ar-SA&amp;curr=SAR,https://sa.trip.com/?locale=ar-sa,https://sa.trip.com/customer/loyalty/?locale=ar-SA&amp;curr=SAR,recon_page,2026-05-02T20:19:01.613679
36,1,3,0,0,0,0,1,0,11,0,com,400,4,17029,296.69800000000004,0,0,10,0,unknown,0,html,0,0,0,0,0,0,0,0,0,0,0,0,1,1,0,0,1,1,0,0,0,0,0,0,0,0,0,0,1,1,1,0,0,1,19,17,2,1,10,1,2,1,2,1,1,8,1,0,0,0,0,0,0,0,0,0,0,1,0,0,0,0,0,0,0,0,0,0,0,0,0,0,0.0,0.0,0.0,0,0,0,0,0,0,0,0,0,0,0,0,17,10,0,0,0,0,0,0,0,0.0,5.872335427799636e-05,0.0,0.05872335427799636,0,,multi_full_20260502_195405_0002,2026-05-02T20:19:37.202556,https://sa.trip.com/pages/service/\/,https://sa.trip.com/?locale=ar-sa,False,https://sa.trip.com/pages/service/\/,https://sa.trip.com/?locale=ar-sa,https://sa.trip.com/pages/service/\/,recon_page,2026-05-02T20:19:37.206075
49,1,2,0,0,0,0,1,0,11,0,com,200,2,727779,726.318,0,0,17,0,unknown,1,html,1,4,0,1,1,0,0,0,0,0,0,0,1,5,0,0,1,2,0,0,0,0,1,61,0,0,0,0,1,15,5,0,10,1,122,111,11,1,117,1,17,0,0,1,1,47,1,0,0,0,0,0,0,0,0,0,0,1,0,0,0,0,0,0,0,0,0,0,0,0,0,0,0.0,0.0,0.0,0,0,0,0,0,0,0,0,0,0,0,0,104,1,1,0,0,0,0,0,1,0.0,2.061065240959137e-05,0.125,0.09068687060220204,0,,multi_full_20260502_195405_0002,2026-05-02T20:20:16.948379,https://sa.trip.com/hotels/doha-hotels-list-1401/,https://sa.trip.com/?locale=ar-sa,False,https://sa.trip.com/hotels/doha-hotels-list-1401/,https://sa.trip.com/?locale=ar-sa,https://sa.trip.com/hotels/doha-hotels-list-1401/,recon_page,2026-05-02T20:20:16.958542
69,1,2,1,2,0,0,1,0,11,0,com,200,2,246840,451.483,0,0,15,0,unknown,0,html,1,8,0,0,0,0,0,0,0,0,0,0,1,2,0,0,1,2,0,0,0,0,0,0,0,0,0,0,1,14,11,0,3,1,23,14,9,1,1,1,5,1,9,1,0,0,1,0,0,0,0,0,0,0,0,0,0,0,0,0,0,0,0,0,1,0,0,0,0,0,0,0,0.0,1.0,0.0,0,0,0,0,0,0,0,0,0,0,0,0,25,12,0,0,0,0,0,0,0,0.0,5.671690163668773e-05,0.0,0.00810241451952682,0,,multi_full_20260502_195405_0002,2026-05-02T20:20:36.639864,https://sa.trip.com/pages/customer-service/?locale=ar-SA&amp;curr=SAR,https://sa.trip.com/?locale=ar-sa,False,https://sa.trip.com/pages/customer-service/?locale=ar-SA&amp;curr=SAR,https://sa.trip.com/?locale=ar-sa,https://sa.trip.com/pages/customer-service/?locale=ar-SA&amp;curr=SAR,recon_page,2026-05-02T20:20:36.650078
50,1,1,1,2,0,0,1,0,11,0,com,200,2,90207,411.903,0,0,20,0,unknown,0,html,1,10,0,0,1,0,0,0,0,1,1,1,1,2,0,0,1,2,0,0,0,0,1,1,0,0,0,0,1,24,23,0,1,1,135,114,21,1,1,1,29,1,4,1,1,17,1,0,0,0,0,0,0,0,0,0,1,1,0,1,0,0,0,0,1,0,0,0,0,0,0,0,0.0,1.0,0.0,0,0,0,0,1,0,0,0,0,1,0,2,133,1,1,0,0,0,0,0,0,2.0,0.00026605474076291195,0.125,0.044342456793818666,0,,multi_full_20260502_195405_0002,2026-05-02T20:20:55.147014,https://sa.trip.com/flights/?locale=ar-SA&curr=SAR,https://sa.trip.com/?locale=ar-sa,False,https://sa.trip.com/flights/?locale=ar-SA&curr=SAR,https://sa.trip.com/?locale=ar-sa,https://sa.trip.com/flights/?locale=ar-SA&curr=SAR,recon_page,2026-05-02T20:20:55.162888
31,1,2,0,0,0,0,1,0,11,0,com,403,4,17029,543.188,0,0,11,0,unknown,0,html,0,0,0,0,0,0,0,0,0,0,0,0,1,1,0,0,1,1,0,0,0,0,0,0,0,0,0,0,1,1,1,0,0,1,19,17,2,1,10,1,2,1,2,1,1,8,1,0,0,0,0,0,0,0,0,0,0,1,0,0,0,0,0,0,0,0,0,0,0,0,0,0,0.0,0.0,0.0,0,0,0,0,0,0,0,0,0,0,0,0,17,10,0,0,0,0,0,0,0,0.0,5.872335427799636e-05,0.0,0.05872335427799636,0,,multi_full_20260502_195405_0002,2026-05-02T20:21:13.008689,https://sa.trip.com/newsroom/\/,https://sa.trip.com/?locale=ar-sa,False,https://sa.trip.com/newsroom/\/,https://sa.trip.com/?locale=ar-sa,https://sa.trip.com/newsroom/\/,recon_page,2026-05-02T20:21:13.023149
101,1,4,1,3,0,0,1,0,11,0,com,200,2,57030,586.039,0,0,16,0,unknown,0,html,1,8,0,1,1,0,0,0,0,0,0,0,1,4,0,0,1,4,0,0,0,0,1,1,0,0,0,0,1,15,10,0,5,1,15,6,9,0,0,1,17,1,8,1,0,0,1,0,0,0,0,0,0,0,0,0,0,0,0,0,0,0,0,0,1,0,0,0,0,0,0,0,0.0,1.0,0.0,0,0,0,0,0,0,0,0,0,0,0,0,19,4,0,0,0,0,0,0,0,0.0,0.0002630194634402946,0.125,0.08767315448009819,0,,multi_full_20260502_195405_0002,2026-05-02T20:21:13.443441,https://sa.trip.com/sale/w/36591/staycation.html?locale=ar-sa&curr=sar&promo_referer=10005073_36591_3,https://sa.trip.com/?locale=ar-sa,False,https://sa.trip.com/sale/w/36591/staycation.html?locale=ar-sa&curr=sar&promo_referer=10005073_36591_3,https://sa.trip.com/?locale=ar-sa,https://sa.trip.com/sale/w/36591/staycation.html?locale=ar-sa&curr=sar&promo_referer=10005073_36591_3,recon_page,2026-05-02T20:21:13.462520
35,1,2,0,0,0,0,1,0,11,0,com,404,4,17029,510.499,0,0,10,0,unknown,0,html,0,0,0,0,0,0,0,0,0,0,0,0,1,1,0,0,1,1,0,0,0,0,0,0,0,0,0,0,1,1,1,0,0,1,19,17,2,1,10,1,2,1,2,1,1,8,1,0,0,0,0,0,0,0,0,0,0,1,0,0,0,0,0,0,0,0,0,0,0,0,0,0,0.0,0.0,0.0,0,0,0,0,0,0,0,0,0,0,0,0,17,10,0,0,0,0,0,0,0,0.0,5.872335427799636e-05,0.0,0.05872335427799636,0,,multi_full_20260502_195405_0002,2026-05-02T20:21:13.678971,https://sa.trip.com/travel-guide/\/,https://sa.trip.com/?locale=ar-sa,False,https://sa.trip.com/travel-guide/\/,https://sa.trip.com/?locale=ar-sa,https://sa.trip.com/travel-guide/\/,recon_page,2026-05-02T20:21:13.702080
42,1,0,1,2,0,0,1,0,11,0,com,200,2,107046,571.997,0,0,28,0,unknown,0,html,1,10,0,1,4,0,0,1,1,1,0,0,1,3,0,0,1,3,0,0,0,0,0,0,0,0,0,0,1,42,17,0,25,1,91,55,36,1,1,1,22,1,5,1,1,4,1,0,0,0,0,0,0,0,0,0,1,1,0,0,0,0,0,0,1,0,0,0,0,0,0,0,0.0,1.0,0.0,0,0,0,0,0,0,0,0,0,0,0,0,95,24,0,0,0,0,0,0,0,0.0,0.0003923546886385292,0.5,0.028025334902752087,0,,multi_full_20260502_195405_0002,2026-05-02T20:21:13.729227,https://sa.trip.com/?locale=ar-SA&curr=SAR,https://sa.trip.com/?locale=ar-sa,False,https://sa.trip.com/?locale=ar-SA&curr=SAR,https://sa.trip.com/?locale=ar-sa,https://sa.trip.com/?locale=ar-SA&curr=SAR,recon_page,2026-05-02T20:21:13.738162
42,1,3,0,0,0,0,1,0,11,0,com,404,4,17029,325.295,0,0,10,0,unknown,0,html,0,0,0,0,0,0,0,0,0,0,0,0,1,1,0,0,1,1,0,0,0,0,0,0,0,0,0,0,1,1,1,0,0,1,19,17,2,1,10,1,2,1,2,1,1,8,1,0,0,0,0,0,0,0,0,0,0,1,0,0,0,0,0,0,0,0,0,0,0,0,0,0,0.0,0.0,0.0,0,0,0,0,0,0,0,0,0,0,0,0,17,10,0,0,0,0,0,0,0,0.0,5.872335427799636e-05,0.0,0.05872335427799636,0,,multi_full_20260502_195405_0002,2026-05-02T20:21:41.945850,https://sa.trip.com/flights/price-alert/\/,https://sa.trip.com/?locale=ar-sa,False,https://sa.trip.com/flights/price-alert/\/,https://sa.trip.com/?locale=ar-sa,https://sa.trip.com/flights/price-alert/\/,recon_page,2026-05-02T20:21:41.959689
51,1,2,0,0,0,0,1,0,11,0,com,200,2,776415,968.0079999999999,0,0,17,0,unknown,1,html,1,4,0,1,1,0,0,0,0,0,0,0,1,5,0,0,1,2,0,0,0,0,1,74,0,0,0,0,1,15,5,0,10,1,123,112,11,1,127,1,17,0,0,1,1,58,1,0,0,0,0,0,0,0,0,0,0,1,0,0,0,0,0,0,0,0,0,0,0,0,0,0,0.0,0.0,0.0,0,0,0,0,0,0,0,0,0,0,0,0,108,1,1,0,0,0,0,0,1,0.0,1.9319564923397926e-05,0.125,0.1017497085965624,0,,multi_full_20260502_195405_0002,2026-05-02T20:21:43.556817,https://sa.trip.com/hotels/pattaya-hotels-list-622/,https://sa.trip.com/?locale=ar-sa,False,https://sa.trip.com/hotels/pattaya-hotels-list-622/,https://sa.trip.com/?locale=ar-sa,https://sa.trip.com/hotels/pattaya-hotels-list-622/,recon_page,2026-05-02T20:21:43.562676
45,1,1,0,0,0,0,1,0,11,0,com,404,4,17029,727.007,0,0,11,0,unknown,0,html,0,0,0,0,0,0,0,0,0,0,0,0,1,1,0,0,1,1,0,0,0,0,0,0,0,0,0,0,1,1,1,0,0,1,19,17,2,1,10,1,2,1,2,1,1,8,1,0,0,0,0,0,0,0,0,0,0,1,0,0,0,0,0,0,0,0,0,0,0,0,0,0,0.0,0.0,0.0,0,0,0,0,0,0,0,0,0,0,0,0,17,10,0,0,0,0,0,0,0,0.0,5.872335427799636e-05,0.0,0.05872335427799636,0,,multi_full_20260502_195405_0002,2026-05-02T20:21:43.747290,https://sa.trip.com/Date(1777740805757+0800)/,https://sa.trip.com/?locale=ar-sa,False,https://sa.trip.com/Date(1777740805757+0800)/,https://sa.trip.com/?locale=ar-sa,https://sa.trip.com/Date(1777740805757+0800)/,recon_page,2026-05-02T20:21:43.760189
56,1,2,1,2,0,0,1,0,11,0,com,200,2,44803,883.633,0,0,27,0,unknown,0,html,1,9,0,1,4,0,0,1,1,1,0,0,1,3,0,0,1,3,0,0,0,0,1,2,0,0,0,0,1,7,7,0,0,1,82,54,28,1,2,1,9,1,3,1,1,1,1,0,0,0,0,0,0,0,0,0,1,1,0,0,0,0,0,0,1,0,0,0,0,0,0,0,0.0,1.0,0.0,0,0,0,0,0,0,0,0,0,0,0,0,77,24,1,0,0,0,0,0,0,0.0,0.00015623953753096892,0.5,0.1115996696649778,0,,multi_full_20260502_195405_0002,2026-05-02T20:21:43.750252,https://sa.trip.com/pages/support/?locale=ar-SA&curr=SAR,https://sa.trip.com/?locale=ar-sa,False,https://sa.trip.com/pages/support/?locale=ar-SA&curr=SAR,https://sa.trip.com/?locale=ar-sa,https://sa.trip.com/pages/support/?locale=ar-SA&curr=SAR,recon_page,2026-05-02T20:21:43.763043
40,1,2,0,0,0,0,1,0,11,0,com,200,2,107025,328.76800000000003,0,0,27,0,unknown,0,html,1,10,0,1,4,0,0,1,1,1,0,0,1,3,0,0,1,3,0,0,0,0,0,0,0,0,0,0,1,42,17,0,25,1,91,55,36,1,1,1,22,1,5,1,1,4,1,0,0,0,0,0,0,0,0,0,1,1,0,0,0,0,0,0,0,0,0,0,0,0,0,0,0.0,1.0,0.0,0,0,0,0,0,0,0,0,0,0,0,0,95,24,0,0,0,0,0,0,0,0.0,0.00039243167484232655,0.5,0.02803083391730904,0,,multi_full_20260502_195405_0002,2026-05-02T20:21:44.349403,https://sa.trip.com/airport-transfers/\/,https://sa.trip.com/?locale=ar-sa,False,https://sa.trip.com/airport-transfers/\/,https://sa.trip.com/?locale=ar-sa,https://sa.trip.com/airport-transfers/\/,recon_page,2026-05-02T20:21:44.393152
210,1,3,0,0,0,0,1,0,11,0,com,200,2,249161,543.662,0,0,16,0,unknown,0,html,1,8,0,0,0,0,0,0,0,0,0,0,1,2,0,0,1,2,0,0,0,0,1,4,0,0,0,0,1,13,9,0,4,1,59,42,17,1,25,1,13,1,17,1,0,0,1,0,0,0,0,0,0,0,0,0,1,1,0,0,0,0,0,0,0,0,0,0,0,0,0,0,0.0,1.0,0.0,0,0,0,0,0,0,0,0,0,0,0,0,50,19,0,0,0,0,0,0,0,0.0,5.217509963437296e-05,0.0,0.02408081521586444,0,,multi_full_20260502_195405_0002,2026-05-02T20:21:44.382577,https://sa.trip.com/hot/articles/%D8%B9%D8%B1%D8%B6-%D8%A7%D9%84%D8%AE%D8%B7%D9%88%D8%B7-%D8%A7%D9%84%D8%B3%D8%B9%D9%88%D8%AF%D9%8A%D8%A9-%D9%84%D8%AD%D8%AC%D8%B2-%D8%A7%D9%84%D8%B7%D9%8A%D8%B1%D8%A7%D9%86.html,https://sa.trip.com/?locale=ar-sa,False,https://sa.trip.com/hot/articles/%D8%B9%D8%B1%D8%B6-%D8%A7%D9%84%D8%AE%D8%B7%D9%88%D8%B7-%D8%A7%D9%84%D8%B3%D8%B9%D9%88%D8%AF%D9%8A%D8%A9-%D9%84%D8%AD%D8%AC%D8%B2-%D8%A7%D9%84%D8%B7%D9%8A%D8%B1%D8%A7%D9%86.html,https://sa.trip.com/?locale=ar-sa,https://sa.trip.com/hot/articles/%D8%B9%D8%B1%D8%B6-%D8%A7%D9%84%D8%AE%D8%B7%D9%88%D8%B7-%D8%A7%D9%84%D8%B3%D8%B9%D9%88%D8%AF%D9%8A%D8%A9-%D9%84%D8%AD%D8%AC%D8%B2-%D8%A7%D9%84%D8%B7%D9%8A%D8%B1%D8%A7%D9%86.html,recon_page,2026-05-02T20:21:44.405572
56,1,3,0,0,0,0,1,0,11,0,com,200,2,201456,449.895,0,0,16,0,unknown,0,html,1,8,0,0,0,0,0,0,0,0,0,0,1,2,0,0,1,2,0,0,0,0,1,2,0,0,0,0,1,15,11,0,4,1,56,40,16,1,7,1,10,1,15,1,0,0,1,0,0,0,0,0,0,0,0,0,1,1,0,0,0,0,0,0,0,0,0,0,0,0,0,0,0.0,1.0,0.0,0,0,0,0,0,0,0,0,0,0,0,0,51,3,0,0,0,0,0,0,0,0.0,7.445794615201334e-05,0.0,0.01985545230720356,0,,multi_full_20260502_195405_0002,2026-05-02T20:21:44.393929,https://sa.trip.com/guide/train/china-train-booking.html,https://sa.trip.com/?locale=ar-sa,False,https://sa.trip.com/guide/train/china-train-booking.html,https://sa.trip.com/?locale=ar-sa,https://sa.trip.com/guide/train/china-train-booking.html,recon_page,2026-05-02T20:21:44.403803
38,1,3,0,0,0,0,1,0,11,0,com,400,4,17029,359.45899999999995,0,0,11,0,unknown,0,html,0,0,0,0,0,0,0,0,0,0,0,0,1,1,0,0,1,1,0,0,0,0,0,0,0,0,0,0,1,1,1,0,0,1,19,17,2,1,10,1,2,1,2,1,1,8,1,0,0,0,0,0,0,0,0,0,0,1,0,0,0,0,0,0,0,0,0,0,0,0,0,0,0.0,0.0,0.0,0,0,0,0,0,0,0,0,0,0,0,0,17,10,0,0,0,0,0,0,0,0.0,5.872335427799636e-05,0.0,0.05872335427799636,0,,multi_full_20260502_195405_0002,2026-05-02T20:21:49.094127,https://sa.trip.com/customer/points/\/,https://sa.trip.com/?locale=ar-sa,False,https://sa.trip.com/customer/points/\/,https://sa.trip.com/?locale=ar-sa,https://sa.trip.com/customer/points/\/,recon_page,2026-05-02T20:21:49.102136
135,1,3,0,0,0,0,1,0,11,0,com,200,2,206091,610.638,0,0,16,0,unknown,0,html,1,8,0,0,0,0,0,0,0,0,0,0,1,2,0,0,1,2,0,0,0,0,1,2,0,0,0,0,1,14,10,0,4,1,67,51,16,1,9,1,10,1,16,1,0,0,1,0,0,0,0,0,0,0,0,0,1,1,0,0,0,0,0,0,0,0,0,0,0,0,0,0,0.0,1.0,0.0,0,0,0,0,0,0,0,0,0,0,0,0,68,2,0,0,0,0,0,0,0,0.0,6.793115662498605e-05,0.0,0.019408901892853155,0,,multi_full_20260502_195405_0002,2026-05-02T20:21:49.734246,https://sa.trip.com/guide/hotels-blog/%D8%A3%D9%81%D8%AE%D9%85-%D9%81%D9%86%D8%A7%D8%AF%D9%82-%D8%A7%D9%84%D8%B1%D9%8A%D8%A7%D8%B6.html,https://sa.trip.com/?locale=ar-sa,False,https://sa.trip.com/guide/hotels-blog/%D8%A3%D9%81%D8%AE%D9%85-%D9%81%D9%86%D8%A7%D8%AF%D9%82-%D8%A7%D9%84%D8%B1%D9%8A%D8%A7%D8%B6.html,https://sa.trip.com/?locale=ar-sa,https://sa.trip.com/guide/hotels-blog/%D8%A3%D9%81%D8%AE%D9%85-%D9%81%D9%86%D8%A7%D8%AF%D9%82-%D8%A7%D9%84%D8%B1%D9%8A%D8%A7%D8%B6.html,recon_page,2026-05-02T20:21:49.747794
67,1,3,0,0,0,0,1,0,11,0,com,200,2,362984,718.293,0,0,16,0,unknown,0,html,1,8,0,0,0,0,0,0,0,0,0,0,1,2,0,0,1,2,0,0,0,0,1,2,0,0,0,0,1,15,11,0,4,1,63,47,16,1,21,1,10,1,16,1,0,0,1,0,0,0,0,0,0,0,0,0,1,1,0,0,0,0,0,0,0,0,0,0,0,0,0,0,0.0,1.0,0.0,0,0,0,0,0,0,0,0,0,0,0,0,61,2,0,0,0,0,0,0,0,0.0,4.132413549908536e-05,0.0,0.011019769466422764,0,,multi_full_20260502_195405_0002,2026-05-02T20:21:50.009960,https://sa.trip.com/guide/attraction/great-wall-of-china-guide.html,https://sa.trip.com/?locale=ar-sa,False,https://sa.trip.com/guide/attraction/great-wall-of-china-guide.html,https://sa.trip.com/?locale=ar-sa,https://sa.trip.com/guide/attraction/great-wall-of-china-guide.html,recon_page,2026-05-02T20:21:50.017028
192,1,3,0,0,0,0,1,0,11,0,com,200,2,363007,672.213,0,0,16,0,unknown,0,html,1,8,0,0,0,0,0,0,0,0,0,0,1,2,0,0,1,2,0,0,0,0,1,3,0,0,0,0,1,13,9,0,4,1,80,61,19,1,25,1,13,1,19,1,0,0,1,0,0,0,0,0,0,0,0,0,1,1,0,0,0,0,0,0,0,0,0,0,0,0,0,0,0.0,1.0,0.0,0,0,0,0,0,0,0,0,0,0,0,0,62,33,0,0,0,0,0,0,0,0.0,3.581198158713193e-05,0.0,0.013773839071973819,0,,multi_full_20260502_195405_0002,2026-05-02T20:21:50.618368,https://sa.trip.com/hot/articles/%D9%85%D9%84%D8%AE%D8%B5-%D8%B9%D8%B1%D9%88%D8%B6-%D8%A7%D9%84%D8%B3%D9%8A%D8%A7%D8%AD%D8%A9-%D9%81%D9%8A-%D8%A7%D9%84%D8%B3%D8%B9%D9%88%D8%AF%D9%8A%D8%A9.html,https://sa.trip.com/?locale=ar-sa,False,https://sa.trip.com/hot/articles/%D9%85%D9%84%D8%AE%D8%B5-%D8%B9%D8%B1%D9%88%D8%B6-%D8%A7%D9%84%D8%B3%D9%8A%D8%A7%D8%AD%D8%A9-%D9%81%D9%8A-%D8%A7%D9%84%D8%B3%D8%B9%D9%88%D8%AF%D9%8A%D8%A9.html,https://sa.trip.com/?locale=ar-sa,https://sa.trip.com/hot/articles/%D9%85%D9%84%D8%AE%D8%B5-%D8%B9%D8%B1%D9%88%D8%B6-%D8%A7%D9%84%D8%B3%D9%8A%D8%A7%D8%AD%D8%A9-%D9%81%D9%8A-%D8%A7%D9%84%D8%B3%D8%B9%D9%88%D8%AF%D9%8A%D8%A9.html,recon_page,2026-05-02T20:21:50.635900
43,1,3,0,0,0,0,1,0,11,0,com,404,4,17029,273.161,0,0,10,0,unknown,0,html,0,0,0,0,0,0,0,0,0,0,0,0,1,1,0,0,1,1,0,0,0,0,0,0,0,0,0,0,1,1,1,0,0,1,19,17,2,1,10,1,2,1,2,1,1,8,1,0,0,0,0,0,0,0,0,0,0,1,0,0,0,0,0,0,0,0,0,0,0,0,0,0,0.0,0.0,0.0,0,0,0,0,0,0,0,0,0,0,0,0,17,10,0,0,0,0,0,0,0,0.0,5.872335427799636e-05,0.0,0.05872335427799636,0,,multi_full_20260502_195405_0002,2026-05-02T20:22:06.030027,https://sa.trip.com/toplist/tripbest/home\/,https://sa.trip.com/?locale=ar-sa,False,https://sa.trip.com/toplist/tripbest/home\/,https://sa.trip.com/?locale=ar-sa,https://sa.trip.com/toplist/tripbest/home\/,recon_page,2026-05-02T20:22:06.033568
40,1,2,0,0,0,0,1,0,11,0,com,404,4,17029,629.8820000000001,0,0,11,0,unknown,0,html,0,0,0,0,0,0,0,0,0,0,0,0,1,1,0,0,1,1,0,0,0,0,0,0,0,0,0,0,1,1,1,0,0,1,19,17,2,1,10,1,2,1,2,1,1,8,1,0,0,0,0,0,0,0,0,0,0,1,0,0,0,0,0,0,0,0,0,0,0,0,0,0,0.0,0.0,0.0,0,0,0,0,0,0,0,0,0,0,0,0,17,10,0,0,0,0,0,0,0,0.0,5.872335427799636e-05,0.0,0.05872335427799636,0,,multi_full_20260502_195405_0002,2026-05-02T20:22:10.941143,https://sa.trip.com/custom-trips/index\/,https://sa.trip.com/?locale=ar-sa,False,https://sa.trip.com/custom-trips/index\/,https://sa.trip.com/?locale=ar-sa,https://sa.trip.com/custom-trips/index\/,recon_page,2026-05-02T20:22:10.949593
27,1,1,0,0,0,0,1,0,11,0,com,200,2,464806,628.88,0,0,17,0,unknown,0,html,1,7,0,1,1,0,0,0,0,0,0,0,1,5,0,0,1,2,0,0,0,0,1,1,0,0,0,0,1,4,3,0,1,1,77,64,13,0,0,1,26,1,2,1,0,0,1,0,0,0,0,0,0,0,0,0,1,1,0,0,0,0,0,0,0,0,0,0,1,2,0,0,0.0,0.0,0.0,0,0,0,0,0,0,0,0,0,0,0,0,76,12,1,0,0,0,0,0,0,0.0,8.60574088974755e-06,0.125,0.012908611334621326,0,,multi_full_20260502_195405_0002,2026-05-02T20:22:46.397731,https://sa.trip.com/hotels/,https://sa.trip.com/?locale=ar-sa,False,https://sa.trip.com/hotels/,https://sa.trip.com/?locale=ar-sa,https://sa.trip.com/hotels/,recon_page,2026-05-02T20:22:46.411351
28,1,1,0,0,0,0,1,0,11,0,com,200,2,90205,616.306,0,0,19,0,unknown,0,html,1,10,0,0,1,0,0,0,0,1,1,1,1,2,0,0,1,2,0,0,0,0,1,1,0,0,0,0,1,24,23,0,1,1,135,114,21,1,1,1,29,1,4,1,1,17,1,0,0,0,0,0,0,0,0,0,1,1,0,1,0,0,0,0,0,0,0,0,0,0,0,0,0.0,1.0,0.0,0,0,0,0,1,0,0,0,0,1,0,2,132,1,1,0,0,0,0,0,0,2.0,0.00026606063965412116,0.125,0.04434343994235353,0,,multi_full_20260502_195405_0002,2026-05-02T20:22:46.620005,https://sa.trip.com/flights/,https://sa.trip.com/?locale=ar-sa,False,https://sa.trip.com/flights/,https://sa.trip.com/?locale=ar-sa,https://sa.trip.com/flights/,recon_page,2026-05-02T20:22:46.634236
122,1,3,0,0,0,0,1,0,11,0,com,200,2,241491,839.789,0,0,15,0,unknown,0,html,1,8,0,0,0,0,0,0,0,0,0,0,1,2,0,0,1,2,0,0,0,0,1,4,0,0,0,0,1,15,11,0,4,1,43,26,17,1,10,1,10,1,17,1,0,0,1,0,0,0,0,0,0,0,0,0,1,1,0,0,0,0,0,0,0,0,0,0,0,0,0,0,0.0,1.0,0.0,0,0,0,0,0,0,0,0,0,0,0,0,45,2,0,0,0,0,0,0,0,0.0,6.211411605401443e-05,0.0,0.024845646421605774,0,,multi_full_20260502_195405_0002,2026-05-02T20:22:46.605712,https://sa.trip.com/guide/destination/%D8%AF%D9%88%D9%84%D8%A9-%D8%A7%D9%84%D9%81%D8%A7%D8%AA%D9%8A%D9%83%D8%A7%D9%86.html,https://sa.trip.com/?locale=ar-sa,False,https://sa.trip.com/guide/destination/%D8%AF%D9%88%D9%84%D8%A9-%D8%A7%D9%84%D9%81%D8%A7%D8%AA%D9%8A%D9%83%D8%A7%D9%86.html,https://sa.trip.com/?locale=ar-sa,https://sa.trip.com/guide/destination/%D8%AF%D9%88%D9%84%D8%A9-%D8%A7%D9%84%D9%81%D8%A7%D8%AA%D9%8A%D9%83%D8%A7%D9%86.html,recon_page,2026-05-02T20:22:46.645064
48,1,2,0,0,0,0,1,0,11,0,com,404,4,17029,687.793,0,0,10,0,unknown,0,html,0,0,0,0,0,0,0,0,0,0,0,0,1,1,0,0,1,1,0,0,0,0,0,0,0,0,0,0,1,1,1,0,0,1,19,17,2,1,10,1,2,1,2,1,1,8,1,0,0,0,0,0,0,0,0,0,0,1,0,0,0,0,0,0,0,0,0,0,0,0,0,0,0.0,0.0,0.0,0,0,0,0,0,0,0,0,0,0,0,0,17,10,0,0,0,0,0,0,0,0.0,5.872335427799636e-05,0.0,0.05872335427799636,0,,multi_full_20260502_195405_0002,2026-05-02T20:22:47.126821,https://sa.trip.com/travel-guide/personal-home\/,https://sa.trip.com/?locale=ar-sa,False,https://sa.trip.com/travel-guide/personal-home\/,https://sa.trip.com/?locale=ar-sa,https://sa.trip.com/travel-guide/personal-home\/,recon_page,2026-05-02T20:22:47.226921
215,1,3,0,0,0,0,1,0,11,0,com,200,2,387702,545.766,0,0,15,0,unknown,0,html,1,8,0,0,0,0,0,0,0,0,0,0,1,2,0,0,1,2,0,0,0,0,1,3,0,0,0,0,1,15,11,0,4,1,57,39,18,1,14,1,10,1,18,1,0,0,1,0,0,0,0,0,0,0,0,0,1,1,0,0,0,0,0,0,0,0,0,0,0,0,0,0,0.0,1.0,0.0,0,0,0,0,0,0,0,0,0,0,0,0,58,2,0,0,0,0,0,0,0,0.0,3.8689508952752374e-05,0.0,0.012896502984250791,0,,multi_full_20260502_195405_0002,2026-05-02T20:22:47.412739,https://sa.trip.com/guide/destination/%D8%A7%D9%85%D8%A7%D9%83%D9%86-%D8%B3%D9%8A%D8%A7%D8%AD%D9%8A%D8%A9-%D9%81%D9%8A-%D8%A7%D9%84%D8%A8%D8%AD%D8%B1%D9%8A%D9%86-%D9%84%D9%84%D8%B9%D8%A7%D8%A6%D9%84%D8%A7%D8%AA.html,https://sa.trip.com/?locale=ar-sa,False,https://sa.trip.com/guide/destination/%D8%A7%D9%85%D8%A7%D9%83%D9%86-%D8%B3%D9%8A%D8%A7%D8%AD%D9%8A%D8%A9-%D9%81%D9%8A-%D8%A7%D9%84%D8%A8%D8%AD%D8%B1%D9%8A%D9%86-%D9%84%D9%84%D8%B9%D8%A7%D8%A6%D9%84%D8%A7%D8%AA.html,https://sa.trip.com/?locale=ar-sa,https://sa.trip.com/guide/destination/%D8%A7%D9%85%D8%A7%D9%83%D9%86-%D8%B3%D9%8A%D8%A7%D8%AD%D9%8A%D8%A9-%D9%81%D9%8A-%D8%A7%D9%84%D8%A8%D8%AD%D8%B1%D9%8A%D9%86-%D9%84%D9%84%D8%B9%D8%A7%D8%A6%D9%84%D8%A7%D8%AA.html,recon_page,2026-05-02T20:22:47.419468
128,1,3,0,0,0,0,1,0,11,0,com,200,2,225549,453.221,0,0,15,0,unknown,0,html,1,8,0,0,0,0,0,0,0,0,0,0,1,2,0,0,1,2,0,0,0,0,1,5,0,0,0,0,1,15,11,0,4,1,63,47,16,1,12,1,10,1,16,1,0,0,1,0,0,0,0,0,0,0,0,0,1,1,0,0,0,0,0,0,0,0,0,0,0,0,0,0,0.0,1.0,0.0,0,0,0,0,0,0,0,0,0,0,0,0,57,3,0,0,0,0,0,0,0,0.0,6.650439594057167e-05,0.0,0.03103538477226678,0,,multi_full_20260502_195405_0002,2026-05-02T20:22:47.393137,https://sa.trip.com/guide/info/%D8%AA%D8%B0%D8%A7%D9%83%D8%B1-%D8%B7%D9%8A%D8%B1%D8%A7%D9%86-%D9%85%D8%AE%D9%81%D8%B6%D8%A9.html,https://sa.trip.com/?locale=ar-sa,False,https://sa.trip.com/guide/info/%D8%AA%D8%B0%D8%A7%D9%83%D8%B1-%D8%B7%D9%8A%D8%B1%D8%A7%D9%86-%D9%85%D8%AE%D9%81%D8%B6%D8%A9.html,https://sa.trip.com/?locale=ar-sa,https://sa.trip.com/guide/info/%D8%AA%D8%B0%D8%A7%D9%83%D8%B1-%D8%B7%D9%8A%D8%B1%D8%A7%D9%86-%D9%85%D8%AE%D9%81%D8%B6%D8%A9.html,recon_page,2026-05-02T20:22:47.426220
56,1,2,1,1,0,0,1,0,11,0,com,200,2,313181,1354.759,0,0,17,0,unknown,1,html,1,4,0,1,1,0,0,0,0,0,0,0,1,5,0,0,1,2,0,0,0,0,1,1,0,0,0,0,1,12,2,0,10,1,43,32,11,1,1,1,17,0,0,1,0,0,1,0,0,0,0,0,0,0,0,0,0,1,1,0,0,0,0,0,1,0,0,0,0,0,0,0,0.0,0.0,0.0,0,0,0,0,0,0,0,0,0,0,0,0,48,1,1,0,0,0,0,0,0,0.0,3.831650068171441e-05,0.125,0.019158250340857205,0,,multi_full_20260502_195405_0002,2026-05-02T20:22:47.416529,https://sa.trip.com/hotels/all-cities/?locale=${locale}\,https://sa.trip.com/?locale=ar-sa,False,https://sa.trip.com/hotels/all-cities/?locale=${locale}\,https://sa.trip.com/?locale=ar-sa,https://sa.trip.com/hotels/all-cities/?locale=${locale}\,recon_page,2026-05-02T20:22:47.439625
67,1,3,0,0,0,0,1,0,11,0,com,200,2,717884,613.662,0,0,15,0,unknown,0,html,1,8,0,0,0,0,0,0,0,0,0,0,1,2,0,0,1,2,0,0,0,0,1,6,0,0,0,0,1,15,13,0,2,1,71,54,17,1,31,1,10,1,16,1,0,0,1,0,0,0,0,0,0,0,0,0,1,1,0,0,0,0,0,0,0,0,0,0,0,0,0,0,0.0,1.0,0.0,0,0,0,0,0,0,0,0,0,0,0,0,56,2,0,0,0,0,0,0,1,0.0,2.0894740654478995e-05,0.0,0.011143861682388798,0,,multi_full_20260502_195405_0002,2026-05-02T20:22:47.575678,https://sa.trip.com/guide/attraction/shanghai-disneyland-guide.html,https://sa.trip.com/?locale=ar-sa,False,https://sa.trip.com/guide/attraction/shanghai-disneyland-guide.html,https://sa.trip.com/?locale=ar-sa,https://sa.trip.com/guide/attraction/shanghai-disneyland-guide.html,recon_page,2026-05-02T20:22:47.591728
50,1,2,0,0,0,0,1,0,11,0,com,200,2,803068,660.898,0,0,18,0,unknown,1,html,1,4,0,1,1,0,0,0,0,0,0,0,1,5,0,0,1,2,0,0,0,0,1,74,0,0,0,0,1,15,5,0,10,1,128,117,11,1,129,1,17,0,0,1,1,59,1,0,0,0,0,0,0,0,0,0,0,1,0,0,0,0,0,0,0,0,0,0,0,0,0,0,0.0,0.0,0.0,0,0,0,0,0,0,0,0,0,0,0,0,122,1,1,0,0,0,0,0,1,0.0,1.867836845696753e-05,0.125,0.098372740540029,0,,multi_full_20260502_195405_0002,2026-05-02T20:22:48.163219,https://sa.trip.com/hotels/phuket-hotels-list-725/,https://sa.trip.com/?locale=ar-sa,False,https://sa.trip.com/hotels/phuket-hotels-list-725/,https://sa.trip.com/?locale=ar-sa,https://sa.trip.com/hotels/phuket-hotels-list-725/,recon_page,2026-05-02T20:22:48.179424
56,1,2,0,0,0,0,1,0,11,0,com,200,2,780152,1170.399,0,0,18,0,unknown,1,html,1,4,0,1,1,0,0,0,0,0,0,0,1,5,0,0,1,2,0,0,0,0,1,73,0,0,0,0,1,15,5,0,10,1,122,111,11,1,127,1,17,0,0,1,1,45,1,0,0,0,0,0,0,0,0,0,0,1,0,0,0,0,0,0,0,0,0,0,0,0,0,0,0.0,0.0,0.0,0,0,0,0,0,0,0,0,0,0,0,0,111,1,1,0,0,0,0,0,1,0.0,1.9227022426398958e-05,0.125,0.09998051661727457,0,,multi_full_20260502_195405_0002,2026-05-02T20:22:48.709712,https://sa.trip.com/hotels/kuala-lumpur-hotels-list-315/,https://sa.trip.com/?locale=ar-sa,False,https://sa.trip.com/hotels/kuala-lumpur-hotels-list-315/,https://sa.trip.com/?locale=ar-sa,https://sa.trip.com/hotels/kuala-lumpur-hotels-list-315/,recon_page,2026-05-02T20:22:48.720443
51,1,2,0,0,0,0,1,0,11,0,com,200,2,827237,1017.4289999999999,0,0,17,0,unknown,1,html,1,4,0,1,1,0,0,0,0,0,0,0,1,5,0,0,1,2,0,0,0,0,1,68,0,0,0,0,1,15,5,0,10,1,124,113,11,1,127,1,17,0,0,1,1,48,1,0,0,0,0,0,0,0,0,0,0,1,0,0,0,0,0,0,0,0,0,0,0,0,0,0,0.0,0.0,0.0,0,0,0,0,0,0,0,0,0,0,0,0,115,1,1,0,0,0,0,0,1,0.0,1.8132651223289092e-05,0.125,0.0882455692866736,0,,multi_full_20260502_195405_0002,2026-05-02T20:22:49.225633,https://sa.trip.com/hotels/shenzhen-hotels-list-30/,https://sa.trip.com/?locale=ar-sa,False,https://sa.trip.com/hotels/shenzhen-hotels-list-30/,https://sa.trip.com/?locale=ar-sa,https://sa.trip.com/hotels/shenzhen-hotels-list-30/,recon_page,2026-05-02T20:22:49.246711
79,1,3,1,2,0,0,1,0,11,0,com,200,2,332081,453.292,0,0,15,0,unknown,0,html,1,5,0,0,0,0,0,0,0,0,0,0,1,2,0,0,1,2,0,0,0,0,0,0,0,0,0,0,1,11,8,0,3,1,23,17,6,0,0,1,4,1,6,1,0,0,1,0,0,0,0,0,0,0,0,0,0,0,0,0,0,0,0,0,1,0,0,0,0,0,0,0,0.0,1.0,0.0,0,0,0,0,0,0,0,0,0,0,0,0,26,15,0,0,0,0,0,0,0,0.0,3.3124448553214425e-05,0.0,0.00602262700967535,0,,multi_full_20260502_195405_0002,2026-05-02T20:22:52.127540,https://sa.trip.com/contents/service-guideline/terms.html?locale=ar-SA&curr=SAR,https://sa.trip.com/?locale=ar-sa,False,https://sa.trip.com/contents/service-guideline/terms.html?locale=ar-SA&curr=SAR,https://sa.trip.com/?locale=ar-sa,https://sa.trip.com/contents/service-guideline/terms.html?locale=ar-SA&curr=SAR,recon_page,2026-05-02T20:22:52.133297
61,1,3,0,0,0,0,1,0,11,0,com,200,2,361403,559.6640000000001,0,0,16,0,unknown,0,html,1,8,0,0,0,0,0,0,0,0,0,0,1,2,0,0,1,2,0,0,0,0,1,26,0,0,0,0,1,43,32,0,11,1,149,128,21,1,79,1,13,1,10,1,0,0,1,0,0,0,0,0,0,0,0,0,1,1,0,0,0,0,0,0,0,0,0,0,0,0,0,0,0.0,1.0,0.0,0,0,0,0,0,0,0,0,0,0,0,0,145,0,0,60,0,0,0,0,0,0.0,0.0001189807500214442,0.0,0.077475837223266,0,,multi_full_20260502_195405_0002,2026-05-02T20:23:09.820492,https://sa.trip.com/flights/jeddah-to-cairo/airfares-jed-cai/,https://sa.trip.com/?locale=ar-sa,False,https://sa.trip.com/flights/jeddah-to-cairo/airfares-jed-cai/,https://sa.trip.com/?locale=ar-sa,https://sa.trip.com/flights/jeddah-to-cairo/airfares-jed-cai/,recon_page,2026-05-02T20:23:09.835998
60,1,2,1,2,0,0,1,0,11,0,com,200,2,44807,864.822,0,0,28,0,unknown,0,html,1,9,0,1,4,0,0,1,1,1,0,0,1,3,0,0,1,3,0,0,0,0,1,2,0,0,0,0,1,7,7,0,0,1,82,54,28,1,2,1,9,1,3,1,1,1,1,0,0,0,0,0,0,0,0,0,1,1,0,0,0,0,0,0,1,0,0,0,0,0,0,0,0.0,1.0,0.0,0,0,0,0,0,0,0,0,0,0,0,0,77,24,1,0,0,0,0,0,0,0.0,0.0001562255897516013,0.5,0.1115897069654295,0,,multi_full_20260502_195405_0002,2026-05-02T20:23:10.114210,https://sa.trip.com/pages/support/?locale=ar-SA&amp;curr=SAR,https://sa.trip.com/?locale=ar-sa,False,https://sa.trip.com/pages/support/?locale=ar-SA&amp;curr=SAR,https://sa.trip.com/?locale=ar-sa,https://sa.trip.com/pages/support/?locale=ar-SA&amp;curr=SAR,recon_page,2026-05-02T20:23:10.117436
28,1,1,0,0,0,0,1,0,11,0,com,200,2,160010,2826.3650000000002,0,0,19,0,unknown,1,html,1,10,0,1,1,0,0,0,0,0,0,0,1,3,0,0,1,2,0,0,0,0,0,0,0,0,0,0,1,23,7,0,16,1,25,13,12,1,27,1,11,1,3,1,1,5,1,0,0,0,0,0,0,0,0,0,1,1,0,0,0,0,0,0,0,0,0,0,0,0,0,0,0.0,1.0,0.0,0,0,0,0,0,0,0,0,0,0,0,0,37,0,0,0,0,0,0,0,0,0.0,0.00014374101618648834,0.125,0.018748828198237612,0,,multi_full_20260502_195405_0002,2026-05-02T20:23:12.178807,https://sa.trip.com/carhire/,https://sa.trip.com/?locale=ar-sa,False,https://sa.trip.com/carhire/,https://sa.trip.com/?locale=ar-sa,https://sa.trip.com/carhire/,recon_page,2026-05-02T20:23:12.184397
69,1,4,1,1,0,0,1,0,11,0,com,403,4,17029,522.0219999999999,0,0,11,0,unknown,0,html,0,0,0,0,0,0,0,0,0,0,0,0,1,1,0,0,1,1,0,0,0,0,0,0,0,0,0,0,1,1,1,0,0,1,19,17,2,1,10,1,2,1,2,1,1,8,1,0,0,0,0,0,0,0,0,0,0,1,0,0,0,0,0,0,0,0,0,0,0,0,0,0,0.0,0.0,0.0,0,0,0,0,0,0,0,0,0,0,0,0,17,10,0,0,0,0,0,0,0,0.0,5.872335427799636e-05,0.0,0.05872335427799636,0,,multi_full_20260502_195405_0002,2026-05-02T20:23:28.894970,https://sa.trip.com/sale/w/1744/singaporediscovers.html?locale=en_sg\,https://sa.trip.com/?locale=ar-sa,False,https://sa.trip.com/sale/w/1744/singaporediscovers.html?locale=en_sg\,https://sa.trip.com/?locale=ar-sa,https://sa.trip.com/sale/w/1744/singaporediscovers.html?locale=en_sg\,recon_page,2026-05-02T20:23:28.900246
42,1,3,0,0,0,0,1,0,11,0,com,404,4,17029,757.787,0,0,11,0,unknown,0,html,0,0,0,0,0,0,0,0,0,0,0,0,1,1,0,0,1,1,0,0,0,0,0,0,0,0,0,0,1,1,1,0,0,1,19,17,2,1,10,1,2,1,2,1,1,8,1,0,0,0,0,0,0,0,0,0,0,1,0,0,0,0,0,0,0,0,0,0,0,0,0,0,0.0,0.0,0.0,0,0,0,0,0,0,0,0,0,0,0,0,17,10,0,0,0,0,0,0,0,0.0,5.872335427799636e-05,0.0,0.05872335427799636,0,,multi_full_20260502_195405_0002,2026-05-02T20:24:09.831458,https://sa.trip.com/membersinfo/profile/\/,https://sa.trip.com/?locale=ar-sa,False,https://sa.trip.com/membersinfo/profile/\/,https://sa.trip.com/?locale=ar-sa,https://sa.trip.com/membersinfo/profile/\/,recon_page,2026-05-02T20:24:09.843851
64,1,3,0,0,0,0,1,0,11,0,com,200,2,233325,1149.232,0,0,15,0,unknown,0,html,1,8,0,0,0,0,0,0,0,0,0,0,1,2,0,0,1,2,0,0,0,0,1,3,0,0,0,0,1,14,10,0,4,1,77,62,15,1,17,1,10,1,15,1,1,4,1,0,0,0,0,0,0,0,0,0,1,1,0,0,0,0,0,0,0,0,0,0,0,0,0,0,0.0,1.0,0.0,0,0,0,0,0,0,0,0,0,0,0,0,66,4,0,0,0,0,0,0,0,0.0,6.0002142933676206e-05,0.0,0.021429336762027216,0,,multi_full_20260502_195405_0002,2026-05-02T20:25:29.673792,https://sa.trip.com/guide/destination/shanghai-travel-guide.html,https://sa.trip.com/?locale=ar-sa,False,https://sa.trip.com/guide/destination/shanghai-travel-guide.html,https://sa.trip.com/?locale=ar-sa,https://sa.trip.com/guide/destination/shanghai-travel-guide.html,recon_page,2026-05-02T20:25:29.682830
47,1,2,0,0,0,0,1,0,11,0,com,404,4,17029,385.278,0,0,11,0,unknown,0,html,0,0,0,0,0,0,0,0,0,0,0,0,1,1,0,0,1,1,0,0,0,0,0,0,0,0,0,0,1,1,1,0,0,1,19,17,2,1,10,1,2,1,2,1,1,8,1,0,0,0,0,0,0,0,0,0,0,1,0,0,0,0,0,0,0,0,0,0,0,0,0,0,0.0,0.0,0.0,0,0,0,0,0,0,0,0,0,0,0,0,17,10,0,0,0,0,0,0,0,0.0,5.872335427799636e-05,0.0,0.05872335427799636,0,,multi_full_20260502_195405_0002,2026-05-02T20:26:11.944414,https://sa.trip.com/package-tours/group-tours\/,https://sa.trip.com/?locale=ar-sa,False,https://sa.trip.com/package-tours/group-tours\/,https://sa.trip.com/?locale=ar-sa,https://sa.trip.com/package-tours/group-tours\/,recon_page,2026-05-02T20:26:11.953696
62,1,3,0,0,0,0,1,0,11,0,com,200,2,641189,664.318,0,0,15,0,unknown,0,html,1,8,0,0,0,0,0,0,0,0,0,0,1,2,0,0,1,2,0,0,0,0,1,2,0,0,0,0,1,14,12,0,2,1,79,64,15,1,22,1,10,1,15,1,0,0,1,0,0,0,0,0,0,0,0,0,1,1,0,0,0,0,0,0,0,0,0,0,0,0,0,0,0.0,1.0,0.0,0,0,0,0,0,0,0,0,0,0,0,0,58,3,0,0,0,0,0,0,1,0.0,2.1834435712403052e-05,0.0,0.006238410203543729,0,,multi_full_20260502_195405_0002,2026-05-02T20:27:40.040914,https://sa.trip.com/guide/attraction/forbidden-city-guide.html,https://sa.trip.com/?locale=ar-sa,False,https://sa.trip.com/guide/attraction/forbidden-city-guide.html,https://sa.trip.com/?locale=ar-sa,https://sa.trip.com/guide/attraction/forbidden-city-guide.html,recon_page,2026-05-02T20:27:40.056225
61,1,3,0,0,0,0,1,0,11,0,com,200,2,351150,514.053,0,0,16,0,unknown,0,html,1,8,0,0,0,0,0,0,0,0,0,0,1,2,0,0,1,2,0,0,0,0,1,24,0,0,0,0,1,43,32,0,11,1,145,124,21,1,78,1,13,1,10,1,0,0,1,0,0,0,0,0,0,0,0,0,1,1,0,0,0,0,0,0,0,0,0,0,0,0,0,0,0.0,1.0,0.0,0,0,0,0,0,0,0,0,0,0,0,0,141,0,0,60,0,0,0,0,0,0.0,0.00012245479139968675,0.0,0.07404243200911292,0,,multi_full_20260502_195405_0002,2026-05-02T20:28:28.598966,https://sa.trip.com/flights/riyadh-to-cairo/airfares-ruh-cai/,https://sa.trip.com/?locale=ar-sa,False,https://sa.trip.com/flights/riyadh-to-cairo/airfares-ruh-cai/,https://sa.trip.com/?locale=ar-sa,https://sa.trip.com/flights/riyadh-to-cairo/airfares-ruh-cai/,recon_page,2026-05-02T20:28:28.607898
43,1,2,0,0,0,0,1,0,11,0,com,200,2,246841,490.082,0,0,15,0,unknown,0,html,1,8,0,0,0,0,0,0,0,0,0,0,1,2,0,0,1,2,0,0,0,0,0,0,0,0,0,0,1,14,11,0,3,1,23,14,9,1,1,1,5,1,9,1,0,0,1,0,0,0,0,0,0,0,0,0,0,0,0,0,0,0,0,0,0,0,0,0,0,0,0,0,0.0,1.0,0.0,0,0,0,0,0,0,0,0,0,0,0,0,25,12,0,0,0,0,0,0,0,0.0,5.671667186569492e-05,0.0,0.008102381695099274,0,,multi_full_20260502_195405_0002,2026-05-02T20:29:13.441582,https://sa.trip.com/pages/customer-service/,https://sa.trip.com/?locale=ar-sa,False,https://sa.trip.com/pages/customer-service/,https://sa.trip.com/?locale=ar-sa,https://sa.trip.com/pages/customer-service/,recon_page,2026-05-02T20:29:13.450726
29,1,1,0,0,0,0,1,0,11,0,com,200,2,65395,1188.099,0,0,16,0,unknown,1,html,1,8,0,0,0,0,0,0,0,0,0,0,1,2,0,0,1,2,0,0,0,0,1,1,0,0,0,0,1,6,3,0,3,1,14,4,10,1,7,1,4,1,2,1,0,0,1,0,0,0,0,0,0,0,0,0,0,0,0,0,0,0,0,0,0,0,0,0,0,0,0,0,0.0,0.0,0.0,0,0,0,0,0,0,0,0,0,0,0,0,12,0,0,0,0,0,0,0,0,0.0,9.175013380227846e-05,0.0,0.04587506690113923,0,,multi_full_20260502_195405_0002,2026-05-02T20:30:17.205137,https://sa.trip.com/newsroom/,https://sa.trip.com/?locale=ar-sa,False,https://sa.trip.com/newsroom/,https://sa.trip.com/?locale=ar-sa,https://sa.trip.com/newsroom/,recon_page,2026-05-02T20:30:17.215373
36,1,3,0,0,0,0,1,0,11,0,com,200,2,358328,657.534,0,0,21,0,unknown,0,html,1,8,0,0,2,0,0,1,0,1,0,0,1,1,0,0,1,1,0,0,0,0,1,2,0,0,0,0,1,15,4,0,11,1,13,11,2,1,9,1,8,1,1,1,0,0,1,0,0,0,0,0,0,0,0,0,0,1,0,1,0,0,0,0,0,0,0,0,0,0,0,0,0.0,0.0,0.0,0,0,0,0,0,0,0,0,0,0,0,0,23,11,0,0,0,0,0,0,0,0.0,4.1861088165033154e-05,0.25,0.008372217633006631,0,,multi_full_20260502_195405_0002,2026-05-02T20:31:22.532304,https://sa.trip.com/m/vbooking/home/,https://sa.trip.com/?locale=ar-sa,False,https://sa.trip.com/m/vbooking/home/,https://sa.trip.com/?locale=ar-sa,https://sa.trip.com/m/vbooking/home/,recon_page,2026-05-02T20:31:22.538223
41,1,1,1,1,0,0,1,0,11,0,com,200,2,90218,814.136,0,0,19,0,unknown,0,html,1,10,0,0,1,0,0,0,0,1,1,1,1,2,0,0,1,2,0,0,0,0,1,1,0,0,0,0,1,24,23,0,1,1,135,114,21,1,1,1,29,1,4,1,1,17,1,0,0,0,0,0,0,0,0,0,1,1,0,1,0,0,0,0,1,0,0,0,0,0,0,0,0.0,1.0,0.0,0,0,0,0,1,0,0,0,0,1,0,2,133,1,1,0,0,0,0,0,0,2.0,0.0002660223015362788,0.125,0.044337050256046465,0,,multi_full_20260502_195405_0002,2026-05-02T20:32:35.555187,https://sa.trip.com/flights/?locale=ar-sa,https://sa.trip.com/?locale=ar-sa,False,https://sa.trip.com/flights/?locale=ar-sa,https://sa.trip.com/?locale=ar-sa,https://sa.trip.com/flights/?locale=ar-sa,recon_page,2026-05-02T20:32:35.574908
50,1,2,1,1,0,0,1,0,11,0,com,200,2,148914,355.627,0,0,27,0,unknown,0,html,1,9,0,1,4,0,0,1,1,1,0,0,1,3,0,0,1,3,0,0,0,0,1,6,0,0,0,0,1,7,7,0,0,1,81,51,30,1,12,1,9,1,3,1,1,9,1,0,0,0,0,0,0,0,0,0,1,1,0,0,0,0,0,0,1,0,0,0,0,0,0,0,0.0,1.0,0.0,0,0,0,0,0,0,0,0,0,0,0,0,75,24,1,0,0,0,0,0,0,0.0,4.700699732731644e-05,0.5,0.060437567992264,0,,multi_full_20260502_195405_0002,2026-05-02T20:34:53.328722,https://sa.trip.com/sale/TripRewards/?locale=en-us,https://sa.trip.com/?locale=ar-sa,False,https://sa.trip.com/sale/TripRewards/?locale=en-us,https://sa.trip.com/?locale=ar-sa,https://sa.trip.com/sale/TripRewards/?locale=en-us,recon_page,2026-05-02T20:34:53.336644
51,1,2,1,1,0,0,1,0,11,0,com,200,2,40271,402.34799999999996,0,0,27,0,unknown,0,html,1,9,0,1,4,0,0,1,1,1,0,0,1,3,0,0,1,3,0,0,0,0,0,0,0,0,0,0,1,8,7,0,1,1,79,50,29,1,7,1,9,1,3,1,0,0,1,0,0,0,0,0,0,0,0,0,1,1,0,0,0,0,0,0,1,0,0,0,0,0,0,0,0.0,1.0,0.0,0,0,0,0,0,0,0,0,0,0,0,0,74,23,1,0,0,0,0,0,0,0.0,0.00019865411834819101,0.5,0.07449529438057162,0,,multi_full_20260502_195405_0002,2026-05-02T20:36:03.213373,https://sa.trip.com/pages/appdownload/?locale=ar-sa,https://sa.trip.com/?locale=ar-sa,False,https://sa.trip.com/pages/appdownload/?locale=ar-sa,https://sa.trip.com/?locale=ar-sa,https://sa.trip.com/pages/appdownload/?locale=ar-sa,recon_page,2026-05-02T20:36:03.224450
54,1,2,1,1,0,0,1,0,11,0,com,200,2,46200,538.4290000000001,0,0,18,0,unknown,1,html,1,9,0,1,1,0,0,0,0,0,0,0,0,0,0,0,0,0,0,0,0,0,0,0,0,0,0,0,1,18,5,0,13,1,21,13,8,0,0,1,6,1,5,1,0,0,0,0,0,0,0,0,0,0,0,0,1,1,0,0,0,0,0,0,1,0,0,0,0,0,0,0,0.0,1.0,0.0,0,0,0,0,0,0,0,0,0,0,0,0,31,13,1,0,0,0,0,0,0,0.0,0.0003896103896103896,0.125,0.0,0,,multi_full_20260502_195405_0002,2026-05-02T20:37:12.476036,https://sa.trip.com/passport/ordersearch/?locale=ar-sa,https://sa.trip.com/?locale=ar-sa,False,https://sa.trip.com/passport/ordersearch/?locale=ar-sa,https://sa.trip.com/?locale=ar-sa,https://sa.trip.com/passport/ordersearch/?locale=ar-sa,recon_page,2026-05-02T20:37:12.502956
51,1,2,1,1,0,0,1,0,11,0,com,200,2,313164,587.9870000000001,0,0,17,0,unknown,1,html,1,4,0,1,1,0,0,0,0,0,0,0,1,5,0,0,1,2,0,0,0,0,1,1,0,0,0,0,1,12,2,0,10,1,43,32,11,1,1,1,17,0,0,1,0,0,1,0,0,0,0,0,0,0,0,0,0,1,1,0,0,0,0,0,1,0,0,0,0,0,0,0,0.0,0.0,0.0,0,0,0,0,0,0,0,0,0,0,0,0,48,1,1,0,0,0,0,0,0,0.0,3.831858067977162e-05,0.125,0.019159290339885813,0,,multi_full_20260502_195405_0002,2026-05-02T20:38:24.221491,https://sa.trip.com/hotels/all-cities/?locale=en-us,https://sa.trip.com/?locale=ar-sa,False,https://sa.trip.com/hotels/all-cities/?locale=en-us,https://sa.trip.com/?locale=ar-sa,https://sa.trip.com/hotels/all-cities/?locale=en-us,recon_page,2026-05-02T20:38:24.227674
53,1,4,0,0,0,0,1,0,11,0,com,200,2,400660,786.027,0,0,18,0,unknown,1,html,1,10,0,1,1,0,0,0,0,0,0,0,1,5,0,0,1,4,0,0,0,0,0,0,0,0,0,0,1,26,7,0,19,1,42,40,2,1,2,1,8,1,1,1,0,0,0,0,0,0,0,0,0,0,0,0,1,1,0,0,0,0,0,0,0,0,0,0,0,0,0,0,0.0,1.0,0.0,0,0,0,0,0,0,0,0,0,0,0,0,59,3,0,0,0,0,0,0,0,0.0,6.489292667099286e-05,0.125,0.012479408975190934,0,,multi_full_20260502_195405_0002,2026-05-02T20:40:24.281472,https://sa.trip.com/things-to-do/detail/53873746/\\\/,https://sa.trip.com/?locale=ar-sa,False,https://sa.trip.com/things-to-do/detail/53873746/\\\/,https://sa.trip.com/?locale=ar-sa,https://sa.trip.com/things-to-do/detail/53873746/\\\/,recon_page,2026-05-02T20:40:24.292904
34,1,2,0,0,0,0,1,0,11,0,com,200,2,39722,459.45399999999995,0,0,27,0,unknown,0,html,1,9,0,1,4,0,0,1,1,1,0,0,1,3,0,0,1,3,0,0,0,0,0,0,0,0,0,0,1,7,7,0,0,1,78,52,26,1,3,1,9,1,3,1,0,0,1,0,0,0,0,0,0,0,0,0,1,1,0,0,0,0,0,0,0,0,0,0,0,0,0,0,0.0,1.0,0.0,0,0,0,0,0,0,0,0,0,0,0,0,73,21,1,0,0,0,0,0,0,0.0,0.00017622476209657118,0.5,0.07552489804138764,0,,multi_full_20260502_195405_0002,2026-05-02T20:41:11.682608,https://sa.trip.com/pages/service/,https://sa.trip.com/?locale=ar-sa,False,https://sa.trip.com/pages/service/,https://sa.trip.com/?locale=ar-sa,https://sa.trip.com/pages/service/,recon_page,2026-05-02T20:41:11.687130
34,1,2,0,0,0,0,1,0,11,0,com,200,2,44781,891.886,0,0,28,0,unknown,0,html,1,9,0,1,4,0,0,1,1,1,0,0,1,3,0,0,1,3,0,0,0,0,1,2,0,0,0,0,1,7,7,0,0,1,82,54,28,1,2,1,9,1,3,1,1,1,1,0,0,0,0,0,0,0,0,0,1,1,0,0,0,0,0,0,0,0,0,0,0,0,0,0,0.0,1.0,0.0,0,0,0,0,0,0,0,0,0,0,0,0,77,24,1,0,0,0,0,0,0,0.0,0.0001563162948571939,0.5,0.11165449632656707,0,,multi_full_20260502_195405_0002,2026-05-02T20:42:01.692319,https://sa.trip.com/pages/support/,https://sa.trip.com/?locale=ar-sa,False,https://sa.trip.com/pages/support/,https://sa.trip.com/?locale=ar-sa,https://sa.trip.com/pages/support/,recon_page,2026-05-02T20:42:01.697296
46,1,3,0,0,0,0,1,0,11,0,com,200,2,232348,496.771,0,0,15,0,unknown,0,html,1,8,0,0,0,0,0,0,0,0,0,0,1,2,0,0,1,2,0,0,0,0,1,2,0,0,0,0,1,21,14,0,7,1,113,94,19,1,91,1,12,1,11,1,1,10,1,0,0,0,0,0,0,0,0,0,1,1,0,0,0,0,0,0,0,0,0,0,0,0,0,0,0.0,1.0,0.0,0,0,0,0,0,0,0,0,0,0,0,0,82,0,0,13,0,0,0,0,0,0.0,9.038166887599635e-05,0.0,0.017215555976380255,0,,multi_full_20260502_195405_0002,2026-05-02T20:42:51.374599,https://sa.trip.com/guide/author/352-Iris.html,https://sa.trip.com/?locale=ar-sa,False,https://sa.trip.com/guide/author/352-Iris.html,https://sa.trip.com/?locale=ar-sa,https://sa.trip.com/guide/author/352-Iris.html,recon_page,2026-05-02T20:42:51.392778
47,0,3,0,0,0,0,1,0,11,0,com,404,4,17029,689.8149999999999,0,0,11,0,unknown,0,html,0,0,0,0,0,0,0,0,0,0,0,0,1,1,0,0,1,1,0,0,0,0,0,0,0,0,0,0,1,1,1,0,0,1,19,17,2,1,10,1,2,1,2,1,1,8,1,0,0,0,0,0,0,0,0,0,0,1,0,0,0,0,0,0,0,0,0,0,0,0,0,0,0.0,0.0,0.0,0,0,0,0,0,0,0,0,0,0,0,0,17,10,0,0,0,0,0,0,0,0.0,5.872335427799636e-05,0.0,0.05872335427799636,0,,multi_full_20260502_195405_0002,2026-05-02T20:43:17.357535,http://sa.trip.com/guide/phone/china-esim.html\,https://sa.trip.com/?locale=ar-sa,False,http://sa.trip.com/guide/phone/china-esim.html\,https://sa.trip.com/?locale=ar-sa,http://sa.trip.com/guide/phone/china-esim.html\,recon_page,2026-05-02T20:43:17.364839
66,1,3,0,0,0,0,1,0,11,0,com,200,2,197628,658.789,0,0,15,0,unknown,0,html,1,5,0,0,0,0,0,0,0,0,0,0,1,2,0,0,1,2,0,0,0,0,0,0,0,0,0,0,1,11,8,0,3,1,19,12,7,0,0,1,4,1,6,1,0,0,1,0,0,0,0,0,0,0,0,0,0,0,0,0,0,0,0,0,0,0,0,0,0,0,0,0,0.0,1.0,0.0,0,0,0,0,0,0,0,0,0,0,0,0,22,12,0,0,0,0,1,0,0,0.0,5.566012913149959e-05,0.0,0.010120023478454471,0,,multi_full_20260502_195405_0002,2026-05-02T20:43:43.407637,https://sa.trip.com/contents/service-guideline/privacy-policy.html,https://sa.trip.com/?locale=ar-sa,False,https://sa.trip.com/contents/service-guideline/privacy-policy.html,https://sa.trip.com/?locale=ar-sa,https://sa.trip.com/contents/service-guideline/privacy-policy.html,recon_page,2026-05-02T20:43:43.419902
47,1,3,0,0,0,0,1,0,11,0,com,404,4,17029,367.69800000000004,0,0,11,0,unknown,0,html,0,0,0,0,0,0,0,0,0,0,0,0,1,1,0,0,1,1,0,0,0,0,0,0,0,0,0,0,1,1,1,0,0,1,19,17,2,1,10,1,2,1,2,1,1,8,1,0,0,0,0,0,0,0,0,0,0,1,0,0,0,0,0,0,0,0,0,0,0,0,0,0,0.0,0.0,0.0,0,0,0,0,0,0,0,0,0,0,0,0,17,10,0,0,0,0,0,0,0,0.0,5.872335427799636e-05,0.0,0.05872335427799636,0,,multi_full_20260502_195405_0002,2026-05-02T20:44:31.840655,https://sa.trip.com/guide/author/352-Iris.html\,https://sa.trip.com/?locale=ar-sa,False,https://sa.trip.com/guide/author/352-Iris.html\,https://sa.trip.com/?locale=ar-sa,https://sa.trip.com/guide/author/352-Iris.html\,recon_page,2026-05-02T20:44:31.846490
57,1,3,0,0,0,0,1,0,11,0,com,200,2,332063,547.72,0,0,14,0,unknown,0,html,1,5,0,0,0,0,0,0,0,0,0,0,1,2,0,0,1,2,0,0,0,0,0,0,0,0,0,0,1,11,8,0,3,1,23,17,6,0,0,1,4,1,6,1,0,0,1,0,0,0,0,0,0,0,0,0,0,0,0,0,0,0,0,0,0,0,0,0,0,0,0,0,0.0,1.0,0.0,0,0,0,0,0,0,0,0,0,0,0,0,26,15,0,0,0,0,0,0,0,0.0,3.3126244116327326e-05,0.0,0.006022953475695877,0,,multi_full_20260502_195405_0002,2026-05-02T20:45:22.425983,https://sa.trip.com/contents/service-guideline/terms.html,https://sa.trip.com/?locale=ar-sa,False,https://sa.trip.com/contents/service-guideline/terms.html,https://sa.trip.com/?locale=ar-sa,https://sa.trip.com/contents/service-guideline/terms.html,recon_page,2026-05-02T20:45:22.432254
37,1,2,0,0,0,0,1,0,11,0,com,200,2,148902,498.329,0,0,27,0,unknown,0,html,1,9,0,1,4,0,0,1,1,1,0,0,1,3,0,0,1,3,0,0,0,0,1,6,0,0,0,0,1,7,7,0,0,1,81,51,30,1,12,1,9,1,3,1,1,9,1,0,0,0,0,0,0,0,0,0,1,1,0,0,0,0,0,0,0,0,0,0,0,0,0,0,0.0,1.0,0.0,0,0,0,0,0,0,0,0,0,0,0,0,75,24,1,0,0,0,0,0,0,0.0,4.701078561738593e-05,0.5,0.060442438650924774,0,,multi_full_20260502_195405_0002,2026-05-02T20:45:50.274554,https://sa.trip.com/customer/loyalty/,https://sa.trip.com/?locale=ar-sa,False,https://sa.trip.com/customer/loyalty/,https://sa.trip.com/?locale=ar-sa,https://sa.trip.com/customer/loyalty/,recon_page,2026-05-02T20:45:50.285440
51,1,4,0,0,0,0,1,0,11,0,com,200,2,400714,1427.893,0,0,19,0,unknown,1,html,1,10,0,1,1,0,0,0,0,0,0,0,1,5,0,0,1,4,0,0,0,0,0,0,0,0,0,0,1,26,7,0,19,1,42,40,2,1,2,1,8,1,1,1,0,0,0,0,0,0,0,0,0,0,0,0,1,1,0,0,0,0,0,0,0,0,0,0,0,0,0,0,0.0,1.0,0.0,0,0,0,0,0,0,0,0,0,0,0,0,59,3,0,0,0,0,0,0,0,0.0,6.488418173560195e-05,0.125,0.01247772725684653,0,,multi_full_20260502_195405_0002,2026-05-02T20:46:22.420326,https://sa.trip.com/things-to-do/detail/53873746/\/,https://sa.trip.com/?locale=ar-sa,False,https://sa.trip.com/things-to-do/detail/53873746/\/,https://sa.trip.com/?locale=ar-sa,https://sa.trip.com/things-to-do/detail/53873746/\/,recon_page,2026-05-02T20:46:22.433434
44,1,3,0,0,0,0,1,0,11,0,com,200,2,148901,452.446,0,0,28,0,unknown,0,html,1,9,0,1,4,0,0,1,1,1,0,0,1,3,0,0,1,3,0,0,0,0,1,6,0,0,0,0,1,7,7,0,0,1,81,51,30,1,12,1,9,1,3,1,1,9,1,0,0,0,0,0,0,0,0,0,1,1,0,0,0,0,0,0,0,0,0,0,0,0,0,0,0.0,1.0,0.0,0,0,0,0,0,0,0,0,0,0,0,0,75,24,1,0,0,0,0,0,0,0.0,4.701110133578686e-05,0.5,0.060442844574583106,0,,multi_full_20260502_195405_0002,2026-05-02T20:47:07.077840,https://sa.trip.com/customer/tierpoints/faq/,https://sa.trip.com/?locale=ar-sa,False,https://sa.trip.com/customer/tierpoints/faq/,https://sa.trip.com/?locale=ar-sa,https://sa.trip.com/customer/tierpoints/faq/,recon_page,2026-05-02T20:47:07.097350
39,1,1,1,1,0,0,1,0,11,0,com,200,2,103716,539.707,0,0,28,0,unknown,0,html,1,9,0,1,4,0,0,1,1,1,0,0,1,3,0,0,1,3,0,0,0,0,0,0,0,0,0,0,1,7,7,0,0,1,77,49,28,0,0,1,9,1,3,1,1,1,1,0,0,0,0,0,0,0,0,0,1,1,0,0,0,0,0,0,0,0,0,0,0,0,0,0,0.0,1.0,0.0,0,0,0,0,0,0,0,0,0,0,0,0,71,22,1,0,0,0,0,0,0,0.0,6.749199737745381e-05,0.5,0.028925141733194493,0,,multi_full_20260502_195405_0002,2026-05-02T20:47:07.390430,https://sa.trip.com/help/?locale=ar-SA\,https://sa.trip.com/?locale=ar-sa,False,https://sa.trip.com/help/?locale=ar-SA\,https://sa.trip.com/?locale=ar-sa,https://sa.trip.com/help/?locale=ar-SA\,recon_page,2026-05-02T20:47:07.401548
53,1,3,1,1,0,0,1,0,11,0,com,200,2,148914,426.558,0,0,28,0,unknown,0,html,1,9,0,1,4,0,0,1,1,1,0,0,1,3,0,0,1,3,0,0,0,0,1,6,0,0,0,0,1,7,7,0,0,1,81,51,30,1,12,1,9,1,3,1,1,9,1,0,0,0,0,0,0,0,0,0,1,1,0,0,0,0,0,0,1,0,0,0,0,0,0,0,0.0,1.0,0.0,0,0,0,0,0,0,0,0,0,0,0,0,75,24,1,0,0,0,0,0,0,0.0,4.700699732731644e-05,0.5,0.060437567992264,0,,multi_full_20260502_195405_0002,2026-05-02T20:47:08.073736,https://sa.trip.com/customer/points/faq/?locale=sa_ar,https://sa.trip.com/?locale=ar-sa,False,https://sa.trip.com/customer/points/faq/?locale=sa_ar,https://sa.trip.com/?locale=ar-sa,https://sa.trip.com/customer/points/faq/?locale=sa_ar,recon_page,2026-05-02T20:47:08.079287
35,1,2,0,0,0,0,1,0,11,0,com,200,2,203029,342.413,0,0,15,0,unknown,0,html,1,8,0,0,0,0,0,0,0,0,0,0,1,2,0,0,1,2,0,0,0,0,0,0,0,0,0,0,1,10,7,0,3,1,23,12,11,1,2,1,2,1,11,1,0,0,1,0,0,0,0,0,0,0,0,0,0,0,0,0,0,0,0,0,0,0,0,0,0,0,0,0,0.0,1.0,0.0,0,0,0,0,0,0,0,0,0,0,0,0,26,12,0,0,0,0,0,0,0,0.0,4.9254047451349314e-05,0.0,0.009850809490269863,0,,multi_full_20260502_195405_0002,2026-05-02T20:47:08.328071,https://sa.trip.com/pages/about-us/,https://sa.trip.com/?locale=ar-sa,False,https://sa.trip.com/pages/about-us/,https://sa.trip.com/?locale=ar-sa,https://sa.trip.com/pages/about-us/,recon_page,2026-05-02T20:47:08.350472
54,1,3,1,1,0,0,1,0,11,0,com,200,2,148917,343.384,0,0,28,0,unknown,0,html,1,9,0,1,4,0,0,1,1,1,0,0,1,3,0,0,1,3,0,0,0,0,1,6,0,0,0,0,1,7,7,0,0,1,81,51,30,1,12,1,9,1,3,1,1,9,1,0,0,0,0,0,0,0,0,0,1,1,0,0,0,0,0,0,0,0,0,0,0,0,0,0,0.0,1.0,0.0,0,0,0,0,0,0,0,0,0,0,0,0,75,24,1,0,0,0,0,0,0,0.0,4.700605035019507e-05,0.5,0.06043635045025081,0,,multi_full_20260502_195405_0002,2026-05-02T20:47:08.558103,https://sa.trip.com/customer/points/faq/?locale=sa_ar\,https://sa.trip.com/?locale=ar-sa,False,https://sa.trip.com/customer/points/faq/?locale=sa_ar\,https://sa.trip.com/?locale=ar-sa,https://sa.trip.com/customer/points/faq/?locale=sa_ar\,recon_page,2026-05-02T20:47:08.574427
167,1,3,1,7,0,0,1,0,11,0,com,200,2,302604,598.8860000000001,0,0,19,0,unknown,1,html,1,9,0,1,1,0,0,0,0,0,0,0,1,5,0,0,1,2,0,0,0,0,1,13,0,0,0,0,1,28,22,0,6,1,37,17,20,1,14,1,2,1,3,1,1,14,0,0,0,0,0,0,0,0,0,0,1,1,0,0,0,0,0,0,1,0,0,0,1,1,0,0,0.0,1.0,0.0,0,0,0,0,0,0,0,0,0,0,0,0,41,12,1,0,0,0,0,0,0,0.0,9.25301714451891e-05,0.125,0.059483681643335846,0,,multi_full_20260502_195405_0002,2026-05-02T20:47:08.897894,https://sa.trip.com/hotels/jeddah-hotel-detail-101946481/alrayyan-tower/?checkin=2026-05-10&city=801&module=list&link=button&from_page=list&adult=1&checkout=2026-05-11,https://sa.trip.com/?locale=ar-sa,False,https://sa.trip.com/hotels/jeddah-hotel-detail-101946481/alrayyan-tower/?checkin=2026-05-10&city=801&module=list&link=button&from_page=list&adult=1&checkout=2026-05-11,https://sa.trip.com/?locale=ar-sa,https://sa.trip.com/hotels/jeddah-hotel-detail-101946481/alrayyan-tower/?checkin=2026-05-10&city=801&module=list&link=button&from_page=list&adult=1&checkout=2026-05-11,recon_page,2026-05-02T20:47:08.907230
41,1,2,1,1,0,0,1,0,11,0,com,200,2,709722,2179.874,0,0,18,0,unknown,0,html,1,7,0,1,1,0,0,0,0,0,0,0,1,5,0,0,1,2,0,0,0,0,1,13,0,0,0,0,1,3,3,0,0,1,65,49,16,1,36,1,27,1,2,1,1,2,1,0,0,0,0,0,0,0,0,0,1,1,0,0,0,0,0,0,1,0,0,0,1,2,0,0,0.0,0.0,0.0,0,0,0,0,0,0,0,0,0,0,0,0,64,12,1,0,0,0,0,0,1,0.0,4.227007194366245e-06,0.125,0.02536204316619747,0,,multi_full_20260502_195405_0002,2026-05-02T20:47:09.421085,https://sa.trip.com/hotels/list/?city=206,https://sa.trip.com/?locale=ar-sa,False,https://sa.trip.com/hotels/list/?city=206,https://sa.trip.com/?locale=ar-sa,https://sa.trip.com/hotels/list/?city=206,recon_page,2026-05-02T20:47:09.519706
170,1,3,1,7,0,0,1,0,11,0,com,200,2,382845,642.064,0,0,20,0,unknown,1,html,1,9,0,1,1,0,0,0,0,0,0,0,1,5,0,0,1,2,0,0,0,0,1,15,0,0,0,0,1,28,22,0,6,1,37,17,20,1,20,1,2,1,3,1,1,14,0,0,0,0,0,0,0,0,0,0,1,1,0,0,0,0,0,0,1,0,0,0,1,1,0,0,0.0,1.0,0.0,0,0,0,0,0,0,0,0,0,0,0,0,41,12,1,0,0,0,0,0,0,0.0,7.31366479907012e-05,0.125,0.05224046285050085,0,,multi_full_20260502_195405_0002,2026-05-02T20:47:09.520866,https://sa.trip.com/hotels/makkah-hotel-detail-3328023/anjum-hotel-makkah/?checkin=2026-05-10&city=3744&module=list&link=button&from_page=list&adult=1&checkout=2026-05-11,https://sa.trip.com/?locale=ar-sa,False,https://sa.trip.com/hotels/makkah-hotel-detail-3328023/anjum-hotel-makkah/?checkin=2026-05-10&city=3744&module=list&link=button&from_page=list&adult=1&checkout=2026-05-11,https://sa.trip.com/?locale=ar-sa,https://sa.trip.com/hotels/makkah-hotel-detail-3328023/anjum-hotel-makkah/?checkin=2026-05-10&city=3744&module=list&link=button&from_page=list&adult=1&checkout=2026-05-11,recon_page,2026-05-02T20:47:09.654076
175,1,3,1,7,0,0,1,0,11,0,com,200,2,336364,590.756,0,0,19,0,unknown,1,html,1,9,0,1,1,0,0,0,0,0,0,0,1,5,0,0,1,2,0,0,0,0,1,13,0,0,0,0,1,28,22,0,6,1,36,16,20,1,17,1,2,1,3,1,1,14,0,0,0,0,0,0,0,0,0,0,1,1,0,0,0,0,0,0,1,0,0,0,1,1,0,0,0.0,1.0,0.0,0,0,0,0,0,0,0,0,0,0,0,0,40,12,1,0,0,0,0,0,0,0.0,8.324315325064514e-05,0.125,0.05351345566112902,0,,multi_full_20260502_195405_0002,2026-05-02T20:47:09.830664,https://sa.trip.com/hotels/phuket-hotel-detail-23646344/sleep-box-patong-hostel/?checkin=2026-05-10&city=725&module=list&link=button&from_page=list&adult=1&checkout=2026-05-11,https://sa.trip.com/?locale=ar-sa,False,https://sa.trip.com/hotels/phuket-hotel-detail-23646344/sleep-box-patong-hostel/?checkin=2026-05-10&city=725&module=list&link=button&from_page=list&adult=1&checkout=2026-05-11,https://sa.trip.com/?locale=ar-sa,https://sa.trip.com/hotels/phuket-hotel-detail-23646344/sleep-box-patong-hostel/?checkin=2026-05-10&city=725&module=list&link=button&from_page=list&adult=1&checkout=2026-05-11,recon_page,2026-05-02T20:47:09.837963
57,1,2,1,1,0,0,1,0,11,0,com,200,2,246895,627.2410000000001,0,0,15,0,unknown,0,html,1,8,0,0,0,0,0,0,0,0,0,0,1,2,0,0,1,2,0,0,0,0,0,0,0,0,0,0,1,14,11,0,3,1,23,14,9,1,1,1,5,1,9,1,0,0,1,0,0,0,0,0,0,0,0,0,0,0,0,0,0,0,0,0,0,0,0,0,0,0,0,0,0.0,1.0,0.0,0,0,0,0,0,0,0,0,0,0,0,0,25,12,0,0,0,0,0,0,0,0.0,5.670426699609145e-05,0.0,0.008100609570870207,0,,multi_full_20260502_195405_0002,2026-05-02T20:47:09.819474,https://sa.trip.com/pages/customer-service/?locale=ar-SA\,https://sa.trip.com/?locale=ar-sa,False,https://sa.trip.com/pages/customer-service/?locale=ar-SA\,https://sa.trip.com/?locale=ar-sa,https://sa.trip.com/pages/customer-service/?locale=ar-SA\,recon_page,2026-05-02T20:47:09.838344
56,1,2,1,1,0,0,1,0,11,0,com,200,2,246859,647.805,0,0,14,0,unknown,0,html,1,8,0,0,0,0,0,0,0,0,0,0,1,2,0,0,1,2,0,0,0,0,0,0,0,0,0,0,1,14,11,0,3,1,23,14,9,1,1,1,5,1,9,1,0,0,1,0,0,0,0,0,0,0,0,0,0,0,0,0,0,0,0,0,1,0,0,0,0,0,0,0,0.0,1.0,0.0,0,0,0,0,0,0,0,0,0,0,0,0,25,12,0,0,0,0,0,0,0,0.0,5.671253630615047e-05,0.0,0.008101790900878638,0,,multi_full_20260502_195405_0002,2026-05-02T20:47:09.816730,https://sa.trip.com/pages/customer-service/?locale=ar-SA,https://sa.trip.com/?locale=ar-sa,False,https://sa.trip.com/pages/customer-service/?locale=ar-SA,https://sa.trip.com/?locale=ar-sa,https://sa.trip.com/pages/customer-service/?locale=ar-SA,recon_page,2026-05-02T20:47:09.842432
106,1,4,0,0,0,0,1,0,11,0,com,200,2,179275,758.3,0,0,17,0,unknown,1,html,1,4,0,1,1,0,0,0,0,0,0,0,1,4,0,0,1,2,0,0,0,0,1,6,0,0,0,0,1,13,3,0,10,1,67,56,11,1,27,1,17,0,0,1,0,0,1,0,0,0,0,0,0,0,0,0,0,1,0,0,0,0,0,0,0,0,0,0,0,0,0,0,0.0,0.0,0.0,0,0,0,0,0,0,0,0,0,0,0,0,71,1,1,0,0,0,0,0,0,0.0,7.251429368288941e-05,0.125,0.05578022590991493,0,,multi_full_20260502_195405_0002,2026-05-02T20:47:41.132107,https://sa.trip.com/hotels/northfield-hotel-detail-23227625/fairfield-inn-and-suites-northfield/photo.html,https://sa.trip.com/?locale=ar-sa,False,https://sa.trip.com/hotels/northfield-hotel-detail-23227625/fairfield-inn-and-suites-northfield/photo.html,https://sa.trip.com/?locale=ar-sa,https://sa.trip.com/hotels/northfield-hotel-detail-23227625/fairfield-inn-and-suites-northfield/photo.html,recon_page,2026-05-02T20:47:41.139579
190,1,3,1,7,0,0,1,0,11,0,com,200,2,369347,525.772,0,0,19,0,unknown,1,html,1,9,0,1,1,0,0,0,0,0,0,0,1,5,0,0,1,2,0,0,0,0,1,18,0,0,0,0,1,28,22,0,6,1,37,17,20,1,23,1,2,1,3,1,1,14,0,0,0,0,0,0,0,0,0,0,1,1,0,0,0,0,0,0,1,0,0,0,1,1,0,0,0.0,1.0,0.0,0,0,0,0,0,0,0,0,0,0,0,0,41,12,1,0,0,0,0,0,0,0.0,7.580946914419232e-05,0.125,0.062272063939872266,0,,multi_full_20260502_195405_0002,2026-05-02T20:49:48.264305,https://sa.trip.com/hotels/istanbul-hotel-detail-3794606/hilton-garden-inn-istanbul-beylikduzu/?checkin=2026-05-10&city=532&module=list&link=button&from_page=list&adult=1&checkout=2026-05-11,https://sa.trip.com/?locale=ar-sa,False,https://sa.trip.com/hotels/istanbul-hotel-detail-3794606/hilton-garden-inn-istanbul-beylikduzu/?checkin=2026-05-10&city=532&module=list&link=button&from_page=list&adult=1&checkout=2026-05-11,https://sa.trip.com/?locale=ar-sa,https://sa.trip.com/hotels/istanbul-hotel-detail-3794606/hilton-garden-inn-istanbul-beylikduzu/?checkin=2026-05-10&city=532&module=list&link=button&from_page=list&adult=1&checkout=2026-05-11,recon_page,2026-05-02T20:49:48.283737
70,1,5,0,0,0,0,1,0,11,0,com,200,2,261673,1378.298,0,0,18,0,unknown,1,html,1,4,0,1,1,0,0,0,0,0,0,0,1,5,0,0,1,2,0,0,0,0,1,2,0,0,0,0,1,15,5,0,10,1,69,58,11,1,43,1,17,0,0,1,1,7,1,0,0,0,0,0,0,0,0,0,0,1,0,0,0,0,0,0,0,0,0,0,0,0,0,0,0.0,0.0,0.0,0,0,0,0,0,0,0,0,0,0,0,0,74,1,1,0,0,0,0,0,0,0.0,5.73234533176904e-05,0.125,0.026750944881588853,0,,multi_full_20260502_195405_0002,2026-05-02T20:49:48.596667,https://sa.trip.com/hotels/resorts/city/jo/aqaba-qasabah-district.html,https://sa.trip.com/?locale=ar-sa,False,https://sa.trip.com/hotels/resorts/city/jo/aqaba-qasabah-district.html,https://sa.trip.com/?locale=ar-sa,https://sa.trip.com/hotels/resorts/city/jo/aqaba-qasabah-district.html,recon_page,2026-05-02T20:49:48.615365
172,1,3,1,7,0,0,1,0,11,0,com,200,2,303457,499.228,0,0,19,0,unknown,1,html,1,9,0,1,1,0,0,0,0,0,0,0,1,5,0,0,1,2,0,0,0,0,1,13,0,0,0,0,1,28,22,0,6,1,37,17,20,1,17,1,2,1,3,1,1,14,0,0,0,0,0,0,0,0,0,0,1,1,0,0,0,0,0,0,1,0,0,0,1,1,0,0,0.0,1.0,0.0,0,0,0,0,0,0,0,0,0,0,0,0,41,12,1,0,0,0,0,0,0,0.0,9.227007450808516e-05,0.125,0.05931647646948332,0,,multi_full_20260502_195405_0002,2026-05-02T20:49:48.952817,https://sa.trip.com/hotels/istanbul-hotel-detail-57912438/four-sides-bomonti/?checkin=2026-05-10&city=532&module=list&link=button&from_page=list&adult=1&checkout=2026-05-11,https://sa.trip.com/?locale=ar-sa,False,https://sa.trip.com/hotels/istanbul-hotel-detail-57912438/four-sides-bomonti/?checkin=2026-05-10&city=532&module=list&link=button&from_page=list&adult=1&checkout=2026-05-11,https://sa.trip.com/?locale=ar-sa,https://sa.trip.com/hotels/istanbul-hotel-detail-57912438/four-sides-bomonti/?checkin=2026-05-10&city=532&module=list&link=button&from_page=list&adult=1&checkout=2026-05-11,recon_page,2026-05-02T20:49:48.969416
65,1,3,0,0,0,0,1,0,11,0,com,200,2,344438,932.5550000000001,0,0,20,0,unknown,1,html,1,9,0,1,1,0,0,0,0,0,0,0,1,5,0,0,1,2,0,0,0,0,1,18,0,0,0,0,1,28,22,0,6,1,36,16,20,1,21,1,2,1,3,1,1,14,0,0,0,0,0,0,0,0,0,0,1,1,0,0,0,0,0,0,0,0,0,0,1,1,0,0,0.0,1.0,0.0,0,0,0,0,0,0,0,0,0,0,0,0,40,12,1,0,0,0,0,0,0,0.0,8.129184352481433e-05,0.125,0.0667754428953832,0,,multi_full_20260502_195405_0002,2026-05-02T20:49:49.383671,https://sa.trip.com/hotels/bangkok-hotel-detail-7627569/x9hostel/,https://sa.trip.com/?locale=ar-sa,False,https://sa.trip.com/hotels/bangkok-hotel-detail-7627569/x9hostel/,https://sa.trip.com/?locale=ar-sa,https://sa.trip.com/hotels/bangkok-hotel-detail-7627569/x9hostel/,recon_page,2026-05-02T20:49:49.411107
84,1,3,0,0,0,0,1,0,11,0,com,200,2,366566,598.579,0,0,20,0,unknown,1,html,1,9,0,1,1,0,0,0,0,0,0,0,1,5,0,0,1,2,0,0,0,0,1,18,0,0,0,0,1,28,22,0,6,1,37,17,20,1,25,1,2,1,3,1,1,14,0,0,0,0,0,0,0,0,0,0,1,1,0,0,0,0,0,0,0,0,0,0,1,1,0,0,0.0,1.0,0.0,0,0,0,0,0,0,0,0,0,0,0,0,41,12,1,0,0,0,0,0,0,0.0,7.638460741039812e-05,0.125,0.06274449894425561,0,,multi_full_20260502_195405_0002,2026-05-02T20:49:49.556356,https://sa.trip.com/hotels/makkah-hotel-detail-7286803/m-hotel-makkah-by-millennium/,https://sa.trip.com/?locale=ar-sa,False,https://sa.trip.com/hotels/makkah-hotel-detail-7286803/m-hotel-makkah-by-millennium/,https://sa.trip.com/?locale=ar-sa,https://sa.trip.com/hotels/makkah-hotel-detail-7286803/m-hotel-makkah-by-millennium/,recon_page,2026-05-02T20:49:49.567358
90,1,3,0,0,0,0,1,0,11,0,com,200,2,451442,525.831,0,0,19,0,unknown,1,html,1,9,0,1,1,0,0,0,0,0,0,0,1,5,0,0,1,2,0,0,0,0,1,18,0,0,0,0,1,28,22,0,6,1,37,17,20,1,38,1,2,1,3,1,1,19,0,0,0,0,0,0,0,0,0,0,1,1,0,0,0,0,0,0,0,0,0,0,1,1,0,0,0.0,1.0,0.0,0,0,0,0,0,0,0,0,0,0,0,0,41,12,1,0,0,0,0,0,0,0.0,6.202347145369726e-05,0.125,0.050947851551251325,0,,multi_full_20260502_195405_0002,2026-05-02T20:49:49.557784,https://sa.trip.com/hotels/guangzhou-hotel-detail-66913267/kempinski-residences-guangzhou/,https://sa.trip.com/?locale=ar-sa,False,https://sa.trip.com/hotels/guangzhou-hotel-detail-66913267/kempinski-residences-guangzhou/,https://sa.trip.com/?locale=ar-sa,https://sa.trip.com/hotels/guangzhou-hotel-detail-66913267/kempinski-residences-guangzhou/,recon_page,2026-05-02T20:49:49.574059
176,1,3,1,7,0,0,1,0,11,0,com,200,2,351743,1115.753,0,0,19,0,unknown,1,html,1,9,0,1,1,0,0,0,0,0,0,0,1,5,0,0,1,2,0,0,0,0,1,18,0,0,0,0,1,28,22,0,6,1,37,17,20,1,19,1,2,1,3,1,1,14,0,0,0,0,0,0,0,0,0,0,1,1,0,0,0,0,0,0,1,0,0,0,1,1,0,0,0.0,1.0,0.0,0,0,0,0,0,0,0,0,0,0,0,0,41,12,1,0,0,0,0,0,0,0.0,7.96035742004816e-05,0.125,0.06538865023610989,0,,multi_full_20260502_195405_0002,2026-05-02T20:49:49.895033,https://sa.trip.com/hotels/makkah-hotel-detail-114781891/mercure-makkah-aziziah/?checkin=2026-05-10&city=3744&module=list&link=button&from_page=list&adult=1&checkout=2026-05-11,https://sa.trip.com/?locale=ar-sa,False,https://sa.trip.com/hotels/makkah-hotel-detail-114781891/mercure-makkah-aziziah/?checkin=2026-05-10&city=3744&module=list&link=button&from_page=list&adult=1&checkout=2026-05-11,https://sa.trip.com/?locale=ar-sa,https://sa.trip.com/hotels/makkah-hotel-detail-114781891/mercure-makkah-aziziah/?checkin=2026-05-10&city=3744&module=list&link=button&from_page=list&adult=1&checkout=2026-05-11,recon_page,2026-05-02T20:49:49.903461
85,1,3,0,0,0,0,1,0,11,0,com,200,2,296195,463.19500000000005,0,0,20,0,unknown,1,html,1,9,0,1,1,0,0,0,0,0,0,0,1,5,0,0,1,2,0,0,0,0,1,13,0,0,0,0,1,28,22,0,6,1,37,17,20,1,17,1,2,1,3,1,1,14,0,0,0,0,0,0,0,0,0,0,1,1,0,0,0,0,0,0,0,0,0,0,1,1,0,0,0.0,1.0,0.0,0,0,0,0,0,0,0,0,0,0,0,0,41,12,1,0,0,0,0,0,0,0.0,9.453231823629704e-05,0.125,0.060770776009048094,0,,multi_full_20260502_195405_0002,2026-05-02T20:49:49.892371,https://sa.trip.com/hotels/lapu-lapu-city-hotel-detail-106565383/public-house-hostel/,https://sa.trip.com/?locale=ar-sa,False,https://sa.trip.com/hotels/lapu-lapu-city-hotel-detail-106565383/public-house-hostel/,https://sa.trip.com/?locale=ar-sa,https://sa.trip.com/hotels/lapu-lapu-city-hotel-detail-106565383/public-house-hostel/,recon_page,2026-05-02T20:49:49.912991
55,1,3,0,0,0,0,1,0,11,0,com,404,4,17029,506.548,0,0,12,0,unknown,0,html,0,0,0,0,0,0,0,0,0,0,0,0,1,1,0,0,1,1,0,0,0,0,0,0,0,0,0,0,1,1,1,0,0,1,19,17,2,1,10,1,2,1,2,1,1,8,1,0,0,0,0,0,0,0,0,0,0,1,0,0,0,0,0,0,0,0,0,0,0,0,0,0,0.0,0.0,0.0,0,0,0,0,0,0,0,0,0,0,0,0,17,10,0,0,0,0,0,0,0,0.0,5.872335427799636e-05,0.0,0.05872335427799636,0,,multi_full_20260502_195405_0002,2026-05-02T20:49:49.941920,https://sa.trip.com/hotels/melbourne-hotels-list-358/\/,https://sa.trip.com/?locale=ar-sa,False,https://sa.trip.com/hotels/melbourne-hotels-list-358/\/,https://sa.trip.com/?locale=ar-sa,https://sa.trip.com/hotels/melbourne-hotels-list-358/\/,recon_page,2026-05-02T20:49:49.951199
173,1,3,1,7,0,0,1,0,11,0,com,200,2,377319,523.922,0,0,20,0,unknown,1,html,1,9,0,1,1,0,0,0,0,0,0,0,1,5,0,0,1,2,0,0,0,0,1,18,0,0,0,0,1,28,22,0,6,1,37,17,20,1,21,1,2,1,3,1,1,14,0,0,0,0,0,0,0,0,0,0,1,1,0,0,0,0,0,0,1,0,0,0,1,1,0,0,0.0,1.0,0.0,0,0,0,0,0,0,0,0,0,0,0,0,41,12,1,0,0,0,0,0,0,0.0,7.420776584269544e-05,0.125,0.06095637908507125,0,,multi_full_20260502_195405_0002,2026-05-02T20:49:50.402397,https://sa.trip.com/hotels/makkah-hotel-detail-3176603/pullman-zamzam-makkah/?checkin=2026-05-10&city=3744&module=list&link=button&from_page=list&adult=1&checkout=2026-05-11,https://sa.trip.com/?locale=ar-sa,False,https://sa.trip.com/hotels/makkah-hotel-detail-3176603/pullman-zamzam-makkah/?checkin=2026-05-10&city=3744&module=list&link=button&from_page=list&adult=1&checkout=2026-05-11,https://sa.trip.com/?locale=ar-sa,https://sa.trip.com/hotels/makkah-hotel-detail-3176603/pullman-zamzam-makkah/?checkin=2026-05-10&city=3744&module=list&link=button&from_page=list&adult=1&checkout=2026-05-11,recon_page,2026-05-02T20:49:50.411473
69,1,3,0,0,0,0,1,0,11,0,com,200,2,430642,522.38,0,0,19,0,unknown,1,html,1,9,0,1,1,0,0,0,0,0,0,0,1,5,0,0,1,2,0,0,0,0,1,18,0,0,0,0,1,28,22,0,6,1,37,17,20,1,31,1,2,1,3,1,1,20,0,0,0,0,0,0,0,0,0,0,1,1,0,0,0,0,0,0,0,0,0,0,1,1,0,0,0.0,1.0,0.0,0,0,0,0,0,0,0,0,0,0,0,0,41,12,1,0,0,0,0,0,0,0.0,6.50192038862907e-05,0.125,0.05340863176373879,0,,multi_full_20260502_195405_0002,2026-05-02T20:49:50.831894,https://sa.trip.com/hotels/guangzhou-hotel-detail-2041056/echicmeiju/,https://sa.trip.com/?locale=ar-sa,False,https://sa.trip.com/hotels/guangzhou-hotel-detail-2041056/echicmeiju/,https://sa.trip.com/?locale=ar-sa,https://sa.trip.com/hotels/guangzhou-hotel-detail-2041056/echicmeiju/,recon_page,2026-05-02T20:49:50.841139
41,1,2,1,1,0,0,1,0,11,0,com,200,2,619714,2118.87,0,0,17,0,unknown,0,html,1,7,0,1,1,0,0,0,0,0,0,0,1,5,0,0,1,2,0,0,0,0,1,13,0,0,0,0,1,3,3,0,0,1,65,49,16,1,13,1,27,1,2,1,1,2,1,0,0,0,0,0,0,0,0,0,1,1,0,0,0,0,0,0,1,0,0,0,1,2,0,0,0.0,0.0,0.0,0,0,0,0,0,0,0,0,0,0,0,0,64,12,1,0,0,0,0,0,1,0.0,4.840942757465541e-06,0.125,0.02904565654479324,0,,multi_full_20260502_195405_0002,2026-05-02T20:49:50.835854,https://sa.trip.com/hotels/list/?city=532,https://sa.trip.com/?locale=ar-sa,False,https://sa.trip.com/hotels/list/?city=532,https://sa.trip.com/?locale=ar-sa,https://sa.trip.com/hotels/list/?city=532,recon_page,2026-05-02T20:49:50.840828
187,1,3,1,7,0,0,1,0,11,0,com,200,2,297182,528.612,0,0,19,0,unknown,1,html,1,9,0,1,1,0,0,0,0,0,0,0,1,5,0,0,1,2,0,0,0,0,1,12,0,0,0,0,1,28,22,0,6,1,37,17,20,1,14,1,2,1,3,1,1,14,0,0,0,0,0,0,0,0,0,0,1,1,0,0,0,0,0,0,1,0,0,0,1,1,0,0,0.0,1.0,0.0,0,0,0,0,0,0,0,0,0,0,0,0,41,12,1,0,0,0,0,0,0,0.0,9.4218357774024e-05,0.125,0.05720400293422885,0,,multi_full_20260502_195405_0002,2026-05-02T20:50:54.213611,https://sa.trip.com/hotels/jeddah-hotel-detail-131954564/akarem-al-safa-serviced-apartments/?checkin=2026-05-10&city=801&module=list&link=button&from_page=list&adult=1&checkout=2026-05-11,https://sa.trip.com/?locale=ar-sa,False,https://sa.trip.com/hotels/jeddah-hotel-detail-131954564/akarem-al-safa-serviced-apartments/?checkin=2026-05-10&city=801&module=list&link=button&from_page=list&adult=1&checkout=2026-05-11,https://sa.trip.com/?locale=ar-sa,https://sa.trip.com/hotels/jeddah-hotel-detail-131954564/akarem-al-safa-serviced-apartments/?checkin=2026-05-10&city=801&module=list&link=button&from_page=list&adult=1&checkout=2026-05-11,recon_page,2026-05-02T20:50:54.232410
52,1,3,0,0,0,0,1,0,11,0,com,404,4,17029,571.351,0,0,11,0,unknown,0,html,0,0,0,0,0,0,0,0,0,0,0,0,1,1,0,0,1,1,0,0,0,0,0,0,0,0,0,0,1,1,1,0,0,1,19,17,2,1,10,1,2,1,2,1,1,8,1,0,0,0,0,0,0,0,0,0,0,1,0,0,0,0,0,0,0,0,0,0,0,0,0,0,0.0,0.0,0.0,0,0,0,0,0,0,0,0,0,0,0,0,17,10,0,0,0,0,0,0,0,0.0,5.872335427799636e-05,0.0,0.05872335427799636,0,,multi_full_20260502_195405_0002,2026-05-02T20:50:54.613242,https://sa.trip.com/hotels/madrid-hotels-list-357/\/,https://sa.trip.com/?locale=ar-sa,False,https://sa.trip.com/hotels/madrid-hotels-list-357/\/,https://sa.trip.com/?locale=ar-sa,https://sa.trip.com/hotels/madrid-hotels-list-357/\/,recon_page,2026-05-02T20:50:54.620442
52,1,2,0,0,0,0,1,0,11,0,com,200,2,662777,713.979,0,0,18,0,unknown,1,html,1,4,0,1,1,0,0,0,0,0,0,0,1,5,0,0,1,2,0,0,0,0,1,55,0,0,0,0,1,15,5,0,10,1,119,108,11,1,105,1,17,0,0,1,1,42,1,0,0,0,0,0,0,0,0,0,0,1,0,0,0,0,0,0,0,0,0,0,0,0,0,0,0.0,0.0,0.0,0,0,0,0,0,0,0,0,0,0,0,0,97,1,1,0,0,0,0,0,1,0.0,2.2632046676333066e-05,0.125,0.09052818670533226,0,,multi_full_20260502_195405_0002,2026-05-02T20:50:55.379773,https://sa.trip.com/hotels/medina-hotels-list-19744/,https://sa.trip.com/?locale=ar-sa,False,https://sa.trip.com/hotels/medina-hotels-list-19744/,https://sa.trip.com/?locale=ar-sa,https://sa.trip.com/hotels/medina-hotels-list-19744/,recon_page,2026-05-02T20:50:55.385798
99,1,3,0,0,0,0,1,0,11,0,com,200,2,295931,360.566,0,0,19,0,unknown,1,html,1,9,0,1,1,0,0,0,0,0,0,0,1,5,0,0,1,2,0,0,0,0,1,12,0,0,0,0,1,28,22,0,6,1,37,17,20,1,18,1,2,1,3,1,1,14,0,0,0,0,0,0,0,0,0,0,1,1,0,0,0,0,0,0,0,0,0,0,1,1,0,0,0.0,1.0,0.0,0,0,0,0,0,0,0,0,0,0,0,0,41,12,1,0,0,0,0,0,0,0.0,9.461665050298887e-05,0.125,0.05744582351967182,0,,multi_full_20260502_195405_0002,2026-05-02T20:50:55.956872,https://sa.trip.com/hotels/jeddah-hotel-detail-101240214/mirada-purple-alzahra-serviced-apartments/,https://sa.trip.com/?locale=ar-sa,False,https://sa.trip.com/hotels/jeddah-hotel-detail-101240214/mirada-purple-alzahra-serviced-apartments/,https://sa.trip.com/?locale=ar-sa,https://sa.trip.com/hotels/jeddah-hotel-detail-101240214/mirada-purple-alzahra-serviced-apartments/,recon_page,2026-05-02T20:50:55.970971
73,1,3,0,0,0,0,1,0,11,0,com,200,2,302241,446.029,0,0,19,0,unknown,1,html,1,9,0,1,1,0,0,0,0,0,0,0,1,5,0,0,1,2,0,0,0,0,1,11,0,0,0,0,1,28,22,0,6,1,37,17,20,1,21,1,2,1,3,1,1,14,0,0,0,0,0,0,0,0,0,0,1,1,0,0,0,0,0,0,0,0,0,0,1,1,0,0,0.0,1.0,0.0,0,0,0,0,0,0,0,0,0,0,0,0,41,12,1,0,0,0,0,0,0,0.0,9.264130280140683e-05,0.125,0.05293788731508962,0,,multi_full_20260502_195405_0002,2026-05-02T20:50:56.255001,https://sa.trip.com/hotels/jazan-hotel-detail-126248194/al-qasr-corniche/,https://sa.trip.com/?locale=ar-sa,False,https://sa.trip.com/hotels/jazan-hotel-detail-126248194/al-qasr-corniche/,https://sa.trip.com/?locale=ar-sa,https://sa.trip.com/hotels/jazan-hotel-detail-126248194/al-qasr-corniche/,recon_page,2026-05-02T20:50:56.280523
184,1,3,1,7,0,0,1,0,11,0,com,200,2,436677,307.62899999999996,0,0,20,0,unknown,1,html,1,9,0,1,1,0,0,0,0,0,0,0,1,5,0,0,1,2,0,0,0,0,1,18,0,0,0,0,1,28,22,0,6,1,37,17,20,1,34,1,2,1,3,1,1,19,0,0,0,0,0,0,0,0,0,0,1,1,0,0,0,0,0,0,1,0,0,0,1,1,0,0,0.0,1.0,0.0,0,0,0,0,0,0,0,0,0,0,0,0,41,12,1,0,0,0,0,0,0,0.0,6.412062004639585e-05,0.125,0.05267050932382516,0,,multi_full_20260502_195405_0002,2026-05-02T20:50:56.369086,https://sa.trip.com/hotels/guangzhou-hotel-detail-66913267/kempinski-residences-guangzhou/?checkin=2026-05-10&city=32&module=list&link=button&from_page=list&adult=1&checkout=2026-05-11,https://sa.trip.com/?locale=ar-sa,False,https://sa.trip.com/hotels/guangzhou-hotel-detail-66913267/kempinski-residences-guangzhou/?checkin=2026-05-10&city=32&module=list&link=button&from_page=list&adult=1&checkout=2026-05-11,https://sa.trip.com/?locale=ar-sa,https://sa.trip.com/hotels/guangzhou-hotel-detail-66913267/kempinski-residences-guangzhou/?checkin=2026-05-10&city=32&module=list&link=button&from_page=list&adult=1&checkout=2026-05-11,recon_page,2026-05-02T20:50:56.375364
170,1,3,1,7,0,0,1,0,11,0,com,200,2,310160,426.465,0,0,20,0,unknown,1,html,1,9,0,1,1,0,0,0,0,0,0,0,1,5,0,0,1,2,0,0,0,0,1,5,0,0,0,0,1,28,22,0,6,1,36,16,20,1,13,1,2,1,3,1,1,14,0,0,0,0,0,0,0,0,0,0,1,1,0,0,0,0,0,0,1,0,0,0,1,1,0,0,0.0,1.0,0.0,0,0,0,0,0,0,0,0,0,0,0,0,40,12,1,0,0,0,0,0,0,0.0,9.02759865875677e-05,0.125,0.032241423781274176,0,,multi_full_20260502_195405_0002,2026-05-02T20:50:56.732061,https://sa.trip.com/hotels/phuket-hotel-detail-132358237/sweett-lemon-home/?checkin=2026-05-10&city=725&module=list&link=button&from_page=list&adult=1&checkout=2026-05-11,https://sa.trip.com/?locale=ar-sa,False,https://sa.trip.com/hotels/phuket-hotel-detail-132358237/sweett-lemon-home/?checkin=2026-05-10&city=725&module=list&link=button&from_page=list&adult=1&checkout=2026-05-11,https://sa.trip.com/?locale=ar-sa,https://sa.trip.com/hotels/phuket-hotel-detail-132358237/sweett-lemon-home/?checkin=2026-05-10&city=725&module=list&link=button&from_page=list&adult=1&checkout=2026-05-11,recon_page,2026-05-02T20:50:56.736971
69,1,3,0,0,0,0,1,0,11,0,com,200,2,357902,307.909,0,0,19,0,unknown,1,html,1,9,0,1,1,0,0,0,0,0,0,0,1,5,0,0,1,2,0,0,0,0,1,17,0,0,0,0,1,28,22,0,6,1,36,16,20,1,25,1,2,1,3,1,1,15,0,0,0,0,0,0,0,0,0,0,1,1,0,0,0,0,0,0,0,0,0,0,1,1,0,0,0.0,1.0,0.0,0,0,0,0,0,0,0,0,0,0,0,0,40,12,1,0,0,0,0,0,0,0.0,7.823370643360472e-05,0.125,0.06146934076926086,0,,multi_full_20260502_195405_0002,2026-05-02T20:50:57.064820,https://sa.trip.com/hotels/phuket-hotel-detail-9543457/beyond-patong/,https://sa.trip.com/?locale=ar-sa,False,https://sa.trip.com/hotels/phuket-hotel-detail-9543457/beyond-patong/,https://sa.trip.com/?locale=ar-sa,https://sa.trip.com/hotels/phuket-hotel-detail-9543457/beyond-patong/,recon_page,2026-05-02T20:50:57.070691
81,1,4,0,0,0,0,1,0,11,0,com,200,2,244266,893.931,0,0,17,0,unknown,1,html,1,4,0,1,1,0,0,0,0,0,0,0,1,4,0,0,1,2,0,0,0,0,1,9,0,0,0,0,1,13,3,0,10,1,67,56,11,1,73,1,17,0,0,1,1,52,1,0,0,0,0,0,0,0,0,0,0,1,0,0,0,0,0,0,0,0,0,0,0,0,0,0,0.0,0.0,0.0,0,0,0,0,0,0,0,0,0,0,0,0,71,1,1,0,0,0,0,0,0,0.0,5.322066927038556e-05,0.125,0.053220669270385566,0,,multi_full_20260502_195405_0002,2026-05-02T20:50:57.303193,https://sa.trip.com/hotels/sukarami-hotel-detail-23605382/airish-hotel/photo.html,https://sa.trip.com/?locale=ar-sa,False,https://sa.trip.com/hotels/sukarami-hotel-detail-23605382/airish-hotel/photo.html,https://sa.trip.com/?locale=ar-sa,https://sa.trip.com/hotels/sukarami-hotel-detail-23605382/airish-hotel/photo.html,recon_page,2026-05-02T20:50:57.327137
193,1,3,1,7,0,0,1,0,11,0,com,200,2,393116,472.491,0,0,19,0,unknown,1,html,1,9,0,1,1,0,0,0,0,0,0,0,1,5,0,0,1,2,0,0,0,0,1,18,0,0,0,0,1,28,22,0,6,1,37,17,20,1,26,1,2,1,3,1,1,14,0,0,0,0,0,0,0,0,0,0,1,1,0,0,0,0,0,0,1,0,0,0,1,1,0,0,0.0,1.0,0.0,0,0,0,0,0,0,0,0,0,0,0,0,41,12,1,0,0,0,0,0,0,0.0,7.122579594826972e-05,0.125,0.05850690381465013,0,,multi_full_20260502_195405_0002,2026-05-02T20:50:57.621541,https://sa.trip.com/hotels/makkah-hotel-detail-9025668/hilton-hotel-convention-jabal-omar-makkah/?checkin=2026-05-10&city=3744&module=list&link=button&from_page=list&adult=1&checkout=2026-05-11,https://sa.trip.com/?locale=ar-sa,False,https://sa.trip.com/hotels/makkah-hotel-detail-9025668/hilton-hotel-convention-jabal-omar-makkah/?checkin=2026-05-10&city=3744&module=list&link=button&from_page=list&adult=1&checkout=2026-05-11,https://sa.trip.com/?locale=ar-sa,https://sa.trip.com/hotels/makkah-hotel-detail-9025668/hilton-hotel-convention-jabal-omar-makkah/?checkin=2026-05-10&city=3744&module=list&link=button&from_page=list&adult=1&checkout=2026-05-11,recon_page,2026-05-02T20:50:57.638252
176,1,3,1,7,0,0,1,0,11,0,com,200,2,463023,524.67,0,0,20,0,unknown,1,html,1,9,0,1,1,0,0,0,0,0,0,0,1,5,0,0,1,2,0,0,0,0,1,18,0,0,0,0,1,28,22,0,6,1,37,17,20,1,33,1,2,1,3,1,1,14,0,0,0,0,0,0,0,0,0,0,1,1,0,0,0,0,0,0,1,0,0,0,1,1,0,0,0.0,1.0,0.0,0,0,0,0,0,0,0,0,0,0,0,0,41,12,1,0,0,0,0,0,0,0.0,6.0472157970554375e-05,0.125,0.04967355833295538,0,,multi_full_20260502_195405_0002,2026-05-02T20:50:58.092743,https://sa.trip.com/hotels/istanbul-hotel-detail-2198166/hilton-istanbul-bomonti/?checkin=2026-05-10&city=532&module=list&link=button&from_page=list&adult=1&checkout=2026-05-11,https://sa.trip.com/?locale=ar-sa,False,https://sa.trip.com/hotels/istanbul-hotel-detail-2198166/hilton-istanbul-bomonti/?checkin=2026-05-10&city=532&module=list&link=button&from_page=list&adult=1&checkout=2026-05-11,https://sa.trip.com/?locale=ar-sa,https://sa.trip.com/hotels/istanbul-hotel-detail-2198166/hilton-istanbul-bomonti/?checkin=2026-05-10&city=532&module=list&link=button&from_page=list&adult=1&checkout=2026-05-11,recon_page,2026-05-02T20:50:58.103864
41,1,2,1,1,0,0,1,0,11,0,com,200,2,473139,1905.004,0,0,18,0,unknown,0,html,1,7,0,1,1,0,0,0,0,0,0,0,1,5,0,0,1,2,0,0,0,0,1,13,0,0,0,0,1,4,3,0,1,1,65,49,16,1,13,1,27,1,2,1,1,2,1,0,0,0,0,0,0,0,0,0,1,1,0,0,0,0,0,0,1,0,0,0,1,2,0,0,0.0,0.0,0.0,0,0,0,0,0,0,0,0,0,0,0,0,64,12,1,0,0,0,0,0,0,0.0,8.45417520009976e-06,0.125,0.03804378840044892,0,,multi_full_20260502_195405_0002,2026-05-02T20:50:59.479590,https://sa.trip.com/hotels/list/?city=725,https://sa.trip.com/?locale=ar-sa,False,https://sa.trip.com/hotels/list/?city=725,https://sa.trip.com/?locale=ar-sa,https://sa.trip.com/hotels/list/?city=725,recon_page,2026-05-02T20:50:59.490430
193,1,3,1,7,0,0,1,0,11,0,com,200,2,295118,295.435,0,0,20,0,unknown,1,html,1,9,0,1,1,0,0,0,0,0,0,0,1,5,0,0,1,2,0,0,0,0,1,13,0,0,0,0,1,28,22,0,6,1,37,17,20,1,16,1,2,1,3,1,1,14,0,0,0,0,0,0,0,0,0,0,1,1,0,0,0,0,0,0,1,0,0,0,1,1,0,0,0.0,1.0,0.0,0,0,0,0,0,0,0,0,0,0,0,0,41,12,1,0,0,0,0,0,0,0.0,9.487730331596175e-05,0.125,0.0609925521316897,0,,multi_full_20260502_195405_0002,2026-05-02T20:51:56.854592,https://sa.trip.com/hotels/jeddah-hotel-detail-106675443/mirada-purple-alwaha-serviced-apartments/?checkin=2026-05-10&city=801&module=list&link=button&from_page=list&adult=1&checkout=2026-05-11,https://sa.trip.com/?locale=ar-sa,False,https://sa.trip.com/hotels/jeddah-hotel-detail-106675443/mirada-purple-alwaha-serviced-apartments/?checkin=2026-05-10&city=801&module=list&link=button&from_page=list&adult=1&checkout=2026-05-11,https://sa.trip.com/?locale=ar-sa,https://sa.trip.com/hotels/jeddah-hotel-detail-106675443/mirada-purple-alwaha-serviced-apartments/?checkin=2026-05-10&city=801&module=list&link=button&from_page=list&adult=1&checkout=2026-05-11,recon_page,2026-05-02T20:51:56.860585
133,1,4,0,0,0,0,1,0,11,0,com,200,2,200055,562.419,0,0,17,0,unknown,1,html,1,4,0,1,1,0,0,0,0,0,0,0,1,4,0,0,1,2,0,0,0,0,1,10,0,0,0,0,1,13,3,0,10,1,67,56,11,1,50,1,17,0,0,1,1,1,1,0,0,0,0,0,0,0,0,0,0,1,0,0,0,0,0,0,0,0,0,0,0,0,0,0,0.0,0.0,0.0,0,0,0,0,0,0,0,0,0,0,0,0,71,1,1,0,0,0,0,0,0,0.0,6.498212991427358e-05,0.125,0.06998075529229461,0,,multi_full_20260502_195405_0002,2026-05-02T20:51:57.222941,https://sa.trip.com/hotels/jacksonville-hotel-detail-2565228/ramada-hotel-and-conf-cntr-by-wyndham-jacksonville-baymeadows/photo.html,https://sa.trip.com/?locale=ar-sa,False,https://sa.trip.com/hotels/jacksonville-hotel-detail-2565228/ramada-hotel-and-conf-cntr-by-wyndham-jacksonville-baymeadows/photo.html,https://sa.trip.com/?locale=ar-sa,https://sa.trip.com/hotels/jacksonville-hotel-detail-2565228/ramada-hotel-and-conf-cntr-by-wyndham-jacksonville-baymeadows/photo.html,recon_page,2026-05-02T20:51:57.255694
74,1,3,0,0,0,0,1,0,11,0,com,200,2,290455,442.937,0,0,20,0,unknown,1,html,1,9,0,1,1,0,0,0,0,0,0,0,1,5,0,0,1,2,0,0,0,0,1,13,0,0,0,0,1,28,22,0,6,1,37,17,20,1,17,1,2,1,3,1,1,14,0,0,0,0,0,0,0,0,0,0,1,1,0,0,0,0,0,0,0,0,0,0,1,1,0,0,0.0,1.0,0.0,0,0,0,0,0,0,0,0,0,0,0,0,41,12,1,0,0,0,0,0,0,0.0,9.640047511662735e-05,0.125,0.061971734003546164,0,,multi_full_20260502_195405_0002,2026-05-02T20:51:57.783704,https://sa.trip.com/hotels/riyadh-hotel-detail-9289728/aliah-tolan-palace/,https://sa.trip.com/?locale=ar-sa,False,https://sa.trip.com/hotels/riyadh-hotel-detail-9289728/aliah-tolan-palace/,https://sa.trip.com/?locale=ar-sa,https://sa.trip.com/hotels/riyadh-hotel-detail-9289728/aliah-tolan-palace/,recon_page,2026-05-02T20:51:57.803780
100,1,4,0,0,0,0,1,0,11,0,com,200,2,298985,803.432,0,0,18,0,unknown,1,html,1,4,0,1,1,0,0,0,0,0,0,0,1,4,0,0,1,2,0,0,0,0,1,10,0,0,0,0,1,13,3,0,10,1,67,56,11,1,128,1,17,0,0,1,1,88,1,0,0,0,0,0,0,0,0,0,0,1,0,0,0,0,0,0,0,0,0,0,0,0,0,0,0.0,0.0,0.0,0,0,0,0,0,0,0,0,0,0,0,0,72,1,1,0,0,0,0,0,0,0.0,4.34804421626503e-05,0.125,0.046825091559777245,0,,multi_full_20260502_195405_0002,2026-05-02T20:51:57.906551,https://sa.trip.com/hotels/beihai-hotel-detail-80391750/beihai-silver-beach-jian-homestay/photo.html,https://sa.trip.com/?locale=ar-sa,False,https://sa.trip.com/hotels/beihai-hotel-detail-80391750/beihai-silver-beach-jian-homestay/photo.html,https://sa.trip.com/?locale=ar-sa,https://sa.trip.com/hotels/beihai-hotel-detail-80391750/beihai-silver-beach-jian-homestay/photo.html,recon_page,2026-05-02T20:51:57.920786
192,1,3,1,7,0,0,1,0,11,0,com,200,2,395780,446.217,0,0,20,0,unknown,1,html,1,9,0,1,1,0,0,0,0,0,0,0,1,5,0,0,1,2,0,0,0,0,1,14,0,0,0,0,1,28,22,0,6,1,37,17,20,1,23,1,2,1,3,1,1,14,0,0,0,0,0,0,0,0,0,0,1,1,0,0,0,0,0,0,1,0,0,0,1,1,0,0,0.0,1.0,0.0,0,0,0,0,0,0,0,0,0,0,0,0,41,12,1,0,0,0,0,0,0,0.0,7.074637424831977e-05,0.125,0.04800646823993128,0,,multi_full_20260502_195405_0002,2026-05-02T20:51:58.229361,https://sa.trip.com/hotels/al-khobar-hotel-detail-117916849/hilton-al-khobar-king-fahd-causeway/?checkin=2026-05-10&city=4099&module=list&link=button&from_page=list&adult=1&checkout=2026-05-11,https://sa.trip.com/?locale=ar-sa,False,https://sa.trip.com/hotels/al-khobar-hotel-detail-117916849/hilton-al-khobar-king-fahd-causeway/?checkin=2026-05-10&city=4099&module=list&link=button&from_page=list&adult=1&checkout=2026-05-11,https://sa.trip.com/?locale=ar-sa,https://sa.trip.com/hotels/al-khobar-hotel-detail-117916849/hilton-al-khobar-king-fahd-causeway/?checkin=2026-05-10&city=4099&module=list&link=button&from_page=list&adult=1&checkout=2026-05-11,recon_page,2026-05-02T20:51:58.284335
44,1,2,1,1,0,0,1,0,11,0,com,200,2,346116,1957.982,0,0,17,0,unknown,0,html,1,7,0,1,1,0,0,0,0,0,0,0,1,5,0,0,1,2,0,0,0,0,1,11,0,0,0,0,1,4,3,0,1,1,65,49,16,1,12,1,27,1,2,1,1,2,1,0,0,0,0,0,0,0,0,0,1,1,0,0,0,0,0,0,1,0,0,0,1,2,0,0,0.0,0.0,0.0,0,0,0,0,0,0,0,0,0,0,0,0,64,12,1,0,0,0,0,0,0,0.0,1.155681910111061e-05,0.125,0.04622727640444244,0,,multi_full_20260502_195405_0002,2026-05-02T20:51:58.497056,https://sa.trip.com/hotels/list/?city=697214,https://sa.trip.com/?locale=ar-sa,False,https://sa.trip.com/hotels/list/?city=697214,https://sa.trip.com/?locale=ar-sa,https://sa.trip.com/hotels/list/?city=697214,recon_page,2026-05-02T20:51:58.519242
82,1,3,0,0,0,0,1,0,11,0,com,200,2,318634,272.766,0,0,20,0,unknown,1,html,1,9,0,1,1,0,0,0,0,0,0,0,1,5,0,0,1,2,0,0,0,0,1,10,0,0,0,0,1,28,22,0,6,1,37,17,20,1,22,1,2,1,3,1,1,14,0,0,0,0,0,0,0,0,0,0,1,1,0,0,0,0,0,0,0,0,0,0,1,1,0,0,0.0,1.0,0.0,0,0,0,0,0,0,0,0,0,0,0,0,41,12,1,0,0,0,0,0,0,0.0,8.787511690528945e-05,0.125,0.04707595548497649,0,,multi_full_20260502_195405_0002,2026-05-02T20:51:58.733937,https://sa.trip.com/hotels/makkah-hotel-detail-133214146/rotana-jabal-omar-makkah/,https://sa.trip.com/?locale=ar-sa,False,https://sa.trip.com/hotels/makkah-hotel-detail-133214146/rotana-jabal-omar-makkah/,https://sa.trip.com/?locale=ar-sa,https://sa.trip.com/hotels/makkah-hotel-detail-133214146/rotana-jabal-omar-makkah/,recon_page,2026-05-02T20:51:58.748581
90,1,3,0,0,0,0,1,0,11,0,com,200,2,375473,312.108,0,0,19,0,unknown,1,html,1,9,0,1,1,0,0,0,0,0,0,0,1,5,0,0,1,2,0,0,0,0,1,12,0,0,0,0,1,28,22,0,6,1,37,17,20,1,28,1,2,1,3,1,1,14,0,0,0,0,0,0,0,0,0,0,1,1,0,0,0,0,0,0,0,0,0,0,1,1,0,0,0.0,1.0,0.0,0,0,0,0,0,0,0,0,0,0,0,0,41,12,1,0,0,0,0,0,0,0.0,7.457260575327654e-05,0.125,0.04527622492163218,0,,multi_full_20260502_195405_0002,2026-05-02T20:51:59.072189,https://sa.trip.com/hotels/jeddah-hotel-detail-738618/joudyan-red-sea-mall-jeddah-by-elaf/,https://sa.trip.com/?locale=ar-sa,False,https://sa.trip.com/hotels/jeddah-hotel-detail-738618/joudyan-red-sea-mall-jeddah-by-elaf/,https://sa.trip.com/?locale=ar-sa,https://sa.trip.com/hotels/jeddah-hotel-detail-738618/joudyan-red-sea-mall-jeddah-by-elaf/,recon_page,2026-05-02T20:51:59.088537
87,1,3,0,0,0,0,1,0,11,0,com,200,2,411291,399.574,0,0,20,0,unknown,1,html,1,9,0,1,1,0,0,0,0,0,0,0,1,5,0,0,1,2,0,0,0,0,1,18,0,0,0,0,1,28,22,0,6,1,37,17,20,1,29,1,2,1,3,1,1,14,0,0,0,0,0,0,0,0,0,0,1,1,0,0,0,0,0,0,0,0,0,0,1,1,0,0,0.0,1.0,0.0,0,0,0,0,0,0,0,0,0,0,0,0,41,12,1,0,0,0,0,0,0,0.0,6.807831924355262e-05,0.125,0.055921476521489655,0,,multi_full_20260502_195405_0002,2026-05-02T20:51:59.371914,https://sa.trip.com/hotels/guangzhou-hotel-detail-2298298/guangzhou-golden-eagle-hotel/,https://sa.trip.com/?locale=ar-sa,False,https://sa.trip.com/hotels/guangzhou-hotel-detail-2298298/guangzhou-golden-eagle-hotel/,https://sa.trip.com/?locale=ar-sa,https://sa.trip.com/hotels/guangzhou-hotel-detail-2298298/guangzhou-golden-eagle-hotel/,recon_page,2026-05-02T20:51:59.386090
71,1,3,0,0,0,0,1,0,11,0,com,200,2,409369,281.48,0,0,19,0,unknown,1,html,1,9,0,1,1,0,0,0,0,0,0,0,1,5,0,0,1,2,0,0,0,0,1,18,0,0,0,0,1,28,22,0,6,1,37,17,20,1,24,1,2,1,3,1,1,14,0,0,0,0,0,0,0,0,0,0,1,1,0,0,0,0,0,0,0,0,0,0,1,1,0,0,0.0,1.0,0.0,0,0,0,0,0,0,0,0,0,0,0,0,41,12,1,0,0,0,0,0,0,0.0,6.83979490386424e-05,0.125,0.05618402956745625,0,,multi_full_20260502_195405_0002,2026-05-02T20:51:59.673999,https://sa.trip.com/hotels/makkah-hotel-detail-2069845/swisstel-makkah/,https://sa.trip.com/?locale=ar-sa,False,https://sa.trip.com/hotels/makkah-hotel-detail-2069845/swisstel-makkah/,https://sa.trip.com/?locale=ar-sa,https://sa.trip.com/hotels/makkah-hotel-detail-2069845/swisstel-makkah/,recon_page,2026-05-02T20:51:59.687364
192,1,3,1,7,0,0,1,0,11,0,com,200,2,325700,474.995,0,0,19,0,unknown,1,html,1,9,0,1,1,0,0,0,0,0,0,0,1,5,0,0,1,2,0,0,0,0,1,12,0,0,0,0,1,28,22,0,6,1,37,17,20,1,19,1,2,1,3,1,1,14,0,0,0,0,0,0,0,0,0,0,1,1,0,0,0,0,0,0,1,0,0,0,1,1,0,0,0.0,1.0,0.0,0,0,0,0,0,0,0,0,0,0,0,0,41,12,1,0,0,0,0,0,0,0.0,8.596868283696654e-05,0.125,0.05219527172244397,0,,multi_full_20260502_195405_0002,2026-05-02T20:51:59.937040,https://sa.trip.com/hotels/harbin-hotel-detail-108792592/ha-er-bin-lang-yi-zhu-ti-ying-ka-bin-guan/?checkin=2026-05-10&city=5&module=list&link=button&from_page=list&adult=1&checkout=2026-05-11,https://sa.trip.com/?locale=ar-sa,False,https://sa.trip.com/hotels/harbin-hotel-detail-108792592/ha-er-bin-lang-yi-zhu-ti-ying-ka-bin-guan/?checkin=2026-05-10&city=5&module=list&link=button&from_page=list&adult=1&checkout=2026-05-11,https://sa.trip.com/?locale=ar-sa,https://sa.trip.com/hotels/harbin-hotel-detail-108792592/ha-er-bin-lang-yi-zhu-ti-ying-ka-bin-guan/?checkin=2026-05-10&city=5&module=list&link=button&from_page=list&adult=1&checkout=2026-05-11,recon_page,2026-05-02T20:51:59.951451
39,1,2,1,1,0,0,1,0,11,0,com,200,2,618020,2113.852,0,0,17,0,unknown,0,html,1,7,0,1,1,0,0,0,0,0,0,0,1,5,0,0,1,2,0,0,0,0,1,13,0,0,0,0,1,3,3,0,0,1,65,49,16,1,34,1,27,1,2,1,1,2,1,0,0,0,0,0,0,0,0,0,1,1,0,0,0,0,0,0,0,0,0,0,1,2,0,0,0.0,0.0,0.0,0,0,0,0,0,0,0,0,0,0,0,0,64,12,1,0,0,0,0,0,1,0.0,4.854211837804602e-06,0.125,0.02912527102682761,0,,multi_full_20260502_195405_0002,2026-05-02T20:52:02.882687,https://sa.trip.com/hotels/list/?city=5,https://sa.trip.com/?locale=ar-sa,False,https://sa.trip.com/hotels/list/?city=5,https://sa.trip.com/?locale=ar-sa,https://sa.trip.com/hotels/list/?city=5,recon_page,2026-05-02T20:52:02.896822
173,1,3,1,7,0,0,1,0,11,0,com,200,2,359023,626.531,0,0,19,0,unknown,1,html,1,9,0,1,1,0,0,0,0,0,0,0,1,5,0,0,1,2,0,0,0,0,1,17,0,0,0,0,1,28,22,0,6,1,37,17,20,1,24,1,2,1,3,1,1,14,0,0,0,0,0,0,0,0,0,0,1,1,0,0,0,0,0,0,1,0,0,0,1,1,0,0,0.0,1.0,0.0,0,0,0,0,0,0,0,0,0,0,0,0,41,12,1,0,0,0,0,0,0,0.0,7.798943243190547e-05,0.125,0.061277411196497156,0,,multi_full_20260502_195405_0002,2026-05-02T20:53:00.308905,https://sa.trip.com/hotels/jeddah-hotel-detail-42568640/iridium-seventy-hotel/?checkin=2026-05-10&city=801&module=list&link=button&from_page=list&adult=1&checkout=2026-05-11,https://sa.trip.com/?locale=ar-sa,False,https://sa.trip.com/hotels/jeddah-hotel-detail-42568640/iridium-seventy-hotel/?checkin=2026-05-10&city=801&module=list&link=button&from_page=list&adult=1&checkout=2026-05-11,https://sa.trip.com/?locale=ar-sa,https://sa.trip.com/hotels/jeddah-hotel-detail-42568640/iridium-seventy-hotel/?checkin=2026-05-10&city=801&module=list&link=button&from_page=list&adult=1&checkout=2026-05-11,recon_page,2026-05-02T20:53:00.325243
54,1,3,0,0,0,0,1,0,11,0,com,404,4,17029,650.9359999999999,0,0,11,0,unknown,0,html,0,0,0,0,0,0,0,0,0,0,0,0,1,1,0,0,1,1,0,0,0,0,0,0,0,0,0,0,1,1,1,0,0,1,19,17,2,1,10,1,2,1,2,1,1,8,1,0,0,0,0,0,0,0,0,0,0,1,0,0,0,0,0,0,0,0,0,0,0,0,0,0,0.0,0.0,0.0,0,0,0,0,0,0,0,0,0,0,0,0,17,10,0,0,0,0,0,0,0,0.0,5.872335427799636e-05,0.0,0.05872335427799636,0,,multi_full_20260502_195405_0002,2026-05-02T20:53:00.484390,https://sa.trip.com/hotels/guangzhou-hotels-list-32/\/,https://sa.trip.com/?locale=ar-sa,False,https://sa.trip.com/hotels/guangzhou-hotels-list-32/\/,https://sa.trip.com/?locale=ar-sa,https://sa.trip.com/hotels/guangzhou-hotels-list-32/\/,recon_page,2026-05-02T20:53:00.498512
91,1,4,0,0,0,0,1,0,11,0,com,200,2,317294,905.522,0,0,17,0,unknown,1,html,1,4,0,1,1,0,0,0,0,0,0,0,1,4,0,0,1,2,0,0,0,0,1,11,0,0,0,0,1,13,3,0,10,1,67,56,11,1,129,1,17,0,0,1,1,88,1,0,0,0,0,0,0,0,0,0,0,1,0,0,0,0,0,0,0,0,0,0,0,0,0,0,0.0,0.0,0.0,0,0,0,0,0,0,0,0,0,0,0,0,71,1,1,0,0,0,0,0,0,0.0,4.097146495048756e-05,0.125,0.04727476725056257,0,,multi_full_20260502_195405_0002,2026-05-02T20:53:00.708169,https://sa.trip.com/hotels/kunming-hotel-detail-29855534/shanshui-youming-hostel/photo.html,https://sa.trip.com/?locale=ar-sa,False,https://sa.trip.com/hotels/kunming-hotel-detail-29855534/shanshui-youming-hostel/photo.html,https://sa.trip.com/?locale=ar-sa,https://sa.trip.com/hotels/kunming-hotel-detail-29855534/shanshui-youming-hostel/photo.html,recon_page,2026-05-02T20:53:00.719637
74,1,3,0,0,0,0,1,0,11,0,com,200,2,437791,850.99,0,0,19,0,unknown,1,html,1,9,0,1,1,0,0,0,0,0,0,0,1,5,0,0,1,2,0,0,0,0,1,18,0,0,0,0,1,28,22,0,6,1,36,16,20,1,36,1,2,1,3,1,1,19,0,0,0,0,0,0,0,0,0,0,1,1,0,0,0,0,0,0,0,0,0,0,1,1,0,0,0.0,1.0,0.0,0,0,0,0,0,0,0,0,0,0,0,0,40,12,1,0,0,0,0,0,0,0.0,6.395745915288345e-05,0.125,0.052536484304154266,0,,multi_full_20260502_195405_0002,2026-05-02T20:53:01.614199,https://sa.trip.com/hotels/phuket-hotel-detail-701853/elite-suites-patong/,https://sa.trip.com/?locale=ar-sa,False,https://sa.trip.com/hotels/phuket-hotel-detail-701853/elite-suites-patong/,https://sa.trip.com/?locale=ar-sa,https://sa.trip.com/hotels/phuket-hotel-detail-701853/elite-suites-patong/,recon_page,2026-05-02T20:53:01.630423
79,1,3,0,0,0,0,1,0,11,0,com,200,2,409427,539.452,0,0,19,0,unknown,1,html,1,9,0,1,1,0,0,0,0,0,0,0,1,5,0,0,1,2,0,0,0,0,1,18,0,0,0,0,1,28,22,0,6,1,37,17,20,1,29,1,2,1,3,1,1,14,0,0,0,0,0,0,0,0,0,0,1,1,0,0,0,0,0,0,0,0,0,0,1,1,0,0,0.0,1.0,0.0,0,0,0,0,0,0,0,0,0,0,0,0,41,12,1,0,0,0,0,0,0,0.0,6.838825968976154e-05,0.125,0.05617607045944698,0,,multi_full_20260502_195405_0002,2026-05-02T20:53:02.076652,https://sa.trip.com/hotels/siem-reap-hotel-detail-103004895/darling-pub-hostel/,https://sa.trip.com/?locale=ar-sa,False,https://sa.trip.com/hotels/siem-reap-hotel-detail-103004895/darling-pub-hostel/,https://sa.trip.com/?locale=ar-sa,https://sa.trip.com/hotels/siem-reap-hotel-detail-103004895/darling-pub-hostel/,recon_page,2026-05-02T20:53:02.096644
173,1,3,1,7,0,0,1,0,11,0,com,200,2,335181,559.904,0,0,19,0,unknown,1,html,1,9,0,1,1,0,0,0,0,0,0,0,1,5,0,0,1,2,0,0,0,0,1,12,0,0,0,0,1,28,22,0,6,1,37,17,20,1,21,1,2,1,3,1,1,14,0,0,0,0,0,0,0,0,0,0,1,1,0,0,0,0,0,0,1,0,0,0,1,1,0,0,0.0,1.0,0.0,0,0,0,0,0,0,0,0,0,0,0,0,41,12,1,0,0,0,0,0,0,0.0,8.353695466031786e-05,0.125,0.0507188653294787,0,,multi_full_20260502_195405_0002,2026-05-02T20:53:02.806357,https://sa.trip.com/hotels/riyadh-hotel-detail-73231354/hadab-al-sahafa-hotel/?checkin=2026-05-10&city=789&module=list&link=button&from_page=list&adult=1&checkout=2026-05-11,https://sa.trip.com/?locale=ar-sa,False,https://sa.trip.com/hotels/riyadh-hotel-detail-73231354/hadab-al-sahafa-hotel/?checkin=2026-05-10&city=789&module=list&link=button&from_page=list&adult=1&checkout=2026-05-11,https://sa.trip.com/?locale=ar-sa,https://sa.trip.com/hotels/riyadh-hotel-detail-73231354/hadab-al-sahafa-hotel/?checkin=2026-05-10&city=789&module=list&link=button&from_page=list&adult=1&checkout=2026-05-11,recon_page,2026-05-02T20:53:02.827996
176,1,3,1,7,0,0,1,0,11,0,com,200,2,367618,536.74,0,0,19,0,unknown,1,html,1,9,0,1,1,0,0,0,0,0,0,0,1,5,0,0,1,2,0,0,0,0,1,17,0,0,0,0,1,28,22,0,6,1,37,17,20,1,21,1,2,1,3,1,1,14,0,0,0,0,0,0,0,0,0,0,1,1,0,0,0,0,0,0,1,0,0,0,1,1,0,0,0.0,1.0,0.0,0,0,0,0,0,0,0,0,0,0,0,0,41,12,1,0,0,0,0,0,0,0.0,7.616602016223362e-05,0.125,0.05984473012746928,0,,multi_full_20260502_195405_0002,2026-05-02T20:53:02.931712,https://sa.trip.com/hotels/makkah-hotel-detail-116551061/time-ruba-hotel-suites/?checkin=2026-05-10&city=3744&module=list&link=button&from_page=list&adult=1&checkout=2026-05-11,https://sa.trip.com/?locale=ar-sa,False,https://sa.trip.com/hotels/makkah-hotel-detail-116551061/time-ruba-hotel-suites/?checkin=2026-05-10&city=3744&module=list&link=button&from_page=list&adult=1&checkout=2026-05-11,https://sa.trip.com/?locale=ar-sa,https://sa.trip.com/hotels/makkah-hotel-detail-116551061/time-ruba-hotel-suites/?checkin=2026-05-10&city=3744&module=list&link=button&from_page=list&adult=1&checkout=2026-05-11,recon_page,2026-05-02T20:53:02.963503
83,1,3,0,0,0,0,1,0,11,0,com,200,2,435000,557.529,0,0,19,0,unknown,1,html,1,9,0,1,1,0,0,0,0,0,0,0,1,5,0,0,1,2,0,0,0,0,1,18,0,0,0,0,1,28,22,0,6,1,36,16,20,1,35,1,2,1,3,1,1,19,0,0,0,0,0,0,0,0,0,0,1,1,0,0,0,0,0,0,0,0,0,0,1,1,0,0,0.0,1.0,0.0,0,0,0,0,0,0,0,0,0,0,0,0,40,12,1,0,0,0,0,0,0,0.0,6.436781609195403e-05,0.125,0.052873563218390804,0,,multi_full_20260502_195405_0002,2026-05-02T20:53:03.355033,https://sa.trip.com/hotels/phuket-hotel-detail-1457192/grand-mercure-phuket-patong/,https://sa.trip.com/?locale=ar-sa,False,https://sa.trip.com/hotels/phuket-hotel-detail-1457192/grand-mercure-phuket-patong/,https://sa.trip.com/?locale=ar-sa,https://sa.trip.com/hotels/phuket-hotel-detail-1457192/grand-mercure-phuket-patong/,recon_page,2026-05-02T20:53:03.380597
68,1,3,0,0,0,0,1,0,11,0,com,200,2,305161,540.627,0,0,19,0,unknown,1,html,1,9,0,1,1,0,0,0,0,0,0,0,1,5,0,0,1,2,0,0,0,0,1,9,0,0,0,0,1,28,22,0,6,1,37,17,20,1,20,1,2,1,3,1,1,14,0,0,0,0,0,0,0,0,0,0,1,1,0,0,0,0,0,0,0,0,0,0,1,1,0,0,0.0,1.0,0.0,0,0,0,0,0,0,0,0,0,0,0,0,41,12,1,0,0,0,0,0,0,0.0,9.175484416422807e-05,0.125,0.04587742208211403,0,,multi_full_20260502_195405_0002,2026-05-02T20:53:03.544602,https://sa.trip.com/hotels/abha-hotel-detail-130844563/rhenium-abha/,https://sa.trip.com/?locale=ar-sa,False,https://sa.trip.com/hotels/abha-hotel-detail-130844563/rhenium-abha/,https://sa.trip.com/?locale=ar-sa,https://sa.trip.com/hotels/abha-hotel-detail-130844563/rhenium-abha/,recon_page,2026-05-02T20:53:03.585398
193,1,3,1,7,0,0,1,0,11,0,com,200,2,473140,697.067,0,0,19,0,unknown,1,html,1,9,0,1,1,0,0,0,0,0,0,0,1,5,0,0,1,2,0,0,0,0,1,18,0,0,0,0,1,28,22,0,6,1,37,17,20,1,23,1,2,1,3,1,1,14,0,0,0,0,0,0,0,0,0,0,1,1,0,0,0,0,0,0,1,0,0,0,1,1,0,0,0.0,1.0,0.0,0,0,0,0,0,0,0,0,0,0,0,0,41,12,1,0,0,0,0,0,0,0.0,5.9179101323075625e-05,0.125,0.04861140465824069,0,,multi_full_20260502_195405_0002,2026-05-02T20:53:03.998368,https://sa.trip.com/hotels/makkah-hotel-detail-2198323/makkah-clock-royal-tower-a-fairmont-hotel/?checkin=2026-05-10&city=3744&module=list&link=button&from_page=list&adult=1&checkout=2026-05-11,https://sa.trip.com/?locale=ar-sa,False,https://sa.trip.com/hotels/makkah-hotel-detail-2198323/makkah-clock-royal-tower-a-fairmont-hotel/?checkin=2026-05-10&city=3744&module=list&link=button&from_page=list&adult=1&checkout=2026-05-11,https://sa.trip.com/?locale=ar-sa,https://sa.trip.com/hotels/makkah-hotel-detail-2198323/makkah-clock-royal-tower-a-fairmont-hotel/?checkin=2026-05-10&city=3744&module=list&link=button&from_page=list&adult=1&checkout=2026-05-11,recon_page,2026-05-02T20:53:04.029416
41,1,2,1,1,0,0,1,0,11,0,com,200,2,653496,2368.643,0,0,17,0,unknown,0,html,1,7,0,1,1,0,0,0,0,0,0,0,1,5,0,0,1,2,0,0,0,0,1,13,0,0,0,0,1,3,3,0,0,1,65,49,16,1,34,1,27,1,2,1,1,2,1,0,0,0,0,0,0,0,0,0,1,1,0,0,0,0,0,0,1,0,0,0,1,2,0,0,0.0,0.0,0.0,0,0,0,0,0,0,0,0,0,0,0,0,64,12,1,0,0,0,0,0,1,0.0,4.590693745638841e-06,0.125,0.027544162473833046,0,,multi_full_20260502_195405_0002,2026-05-02T20:53:04.817761,https://sa.trip.com/hotels/list/?city=144,https://sa.trip.com/?locale=ar-sa,False,https://sa.trip.com/hotels/list/?city=144,https://sa.trip.com/?locale=ar-sa,https://sa.trip.com/hotels/list/?city=144,recon_page,2026-05-02T20:53:04.828540
172,1,3,1,7,0,0,1,0,11,0,com,200,2,362489,612.561,0,0,19,0,unknown,1,html,1,9,0,1,1,0,0,0,0,0,0,0,1,5,0,0,1,2,0,0,0,0,1,13,0,0,0,0,1,28,22,0,6,1,37,17,20,1,23,1,2,1,3,1,1,14,0,0,0,0,0,0,0,0,0,0,1,1,0,0,0,0,0,0,1,0,0,0,1,1,0,0,0.0,1.0,0.0,0,0,0,0,0,0,0,0,0,0,0,0,41,12,1,0,0,0,0,0,0,0.0,7.72437232578092e-05,0.125,0.04965667923716306,0,,multi_full_20260502_195405_0002,2026-05-02T20:53:06.933007,https://sa.trip.com/hotels/makkah-hotel-detail-22839287/tilal-jabal-alkabah/?checkin=2026-05-10&city=3744&module=list&link=button&from_page=list&adult=1&checkout=2026-05-11,https://sa.trip.com/?locale=ar-sa,False,https://sa.trip.com/hotels/makkah-hotel-detail-22839287/tilal-jabal-alkabah/?checkin=2026-05-10&city=3744&module=list&link=button&from_page=list&adult=1&checkout=2026-05-11,https://sa.trip.com/?locale=ar-sa,https://sa.trip.com/hotels/makkah-hotel-detail-22839287/tilal-jabal-alkabah/?checkin=2026-05-10&city=3744&module=list&link=button&from_page=list&adult=1&checkout=2026-05-11,recon_page,2026-05-02T20:53:06.948058
54,1,5,0,0,0,0,1,0,11,0,com,200,2,305357,951.003,0,0,17,0,unknown,1,html,1,4,0,1,1,0,0,0,0,0,0,0,1,5,0,0,1,2,0,0,0,0,1,2,0,0,0,0,1,15,5,0,10,1,76,65,11,1,69,1,17,0,0,1,1,11,1,0,0,0,0,0,0,0,0,0,0,1,0,0,0,0,0,0,0,0,0,0,0,0,0,0,0.0,0.0,0.0,0,0,0,0,0,0,0,0,0,0,0,0,81,1,1,0,0,0,0,0,0,0.0,4.912282999898479e-05,0.125,0.02292398733285957,0,,multi_full_20260502_195405_0002,2026-05-02T20:54:04.845979,https://sa.trip.com/hotels/resorts/city/gr/chania.html,https://sa.trip.com/?locale=ar-sa,False,https://sa.trip.com/hotels/resorts/city/gr/chania.html,https://sa.trip.com/?locale=ar-sa,https://sa.trip.com/hotels/resorts/city/gr/chania.html,recon_page,2026-05-02T20:54:04.866510
164,1,3,1,7,0,0,1,0,11,0,com,200,2,355164,922.1949999999999,0,0,19,0,unknown,1,html,1,9,0,1,1,0,0,0,0,0,0,0,1,5,0,0,1,2,0,0,0,0,1,10,0,0,0,0,1,28,22,0,6,1,37,17,20,1,16,1,2,1,3,1,1,14,0,0,0,0,0,0,0,0,0,0,1,1,0,0,0,0,0,0,1,0,0,0,1,1,0,0,0.0,1.0,0.0,0,0,0,0,0,0,0,0,0,0,0,0,41,12,1,0,0,0,0,0,0,0.0,7.883681904697548e-05,0.125,0.04223401020373687,0,,multi_full_20260502_195405_0002,2026-05-02T20:54:06.205982,https://sa.trip.com/hotels/cairo-hotel-detail-107794701/lucky-hostel/?checkin=2026-05-10&city=332&module=list&link=button&from_page=list&adult=1&checkout=2026-05-11,https://sa.trip.com/?locale=ar-sa,False,https://sa.trip.com/hotels/cairo-hotel-detail-107794701/lucky-hostel/?checkin=2026-05-10&city=332&module=list&link=button&from_page=list&adult=1&checkout=2026-05-11,https://sa.trip.com/?locale=ar-sa,https://sa.trip.com/hotels/cairo-hotel-detail-107794701/lucky-hostel/?checkin=2026-05-10&city=332&module=list&link=button&from_page=list&adult=1&checkout=2026-05-11,recon_page,2026-05-02T20:54:06.214761
176,1,3,1,7,0,0,1,0,11,0,com,200,2,328679,814.484,0,0,19,0,unknown,1,html,1,9,0,1,1,0,0,0,0,0,0,0,1,5,0,0,1,2,0,0,0,0,1,8,0,0,0,0,1,28,22,0,6,1,37,17,20,1,19,1,2,1,3,1,1,14,0,0,0,0,0,0,0,0,0,0,1,1,0,0,0,0,0,0,1,0,0,0,1,1,0,0,0.0,1.0,0.0,0,0,0,0,0,0,0,0,0,0,0,0,41,12,1,0,0,0,0,0,0,0.0,8.518950100249788e-05,0.125,0.039552268322588305,0,,multi_full_20260502_195405_0002,2026-05-02T20:54:06.524222,https://sa.trip.com/hotels/riyadh-hotel-detail-56737724/ewaa-express-hotel-gaber/?checkin=2026-05-10&city=789&module=list&link=button&from_page=list&adult=1&checkout=2026-05-11,https://sa.trip.com/?locale=ar-sa,False,https://sa.trip.com/hotels/riyadh-hotel-detail-56737724/ewaa-express-hotel-gaber/?checkin=2026-05-10&city=789&module=list&link=button&from_page=list&adult=1&checkout=2026-05-11,https://sa.trip.com/?locale=ar-sa,https://sa.trip.com/hotels/riyadh-hotel-detail-56737724/ewaa-express-hotel-gaber/?checkin=2026-05-10&city=789&module=list&link=button&from_page=list&adult=1&checkout=2026-05-11,recon_page,2026-05-02T20:54:06.537227
184,1,3,1,7,0,0,1,0,11,0,com,200,2,381734,911.791,0,0,19,0,unknown,1,html,1,9,0,1,1,0,0,0,0,0,0,0,1,5,0,0,1,2,0,0,0,0,1,18,0,0,0,0,1,28,22,0,6,1,36,16,20,1,25,1,2,1,3,1,1,14,0,0,0,0,0,0,0,0,0,0,1,1,0,0,0,0,0,0,1,0,0,0,1,1,0,0,0.0,1.0,0.0,0,0,0,0,0,0,0,0,0,0,0,0,40,12,1,0,0,0,0,0,0,0.0,7.334950515280273e-05,0.125,0.06025137923265939,0,,multi_full_20260502_195405_0002,2026-05-02T20:54:06.952368,https://sa.trip.com/hotels/beijing-hotel-detail-132908245/huadeng-green-train-youth-hostel/?checkin=2026-05-10&city=1&module=list&link=button&from_page=list&adult=1&checkout=2026-05-11,https://sa.trip.com/?locale=ar-sa,False,https://sa.trip.com/hotels/beijing-hotel-detail-132908245/huadeng-green-train-youth-hostel/?checkin=2026-05-10&city=1&module=list&link=button&from_page=list&adult=1&checkout=2026-05-11,https://sa.trip.com/?locale=ar-sa,https://sa.trip.com/hotels/beijing-hotel-detail-132908245/huadeng-green-train-youth-hostel/?checkin=2026-05-10&city=1&module=list&link=button&from_page=list&adult=1&checkout=2026-05-11,recon_page,2026-05-02T20:54:06.963243
84,1,3,0,0,0,0,1,0,11,0,com,200,2,430506,880.433,0,0,19,0,unknown,1,html,1,9,0,1,1,0,0,0,0,0,0,0,1,5,0,0,1,2,0,0,0,0,1,16,0,0,0,0,1,28,22,0,6,1,37,17,20,1,29,1,2,1,3,1,1,14,0,0,0,0,0,0,0,0,0,0,1,1,0,0,0,0,0,0,0,0,0,0,1,1,0,0,0.0,1.0,0.0,0,0,0,0,0,0,0,0,0,0,0,0,41,12,1,0,0,0,0,0,0,0.0,6.503974392923676e-05,0.125,0.04877980794692757,0,,multi_full_20260502_195405_0002,2026-05-02T20:54:07.718322,https://sa.trip.com/hotels/istanbul-hotel-detail-124544626/novotel-istanbul-bomonti/,https://sa.trip.com/?locale=ar-sa,False,https://sa.trip.com/hotels/istanbul-hotel-detail-124544626/novotel-istanbul-bomonti/,https://sa.trip.com/?locale=ar-sa,https://sa.trip.com/hotels/istanbul-hotel-detail-124544626/novotel-istanbul-bomonti/,recon_page,2026-05-02T20:54:07.736918
74,1,3,0,0,0,0,1,0,11,0,com,200,2,395957,795.535,0,0,19,0,unknown,1,html,1,9,0,1,1,0,0,0,0,0,0,0,1,5,0,0,1,2,0,0,0,0,1,15,0,0,0,0,1,28,22,0,6,1,37,17,20,1,24,1,2,1,3,1,1,14,0,0,0,0,0,0,0,0,0,0,1,1,0,0,0,0,0,0,0,0,0,0,1,1,0,0,0.0,1.0,0.0,0,0,0,0,0,0,0,0,0,0,0,0,41,12,1,0,0,0,0,0,0,0.0,7.071474932884126e-05,0.125,0.05051053523488662,0,,multi_full_20260502_195405_0002,2026-05-02T20:54:08.074535,https://sa.trip.com/hotels/makkah-hotel-detail-3328023/anjum-hotel-makkah/,https://sa.trip.com/?locale=ar-sa,False,https://sa.trip.com/hotels/makkah-hotel-detail-3328023/anjum-hotel-makkah/,https://sa.trip.com/?locale=ar-sa,https://sa.trip.com/hotels/makkah-hotel-detail-3328023/anjum-hotel-makkah/,recon_page,2026-05-02T20:54:08.202753
81,1,3,0,0,0,0,1,0,11,0,com,200,2,477834,891.8199999999999,0,0,19,0,unknown,1,html,1,9,0,1,1,0,0,0,0,0,0,0,1,5,0,0,1,2,0,0,0,0,1,18,0,0,0,0,1,28,22,0,6,1,37,17,20,1,37,1,2,1,3,1,1,14,0,0,0,0,0,0,0,0,0,0,1,1,0,0,0,0,0,0,0,0,0,0,1,1,0,0,0.0,1.0,0.0,0,0,0,0,0,0,0,0,0,0,0,0,41,12,1,0,0,0,0,0,0,0.0,5.859775570595646e-05,0.125,0.04813387075846424,0,,multi_full_20260502_195405_0002,2026-05-02T20:54:08.206043,https://sa.trip.com/hotels/istanbul-hotel-detail-2198166/hilton-istanbul-bomonti/,https://sa.trip.com/?locale=ar-sa,False,https://sa.trip.com/hotels/istanbul-hotel-detail-2198166/hilton-istanbul-bomonti/,https://sa.trip.com/?locale=ar-sa,https://sa.trip.com/hotels/istanbul-hotel-detail-2198166/hilton-istanbul-bomonti/,recon_page,2026-05-02T20:54:08.217498
77,1,3,0,0,0,0,1,0,11,0,com,200,2,350849,774.16,0,0,19,0,unknown,1,html,1,9,0,1,1,0,0,0,0,0,0,0,1,5,0,0,1,2,0,0,0,0,1,14,0,0,0,0,1,28,22,0,6,1,37,17,20,1,23,1,2,1,3,1,1,14,0,0,0,0,0,0,0,0,0,0,1,1,0,0,0,0,0,0,0,0,0,0,1,1,0,0,0.0,1.0,0.0,0,0,0,0,0,0,0,0,0,0,0,0,41,12,1,0,0,0,0,0,0,0.0,7.980641244523998e-05,0.125,0.054154351302127125,0,,multi_full_20260502_195405_0002,2026-05-02T20:54:08.427166,https://sa.trip.com/hotels/makkah-hotel-detail-738846/al-safwah-orchid-hotel/,https://sa.trip.com/?locale=ar-sa,False,https://sa.trip.com/hotels/makkah-hotel-detail-738846/al-safwah-orchid-hotel/,https://sa.trip.com/?locale=ar-sa,https://sa.trip.com/hotels/makkah-hotel-detail-738846/al-safwah-orchid-hotel/,recon_page,2026-05-02T20:54:08.442167
185,1,3,1,7,0,0,1,0,11,0,com,200,2,398355,1894.2060000000001,0,0,20,0,unknown,1,html,1,9,0,1,1,0,0,0,0,0,0,0,1,5,0,0,1,2,0,0,0,0,1,15,0,0,0,0,1,28,22,0,6,1,36,16,20,1,26,1,2,1,3,1,1,22,0,0,0,0,0,0,0,0,0,0,1,1,0,0,0,0,0,0,1,0,0,0,1,1,0,0,0.0,1.0,0.0,0,0,0,0,0,0,0,0,0,0,0,0,40,12,1,0,0,0,0,0,0,0.0,7.028906377477376e-05,0.125,0.0502064741248384,0,,multi_full_20260502_195405_0002,2026-05-02T20:54:08.987605,https://sa.trip.com/hotels/phuket-hotel-detail-998447/sawaddi-patong-resort-spa-by-tolani/?checkin=2026-05-10&city=725&module=list&link=button&from_page=list&adult=1&checkout=2026-05-11,https://sa.trip.com/?locale=ar-sa,False,https://sa.trip.com/hotels/phuket-hotel-detail-998447/sawaddi-patong-resort-spa-by-tolani/?checkin=2026-05-10&city=725&module=list&link=button&from_page=list&adult=1&checkout=2026-05-11,https://sa.trip.com/?locale=ar-sa,https://sa.trip.com/hotels/phuket-hotel-detail-998447/sawaddi-patong-resort-spa-by-tolani/?checkin=2026-05-10&city=725&module=list&link=button&from_page=list&adult=1&checkout=2026-05-11,recon_page,2026-05-02T20:54:09.020343
50,1,2,0,0,0,0,1,0,11,0,com,200,2,786249,1116.462,0,0,17,0,unknown,1,html,1,4,0,1,1,0,0,0,0,0,0,0,1,5,0,0,1,2,0,0,0,0,1,73,0,0,0,0,1,15,5,0,10,1,115,104,11,1,127,1,17,0,0,1,1,59,1,0,0,0,0,0,0,0,0,0,0,1,0,0,0,0,0,0,0,0,0,0,0,0,0,0,0.0,0.0,0.0,0,0,0,0,0,0,0,0,0,0,0,0,112,1,1,0,0,0,0,0,1,0.0,1.9077925695295002e-05,0.125,0.09920521361553401,0,,multi_full_20260502_195405_0002,2026-05-02T20:54:09.268538,https://sa.trip.com/hotels/london-hotels-list-338/,https://sa.trip.com/?locale=ar-sa,False,https://sa.trip.com/hotels/london-hotels-list-338/,https://sa.trip.com/?locale=ar-sa,https://sa.trip.com/hotels/london-hotels-list-338/,recon_page,2026-05-02T20:54:09.275371
184,1,3,1,7,0,0,1,0,11,0,com,200,2,357530,784.694,0,0,19,0,unknown,1,html,1,9,0,1,1,0,0,0,0,0,0,0,1,5,0,0,1,2,0,0,0,0,1,18,0,0,0,0,1,28,22,0,6,1,36,16,20,1,20,1,2,1,3,1,1,14,0,0,0,0,0,0,0,0,0,0,1,1,0,0,0,0,0,0,1,0,0,0,1,1,0,0,0.0,1.0,0.0,0,0,0,0,0,0,0,0,0,0,0,0,40,12,1,0,0,0,0,0,0,0.0,7.831510642463569e-05,0.125,0.06433026599166504,0,,multi_full_20260502_195405_0002,2026-05-02T20:54:10.232213,https://sa.trip.com/hotels/phuket-hotel-detail-998448/mirage-express-patong-phuket-hotel/?checkin=2026-05-10&city=725&module=list&link=button&from_page=list&adult=1&checkout=2026-05-11,https://sa.trip.com/?locale=ar-sa,False,https://sa.trip.com/hotels/phuket-hotel-detail-998448/mirage-express-patong-phuket-hotel/?checkin=2026-05-10&city=725&module=list&link=button&from_page=list&adult=1&checkout=2026-05-11,https://sa.trip.com/?locale=ar-sa,https://sa.trip.com/hotels/phuket-hotel-detail-998448/mirage-express-patong-phuket-hotel/?checkin=2026-05-10&city=725&module=list&link=button&from_page=list&adult=1&checkout=2026-05-11,recon_page,2026-05-02T20:54:10.248997
64,1,5,0,0,0,0,1,0,11,0,com,200,2,306671,1208.6429999999998,0,0,17,0,unknown,1,html,1,4,0,1,1,0,0,0,0,0,0,0,1,5,0,0,1,2,0,0,0,0,1,2,0,0,0,0,1,15,5,0,10,1,57,46,11,1,71,1,17,0,0,1,1,10,1,0,0,0,0,0,0,0,0,0,0,1,0,0,0,0,0,0,0,0,0,0,0,0,0,0,0.0,0.0,0.0,0,0,0,0,0,0,0,0,0,0,0,0,62,1,1,0,0,0,0,0,0,0.0,4.8912352325456274e-05,0.125,0.02282576441854626,0,,multi_full_20260502_195405_0002,2026-05-02T20:54:11.745914,https://sa.trip.com/hotels/resorts/city/mx/playa-del-carmen.html,https://sa.trip.com/?locale=ar-sa,False,https://sa.trip.com/hotels/resorts/city/mx/playa-del-carmen.html,https://sa.trip.com/?locale=ar-sa,https://sa.trip.com/hotels/resorts/city/mx/playa-del-carmen.html,recon_page,2026-05-02T20:54:11.764703
170,1,3,1,7,0,0,1,0,11,0,com,200,2,365643,591.229,0,0,19,0,unknown,1,html,1,9,0,1,1,0,0,0,0,0,0,0,1,5,0,0,1,2,0,0,0,0,1,18,0,0,0,0,1,28,22,0,6,1,36,16,20,1,23,1,2,1,3,1,1,14,0,0,0,0,0,0,0,0,0,0,1,1,0,0,0,0,0,0,1,0,0,0,1,1,0,0,0.0,1.0,0.0,0,0,0,0,0,0,0,0,0,0,0,0,40,12,1,0,0,0,0,0,0,0.0,7.657742661557858e-05,0.125,0.06290288614851099,0,,multi_full_20260502_195405_0002,2026-05-02T20:55:09.167603,https://sa.trip.com/hotels/phuket-hotel-detail-4980489/lub-d-phuket-patong/?checkin=2026-05-10&city=725&module=list&link=button&from_page=list&adult=1&checkout=2026-05-11,https://sa.trip.com/?locale=ar-sa,False,https://sa.trip.com/hotels/phuket-hotel-detail-4980489/lub-d-phuket-patong/?checkin=2026-05-10&city=725&module=list&link=button&from_page=list&adult=1&checkout=2026-05-11,https://sa.trip.com/?locale=ar-sa,https://sa.trip.com/hotels/phuket-hotel-detail-4980489/lub-d-phuket-patong/?checkin=2026-05-10&city=725&module=list&link=button&from_page=list&adult=1&checkout=2026-05-11,recon_page,2026-05-02T20:55:09.364129
75,1,3,0,0,0,0,1,0,11,0,com,200,2,366760,843.5550000000001,0,0,19,0,unknown,1,html,1,9,0,1,1,0,0,0,0,0,0,0,1,5,0,0,1,2,0,0,0,0,1,18,0,0,0,0,1,28,22,0,6,1,37,17,20,1,27,1,2,1,3,1,1,14,0,0,0,0,0,0,0,0,0,0,1,1,0,0,0,0,0,0,0,0,0,0,1,1,0,0,0.0,1.0,0.0,0,0,0,0,0,0,0,0,0,0,0,0,41,12,1,0,0,0,0,0,0,0.0,7.634420329370705e-05,0.125,0.06271130984840223,0,,multi_full_20260502_195405_0002,2026-05-02T20:55:10.793153,https://sa.trip.com/hotels/makkah-hotel-detail-47402106/voco-makkah-by-ihg/,https://sa.trip.com/?locale=ar-sa,False,https://sa.trip.com/hotels/makkah-hotel-detail-47402106/voco-makkah-by-ihg/,https://sa.trip.com/?locale=ar-sa,https://sa.trip.com/hotels/makkah-hotel-detail-47402106/voco-makkah-by-ihg/,recon_page,2026-05-02T20:55:10.808034
124,1,3,0,0,0,0,1,0,11,0,com,200,2,404167,832.1990000000001,0,0,20,0,unknown,1,html,1,9,0,1,1,0,0,0,0,0,0,0,1,5,0,0,1,2,0,0,0,0,1,18,0,0,0,0,1,28,22,0,6,1,37,17,20,1,28,1,2,1,3,1,1,15,0,0,0,0,0,0,0,0,0,0,1,1,0,0,0,0,0,0,0,0,0,0,1,1,0,0,0.0,1.0,0.0,0,0,0,0,0,0,0,0,0,0,0,0,41,12,1,0,0,0,0,0,0,0.0,6.927829337872711e-05,0.125,0.05690716956109727,0,,multi_full_20260502_195405_0002,2026-05-02T20:55:11.276965,https://sa.trip.com/hotels/guangzhou-hotel-detail-1647508/youyou-international-apartment-guangzhou-grandview-huanshi-center/,https://sa.trip.com/?locale=ar-sa,False,https://sa.trip.com/hotels/guangzhou-hotel-detail-1647508/youyou-international-apartment-guangzhou-grandview-huanshi-center/,https://sa.trip.com/?locale=ar-sa,https://sa.trip.com/hotels/guangzhou-hotel-detail-1647508/youyou-international-apartment-guangzhou-grandview-huanshi-center/,recon_page,2026-05-02T20:55:11.349895
112,1,4,0,0,0,0,1,0,11,0,com,200,2,300331,833.702,0,0,18,0,unknown,1,html,1,4,0,1,1,0,0,0,0,0,0,0,1,4,0,0,1,2,0,0,0,0,1,10,0,0,0,0,1,13,3,0,10,1,66,55,11,1,120,1,17,0,0,1,1,74,1,0,0,0,0,0,0,0,0,0,0,1,0,0,0,0,0,0,0,0,0,0,0,0,0,0,0.0,0.0,0.0,0,0,0,0,0,0,0,0,0,0,0,0,71,1,1,0,0,0,0,0,0,0.0,4.328557491567637e-05,0.125,0.04661523452457455,0,,multi_full_20260502_195405_0002,2026-05-02T20:55:11.743619,https://sa.trip.com/hotels/bangkok-hotel-detail-702901/the-continent-hotel-sukhumvit-asok-bts-bangkok/photo.html,https://sa.trip.com/?locale=ar-sa,False,https://sa.trip.com/hotels/bangkok-hotel-detail-702901/the-continent-hotel-sukhumvit-asok-bts-bangkok/photo.html,https://sa.trip.com/?locale=ar-sa,https://sa.trip.com/hotels/bangkok-hotel-detail-702901/the-continent-hotel-sukhumvit-asok-bts-bangkok/photo.html,recon_page,2026-05-02T20:55:11.753132
78,1,3,0,0,0,0,1,0,11,0,com,200,2,371532,613.91,0,0,20,0,unknown,1,html,1,9,0,1,1,0,0,0,0,0,0,0,1,5,0,0,1,2,0,0,0,0,1,17,0,0,0,0,1,28,22,0,6,1,37,17,20,1,28,1,2,1,3,1,1,14,0,0,0,0,0,0,0,0,0,0,1,1,0,0,0,0,0,0,0,0,0,0,1,1,0,0,0.0,1.0,0.0,0,0,0,0,0,0,0,0,0,0,0,0,41,12,1,0,0,0,0,0,0,0.0,7.536362951239732e-05,0.125,0.05921428033116932,0,,multi_full_20260502_195405_0002,2026-05-02T20:55:12.187220,https://sa.trip.com/hotels/jeddah-hotel-detail-42568640/iridium-seventy-hotel/,https://sa.trip.com/?locale=ar-sa,False,https://sa.trip.com/hotels/jeddah-hotel-detail-42568640/iridium-seventy-hotel/,https://sa.trip.com/?locale=ar-sa,https://sa.trip.com/hotels/jeddah-hotel-detail-42568640/iridium-seventy-hotel/,recon_page,2026-05-02T20:55:12.240374
42,1,2,1,1,0,0,1,0,11,0,com,200,2,410441,1414.765,0,0,17,0,unknown,0,html,1,7,0,1,1,0,0,0,0,0,0,0,1,5,0,0,1,2,0,0,0,0,1,11,0,0,0,0,1,4,3,0,1,1,65,49,16,1,11,1,27,1,2,1,1,2,1,0,0,0,0,0,0,0,0,0,1,1,1,0,0,0,0,0,1,0,0,0,1,2,0,0,0.0,0.0,0.0,0,0,0,0,0,0,0,0,0,0,0,0,64,12,1,0,0,0,0,0,0,0.0,9.745615082313901e-06,0.125,0.038982460329255605,0,,multi_full_20260502_195405_0002,2026-05-02T20:55:12.237519,https://sa.trip.com/hotels/list/?city=1405,https://sa.trip.com/?locale=ar-sa,False,https://sa.trip.com/hotels/list/?city=1405,https://sa.trip.com/?locale=ar-sa,https://sa.trip.com/hotels/list/?city=1405,recon_page,2026-05-02T20:55:12.245168
179,1,3,1,7,0,0,1,0,11,0,com,200,2,382719,727.817,0,0,19,0,unknown,1,html,1,9,0,1,1,0,0,0,0,0,0,0,1,5,0,0,1,2,0,0,0,0,1,18,0,0,0,0,1,28,22,0,6,1,37,17,20,1,22,1,2,1,3,1,1,14,0,0,0,0,0,0,0,0,0,0,1,1,0,0,0,0,0,0,1,0,0,0,1,1,0,0,0.0,1.0,0.0,0,0,0,0,0,0,0,0,0,0,0,0,41,12,1,0,0,0,0,0,0,0.0,7.316072627698129e-05,0.125,0.060096310870377485,0,,multi_full_20260502_195405_0002,2026-05-02T20:55:12.682714,https://sa.trip.com/hotels/makkah-hotel-detail-106468968/address-jabal-omar-makkah/?checkin=2026-05-10&city=3744&module=list&link=button&from_page=list&adult=1&checkout=2026-05-11,https://sa.trip.com/?locale=ar-sa,False,https://sa.trip.com/hotels/makkah-hotel-detail-106468968/address-jabal-omar-makkah/?checkin=2026-05-10&city=3744&module=list&link=button&from_page=list&adult=1&checkout=2026-05-11,https://sa.trip.com/?locale=ar-sa,https://sa.trip.com/hotels/makkah-hotel-detail-106468968/address-jabal-omar-makkah/?checkin=2026-05-10&city=3744&module=list&link=button&from_page=list&adult=1&checkout=2026-05-11,recon_page,2026-05-02T20:55:12.710561
164,1,3,1,7,0,0,1,0,11,0,com,200,2,347560,548.205,0,0,20,0,unknown,1,html,1,9,0,1,1,0,0,0,0,0,0,0,1,5,0,0,1,2,0,0,0,0,1,17,0,0,0,0,1,28,22,0,6,1,36,16,20,1,22,1,2,1,3,1,1,15,0,0,0,0,0,0,0,0,0,0,1,1,0,0,0,0,0,0,1,0,0,0,1,1,0,0,0.0,1.0,0.0,0,0,0,0,0,0,0,0,0,0,0,0,40,12,1,0,0,0,0,0,0,0.0,8.056162964667971e-05,0.125,0.06329842329381977,0,,multi_full_20260502_195405_0002,2026-05-02T20:55:13.475500,https://sa.trip.com/hotels/phuket-hotel-detail-9543457/beyond-patong/?checkin=2026-05-10&city=725&module=list&link=button&from_page=list&adult=1&checkout=2026-05-11,https://sa.trip.com/?locale=ar-sa,False,https://sa.trip.com/hotels/phuket-hotel-detail-9543457/beyond-patong/?checkin=2026-05-10&city=725&module=list&link=button&from_page=list&adult=1&checkout=2026-05-11,https://sa.trip.com/?locale=ar-sa,https://sa.trip.com/hotels/phuket-hotel-detail-9543457/beyond-patong/?checkin=2026-05-10&city=725&module=list&link=button&from_page=list&adult=1&checkout=2026-05-11,recon_page,2026-05-02T20:55:13.489520
77,1,3,0,0,0,0,1,0,11,0,com,200,2,316683,719.277,0,0,20,0,unknown,1,html,1,9,0,1,1,0,0,0,0,0,0,0,1,5,0,0,1,2,0,0,0,0,1,13,0,0,0,0,1,28,22,0,6,1,37,17,20,1,21,1,2,1,3,1,1,14,0,0,0,0,0,0,0,0,0,0,1,1,0,0,0,0,0,0,0,0,0,0,1,1,0,0,0.0,1.0,0.0,0,0,0,0,0,0,0,0,0,0,0,0,41,12,1,0,0,0,0,0,0,0.0,8.841649220198116e-05,0.125,0.05683917355841646,0,,multi_full_20260502_195405_0002,2026-05-02T20:55:13.478534,https://sa.trip.com/hotels/istanbul-hotel-detail-57912438/four-sides-bomonti/,https://sa.trip.com/?locale=ar-sa,False,https://sa.trip.com/hotels/istanbul-hotel-detail-57912438/four-sides-bomonti/,https://sa.trip.com/?locale=ar-sa,https://sa.trip.com/hotels/istanbul-hotel-detail-57912438/four-sides-bomonti/,recon_page,2026-05-02T20:55:13.497615
50,1,2,0,0,0,0,1,0,11,0,com,200,2,781326,1068.143,0,0,18,0,unknown,1,html,1,4,0,1,1,0,0,0,0,0,0,0,1,5,0,0,1,2,0,0,0,0,1,61,0,0,0,0,1,15,5,0,10,1,159,148,11,1,115,1,17,0,0,1,1,48,1,0,0,0,0,0,0,0,0,0,0,1,0,0,0,0,0,0,0,0,0,0,0,0,0,0,0.0,0.0,0.0,0,0,0,0,0,0,0,0,0,0,0,0,131,1,1,0,0,0,0,0,1,0.0,1.9198132405679575e-05,0.125,0.08447178258499013,0,,multi_full_20260502_195405_0002,2026-05-02T20:55:14.121413,https://sa.trip.com/hotels/riyadh-hotels-list-789/,https://sa.trip.com/?locale=ar-sa,False,https://sa.trip.com/hotels/riyadh-hotels-list-789/,https://sa.trip.com/?locale=ar-sa,https://sa.trip.com/hotels/riyadh-hotels-list-789/,recon_page,2026-05-02T20:55:14.130788
166,1,3,1,7,0,0,1,0,11,0,com,200,2,366378,770.606,0,0,19,0,unknown,1,html,1,9,0,1,1,0,0,0,0,0,0,0,1,5,0,0,1,2,0,0,0,0,1,17,0,0,0,0,1,28,22,0,6,1,37,17,20,1,25,1,2,1,3,1,1,20,0,0,0,0,0,0,0,0,0,0,1,1,0,0,0,0,0,0,1,0,0,0,1,1,0,0,0.0,1.0,0.0,0,0,0,0,0,0,0,0,0,0,0,0,41,12,1,0,0,0,0,0,0,0.0,7.642380273924744e-05,0.125,0.06004727358083728,0,,multi_full_20260502_195405_0002,2026-05-02T20:55:15.180829,https://sa.trip.com/hotels/guangzhou-hotel-detail-90273980/kyliab-hotel/?checkin=2026-05-10&city=32&module=list&link=button&from_page=list&adult=1&checkout=2026-05-11,https://sa.trip.com/?locale=ar-sa,False,https://sa.trip.com/hotels/guangzhou-hotel-detail-90273980/kyliab-hotel/?checkin=2026-05-10&city=32&module=list&link=button&from_page=list&adult=1&checkout=2026-05-11,https://sa.trip.com/?locale=ar-sa,https://sa.trip.com/hotels/guangzhou-hotel-detail-90273980/kyliab-hotel/?checkin=2026-05-10&city=32&module=list&link=button&from_page=list&adult=1&checkout=2026-05-11,recon_page,2026-05-02T20:55:15.379029
40,1,2,1,1,0,0,1,0,11,0,com,200,2,976695,2589.5969999999998,0,0,18,0,unknown,0,html,1,7,0,1,1,0,0,0,0,0,0,0,1,5,0,0,1,2,0,0,0,0,1,13,0,0,0,0,1,3,3,0,0,1,65,49,16,1,38,1,27,1,2,1,1,2,1,0,0,0,0,0,0,0,0,0,1,1,0,0,0,0,0,0,0,0,0,0,1,2,0,0,0.0,0.0,0.0,0,0,0,0,0,0,0,0,0,0,0,0,64,12,1,0,0,0,0,0,1,0.0,3.0715832475849676e-06,0.125,0.018429499485509804,0,,multi_full_20260502_195405_0002,2026-05-02T20:55:15.852951,https://sa.trip.com/hotels/list/?city=32,https://sa.trip.com/?locale=ar-sa,False,https://sa.trip.com/hotels/list/?city=32,https://sa.trip.com/?locale=ar-sa,https://sa.trip.com/hotels/list/?city=32,recon_page,2026-05-02T20:55:15.864067
99,1,3,0,0,0,0,1,0,11,0,com,200,2,340923,512.638,0,0,19,0,unknown,1,html,1,9,0,1,1,0,0,0,0,0,0,0,1,5,0,0,1,2,0,0,0,0,1,12,0,0,0,0,1,28,22,0,6,1,37,17,20,1,23,1,2,1,3,1,1,14,0,0,0,0,0,0,0,0,0,0,1,1,0,0,0,0,0,0,0,0,0,0,1,1,0,0,0.0,1.0,0.0,0,0,0,0,0,0,0,0,0,0,0,0,41,12,1,0,0,0,0,0,0,0.0,8.212998243005019e-05,0.125,0.049864632189673325,0,,multi_full_20260502_195405_0002,2026-05-02T20:56:14.322923,https://sa.trip.com/hotels/harbin-hotel-detail-108792592/ha-er-bin-lang-yi-zhu-ti-ying-ka-bin-guan/,https://sa.trip.com/?locale=ar-sa,False,https://sa.trip.com/hotels/harbin-hotel-detail-108792592/ha-er-bin-lang-yi-zhu-ti-ying-ka-bin-guan/,https://sa.trip.com/?locale=ar-sa,https://sa.trip.com/hotels/harbin-hotel-detail-108792592/ha-er-bin-lang-yi-zhu-ti-ying-ka-bin-guan/,recon_page,2026-05-02T20:56:14.340348
68,1,3,0,0,0,0,1,0,11,0,com,200,2,530590,825.168,0,0,18,0,unknown,1,html,1,4,0,1,1,0,0,0,0,0,0,0,1,5,0,0,1,2,0,0,0,0,1,6,0,0,0,0,1,21,11,0,10,1,84,73,11,1,41,1,17,0,0,1,1,22,1,0,0,0,0,0,0,0,0,0,0,1,0,0,0,0,0,0,0,0,0,0,0,0,0,0,0.0,0.0,0.0,0,0,0,0,0,0,0,0,0,0,0,0,70,1,1,0,0,0,0,0,1,0.0,3.9578582332874724e-05,0.125,0.02073163836483914,0,,multi_full_20260502_195405_0002,2026-05-02T20:56:16.757897,https://sa.trip.com/hotels/medina-mount-uhud/hotels-c19744m22197179/,https://sa.trip.com/?locale=ar-sa,False,https://sa.trip.com/hotels/medina-mount-uhud/hotels-c19744m22197179/,https://sa.trip.com/?locale=ar-sa,https://sa.trip.com/hotels/medina-mount-uhud/hotels-c19744m22197179/,recon_page,2026-05-02T20:56:16.767850
167,1,3,1,7,0,0,1,0,11,0,com,200,2,369204,729.375,0,0,20,0,unknown,1,html,1,9,0,1,1,0,0,0,0,0,0,0,1,5,0,0,1,2,0,0,0,0,1,12,0,0,0,0,1,28,22,0,6,1,37,17,20,1,25,1,2,1,3,1,1,14,0,0,0,0,0,0,0,0,0,0,1,1,0,0,0,0,0,0,1,0,0,0,1,1,0,0,0.0,1.0,0.0,0,0,0,0,0,0,0,0,0,0,0,0,41,12,1,0,0,0,0,0,0,0.0,7.583883164862785e-05,0.125,0.046045004929524055,0,,multi_full_20260502_195405_0002,2026-05-02T20:56:19.062485,https://sa.trip.com/hotels/jeddah-hotel-detail-8197461/crown-town-hotel/?checkin=2026-05-10&city=801&module=list&link=button&from_page=list&adult=1&checkout=2026-05-11,https://sa.trip.com/?locale=ar-sa,False,https://sa.trip.com/hotels/jeddah-hotel-detail-8197461/crown-town-hotel/?checkin=2026-05-10&city=801&module=list&link=button&from_page=list&adult=1&checkout=2026-05-11,https://sa.trip.com/?locale=ar-sa,https://sa.trip.com/hotels/jeddah-hotel-detail-8197461/crown-town-hotel/?checkin=2026-05-10&city=801&module=list&link=button&from_page=list&adult=1&checkout=2026-05-11,recon_page,2026-05-02T20:56:19.074918
50,1,2,0,0,0,0,1,0,11,0,com,200,2,727416,1105.2930000000001,0,0,18,0,unknown,1,html,1,4,0,1,1,0,0,0,0,0,0,0,1,5,0,0,1,2,0,0,0,0,1,74,0,0,0,0,1,15,5,0,10,1,95,84,11,1,125,1,17,0,0,1,1,60,1,0,0,0,0,0,0,0,0,0,0,1,0,0,0,0,0,0,0,0,0,0,0,0,0,0,0.0,0.0,0.0,0,0,0,0,0,0,0,0,0,0,0,0,90,1,1,0,0,0,0,0,1,0.0,2.062093767527797e-05,0.125,0.1086036050897973,0,,multi_full_20260502_195405_0002,2026-05-02T20:56:22.675858,https://sa.trip.com/hotels/sydney-hotels-list-501/,https://sa.trip.com/?locale=ar-sa,False,https://sa.trip.com/hotels/sydney-hotels-list-501/,https://sa.trip.com/?locale=ar-sa,https://sa.trip.com/hotels/sydney-hotels-list-501/,recon_page,2026-05-02T20:56:22.688799
79,1,3,0,0,0,0,1,0,11,0,com,200,2,292988,989.0799999999999,0,0,19,0,unknown,1,html,1,9,0,1,1,0,0,0,0,0,0,0,1,5,0,0,1,2,0,0,0,0,1,10,0,0,0,0,1,28,22,0,6,1,37,17,20,1,15,1,2,1,3,1,1,14,0,0,0,0,0,0,0,0,0,0,1,1,0,0,0,0,0,0,0,0,0,0,1,1,0,0,0.0,1.0,0.0,0,0,0,0,0,0,0,0,0,0,0,0,41,12,1,0,0,0,0,0,0,0.0,9.556705394077573e-05,0.125,0.05119663603970129,0,,multi_full_20260502_195405_0002,2026-05-02T20:56:24.350306,https://sa.trip.com/hotels/riyadh-hotel-detail-99078557/tura-residence-qurtuba/,https://sa.trip.com/?locale=ar-sa,False,https://sa.trip.com/hotels/riyadh-hotel-detail-99078557/tura-residence-qurtuba/,https://sa.trip.com/?locale=ar-sa,https://sa.trip.com/hotels/riyadh-hotel-detail-99078557/tura-residence-qurtuba/,recon_page,2026-05-02T20:56:24.362936
172,1,3,1,7,0,0,1,0,11,0,com,200,2,409422,1061.29,0,0,19,0,unknown,1,html,1,9,0,1,1,0,0,0,0,0,0,0,1,5,0,0,1,2,0,0,0,0,1,15,0,0,0,0,1,28,22,0,6,1,37,17,20,1,24,1,2,1,3,1,1,14,0,0,0,0,0,0,0,0,0,0,1,1,0,0,0,0,0,0,1,0,0,0,1,1,0,0,0.0,1.0,0.0,0,0,0,0,0,0,0,0,0,0,0,0,41,12,1,0,0,0,0,0,0,0.0,6.838909487032939e-05,0.125,0.04884935347880671,0,,multi_full_20260502_195405_0002,2026-05-02T20:56:24.796288,https://sa.trip.com/hotels/istanbul-hotel-detail-2945907/10-karakoy-istanbul/?checkin=2026-05-10&city=532&module=list&link=button&from_page=list&adult=1&checkout=2026-05-11,https://sa.trip.com/?locale=ar-sa,False,https://sa.trip.com/hotels/istanbul-hotel-detail-2945907/10-karakoy-istanbul/?checkin=2026-05-10&city=532&module=list&link=button&from_page=list&adult=1&checkout=2026-05-11,https://sa.trip.com/?locale=ar-sa,https://sa.trip.com/hotels/istanbul-hotel-detail-2945907/10-karakoy-istanbul/?checkin=2026-05-10&city=532&module=list&link=button&from_page=list&adult=1&checkout=2026-05-11,recon_page,2026-05-02T20:56:24.812244
103,1,3,0,0,0,0,1,0,11,0,com,200,2,390846,1093.836,0,0,20,0,unknown,1,html,1,9,0,1,1,0,0,0,0,0,0,0,1,5,0,0,1,2,0,0,0,0,1,18,0,0,0,0,1,28,22,0,6,1,37,17,20,1,30,1,2,1,3,1,1,14,0,0,0,0,0,0,0,0,0,0,1,1,0,0,0,0,0,0,0,0,0,0,1,1,0,0,0.0,1.0,0.0,0,0,0,0,0,0,0,0,0,0,0,0,41,12,1,0,0,0,0,0,0,0.0,7.163946925387493e-05,0.125,0.05884670688711155,0,,multi_full_20260502_195405_0002,2026-05-02T20:56:25.615204,https://sa.trip.com/hotels/cipanas-hotel-detail-7604868/le-eminence-puncak-hotel-convention-and-resort/,https://sa.trip.com/?locale=ar-sa,False,https://sa.trip.com/hotels/cipanas-hotel-detail-7604868/le-eminence-puncak-hotel-convention-and-resort/,https://sa.trip.com/?locale=ar-sa,https://sa.trip.com/hotels/cipanas-hotel-detail-7604868/le-eminence-puncak-hotel-convention-and-resort/,recon_page,2026-05-02T20:56:25.629654
173,1,3,1,7,0,0,1,0,11,0,com,200,2,337800,974.635,0,0,19,0,unknown,1,html,1,9,0,1,1,0,0,0,0,0,0,0,1,5,0,0,1,2,0,0,0,0,1,15,0,0,0,0,1,28,22,0,6,1,37,17,20,1,19,1,2,1,3,1,1,14,0,0,0,0,0,0,0,0,0,0,1,1,0,0,0,0,0,0,1,0,0,0,1,1,0,0,0.0,1.0,0.0,0,0,0,0,0,0,0,0,0,0,0,0,41,12,1,0,0,0,0,0,0,0.0,8.288928359976318e-05,0.125,0.05920663114268798,0,,multi_full_20260502_195405_0002,2026-05-02T20:56:26.189712,https://sa.trip.com/hotels/jeddah-hotel-detail-128890182/casa-di-ora-al-rawda/?checkin=2026-05-10&city=801&module=list&link=button&from_page=list&adult=1&checkout=2026-05-11,https://sa.trip.com/?locale=ar-sa,False,https://sa.trip.com/hotels/jeddah-hotel-detail-128890182/casa-di-ora-al-rawda/?checkin=2026-05-10&city=801&module=list&link=button&from_page=list&adult=1&checkout=2026-05-11,https://sa.trip.com/?locale=ar-sa,https://sa.trip.com/hotels/jeddah-hotel-detail-128890182/casa-di-ora-al-rawda/?checkin=2026-05-10&city=801&module=list&link=button&from_page=list&adult=1&checkout=2026-05-11,recon_page,2026-05-02T20:56:26.211204
85,1,3,0,0,0,0,1,0,11,0,com,200,2,334798,1076.223,0,0,19,0,unknown,1,html,1,9,0,1,1,0,0,0,0,0,0,0,1,5,0,0,1,2,0,0,0,0,1,17,0,0,0,0,1,28,22,0,6,1,36,16,20,1,21,1,2,1,3,1,1,14,0,0,0,0,0,0,0,0,0,0,1,1,0,0,0,0,0,0,0,0,0,0,1,1,0,0,0.0,1.0,0.0,0,0,0,0,0,0,0,0,0,0,0,0,40,12,1,0,0,0,0,0,0,0.0,8.363251871277606e-05,0.125,0.06571126470289548,0,,multi_full_20260502_195405_0002,2026-05-02T20:56:27.060134,https://sa.trip.com/hotels/kuala-lumpur-hotel-detail-698879/the-explorers-guesthouse/,https://sa.trip.com/?locale=ar-sa,False,https://sa.trip.com/hotels/kuala-lumpur-hotel-detail-698879/the-explorers-guesthouse/,https://sa.trip.com/?locale=ar-sa,https://sa.trip.com/hotels/kuala-lumpur-hotel-detail-698879/the-explorers-guesthouse/,recon_page,2026-05-02T20:56:27.134112
172,1,3,1,7,0,0,1,0,11,0,com,200,2,357542,1070.7549999999999,0,0,19,0,unknown,1,html,1,9,0,1,1,0,0,0,0,0,0,0,1,5,0,0,1,2,0,0,0,0,1,18,0,0,0,0,1,28,22,0,6,1,37,17,20,1,23,1,2,1,3,1,1,14,0,0,0,0,0,0,0,0,0,0,1,1,0,0,0,0,0,0,1,0,0,0,1,1,0,0,0.0,1.0,0.0,0,0,0,0,0,0,0,0,0,0,0,0,41,12,1,0,0,0,0,0,0,0.0,7.831247797461557e-05,0.125,0.06432810690771994,0,,multi_full_20260502_195405_0002,2026-05-02T20:56:27.133341,https://sa.trip.com/hotels/riyadh-hotel-detail-102787011/mira-business-hotel/?checkin=2026-05-10&city=789&module=list&link=button&from_page=list&adult=1&checkout=2026-05-11,https://sa.trip.com/?locale=ar-sa,False,https://sa.trip.com/hotels/riyadh-hotel-detail-102787011/mira-business-hotel/?checkin=2026-05-10&city=789&module=list&link=button&from_page=list&adult=1&checkout=2026-05-11,https://sa.trip.com/?locale=ar-sa,https://sa.trip.com/hotels/riyadh-hotel-detail-102787011/mira-business-hotel/?checkin=2026-05-10&city=789&module=list&link=button&from_page=list&adult=1&checkout=2026-05-11,recon_page,2026-05-02T20:56:27.143187
83,1,3,0,0,0,0,1,0,11,0,com,200,2,486783,983.1800000000001,0,0,19,0,unknown,1,html,1,9,0,1,1,0,0,0,0,0,0,0,1,5,0,0,1,2,0,0,0,0,1,18,0,0,0,0,1,28,22,0,6,1,37,17,20,1,38,1,2,1,3,1,1,35,0,0,0,0,0,0,0,0,0,0,1,1,0,0,0,0,0,0,0,0,0,0,1,1,0,0,0.0,1.0,0.0,0,0,0,0,0,0,0,0,0,0,0,0,41,12,1,0,0,0,0,0,0,0.0,5.7520496812748186e-05,0.125,0.047248979524757435,0,,multi_full_20260502_195405_0002,2026-05-02T20:56:28.658700,https://sa.trip.com/hotels/guangzhou-hotel-detail-344857/ln-garden-hotel-guangzhou/,https://sa.trip.com/?locale=ar-sa,False,https://sa.trip.com/hotels/guangzhou-hotel-detail-344857/ln-garden-hotel-guangzhou/,https://sa.trip.com/?locale=ar-sa,https://sa.trip.com/hotels/guangzhou-hotel-detail-344857/ln-garden-hotel-guangzhou/,recon_page,2026-05-02T20:56:28.664631
177,1,3,1,7,0,0,1,0,11,0,com,200,2,338790,3166.2889999999998,0,0,20,0,unknown,1,html,1,9,0,1,1,0,0,0,0,0,0,0,1,5,0,0,1,2,0,0,0,0,1,18,0,0,0,0,1,28,22,0,6,1,36,16,20,1,20,1,2,1,3,1,1,14,0,0,0,0,0,0,0,0,0,0,1,1,0,0,0,0,0,0,1,0,0,0,1,1,0,0,0.0,1.0,0.0,0,0,0,0,0,0,0,0,0,0,0,0,40,12,1,0,0,0,0,0,0,0.0,8.264706750494407e-05,0.125,0.0678886625933469,0,,multi_full_20260502_195405_0002,2026-05-02T20:56:28.978496,https://sa.trip.com/hotels/krabi-hotel-detail-7603890/balcony-party-hostel-krabi/?checkin=2026-05-10&city=1405&module=list&link=button&from_page=list&adult=1&checkout=2026-05-11,https://sa.trip.com/?locale=ar-sa,False,https://sa.trip.com/hotels/krabi-hotel-detail-7603890/balcony-party-hostel-krabi/?checkin=2026-05-10&city=1405&module=list&link=button&from_page=list&adult=1&checkout=2026-05-11,https://sa.trip.com/?locale=ar-sa,https://sa.trip.com/hotels/krabi-hotel-detail-7603890/balcony-party-hostel-krabi/?checkin=2026-05-10&city=1405&module=list&link=button&from_page=list&adult=1&checkout=2026-05-11,recon_page,2026-05-02T20:56:28.984703
74,1,4,0,0,0,0,1,0,11,0,com,200,2,193530,928.091,0,0,17,0,unknown,1,html,1,4,0,1,1,0,0,0,0,0,0,0,1,4,0,0,1,2,0,0,0,0,1,8,0,0,0,0,1,13,3,0,10,1,67,56,11,1,41,1,17,0,0,1,1,8,1,0,0,0,0,0,0,0,0,0,0,1,0,0,0,0,0,0,0,0,0,0,0,0,0,0,0.0,0.0,0.0,0,0,0,0,0,0,0,0,0,0,0,0,71,1,1,0,0,0,0,0,0,0.0,6.717304810623676e-05,0.125,0.06200589055960316,0,,multi_full_20260502_195405_0002,2026-05-02T20:57:19.903563,https://sa.trip.com/hotels/rome-hotel-detail-761208/hotel-sonya/photo.html,https://sa.trip.com/?locale=ar-sa,False,https://sa.trip.com/hotels/rome-hotel-detail-761208/hotel-sonya/photo.html,https://sa.trip.com/?locale=ar-sa,https://sa.trip.com/hotels/rome-hotel-detail-761208/hotel-sonya/photo.html,recon_page,2026-05-02T20:57:19.918998
41,1,2,1,1,0,0,1,0,11,0,com,200,2,423995,1950.8600000000001,0,0,17,0,unknown,0,html,1,7,0,1,1,0,0,0,0,0,0,0,1,5,0,0,1,2,0,0,0,0,1,12,0,0,0,0,1,4,3,0,1,1,65,49,16,1,12,1,27,1,2,1,1,2,1,0,0,0,0,0,0,0,0,0,1,1,0,0,0,0,0,0,1,0,0,0,1,2,0,0,0.0,0.0,0.0,0,0,0,0,0,0,0,0,0,0,0,0,64,12,1,0,0,0,0,0,0,0.0,9.434073515017866e-06,0.125,0.04009481243882593,0,,multi_full_20260502_195405_0002,2026-05-02T20:57:22.127148,https://sa.trip.com/hotels/list/?city=683,https://sa.trip.com/?locale=ar-sa,False,https://sa.trip.com/hotels/list/?city=683,https://sa.trip.com/?locale=ar-sa,https://sa.trip.com/hotels/list/?city=683,recon_page,2026-05-02T20:57:22.140949
78,1,3,0,0,0,0,1,0,11,0,com,200,2,345435,490.98900000000003,0,0,19,0,unknown,1,html,1,9,0,1,1,0,0,0,0,0,0,0,1,5,0,0,1,2,0,0,0,0,1,12,0,0,0,0,1,28,22,0,6,1,37,17,20,1,24,1,2,1,3,1,1,14,0,0,0,0,0,0,0,0,0,0,1,1,0,0,0,0,0,0,0,0,0,0,1,1,0,0,0.0,1.0,0.0,0,0,0,0,0,0,0,0,0,0,0,0,41,12,1,0,0,0,0,0,0,0.0,8.105721771100207e-05,0.125,0.0492133107531084,0,,multi_full_20260502_195405_0002,2026-05-02T20:57:27.250291,https://sa.trip.com/hotels/riyadh-hotel-detail-73231354/hadab-al-sahafa-hotel/,https://sa.trip.com/?locale=ar-sa,False,https://sa.trip.com/hotels/riyadh-hotel-detail-73231354/hadab-al-sahafa-hotel/,https://sa.trip.com/?locale=ar-sa,https://sa.trip.com/hotels/riyadh-hotel-detail-73231354/hadab-al-sahafa-hotel/,recon_page,2026-05-02T20:57:27.264773
42,1,2,1,1,0,0,1,0,11,0,com,200,2,420802,2270.044,0,0,17,0,unknown,0,html,1,7,0,1,1,0,0,0,0,0,0,0,1,5,0,0,1,2,0,0,0,0,1,13,0,0,0,0,1,4,3,0,1,1,65,49,16,1,13,1,27,1,2,1,1,2,1,0,0,0,0,0,0,0,0,0,1,1,0,0,0,0,0,0,1,0,0,0,1,2,0,0,0.0,0.0,0.0,0,0,0,0,0,0,0,0,0,0,0,0,64,12,1,0,0,0,0,0,0,0.0,9.505658243069187e-06,0.125,0.04277546209381134,0,,multi_full_20260502_195405_0002,2026-05-02T20:57:27.803972,https://sa.trip.com/hotels/list/?city=3744,https://sa.trip.com/?locale=ar-sa,False,https://sa.trip.com/hotels/list/?city=3744,https://sa.trip.com/?locale=ar-sa,https://sa.trip.com/hotels/list/?city=3744,recon_page,2026-05-02T20:57:27.815442
72,1,3,0,0,0,0,1,0,11,0,com,200,2,382742,554.376,0,0,20,0,unknown,1,html,1,9,0,1,1,0,0,0,0,0,0,0,1,5,0,0,1,2,0,0,0,0,1,12,0,0,0,0,1,28,22,0,6,1,37,17,20,1,29,1,2,1,3,1,1,14,0,0,0,0,0,0,0,0,0,0,1,1,0,0,0,0,0,0,0,0,0,0,1,1,0,0,0.0,1.0,0.0,0,0,0,0,0,0,0,0,0,0,0,0,41,12,1,0,0,0,0,0,0,0.0,7.31563298514404e-05,0.125,0.04441634312408881,0,,multi_full_20260502_195405_0002,2026-05-02T20:57:29.094652,https://sa.trip.com/hotels/jeddah-hotel-detail-8197461/crown-town-hotel/,https://sa.trip.com/?locale=ar-sa,False,https://sa.trip.com/hotels/jeddah-hotel-detail-8197461/crown-town-hotel/,https://sa.trip.com/?locale=ar-sa,https://sa.trip.com/hotels/jeddah-hotel-detail-8197461/crown-town-hotel/,recon_page,2026-05-02T20:57:29.113080
41,1,2,1,1,0,0,1,0,11,0,com,200,2,433152,1861.341,0,0,18,0,unknown,0,html,1,7,0,1,1,0,0,0,0,0,0,0,1,5,0,0,1,2,0,0,0,0,1,13,0,0,0,0,1,4,3,0,1,1,65,49,16,1,13,1,27,1,2,1,1,2,1,0,0,0,0,0,0,0,0,0,1,1,0,0,0,0,0,0,1,0,0,0,1,2,0,0,0.0,0.0,0.0,0,0,0,0,0,0,0,0,0,0,0,0,64,12,1,0,0,0,0,0,0,0.0,9.234633569739952e-06,0.125,0.041555851063829786,0,,multi_full_20260502_195405_0002,2026-05-02T20:57:31.452746,https://sa.trip.com/hotels/list/?city=801,https://sa.trip.com/?locale=ar-sa,False,https://sa.trip.com/hotels/list/?city=801,https://sa.trip.com/?locale=ar-sa,https://sa.trip.com/hotels/list/?city=801,recon_page,2026-05-02T20:57:31.459804
75,1,3,0,0,0,0,1,0,11,0,com,200,2,379803,464.951,0,0,19,0,unknown,1,html,1,9,0,1,1,0,0,0,0,0,0,0,1,5,0,0,1,2,0,0,0,0,1,18,0,0,0,0,1,28,22,0,6,1,36,16,20,1,27,1,2,1,3,1,1,14,0,0,0,0,0,0,0,0,0,0,1,1,0,0,0,0,0,0,0,0,0,0,1,1,0,0,0.0,1.0,0.0,0,0,0,0,0,0,0,0,0,0,0,0,40,12,1,0,0,0,0,0,0,0.0,7.372242978596799e-05,0.125,0.06055771018133085,0,,multi_full_20260502_195405_0002,2026-05-02T20:57:31.958626,https://sa.trip.com/hotels/phuket-hotel-detail-4980489/lub-d-phuket-patong/,https://sa.trip.com/?locale=ar-sa,False,https://sa.trip.com/hotels/phuket-hotel-detail-4980489/lub-d-phuket-patong/,https://sa.trip.com/?locale=ar-sa,https://sa.trip.com/hotels/phuket-hotel-detail-4980489/lub-d-phuket-patong/,recon_page,2026-05-02T20:57:31.978855
191,1,3,1,7,0,0,1,0,11,0,com,200,2,303805,593.287,0,0,19,0,unknown,1,html,1,9,0,1,1,0,0,0,0,0,0,0,1,5,0,0,1,2,0,0,0,0,1,12,0,0,0,0,1,28,22,0,6,1,37,17,20,1,18,1,2,1,3,1,1,14,0,0,0,0,0,0,0,0,0,0,1,1,0,0,0,0,0,0,1,0,0,0,1,1,0,0,0.0,1.0,0.0,0,0,0,0,0,0,0,0,0,0,0,0,41,12,1,0,0,0,0,0,0,0.0,9.216438175803558e-05,0.125,0.05595694606737874,0,,multi_full_20260502_195405_0002,2026-05-02T20:57:32.294035,https://sa.trip.com/hotels/jeddah-hotel-detail-10526292/mirada-purple-ubhor-serviced-apartments/?checkin=2026-05-10&city=801&module=list&link=button&from_page=list&adult=1&checkout=2026-05-11,https://sa.trip.com/?locale=ar-sa,False,https://sa.trip.com/hotels/jeddah-hotel-detail-10526292/mirada-purple-ubhor-serviced-apartments/?checkin=2026-05-10&city=801&module=list&link=button&from_page=list&adult=1&checkout=2026-05-11,https://sa.trip.com/?locale=ar-sa,https://sa.trip.com/hotels/jeddah-hotel-detail-10526292/mirada-purple-ubhor-serviced-apartments/?checkin=2026-05-10&city=801&module=list&link=button&from_page=list&adult=1&checkout=2026-05-11,recon_page,2026-05-02T20:57:32.335277
43,1,2,1,1,0,0,1,0,11,0,com,200,2,364757,1967.658,0,0,17,0,unknown,0,html,1,7,0,1,1,0,0,0,0,0,0,0,1,5,0,0,1,2,0,0,0,0,1,12,0,0,0,0,1,4,3,0,1,1,65,49,16,1,12,1,27,1,2,1,1,2,1,0,0,0,0,0,0,0,0,0,1,1,0,0,0,0,0,0,1,0,0,0,1,2,0,0,0.0,0.0,0.0,0,0,0,0,0,0,0,0,0,0,0,0,64,12,1,0,0,0,0,0,0,0.0,1.0966204898055418e-05,0.125,0.04660637081673553,0,,multi_full_20260502_195405_0002,2026-05-02T20:57:32.471538,https://sa.trip.com/hotels/list/?city=72311,https://sa.trip.com/?locale=ar-sa,False,https://sa.trip.com/hotels/list/?city=72311,https://sa.trip.com/?locale=ar-sa,https://sa.trip.com/hotels/list/?city=72311,recon_page,2026-05-02T20:57:32.485154
169,1,3,1,7,0,0,1,0,11,0,com,200,2,316793,461.638,0,0,19,0,unknown,1,html,1,9,0,1,1,0,0,0,0,0,0,0,1,5,0,0,1,2,0,0,0,0,1,16,0,0,0,0,1,28,22,0,6,1,37,17,20,1,19,1,2,1,3,1,1,14,0,0,0,0,0,0,0,0,0,0,1,1,0,0,0,0,0,0,1,0,0,0,1,1,0,0,0.0,1.0,0.0,0,0,0,0,0,0,0,0,0,0,0,0,41,12,1,0,0,0,0,0,0,0.0,8.838579135271297e-05,0.125,0.06628934351453472,0,,multi_full_20260502_195405_0002,2026-05-02T20:57:32.841322,https://sa.trip.com/hotels/changsha-hotel-detail-53963506/deng-ni-lv-guan/?checkin=2026-05-10&city=206&module=list&link=button&from_page=list&adult=1&checkout=2026-05-11,https://sa.trip.com/?locale=ar-sa,False,https://sa.trip.com/hotels/changsha-hotel-detail-53963506/deng-ni-lv-guan/?checkin=2026-05-10&city=206&module=list&link=button&from_page=list&adult=1&checkout=2026-05-11,https://sa.trip.com/?locale=ar-sa,https://sa.trip.com/hotels/changsha-hotel-detail-53963506/deng-ni-lv-guan/?checkin=2026-05-10&city=206&module=list&link=button&from_page=list&adult=1&checkout=2026-05-11,recon_page,2026-05-02T20:57:32.852456
42,1,2,1,1,0,0,1,0,11,0,com,200,2,400180,2312.614,0,0,18,0,unknown,0,html,1,7,0,1,1,0,0,0,0,0,0,0,1,5,0,0,1,2,0,0,0,0,1,13,0,0,0,0,1,4,3,0,1,1,65,49,16,1,13,1,27,1,2,1,1,2,1,0,0,0,0,0,0,0,0,0,1,1,0,0,0,0,0,0,1,0,0,0,1,2,0,0,0.0,0.0,0.0,0,0,0,0,0,0,0,0,0,0,0,0,64,12,1,0,0,0,0,0,0,0.0,9.99550202408916e-06,0.125,0.04497975910840122,0,,multi_full_20260502_195405_0002,2026-05-02T20:57:33.445396,https://sa.trip.com/hotels/list/?city=4099,https://sa.trip.com/?locale=ar-sa,False,https://sa.trip.com/hotels/list/?city=4099,https://sa.trip.com/?locale=ar-sa,https://sa.trip.com/hotels/list/?city=4099,recon_page,2026-05-02T20:57:33.456836
50,1,2,0,0,0,0,1,0,11,0,com,200,2,703807,1142.644,0,0,17,0,unknown,1,html,1,4,0,1,1,0,0,0,0,0,0,0,1,5,0,0,1,2,0,0,0,0,1,62,0,0,0,0,1,15,5,0,10,1,114,103,11,1,117,1,17,0,0,1,1,44,1,0,0,0,0,0,0,0,0,0,0,1,0,0,0,0,0,0,0,0,0,0,0,0,0,0,0.0,0.0,0.0,0,0,0,0,0,0,0,0,0,0,0,0,107,1,1,0,0,0,0,0,1,0.0,2.13126609993933e-05,0.125,0.09519655246395674,0,,multi_full_20260502_195405_0002,2026-05-02T20:57:35.608618,https://sa.trip.com/hotels/madrid-hotels-list-357/,https://sa.trip.com/?locale=ar-sa,False,https://sa.trip.com/hotels/madrid-hotels-list-357/,https://sa.trip.com/?locale=ar-sa,https://sa.trip.com/hotels/madrid-hotels-list-357/,recon_page,2026-05-02T20:57:35.618219
58,1,5,0,0,0,0,1,0,11,0,com,200,2,296815,902.323,0,0,17,0,unknown,1,html,1,4,0,1,1,0,0,0,0,0,0,0,1,5,0,0,1,2,0,0,0,0,1,2,0,0,0,0,1,15,5,0,10,1,74,63,11,1,66,1,17,0,0,1,1,11,1,0,0,0,0,0,0,0,0,0,0,1,0,0,0,0,0,0,0,0,0,0,0,0,0,0,0.0,0.0,0.0,0,0,0,0,0,0,0,0,0,0,0,0,78,1,1,0,0,0,0,0,0,0.0,5.053652948806496e-05,0.125,0.02358371376109698,0,,multi_full_20260502_195405_0002,2026-05-02T20:58:32.268513,https://sa.trip.com/hotels/scenic/city/jo/wadi-moussa.html,https://sa.trip.com/?locale=ar-sa,False,https://sa.trip.com/hotels/scenic/city/jo/wadi-moussa.html,https://sa.trip.com/?locale=ar-sa,https://sa.trip.com/hotels/scenic/city/jo/wadi-moussa.html,recon_page,2026-05-02T20:58:32.298615
161,1,3,1,7,0,0,1,0,11,0,com,200,2,298796,639.357,0,0,19,0,unknown,1,html,1,9,0,1,1,0,0,0,0,0,0,0,1,5,0,0,1,2,0,0,0,0,1,15,0,0,0,0,1,28,22,0,6,1,37,17,20,1,17,1,2,1,3,1,1,14,0,0,0,0,0,0,0,0,0,0,1,1,0,0,0,0,0,0,1,0,0,0,1,1,0,0,0.0,1.0,0.0,0,0,0,0,0,0,0,0,0,0,0,0,41,12,1,0,0,0,0,0,0,0.0,9.370942047416966e-05,0.125,0.06693530033869262,0,,multi_full_20260502_195405_0002,2026-05-02T20:58:33.700521,https://sa.trip.com/hotels/makkah-hotel-detail-76971667/hotel-21/?checkin=2026-05-10&city=3744&module=list&link=button&from_page=list&adult=1&checkout=2026-05-11,https://sa.trip.com/?locale=ar-sa,False,https://sa.trip.com/hotels/makkah-hotel-detail-76971667/hotel-21/?checkin=2026-05-10&city=3744&module=list&link=button&from_page=list&adult=1&checkout=2026-05-11,https://sa.trip.com/?locale=ar-sa,https://sa.trip.com/hotels/makkah-hotel-detail-76971667/hotel-21/?checkin=2026-05-10&city=3744&module=list&link=button&from_page=list&adult=1&checkout=2026-05-11,recon_page,2026-05-02T20:58:33.707895
52,1,3,0,0,0,0,1,0,11,0,com,404,4,17029,671.886,0,0,12,0,unknown,0,html,0,0,0,0,0,0,0,0,0,0,0,0,1,1,0,0,1,1,0,0,0,0,0,0,0,0,0,0,1,1,1,0,0,1,19,17,2,1,10,1,2,1,2,1,1,8,1,0,0,0,0,0,0,0,0,0,0,1,0,0,0,0,0,0,0,0,0,0,0,0,0,0,0.0,0.0,0.0,0,0,0,0,0,0,0,0,0,0,0,0,17,10,0,0,0,0,0,0,0,0.0,5.872335427799636e-05,0.0,0.05872335427799636,0,,multi_full_20260502_195405_0002,2026-05-02T20:58:37.326265,https://sa.trip.com/hotels/riyadh-hotels-list-789/\/,https://sa.trip.com/?locale=ar-sa,False,https://sa.trip.com/hotels/riyadh-hotels-list-789/\/,https://sa.trip.com/?locale=ar-sa,https://sa.trip.com/hotels/riyadh-hotels-list-789/\/,recon_page,2026-05-02T20:58:37.332229
52,1,2,0,0,0,0,1,0,11,0,com,200,2,647053,828.0110000000001,0,0,18,0,unknown,1,html,1,4,0,1,1,0,0,0,0,0,0,0,1,5,0,0,1,2,0,0,0,0,1,62,0,0,0,0,1,15,5,0,10,1,98,87,11,1,115,1,17,0,0,1,1,49,1,0,0,0,0,0,0,0,0,0,0,1,0,0,0,0,0,0,0,0,0,0,0,0,0,0,0.0,0.0,0.0,0,0,0,0,0,0,0,0,0,0,0,0,95,1,1,0,0,0,0,0,1,0.0,2.3182026820059563e-05,0.125,0.10354638646293271,0,,multi_full_20260502_195405_0002,2026-05-02T20:58:39.891291,https://sa.trip.com/hotels/brisbane-hotels-list-680/,https://sa.trip.com/?locale=ar-sa,False,https://sa.trip.com/hotels/brisbane-hotels-list-680/,https://sa.trip.com/?locale=ar-sa,https://sa.trip.com/hotels/brisbane-hotels-list-680/,recon_page,2026-05-02T20:58:39.908024
55,1,2,0,0,0,0,1,0,11,0,com,200,2,745039,875.5540000000001,0,0,18,0,unknown,1,html,1,4,0,1,1,0,0,0,0,0,0,0,1,5,0,0,1,2,0,0,0,0,1,74,0,0,0,0,1,15,5,0,10,1,106,95,11,1,125,1,17,0,0,1,1,59,1,0,0,0,0,0,0,0,0,0,0,1,0,0,0,0,0,0,0,0,0,0,0,0,0,0,0.0,0.0,0.0,0,0,0,0,0,0,0,0,0,0,0,0,92,1,1,0,0,0,0,0,1,0.0,2.013317423651648e-05,0.125,0.10603471764565345,0,,multi_full_20260502_195405_0002,2026-05-02T20:58:41.676276,https://sa.trip.com/hotels/las-vegas-hotels-list-26282/,https://sa.trip.com/?locale=ar-sa,False,https://sa.trip.com/hotels/las-vegas-hotels-list-26282/,https://sa.trip.com/?locale=ar-sa,https://sa.trip.com/hotels/las-vegas-hotels-list-26282/,recon_page,2026-05-02T20:58:41.698992
50,1,3,0,0,0,0,1,0,11,0,com,404,4,17029,516.829,0,0,12,0,unknown,0,html,0,0,0,0,0,0,0,0,0,0,0,0,1,1,0,0,1,1,0,0,0,0,0,0,0,0,0,0,1,1,1,0,0,1,19,17,2,1,10,1,2,1,2,1,1,8,1,0,0,0,0,0,0,0,0,0,0,1,0,0,0,0,0,0,0,0,0,0,0,0,0,0,0.0,0.0,0.0,0,0,0,0,0,0,0,0,0,0,0,0,17,10,0,0,0,0,0,0,0,0.0,5.872335427799636e-05,0.0,0.05872335427799636,0,,multi_full_20260502_195405_0002,2026-05-02T20:58:42.152746,https://sa.trip.com/hotels/yiwu-hotels-list-536/\/,https://sa.trip.com/?locale=ar-sa,False,https://sa.trip.com/hotels/yiwu-hotels-list-536/\/,https://sa.trip.com/?locale=ar-sa,https://sa.trip.com/hotels/yiwu-hotels-list-536/\/,recon_page,2026-05-02T20:58:42.168337
78,1,3,0,0,0,0,1,0,11,0,com,200,2,345060,875.9259999999999,0,0,19,0,unknown,1,html,1,9,0,1,1,0,0,0,0,0,0,0,1,5,0,0,1,2,0,0,0,0,1,18,0,0,0,0,1,28,22,0,6,1,37,17,20,1,20,1,2,1,3,1,1,14,0,0,0,0,0,0,0,0,0,0,1,1,0,0,0,0,0,0,0,0,0,0,1,1,0,0,0.0,1.0,0.0,0,0,0,0,0,0,0,0,0,0,0,0,41,12,1,0,0,0,0,0,0,0.0,8.114530806236596e-05,0.125,0.06665507447980061,0,,multi_full_20260502_195405_0002,2026-05-02T20:58:42.623009,https://sa.trip.com/hotels/makkah-hotel-detail-128444258/nasamat-makkah-hotel/,https://sa.trip.com/?locale=ar-sa,False,https://sa.trip.com/hotels/makkah-hotel-detail-128444258/nasamat-makkah-hotel/,https://sa.trip.com/?locale=ar-sa,https://sa.trip.com/hotels/makkah-hotel-detail-128444258/nasamat-makkah-hotel/,recon_page,2026-05-02T20:58:42.633227
79,1,3,0,0,0,0,1,0,11,0,com,200,2,420340,603.928,0,0,20,0,unknown,1,html,1,9,0,1,1,0,0,0,0,0,0,0,1,5,0,0,1,2,0,0,0,0,1,18,0,0,0,0,1,28,22,0,6,1,36,16,20,1,33,1,2,1,3,1,1,14,0,0,0,0,0,0,0,0,0,0,1,1,0,0,0,0,0,0,0,0,0,0,1,1,0,0,0.0,1.0,0.0,0,0,0,0,0,0,0,0,0,0,0,0,40,12,1,0,0,0,0,0,0,0.0,6.661274206594662e-05,0.125,0.05471760955417044,0,,multi_full_20260502_195405_0002,2026-05-02T20:58:43.227392,https://sa.trip.com/hotels/phuket-hotel-detail-998428/baan-laimai-beach-resort/,https://sa.trip.com/?locale=ar-sa,False,https://sa.trip.com/hotels/phuket-hotel-detail-998428/baan-laimai-beach-resort/,https://sa.trip.com/?locale=ar-sa,https://sa.trip.com/hotels/phuket-hotel-detail-998428/baan-laimai-beach-resort/,recon_page,2026-05-02T20:58:43.245174
72,1,3,0,0,0,0,1,0,11,0,com,200,2,381154,869.302,0,0,20,0,unknown,1,html,1,9,0,1,1,0,0,0,0,0,0,0,1,5,0,0,1,2,0,0,0,0,1,17,0,0,0,0,1,28,22,0,6,1,37,17,20,1,29,1,2,1,3,1,1,20,0,0,0,0,0,0,0,0,0,0,1,1,0,0,0,0,0,0,0,0,0,0,1,1,0,0,0.0,1.0,0.0,0,0,0,0,0,0,0,0,0,0,0,0,41,12,1,0,0,0,0,0,0,0.0,7.346112070186854e-05,0.125,0.05771945198003956,0,,multi_full_20260502_195405_0002,2026-05-02T20:58:43.528006,https://sa.trip.com/hotels/guangzhou-hotel-detail-90273980/kyliab-hotel/,https://sa.trip.com/?locale=ar-sa,False,https://sa.trip.com/hotels/guangzhou-hotel-detail-90273980/kyliab-hotel/,https://sa.trip.com/?locale=ar-sa,https://sa.trip.com/hotels/guangzhou-hotel-detail-90273980/kyliab-hotel/,recon_page,2026-05-02T20:58:43.545632
182,1,3,1,7,0,0,1,0,11,0,com,200,2,294200,795.775,0,0,19,0,unknown,1,html,1,9,0,1,1,0,0,0,0,0,0,0,1,5,0,0,1,2,0,0,0,0,1,13,0,0,0,0,1,28,22,0,6,1,37,17,20,1,16,1,2,1,3,1,1,14,0,0,0,0,0,0,0,0,0,0,1,1,0,0,0,0,0,0,1,0,0,0,1,1,0,0,0.0,1.0,0.0,0,0,0,0,0,0,0,0,0,0,0,0,41,12,1,0,0,0,0,0,0,0.0,9.517335146159075e-05,0.125,0.061182868796736914,0,,multi_full_20260502_195405_0002,2026-05-02T20:58:43.754347,https://sa.trip.com/hotels/lapu-lapu-city-hotel-detail-106565383/public-house-hostel/?checkin=2026-05-10&city=72311&module=list&link=button&from_page=list&adult=1&checkout=2026-05-11,https://sa.trip.com/?locale=ar-sa,False,https://sa.trip.com/hotels/lapu-lapu-city-hotel-detail-106565383/public-house-hostel/?checkin=2026-05-10&city=72311&module=list&link=button&from_page=list&adult=1&checkout=2026-05-11,https://sa.trip.com/?locale=ar-sa,https://sa.trip.com/hotels/lapu-lapu-city-hotel-detail-106565383/public-house-hostel/?checkin=2026-05-10&city=72311&module=list&link=button&from_page=list&adult=1&checkout=2026-05-11,recon_page,2026-05-02T20:58:43.783596
77,1,3,0,0,0,0,1,0,11,0,com,200,2,389543,512.927,0,0,20,0,unknown,1,html,1,9,0,1,1,0,0,0,0,0,0,0,1,5,0,0,1,2,0,0,0,0,1,18,0,0,0,0,1,28,22,0,6,1,37,17,20,1,25,1,2,1,3,1,1,14,0,0,0,0,0,0,0,0,0,0,1,1,0,0,0,0,0,0,0,0,0,0,1,1,0,0,0.0,1.0,0.0,0,0,0,0,0,0,0,0,0,0,0,0,41,12,1,0,0,0,0,0,0,0.0,7.187909935488509e-05,0.125,0.059043545898655604,0,,multi_full_20260502_195405_0002,2026-05-02T20:58:44.059592,https://sa.trip.com/hotels/makkah-hotel-detail-3176603/pullman-zamzam-makkah/,https://sa.trip.com/?locale=ar-sa,False,https://sa.trip.com/hotels/makkah-hotel-detail-3176603/pullman-zamzam-makkah/,https://sa.trip.com/?locale=ar-sa,https://sa.trip.com/hotels/makkah-hotel-detail-3176603/pullman-zamzam-makkah/,recon_page,2026-05-02T20:58:44.071983
74,1,3,0,0,0,0,1,0,11,0,com,200,2,331984,657.4259999999999,0,0,20,0,unknown,1,html,1,9,0,1,1,0,0,0,0,0,0,0,1,5,0,0,1,2,0,0,0,0,1,16,0,0,0,0,1,28,22,0,6,1,37,17,20,1,23,1,2,1,3,1,1,14,0,0,0,0,0,0,0,0,0,0,1,1,0,0,0,0,0,0,0,0,0,0,1,1,0,0,0.0,1.0,0.0,0,0,0,0,0,0,0,0,0,0,0,0,41,12,1,0,0,0,0,0,0,0.0,8.434141404405032e-05,0.125,0.06325606053303774,0,,multi_full_20260502_195405_0002,2026-05-02T20:58:45.678888,https://sa.trip.com/hotels/changsha-hotel-detail-53963506/deng-ni-lv-guan/,https://sa.trip.com/?locale=ar-sa,False,https://sa.trip.com/hotels/changsha-hotel-detail-53963506/deng-ni-lv-guan/,https://sa.trip.com/?locale=ar-sa,https://sa.trip.com/hotels/changsha-hotel-detail-53963506/deng-ni-lv-guan/,recon_page,2026-05-02T20:58:45.691767
163,1,3,1,7,0,0,1,0,11,0,com,200,2,415891,1545.854,0,0,19,0,unknown,1,html,1,9,0,1,1,0,0,0,0,0,0,0,1,5,0,0,1,2,0,0,0,0,1,18,0,0,0,0,1,28,22,0,6,1,37,17,20,1,27,1,2,1,3,1,1,20,0,0,0,0,0,0,0,0,0,0,1,1,0,0,0,0,0,0,1,0,0,0,1,1,0,0,0.0,1.0,0.0,0,0,0,0,0,0,0,0,0,0,0,0,41,12,1,0,0,0,0,0,0,0.0,6.732533283961422e-05,0.125,0.0553029519753974,0,,multi_full_20260502_195405_0002,2026-05-02T20:59:38.494886,https://sa.trip.com/hotels/guangzhou-hotel-detail-2041056/echicmeiju/?checkin=2026-05-10&city=32&module=list&link=button&from_page=list&adult=1&checkout=2026-05-11,https://sa.trip.com/?locale=ar-sa,False,https://sa.trip.com/hotels/guangzhou-hotel-detail-2041056/echicmeiju/?checkin=2026-05-10&city=32&module=list&link=button&from_page=list&adult=1&checkout=2026-05-11,https://sa.trip.com/?locale=ar-sa,https://sa.trip.com/hotels/guangzhou-hotel-detail-2041056/echicmeiju/?checkin=2026-05-10&city=32&module=list&link=button&from_page=list&adult=1&checkout=2026-05-11,recon_page,2026-05-02T20:59:38.509087
91,1,3,0,0,0,0,1,0,11,0,com,200,2,397403,573.7489999999999,0,0,19,0,unknown,1,html,1,9,0,1,1,0,0,0,0,0,0,0,1,5,0,0,1,2,0,0,0,0,1,18,0,0,0,0,1,28,22,0,6,1,36,16,20,1,29,1,2,1,3,1,1,14,0,0,0,0,0,0,0,0,0,0,1,1,0,0,0,0,0,0,0,0,0,0,1,1,0,0,0.0,1.0,0.0,0,0,0,0,0,0,0,0,0,0,0,0,40,12,1,0,0,0,0,0,0,0.0,7.045744496141196e-05,0.125,0.05787575836115983,0,,multi_full_20260502_195405_0002,2026-05-02T20:59:38.982131,https://sa.trip.com/hotels/beijing-hotel-detail-132908245/huadeng-green-train-youth-hostel/,https://sa.trip.com/?locale=ar-sa,False,https://sa.trip.com/hotels/beijing-hotel-detail-132908245/huadeng-green-train-youth-hostel/,https://sa.trip.com/?locale=ar-sa,https://sa.trip.com/hotels/beijing-hotel-detail-132908245/huadeng-green-train-youth-hostel/,recon_page,2026-05-02T20:59:38.988042
197,1,3,1,7,0,0,1,0,11,0,com,200,2,382434,413.15000000000003,0,0,20,0,unknown,1,html,1,9,0,1,1,0,0,0,0,0,0,0,1,5,0,0,1,2,0,0,0,0,1,16,0,0,0,0,1,28,22,0,6,1,37,17,20,1,25,1,2,1,3,1,1,14,0,0,0,0,0,0,0,0,0,0,1,1,0,0,0,0,0,0,1,0,0,0,1,1,0,0,0.0,1.0,0.0,0,0,0,0,0,0,0,0,0,0,0,0,41,12,1,0,0,0,0,0,0,0.0,7.32152475982784e-05,0.125,0.054911435698708794,0,,multi_full_20260502_195405_0002,2026-05-02T20:59:43.743184,https://sa.trip.com/hotels/jinan-hotel-detail-131638764/old-youth-tomorrow-international-youth-hostel/?checkin=2026-05-10&city=144&module=list&link=button&from_page=list&adult=1&checkout=2026-05-11,https://sa.trip.com/?locale=ar-sa,False,https://sa.trip.com/hotels/jinan-hotel-detail-131638764/old-youth-tomorrow-international-youth-hostel/?checkin=2026-05-10&city=144&module=list&link=button&from_page=list&adult=1&checkout=2026-05-11,https://sa.trip.com/?locale=ar-sa,https://sa.trip.com/hotels/jinan-hotel-detail-131638764/old-youth-tomorrow-international-youth-hostel/?checkin=2026-05-10&city=144&module=list&link=button&from_page=list&adult=1&checkout=2026-05-11,recon_page,2026-05-02T20:59:43.755596
193,1,3,1,7,0,0,1,0,11,0,com,200,2,487277,628.454,0,0,20,0,unknown,1,html,1,9,0,1,1,0,0,0,0,0,0,0,1,5,0,0,1,2,0,0,0,0,1,16,0,0,0,0,1,28,22,0,6,1,37,17,20,1,33,1,2,1,3,1,1,21,0,0,0,0,0,0,0,0,0,0,1,1,0,0,0,0,0,0,1,0,0,0,1,1,0,0,0.0,1.0,0.0,0,0,0,0,0,0,0,0,0,0,0,0,41,12,1,0,0,0,0,0,0,0.0,5.74621827010099e-05,0.125,0.043096637025757424,0,,multi_full_20260502_195405_0002,2026-05-02T20:59:47.076184,https://sa.trip.com/hotels/guangzhou-hotel-detail-344995/crowne-plaza-guangzhou-city-centre-by-ihg/?checkin=2026-05-10&city=32&module=list&link=button&from_page=list&adult=1&checkout=2026-05-11,https://sa.trip.com/?locale=ar-sa,False,https://sa.trip.com/hotels/guangzhou-hotel-detail-344995/crowne-plaza-guangzhou-city-centre-by-ihg/?checkin=2026-05-10&city=32&module=list&link=button&from_page=list&adult=1&checkout=2026-05-11,https://sa.trip.com/?locale=ar-sa,https://sa.trip.com/hotels/guangzhou-hotel-detail-344995/crowne-plaza-guangzhou-city-centre-by-ihg/?checkin=2026-05-10&city=32&module=list&link=button&from_page=list&adult=1&checkout=2026-05-11,recon_page,2026-05-02T20:59:47.086344
176,1,3,1,7,0,0,1,0,11,0,com,200,2,333881,335.663,0,0,19,0,unknown,1,html,1,9,0,1,1,0,0,0,0,0,0,0,1,5,0,0,1,2,0,0,0,0,1,18,0,0,0,0,1,28,22,0,6,1,36,16,20,1,20,1,2,1,3,1,1,14,0,0,0,0,0,0,0,0,0,0,1,1,0,0,0,0,0,0,1,0,0,0,1,1,0,0,0.0,1.0,0.0,0,0,0,0,0,0,0,0,0,0,0,0,40,12,1,0,0,0,0,0,0,0.0,8.386221438177075e-05,0.125,0.06888681895645456,0,,multi_full_20260502_195405_0002,2026-05-02T20:59:48.644904,https://sa.trip.com/hotels/phuket-hotel-detail-1990699/icheck-inn-central-patong/?checkin=2026-05-10&city=725&module=list&link=button&from_page=list&adult=1&checkout=2026-05-11,https://sa.trip.com/?locale=ar-sa,False,https://sa.trip.com/hotels/phuket-hotel-detail-1990699/icheck-inn-central-patong/?checkin=2026-05-10&city=725&module=list&link=button&from_page=list&adult=1&checkout=2026-05-11,https://sa.trip.com/?locale=ar-sa,https://sa.trip.com/hotels/phuket-hotel-detail-1990699/icheck-inn-central-patong/?checkin=2026-05-10&city=725&module=list&link=button&from_page=list&adult=1&checkout=2026-05-11,recon_page,2026-05-02T20:59:48.736480
69,1,3,0,0,0,0,1,0,11,0,com,200,2,368905,766.5419999999999,0,0,20,0,unknown,1,html,1,9,0,1,1,0,0,0,0,0,0,0,1,5,0,0,1,2,0,0,0,0,1,10,0,0,0,0,1,28,22,0,6,1,37,17,20,1,20,1,2,1,3,1,1,14,0,0,0,0,0,0,0,0,0,0,1,1,0,0,0,0,0,0,0,0,0,0,1,1,0,0,0.0,1.0,0.0,0,0,0,0,0,0,0,0,0,0,0,0,41,12,1,0,0,0,0,0,0,0.0,7.590029953511067e-05,0.125,0.04066087475095215,0,,multi_full_20260502_195405_0002,2026-05-02T20:59:48.680682,https://sa.trip.com/hotels/cairo-hotel-detail-107794701/lucky-hostel/,https://sa.trip.com/?locale=ar-sa,False,https://sa.trip.com/hotels/cairo-hotel-detail-107794701/lucky-hostel/,https://sa.trip.com/?locale=ar-sa,https://sa.trip.com/hotels/cairo-hotel-detail-107794701/lucky-hostel/,recon_page,2026-05-02T20:59:48.742510
86,1,3,0,0,0,0,1,0,11,0,com,200,2,391947,343.877,0,0,19,0,unknown,1,html,1,9,0,1,1,0,0,0,0,0,0,0,1,5,0,0,1,2,0,0,0,0,1,12,0,0,0,0,1,28,22,0,6,1,37,17,20,1,24,1,2,1,3,1,1,14,0,0,0,0,0,0,0,0,0,0,1,1,0,0,0,0,0,0,0,0,0,0,1,1,0,0,0.0,1.0,0.0,0,0,0,0,0,0,0,0,0,0,0,0,41,12,1,0,0,0,0,0,0,0.0,7.143823016887487e-05,0.125,0.043373211173959744,0,,multi_full_20260502_195405_0002,2026-05-02T20:59:48.735175,https://sa.trip.com/hotels/istanbul-hotel-detail-746146/fraser-place-anthill-istanbul/,https://sa.trip.com/?locale=ar-sa,False,https://sa.trip.com/hotels/istanbul-hotel-detail-746146/fraser-place-anthill-istanbul/,https://sa.trip.com/?locale=ar-sa,https://sa.trip.com/hotels/istanbul-hotel-detail-746146/fraser-place-anthill-istanbul/,recon_page,2026-05-02T20:59:48.755127
81,1,4,0,0,0,0,1,0,11,0,com,200,2,239423,1577.0729999999999,0,0,18,0,unknown,1,html,1,4,0,1,1,0,0,0,0,0,0,0,1,4,0,0,1,2,0,0,0,0,1,5,0,0,0,0,1,13,3,0,10,1,67,56,11,1,66,1,17,0,0,1,1,51,1,0,0,0,0,0,0,0,0,0,0,1,0,0,0,0,0,0,0,0,0,0,0,0,0,0,0.0,0.0,0.0,0,0,0,0,0,0,0,0,0,0,0,0,72,1,1,0,0,0,0,0,0,0.0,5.4297206199905605e-05,0.125,0.037590373523011575,0,,multi_full_20260502_195405_0002,2026-05-02T20:59:50.762505,https://sa.trip.com/hotels/shenzhen-hotel-detail-123453136/gui-meng-ju/photo.html,https://sa.trip.com/?locale=ar-sa,False,https://sa.trip.com/hotels/shenzhen-hotel-detail-123453136/gui-meng-ju/photo.html,https://sa.trip.com/?locale=ar-sa,https://sa.trip.com/hotels/shenzhen-hotel-detail-123453136/gui-meng-ju/photo.html,recon_page,2026-05-02T20:59:50.776628
196,1,3,1,7,0,0,1,0,11,0,com,200,2,390152,1791.677,0,0,19,0,unknown,1,html,1,9,0,1,1,0,0,0,0,0,0,0,1,5,0,0,1,2,0,0,0,0,1,18,0,0,0,0,1,28,22,0,6,1,37,17,20,1,27,1,2,1,3,1,1,14,0,0,0,0,0,0,0,0,0,0,1,1,0,0,0,0,0,0,1,0,0,0,1,1,0,0,0.0,1.0,0.0,0,0,0,0,0,0,0,0,0,0,0,0,41,12,1,0,0,0,0,0,0,0.0,7.176690110521028e-05,0.125,0.05895138305070844,0,,multi_full_20260502_195405_0002,2026-05-02T20:59:51.079422,https://sa.trip.com/hotels/istanbul-hotel-detail-744510/ramada-plaza-by-wyndham-istanbul-city-center/?checkin=2026-05-10&city=532&module=list&link=button&from_page=list&adult=1&checkout=2026-05-11,https://sa.trip.com/?locale=ar-sa,False,https://sa.trip.com/hotels/istanbul-hotel-detail-744510/ramada-plaza-by-wyndham-istanbul-city-center/?checkin=2026-05-10&city=532&module=list&link=button&from_page=list&adult=1&checkout=2026-05-11,https://sa.trip.com/?locale=ar-sa,https://sa.trip.com/hotels/istanbul-hotel-detail-744510/ramada-plaza-by-wyndham-istanbul-city-center/?checkin=2026-05-10&city=532&module=list&link=button&from_page=list&adult=1&checkout=2026-05-11,recon_page,2026-05-02T20:59:51.087194
53,1,2,0,0,0,0,1,0,11,0,com,200,2,659134,1377.7939999999999,0,0,18,0,unknown,1,html,1,4,0,1,1,0,0,0,0,0,0,0,1,5,0,0,1,2,0,0,0,0,1,62,0,0,0,0,1,15,5,0,10,1,98,87,11,1,115,1,17,0,0,1,1,49,1,0,0,0,0,0,0,0,0,0,0,1,0,0,0,0,0,0,0,0,0,0,0,0,0,0,0.0,0.0,0.0,0,0,0,0,0,0,0,0,0,0,0,0,94,1,1,0,0,0,0,0,1,0.0,2.2757132844004405e-05,0.125,0.10164852670321968,0,,multi_full_20260502_195405_0002,2026-05-02T20:59:52.256894,https://sa.trip.com/hotels/melbourne-hotels-list-358/,https://sa.trip.com/?locale=ar-sa,False,https://sa.trip.com/hotels/melbourne-hotels-list-358/,https://sa.trip.com/?locale=ar-sa,https://sa.trip.com/hotels/melbourne-hotels-list-358/,recon_page,2026-05-02T20:59:52.269078
41,1,2,1,1,0,0,1,0,11,0,com,200,2,637642,2455.44,0,0,17,0,unknown,0,html,1,7,0,1,1,0,0,0,0,0,0,0,1,5,0,0,1,2,0,0,0,0,1,13,0,0,0,0,1,3,3,0,0,1,65,49,16,1,13,1,27,1,2,1,1,2,1,0,0,0,0,0,0,0,0,0,1,1,0,0,0,0,0,0,1,0,0,0,1,2,0,0,0.0,0.0,0.0,0,0,0,0,0,0,0,0,0,0,0,0,64,12,1,0,0,0,0,0,1,0.0,4.704834374147249e-06,0.125,0.02822900624488349,0,,multi_full_20260502_195405_0002,2026-05-02T20:59:52.607551,https://sa.trip.com/hotels/list/?city=359,https://sa.trip.com/?locale=ar-sa,False,https://sa.trip.com/hotels/list/?city=359,https://sa.trip.com/?locale=ar-sa,https://sa.trip.com/hotels/list/?city=359,recon_page,2026-05-02T20:59:52.621962
80,1,3,0,0,0,0,1,0,11,0,com,200,2,307211,941.132,0,0,19,0,unknown,1,html,1,9,0,1,1,0,0,0,0,0,0,0,1,5,0,0,1,2,0,0,0,0,1,9,0,0,0,0,1,28,22,0,6,1,37,17,20,1,19,1,2,1,3,1,1,14,0,0,0,0,0,0,0,0,0,0,1,1,0,0,0,0,0,0,0,0,0,0,1,1,0,0,0.0,1.0,0.0,0,0,0,0,0,0,0,0,0,0,0,0,41,12,1,0,0,0,0,0,0,0.0,9.114256976475452e-05,0.125,0.04557128488237726,0,,multi_full_20260502_195405_0002,2026-05-02T20:59:54.485760,https://sa.trip.com/hotels/medina-hotel-detail-101056089/hayat-al-madinah-hotel/,https://sa.trip.com/?locale=ar-sa,False,https://sa.trip.com/hotels/medina-hotel-detail-101056089/hayat-al-madinah-hotel/,https://sa.trip.com/?locale=ar-sa,https://sa.trip.com/hotels/medina-hotel-detail-101056089/hayat-al-madinah-hotel/,recon_page,2026-05-02T20:59:54.503141
96,1,3,0,0,0,0,1,0,11,0,com,200,2,317224,304.53400000000005,0,0,19,0,unknown,1,html,1,9,0,1,1,0,0,0,0,0,0,0,1,5,0,0,1,2,0,0,0,0,1,12,0,0,0,0,1,28,22,0,6,1,37,17,20,1,22,1,2,1,3,1,1,14,0,0,0,0,0,0,0,0,0,0,1,1,0,0,0,0,0,0,0,0,0,0,1,1,0,0,0.0,1.0,0.0,0,0,0,0,0,0,0,0,0,0,0,0,41,12,1,0,0,0,0,0,0,0.0,8.826570499079515e-05,0.125,0.05358989231583991,0,,multi_full_20260502_195405_0002,2026-05-02T21:00:45.546578,https://sa.trip.com/hotels/jeddah-hotel-detail-10526292/mirada-purple-ubhor-serviced-apartments/,https://sa.trip.com/?locale=ar-sa,False,https://sa.trip.com/hotels/jeddah-hotel-detail-10526292/mirada-purple-ubhor-serviced-apartments/,https://sa.trip.com/?locale=ar-sa,https://sa.trip.com/hotels/jeddah-hotel-detail-10526292/mirada-purple-ubhor-serviced-apartments/,recon_page,2026-05-02T21:00:45.558253
82,1,3,0,0,0,0,1,0,11,0,com,200,2,455129,452.70300000000003,0,0,20,0,unknown,1,html,1,9,0,1,1,0,0,0,0,0,0,0,1,5,0,0,1,2,0,0,0,0,1,18,0,0,0,0,1,28,22,0,6,1,37,17,20,1,34,1,2,1,3,1,1,23,0,0,0,0,0,0,0,0,0,0,1,1,0,0,0,0,0,0,0,0,0,0,1,1,0,0,0.0,1.0,0.0,0,0,0,0,0,0,0,0,0,0,0,0,41,12,1,0,0,0,0,0,0,0.0,6.152101931540288e-05,0.125,0.05053512300908094,0,,multi_full_20260502_195405_0002,2026-05-02T21:00:48.506410,https://sa.trip.com/hotels/guangzhou-hotel-detail-439463/asia-international-hotel/,https://sa.trip.com/?locale=ar-sa,False,https://sa.trip.com/hotels/guangzhou-hotel-detail-439463/asia-international-hotel/,https://sa.trip.com/?locale=ar-sa,https://sa.trip.com/hotels/guangzhou-hotel-detail-439463/asia-international-hotel/,recon_page,2026-05-02T21:00:48.517275
87,1,4,0,0,0,0,1,0,11,0,com,200,2,268822,1031.819,0,0,17,0,unknown,1,html,1,4,0,1,1,0,0,0,0,0,0,0,1,4,0,0,1,2,0,0,0,0,1,8,0,0,0,0,1,13,3,0,10,1,67,56,11,1,90,1,17,0,0,1,1,67,1,0,0,0,0,0,0,0,0,0,0,1,0,0,0,0,0,0,0,0,0,0,0,0,0,0,0.0,0.0,0.0,0,0,0,0,0,0,0,0,0,0,0,0,71,1,1,0,0,0,0,0,0,0.0,4.835913727299105e-05,0.125,0.044639203636607123,0,,multi_full_20260502_195405_0002,2026-05-02T21:00:53.931382,https://sa.trip.com/hotels/aomori-hotel-detail-17508061/rembrandt-inn-aomori/photo.html,https://sa.trip.com/?locale=ar-sa,False,https://sa.trip.com/hotels/aomori-hotel-detail-17508061/rembrandt-inn-aomori/photo.html,https://sa.trip.com/?locale=ar-sa,https://sa.trip.com/hotels/aomori-hotel-detail-17508061/rembrandt-inn-aomori/photo.html,recon_page,2026-05-02T21:00:53.941094
53,1,3,0,0,0,0,1,0,11,0,com,404,4,17029,748.696,0,0,12,0,unknown,0,html,0,0,0,0,0,0,0,0,0,0,0,0,1,1,0,0,1,1,0,0,0,0,0,0,0,0,0,0,1,1,1,0,0,1,19,17,2,1,10,1,2,1,2,1,1,8,1,0,0,0,0,0,0,0,0,0,0,1,0,0,0,0,0,0,0,0,0,0,0,0,0,0,0.0,0.0,0.0,0,0,0,0,0,0,0,0,0,0,0,0,17,10,0,0,0,0,0,0,0,0.0,5.872335427799636e-05,0.0,0.05872335427799636,0,,multi_full_20260502_195405_0002,2026-05-02T21:00:55.874465,https://sa.trip.com/hotels/chicago-hotels-list-549/\/,https://sa.trip.com/?locale=ar-sa,False,https://sa.trip.com/hotels/chicago-hotels-list-549/\/,https://sa.trip.com/?locale=ar-sa,https://sa.trip.com/hotels/chicago-hotels-list-549/\/,recon_page,2026-05-02T21:00:55.892440
87,1,4,0,0,0,0,1,0,11,0,com,200,2,183239,928.184,0,0,17,0,unknown,1,html,1,4,0,1,1,0,0,0,0,0,0,0,1,4,0,0,1,2,0,0,0,0,1,7,0,0,0,0,1,13,3,0,10,1,67,56,11,1,38,1,17,0,0,1,0,0,1,0,0,0,0,0,0,0,0,0,0,1,0,0,0,0,0,0,0,0,0,0,0,0,0,0,0.0,0.0,0.0,0,0,0,0,0,0,0,0,0,0,0,0,71,1,1,0,0,0,0,0,0,0.0,7.094559564284896e-05,0.125,0.06003088862087219,0,,multi_full_20260502_195405_0002,2026-05-02T21:00:57.415632,https://sa.trip.com/hotels/porto-hotel-detail-38851388/hotel-catalonia-porto/photo.html,https://sa.trip.com/?locale=ar-sa,False,https://sa.trip.com/hotels/porto-hotel-detail-38851388/hotel-catalonia-porto/photo.html,https://sa.trip.com/?locale=ar-sa,https://sa.trip.com/hotels/porto-hotel-detail-38851388/hotel-catalonia-porto/photo.html,recon_page,2026-05-02T21:00:57.423577
57,1,5,0,0,0,0,1,0,11,0,com,200,2,303317,1176.599,0,0,18,0,unknown,1,html,1,4,0,1,1,0,0,0,0,0,0,0,1,5,0,0,1,2,0,0,0,0,1,2,0,0,0,0,1,15,5,0,10,1,76,65,11,1,71,1,17,0,0,1,1,11,1,0,0,0,0,0,0,0,0,0,0,1,0,0,0,0,0,0,0,0,0,0,0,0,0,0,0.0,0.0,0.0,0,0,0,0,0,0,0,0,0,0,0,0,81,1,1,0,0,0,0,0,0,0.0,4.9453212315827994e-05,0.125,0.023078165747386397,0,,multi_full_20260502_195405_0002,2026-05-02T21:00:57.784650,https://sa.trip.com/hotels/resorts/city/es/lanzarote.html,https://sa.trip.com/?locale=ar-sa,False,https://sa.trip.com/hotels/resorts/city/es/lanzarote.html,https://sa.trip.com/?locale=ar-sa,https://sa.trip.com/hotels/resorts/city/es/lanzarote.html,recon_page,2026-05-02T21:00:57.794603
83,1,3,0,0,0,0,1,0,11,0,com,200,2,393475,994.9780000000001,0,0,20,0,unknown,1,html,1,9,0,1,1,0,0,0,0,0,0,0,1,5,0,0,1,2,0,0,0,0,1,18,0,0,0,0,1,28,22,0,6,1,37,17,20,1,26,1,2,1,3,1,1,14,0,0,0,0,0,0,0,0,0,0,1,1,0,0,0,0,0,0,0,0,0,0,1,1,0,0,0.0,1.0,0.0,0,0,0,0,0,0,0,0,0,0,0,0,41,12,1,0,0,0,0,0,0,0.0,7.116081072495076e-05,0.125,0.058453523095495265,0,,multi_full_20260502_195405_0002,2026-05-02T21:00:58.096531,https://sa.trip.com/hotels/makkah-hotel-detail-106468968/address-jabal-omar-makkah/,https://sa.trip.com/?locale=ar-sa,False,https://sa.trip.com/hotels/makkah-hotel-detail-106468968/address-jabal-omar-makkah/,https://sa.trip.com/?locale=ar-sa,https://sa.trip.com/hotels/makkah-hotel-detail-106468968/address-jabal-omar-makkah/,recon_page,2026-05-02T21:00:58.111739
96,1,3,0,0,0,0,1,0,11,0,com,200,2,409538,1107.2169999999999,0,0,20,0,unknown,1,html,1,9,0,1,1,0,0,0,0,0,0,0,1,5,0,0,1,2,0,0,0,0,1,14,0,0,0,0,1,28,22,0,6,1,37,17,20,1,27,1,2,1,3,1,1,14,0,0,0,0,0,0,0,0,0,0,1,1,0,0,0,0,0,0,0,0,0,0,1,1,0,0,0.0,1.0,0.0,0,0,0,0,0,0,0,0,0,0,0,0,41,12,1,0,0,0,0,0,0,0.0,6.836972393282186e-05,0.125,0.04639374124012912,0,,multi_full_20260502_195405_0002,2026-05-02T21:00:59.726426,https://sa.trip.com/hotels/al-khobar-hotel-detail-117916849/hilton-al-khobar-king-fahd-causeway/,https://sa.trip.com/?locale=ar-sa,False,https://sa.trip.com/hotels/al-khobar-hotel-detail-117916849/hilton-al-khobar-king-fahd-causeway/,https://sa.trip.com/?locale=ar-sa,https://sa.trip.com/hotels/al-khobar-hotel-detail-117916849/hilton-al-khobar-king-fahd-causeway/,recon_page,2026-05-02T21:00:59.739057
83,1,3,0,0,0,0,1,0,11,0,com,200,2,442603,945.063,0,0,20,0,unknown,1,html,1,9,0,1,1,0,0,0,0,0,0,0,1,5,0,0,1,2,0,0,0,0,1,18,0,0,0,0,1,28,22,0,6,1,37,17,20,1,34,1,2,1,3,1,1,18,0,0,0,0,0,0,0,0,0,0,1,1,0,0,0,0,0,0,0,0,0,0,1,1,0,0,0.0,1.0,0.0,0,0,0,0,0,0,0,0,0,0,0,0,41,12,1,0,0,0,0,0,0,0.0,6.326211074032485e-05,0.125,0.05196530525098113,0,,multi_full_20260502_195405_0002,2026-05-02T21:01:01.010230,https://sa.trip.com/hotels/guangzhou-hotel-detail-6082046/weidu-serviced-apartment/,https://sa.trip.com/?locale=ar-sa,False,https://sa.trip.com/hotels/guangzhou-hotel-detail-6082046/weidu-serviced-apartment/,https://sa.trip.com/?locale=ar-sa,https://sa.trip.com/hotels/guangzhou-hotel-detail-6082046/weidu-serviced-apartment/,recon_page,2026-05-02T21:01:01.023915
80,1,4,0,0,0,0,1,0,11,0,com,200,2,330678,1870.894,0,0,18,0,unknown,1,html,1,4,0,1,1,0,0,0,0,0,0,0,1,4,0,0,1,2,0,0,0,0,1,11,0,0,0,0,1,13,3,0,10,1,67,56,11,1,110,1,17,0,0,1,1,92,1,0,0,0,0,0,0,0,0,0,0,1,0,0,0,0,0,0,0,0,0,0,0,0,0,0,0.0,0.0,0.0,0,0,0,0,0,0,0,0,0,0,0,0,72,1,1,0,0,0,0,0,0,0.0,3.931316870187917e-05,0.125,0.045361348502168275,0,,multi_full_20260502_195405_0002,2026-05-02T21:01:01.383239,https://sa.trip.com/hotels/xi-an-hotel-detail-2352601/orangehao-hotel/photo.html,https://sa.trip.com/?locale=ar-sa,False,https://sa.trip.com/hotels/xi-an-hotel-detail-2352601/orangehao-hotel/photo.html,https://sa.trip.com/?locale=ar-sa,https://sa.trip.com/hotels/xi-an-hotel-detail-2352601/orangehao-hotel/photo.html,recon_page,2026-05-02T21:01:01.394202
82,1,3,0,0,0,0,1,0,11,0,com,200,2,356700,1106.298,0,0,20,0,unknown,1,html,1,9,0,1,1,0,0,0,0,0,0,0,1,5,0,0,1,2,0,0,0,0,1,10,0,0,0,0,1,28,22,0,6,1,37,17,20,1,24,1,2,1,3,1,1,15,0,0,0,0,0,0,0,0,0,0,1,1,0,0,0,0,0,0,0,0,0,0,1,1,0,0,0.0,1.0,0.0,0,0,0,0,0,0,0,0,0,0,0,0,41,12,1,0,0,0,0,0,0,0.0,7.849733669750491e-05,0.125,0.04205214465937763,0,,multi_full_20260502_195405_0002,2026-05-02T21:01:03.047281,https://sa.trip.com/hotels/jeddah-hotel-detail-119242293/joudyan-jeddah-king-road/,https://sa.trip.com/?locale=ar-sa,False,https://sa.trip.com/hotels/jeddah-hotel-detail-119242293/joudyan-jeddah-king-road/,https://sa.trip.com/?locale=ar-sa,https://sa.trip.com/hotels/jeddah-hotel-detail-119242293/joudyan-jeddah-king-road/,recon_page,2026-05-02T21:01:03.063416
174,1,3,1,7,0,0,1,0,11,0,com,200,2,407357,1079.548,0,0,19,0,unknown,1,html,1,9,0,1,1,0,0,0,0,0,0,0,1,5,0,0,1,2,0,0,0,0,1,18,0,0,0,0,1,28,22,0,6,1,36,16,20,1,29,1,2,1,3,1,1,14,0,0,0,0,0,0,0,0,0,0,1,1,0,0,0,0,0,0,1,0,0,0,1,1,0,0,0.0,1.0,0.0,0,0,0,0,0,0,0,0,0,0,0,0,40,12,1,0,0,0,0,0,0,0.0,6.873577721752664e-05,0.125,0.05646153128582545,0,,multi_full_20260502_195405_0002,2026-05-02T21:01:03.539838,https://sa.trip.com/hotels/phuket-hotel-detail-998428/baan-laimai-beach-resort/?checkin=2026-05-10&city=725&module=list&link=button&from_page=list&adult=1&checkout=2026-05-11,https://sa.trip.com/?locale=ar-sa,False,https://sa.trip.com/hotels/phuket-hotel-detail-998428/baan-laimai-beach-resort/?checkin=2026-05-10&city=725&module=list&link=button&from_page=list&adult=1&checkout=2026-05-11,https://sa.trip.com/?locale=ar-sa,https://sa.trip.com/hotels/phuket-hotel-detail-998428/baan-laimai-beach-resort/?checkin=2026-05-10&city=725&module=list&link=button&from_page=list&adult=1&checkout=2026-05-11,recon_page,2026-05-02T21:01:03.597717
166,1,3,1,7,0,0,1,0,11,0,com,200,2,332268,544.818,0,0,19,0,unknown,1,html,1,9,0,1,1,0,0,0,0,0,0,0,1,5,0,0,1,2,0,0,0,0,1,13,0,0,0,0,1,28,22,0,6,1,37,17,20,1,23,1,2,1,3,1,1,14,0,0,0,0,0,0,0,0,0,0,1,1,0,0,0,0,0,0,1,0,0,0,1,1,0,0,0.0,1.0,0.0,0,0,0,0,0,0,0,0,0,0,0,0,41,12,1,0,0,0,0,0,0,0.0,8.426932476193916e-05,0.125,0.054173137346960894,0,,multi_full_20260502_195405_0002,2026-05-02T21:01:55.549128,https://sa.trip.com/hotels/riyadh-hotel-detail-123531814/freesia-hotel/?checkin=2026-05-10&city=789&module=list&link=button&from_page=list&adult=1&checkout=2026-05-11,https://sa.trip.com/?locale=ar-sa,False,https://sa.trip.com/hotels/riyadh-hotel-detail-123531814/freesia-hotel/?checkin=2026-05-10&city=789&module=list&link=button&from_page=list&adult=1&checkout=2026-05-11,https://sa.trip.com/?locale=ar-sa,https://sa.trip.com/hotels/riyadh-hotel-detail-123531814/freesia-hotel/?checkin=2026-05-10&city=789&module=list&link=button&from_page=list&adult=1&checkout=2026-05-11,recon_page,2026-05-02T21:01:55.608611
79,1,3,0,0,0,0,1,0,11,0,com,200,2,326038,775.361,0,0,20,0,unknown,1,html,1,9,0,1,1,0,0,0,0,0,0,0,1,5,0,0,1,2,0,0,0,0,1,18,0,0,0,0,1,28,22,0,6,1,37,17,20,1,24,1,2,1,3,1,1,14,0,0,0,0,0,0,0,0,0,0,1,1,0,0,0,0,0,0,0,0,0,0,1,1,0,0,0.0,1.0,0.0,0,0,0,0,0,0,0,0,0,0,0,0,41,12,1,0,0,0,0,0,0,0.0,8.587956005128236e-05,0.125,0.07054392432783908,0,,multi_full_20260502_195405_0002,2026-05-02T21:01:58.810077,https://sa.trip.com/hotels/makkah-hotel-detail-15935344/al-kiswah-towers-hotel/,https://sa.trip.com/?locale=ar-sa,False,https://sa.trip.com/hotels/makkah-hotel-detail-15935344/al-kiswah-towers-hotel/,https://sa.trip.com/?locale=ar-sa,https://sa.trip.com/hotels/makkah-hotel-detail-15935344/al-kiswah-towers-hotel/,recon_page,2026-05-02T21:01:59.094364
174,1,3,1,7,0,0,1,0,11,0,com,200,2,285642,582.2969999999999,0,0,19,0,unknown,1,html,1,9,0,1,1,0,0,0,0,0,0,0,1,5,0,0,1,2,0,0,0,0,1,10,0,0,0,0,1,28,22,0,6,1,37,17,20,1,11,1,2,1,3,1,1,14,0,0,0,0,0,0,0,0,0,0,1,1,0,0,0,0,0,0,1,0,0,0,1,1,0,0,0.0,1.0,0.0,0,0,0,0,0,0,0,0,0,0,0,0,41,12,1,0,0,0,0,0,0,0.0,9.802480027446944e-05,0.125,0.052513285861322916,0,,multi_full_20260502_195405_0002,2026-05-02T21:02:09.040477,https://sa.trip.com/hotels/riyadh-hotel-detail-99078557/tura-residence-qurtuba/?checkin=2026-05-10&city=789&module=list&link=button&from_page=list&adult=1&checkout=2026-05-11,https://sa.trip.com/?locale=ar-sa,False,https://sa.trip.com/hotels/riyadh-hotel-detail-99078557/tura-residence-qurtuba/?checkin=2026-05-10&city=789&module=list&link=button&from_page=list&adult=1&checkout=2026-05-11,https://sa.trip.com/?locale=ar-sa,https://sa.trip.com/hotels/riyadh-hotel-detail-99078557/tura-residence-qurtuba/?checkin=2026-05-10&city=789&module=list&link=button&from_page=list&adult=1&checkout=2026-05-11,recon_page,2026-05-02T21:02:09.312192
51,1,2,0,0,0,0,1,0,11,0,com,200,2,646895,802.117,0,0,17,0,unknown,1,html,1,4,0,1,1,0,0,0,0,0,0,0,1,5,0,0,1,2,0,0,0,0,1,55,0,0,0,0,1,15,5,0,10,1,103,92,11,1,109,1,17,0,0,1,1,42,1,0,0,0,0,0,0,0,0,0,0,1,0,0,0,0,0,0,0,0,0,0,0,0,0,0,0.0,0.0,0.0,0,0,0,0,0,0,0,0,0,0,0,0,95,1,1,0,0,0,0,0,1,0.0,2.3187688883049027e-05,0.125,0.09275075553219611,0,,multi_full_20260502_195405_0002,2026-05-02T21:03:11.826679,https://sa.trip.com/hotels/chicago-hotels-list-549/,https://sa.trip.com/?locale=ar-sa,False,https://sa.trip.com/hotels/chicago-hotels-list-549/,https://sa.trip.com/?locale=ar-sa,https://sa.trip.com/hotels/chicago-hotels-list-549/,recon_page,2026-05-02T21:03:11.891585
194,1,3,1,7,0,0,1,0,11,0,com,200,2,370018,613.957,0,0,19,0,unknown,1,html,1,9,0,1,1,0,0,0,0,0,0,0,1,5,0,0,1,2,0,0,0,0,1,13,0,0,0,0,1,28,22,0,6,1,37,17,20,1,20,1,2,1,3,1,1,14,0,0,0,0,0,0,0,0,0,0,1,1,0,0,0,0,0,0,1,0,0,0,1,1,0,0,0.0,1.0,0.0,0,0,0,0,0,0,0,0,0,0,0,0,41,12,1,0,0,0,0,0,0,0.0,7.567199433541071e-05,0.125,0.04864628207276403,0,,multi_full_20260502_195405_0002,2026-05-02T21:03:13.033594,https://sa.trip.com/hotels/jeddah-hotel-detail-30012060/dara-al-yammamah-hotel-formerly-nuzl-shada/?checkin=2026-05-10&city=801&module=list&link=button&from_page=list&adult=1&checkout=2026-05-11,https://sa.trip.com/?locale=ar-sa,False,https://sa.trip.com/hotels/jeddah-hotel-detail-30012060/dara-al-yammamah-hotel-formerly-nuzl-shada/?checkin=2026-05-10&city=801&module=list&link=button&from_page=list&adult=1&checkout=2026-05-11,https://sa.trip.com/?locale=ar-sa,https://sa.trip.com/hotels/jeddah-hotel-detail-30012060/dara-al-yammamah-hotel-formerly-nuzl-shada/?checkin=2026-05-10&city=801&module=list&link=button&from_page=list&adult=1&checkout=2026-05-11,recon_page,2026-05-02T21:03:13.047674
77,1,3,0,0,0,0,1,0,11,0,com,200,2,379812,688.141,0,0,20,0,unknown,1,html,1,9,0,1,1,0,0,0,0,0,0,0,1,5,0,0,1,2,0,0,0,0,1,10,0,0,0,0,1,28,22,0,6,1,37,17,20,1,28,1,2,1,3,1,1,15,0,0,0,0,0,0,0,0,0,0,1,1,0,0,0,0,0,0,0,0,0,0,1,1,0,0,0.0,1.0,0.0,0,0,0,0,0,0,0,0,0,0,0,0,41,12,1,0,0,0,0,0,0,0.0,7.372068286415385e-05,0.125,0.039493222962939556,0,,multi_full_20260502_195405_0002,2026-05-02T21:03:13.572159,https://sa.trip.com/hotels/duba-2-hotel-detail-123159556/royal-lazure-resort/,https://sa.trip.com/?locale=ar-sa,False,https://sa.trip.com/hotels/duba-2-hotel-detail-123159556/royal-lazure-resort/,https://sa.trip.com/?locale=ar-sa,https://sa.trip.com/hotels/duba-2-hotel-detail-123159556/royal-lazure-resort/,recon_page,2026-05-02T21:03:13.581449
179,1,3,1,7,0,0,1,0,11,0,com,200,2,415914,714.8,0,0,19,0,unknown,1,html,1,9,0,1,1,0,0,0,0,0,0,0,1,5,0,0,1,2,0,0,0,0,1,16,0,0,0,0,1,28,22,0,6,1,37,17,20,1,25,1,2,1,3,1,1,14,0,0,0,0,0,0,0,0,0,0,1,1,0,0,0,0,0,0,1,0,0,0,1,1,0,0,0.0,1.0,0.0,0,0,0,0,0,0,0,0,0,0,0,0,41,12,1,0,0,0,0,0,0,0.0,6.732160975586299e-05,0.125,0.05049120731689725,0,,multi_full_20260502_195405_0002,2026-05-02T21:03:14.216068,https://sa.trip.com/hotels/istanbul-hotel-detail-124544626/novotel-istanbul-bomonti/?checkin=2026-05-10&city=532&module=list&link=button&from_page=list&adult=1&checkout=2026-05-11,https://sa.trip.com/?locale=ar-sa,False,https://sa.trip.com/hotels/istanbul-hotel-detail-124544626/novotel-istanbul-bomonti/?checkin=2026-05-10&city=532&module=list&link=button&from_page=list&adult=1&checkout=2026-05-11,https://sa.trip.com/?locale=ar-sa,https://sa.trip.com/hotels/istanbul-hotel-detail-124544626/novotel-istanbul-bomonti/?checkin=2026-05-10&city=532&module=list&link=button&from_page=list&adult=1&checkout=2026-05-11,recon_page,2026-05-02T21:03:14.230255
80,1,3,0,0,0,0,1,0,11,0,com,200,2,346987,1102.079,0,0,20,0,unknown,1,html,1,9,0,1,1,0,0,0,0,0,0,0,1,5,0,0,1,2,0,0,0,0,1,13,0,0,0,0,1,28,22,0,6,1,36,16,20,1,21,1,2,1,3,1,1,14,0,0,0,0,0,0,0,0,0,0,1,1,0,0,0,0,0,0,0,0,0,0,1,1,0,0,0.0,1.0,0.0,0,0,0,0,0,0,0,0,0,0,0,0,40,12,1,0,0,0,0,0,0,0.0,8.069466579439575e-05,0.125,0.05187514229639727,0,,multi_full_20260502_195405_0002,2026-05-02T21:03:15.129671,https://sa.trip.com/hotels/phuket-hotel-detail-23646344/sleep-box-patong-hostel/,https://sa.trip.com/?locale=ar-sa,False,https://sa.trip.com/hotels/phuket-hotel-detail-23646344/sleep-box-patong-hostel/,https://sa.trip.com/?locale=ar-sa,https://sa.trip.com/hotels/phuket-hotel-detail-23646344/sleep-box-patong-hostel/,recon_page,2026-05-02T21:03:15.147795
52,1,5,0,0,0,0,1,0,11,0,com,200,2,309255,770.102,0,0,18,0,unknown,1,html,1,4,0,1,1,0,0,0,0,0,0,0,1,5,0,0,1,2,0,0,0,0,1,2,0,0,0,0,1,15,5,0,10,1,63,52,11,1,71,1,17,0,0,1,1,9,1,0,0,0,0,0,0,0,0,0,0,1,0,0,0,0,0,0,0,0,0,0,0,0,0,0,0.0,0.0,0.0,0,0,0,0,0,0,0,0,0,0,0,0,68,1,1,0,0,0,0,0,0,0.0,4.8503662026483e-05,0.125,0.0226350422790254,0,,multi_full_20260502_195405_0002,2026-05-02T21:03:15.909265,https://sa.trip.com/hotels/new/city/eg/hurghada.html,https://sa.trip.com/?locale=ar-sa,False,https://sa.trip.com/hotels/new/city/eg/hurghada.html,https://sa.trip.com/?locale=ar-sa,https://sa.trip.com/hotels/new/city/eg/hurghada.html,recon_page,2026-05-02T21:03:15.924177
82,1,3,0,0,0,0,1,0,11,0,com,200,2,278952,988.417,0,0,19,0,unknown,1,html,1,9,0,1,1,0,0,0,0,0,0,0,1,5,0,0,1,2,0,0,0,0,1,16,0,0,0,0,1,28,22,0,6,1,37,17,20,1,15,1,2,1,3,1,1,14,0,0,0,0,0,0,0,0,0,0,1,1,0,0,0,0,0,0,0,0,0,0,1,1,0,0,0.0,1.0,0.0,0,0,0,0,0,0,0,0,0,0,0,0,41,12,1,0,0,0,0,0,0,0.0,0.00010037569187530472,0.125,0.07528176890647853,0,,multi_full_20260502_195405_0002,2026-05-02T21:03:17.739436,https://sa.trip.com/hotels/wuhan-hotel-detail-131941970/starry-sky-rooftop-hostel/,https://sa.trip.com/?locale=ar-sa,False,https://sa.trip.com/hotels/wuhan-hotel-detail-131941970/starry-sky-rooftop-hostel/,https://sa.trip.com/?locale=ar-sa,https://sa.trip.com/hotels/wuhan-hotel-detail-131941970/starry-sky-rooftop-hostel/,recon_page,2026-05-02T21:03:17.756142
83,1,3,0,0,0,0,1,0,11,0,com,200,2,316284,687.192,0,0,20,0,unknown,1,html,1,9,0,1,1,0,0,0,0,0,0,0,1,5,0,0,1,2,0,0,0,0,1,11,0,0,0,0,1,28,22,0,6,1,37,17,20,1,20,1,2,1,3,1,1,14,0,0,0,0,0,0,0,0,0,0,1,1,0,0,0,0,0,0,0,0,0,0,1,1,0,0,0.0,1.0,0.0,0,0,0,0,0,0,0,0,0,0,0,0,41,12,1,0,0,0,0,0,0,0.0,8.852803176891655e-05,0.125,0.050587446725095166,0,,multi_full_20260502_195405_0002,2026-05-02T21:03:18.278911,https://sa.trip.com/hotels/riyadh-hotel-detail-82255521/elian-tower-alsahafa-hotel/,https://sa.trip.com/?locale=ar-sa,False,https://sa.trip.com/hotels/riyadh-hotel-detail-82255521/elian-tower-alsahafa-hotel/,https://sa.trip.com/?locale=ar-sa,https://sa.trip.com/hotels/riyadh-hotel-detail-82255521/elian-tower-alsahafa-hotel/,recon_page,2026-05-02T21:03:18.290707
202,1,3,1,7,0,0,1,0,11,0,com,200,2,409448,579.28,0,0,19,0,unknown,1,html,1,9,0,1,1,0,0,0,0,0,0,0,1,5,0,0,1,2,0,0,0,0,1,15,0,0,0,0,1,28,22,0,6,1,37,17,20,1,25,1,2,1,3,1,1,14,0,0,0,0,0,0,0,0,0,0,1,1,0,0,0,0,0,0,1,0,0,0,1,1,0,0,0.0,1.0,0.0,0,0,0,0,0,0,0,0,0,0,0,0,41,12,1,0,0,0,0,0,0,0.0,6.83847521541197e-05,0.125,0.048846251538656925,0,,multi_full_20260502_195405_0002,2026-05-02T21:03:20.264150,https://sa.trip.com/hotels/istanbul-hotel-detail-746271/opera-hotel-bosphorus-preferred-hotels-and-resorts/?checkin=2026-05-10&city=532&module=list&link=button&from_page=list&adult=1&checkout=2026-05-11,https://sa.trip.com/?locale=ar-sa,False,https://sa.trip.com/hotels/istanbul-hotel-detail-746271/opera-hotel-bosphorus-preferred-hotels-and-resorts/?checkin=2026-05-10&city=532&module=list&link=button&from_page=list&adult=1&checkout=2026-05-11,https://sa.trip.com/?locale=ar-sa,https://sa.trip.com/hotels/istanbul-hotel-detail-746271/opera-hotel-bosphorus-preferred-hotels-and-resorts/?checkin=2026-05-10&city=532&module=list&link=button&from_page=list&adult=1&checkout=2026-05-11,recon_page,2026-05-02T21:03:20.277785
99,1,4,0,0,0,0,1,0,11,0,com,200,2,251638,595.883,0,0,17,0,unknown,1,html,1,4,0,1,1,0,0,0,0,0,0,0,1,4,0,0,1,2,0,0,0,0,1,9,0,0,0,0,1,13,3,0,10,1,67,56,11,1,88,1,17,0,0,1,1,46,1,0,0,0,0,0,0,0,0,0,0,1,0,0,0,0,0,0,0,0,0,0,0,0,0,0,0.0,0.0,0.0,0,0,0,0,0,0,0,0,0,0,0,0,71,1,1,0,0,0,0,0,0,0.0,5.1661513761832474e-05,0.125,0.05166151376183247,0,,multi_full_20260502_195405_0002,2026-05-02T21:04:12.050351,https://sa.trip.com/hotels/vanves-hotel-detail-3721166/ibis-budget-paris-porte-de-vanves/photo.html,https://sa.trip.com/?locale=ar-sa,False,https://sa.trip.com/hotels/vanves-hotel-detail-3721166/ibis-budget-paris-porte-de-vanves/photo.html,https://sa.trip.com/?locale=ar-sa,https://sa.trip.com/hotels/vanves-hotel-detail-3721166/ibis-budget-paris-porte-de-vanves/photo.html,recon_page,2026-05-02T21:04:12.062475
92,1,3,0,0,0,0,1,0,11,0,com,200,2,307245,382.1,0,0,20,0,unknown,1,html,1,9,0,1,1,0,0,0,0,0,0,0,1,5,0,0,1,2,0,0,0,0,1,12,0,0,0,0,1,28,22,0,6,1,37,17,20,1,18,1,2,1,3,1,1,14,0,0,0,0,0,0,0,0,0,0,1,1,0,0,0,0,0,0,0,0,0,0,1,1,0,0,0.0,1.0,0.0,0,0,0,0,0,0,0,0,0,0,0,0,41,12,1,0,0,0,0,0,0,0.0,9.11324838483946e-05,0.125,0.05533043662223958,0,,multi_full_20260502_195405_0002,2026-05-02T21:04:15.559571,https://sa.trip.com/hotels/jeddah-hotel-detail-131954564/akarem-al-safa-serviced-apartments/,https://sa.trip.com/?locale=ar-sa,False,https://sa.trip.com/hotels/jeddah-hotel-detail-131954564/akarem-al-safa-serviced-apartments/,https://sa.trip.com/?locale=ar-sa,https://sa.trip.com/hotels/jeddah-hotel-detail-131954564/akarem-al-safa-serviced-apartments/,recon_page,2026-05-02T21:04:15.575538
165,1,3,1,7,0,0,1,0,11,0,com,200,2,353366,879.8359999999999,0,0,19,0,unknown,1,html,1,9,0,1,1,0,0,0,0,0,0,0,1,5,0,0,1,2,0,0,0,0,1,15,0,0,0,0,1,28,22,0,6,1,37,17,20,1,23,1,2,1,3,1,1,14,0,0,0,0,0,0,0,0,0,0,1,1,0,0,0,0,0,0,1,0,0,0,1,1,0,0,0.0,1.0,0.0,0,0,0,0,0,0,0,0,0,0,0,0,41,12,1,0,0,0,0,0,0,0.0,7.923795724546222e-05,0.125,0.05659854088961587,0,,multi_full_20260502_195405_0002,2026-05-02T21:04:21.136060,https://sa.trip.com/hotels/jinan-hotel-detail-133482051/daibei-hostel/?checkin=2026-05-10&city=144&module=list&link=button&from_page=list&adult=1&checkout=2026-05-11,https://sa.trip.com/?locale=ar-sa,False,https://sa.trip.com/hotels/jinan-hotel-detail-133482051/daibei-hostel/?checkin=2026-05-10&city=144&module=list&link=button&from_page=list&adult=1&checkout=2026-05-11,https://sa.trip.com/?locale=ar-sa,https://sa.trip.com/hotels/jinan-hotel-detail-133482051/daibei-hostel/?checkin=2026-05-10&city=144&module=list&link=button&from_page=list&adult=1&checkout=2026-05-11,recon_page,2026-05-02T21:04:21.152387
177,1,3,1,7,0,0,1,0,11,0,com,200,2,268940,517.2139999999999,0,0,19,0,unknown,1,html,1,9,0,1,1,0,0,0,0,0,0,0,1,5,0,0,1,2,0,0,0,0,1,16,0,0,0,0,1,28,22,0,6,1,37,17,20,1,11,1,2,1,3,1,1,14,0,0,0,0,0,0,0,0,0,0,1,1,0,0,0,0,0,0,1,0,0,0,1,1,0,0,0.0,1.0,0.0,0,0,0,0,0,0,0,0,0,0,0,0,41,12,1,0,0,0,0,0,0,0.0,0.00010411244143675169,0.125,0.07808433107756377,0,,multi_full_20260502_195405_0002,2026-05-02T21:04:21.953072,https://sa.trip.com/hotels/wuhan-hotel-detail-131941970/starry-sky-rooftop-hostel/?checkin=2026-05-10&city=477&module=list&link=button&from_page=list&adult=1&checkout=2026-05-11,https://sa.trip.com/?locale=ar-sa,False,https://sa.trip.com/hotels/wuhan-hotel-detail-131941970/starry-sky-rooftop-hostel/?checkin=2026-05-10&city=477&module=list&link=button&from_page=list&adult=1&checkout=2026-05-11,https://sa.trip.com/?locale=ar-sa,https://sa.trip.com/hotels/wuhan-hotel-detail-131941970/starry-sky-rooftop-hostel/?checkin=2026-05-10&city=477&module=list&link=button&from_page=list&adult=1&checkout=2026-05-11,recon_page,2026-05-02T21:04:21.960192
85,1,3,0,0,0,0,1,0,11,0,com,200,2,290079,731.029,0,0,19,0,unknown,1,html,1,9,0,1,1,0,0,0,0,0,0,0,1,5,0,0,1,2,0,0,0,0,1,8,0,0,0,0,1,28,22,0,6,1,37,17,20,1,18,1,2,1,3,1,1,14,0,0,0,0,0,0,0,0,0,0,1,1,0,0,0,0,0,0,0,0,0,0,1,1,0,0,0.0,1.0,0.0,0,0,0,0,0,0,0,0,0,0,0,0,41,12,1,0,0,0,0,0,0,0.0,9.652542927961004e-05,0.125,0.04481537787981894,0,,multi_full_20260502_195405_0002,2026-05-02T21:04:23.504511,https://sa.trip.com/hotels/riyadh-hotel-detail-124447749/tura-residence-sulaymaniyah/,https://sa.trip.com/?locale=ar-sa,False,https://sa.trip.com/hotels/riyadh-hotel-detail-124447749/tura-residence-sulaymaniyah/,https://sa.trip.com/?locale=ar-sa,https://sa.trip.com/hotels/riyadh-hotel-detail-124447749/tura-residence-sulaymaniyah/,recon_page,2026-05-02T21:04:23.540089
83,1,3,0,0,0,0,1,0,11,0,com,200,2,392177,744.063,0,0,20,0,unknown,1,html,1,9,0,1,1,0,0,0,0,0,0,0,1,5,0,0,1,2,0,0,0,0,1,18,0,0,0,0,1,28,22,0,6,1,37,17,20,1,26,1,2,1,3,1,1,14,0,0,0,0,0,0,0,0,0,0,1,1,0,0,0,0,0,0,0,0,0,0,1,1,0,0,0.0,1.0,0.0,0,0,0,0,0,0,0,0,0,0,0,0,41,12,1,0,0,0,0,0,0,0.0,7.139633379825947e-05,0.125,0.0586469884771417,0,,multi_full_20260502_195405_0002,2026-05-02T21:04:24.668361,https://sa.trip.com/hotels/makkah-hotel-detail-97265819/novotel-makkah-thaker-city/,https://sa.trip.com/?locale=ar-sa,False,https://sa.trip.com/hotels/makkah-hotel-detail-97265819/novotel-makkah-thaker-city/,https://sa.trip.com/?locale=ar-sa,https://sa.trip.com/hotels/makkah-hotel-detail-97265819/novotel-makkah-thaker-city/,recon_page,2026-05-02T21:04:24.679799
72,1,3,0,0,0,0,1,0,11,0,com,200,2,311490,586.1129999999999,0,0,19,0,unknown,1,html,1,9,0,1,1,0,0,0,0,0,0,0,1,5,0,0,1,2,0,0,0,0,1,13,0,0,0,0,1,28,22,0,6,1,37,17,20,1,17,1,2,1,3,1,1,14,0,0,0,0,0,0,0,0,0,0,1,1,0,0,0,0,0,0,0,0,0,0,1,1,0,0,0.0,1.0,0.0,0,0,0,0,0,0,0,0,0,0,0,0,41,12,1,0,0,0,0,0,0,0.0,8.989052618061576e-05,0.125,0.05778676683039584,0,,multi_full_20260502_195405_0002,2026-05-02T21:04:24.999264,https://sa.trip.com/hotels/jeddah-hotel-detail-101946481/alrayyan-tower/,https://sa.trip.com/?locale=ar-sa,False,https://sa.trip.com/hotels/jeddah-hotel-detail-101946481/alrayyan-tower/,https://sa.trip.com/?locale=ar-sa,https://sa.trip.com/hotels/jeddah-hotel-detail-101946481/alrayyan-tower/,recon_page,2026-05-02T21:04:25.064553
218,1,3,1,7,0,0,1,0,11,0,com,200,2,388828,615.171,0,0,20,0,unknown,1,html,1,9,0,1,1,0,0,0,0,0,0,0,1,5,0,0,1,2,0,0,0,0,1,18,0,0,0,0,1,28,22,0,6,1,37,17,20,1,24,1,2,1,3,1,1,15,0,0,0,0,0,0,0,0,0,0,1,1,0,0,0,0,0,0,1,0,0,0,1,1,0,0,0.0,1.0,0.0,0,0,0,0,0,0,0,0,0,0,0,0,41,12,1,0,0,0,0,0,0,0.0,7.201127490818562e-05,0.125,0.059152118674581054,0,,multi_full_20260502_195405_0002,2026-05-02T21:04:25.298620,https://sa.trip.com/hotels/guangzhou-hotel-detail-1647508/youyou-international-apartment-guangzhou-grandview-huanshi-center/?checkin=2026-05-10&city=32&module=list&link=button&from_page=list&adult=1&checkout=2026-05-11,https://sa.trip.com/?locale=ar-sa,False,https://sa.trip.com/hotels/guangzhou-hotel-detail-1647508/youyou-international-apartment-guangzhou-grandview-huanshi-center/?checkin=2026-05-10&city=32&module=list&link=button&from_page=list&adult=1&checkout=2026-05-11,https://sa.trip.com/?locale=ar-sa,https://sa.trip.com/hotels/guangzhou-hotel-detail-1647508/youyou-international-apartment-guangzhou-grandview-huanshi-center/?checkin=2026-05-10&city=32&module=list&link=button&from_page=list&adult=1&checkout=2026-05-11,recon_page,2026-05-02T21:04:25.325178
201,1,3,1,7,0,0,1,0,11,0,com,200,2,376288,586.39,0,0,19,0,unknown,1,html,1,9,0,1,1,0,0,0,0,0,0,0,1,5,0,0,1,2,0,0,0,0,1,18,0,0,0,0,1,28,22,0,6,1,37,17,20,1,26,1,2,1,3,1,1,14,0,0,0,0,0,0,0,0,0,0,1,1,0,0,0,0,0,0,1,0,0,0,1,1,0,0,0.0,1.0,0.0,0,0,0,0,0,0,0,0,0,0,0,0,41,12,1,0,0,0,0,0,0,0.0,7.44110893783485e-05,0.125,0.06112339484650055,0,,multi_full_20260502_195405_0002,2026-05-02T21:04:25.650744,https://sa.trip.com/hotels/cipanas-hotel-detail-7604868/le-eminence-puncak-hotel-convention-and-resort/?checkin=2026-05-10&city=697214&module=list&link=button&from_page=list&adult=1&checkout=2026-05-11,https://sa.trip.com/?locale=ar-sa,False,https://sa.trip.com/hotels/cipanas-hotel-detail-7604868/le-eminence-puncak-hotel-convention-and-resort/?checkin=2026-05-10&city=697214&module=list&link=button&from_page=list&adult=1&checkout=2026-05-11,https://sa.trip.com/?locale=ar-sa,https://sa.trip.com/hotels/cipanas-hotel-detail-7604868/le-eminence-puncak-hotel-convention-and-resort/?checkin=2026-05-10&city=697214&module=list&link=button&from_page=list&adult=1&checkout=2026-05-11,recon_page,2026-05-02T21:04:25.668845
168,1,3,1,7,0,0,1,0,11,0,com,200,2,270558,745.3100000000001,0,0,19,0,unknown,1,html,1,9,0,1,1,0,0,0,0,0,0,0,1,5,0,0,1,2,0,0,0,0,1,7,0,0,0,0,1,28,22,0,6,1,37,17,20,1,14,1,2,1,3,1,1,14,0,0,0,0,0,0,0,0,0,0,1,1,0,0,0,0,0,0,1,0,0,0,1,1,0,0,0.0,1.0,0.0,0,0,0,0,0,0,0,0,0,0,0,0,41,12,1,0,0,0,0,0,0,0.0,0.00010348982473258969,0.125,0.04435278202825272,0,,multi_full_20260502_195405_0002,2026-05-02T21:04:29.043906,https://sa.trip.com/hotels/riyadh-hotel-detail-130290571/towlan-al-rayan/?checkin=2026-05-10&city=789&module=list&link=button&from_page=list&adult=1&checkout=2026-05-11,https://sa.trip.com/?locale=ar-sa,False,https://sa.trip.com/hotels/riyadh-hotel-detail-130290571/towlan-al-rayan/?checkin=2026-05-10&city=789&module=list&link=button&from_page=list&adult=1&checkout=2026-05-11,https://sa.trip.com/?locale=ar-sa,https://sa.trip.com/hotels/riyadh-hotel-detail-130290571/towlan-al-rayan/?checkin=2026-05-10&city=789&module=list&link=button&from_page=list&adult=1&checkout=2026-05-11,recon_page,2026-05-02T21:04:29.061342
51,1,3,0,0,0,0,1,0,11,0,com,404,4,17029,1068.897,0,0,11,0,unknown,0,html,0,0,0,0,0,0,0,0,0,0,0,0,1,1,0,0,1,1,0,0,0,0,0,0,0,0,0,0,1,1,1,0,0,1,19,17,2,1,10,1,2,1,2,1,1,8,1,0,0,0,0,0,0,0,0,0,0,1,0,0,0,0,0,0,0,0,0,0,0,0,0,0,0.0,0.0,0.0,0,0,0,0,0,0,0,0,0,0,0,0,17,10,0,0,0,0,0,0,0,0.0,5.872335427799636e-05,0.0,0.05872335427799636,0,,multi_full_20260502_195405_0002,2026-05-02T21:04:29.507244,https://sa.trip.com/hotels/taif-hotels-list-6049/\/,https://sa.trip.com/?locale=ar-sa,False,https://sa.trip.com/hotels/taif-hotels-list-6049/\/,https://sa.trip.com/?locale=ar-sa,https://sa.trip.com/hotels/taif-hotels-list-6049/\/,recon_page,2026-05-02T21:04:29.514040
41,1,2,1,1,0,0,1,0,11,0,com,200,2,419733,1942.772,0,0,17,0,unknown,0,html,1,7,0,1,1,0,0,0,0,0,0,0,1,5,0,0,1,2,0,0,0,0,1,11,0,0,0,0,1,4,3,0,1,1,65,49,16,1,11,1,27,1,2,1,1,2,1,0,0,0,0,0,0,0,0,0,1,1,0,0,0,0,0,0,1,0,0,0,1,2,0,0,0.0,0.0,0.0,0,0,0,0,0,0,0,0,0,0,0,0,64,12,1,0,0,0,0,0,0,0.0,9.529867796908988e-06,0.125,0.03811947118763595,0,,multi_full_20260502_195405_0002,2026-05-02T21:04:30.182984,https://sa.trip.com/hotels/list/?city=622,https://sa.trip.com/?locale=ar-sa,False,https://sa.trip.com/hotels/list/?city=622,https://sa.trip.com/?locale=ar-sa,https://sa.trip.com/hotels/list/?city=622,recon_page,2026-05-02T21:04:30.200616
78,1,3,0,0,0,0,1,0,11,0,com,200,2,351374,904.83,0,0,19,0,unknown,1,html,1,9,0,1,1,0,0,0,0,0,0,0,1,5,0,0,1,2,0,0,0,0,1,15,0,0,0,0,1,28,22,0,6,1,37,17,20,1,23,1,2,1,3,1,1,14,0,0,0,0,0,0,0,0,0,0,1,1,0,0,0,0,0,0,0,0,0,0,1,1,0,0,0.0,1.0,0.0,0,0,0,0,0,0,0,0,0,0,0,0,41,12,1,0,0,0,0,0,0,0.0,7.96871709346736e-05,0.125,0.05691940781048114,0,,multi_full_20260502_195405_0002,2026-05-02T21:05:23.345726,https://sa.trip.com/hotels/jeddah-hotel-detail-128890182/casa-di-ora-al-rawda/,https://sa.trip.com/?locale=ar-sa,False,https://sa.trip.com/hotels/jeddah-hotel-detail-128890182/casa-di-ora-al-rawda/,https://sa.trip.com/?locale=ar-sa,https://sa.trip.com/hotels/jeddah-hotel-detail-128890182/casa-di-ora-al-rawda/,recon_page,2026-05-02T21:05:23.359088
92,1,3,0,0,0,0,1,0,11,0,com,200,2,356393,912.297,0,0,20,0,unknown,1,html,1,9,0,1,1,0,0,0,0,0,0,0,1,5,0,0,1,2,0,0,0,0,1,10,0,0,0,0,1,28,22,0,6,1,37,17,20,1,23,1,2,1,3,1,1,14,0,0,0,0,0,0,0,0,0,0,1,1,0,0,0,0,0,0,0,0,0,0,1,1,0,0,0.0,1.0,0.0,0,0,0,0,0,0,0,0,0,0,0,0,41,12,1,0,0,0,0,0,0,0.0,7.856495497947491e-05,0.125,0.042088368739004414,0,,multi_full_20260502_195405_0002,2026-05-02T21:05:27.562440,https://sa.trip.com/hotels/riyadh-hotel-detail-128776491/daif-inn-serviced-apartments-jaber/,https://sa.trip.com/?locale=ar-sa,False,https://sa.trip.com/hotels/riyadh-hotel-detail-128776491/daif-inn-serviced-apartments-jaber/,https://sa.trip.com/?locale=ar-sa,https://sa.trip.com/hotels/riyadh-hotel-detail-128776491/daif-inn-serviced-apartments-jaber/,recon_page,2026-05-02T21:05:27.576081
81,1,3,0,0,0,0,1,0,11,0,com,200,2,337270,702.5400000000001,0,0,19,0,unknown,1,html,1,9,0,1,1,0,0,0,0,0,0,0,1,5,0,0,1,2,0,0,0,0,1,8,0,0,0,0,1,28,22,0,6,1,37,17,20,1,22,1,2,1,3,1,1,14,0,0,0,0,0,0,0,0,0,0,1,1,0,0,0,0,0,0,0,0,0,0,1,1,0,0,0.0,1.0,0.0,0,0,0,0,0,0,0,0,0,0,0,0,41,12,1,0,0,0,0,0,0,0.0,8.301953924155721e-05,0.125,0.03854478607643728,0,,multi_full_20260502_195405_0002,2026-05-02T21:05:31.465008,https://sa.trip.com/hotels/riyadh-hotel-detail-56737724/ewaa-express-hotel-gaber/,https://sa.trip.com/?locale=ar-sa,False,https://sa.trip.com/hotels/riyadh-hotel-detail-56737724/ewaa-express-hotel-gaber/,https://sa.trip.com/?locale=ar-sa,https://sa.trip.com/hotels/riyadh-hotel-detail-56737724/ewaa-express-hotel-gaber/,recon_page,2026-05-02T21:05:31.486153
169,1,3,1,7,0,0,1,0,11,0,com,200,2,276476,458.20300000000003,0,0,20,0,unknown,1,html,1,9,0,1,1,0,0,0,0,0,0,0,1,5,0,0,1,2,0,0,0,0,1,13,0,0,0,0,1,28,22,0,6,1,37,17,20,1,13,1,2,1,3,1,1,14,0,0,0,0,0,0,0,0,0,0,1,1,0,0,0,0,0,0,1,0,0,0,1,1,0,0,0.0,1.0,0.0,0,0,0,0,0,0,0,0,0,0,0,0,41,12,1,0,0,0,0,0,0,0.0,0.00010127461334799404,0.125,0.0651051085808533,0,,multi_full_20260502_195405_0002,2026-05-02T21:05:31.789683,https://sa.trip.com/hotels/riyadh-hotel-detail-9289728/aliah-tolan-palace/?checkin=2026-05-10&city=789&module=list&link=button&from_page=list&adult=1&checkout=2026-05-11,https://sa.trip.com/?locale=ar-sa,False,https://sa.trip.com/hotels/riyadh-hotel-detail-9289728/aliah-tolan-palace/?checkin=2026-05-10&city=789&module=list&link=button&from_page=list&adult=1&checkout=2026-05-11,https://sa.trip.com/?locale=ar-sa,https://sa.trip.com/hotels/riyadh-hotel-detail-9289728/aliah-tolan-palace/?checkin=2026-05-10&city=789&module=list&link=button&from_page=list&adult=1&checkout=2026-05-11,recon_page,2026-05-02T21:05:31.800140
57,1,3,0,0,0,0,1,0,11,0,com,404,4,17029,602.5160000000001,0,0,11,0,unknown,0,html,0,0,0,0,0,0,0,0,0,0,0,0,1,1,0,0,1,1,0,0,0,0,0,0,0,0,0,0,1,1,1,0,0,1,19,17,2,1,10,1,2,1,2,1,1,8,1,0,0,0,0,0,0,0,0,0,0,1,0,0,0,0,0,0,0,0,0,0,0,0,0,0,0.0,0.0,0.0,0,0,0,0,0,0,0,0,0,0,0,0,17,10,0,0,0,0,0,0,0,0.0,5.872335427799636e-05,0.0,0.05872335427799636,0,,multi_full_20260502_195405_0002,2026-05-02T21:05:34.504915,https://sa.trip.com/hotels/las-vegas-hotels-list-26282/\/,https://sa.trip.com/?locale=ar-sa,False,https://sa.trip.com/hotels/las-vegas-hotels-list-26282/\/,https://sa.trip.com/?locale=ar-sa,https://sa.trip.com/hotels/las-vegas-hotels-list-26282/\/,recon_page,2026-05-02T21:05:34.516412
177,1,3,1,7,0,0,1,0,11,0,com,200,2,338442,369.30600000000004,0,0,20,0,unknown,1,html,1,9,0,1,1,0,0,0,0,0,0,0,1,5,0,0,1,2,0,0,0,0,1,10,0,0,0,0,1,28,22,0,6,1,37,17,20,1,19,1,2,1,3,1,1,14,0,0,0,0,0,0,0,0,0,0,1,1,0,0,0,0,0,0,1,0,0,0,1,1,0,0,0.0,1.0,0.0,0,0,0,0,0,0,0,0,0,0,0,0,41,12,1,0,0,0,0,0,0,0.0,8.273204862280686e-05,0.125,0.04432074033364653,0,,multi_full_20260502_195405_0002,2026-05-02T21:05:35.565111,https://sa.trip.com/hotels/cape-town-hotel-detail-13669390/urban-hive-backpackers/?checkin=2026-05-10&city=683&module=list&link=button&from_page=list&adult=1&checkout=2026-05-11,https://sa.trip.com/?locale=ar-sa,False,https://sa.trip.com/hotels/cape-town-hotel-detail-13669390/urban-hive-backpackers/?checkin=2026-05-10&city=683&module=list&link=button&from_page=list&adult=1&checkout=2026-05-11,https://sa.trip.com/?locale=ar-sa,https://sa.trip.com/hotels/cape-town-hotel-detail-13669390/urban-hive-backpackers/?checkin=2026-05-10&city=683&module=list&link=button&from_page=list&adult=1&checkout=2026-05-11,recon_page,2026-05-02T21:05:35.615693
52,1,3,0,0,0,0,1,0,11,0,com,404,4,17029,496.113,0,0,12,0,unknown,0,html,0,0,0,0,0,0,0,0,0,0,0,0,1,1,0,0,1,1,0,0,0,0,0,0,0,0,0,0,1,1,1,0,0,1,19,17,2,1,10,1,2,1,2,1,1,8,1,0,0,0,0,0,0,0,0,0,0,1,0,0,0,0,0,0,0,0,0,0,0,0,0,0,0.0,0.0,0.0,0,0,0,0,0,0,0,0,0,0,0,0,17,10,0,0,0,0,0,0,0,0.0,5.872335427799636e-05,0.0,0.05872335427799636,0,,multi_full_20260502_195405_0002,2026-05-02T21:05:35.794238,https://sa.trip.com/hotels/jeddah-hotels-list-801/\/,https://sa.trip.com/?locale=ar-sa,False,https://sa.trip.com/hotels/jeddah-hotels-list-801/\/,https://sa.trip.com/?locale=ar-sa,https://sa.trip.com/hotels/jeddah-hotels-list-801/\/,recon_page,2026-05-02T21:05:35.812521
49,1,2,0,0,0,0,1,0,11,0,com,200,2,766345,949.78,0,0,17,0,unknown,1,html,1,4,0,1,1,0,0,0,0,0,0,0,1,5,0,0,1,2,0,0,0,0,1,74,0,0,0,0,1,15,5,0,10,1,122,111,11,1,127,1,17,0,0,1,1,59,1,0,0,0,0,0,0,0,0,0,0,1,0,0,0,0,0,0,0,0,0,0,0,0,0,0,0.0,0.0,0.0,0,0,0,0,0,0,0,0,0,0,0,0,119,1,1,0,0,0,0,0,1,0.0,1.9573429721600586e-05,0.125,0.10308672986709641,0,,multi_full_20260502_195405_0002,2026-05-02T21:05:36.215487,https://sa.trip.com/hotels/paris-hotels-list-192/,https://sa.trip.com/?locale=ar-sa,False,https://sa.trip.com/hotels/paris-hotels-list-192/,https://sa.trip.com/?locale=ar-sa,https://sa.trip.com/hotels/paris-hotels-list-192/,recon_page,2026-05-02T21:05:36.228251
99,1,3,0,0,0,0,1,0,11,0,com,200,2,383008,609.676,0,0,19,0,unknown,1,html,1,9,0,1,1,0,0,0,0,0,0,0,1,5,0,0,1,2,0,0,0,0,1,13,0,0,0,0,1,28,22,0,6,1,37,17,20,1,24,1,2,1,3,1,1,14,0,0,0,0,0,0,0,0,0,0,1,1,0,0,0,0,0,0,0,0,0,0,1,1,0,0,0.0,1.0,0.0,0,0,0,0,0,0,0,0,0,0,0,0,41,12,1,0,0,0,0,0,0,0.0,7.310552260005013e-05,0.125,0.046996407385746515,0,,multi_full_20260502_195405_0002,2026-05-02T21:05:36.500202,https://sa.trip.com/hotels/jeddah-hotel-detail-30012060/dara-al-yammamah-hotel-formerly-nuzl-shada/,https://sa.trip.com/?locale=ar-sa,False,https://sa.trip.com/hotels/jeddah-hotel-detail-30012060/dara-al-yammamah-hotel-formerly-nuzl-shada/,https://sa.trip.com/?locale=ar-sa,https://sa.trip.com/hotels/jeddah-hotel-detail-30012060/dara-al-yammamah-hotel-formerly-nuzl-shada/,recon_page,2026-05-02T21:05:36.512786
180,1,3,1,7,0,0,1,0,11,0,com,200,2,353986,670.222,0,0,19,0,unknown,1,html,1,9,0,1,1,0,0,0,0,0,0,0,1,5,0,0,1,2,0,0,0,0,1,18,0,0,0,0,1,28,22,0,6,1,37,17,20,1,21,1,2,1,3,1,1,14,0,0,0,0,0,0,0,0,0,0,1,1,0,0,0,0,0,0,1,0,0,0,1,1,0,0,0.0,1.0,0.0,0,0,0,0,0,0,0,0,0,0,0,0,41,12,1,0,0,0,0,0,0,0.0,7.909917341363783e-05,0.125,0.06497432101834535,0,,multi_full_20260502_195405_0002,2026-05-02T21:05:39.420670,https://sa.trip.com/hotels/makkah-hotel-detail-7286803/m-hotel-makkah-by-millennium/?checkin=2026-05-10&city=3744&module=list&link=button&from_page=list&adult=1&checkout=2026-05-11,https://sa.trip.com/?locale=ar-sa,False,https://sa.trip.com/hotels/makkah-hotel-detail-7286803/m-hotel-makkah-by-millennium/?checkin=2026-05-10&city=3744&module=list&link=button&from_page=list&adult=1&checkout=2026-05-11,https://sa.trip.com/?locale=ar-sa,https://sa.trip.com/hotels/makkah-hotel-detail-7286803/m-hotel-makkah-by-millennium/?checkin=2026-05-10&city=3744&module=list&link=button&from_page=list&adult=1&checkout=2026-05-11,recon_page,2026-05-02T21:05:39.434324
180,1,3,1,7,0,0,1,0,11,0,com,200,2,322025,706.471,0,0,19,0,unknown,1,html,1,9,0,1,1,0,0,0,0,0,0,0,1,5,0,0,1,2,0,0,0,0,1,17,0,0,0,0,1,28,22,0,6,1,36,16,20,1,17,1,2,1,3,1,1,14,0,0,0,0,0,0,0,0,0,0,1,1,0,0,0,0,0,0,1,0,0,0,1,1,0,0,0.0,1.0,0.0,0,0,0,0,0,0,0,0,0,0,0,0,40,12,1,0,0,0,0,0,0,0.0,8.694977098051394e-05,0.125,0.06831767719897525,0,,multi_full_20260502_195405_0002,2026-05-02T21:05:40.115376,https://sa.trip.com/hotels/kuala-lumpur-hotel-detail-698879/the-explorers-guesthouse/?checkin=2026-05-10&city=315&module=list&link=button&from_page=list&adult=1&checkout=2026-05-11,https://sa.trip.com/?locale=ar-sa,False,https://sa.trip.com/hotels/kuala-lumpur-hotel-detail-698879/the-explorers-guesthouse/?checkin=2026-05-10&city=315&module=list&link=button&from_page=list&adult=1&checkout=2026-05-11,https://sa.trip.com/?locale=ar-sa,https://sa.trip.com/hotels/kuala-lumpur-hotel-detail-698879/the-explorers-guesthouse/?checkin=2026-05-10&city=315&module=list&link=button&from_page=list&adult=1&checkout=2026-05-11,recon_page,2026-05-02T21:05:40.125832
59,1,5,0,0,0,0,1,0,11,0,com,200,2,287422,897.516,0,0,18,0,unknown,1,html,1,4,0,1,1,0,0,0,0,0,0,0,1,5,0,0,1,2,0,0,0,0,1,2,0,0,0,0,1,15,5,0,10,1,68,57,11,1,57,1,17,0,0,1,1,9,1,0,0,0,0,0,0,0,0,0,0,1,0,0,0,0,0,0,0,0,0,0,0,0,0,0,0.0,0.0,0.0,0,0,0,0,0,0,0,0,0,0,0,0,68,1,1,0,0,0,0,0,0,0.0,5.218807189428784e-05,0.125,0.024354433550667656,0,,multi_full_20260502_195405_0002,2026-05-02T21:05:40.392364,https://sa.trip.com/hotels/rooftop-pools/city/jo/amman.html,https://sa.trip.com/?locale=ar-sa,False,https://sa.trip.com/hotels/rooftop-pools/city/jo/amman.html,https://sa.trip.com/?locale=ar-sa,https://sa.trip.com/hotels/rooftop-pools/city/jo/amman.html,recon_page,2026-05-02T21:05:40.404855
41,1,2,1,1,0,0,1,0,11,0,com,200,2,417653,1748.067,0,0,18,0,unknown,0,html,1,7,0,1,1,0,0,0,0,0,0,0,1,5,0,0,1,2,0,0,0,0,1,13,0,0,0,0,1,4,3,0,1,1,65,49,16,1,13,1,27,1,2,1,1,2,1,0,0,0,0,0,0,0,0,0,1,1,0,0,0,0,0,0,1,0,0,0,1,2,0,0,0.0,0.0,0.0,0,0,0,0,0,0,0,0,0,0,0,0,64,12,1,0,0,0,0,0,0,0.0,9.577328547861502e-06,0.125,0.04309797846537676,0,,multi_full_20260502_195405_0002,2026-05-02T21:06:33.939495,https://sa.trip.com/hotels/list/?city=789,https://sa.trip.com/?locale=ar-sa,False,https://sa.trip.com/hotels/list/?city=789,https://sa.trip.com/?locale=ar-sa,https://sa.trip.com/hotels/list/?city=789,recon_page,2026-05-02T21:06:33.963756
98,1,3,0,0,0,0,1,0,11,0,com,200,2,306817,350.906,0,0,20,0,unknown,1,html,1,9,0,1,1,0,0,0,0,0,0,0,1,5,0,0,1,2,0,0,0,0,1,13,0,0,0,0,1,28,22,0,6,1,37,17,20,1,20,1,2,1,3,1,1,14,0,0,0,0,0,0,0,0,0,0,1,1,0,0,0,0,0,0,0,0,0,0,1,1,0,0,0.0,1.0,0.0,0,0,0,0,0,0,0,0,0,0,0,0,41,12,1,0,0,0,0,0,0,0.0,9.125961077776003e-05,0.125,0.05866689264284573,0,,multi_full_20260502_195405_0002,2026-05-02T21:06:36.601073,https://sa.trip.com/hotels/jeddah-hotel-detail-106675443/mirada-purple-alwaha-serviced-apartments/,https://sa.trip.com/?locale=ar-sa,False,https://sa.trip.com/hotels/jeddah-hotel-detail-106675443/mirada-purple-alwaha-serviced-apartments/,https://sa.trip.com/?locale=ar-sa,https://sa.trip.com/hotels/jeddah-hotel-detail-106675443/mirada-purple-alwaha-serviced-apartments/,recon_page,2026-05-02T21:06:36.611924
72,1,3,0,0,0,0,1,0,11,0,com,200,2,342366,525.3050000000001,0,0,19,0,unknown,1,html,1,9,0,1,1,0,0,0,0,0,0,0,1,5,0,0,1,2,0,0,0,0,1,16,0,0,0,0,1,28,22,0,6,1,37,17,20,1,24,1,2,1,3,1,1,14,0,0,0,0,0,0,0,0,0,0,1,1,0,0,0,0,0,0,0,0,0,0,1,1,0,0,0.0,1.0,0.0,0,0,0,0,0,0,0,0,0,0,0,0,41,12,1,0,0,0,0,0,0,0.0,8.178382199166973e-05,0.125,0.0613378664937523,0,,multi_full_20260502_195405_0002,2026-05-02T21:06:40.211774,https://sa.trip.com/hotels/riyadh-hotel-detail-123997730/su-casa-hostel/,https://sa.trip.com/?locale=ar-sa,False,https://sa.trip.com/hotels/riyadh-hotel-detail-123997730/su-casa-hostel/,https://sa.trip.com/?locale=ar-sa,https://sa.trip.com/hotels/riyadh-hotel-detail-123997730/su-casa-hostel/,recon_page,2026-05-02T21:06:40.224474
99,1,3,0,0,0,0,1,0,11,0,com,200,2,502077,386.69399999999996,0,0,20,0,unknown,1,html,1,9,0,1,1,0,0,0,0,0,0,0,1,5,0,0,1,2,0,0,0,0,1,16,0,0,0,0,1,27,21,0,6,1,37,17,20,1,37,1,2,1,3,1,1,21,0,0,0,0,0,0,0,0,0,0,1,1,0,0,0,0,0,0,0,0,0,0,1,1,0,0,0.0,1.0,0.0,0,0,0,0,0,0,0,0,0,0,0,0,41,12,1,0,0,0,0,0,1,0.0,5.377661195394332e-05,0.125,0.041826253741955914,0,,multi_full_20260502_195405_0002,2026-05-02T21:06:40.654936,https://sa.trip.com/hotels/guangzhou-hotel-detail-344995/crowne-plaza-guangzhou-city-centre-by-ihg/,https://sa.trip.com/?locale=ar-sa,False,https://sa.trip.com/hotels/guangzhou-hotel-detail-344995/crowne-plaza-guangzhou-city-centre-by-ihg/,https://sa.trip.com/?locale=ar-sa,https://sa.trip.com/hotels/guangzhou-hotel-detail-344995/crowne-plaza-guangzhou-city-centre-by-ihg/,recon_page,2026-05-02T21:06:40.664711
90,1,3,0,0,0,0,1,0,11,0,com,200,2,410926,443.604,0,0,20,0,unknown,1,html,1,9,0,1,1,0,0,0,0,0,0,0,1,5,0,0,1,2,0,0,0,0,1,15,0,0,0,0,1,28,22,0,6,1,36,16,20,1,30,1,2,1,3,1,1,22,0,0,0,0,0,0,0,0,0,0,1,1,0,0,0,0,0,0,0,0,0,0,1,1,0,0,0.0,1.0,0.0,0,0,0,0,0,0,0,0,0,0,0,0,40,12,1,0,0,0,0,0,0,0.0,6.813878897903758e-05,0.125,0.04867056355645542,0,,multi_full_20260502_195405_0002,2026-05-02T21:06:43.892789,https://sa.trip.com/hotels/phuket-hotel-detail-998447/sawaddi-patong-resort-spa-by-tolani/,https://sa.trip.com/?locale=ar-sa,False,https://sa.trip.com/hotels/phuket-hotel-detail-998447/sawaddi-patong-resort-spa-by-tolani/,https://sa.trip.com/?locale=ar-sa,https://sa.trip.com/hotels/phuket-hotel-detail-998447/sawaddi-patong-resort-spa-by-tolani/,recon_page,2026-05-02T21:06:43.903541
45,1,1,0,0,0,0,1,0,11,0,com,404,4,17029,544.398,0,0,11,0,unknown,0,html,0,0,0,0,0,0,0,0,0,0,0,0,1,1,0,0,1,1,0,0,0,0,0,0,0,0,0,0,1,1,1,0,0,1,19,17,2,1,10,1,2,1,2,1,1,8,1,0,0,0,0,0,0,0,0,0,0,1,0,0,0,0,0,0,0,0,0,0,0,0,0,0,0.0,0.0,0.0,0,0,0,0,0,0,0,0,0,0,0,0,17,10,0,0,0,0,0,0,0,0.0,5.872335427799636e-05,0.0,0.05872335427799636,0,,multi_full_20260502_195405_0002,2026-05-02T21:06:44.063209,https://sa.trip.com/Date(1777740812992+0800)/,https://sa.trip.com/?locale=ar-sa,False,https://sa.trip.com/Date(1777740812992+0800)/,https://sa.trip.com/?locale=ar-sa,https://sa.trip.com/Date(1777740812992+0800)/,recon_page,2026-05-02T21:06:44.090379
53,1,3,0,0,0,0,1,0,11,0,com,404,4,17029,547.971,0,0,11,0,unknown,0,html,0,0,0,0,0,0,0,0,0,0,0,0,1,1,0,0,1,1,0,0,0,0,0,0,0,0,0,0,1,1,1,0,0,1,19,17,2,1,10,1,2,1,2,1,1,8,1,0,0,0,0,0,0,0,0,0,0,1,0,0,0,0,0,0,0,0,0,0,0,0,0,0,0.0,0.0,0.0,0,0,0,0,0,0,0,0,0,0,0,0,17,10,0,0,0,0,0,0,0,0.0,5.872335427799636e-05,0.0,0.05872335427799636,0,,multi_full_20260502_195405_0002,2026-05-02T21:06:44.729423,https://sa.trip.com/hotels/miami-hotels-list-25773/\/,https://sa.trip.com/?locale=ar-sa,False,https://sa.trip.com/hotels/miami-hotels-list-25773/\/,https://sa.trip.com/?locale=ar-sa,https://sa.trip.com/hotels/miami-hotels-list-25773/\/,recon_page,2026-05-02T21:06:44.737234
181,1,3,1,7,0,0,1,0,11,0,com,200,2,397067,377.487,0,0,19,0,unknown,1,html,1,9,0,1,1,0,0,0,0,0,0,0,1,5,0,0,1,2,0,0,0,0,1,18,0,0,0,0,1,28,22,0,6,1,37,17,20,1,25,1,2,1,3,1,1,14,0,0,0,0,0,0,0,0,0,0,1,1,0,0,0,0,0,0,1,0,0,0,1,1,0,0,0.0,1.0,0.0,0,0,0,0,0,0,0,0,0,0,0,0,41,12,1,0,0,0,0,0,0,0.0,7.051706638929954e-05,0.125,0.05792473310549605,0,,multi_full_20260502_195405_0002,2026-05-02T21:06:45.461765,https://sa.trip.com/hotels/guangzhou-hotel-detail-2298298/guangzhou-golden-eagle-hotel/?checkin=2026-05-10&city=32&module=list&link=button&from_page=list&adult=1&checkout=2026-05-11,https://sa.trip.com/?locale=ar-sa,False,https://sa.trip.com/hotels/guangzhou-hotel-detail-2298298/guangzhou-golden-eagle-hotel/?checkin=2026-05-10&city=32&module=list&link=button&from_page=list&adult=1&checkout=2026-05-11,https://sa.trip.com/?locale=ar-sa,https://sa.trip.com/hotels/guangzhou-hotel-detail-2298298/guangzhou-golden-eagle-hotel/?checkin=2026-05-10&city=32&module=list&link=button&from_page=list&adult=1&checkout=2026-05-11,recon_page,2026-05-02T21:06:45.472368
176,1,3,1,7,0,0,1,0,11,0,com,200,2,440400,414.491,0,0,19,0,unknown,1,html,1,9,0,1,1,0,0,0,0,0,0,0,1,5,0,0,1,2,0,0,0,0,1,18,0,0,0,0,1,28,22,0,6,1,37,17,20,1,30,1,2,1,3,1,1,23,0,0,0,0,0,0,0,0,0,0,1,1,0,0,0,0,0,0,1,0,0,0,1,1,0,0,0.0,1.0,0.0,0,0,0,0,0,0,0,0,0,0,0,0,41,12,1,0,0,0,0,0,0,0.0,6.357856494096276e-05,0.125,0.0522252497729337,0,,multi_full_20260502_195405_0002,2026-05-02T21:06:46.180893,https://sa.trip.com/hotels/guangzhou-hotel-detail-439463/asia-international-hotel/?checkin=2026-05-10&city=32&module=list&link=button&from_page=list&adult=1&checkout=2026-05-11,https://sa.trip.com/?locale=ar-sa,False,https://sa.trip.com/hotels/guangzhou-hotel-detail-439463/asia-international-hotel/?checkin=2026-05-10&city=32&module=list&link=button&from_page=list&adult=1&checkout=2026-05-11,https://sa.trip.com/?locale=ar-sa,https://sa.trip.com/hotels/guangzhou-hotel-detail-439463/asia-international-hotel/?checkin=2026-05-10&city=32&module=list&link=button&from_page=list&adult=1&checkout=2026-05-11,recon_page,2026-05-02T21:06:46.213851
75,1,3,0,0,0,0,1,0,11,0,com,200,2,320227,414.091,0,0,20,0,unknown,1,html,1,9,0,1,1,0,0,0,0,0,0,0,1,5,0,0,1,2,0,0,0,0,1,5,0,0,0,0,1,28,22,0,6,1,36,16,20,1,16,1,2,1,3,1,1,14,0,0,0,0,0,0,0,0,0,0,1,1,0,0,0,0,0,0,0,0,0,0,1,1,0,0,0.0,1.0,0.0,0,0,0,0,0,0,0,0,0,0,0,0,40,12,1,0,0,0,0,0,0,0.0,8.74379736874155e-05,0.125,0.031227847745505535,0,,multi_full_20260502_195405_0002,2026-05-02T21:06:48.735816,https://sa.trip.com/hotels/phuket-hotel-detail-132358237/sweett-lemon-home/,https://sa.trip.com/?locale=ar-sa,False,https://sa.trip.com/hotels/phuket-hotel-detail-132358237/sweett-lemon-home/,https://sa.trip.com/?locale=ar-sa,https://sa.trip.com/hotels/phuket-hotel-detail-132358237/sweett-lemon-home/,recon_page,2026-05-02T21:06:48.750781
102,1,3,0,0,0,0,1,0,11,0,com,200,2,398046,539.2130000000001,0,0,20,0,unknown,1,html,1,9,0,1,1,0,0,0,0,0,0,0,1,5,0,0,1,2,0,0,0,0,1,16,0,0,0,0,1,28,22,0,6,1,37,17,20,1,29,1,2,1,3,1,1,14,0,0,0,0,0,0,0,0,0,0,1,1,0,0,0,0,0,0,0,0,0,0,1,1,0,0,0.0,1.0,0.0,0,0,0,0,0,0,0,0,0,0,0,0,41,12,1,0,0,0,0,0,0,0.0,7.034362862583722e-05,0.125,0.05275772146937791,0,,multi_full_20260502_195405_0002,2026-05-02T21:06:49.356222,https://sa.trip.com/hotels/jinan-hotel-detail-131638764/old-youth-tomorrow-international-youth-hostel/,https://sa.trip.com/?locale=ar-sa,False,https://sa.trip.com/hotels/jinan-hotel-detail-131638764/old-youth-tomorrow-international-youth-hostel/,https://sa.trip.com/?locale=ar-sa,https://sa.trip.com/hotels/jinan-hotel-detail-131638764/old-youth-tomorrow-international-youth-hostel/,recon_page,2026-05-02T21:06:49.370503
87,1,4,0,0,0,0,1,0,11,0,com,200,2,281735,1006.3409999999999,0,0,17,0,unknown,1,html,1,4,0,1,1,0,0,0,0,0,0,0,1,4,0,0,1,2,0,0,0,0,1,9,0,0,0,0,1,13,3,0,10,1,66,55,11,1,102,1,17,0,0,1,1,70,1,0,0,0,0,0,0,0,0,0,0,1,0,0,0,0,0,0,0,0,0,0,0,0,0,0,0.0,0.0,0.0,0,0,0,0,0,0,0,0,0,0,0,0,70,1,1,0,0,0,0,0,0,0.0,4.614265178270361e-05,0.125,0.0461426517827036,0,,multi_full_20260502_195405_0002,2026-05-02T21:06:50.094301,https://sa.trip.com/hotels/chiang-mai-hotel-detail-661366/the-dome-residence/photo.html,https://sa.trip.com/?locale=ar-sa,False,https://sa.trip.com/hotels/chiang-mai-hotel-detail-661366/the-dome-residence/photo.html,https://sa.trip.com/?locale=ar-sa,https://sa.trip.com/hotels/chiang-mai-hotel-detail-661366/the-dome-residence/photo.html,recon_page,2026-05-02T21:06:50.108686
55,1,5,0,0,0,0,1,0,11,0,com,200,2,293872,800.3829999999999,0,0,17,0,unknown,1,html,1,4,0,1,1,0,0,0,0,0,0,0,1,5,0,0,1,2,0,0,0,0,1,2,0,0,0,0,1,15,5,0,10,1,62,51,11,1,71,1,17,0,0,1,1,9,1,0,0,0,0,0,0,0,0,0,0,1,0,0,0,0,0,0,0,0,0,0,0,0,0,0,0.0,0.0,0.0,0,0,0,0,0,0,0,0,0,0,0,0,60,1,1,0,0,0,0,0,0,0.0,5.104263080524854e-05,0.125,0.023819894375782653,0,,multi_full_20260502_195405_0002,2026-05-02T21:07:48.551094,https://sa.trip.com/hotels/scenic/city/cn/lianzhou.html,https://sa.trip.com/?locale=ar-sa,False,https://sa.trip.com/hotels/scenic/city/cn/lianzhou.html,https://sa.trip.com/?locale=ar-sa,https://sa.trip.com/hotels/scenic/city/cn/lianzhou.html,recon_page,2026-05-02T21:07:48.566389
95,1,3,0,0,0,0,1,0,11,0,com,200,2,383302,873.9409999999999,0,0,19,0,unknown,1,html,1,9,0,1,1,0,0,0,0,0,0,0,1,5,0,0,1,2,0,0,0,0,1,18,0,0,0,0,1,28,22,0,6,1,37,17,20,1,27,1,2,1,3,1,1,14,0,0,0,0,0,0,0,0,0,0,1,1,0,0,0,0,0,0,0,0,0,0,1,1,0,0,0.0,1.0,0.0,0,0,0,0,0,0,0,0,0,0,0,0,41,12,1,0,0,0,0,0,0,0.0,7.304944925933076e-05,0.125,0.06000490474873598,0,,multi_full_20260502_195405_0002,2026-05-02T21:07:50.147113,https://sa.trip.com/hotels/istanbul-hotel-detail-3794606/hilton-garden-inn-istanbul-beylikduzu/,https://sa.trip.com/?locale=ar-sa,False,https://sa.trip.com/hotels/istanbul-hotel-detail-3794606/hilton-garden-inn-istanbul-beylikduzu/,https://sa.trip.com/?locale=ar-sa,https://sa.trip.com/hotels/istanbul-hotel-detail-3794606/hilton-garden-inn-istanbul-beylikduzu/,recon_page,2026-05-02T21:07:50.170212
71,1,3,0,0,0,0,1,0,11,0,com,200,2,347312,781.258,0,0,19,0,unknown,1,html,1,9,0,1,1,0,0,0,0,0,0,0,1,5,0,0,1,2,0,0,0,0,1,13,0,0,0,0,1,28,22,0,6,1,37,17,20,1,27,1,2,1,3,1,1,14,0,0,0,0,0,0,0,0,0,0,1,1,0,0,0,0,0,0,0,0,0,0,1,1,0,0,0.0,1.0,0.0,0,0,0,0,0,0,0,0,0,0,0,0,41,12,1,0,0,0,0,0,0,0.0,8.061915511125443e-05,0.125,0.05182659971437785,0,,multi_full_20260502_195405_0002,2026-05-02T21:07:53.964516,https://sa.trip.com/hotels/riyadh-hotel-detail-123531814/freesia-hotel/,https://sa.trip.com/?locale=ar-sa,False,https://sa.trip.com/hotels/riyadh-hotel-detail-123531814/freesia-hotel/,https://sa.trip.com/?locale=ar-sa,https://sa.trip.com/hotels/riyadh-hotel-detail-123531814/freesia-hotel/,recon_page,2026-05-02T21:07:53.981392
41,1,2,1,1,0,0,1,0,11,0,com,200,2,606523,2712.009,0,0,17,0,unknown,0,html,1,7,0,1,1,0,0,0,0,0,0,0,1,5,0,0,1,2,0,0,0,0,1,13,0,0,0,0,1,3,3,0,0,1,65,49,16,1,13,1,27,1,2,1,1,2,1,0,0,0,0,0,0,0,0,0,1,1,0,0,0,0,0,0,1,0,0,0,1,2,0,0,0.0,0.0,0.0,0,0,0,0,0,0,0,0,0,0,0,0,64,12,1,0,0,0,0,0,1,0.0,4.946226276662221e-06,0.125,0.02967735765997332,0,,multi_full_20260502_195405_0002,2026-05-02T21:07:55.258934,https://sa.trip.com/hotels/list/?city=315,https://sa.trip.com/?locale=ar-sa,False,https://sa.trip.com/hotels/list/?city=315,https://sa.trip.com/?locale=ar-sa,https://sa.trip.com/hotels/list/?city=315,recon_page,2026-05-02T21:07:55.271689
45,1,1,0,0,0,0,1,0,11,0,com,404,4,17029,393.263,0,0,10,0,unknown,0,html,0,0,0,0,0,0,0,0,0,0,0,0,1,1,0,0,1,1,0,0,0,0,0,0,0,0,0,0,1,1,1,0,0,1,19,17,2,1,10,1,2,1,2,1,1,8,1,0,0,0,0,0,0,0,0,0,0,1,0,0,0,0,0,0,0,0,0,0,0,0,0,0,0.0,0.0,0.0,0,0,0,0,0,0,0,0,0,0,0,0,17,10,0,0,0,0,0,0,0,0.0,5.872335427799636e-05,0.0,0.05872335427799636,0,,multi_full_20260502_195405_0002,2026-05-02T21:07:57.179444,https://sa.trip.com/Date(1777740813079+0800)/,https://sa.trip.com/?locale=ar-sa,False,https://sa.trip.com/Date(1777740813079+0800)/,https://sa.trip.com/?locale=ar-sa,https://sa.trip.com/Date(1777740813079+0800)/,recon_page,2026-05-02T21:07:57.217900
167,1,3,1,7,0,0,1,0,11,0,com,200,2,397948,610.803,0,0,19,0,unknown,1,html,1,9,0,1,1,0,0,0,0,0,0,0,1,5,0,0,1,2,0,0,0,0,1,18,0,0,0,0,1,28,22,0,6,1,37,17,20,1,20,1,2,1,3,1,1,14,0,0,0,0,0,0,0,0,0,0,1,1,0,0,0,0,0,0,1,0,0,0,1,1,0,0,0.0,1.0,0.0,0,0,0,0,0,0,0,0,0,0,0,0,41,12,1,0,0,0,0,0,0,0.0,7.036095168212933e-05,0.125,0.05779649602460623,0,,multi_full_20260502_195405_0002,2026-05-02T21:07:57.710708,https://sa.trip.com/hotels/makkah-hotel-detail-2069845/swisstel-makkah/?checkin=2026-05-10&city=3744&module=list&link=button&from_page=list&adult=1&checkout=2026-05-11,https://sa.trip.com/?locale=ar-sa,False,https://sa.trip.com/hotels/makkah-hotel-detail-2069845/swisstel-makkah/?checkin=2026-05-10&city=3744&module=list&link=button&from_page=list&adult=1&checkout=2026-05-11,https://sa.trip.com/?locale=ar-sa,https://sa.trip.com/hotels/makkah-hotel-detail-2069845/swisstel-makkah/?checkin=2026-05-10&city=3744&module=list&link=button&from_page=list&adult=1&checkout=2026-05-11,recon_page,2026-05-02T21:07:57.761074
198,1,3,1,7,0,0,1,0,11,0,com,200,2,362890,520.679,0,0,20,0,unknown,1,html,1,9,0,1,1,0,0,0,0,0,0,0,1,5,0,0,1,2,0,0,0,0,1,13,0,0,0,0,1,28,22,0,6,1,37,17,20,1,19,1,2,1,3,1,1,14,0,0,0,0,0,0,0,0,0,0,1,1,0,0,0,0,0,0,1,0,0,0,1,1,0,0,0.0,1.0,0.0,0,0,0,0,0,0,0,0,0,0,0,0,41,12,1,0,0,0,0,0,0,0.0,7.715836754939513e-05,0.125,0.04960180771032544,0,,multi_full_20260502_195405_0002,2026-05-02T21:07:58.581543,https://sa.trip.com/hotels/makkah-hotel-detail-112372899/wirgan-al-noor-tapestry-collection-by-hilton/?checkin=2026-05-10&city=3744&module=list&link=button&from_page=list&adult=1&checkout=2026-05-11,https://sa.trip.com/?locale=ar-sa,False,https://sa.trip.com/hotels/makkah-hotel-detail-112372899/wirgan-al-noor-tapestry-collection-by-hilton/?checkin=2026-05-10&city=3744&module=list&link=button&from_page=list&adult=1&checkout=2026-05-11,https://sa.trip.com/?locale=ar-sa,https://sa.trip.com/hotels/makkah-hotel-detail-112372899/wirgan-al-noor-tapestry-collection-by-hilton/?checkin=2026-05-10&city=3744&module=list&link=button&from_page=list&adult=1&checkout=2026-05-11,recon_page,2026-05-02T21:07:58.721284
96,1,4,0,0,0,0,1,0,11,0,com,200,2,303960,1054.725,0,0,17,0,unknown,1,html,1,4,0,1,1,0,0,0,0,0,0,0,1,4,0,0,1,2,0,0,0,0,1,9,0,0,0,0,1,13,3,0,10,1,67,56,11,1,102,1,17,0,0,1,1,87,1,0,0,0,0,0,0,0,0,0,0,1,0,0,0,0,0,0,0,0,0,0,0,0,0,0,0.0,0.0,0.0,0,0,0,0,0,0,0,0,0,0,0,0,72,1,1,0,0,0,0,0,0,0.0,4.276878536649559e-05,0.125,0.042768785366495594,0,,multi_full_20260502_195405_0002,2026-05-02T21:07:59.053663,https://sa.trip.com/hotels/cabanas-de-tavira-hotel-detail-3079889/cabanas-park-resort/photo.html,https://sa.trip.com/?locale=ar-sa,False,https://sa.trip.com/hotels/cabanas-de-tavira-hotel-detail-3079889/cabanas-park-resort/photo.html,https://sa.trip.com/?locale=ar-sa,https://sa.trip.com/hotels/cabanas-de-tavira-hotel-detail-3079889/cabanas-park-resort/photo.html,recon_page,2026-05-02T21:07:59.130795
52,1,5,0,0,0,0,1,0,11,0,com,200,2,321158,770.8589999999999,0,0,17,0,unknown,1,html,1,4,0,1,1,0,0,0,0,0,0,0,1,5,0,0,1,2,0,0,0,0,1,2,0,0,0,0,1,15,5,0,10,1,68,57,11,1,71,1,17,0,0,1,1,9,1,0,0,0,0,0,0,0,0,0,0,1,0,0,0,0,0,0,0,0,0,0,0,0,0,0,0.0,0.0,0.0,0,0,0,0,0,0,0,0,0,0,0,0,71,1,1,0,0,0,0,0,0,0.0,4.6705982725013854e-05,0.125,0.02179612527167313,0,,multi_full_20260502_195405_0002,2026-05-02T21:08:00.194284,https://sa.trip.com/hotels/jacuzzi/city/qa/doha.html,https://sa.trip.com/?locale=ar-sa,False,https://sa.trip.com/hotels/jacuzzi/city/qa/doha.html,https://sa.trip.com/?locale=ar-sa,https://sa.trip.com/hotels/jacuzzi/city/qa/doha.html,recon_page,2026-05-02T21:08:00.427204
54,1,5,0,0,0,0,1,0,11,0,com,200,2,322312,931.755,0,0,18,0,unknown,1,html,1,4,0,1,1,0,0,0,0,0,0,0,1,5,0,0,1,2,0,0,0,0,1,2,0,0,0,0,1,15,5,0,10,1,73,62,11,1,71,1,17,0,0,1,1,11,1,0,0,0,0,0,0,0,0,0,0,1,0,0,0,0,0,0,0,0,0,0,0,0,0,0,0.0,0.0,0.0,0,0,0,0,0,0,0,0,0,0,0,0,76,1,1,0,0,0,0,0,0,0.0,4.6538757477227034e-05,0.125,0.02171808682270595,0,,multi_full_20260502_195405_0002,2026-05-02T21:09:31.480914,https://sa.trip.com/hotels/scenic/city/cn/chengdu.html,https://sa.trip.com/?locale=ar-sa,False,https://sa.trip.com/hotels/scenic/city/cn/chengdu.html,https://sa.trip.com/?locale=ar-sa,https://sa.trip.com/hotels/scenic/city/cn/chengdu.html,recon_page,2026-05-02T21:09:31.504439
94,1,3,0,0,0,0,1,0,11,0,com,200,2,372083,627.6080000000001,0,0,19,0,unknown,1,html,1,9,0,1,1,0,0,0,0,0,0,0,1,5,0,0,1,2,0,0,0,0,1,11,0,0,0,0,1,28,22,0,6,1,36,16,20,1,21,1,2,1,3,1,1,19,0,0,0,0,0,0,0,0,0,0,1,1,0,0,0,0,0,0,0,0,0,0,1,1,0,0,0.0,1.0,0.0,0,0,0,0,0,0,0,0,0,0,0,0,40,12,1,0,0,0,0,0,0,0.0,7.525202710148004e-05,0.125,0.04300115834370288,0,,multi_full_20260502_195405_0002,2026-05-02T21:09:32.319356,https://sa.trip.com/hotels/phuket-hotel-detail-133348354/new-forest-patong-hotel-patong-beach/,https://sa.trip.com/?locale=ar-sa,False,https://sa.trip.com/hotels/phuket-hotel-detail-133348354/new-forest-patong-hotel-patong-beach/,https://sa.trip.com/?locale=ar-sa,https://sa.trip.com/hotels/phuket-hotel-detail-133348354/new-forest-patong-hotel-patong-beach/,recon_page,2026-05-02T21:09:32.453625
39,1,2,1,1,0,0,1,0,11,0,com,200,2,1102114,1975.678,0,0,17,0,unknown,0,html,1,7,0,1,1,0,0,0,0,0,0,0,1,5,0,0,1,2,0,0,0,0,1,13,0,0,0,0,1,3,3,0,0,1,65,49,16,1,38,1,27,1,2,1,1,2,1,0,0,0,0,0,0,0,0,0,1,1,0,0,0,0,0,0,0,0,0,0,1,2,0,0,0.0,0.0,0.0,0,0,0,0,0,0,0,0,0,0,0,0,64,12,1,0,0,0,0,0,1,0.0,2.7220414585061075e-06,0.125,0.016332248751036643,0,,multi_full_20260502_195405_0002,2026-05-02T21:09:33.174522,https://sa.trip.com/hotels/list/?city=1,https://sa.trip.com/?locale=ar-sa,False,https://sa.trip.com/hotels/list/?city=1,https://sa.trip.com/?locale=ar-sa,https://sa.trip.com/hotels/list/?city=1,recon_page,2026-05-02T21:09:33.426499
81,1,3,0,0,0,0,1,0,11,0,com,200,2,347083,848.157,0,0,19,0,unknown,1,html,1,9,0,1,1,0,0,0,0,0,0,0,1,5,0,0,1,2,0,0,0,0,1,18,0,0,0,0,1,28,22,0,6,1,36,16,20,1,24,1,2,1,3,1,1,14,0,0,0,0,0,0,0,0,0,0,1,1,0,0,0,0,0,0,0,0,0,0,1,1,0,0,0.0,1.0,0.0,0,0,0,0,0,0,0,0,0,0,0,0,40,12,1,0,0,0,0,0,0,0.0,8.067234638400613e-05,0.125,0.06626657024400504,0,,multi_full_20260502_195405_0002,2026-05-02T21:10:27.306462,https://sa.trip.com/hotels/phuket-hotel-detail-1990699/icheck-inn-central-patong/,https://sa.trip.com/?locale=ar-sa,False,https://sa.trip.com/hotels/phuket-hotel-detail-1990699/icheck-inn-central-patong/,https://sa.trip.com/?locale=ar-sa,https://sa.trip.com/hotels/phuket-hotel-detail-1990699/icheck-inn-central-patong/,recon_page,2026-05-02T21:10:27.320628
170,1,3,1,7,0,0,1,0,11,0,com,200,2,351960,317.579,0,0,19,0,unknown,1,html,1,9,0,1,1,0,0,0,0,0,0,0,1,5,0,0,1,2,0,0,0,0,1,18,0,0,0,0,1,28,22,0,6,1,36,16,20,1,22,1,2,1,3,1,1,14,0,0,0,0,0,0,0,0,0,0,1,1,0,0,0,0,0,0,1,0,0,0,1,1,0,0,0.0,1.0,0.0,0,0,0,0,0,0,0,0,0,0,0,0,40,12,1,0,0,0,0,0,0,0.0,7.955449482895784e-05,0.125,0.06534833503807251,0,,multi_full_20260502_195405_0002,2026-05-02T21:10:28.659808,https://sa.trip.com/hotels/phuket-hotel-detail-86134791/grace-patong-hotel/?checkin=2026-05-10&city=725&module=list&link=button&from_page=list&adult=1&checkout=2026-05-11,https://sa.trip.com/?locale=ar-sa,False,https://sa.trip.com/hotels/phuket-hotel-detail-86134791/grace-patong-hotel/?checkin=2026-05-10&city=725&module=list&link=button&from_page=list&adult=1&checkout=2026-05-11,https://sa.trip.com/?locale=ar-sa,https://sa.trip.com/hotels/phuket-hotel-detail-86134791/grace-patong-hotel/?checkin=2026-05-10&city=725&module=list&link=button&from_page=list&adult=1&checkout=2026-05-11,recon_page,2026-05-02T21:10:28.675760
180,1,3,1,7,0,0,1,0,11,0,com,200,2,278135,506.812,0,0,19,0,unknown,1,html,1,9,0,1,1,0,0,0,0,0,0,0,1,5,0,0,1,2,0,0,0,0,1,8,0,0,0,0,1,28,22,0,6,1,37,17,20,1,14,1,2,1,3,1,1,14,0,0,0,0,0,0,0,0,0,0,1,1,0,0,0,0,0,0,1,0,0,0,1,1,0,0,0.0,1.0,0.0,0,0,0,0,0,0,0,0,0,0,0,0,41,12,1,0,0,0,0,0,0,0.0,0.00010067053768853254,0.125,0.046739892498247254,0,,multi_full_20260502_195405_0002,2026-05-02T21:10:31.541405,https://sa.trip.com/hotels/riyadh-hotel-detail-124447749/tura-residence-sulaymaniyah/?checkin=2026-05-10&city=789&module=list&link=button&from_page=list&adult=1&checkout=2026-05-11,https://sa.trip.com/?locale=ar-sa,False,https://sa.trip.com/hotels/riyadh-hotel-detail-124447749/tura-residence-sulaymaniyah/?checkin=2026-05-10&city=789&module=list&link=button&from_page=list&adult=1&checkout=2026-05-11,https://sa.trip.com/?locale=ar-sa,https://sa.trip.com/hotels/riyadh-hotel-detail-124447749/tura-residence-sulaymaniyah/?checkin=2026-05-10&city=789&module=list&link=button&from_page=list&adult=1&checkout=2026-05-11,recon_page,2026-05-02T21:10:31.560247
167,1,3,1,7,0,0,1,0,11,0,com,200,2,329533,372.31199999999995,0,0,19,0,unknown,1,html,1,9,0,1,1,0,0,0,0,0,0,0,1,5,0,0,1,2,0,0,0,0,1,16,0,0,0,0,1,28,22,0,6,1,37,17,20,1,20,1,2,1,3,1,1,14,0,0,0,0,0,0,0,0,0,0,1,1,0,0,0,0,0,0,1,0,0,0,1,1,0,0,0.0,1.0,0.0,0,0,0,0,0,0,0,0,0,0,0,0,41,12,1,0,0,0,0,0,0,0.0,8.496872847332438e-05,0.125,0.06372654635499328,0,,multi_full_20260502_195405_0002,2026-05-02T21:10:32.984548,https://sa.trip.com/hotels/riyadh-hotel-detail-123997730/su-casa-hostel/?checkin=2026-05-10&city=789&module=list&link=button&from_page=list&adult=1&checkout=2026-05-11,https://sa.trip.com/?locale=ar-sa,False,https://sa.trip.com/hotels/riyadh-hotel-detail-123997730/su-casa-hostel/?checkin=2026-05-10&city=789&module=list&link=button&from_page=list&adult=1&checkout=2026-05-11,https://sa.trip.com/?locale=ar-sa,https://sa.trip.com/hotels/riyadh-hotel-detail-123997730/su-casa-hostel/?checkin=2026-05-10&city=789&module=list&link=button&from_page=list&adult=1&checkout=2026-05-11,recon_page,2026-05-02T21:10:32.996091
52,1,3,0,0,0,0,1,0,11,0,com,404,4,17029,258.46799999999996,0,0,11,0,unknown,0,html,0,0,0,0,0,0,0,0,0,0,0,0,1,1,0,0,1,1,0,0,0,0,0,0,0,0,0,0,1,1,1,0,0,1,19,17,2,1,10,1,2,1,2,1,1,8,1,0,0,0,0,0,0,0,0,0,0,1,0,0,0,0,0,0,0,0,0,0,0,0,0,0,0.0,0.0,0.0,0,0,0,0,0,0,0,0,0,0,0,0,17,10,0,0,0,0,0,0,0,0.0,5.872335427799636e-05,0.0,0.05872335427799636,0,,multi_full_20260502_195405_0002,2026-05-02T21:10:34.252160,https://sa.trip.com/hotels/shanghai-hotels-list-2/\/,https://sa.trip.com/?locale=ar-sa,False,https://sa.trip.com/hotels/shanghai-hotels-list-2/\/,https://sa.trip.com/?locale=ar-sa,https://sa.trip.com/hotels/shanghai-hotels-list-2/\/,recon_page,2026-05-02T21:10:34.265222
77,1,3,0,0,0,0,1,0,11,0,com,200,2,424005,494.831,0,0,19,0,unknown,1,html,1,9,0,1,1,0,0,0,0,0,0,0,1,5,0,0,1,2,0,0,0,0,1,15,0,0,0,0,1,28,22,0,6,1,37,17,20,1,28,1,2,1,3,1,1,14,0,0,0,0,0,0,0,0,0,0,1,1,0,0,0,0,0,0,0,0,0,0,1,1,0,0,0.0,1.0,0.0,0,0,0,0,0,0,0,0,0,0,0,0,41,12,1,0,0,0,0,0,0,0.0,6.603695711135481e-05,0.125,0.04716925507953916,0,,multi_full_20260502_195405_0002,2026-05-02T21:10:34.978405,https://sa.trip.com/hotels/istanbul-hotel-detail-2945907/10-karakoy-istanbul/,https://sa.trip.com/?locale=ar-sa,False,https://sa.trip.com/hotels/istanbul-hotel-detail-2945907/10-karakoy-istanbul/,https://sa.trip.com/?locale=ar-sa,https://sa.trip.com/hotels/istanbul-hotel-detail-2945907/10-karakoy-istanbul/,recon_page,2026-05-02T21:10:34.985846
179,1,3,1,7,0,0,1,0,11,0,com,200,2,379904,297.331,0,0,19,0,unknown,1,html,1,9,0,1,1,0,0,0,0,0,0,0,1,5,0,0,1,2,0,0,0,0,1,18,0,0,0,0,1,28,22,0,6,1,37,17,20,1,22,1,2,1,3,1,1,14,0,0,0,0,0,0,0,0,0,0,1,1,0,0,0,0,0,0,1,0,0,0,1,1,0,0,0.0,1.0,0.0,0,0,0,0,0,0,0,0,0,0,0,0,41,12,1,0,0,0,0,0,0,0.0,7.370283018867924e-05,0.125,0.06054161051212938,0,,multi_full_20260502_195405_0002,2026-05-02T21:10:35.539526,https://sa.trip.com/hotels/makkah-hotel-detail-97265819/novotel-makkah-thaker-city/?checkin=2026-05-10&city=3744&module=list&link=button&from_page=list&adult=1&checkout=2026-05-11,https://sa.trip.com/?locale=ar-sa,False,https://sa.trip.com/hotels/makkah-hotel-detail-97265819/novotel-makkah-thaker-city/?checkin=2026-05-10&city=3744&module=list&link=button&from_page=list&adult=1&checkout=2026-05-11,https://sa.trip.com/?locale=ar-sa,https://sa.trip.com/hotels/makkah-hotel-detail-97265819/novotel-makkah-thaker-city/?checkin=2026-05-10&city=3744&module=list&link=button&from_page=list&adult=1&checkout=2026-05-11,recon_page,2026-05-02T21:10:35.549448
77,1,3,0,0,0,0,1,0,11,0,com,200,2,601408,482.708,0,0,17,0,unknown,1,html,1,4,0,1,1,0,0,0,0,0,0,0,1,5,0,0,1,2,0,0,0,0,1,6,0,0,0,0,1,21,11,0,10,1,92,81,11,1,46,1,17,0,0,1,1,24,1,0,0,0,0,0,0,0,0,0,0,1,0,0,0,0,0,0,0,0,0,0,0,0,0,0,0.0,0.0,0.0,0,0,0,0,0,0,0,0,0,0,0,0,74,1,1,0,0,0,0,0,1,0.0,3.4918058954985635e-05,0.125,0.0182904118335639,0,,multi_full_20260502_195405_0002,2026-05-02T21:10:35.924226,https://sa.trip.com/hotels/riyadh-boulevard-riyadh-city/hotels-c789m29082525/,https://sa.trip.com/?locale=ar-sa,False,https://sa.trip.com/hotels/riyadh-boulevard-riyadh-city/hotels-c789m29082525/,https://sa.trip.com/?locale=ar-sa,https://sa.trip.com/hotels/riyadh-boulevard-riyadh-city/hotels-c789m29082525/,recon_page,2026-05-02T21:10:35.934390
181,1,3,1,7,0,0,1,0,11,0,com,200,2,379144,379.027,0,0,20,0,unknown,1,html,1,9,0,1,1,0,0,0,0,0,0,0,1,5,0,0,1,2,0,0,0,0,1,12,0,0,0,0,1,28,22,0,6,1,37,17,20,1,20,1,2,1,3,1,1,14,0,0,0,0,0,0,0,0,0,0,1,1,0,0,0,0,0,0,1,0,0,0,1,1,0,0,0.0,1.0,0.0,0,0,0,0,0,0,0,0,0,0,0,0,41,12,1,0,0,0,0,0,0,0.0,7.38505686493786e-05,0.125,0.04483784525140844,0,,multi_full_20260502_195405_0002,2026-05-02T21:10:36.590300,https://sa.trip.com/hotels/istanbul-hotel-detail-746146/fraser-place-anthill-istanbul/?checkin=2026-05-10&city=532&module=list&link=button&from_page=list&adult=1&checkout=2026-05-11,https://sa.trip.com/?locale=ar-sa,False,https://sa.trip.com/hotels/istanbul-hotel-detail-746146/fraser-place-anthill-istanbul/?checkin=2026-05-10&city=532&module=list&link=button&from_page=list&adult=1&checkout=2026-05-11,https://sa.trip.com/?locale=ar-sa,https://sa.trip.com/hotels/istanbul-hotel-detail-746146/fraser-place-anthill-istanbul/?checkin=2026-05-10&city=532&module=list&link=button&from_page=list&adult=1&checkout=2026-05-11,recon_page,2026-05-02T21:10:36.608727
189,1,3,1,7,0,0,1,0,11,0,com,200,2,395959,353.563,0,0,19,0,unknown,1,html,1,9,0,1,1,0,0,0,0,0,0,0,1,5,0,0,1,2,0,0,0,0,1,18,0,0,0,0,1,28,22,0,6,1,36,16,20,1,23,1,2,1,3,1,1,14,0,0,0,0,0,0,0,0,0,0,1,1,0,0,0,0,0,0,1,0,0,0,1,1,0,0,0.0,1.0,0.0,0,0,0,0,0,0,0,0,0,0,0,0,40,12,1,0,0,0,0,0,0,0.0,7.071439214666165e-05,0.125,0.058086822120472066,0,,multi_full_20260502_195405_0002,2026-05-02T21:11:39.626893,https://sa.trip.com/hotels/phuket-hotel-detail-998437/sleep-with-me-hotel-design-hotel-patong/?checkin=2026-05-10&city=725&module=list&link=button&from_page=list&adult=1&checkout=2026-05-11,https://sa.trip.com/?locale=ar-sa,False,https://sa.trip.com/hotels/phuket-hotel-detail-998437/sleep-with-me-hotel-design-hotel-patong/?checkin=2026-05-10&city=725&module=list&link=button&from_page=list&adult=1&checkout=2026-05-11,https://sa.trip.com/?locale=ar-sa,https://sa.trip.com/hotels/phuket-hotel-detail-998437/sleep-with-me-hotel-design-hotel-patong/?checkin=2026-05-10&city=725&module=list&link=button&from_page=list&adult=1&checkout=2026-05-11,recon_page,2026-05-02T21:11:39.675466
162,1,3,1,7,0,0,1,0,11,0,com,200,2,322332,384.379,0,0,19,0,unknown,1,html,1,9,0,1,1,0,0,0,0,0,0,0,1,5,0,0,1,2,0,0,0,0,1,12,0,0,0,0,1,28,22,0,6,1,37,17,20,1,17,1,2,1,3,1,1,14,0,0,0,0,0,0,0,0,0,0,1,1,0,0,0,0,0,0,1,0,0,0,1,1,0,0,0.0,1.0,0.0,0,0,0,0,0,0,0,0,0,0,0,0,41,12,1,0,0,0,0,0,0,0.0,8.686695705049452e-05,0.125,0.052740652494943106,0,,multi_full_20260502_195405_0002,2026-05-02T21:11:39.672607,https://sa.trip.com/hotels/cairo-hotel-detail-13754799/cairo-hotel/?checkin=2026-05-10&city=332&module=list&link=button&from_page=list&adult=1&checkout=2026-05-11,https://sa.trip.com/?locale=ar-sa,False,https://sa.trip.com/hotels/cairo-hotel-detail-13754799/cairo-hotel/?checkin=2026-05-10&city=332&module=list&link=button&from_page=list&adult=1&checkout=2026-05-11,https://sa.trip.com/?locale=ar-sa,https://sa.trip.com/hotels/cairo-hotel-detail-13754799/cairo-hotel/?checkin=2026-05-10&city=332&module=list&link=button&from_page=list&adult=1&checkout=2026-05-11,recon_page,2026-05-02T21:11:39.695476
80,1,3,0,0,0,0,1,0,11,0,com,200,2,364869,310.367,0,0,19,0,unknown,1,html,1,9,0,1,1,0,0,0,0,0,0,0,1,5,0,0,1,2,0,0,0,0,1,18,0,0,0,0,1,28,22,0,6,1,37,17,20,1,23,1,2,1,3,1,1,14,0,0,0,0,0,0,0,0,0,0,1,1,0,0,0,0,0,0,0,0,0,0,1,1,0,0,0.0,1.0,0.0,0,0,0,0,0,0,0,0,0,0,0,0,41,12,1,0,0,0,0,0,0,0.0,7.673987102220248e-05,0.125,0.06303632262538061,0,,multi_full_20260502_195405_0002,2026-05-02T21:11:40.227284,https://sa.trip.com/hotels/makkah-hotel-detail-114781891/mercure-makkah-aziziah/,https://sa.trip.com/?locale=ar-sa,False,https://sa.trip.com/hotels/makkah-hotel-detail-114781891/mercure-makkah-aziziah/,https://sa.trip.com/?locale=ar-sa,https://sa.trip.com/hotels/makkah-hotel-detail-114781891/mercure-makkah-aziziah/,recon_page,2026-05-02T21:11:40.246519
73,1,3,0,0,0,0,1,0,11,0,com,200,2,277544,400.019,0,0,20,0,unknown,1,html,1,9,0,1,1,0,0,0,0,0,0,0,1,5,0,0,1,2,0,0,0,0,1,7,0,0,0,0,1,28,22,0,6,1,37,17,20,1,18,1,2,1,3,1,1,14,0,0,0,0,0,0,0,0,0,0,1,1,0,0,0,0,0,0,0,0,0,0,1,1,0,0,0.0,1.0,0.0,0,0,0,0,0,0,0,0,0,0,0,0,41,12,1,0,0,0,0,0,0,0.0,0.00010088490473582566,0.125,0.04323638774392529,0,,multi_full_20260502_195405_0002,2026-05-02T21:11:40.522014,https://sa.trip.com/hotels/riyadh-hotel-detail-130290571/towlan-al-rayan/,https://sa.trip.com/?locale=ar-sa,False,https://sa.trip.com/hotels/riyadh-hotel-detail-130290571/towlan-al-rayan/,https://sa.trip.com/?locale=ar-sa,https://sa.trip.com/hotels/riyadh-hotel-detail-130290571/towlan-al-rayan/,recon_page,2026-05-02T21:11:40.537574
82,1,3,0,0,0,0,1,0,11,0,com,200,2,308531,556.243,0,0,19,0,unknown,1,html,1,9,0,1,1,0,0,0,0,0,0,0,1,5,0,0,1,2,0,0,0,0,1,10,0,0,0,0,1,28,22,0,6,1,37,17,20,1,19,1,2,1,3,1,1,14,0,0,0,0,0,0,0,0,0,0,1,1,0,0,0,0,0,0,0,0,0,0,1,1,0,0,0.0,1.0,0.0,0,0,0,0,0,0,0,0,0,0,0,0,41,12,1,0,0,0,0,0,0,0.0,9.075263101600811e-05,0.125,0.04861748090143292,0,,multi_full_20260502_195405_0002,2026-05-02T21:11:41.140511,https://sa.trip.com/hotels/taif-hotel-detail-132123405/jadeel-serviced-apartments/,https://sa.trip.com/?locale=ar-sa,False,https://sa.trip.com/hotels/taif-hotel-detail-132123405/jadeel-serviced-apartments/,https://sa.trip.com/?locale=ar-sa,https://sa.trip.com/hotels/taif-hotel-detail-132123405/jadeel-serviced-apartments/,recon_page,2026-05-02T21:11:41.153087
78,1,3,0,0,0,0,1,0,11,0,com,200,2,286615,621.3779999999999,0,0,20,0,unknown,1,html,1,9,0,1,1,0,0,0,0,0,0,0,1,5,0,0,1,2,0,0,0,0,1,8,0,0,0,0,1,28,22,0,6,1,37,17,20,1,17,1,2,1,3,1,1,14,0,0,0,0,0,0,0,0,0,0,1,1,0,0,0,0,0,0,0,0,0,0,1,1,0,0,0.0,1.0,0.0,0,0,0,0,0,0,0,0,0,0,0,0,41,12,1,0,0,0,0,0,0,0.0,9.769202588838687e-05,0.125,0.045357012019608185,0,,multi_full_20260502_195405_0002,2026-05-02T21:11:41.597473,https://sa.trip.com/hotels/riyadh-hotel-detail-110822181/tura-residence-olaya/,https://sa.trip.com/?locale=ar-sa,False,https://sa.trip.com/hotels/riyadh-hotel-detail-110822181/tura-residence-olaya/,https://sa.trip.com/?locale=ar-sa,https://sa.trip.com/hotels/riyadh-hotel-detail-110822181/tura-residence-olaya/,recon_page,2026-05-02T21:11:41.610202
65,1,3,0,0,0,0,1,0,11,0,com,200,2,310688,468.247,0,0,19,0,unknown,1,html,1,9,0,1,1,0,0,0,0,0,0,0,1,5,0,0,1,2,0,0,0,0,1,15,0,0,0,0,1,28,22,0,6,1,37,17,20,1,21,1,2,1,3,1,1,14,0,0,0,0,0,0,0,0,0,0,1,1,0,0,0,0,0,0,0,0,0,0,1,1,0,0,0.0,1.0,0.0,0,0,0,0,0,0,0,0,0,0,0,0,41,12,1,0,0,0,0,0,0,0.0,9.012256669069935e-05,0.125,0.0643732619219281,0,,multi_full_20260502_195405_0002,2026-05-02T21:11:41.896094,https://sa.trip.com/hotels/makkah-hotel-detail-76971667/hotel-21/,https://sa.trip.com/?locale=ar-sa,False,https://sa.trip.com/hotels/makkah-hotel-detail-76971667/hotel-21/,https://sa.trip.com/?locale=ar-sa,https://sa.trip.com/hotels/makkah-hotel-detail-76971667/hotel-21/,recon_page,2026-05-02T21:11:41.909708
49,1,2,0,0,0,0,1,0,11,0,com,200,2,555495,688.038,0,0,18,0,unknown,1,html,1,4,0,1,1,0,0,0,0,0,0,0,1,5,0,0,1,2,0,0,0,0,1,31,0,0,0,0,1,15,5,0,10,1,135,124,11,1,89,1,17,0,0,1,1,23,1,0,0,0,0,0,0,0,0,0,0,1,0,0,0,0,0,0,0,0,0,0,0,0,0,0,0.0,0.0,0.0,0,0,0,0,0,0,0,0,0,0,0,0,112,1,1,0,0,0,0,0,1,0.0,2.7002943320821968e-05,0.125,0.06480706396997273,0,,multi_full_20260502_195405_0002,2026-05-02T21:11:42.704585,https://sa.trip.com/hotels/taif-hotels-list-6049/,https://sa.trip.com/?locale=ar-sa,False,https://sa.trip.com/hotels/taif-hotels-list-6049/,https://sa.trip.com/?locale=ar-sa,https://sa.trip.com/hotels/taif-hotels-list-6049/,recon_page,2026-05-02T21:11:42.733400
67,1,3,0,0,0,0,1,0,11,0,com,200,2,336815,357.48600000000005,0,0,19,0,unknown,1,html,1,9,0,1,1,0,0,0,0,0,0,0,1,5,0,0,1,2,0,0,0,0,1,12,0,0,0,0,1,28,22,0,6,1,37,17,20,1,21,1,2,1,3,1,1,14,0,0,0,0,0,0,0,0,0,0,1,1,0,0,0,0,0,0,0,0,0,0,1,1,0,0,0.0,1.0,0.0,0,0,0,0,0,0,0,0,0,0,0,0,41,12,1,0,0,0,0,0,0,0.0,8.313168950313971e-05,0.125,0.050472811484049106,0,,multi_full_20260502_195405_0002,2026-05-02T21:11:43.235457,https://sa.trip.com/hotels/cairo-hotel-detail-13754799/cairo-hotel/,https://sa.trip.com/?locale=ar-sa,False,https://sa.trip.com/hotels/cairo-hotel-detail-13754799/cairo-hotel/,https://sa.trip.com/?locale=ar-sa,https://sa.trip.com/hotels/cairo-hotel-detail-13754799/cairo-hotel/,recon_page,2026-05-02T21:11:43.248241
75,1,3,0,0,0,0,1,0,11,0,com,200,2,366351,361.62699999999995,0,0,19,0,unknown,1,html,1,9,0,1,1,0,0,0,0,0,0,0,1,5,0,0,1,2,0,0,0,0,1,18,0,0,0,0,1,28,22,0,6,1,36,16,20,1,26,1,2,1,3,1,1,14,0,0,0,0,0,0,0,0,0,0,1,1,0,0,0,0,0,0,0,0,0,0,1,1,0,0,0.0,1.0,0.0,0,0,0,0,0,0,0,0,0,0,0,0,40,12,1,0,0,0,0,0,0,0.0,7.642943515917795e-05,0.125,0.06278132173789618,0,,multi_full_20260502_195405_0002,2026-05-02T21:11:43.560003,https://sa.trip.com/hotels/phuket-hotel-detail-86134791/grace-patong-hotel/,https://sa.trip.com/?locale=ar-sa,False,https://sa.trip.com/hotels/phuket-hotel-detail-86134791/grace-patong-hotel/,https://sa.trip.com/?locale=ar-sa,https://sa.trip.com/hotels/phuket-hotel-detail-86134791/grace-patong-hotel/,recon_page,2026-05-02T21:11:43.575102
76,1,3,0,0,0,0,1,0,11,0,com,200,2,375724,397.562,0,0,19,0,unknown,1,html,1,9,0,1,1,0,0,0,0,0,0,0,1,5,0,0,1,2,0,0,0,0,1,13,0,0,0,0,1,28,22,0,6,1,37,17,20,1,27,1,2,1,3,1,1,14,0,0,0,0,0,0,0,0,0,0,1,1,0,0,0,0,0,0,0,0,0,0,1,1,0,0,0.0,1.0,0.0,0,0,0,0,0,0,0,0,0,0,0,0,41,12,1,0,0,0,0,0,0,0.0,7.452278800396036e-05,0.125,0.047907506573974516,0,,multi_full_20260502_195405_0002,2026-05-02T21:11:43.860008,https://sa.trip.com/hotels/makkah-hotel-detail-22839287/tilal-jabal-alkabah/,https://sa.trip.com/?locale=ar-sa,False,https://sa.trip.com/hotels/makkah-hotel-detail-22839287/tilal-jabal-alkabah/,https://sa.trip.com/?locale=ar-sa,https://sa.trip.com/hotels/makkah-hotel-detail-22839287/tilal-jabal-alkabah/,recon_page,2026-05-02T21:11:43.874668
97,1,4,0,0,0,0,1,0,11,0,com,200,2,283310,627.918,0,0,18,0,unknown,1,html,1,4,0,1,1,0,0,0,0,0,0,0,1,4,0,0,1,2,0,0,0,0,1,8,0,0,0,0,1,13,3,0,10,1,67,56,11,1,98,1,17,0,0,1,1,86,1,0,0,0,0,0,0,0,0,0,0,1,0,0,0,0,0,0,0,0,0,0,0,0,0,0,0.0,0.0,0.0,0,0,0,0,0,0,0,0,0,0,0,0,71,1,1,0,0,0,0,0,0,0.0,4.5886131799089337e-05,0.125,0.04235642935300554,0,,multi_full_20260502_195405_0002,2026-05-02T21:11:45.173066,https://sa.trip.com/hotels/fenghuang-hotel-detail-23799051/fenghuang-snow-bridge-house/photo.html,https://sa.trip.com/?locale=ar-sa,False,https://sa.trip.com/hotels/fenghuang-hotel-detail-23799051/fenghuang-snow-bridge-house/photo.html,https://sa.trip.com/?locale=ar-sa,https://sa.trip.com/hotels/fenghuang-hotel-detail-23799051/fenghuang-snow-bridge-house/photo.html,recon_page,2026-05-02T21:11:45.193925
173,1,3,1,7,0,0,1,0,11,0,com,200,2,315313,398.731,0,0,19,0,unknown,1,html,1,9,0,1,1,0,0,0,0,0,0,0,1,5,0,0,1,2,0,0,0,0,1,15,0,0,0,0,1,28,22,0,6,1,37,17,20,1,18,1,2,1,3,1,1,14,0,0,0,0,0,0,0,0,0,0,1,1,0,0,0,0,0,0,1,0,0,0,1,1,0,0,0.0,1.0,0.0,0,0,0,0,0,0,0,0,0,0,0,0,41,12,1,0,0,0,0,0,0,0.0,8.88006520505022e-05,0.125,0.06342903717893014,0,,multi_full_20260502_195405_0002,2026-05-02T21:12:26.415387,https://sa.trip.com/hotels/jeddah-hotel-detail-109961027/casa-diora-al-naseem/?checkin=2026-05-10&city=801&module=list&link=button&from_page=list&adult=1&checkout=2026-05-11,https://sa.trip.com/?locale=ar-sa,False,https://sa.trip.com/hotels/jeddah-hotel-detail-109961027/casa-diora-al-naseem/?checkin=2026-05-10&city=801&module=list&link=button&from_page=list&adult=1&checkout=2026-05-11,https://sa.trip.com/?locale=ar-sa,https://sa.trip.com/hotels/jeddah-hotel-detail-109961027/casa-diora-al-naseem/?checkin=2026-05-10&city=801&module=list&link=button&from_page=list&adult=1&checkout=2026-05-11,recon_page,2026-05-02T21:12:26.427414
52,1,3,0,0,0,0,1,0,11,0,com,404,4,17029,305.243,0,0,11,0,unknown,0,html,0,0,0,0,0,0,0,0,0,0,0,0,1,1,0,0,1,1,0,0,0,0,0,0,0,0,0,0,1,1,1,0,0,1,19,17,2,1,10,1,2,1,2,1,1,8,1,0,0,0,0,0,0,0,0,0,0,1,0,0,0,0,0,0,0,0,0,0,0,0,0,0,0.0,0.0,0.0,0,0,0,0,0,0,0,0,0,0,0,0,17,10,0,0,0,0,0,0,0,0.0,5.872335427799636e-05,0.0,0.05872335427799636,0,,multi_full_20260502_195405_0002,2026-05-02T21:12:26.685619,https://sa.trip.com/hotels/london-hotels-list-338/\/,https://sa.trip.com/?locale=ar-sa,False,https://sa.trip.com/hotels/london-hotels-list-338/\/,https://sa.trip.com/?locale=ar-sa,https://sa.trip.com/hotels/london-hotels-list-338/\/,recon_page,2026-05-02T21:12:26.692920
171,1,3,1,7,0,0,1,0,11,0,com,200,2,354703,341.88,0,0,20,0,unknown,1,html,1,9,0,1,1,0,0,0,0,0,0,0,1,5,0,0,1,2,0,0,0,0,1,18,0,0,0,0,1,28,22,0,6,1,37,17,20,1,23,1,2,1,3,1,1,14,0,0,0,0,0,0,0,0,0,0,1,1,0,0,0,0,0,0,1,0,0,0,1,1,0,0,0.0,1.0,0.0,0,0,0,0,0,0,0,0,0,0,0,0,41,12,1,0,0,0,0,0,0,0.0,7.893928159615228e-05,0.125,0.06484298131112509,0,,multi_full_20260502_195405_0002,2026-05-02T21:12:27.146609,https://sa.trip.com/hotels/makkah-hotel-detail-47402106/voco-makkah-by-ihg/?checkin=2026-05-10&city=3744&module=list&link=button&from_page=list&adult=1&checkout=2026-05-11,https://sa.trip.com/?locale=ar-sa,False,https://sa.trip.com/hotels/makkah-hotel-detail-47402106/voco-makkah-by-ihg/?checkin=2026-05-10&city=3744&module=list&link=button&from_page=list&adult=1&checkout=2026-05-11,https://sa.trip.com/?locale=ar-sa,https://sa.trip.com/hotels/makkah-hotel-detail-47402106/voco-makkah-by-ihg/?checkin=2026-05-10&city=3744&module=list&link=button&from_page=list&adult=1&checkout=2026-05-11,recon_page,2026-05-02T21:12:27.152946
54,1,5,0,0,0,0,1,0,11,0,com,200,2,305643,649.3,0,0,18,0,unknown,1,html,1,4,0,1,1,0,0,0,0,0,0,0,1,5,0,0,1,2,0,0,0,0,1,2,0,0,0,0,1,15,5,0,10,1,68,57,11,1,71,1,17,0,0,1,1,10,1,0,0,0,0,0,0,0,0,0,0,1,0,0,0,0,0,0,0,0,0,0,0,0,0,0,0.0,0.0,0.0,0,0,0,0,0,0,0,0,0,0,0,0,68,1,1,0,0,0,0,0,0,0.0,4.907686418468605e-05,0.125,0.022902536619520162,0,,multi_full_20260502_195405_0002,2026-05-02T21:12:27.635518,https://sa.trip.com/hotels/jacuzzi/city/sa/riyadh.html,https://sa.trip.com/?locale=ar-sa,False,https://sa.trip.com/hotels/jacuzzi/city/sa/riyadh.html,https://sa.trip.com/?locale=ar-sa,https://sa.trip.com/hotels/jacuzzi/city/sa/riyadh.html,recon_page,2026-05-02T21:12:27.643783
53,1,5,0,0,0,0,1,0,11,0,com,200,2,291926,595.294,0,0,17,0,unknown,1,html,1,4,0,1,1,0,0,0,0,0,0,0,1,5,0,0,1,2,0,0,0,0,1,2,0,0,0,0,1,15,5,0,10,1,56,45,11,1,68,1,17,0,0,1,1,10,1,0,0,0,0,0,0,0,0,0,0,1,0,0,0,0,0,0,0,0,0,0,0,0,0,0,0.0,0.0,0.0,0,0,0,0,0,0,0,0,0,0,0,0,61,1,1,0,0,0,0,0,0,0.0,5.1382884703657776e-05,0.125,0.02397867952837363,0,,multi_full_20260502_195405_0002,2026-05-02T21:12:27.870813,https://sa.trip.com/hotels/resorts/city/ru/sochi.html,https://sa.trip.com/?locale=ar-sa,False,https://sa.trip.com/hotels/resorts/city/ru/sochi.html,https://sa.trip.com/?locale=ar-sa,https://sa.trip.com/hotels/resorts/city/ru/sochi.html,recon_page,2026-05-02T21:12:27.875714
188,1,3,1,7,0,0,1,0,11,0,com,200,2,415688,333.68399999999997,0,0,19,0,unknown,1,html,1,9,0,1,1,0,0,0,0,0,0,0,1,5,0,0,1,2,0,0,0,0,1,17,0,0,0,0,1,28,22,0,6,1,37,17,20,1,30,1,2,1,3,1,1,15,0,0,0,0,0,0,0,0,0,0,1,1,0,0,0,0,0,0,1,0,0,0,1,1,0,0,0.0,1.0,0.0,0,0,0,0,0,0,0,0,0,0,0,0,41,12,1,0,0,0,0,0,0,0.0,6.735821096591675e-05,0.125,0.05292430861607744,0,,multi_full_20260502_195405_0002,2026-05-02T21:12:28.213983,https://sa.trip.com/hotels/istanbul-hotel-detail-1645093/mvenpick-istanbul-hotel-golden-horn/?checkin=2026-05-10&city=532&module=list&link=button&from_page=list&adult=1&checkout=2026-05-11,https://sa.trip.com/?locale=ar-sa,False,https://sa.trip.com/hotels/istanbul-hotel-detail-1645093/mvenpick-istanbul-hotel-golden-horn/?checkin=2026-05-10&city=532&module=list&link=button&from_page=list&adult=1&checkout=2026-05-11,https://sa.trip.com/?locale=ar-sa,https://sa.trip.com/hotels/istanbul-hotel-detail-1645093/mvenpick-istanbul-hotel-golden-horn/?checkin=2026-05-10&city=532&module=list&link=button&from_page=list&adult=1&checkout=2026-05-11,recon_page,2026-05-02T21:12:28.261184
82,1,3,0,0,0,0,1,0,11,0,com,200,2,350963,421.966,0,0,19,0,unknown,1,html,1,9,0,1,1,0,0,0,0,0,0,0,1,5,0,0,1,2,0,0,0,0,1,10,0,0,0,0,1,28,22,0,6,1,37,17,20,1,23,1,2,1,3,1,1,14,0,0,0,0,0,0,0,0,0,0,1,1,0,0,0,0,0,0,0,0,0,0,1,1,0,0,0.0,1.0,0.0,0,0,0,0,0,0,0,0,0,0,0,0,41,12,1,0,0,0,0,0,0,0.0,7.978048968124846e-05,0.125,0.042739548043525956,0,,multi_full_20260502_195405_0002,2026-05-02T21:12:28.261324,https://sa.trip.com/hotels/cape-town-hotel-detail-13669390/urban-hive-backpackers/,https://sa.trip.com/?locale=ar-sa,False,https://sa.trip.com/hotels/cape-town-hotel-detail-13669390/urban-hive-backpackers/,https://sa.trip.com/?locale=ar-sa,https://sa.trip.com/hotels/cape-town-hotel-detail-13669390/urban-hive-backpackers/,recon_page,2026-05-02T21:12:28.268339
79,1,3,0,0,0,0,1,0,11,0,com,200,2,331015,308.90299999999996,0,0,19,0,unknown,1,html,1,9,0,1,1,0,0,0,0,0,0,0,1,5,0,0,1,2,0,0,0,0,1,17,0,0,0,0,1,28,22,0,6,1,36,16,20,1,20,1,2,1,3,1,1,14,0,0,0,0,0,0,0,0,0,0,1,1,0,0,0,0,0,0,0,0,0,0,1,1,0,0,0.0,1.0,0.0,0,0,0,0,0,0,0,0,0,0,0,0,40,12,1,0,0,0,0,0,0,0.0,8.458831170792864e-05,0.125,0.0664622449133725,0,,multi_full_20260502_195405_0002,2026-05-02T21:12:28.853392,https://sa.trip.com/hotels/phuket-hotel-detail-127798531/aspira-central-patong/,https://sa.trip.com/?locale=ar-sa,False,https://sa.trip.com/hotels/phuket-hotel-detail-127798531/aspira-central-patong/,https://sa.trip.com/?locale=ar-sa,https://sa.trip.com/hotels/phuket-hotel-detail-127798531/aspira-central-patong/,recon_page,2026-05-02T21:12:28.890285
77,1,3,0,0,0,0,1,0,11,0,com,200,2,370522,482.194,0,0,20,0,unknown,1,html,1,9,0,1,1,0,0,0,0,0,0,0,1,5,0,0,1,2,0,0,0,0,1,18,0,0,0,0,1,28,22,0,6,1,37,17,20,1,27,1,2,1,3,1,1,14,0,0,0,0,0,0,0,0,0,0,1,1,0,0,0,0,0,0,0,0,0,0,1,1,0,0,0.0,1.0,0.0,0,0,0,0,0,0,0,0,0,0,0,0,41,12,1,0,0,0,0,0,0,0.0,7.556906202600656e-05,0.125,0.06207458666421967,0,,multi_full_20260502_195405_0002,2026-05-02T21:12:29.118892,https://sa.trip.com/hotels/riyadh-hotel-detail-102787011/mira-business-hotel/,https://sa.trip.com/?locale=ar-sa,False,https://sa.trip.com/hotels/riyadh-hotel-detail-102787011/mira-business-hotel/,https://sa.trip.com/?locale=ar-sa,https://sa.trip.com/hotels/riyadh-hotel-detail-102787011/mira-business-hotel/,recon_page,2026-05-02T21:12:29.126847
102,1,3,0,0,0,0,1,0,11,0,com,200,2,375224,555.396,0,0,19,0,unknown,1,html,1,9,0,1,1,0,0,0,0,0,0,0,1,5,0,0,1,2,0,0,0,0,1,13,0,0,0,0,1,28,22,0,6,1,37,17,20,1,23,1,2,1,3,1,1,14,0,0,0,0,0,0,0,0,0,0,1,1,0,0,0,0,0,0,0,0,0,0,1,1,0,0,0.0,1.0,0.0,0,0,0,0,0,0,0,0,0,0,0,0,41,12,1,0,0,0,0,0,0,0.0,7.462209240347099e-05,0.125,0.047971345116517065,0,,multi_full_20260502_195405_0002,2026-05-02T21:12:29.692298,https://sa.trip.com/hotels/makkah-hotel-detail-112372899/wirgan-al-noor-tapestry-collection-by-hilton/,https://sa.trip.com/?locale=ar-sa,False,https://sa.trip.com/hotels/makkah-hotel-detail-112372899/wirgan-al-noor-tapestry-collection-by-hilton/,https://sa.trip.com/?locale=ar-sa,https://sa.trip.com/hotels/makkah-hotel-detail-112372899/wirgan-al-noor-tapestry-collection-by-hilton/,recon_page,2026-05-02T21:12:29.699635
175,1,3,1,7,0,0,1,0,11,0,com,200,2,395808,363.06,0,0,20,0,unknown,1,html,1,9,0,1,1,0,0,0,0,0,0,0,1,5,0,0,1,2,0,0,0,0,1,18,0,0,0,0,1,28,22,0,6,1,37,17,20,1,25,1,2,1,3,1,1,14,0,0,0,0,0,0,0,0,0,0,1,1,0,0,0,0,0,0,1,0,0,0,1,1,0,0,0.0,1.0,0.0,0,0,0,0,0,0,0,0,0,0,0,0,41,12,1,0,0,0,0,0,0,0.0,7.074136955291455e-05,0.125,0.05810898213275124,0,,multi_full_20260502_195405_0002,2026-05-02T21:12:29.943893,https://sa.trip.com/hotels/siem-reap-hotel-detail-103004895/darling-pub-hostel/?checkin=2026-05-10&city=1369&module=list&link=button&from_page=list&adult=1&checkout=2026-05-11,https://sa.trip.com/?locale=ar-sa,False,https://sa.trip.com/hotels/siem-reap-hotel-detail-103004895/darling-pub-hostel/?checkin=2026-05-10&city=1369&module=list&link=button&from_page=list&adult=1&checkout=2026-05-11,https://sa.trip.com/?locale=ar-sa,https://sa.trip.com/hotels/siem-reap-hotel-detail-103004895/darling-pub-hostel/?checkin=2026-05-10&city=1369&module=list&link=button&from_page=list&adult=1&checkout=2026-05-11,recon_page,2026-05-02T21:12:29.955960
88,1,3,0,0,0,0,1,0,11,0,com,200,2,340057,307.764,0,0,20,0,unknown,1,html,1,9,0,1,1,0,0,0,0,0,0,0,1,5,0,0,1,2,0,0,0,0,1,9,0,0,0,0,1,28,22,0,6,1,37,17,20,1,28,1,2,1,3,1,1,14,0,0,0,0,0,0,0,0,0,0,1,1,0,0,0,0,0,0,0,0,0,0,1,1,0,0,0.0,1.0,0.0,0,0,0,0,0,0,0,0,0,0,0,0,41,12,1,0,0,0,0,0,0,0.0,8.23391372622825e-05,0.125,0.04116956863114125,0,,multi_full_20260502_195405_0002,2026-05-02T21:12:30.762053,https://sa.trip.com/hotels/jeddah-hotel-detail-10113875/habitat-hotel-all-suites-jeddah/,https://sa.trip.com/?locale=ar-sa,False,https://sa.trip.com/hotels/jeddah-hotel-detail-10113875/habitat-hotel-all-suites-jeddah/,https://sa.trip.com/?locale=ar-sa,https://sa.trip.com/hotels/jeddah-hotel-detail-10113875/habitat-hotel-all-suites-jeddah/,recon_page,2026-05-02T21:12:30.766263
80,1,3,0,0,0,0,1,0,11,0,com,200,2,380949,305.49399999999997,0,0,19,0,unknown,1,html,1,9,0,1,1,0,0,0,0,0,0,0,1,5,0,0,1,2,0,0,0,0,1,17,0,0,0,0,1,28,22,0,6,1,37,17,20,1,25,1,2,1,3,1,1,14,0,0,0,0,0,0,0,0,0,0,1,1,0,0,0,0,0,0,0,0,0,0,1,1,0,0,0.0,1.0,0.0,0,0,0,0,0,0,0,0,0,0,0,0,41,12,1,0,0,0,0,0,0,0.0,7.350065231828932e-05,0.125,0.057750512535798756,0,,multi_full_20260502_195405_0002,2026-05-02T21:13:10.579962,https://sa.trip.com/hotels/makkah-hotel-detail-116551061/time-ruba-hotel-suites/,https://sa.trip.com/?locale=ar-sa,False,https://sa.trip.com/hotels/makkah-hotel-detail-116551061/time-ruba-hotel-suites/,https://sa.trip.com/?locale=ar-sa,https://sa.trip.com/hotels/makkah-hotel-detail-116551061/time-ruba-hotel-suites/,recon_page,2026-05-02T21:13:10.588481
84,1,3,0,0,0,0,1,0,11,0,com,200,2,396488,300.51800000000003,0,0,19,0,unknown,1,html,1,9,0,1,1,0,0,0,0,0,0,0,1,5,0,0,1,2,0,0,0,0,1,18,0,0,0,0,1,28,22,0,6,1,37,17,20,1,30,1,2,1,3,1,1,14,0,0,0,0,0,0,0,0,0,0,1,1,0,0,0,0,0,0,0,0,0,0,1,1,0,0,0.0,1.0,0.0,0,0,0,0,0,0,0,0,0,0,0,0,41,12,1,0,0,0,0,0,0,0.0,7.062004398619882e-05,0.125,0.05800932184580618,0,,multi_full_20260502_195405_0002,2026-05-02T21:13:10.854555,https://sa.trip.com/hotels/istanbul-hotel-detail-127416944/meroddi-beyolu-residence/,https://sa.trip.com/?locale=ar-sa,False,https://sa.trip.com/hotels/istanbul-hotel-detail-127416944/meroddi-beyolu-residence/,https://sa.trip.com/?locale=ar-sa,https://sa.trip.com/hotels/istanbul-hotel-detail-127416944/meroddi-beyolu-residence/,recon_page,2026-05-02T21:13:10.862728
51,1,3,0,0,0,0,1,0,11,0,com,404,4,17029,294.286,0,0,11,0,unknown,0,html,0,0,0,0,0,0,0,0,0,0,0,0,1,1,0,0,1,1,0,0,0,0,0,0,0,0,0,0,1,1,1,0,0,1,19,17,2,1,10,1,2,1,2,1,1,8,1,0,0,0,0,0,0,0,0,0,0,1,0,0,0,0,0,0,0,0,0,0,0,0,0,0,0.0,0.0,0.0,0,0,0,0,0,0,0,0,0,0,0,0,17,10,0,0,0,0,0,0,0,0.0,5.872335427799636e-05,0.0,0.05872335427799636,0,,multi_full_20260502_195405_0002,2026-05-02T21:13:10.982377,https://sa.trip.com/hotels/paris-hotels-list-192/\/,https://sa.trip.com/?locale=ar-sa,False,https://sa.trip.com/hotels/paris-hotels-list-192/\/,https://sa.trip.com/?locale=ar-sa,https://sa.trip.com/hotels/paris-hotels-list-192/\/,recon_page,2026-05-02T21:13:11.005106
225,1,3,1,7,0,0,1,0,11,0,com,200,2,372345,322.616,0,0,19,0,unknown,1,html,1,9,0,1,1,0,0,0,0,0,0,0,1,5,0,0,1,2,0,0,0,0,1,17,0,0,0,0,1,28,22,0,6,1,37,17,20,1,22,1,2,1,3,1,1,14,0,0,0,0,0,0,0,0,0,0,1,1,0,0,0,0,0,0,1,0,0,0,1,1,0,0,0.0,1.0,0.0,0,0,0,0,0,0,0,0,0,0,0,0,41,12,1,0,0,0,0,0,0,0.0,7.519907612563617e-05,0.125,0.05908498838442842,0,,multi_full_20260502_195405_0002,2026-05-02T21:13:11.104775,https://sa.trip.com/hotels/makkah-hotel-detail-47589542/park-inn-by-radisson-makkah-aziziyahpark-inn-by-radisson-makkah-aziziyah/?checkin=2026-05-10&city=3744&module=list&link=button&from_page=list&adult=1&checkout=2026-05-11,https://sa.trip.com/?locale=ar-sa,False,https://sa.trip.com/hotels/makkah-hotel-detail-47589542/park-inn-by-radisson-makkah-aziziyahpark-inn-by-radisson-makkah-aziziyah/?checkin=2026-05-10&city=3744&module=list&link=button&from_page=list&adult=1&checkout=2026-05-11,https://sa.trip.com/?locale=ar-sa,https://sa.trip.com/hotels/makkah-hotel-detail-47589542/park-inn-by-radisson-makkah-aziziyahpark-inn-by-radisson-makkah-aziziyah/?checkin=2026-05-10&city=3744&module=list&link=button&from_page=list&adult=1&checkout=2026-05-11,recon_page,2026-05-02T21:13:11.116030
169,1,3,1,7,0,0,1,0,11,0,com,200,2,424258,329.10699999999997,0,0,19,0,unknown,1,html,1,9,0,1,1,0,0,0,0,0,0,0,1,5,0,0,1,2,0,0,0,0,1,18,0,0,0,0,1,28,22,0,6,1,36,16,20,1,32,1,2,1,3,1,1,19,0,0,0,0,0,0,0,0,0,0,1,1,0,0,0,0,0,0,1,0,0,0,1,1,0,0,0.0,1.0,0.0,0,0,0,0,0,0,0,0,0,0,0,0,40,12,1,0,0,0,0,0,0,0.0,6.599757694610355e-05,0.125,0.054212295348585064,0,,multi_full_20260502_195405_0002,2026-05-02T21:13:11.592434,https://sa.trip.com/hotels/phuket-hotel-detail-701853/elite-suites-patong/?checkin=2026-05-10&city=725&module=list&link=button&from_page=list&adult=1&checkout=2026-05-11,https://sa.trip.com/?locale=ar-sa,False,https://sa.trip.com/hotels/phuket-hotel-detail-701853/elite-suites-patong/?checkin=2026-05-10&city=725&module=list&link=button&from_page=list&adult=1&checkout=2026-05-11,https://sa.trip.com/?locale=ar-sa,https://sa.trip.com/hotels/phuket-hotel-detail-701853/elite-suites-patong/?checkin=2026-05-10&city=725&module=list&link=button&from_page=list&adult=1&checkout=2026-05-11,recon_page,2026-05-02T21:13:11.600613
89,1,3,0,0,0,0,1,0,11,0,com,200,2,371973,440.072,0,0,20,0,unknown,1,html,1,9,0,1,1,0,0,0,0,0,0,0,1,5,0,0,1,2,0,0,0,0,1,18,0,0,0,0,1,28,22,0,6,1,36,16,20,1,24,1,2,1,3,1,1,14,0,0,0,0,0,0,0,0,0,0,1,1,0,0,0,0,0,0,0,0,0,0,1,1,0,0,0.0,1.0,0.0,0,0,0,0,0,0,0,0,0,0,0,0,40,12,1,0,0,0,0,0,0,0.0,7.527428066015545e-05,0.125,0.06183244482798483,0,,multi_full_20260502_195405_0002,2026-05-02T21:13:11.811457,https://sa.trip.com/hotels/phuket-hotel-detail-998448/mirage-express-patong-phuket-hotel/,https://sa.trip.com/?locale=ar-sa,False,https://sa.trip.com/hotels/phuket-hotel-detail-998448/mirage-express-patong-phuket-hotel/,https://sa.trip.com/?locale=ar-sa,https://sa.trip.com/hotels/phuket-hotel-detail-998448/mirage-express-patong-phuket-hotel/,recon_page,2026-05-02T21:13:11.818567
76,1,4,0,0,0,0,1,0,11,0,com,200,2,276723,520.854,0,0,17,0,unknown,1,html,1,4,0,1,1,0,0,0,0,0,0,0,1,4,0,0,1,2,0,0,0,0,1,8,0,0,0,0,1,13,3,0,10,1,66,55,11,1,89,1,17,0,0,1,1,66,1,0,0,0,0,0,0,0,0,0,0,1,0,0,0,0,0,0,0,0,0,0,0,0,0,0,0.0,0.0,0.0,0,0,0,0,0,0,0,0,0,0,0,0,70,1,1,0,0,0,0,0,0,0.0,4.697838632856684e-05,0.125,0.04336466430329246,0,,multi_full_20260502_195405_0002,2026-05-02T21:13:12.485452,https://sa.trip.com/hotels/hue-hotel-detail-2487804/sunny-a-hotel/photo.html,https://sa.trip.com/?locale=ar-sa,False,https://sa.trip.com/hotels/hue-hotel-detail-2487804/sunny-a-hotel/photo.html,https://sa.trip.com/?locale=ar-sa,https://sa.trip.com/hotels/hue-hotel-detail-2487804/sunny-a-hotel/photo.html,recon_page,2026-05-02T21:13:12.492664
80,1,3,0,0,0,0,1,0,11,0,com,200,2,410468,415.896,0,0,20,0,unknown,1,html,1,9,0,1,1,0,0,0,0,0,0,0,1,5,0,0,1,2,0,0,0,0,1,17,0,0,0,0,1,28,22,0,6,1,37,17,20,1,23,1,2,1,3,1,1,14,0,0,0,0,0,0,0,0,0,0,1,1,0,0,0,0,0,0,0,0,0,0,1,1,0,0,0.0,1.0,0.0,0,0,0,0,0,0,0,0,0,0,0,0,41,12,1,0,0,0,0,0,0,0.0,6.821481820750947e-05,0.125,0.05359735716304316,0,,multi_full_20260502_195405_0002,2026-05-02T21:13:12.735444,https://sa.trip.com/hotels/makkah-hotel-detail-7175144/swisstel-al-maqam-makkah/,https://sa.trip.com/?locale=ar-sa,False,https://sa.trip.com/hotels/makkah-hotel-detail-7175144/swisstel-al-maqam-makkah/,https://sa.trip.com/?locale=ar-sa,https://sa.trip.com/hotels/makkah-hotel-detail-7175144/swisstel-al-maqam-makkah/,recon_page,2026-05-02T21:13:12.743851
78,1,3,0,0,0,0,1,0,11,0,com,200,2,328993,427.00300000000004,0,0,20,0,unknown,1,html,1,9,0,1,1,0,0,0,0,0,0,0,1,5,0,0,1,2,0,0,0,0,1,15,0,0,0,0,1,28,22,0,6,1,37,17,20,1,22,1,2,1,3,1,1,14,0,0,0,0,0,0,0,0,0,0,1,1,0,0,0,0,0,0,0,0,0,0,1,1,0,0,0.0,1.0,0.0,0,0,0,0,0,0,0,0,0,0,0,0,41,12,1,0,0,0,0,0,0,0.0,8.510819379135727e-05,0.125,0.060791566993826616,0,,multi_full_20260502_195405_0002,2026-05-02T21:13:13.046650,https://sa.trip.com/hotels/jeddah-hotel-detail-109961027/casa-diora-al-naseem/,https://sa.trip.com/?locale=ar-sa,False,https://sa.trip.com/hotels/jeddah-hotel-detail-109961027/casa-diora-al-naseem/,https://sa.trip.com/?locale=ar-sa,https://sa.trip.com/hotels/jeddah-hotel-detail-109961027/casa-diora-al-naseem/,recon_page,2026-05-02T21:13:13.057132
107,1,3,0,0,0,0,1,0,11,0,com,200,2,423739,480.888,0,0,19,0,unknown,1,html,1,9,0,1,1,0,0,0,0,0,0,0,1,5,0,0,1,2,0,0,0,0,1,15,0,0,0,0,1,28,22,0,6,1,37,17,20,1,29,1,2,1,3,1,1,14,0,0,0,0,0,0,0,0,0,0,1,1,0,0,0,0,0,0,0,0,0,0,1,1,0,0,0.0,1.0,0.0,0,0,0,0,0,0,0,0,0,0,0,0,41,12,1,0,0,0,0,0,0,0.0,6.607841147498814e-05,0.125,0.047198865339277245,0,,multi_full_20260502_195405_0002,2026-05-02T21:13:13.137565,https://sa.trip.com/hotels/istanbul-hotel-detail-746271/opera-hotel-bosphorus-preferred-hotels-and-resorts/,https://sa.trip.com/?locale=ar-sa,False,https://sa.trip.com/hotels/istanbul-hotel-detail-746271/opera-hotel-bosphorus-preferred-hotels-and-resorts/,https://sa.trip.com/?locale=ar-sa,https://sa.trip.com/hotels/istanbul-hotel-detail-746271/opera-hotel-bosphorus-preferred-hotels-and-resorts/,recon_page,2026-05-02T21:13:13.149369
50,1,2,0,0,0,0,1,0,11,0,com,200,2,725587,555.238,0,0,17,0,unknown,1,html,1,4,0,1,1,0,0,0,0,0,0,0,1,5,0,0,1,2,0,0,0,0,1,60,0,0,0,0,1,15,5,0,10,1,121,110,11,1,116,1,17,0,0,1,1,41,1,0,0,0,0,0,0,0,0,0,0,1,0,0,0,0,0,0,0,0,0,0,0,0,0,0,0.0,0.0,0.0,0,0,0,0,0,0,0,0,0,0,0,0,98,1,1,0,0,0,0,0,1,0.0,2.067291723804313e-05,0.125,0.08958264136485355,0,,multi_full_20260502_195405_0002,2026-05-02T21:13:13.611441,https://sa.trip.com/hotels/jeddah-hotels-list-801/,https://sa.trip.com/?locale=ar-sa,False,https://sa.trip.com/hotels/jeddah-hotels-list-801/,https://sa.trip.com/?locale=ar-sa,https://sa.trip.com/hotels/jeddah-hotels-list-801/,recon_page,2026-05-02T21:13:13.616933
101,1,3,0,0,0,0,1,0,11,0,com,200,2,404125,324.517,0,0,19,0,unknown,1,html,1,9,0,1,1,0,0,0,0,0,0,0,1,5,0,0,1,2,0,0,0,0,1,18,0,0,0,0,1,28,22,0,6,1,37,17,20,1,31,1,2,1,3,1,1,14,0,0,0,0,0,0,0,0,0,0,1,1,0,0,0,0,0,0,0,0,0,0,1,1,0,0,0.0,1.0,0.0,0,0,0,0,0,0,0,0,0,0,0,0,41,12,1,0,0,0,0,0,0,0.0,6.928549334982989e-05,0.125,0.05691308382307454,0,,multi_full_20260502_195405_0002,2026-05-02T21:13:14.045727,https://sa.trip.com/hotels/istanbul-hotel-detail-744510/ramada-plaza-by-wyndham-istanbul-city-center/,https://sa.trip.com/?locale=ar-sa,False,https://sa.trip.com/hotels/istanbul-hotel-detail-744510/ramada-plaza-by-wyndham-istanbul-city-center/,https://sa.trip.com/?locale=ar-sa,https://sa.trip.com/hotels/istanbul-hotel-detail-744510/ramada-plaza-by-wyndham-istanbul-city-center/,recon_page,2026-05-02T21:13:14.050850
53,1,5,0,0,0,0,1,0,11,0,com,200,2,295713,585.1429999999999,0,0,17,0,unknown,1,html,1,4,0,1,1,0,0,0,0,0,0,0,1,5,0,0,1,2,0,0,0,0,1,2,0,0,0,0,1,15,5,0,10,1,56,45,11,1,71,1,17,0,0,1,1,10,1,0,0,0,0,0,0,0,0,0,0,1,0,0,0,0,0,0,0,0,0,0,0,0,0,0,0.0,0.0,0.0,0,0,0,0,0,0,0,0,0,0,0,0,51,1,1,0,0,0,0,0,0,0.0,5.0724858224021266e-05,0.125,0.023671600504543255,0,,multi_full_20260502_195405_0002,2026-05-02T21:13:50.995026,https://sa.trip.com/hotels/jacuzzi/city/jo/aqaba.html,https://sa.trip.com/?locale=ar-sa,False,https://sa.trip.com/hotels/jacuzzi/city/jo/aqaba.html,https://sa.trip.com/?locale=ar-sa,https://sa.trip.com/hotels/jacuzzi/city/jo/aqaba.html,recon_page,2026-05-02T21:13:51.006543
94,1,3,0,0,0,0,1,0,11,0,com,200,2,408047,420.914,0,0,20,0,unknown,1,html,1,9,0,1,1,0,0,0,0,0,0,0,1,5,0,0,1,2,0,0,0,0,1,18,0,0,0,0,1,28,22,0,6,1,36,16,20,1,27,1,2,1,3,1,1,14,0,0,0,0,0,0,0,0,0,0,1,1,0,0,0,0,0,0,0,0,0,0,1,1,0,0,0.0,1.0,0.0,0,0,0,0,0,0,0,0,0,0,0,0,40,12,1,0,0,0,0,0,0,0.0,6.861954627775722e-05,0.125,0.056366055871014856,0,,multi_full_20260502_195405_0002,2026-05-02T21:13:51.897031,https://sa.trip.com/hotels/phuket-hotel-detail-998437/sleep-with-me-hotel-design-hotel-patong/,https://sa.trip.com/?locale=ar-sa,False,https://sa.trip.com/hotels/phuket-hotel-detail-998437/sleep-with-me-hotel-design-hotel-patong/,https://sa.trip.com/?locale=ar-sa,https://sa.trip.com/hotels/phuket-hotel-detail-998437/sleep-with-me-hotel-design-hotel-patong/,recon_page,2026-05-02T21:13:51.913445
70,1,3,0,0,0,0,1,0,11,0,com,200,2,367614,337.865,0,0,19,0,unknown,1,html,1,9,0,1,1,0,0,0,0,0,0,0,1,5,0,0,1,2,0,0,0,0,1,15,0,0,0,0,1,28,22,0,6,1,37,17,20,1,27,1,2,1,3,1,1,14,0,0,0,0,0,0,0,0,0,0,1,1,0,0,0,0,0,0,0,0,0,0,1,1,0,0,0.0,1.0,0.0,0,0,0,0,0,0,0,0,0,0,0,0,41,12,1,0,0,0,0,0,0,0.0,7.616684892305516e-05,0.125,0.05440489208789655,0,,multi_full_20260502_195405_0002,2026-05-02T21:13:52.407940,https://sa.trip.com/hotels/jinan-hotel-detail-133482051/daibei-hostel/,https://sa.trip.com/?locale=ar-sa,False,https://sa.trip.com/hotels/jinan-hotel-detail-133482051/daibei-hostel/,https://sa.trip.com/?locale=ar-sa,https://sa.trip.com/hotels/jinan-hotel-detail-133482051/daibei-hostel/,recon_page,2026-05-02T21:13:52.442259
51,1,2,0,0,0,0,1,0,11,0,com,200,2,668678,637.0409999999999,0,0,17,0,unknown,1,html,1,4,0,1,1,0,0,0,0,0,0,0,1,5,0,0,1,2,0,0,0,0,1,62,0,0,0,0,1,15,5,0,10,1,99,88,11,1,115,1,17,0,0,1,1,48,1,0,0,0,0,0,0,0,0,0,0,1,0,0,0,0,0,0,0,0,0,0,0,0,0,0,0.0,0.0,0.0,0,0,0,0,0,0,0,0,0,0,0,0,92,1,1,0,0,0,0,0,1,0.0,2.243232168547492e-05,0.125,0.10019770352845465,0,,multi_full_20260502_195405_0002,2026-05-02T21:13:52.921571,https://sa.trip.com/hotels/miami-hotels-list-25773/,https://sa.trip.com/?locale=ar-sa,False,https://sa.trip.com/hotels/miami-hotels-list-25773/,https://sa.trip.com/?locale=ar-sa,https://sa.trip.com/hotels/miami-hotels-list-25773/,recon_page,2026-05-02T21:13:52.960887
90,1,4,0,0,0,0,1,0,11,0,com,200,2,307432,667.099,0,0,17,0,unknown,1,html,1,4,0,1,1,0,0,0,0,0,0,0,1,4,0,0,1,2,0,0,0,0,1,10,0,0,0,0,1,13,3,0,10,1,67,56,11,1,127,1,17,0,0,1,1,93,1,0,0,0,0,0,0,0,0,0,0,1,0,0,0,0,0,0,0,0,0,0,0,0,0,0,0.0,0.0,0.0,0,0,0,0,0,0,0,0,0,0,0,0,72,1,1,0,0,0,0,0,0,0.0,4.228577376460486e-05,0.125,0.04553852559265138,0,,multi_full_20260502_195405_0002,2026-05-02T21:13:53.325322,https://sa.trip.com/hotels/harbin-hotel-detail-131959880/xueting-fanhuali-hotel/photo.html,https://sa.trip.com/?locale=ar-sa,False,https://sa.trip.com/hotels/harbin-hotel-detail-131959880/xueting-fanhuali-hotel/photo.html,https://sa.trip.com/?locale=ar-sa,https://sa.trip.com/hotels/harbin-hotel-detail-131959880/xueting-fanhuali-hotel/photo.html,recon_page,2026-05-02T21:13:53.430392
95,1,3,0,0,0,0,1,0,11,0,com,200,2,621918,620.861,0,0,17,0,unknown,1,html,1,4,0,1,1,0,0,0,0,0,0,0,1,5,0,0,1,2,0,0,0,0,1,6,0,0,0,0,1,21,11,0,10,1,83,72,11,1,45,1,17,0,0,1,1,26,1,0,0,0,0,0,0,0,0,0,0,1,0,0,0,0,0,0,0,0,0,0,0,0,0,0,0.0,0.0,0.0,0,0,0,0,0,0,0,0,0,0,0,0,66,1,1,0,0,0,0,0,1,0.0,3.376650941120855e-05,0.125,0.017687219215394956,0,,multi_full_20260502_195405_0002,2026-05-02T21:13:53.409306,https://sa.trip.com/hotels/riyadh-saudi-commission-for-health-specialties/hotels-c789m13105055/,https://sa.trip.com/?locale=ar-sa,False,https://sa.trip.com/hotels/riyadh-saudi-commission-for-health-specialties/hotels-c789m13105055/,https://sa.trip.com/?locale=ar-sa,https://sa.trip.com/hotels/riyadh-saudi-commission-for-health-specialties/hotels-c789m13105055/,recon_page,2026-05-02T21:13:53.444497
97,1,3,0,0,0,0,1,0,11,0,com,200,2,405648,400.311,0,0,20,0,unknown,1,html,1,9,0,1,1,0,0,0,0,0,0,0,1,5,0,0,1,2,0,0,0,0,1,18,0,0,0,0,1,28,22,0,6,1,37,17,20,1,30,1,2,1,3,1,1,14,0,0,0,0,0,0,0,0,0,0,1,1,0,0,0,0,0,0,0,0,0,0,1,1,0,0,0.0,1.0,0.0,0,0,0,0,0,0,0,0,0,0,0,0,41,12,1,0,0,0,0,0,0,0.0,6.902536189011162e-05,0.125,0.05669940440973455,0,,multi_full_20260502_195405_0002,2026-05-02T21:13:53.524640,https://sa.trip.com/hotels/makkah-hotel-detail-9025668/hilton-hotel-convention-jabal-omar-makkah/,https://sa.trip.com/?locale=ar-sa,False,https://sa.trip.com/hotels/makkah-hotel-detail-9025668/hilton-hotel-convention-jabal-omar-makkah/,https://sa.trip.com/?locale=ar-sa,https://sa.trip.com/hotels/makkah-hotel-detail-9025668/hilton-hotel-convention-jabal-omar-makkah/,recon_page,2026-05-02T21:13:53.534858
41,1,2,1,1,0,0,1,0,11,0,com,200,2,880600,2367.483,0,0,18,0,unknown,0,html,1,7,0,1,1,0,0,0,0,0,0,0,1,5,0,0,1,2,0,0,0,0,1,13,0,0,0,0,1,3,3,0,0,1,65,49,16,1,32,1,27,1,2,1,1,2,1,0,0,0,0,0,0,0,0,0,1,1,1,0,0,0,0,0,1,0,0,0,1,2,0,0,0.0,0.0,0.0,0,0,0,0,0,0,0,0,0,0,0,0,64,12,1,0,0,0,0,0,1,0.0,3.4067681126504655e-06,0.125,0.020440608675902795,0,,multi_full_20260502_195405_0002,2026-05-02T21:13:53.818336,https://sa.trip.com/hotels/list/?city=477,https://sa.trip.com/?locale=ar-sa,False,https://sa.trip.com/hotels/list/?city=477,https://sa.trip.com/?locale=ar-sa,https://sa.trip.com/hotels/list/?city=477,recon_page,2026-05-02T21:13:53.830479
169,1,3,1,7,0,0,1,0,11,0,com,200,2,381430,552.323,0,0,20,0,unknown,1,html,1,9,0,1,1,0,0,0,0,0,0,0,1,5,0,0,1,2,0,0,0,0,1,18,0,0,0,0,1,28,22,0,6,1,37,17,20,1,27,1,2,1,3,1,1,14,0,0,0,0,0,0,0,0,0,0,1,1,0,0,0,0,0,0,1,0,0,0,1,1,0,0,0.0,1.0,0.0,0,0,0,0,0,0,0,0,0,0,0,0,41,12,1,0,0,0,0,0,0,0.0,7.340796476417691e-05,0.125,0.06029939962771675,0,,multi_full_20260502_195405_0002,2026-05-02T21:13:54.034700,https://sa.trip.com/hotels/guangzhou-hotel-detail-112973738/waifiden-hotel/?checkin=2026-05-10&city=32&module=list&link=button&from_page=list&adult=1&checkout=2026-05-11,https://sa.trip.com/?locale=ar-sa,False,https://sa.trip.com/hotels/guangzhou-hotel-detail-112973738/waifiden-hotel/?checkin=2026-05-10&city=32&module=list&link=button&from_page=list&adult=1&checkout=2026-05-11,https://sa.trip.com/?locale=ar-sa,https://sa.trip.com/hotels/guangzhou-hotel-detail-112973738/waifiden-hotel/?checkin=2026-05-10&city=32&module=list&link=button&from_page=list&adult=1&checkout=2026-05-11,recon_page,2026-05-02T21:13:54.064695
174,1,3,1,7,0,0,1,0,11,0,com,200,2,322018,333.522,0,0,19,0,unknown,1,html,1,9,0,1,1,0,0,0,0,0,0,0,1,5,0,0,1,2,0,0,0,0,1,17,0,0,0,0,1,28,22,0,6,1,36,16,20,1,16,1,2,1,3,1,1,14,0,0,0,0,0,0,0,0,0,0,1,1,0,0,0,0,0,0,1,0,0,0,1,1,0,0,0.0,1.0,0.0,0,0,0,0,0,0,0,0,0,0,0,0,40,12,1,0,0,0,0,0,0,0.0,8.695166108726841e-05,0.125,0.06831916228285376,0,,multi_full_20260502_195405_0002,2026-05-02T21:13:54.282394,https://sa.trip.com/hotels/phuket-hotel-detail-127798531/aspira-central-patong/?checkin=2026-05-10&city=725&module=list&link=button&from_page=list&adult=1&checkout=2026-05-11,https://sa.trip.com/?locale=ar-sa,False,https://sa.trip.com/hotels/phuket-hotel-detail-127798531/aspira-central-patong/?checkin=2026-05-10&city=725&module=list&link=button&from_page=list&adult=1&checkout=2026-05-11,https://sa.trip.com/?locale=ar-sa,https://sa.trip.com/hotels/phuket-hotel-detail-127798531/aspira-central-patong/?checkin=2026-05-10&city=725&module=list&link=button&from_page=list&adult=1&checkout=2026-05-11,recon_page,2026-05-02T21:13:54.327809
54,1,3,0,0,0,0,1,0,11,0,com,404,4,17029,339.175,0,0,11,0,unknown,0,html,0,0,0,0,0,0,0,0,0,0,0,0,1,1,0,0,1,1,0,0,0,0,0,0,0,0,0,0,1,1,1,0,0,1,19,17,2,1,10,1,2,1,2,1,1,8,1,0,0,0,0,0,0,0,0,0,0,1,0,0,0,0,0,0,0,0,0,0,0,0,0,0,0.0,0.0,0.0,0,0,0,0,0,0,0,0,0,0,0,0,17,10,0,0,0,0,0,0,0,0.0,5.872335427799636e-05,0.0,0.05872335427799636,0,,multi_full_20260502_195405_0002,2026-05-02T21:13:54.391598,https://sa.trip.com/hotels/brisbane-hotels-list-680/\/,https://sa.trip.com/?locale=ar-sa,False,https://sa.trip.com/hotels/brisbane-hotels-list-680/\/,https://sa.trip.com/?locale=ar-sa,https://sa.trip.com/hotels/brisbane-hotels-list-680/\/,recon_page,2026-05-02T21:13:54.427949
194,1,3,1,7,0,0,1,0,11,0,com,200,2,287772,718.15,0,0,19,0,unknown,1,html,1,9,0,1,1,0,0,0,0,0,0,0,1,5,0,0,1,2,0,0,0,0,1,12,0,0,0,0,1,28,22,0,6,1,37,17,20,1,14,1,2,1,3,1,1,14,0,0,0,0,0,0,0,0,0,0,1,1,0,0,0,0,0,0,1,0,0,0,1,1,0,0,0.0,1.0,0.0,0,0,0,0,0,0,0,0,0,0,0,0,41,12,1,0,0,0,0,0,0,0.0,9.729925079576887e-05,0.125,0.059074545126002534,0,,multi_full_20260502_195405_0002,2026-05-02T21:13:54.729117,https://sa.trip.com/hotels/jeddah-hotel-detail-101240214/mirada-purple-alzahra-serviced-apartments/?checkin=2026-05-10&city=801&module=list&link=button&from_page=list&adult=1&checkout=2026-05-11,https://sa.trip.com/?locale=ar-sa,False,https://sa.trip.com/hotels/jeddah-hotel-detail-101240214/mirada-purple-alzahra-serviced-apartments/?checkin=2026-05-10&city=801&module=list&link=button&from_page=list&adult=1&checkout=2026-05-11,https://sa.trip.com/?locale=ar-sa,https://sa.trip.com/hotels/jeddah-hotel-detail-101240214/mirada-purple-alzahra-serviced-apartments/?checkin=2026-05-10&city=801&module=list&link=button&from_page=list&adult=1&checkout=2026-05-11,recon_page,2026-05-02T21:13:54.748418
75,1,3,0,0,0,0,1,0,11,0,com,200,2,632120,823.9459999999999,0,0,17,0,unknown,1,html,1,4,0,1,1,0,0,0,0,0,0,0,1,5,0,0,1,2,0,0,0,0,1,6,0,0,0,0,1,21,11,0,10,1,106,95,11,1,47,1,17,0,0,1,1,27,1,0,0,0,0,0,0,0,0,0,0,1,0,0,0,0,0,0,0,0,0,0,0,0,0,0,0.0,0.0,0.0,0,0,0,0,0,0,0,0,0,0,0,0,83,1,1,0,0,0,0,0,1,0.0,3.322154021388344e-05,0.125,0.01740175915965323,0,,multi_full_20260502_195405_0002,2026-05-02T21:14:49.178216,https://sa.trip.com/hotels/riyadh-ministry-of-interior/hotels-c789m9560442/,https://sa.trip.com/?locale=ar-sa,False,https://sa.trip.com/hotels/riyadh-ministry-of-interior/hotels-c789m9560442/,https://sa.trip.com/?locale=ar-sa,https://sa.trip.com/hotels/riyadh-ministry-of-interior/hotels-c789m9560442/,recon_page,2026-05-02T21:14:49.187798
56,1,5,0,0,0,0,1,0,11,0,com,200,2,306488,544.264,0,0,17,0,unknown,1,html,1,4,0,1,1,0,0,0,0,0,0,0,1,5,0,0,1,2,0,0,0,0,1,2,0,0,0,0,1,15,5,0,10,1,67,56,11,1,70,1,17,0,0,1,1,11,1,0,0,0,0,0,0,0,0,0,0,1,0,0,0,0,0,0,0,0,0,0,0,0,0,0,0.0,0.0,0.0,0,0,0,0,0,0,0,0,0,0,0,0,72,1,1,0,0,0,0,0,0,0.0,4.894155725509645e-05,0.125,0.022839393385711674,0,,multi_full_20260502_195405_0002,2026-05-02T21:14:49.552787,https://sa.trip.com/hotels/scenic/city/ma/marrakech.html,https://sa.trip.com/?locale=ar-sa,False,https://sa.trip.com/hotels/scenic/city/ma/marrakech.html,https://sa.trip.com/?locale=ar-sa,https://sa.trip.com/hotels/scenic/city/ma/marrakech.html,recon_page,2026-05-02T21:14:49.575633
52,1,3,0,0,0,0,1,0,11,0,com,404,4,17029,380.392,0,0,11,0,unknown,0,html,0,0,0,0,0,0,0,0,0,0,0,0,1,1,0,0,1,1,0,0,0,0,0,0,0,0,0,0,1,1,1,0,0,1,19,17,2,1,10,1,2,1,2,1,1,8,1,0,0,0,0,0,0,0,0,0,0,1,0,0,0,0,0,0,0,0,0,0,0,0,0,0,0.0,0.0,0.0,0,0,0,0,0,0,0,0,0,0,0,0,17,10,0,0,0,0,0,0,0,0.0,5.872335427799636e-05,0.0,0.05872335427799636,0,,multi_full_20260502_195405_0002,2026-05-02T21:14:50.151281,https://sa.trip.com/hotels/sydney-hotels-list-501/\/,https://sa.trip.com/?locale=ar-sa,False,https://sa.trip.com/hotels/sydney-hotels-list-501/\/,https://sa.trip.com/?locale=ar-sa,https://sa.trip.com/hotels/sydney-hotels-list-501/\/,recon_page,2026-05-02T21:14:50.168200
80,1,3,0,0,0,0,1,0,11,0,com,200,2,318007,349.694,0,0,19,0,unknown,1,html,1,9,0,1,1,0,0,0,0,0,0,0,1,5,0,0,1,2,0,0,0,0,1,15,0,0,0,0,1,28,22,0,6,1,37,17,20,1,23,1,2,1,3,1,1,14,0,0,0,0,0,0,0,0,0,0,1,1,0,0,0,0,0,0,0,0,0,0,1,1,0,0,0.0,1.0,0.0,0,0,0,0,0,0,0,0,0,0,0,0,41,12,1,0,0,0,0,0,0,0.0,8.80483762936036e-05,0.125,0.062891697352574,0,,multi_full_20260502_195405_0002,2026-05-02T21:14:50.627451,https://sa.trip.com/hotels/makkah-hotel-detail-122062687/mahd-al-resala-1-hotel/,https://sa.trip.com/?locale=ar-sa,False,https://sa.trip.com/hotels/makkah-hotel-detail-122062687/mahd-al-resala-1-hotel/,https://sa.trip.com/?locale=ar-sa,https://sa.trip.com/hotels/makkah-hotel-detail-122062687/mahd-al-resala-1-hotel/,recon_page,2026-05-02T21:14:50.644457
132,1,4,0,0,0,0,1,0,11,0,com,200,2,208530,467.098,0,0,17,0,unknown,1,html,1,4,0,1,1,0,0,0,0,0,0,0,1,4,0,0,1,2,0,0,0,0,1,8,0,0,0,0,1,13,3,0,10,1,67,56,11,1,52,1,17,0,0,1,1,10,1,0,0,0,0,0,0,0,0,0,0,1,0,0,0,0,0,0,0,0,0,0,0,0,0,0,0.0,0.0,0.0,0,0,0,0,0,0,0,0,0,0,0,0,71,1,1,0,0,0,0,0,0,0.0,6.2341149954443e-05,0.125,0.05754567688102431,0,,multi_full_20260502_195405_0002,2026-05-02T21:14:50.978961,https://sa.trip.com/hotels/bali-hotel-detail-1882692/collection-o-near-bajra-sandi-monumen-formerly-grand-pondok-puri-ayu/photo.html,https://sa.trip.com/?locale=ar-sa,False,https://sa.trip.com/hotels/bali-hotel-detail-1882692/collection-o-near-bajra-sandi-monumen-formerly-grand-pondok-puri-ayu/photo.html,https://sa.trip.com/?locale=ar-sa,https://sa.trip.com/hotels/bali-hotel-detail-1882692/collection-o-near-bajra-sandi-monumen-formerly-grand-pondok-puri-ayu/photo.html,recon_page,2026-05-02T21:14:50.988595
178,1,3,1,7,0,0,1,0,11,0,com,200,2,419820,302.71,0,0,19,0,unknown,1,html,1,9,0,1,1,0,0,0,0,0,0,0,1,5,0,0,1,2,0,0,0,0,1,18,0,0,0,0,1,28,22,0,6,1,36,16,20,1,31,1,2,1,3,1,1,19,0,0,0,0,0,0,0,0,0,0,1,1,0,0,0,0,0,0,1,0,0,0,1,1,0,0,0.0,1.0,0.0,0,0,0,0,0,0,0,0,0,0,0,0,40,12,1,0,0,0,0,0,0,0.0,6.669525034538612e-05,0.125,0.054785384212281456,0,,multi_full_20260502_195405_0002,2026-05-02T21:14:51.096285,https://sa.trip.com/hotels/phuket-hotel-detail-1457192/grand-mercure-phuket-patong/?checkin=2026-05-10&city=725&module=list&link=button&from_page=list&adult=1&checkout=2026-05-11,https://sa.trip.com/?locale=ar-sa,False,https://sa.trip.com/hotels/phuket-hotel-detail-1457192/grand-mercure-phuket-patong/?checkin=2026-05-10&city=725&module=list&link=button&from_page=list&adult=1&checkout=2026-05-11,https://sa.trip.com/?locale=ar-sa,https://sa.trip.com/hotels/phuket-hotel-detail-1457192/grand-mercure-phuket-patong/?checkin=2026-05-10&city=725&module=list&link=button&from_page=list&adult=1&checkout=2026-05-11,recon_page,2026-05-02T21:14:51.124257
177,1,3,1,7,0,0,1,0,11,0,com,200,2,472779,353.137,0,0,19,0,unknown,1,html,1,9,0,1,1,0,0,0,0,0,0,0,1,5,0,0,1,2,0,0,0,0,1,18,0,0,0,0,1,28,22,0,6,1,37,17,20,1,34,1,2,1,3,1,1,35,0,0,0,0,0,0,0,0,0,0,1,1,0,0,0,0,0,0,1,0,0,0,1,1,0,0,0.0,1.0,0.0,0,0,0,0,0,0,0,0,0,0,0,0,41,12,1,0,0,0,0,0,0,0.0,5.922428872686816e-05,0.125,0.04864852288278456,0,,multi_full_20260502_195405_0002,2026-05-02T21:14:51.993552,https://sa.trip.com/hotels/guangzhou-hotel-detail-344857/ln-garden-hotel-guangzhou/?checkin=2026-05-10&city=32&module=list&link=button&from_page=list&adult=1&checkout=2026-05-11,https://sa.trip.com/?locale=ar-sa,False,https://sa.trip.com/hotels/guangzhou-hotel-detail-344857/ln-garden-hotel-guangzhou/?checkin=2026-05-10&city=32&module=list&link=button&from_page=list&adult=1&checkout=2026-05-11,https://sa.trip.com/?locale=ar-sa,https://sa.trip.com/hotels/guangzhou-hotel-detail-344857/ln-garden-hotel-guangzhou/?checkin=2026-05-10&city=32&module=list&link=button&from_page=list&adult=1&checkout=2026-05-11,recon_page,2026-05-02T21:14:52.012170
81,1,4,0,0,0,0,1,0,11,0,com,200,2,293933,859.5930000000001,0,0,18,0,unknown,1,html,1,4,0,1,1,0,0,0,0,0,0,0,1,4,0,0,1,2,0,0,0,0,1,9,0,0,0,0,1,13,3,0,10,1,67,56,11,1,114,1,17,0,0,1,1,90,1,0,0,0,0,0,0,0,0,0,0,1,0,0,0,0,0,0,0,0,0,0,0,0,0,0,0.0,0.0,0.0,0,0,0,0,0,0,0,0,0,0,0,0,72,1,1,0,0,0,0,0,0,0.0,4.422776619161509e-05,0.125,0.0442277661916151,0,,multi_full_20260502_195405_0002,2026-05-02T21:14:52.276266,https://sa.trip.com/hotels/kunming-hotel-detail-112878812/echarm-hotel/photo.html,https://sa.trip.com/?locale=ar-sa,False,https://sa.trip.com/hotels/kunming-hotel-detail-112878812/echarm-hotel/photo.html,https://sa.trip.com/?locale=ar-sa,https://sa.trip.com/hotels/kunming-hotel-detail-112878812/echarm-hotel/photo.html,recon_page,2026-05-02T21:14:52.311866
129,1,3,0,0,0,0,1,0,11,0,com,200,2,385138,387.219,0,0,19,0,unknown,1,html,1,9,0,1,1,0,0,0,0,0,0,0,1,5,0,0,1,2,0,0,0,0,1,17,0,0,0,0,1,28,22,0,6,1,37,17,20,1,26,1,2,1,3,1,1,14,0,0,0,0,0,0,0,0,0,0,1,1,0,0,0,0,0,0,0,0,0,0,1,1,0,0,0.0,1.0,0.0,0,0,0,0,0,0,0,0,0,0,0,0,41,12,1,0,0,0,0,0,0,0.0,7.270121359097258e-05,0.125,0.05712238210719275,0,,multi_full_20260502_195405_0002,2026-05-02T21:14:52.389424,https://sa.trip.com/hotels/makkah-hotel-detail-47589542/park-inn-by-radisson-makkah-aziziyahpark-inn-by-radisson-makkah-aziziyah/,https://sa.trip.com/?locale=ar-sa,False,https://sa.trip.com/hotels/makkah-hotel-detail-47589542/park-inn-by-radisson-makkah-aziziyahpark-inn-by-radisson-makkah-aziziyah/,https://sa.trip.com/?locale=ar-sa,https://sa.trip.com/hotels/makkah-hotel-detail-47589542/park-inn-by-radisson-makkah-aziziyahpark-inn-by-radisson-makkah-aziziyah/,recon_page,2026-05-02T21:14:52.412152
160,1,3,1,7,0,0,1,0,11,0,com,200,2,330581,372.96299999999997,0,0,19,0,unknown,1,html,1,9,0,1,1,0,0,0,0,0,0,0,1,5,0,0,1,2,0,0,0,0,1,18,0,0,0,0,1,28,22,0,6,1,36,16,20,1,17,1,2,1,3,1,1,14,0,0,0,0,0,0,0,0,0,0,1,1,0,0,0,0,0,0,1,0,0,0,1,1,0,0,0.0,1.0,0.0,0,0,0,0,0,0,0,0,0,0,0,0,40,12,1,0,0,0,0,0,0,0.0,8.469936263729615e-05,0.125,0.0695744764520647,0,,multi_full_20260502_195405_0002,2026-05-02T21:14:52.644829,https://sa.trip.com/hotels/bangkok-hotel-detail-7627569/x9hostel/?checkin=2026-05-10&city=359&module=list&link=button&from_page=list&adult=1&checkout=2026-05-11,https://sa.trip.com/?locale=ar-sa,False,https://sa.trip.com/hotels/bangkok-hotel-detail-7627569/x9hostel/?checkin=2026-05-10&city=359&module=list&link=button&from_page=list&adult=1&checkout=2026-05-11,https://sa.trip.com/?locale=ar-sa,https://sa.trip.com/hotels/bangkok-hotel-detail-7627569/x9hostel/?checkin=2026-05-10&city=359&module=list&link=button&from_page=list&adult=1&checkout=2026-05-11,recon_page,2026-05-02T21:14:52.666256
67,1,3,0,0,0,0,1,0,11,0,com,200,2,585864,894.8620000000001,0,0,17,0,unknown,1,html,1,4,0,1,1,0,0,0,0,0,0,0,1,5,0,0,1,2,0,0,0,0,1,6,0,0,0,0,1,21,11,0,10,1,85,74,11,1,44,1,17,0,0,1,1,27,1,0,0,0,0,0,0,0,0,0,0,1,0,0,0,0,0,0,0,0,0,0,0,0,0,0,0.0,0.0,0.0,0,0,0,0,0,0,0,0,0,0,0,0,65,1,1,0,0,0,0,0,1,0.0,3.584449633362009e-05,0.125,0.01877568855570576,0,,multi_full_20260502_195405_0002,2026-05-02T21:14:53.050326,https://sa.trip.com/hotels/riyadh-centrepoint/hotels-c789m27921529/,https://sa.trip.com/?locale=ar-sa,False,https://sa.trip.com/hotels/riyadh-centrepoint/hotels-c789m27921529/,https://sa.trip.com/?locale=ar-sa,https://sa.trip.com/hotels/riyadh-centrepoint/hotels-c789m27921529/,recon_page,2026-05-02T21:14:53.056460
169,1,3,1,7,0,0,1,0,11,0,com,200,2,347236,364.94300000000004,0,0,19,0,unknown,1,html,1,9,0,1,1,0,0,0,0,0,0,0,1,5,0,0,1,2,0,0,0,0,1,18,0,0,0,0,1,28,22,0,6,1,36,16,20,1,19,1,2,1,3,1,1,14,0,0,0,0,0,0,0,0,0,0,1,1,0,0,0,0,0,0,1,0,0,0,1,1,0,0,0.0,1.0,0.0,0,0,0,0,0,0,0,0,0,0,0,0,40,12,1,0,0,0,0,0,0,0.0,8.063680033176284e-05,0.125,0.0662373717010909,0,,multi_full_20260502_195405_0002,2026-05-02T21:14:54.366154,https://sa.trip.com/hotels/pattaya-hotel-detail-127013707/wonderful-inn-2/?checkin=2026-05-10&city=622&module=list&link=button&from_page=list&adult=1&checkout=2026-05-11,https://sa.trip.com/?locale=ar-sa,False,https://sa.trip.com/hotels/pattaya-hotel-detail-127013707/wonderful-inn-2/?checkin=2026-05-10&city=622&module=list&link=button&from_page=list&adult=1&checkout=2026-05-11,https://sa.trip.com/?locale=ar-sa,https://sa.trip.com/hotels/pattaya-hotel-detail-127013707/wonderful-inn-2/?checkin=2026-05-10&city=622&module=list&link=button&from_page=list&adult=1&checkout=2026-05-11,recon_page,2026-05-02T21:14:54.375635
97,1,3,0,0,0,0,1,0,11,0,com,200,2,483539,782.9110000000001,0,0,19,0,unknown,1,html,1,9,0,1,1,0,0,0,0,0,0,0,1,5,0,0,1,2,0,0,0,0,1,18,0,0,0,0,1,28,22,0,6,1,37,17,20,1,27,1,2,1,3,1,1,14,0,0,0,0,0,0,0,0,0,0,1,1,0,0,0,0,0,0,0,0,0,0,1,1,0,0,0.0,1.0,0.0,0,0,0,0,0,0,0,0,0,0,0,0,41,12,1,0,0,0,0,0,0,0.0,5.790639431359208e-05,0.125,0.047565966757593496,0,,multi_full_20260502_195405_0002,2026-05-02T21:15:51.095866,https://sa.trip.com/hotels/makkah-hotel-detail-2198323/makkah-clock-royal-tower-a-fairmont-hotel/,https://sa.trip.com/?locale=ar-sa,False,https://sa.trip.com/hotels/makkah-hotel-detail-2198323/makkah-clock-royal-tower-a-fairmont-hotel/,https://sa.trip.com/?locale=ar-sa,https://sa.trip.com/hotels/makkah-hotel-detail-2198323/makkah-clock-royal-tower-a-fairmont-hotel/,recon_page,2026-05-02T21:15:51.103744
90,1,4,0,0,0,0,1,0,11,0,com,200,2,190022,443.271,0,0,17,0,unknown,1,html,1,4,0,1,1,0,0,0,0,0,0,0,1,4,0,0,1,2,0,0,0,0,1,8,0,0,0,0,1,13,3,0,10,1,67,56,11,1,41,1,17,0,0,1,1,6,1,0,0,0,0,0,0,0,0,0,0,1,1,0,0,0,0,0,0,0,0,0,0,0,0,0,0.0,0.0,0.0,0,0,0,0,0,0,0,0,0,0,0,0,71,1,1,0,0,0,0,0,0,0.0,6.84131311111345e-05,0.125,0.06315058256412416,0,,multi_full_20260502_195405_0002,2026-05-02T21:15:51.593123,https://sa.trip.com/hotels/berkeley-hotel-detail-2505630/signature-inn-berkeley/photo.html,https://sa.trip.com/?locale=ar-sa,False,https://sa.trip.com/hotels/berkeley-hotel-detail-2505630/signature-inn-berkeley/photo.html,https://sa.trip.com/?locale=ar-sa,https://sa.trip.com/hotels/berkeley-hotel-detail-2505630/signature-inn-berkeley/photo.html,recon_page,2026-05-02T21:15:51.601480
93,1,3,0,0,0,0,1,0,11,0,com,200,2,429873,422.805,0,0,20,0,unknown,1,html,1,9,0,1,1,0,0,0,0,0,0,0,1,5,0,0,1,2,0,0,0,0,1,17,0,0,0,0,1,28,22,0,6,1,37,17,20,1,34,1,2,1,3,1,1,15,0,0,0,0,0,0,0,0,0,0,1,1,0,0,0,0,0,0,0,0,0,0,1,1,0,0,0.0,1.0,0.0,0,0,0,0,0,0,0,0,0,0,0,0,41,12,1,0,0,0,0,0,0,0.0,6.513551676890617e-05,0.125,0.05117790603271199,0,,multi_full_20260502_195405_0002,2026-05-02T21:15:52.454381,https://sa.trip.com/hotels/istanbul-hotel-detail-1645093/mvenpick-istanbul-hotel-golden-horn/,https://sa.trip.com/?locale=ar-sa,False,https://sa.trip.com/hotels/istanbul-hotel-detail-1645093/mvenpick-istanbul-hotel-golden-horn/,https://sa.trip.com/?locale=ar-sa,https://sa.trip.com/hotels/istanbul-hotel-detail-1645093/mvenpick-istanbul-hotel-golden-horn/,recon_page,2026-05-02T21:15:52.459587
42,1,2,1,1,0,0,1,0,11,0,com,200,2,409944,1680.652,0,0,18,0,unknown,0,html,1,7,0,1,1,0,0,0,0,0,0,0,1,5,0,0,1,2,0,0,0,0,1,13,0,0,0,0,1,4,3,0,1,1,65,49,16,1,13,1,27,1,2,1,1,2,1,0,0,0,0,0,0,0,0,0,1,1,0,0,0,0,0,0,1,0,0,0,1,2,0,0,0.0,0.0,0.0,0,0,0,0,0,0,0,0,0,0,0,0,64,12,1,0,0,0,0,0,0,0.0,9.757430283160627e-06,0.125,0.04390843627422282,0,,multi_full_20260502_195405_0002,2026-05-02T21:15:52.759904,https://sa.trip.com/hotels/list/?city=1369,https://sa.trip.com/?locale=ar-sa,False,https://sa.trip.com/hotels/list/?city=1369,https://sa.trip.com/?locale=ar-sa,https://sa.trip.com/hotels/list/?city=1369,recon_page,2026-05-02T21:15:52.774045
31,1,2,0,0,0,0,1,0,11,0,com,404,4,17029,490.672,0,0,10,0,unknown,0,html,0,0,0,0,0,0,0,0,0,0,0,0,1,1,0,0,1,1,0,0,0,0,0,0,0,0,0,0,1,1,1,0,0,1,19,17,2,1,10,1,2,1,2,1,1,8,1,0,0,0,0,0,0,0,0,0,0,1,0,0,0,0,0,0,0,0,0,0,0,0,0,0,0.0,0.0,0.0,0,0,0,0,0,0,0,0,0,0,0,0,17,10,0,0,0,0,0,0,0,0.0,5.872335427799636e-05,0.0,0.05872335427799636,0,,multi_full_20260502_195405_0002,2026-05-02T21:15:52.912187,https://sa.trip.com/trains/\\\/,https://sa.trip.com/?locale=ar-sa,False,https://sa.trip.com/trains/\\\/,https://sa.trip.com/?locale=ar-sa,https://sa.trip.com/trains/\\\/,recon_page,2026-05-02T21:15:52.979013
187,1,3,1,7,0,0,1,0,11,0,com,200,2,343129,366.636,0,0,20,0,unknown,1,html,1,9,0,1,1,0,0,0,0,0,0,0,1,5,0,0,1,2,0,0,0,0,1,10,0,0,0,0,1,28,22,0,6,1,37,17,20,1,19,1,2,1,3,1,1,14,0,0,0,0,0,0,0,0,0,0,1,1,0,0,0,0,0,0,1,0,0,0,1,1,0,0,0.0,1.0,0.0,0,0,0,0,0,0,0,0,0,0,0,0,41,12,1,0,0,0,0,0,0,0.0,8.160196311008396e-05,0.125,0.04371533738040212,0,,multi_full_20260502_195405_0002,2026-05-02T21:15:52.977728,https://sa.trip.com/hotels/riyadh-hotel-detail-128776491/daif-inn-serviced-apartments-jaber/?checkin=2026-05-10&city=789&module=list&link=button&from_page=list&adult=1&checkout=2026-05-11,https://sa.trip.com/?locale=ar-sa,False,https://sa.trip.com/hotels/riyadh-hotel-detail-128776491/daif-inn-serviced-apartments-jaber/?checkin=2026-05-10&city=789&module=list&link=button&from_page=list&adult=1&checkout=2026-05-11,https://sa.trip.com/?locale=ar-sa,https://sa.trip.com/hotels/riyadh-hotel-detail-128776491/daif-inn-serviced-apartments-jaber/?checkin=2026-05-10&city=789&module=list&link=button&from_page=list&adult=1&checkout=2026-05-11,recon_page,2026-05-02T21:15:52.983976
56,1,3,0,0,0,0,1,0,11,0,com,404,4,17029,368.618,0,0,10,0,unknown,0,html,0,0,0,0,0,0,0,0,0,0,0,0,1,1,0,0,1,1,0,0,0,0,0,0,0,0,0,0,1,1,1,0,0,1,19,17,2,1,10,1,2,1,2,1,1,8,1,0,0,0,0,0,0,0,0,0,0,1,0,0,0,0,0,0,0,0,0,0,0,0,0,0,0.0,0.0,0.0,0,0,0,0,0,0,0,0,0,0,0,0,17,10,0,0,0,0,0,0,0,0.0,5.872335427799636e-05,0.0,0.05872335427799636,0,,multi_full_20260502_195405_0002,2026-05-02T21:15:53.453965,https://sa.trip.com/guide/phone/china-payments-app.html\,https://sa.trip.com/?locale=ar-sa,False,https://sa.trip.com/guide/phone/china-payments-app.html\,https://sa.trip.com/?locale=ar-sa,https://sa.trip.com/guide/phone/china-payments-app.html\,recon_page,2026-05-02T21:15:53.531914
175,1,3,1,7,0,0,1,0,11,0,com,200,2,313106,324.137,0,0,19,0,unknown,1,html,1,9,0,1,1,0,0,0,0,0,0,0,1,5,0,0,1,2,0,0,0,0,1,18,0,0,0,0,1,28,22,0,6,1,37,17,20,1,18,1,2,1,3,1,1,14,0,0,0,0,0,0,0,0,0,0,1,1,0,0,0,0,0,0,1,0,0,0,1,1,0,0,0.0,1.0,0.0,0,0,0,0,0,0,0,0,0,0,0,0,41,12,1,0,0,0,0,0,0,0.0,8.942658396836854e-05,0.125,0.07345755111687416,0,,multi_full_20260502_195405_0002,2026-05-02T21:15:53.544461,https://sa.trip.com/hotels/makkah-hotel-detail-47023131/violet-al-azizia-hotel/?checkin=2026-05-10&city=3744&module=list&link=button&from_page=list&adult=1&checkout=2026-05-11,https://sa.trip.com/?locale=ar-sa,False,https://sa.trip.com/hotels/makkah-hotel-detail-47023131/violet-al-azizia-hotel/?checkin=2026-05-10&city=3744&module=list&link=button&from_page=list&adult=1&checkout=2026-05-11,https://sa.trip.com/?locale=ar-sa,https://sa.trip.com/hotels/makkah-hotel-detail-47023131/violet-al-azizia-hotel/?checkin=2026-05-10&city=3744&module=list&link=button&from_page=list&adult=1&checkout=2026-05-11,recon_page,2026-05-02T21:15:53.635568
177,1,3,1,7,0,0,1,0,11,0,com,200,2,426381,410.753,0,0,19,0,unknown,1,html,1,9,0,1,1,0,0,0,0,0,0,0,1,5,0,0,1,2,0,0,0,0,1,18,0,0,0,0,1,28,22,0,6,1,37,17,20,1,30,1,2,1,3,1,1,18,0,0,0,0,0,0,0,0,0,0,1,1,0,0,0,0,0,0,1,0,0,0,1,1,0,0,0.0,1.0,0.0,0,0,0,0,0,0,0,0,0,0,0,0,41,12,1,0,0,0,0,0,0,0.0,6.566896742584684e-05,0.125,0.05394236609980276,0,,multi_full_20260502_195405_0002,2026-05-02T21:15:53.677492,https://sa.trip.com/hotels/guangzhou-hotel-detail-6082046/weidu-serviced-apartment/?checkin=2026-05-10&city=32&module=list&link=button&from_page=list&adult=1&checkout=2026-05-11,https://sa.trip.com/?locale=ar-sa,False,https://sa.trip.com/hotels/guangzhou-hotel-detail-6082046/weidu-serviced-apartment/?checkin=2026-05-10&city=32&module=list&link=button&from_page=list&adult=1&checkout=2026-05-11,https://sa.trip.com/?locale=ar-sa,https://sa.trip.com/hotels/guangzhou-hotel-detail-6082046/weidu-serviced-apartment/?checkin=2026-05-10&city=32&module=list&link=button&from_page=list&adult=1&checkout=2026-05-11,recon_page,2026-05-02T21:15:53.736831
179,1,3,1,7,0,0,1,0,11,0,com,200,2,382109,428.553,0,0,19,0,unknown,1,html,1,9,0,1,1,0,0,0,0,0,0,0,1,5,0,0,1,2,0,0,0,0,1,18,0,0,0,0,1,28,22,0,6,1,37,17,20,1,26,1,2,1,3,1,1,14,0,0,0,0,0,0,0,0,0,0,1,1,0,0,0,0,0,0,1,0,0,0,1,1,0,0,0.0,1.0,0.0,0,0,0,0,0,0,0,0,0,0,0,0,41,12,1,0,0,0,0,0,0,0.0,7.327752028871344e-05,0.125,0.060192248808586035,0,,multi_full_20260502_195405_0002,2026-05-02T21:15:53.735291,https://sa.trip.com/hotels/istanbul-hotel-detail-127416944/meroddi-beyolu-residence/?checkin=2026-05-10&city=532&module=list&link=button&from_page=list&adult=1&checkout=2026-05-11,https://sa.trip.com/?locale=ar-sa,False,https://sa.trip.com/hotels/istanbul-hotel-detail-127416944/meroddi-beyolu-residence/?checkin=2026-05-10&city=532&module=list&link=button&from_page=list&adult=1&checkout=2026-05-11,https://sa.trip.com/?locale=ar-sa,https://sa.trip.com/hotels/istanbul-hotel-detail-127416944/meroddi-beyolu-residence/?checkin=2026-05-10&city=532&module=list&link=button&from_page=list&adult=1&checkout=2026-05-11,recon_page,2026-05-02T21:15:53.748357
67,0,3,0,0,0,0,1,0,11,0,com,404,4,17029,296.039,0,0,11,0,unknown,0,html,0,0,0,0,0,0,0,0,0,0,0,0,1,1,0,0,1,1,0,0,0,0,0,0,0,0,0,0,1,1,1,0,0,1,19,17,2,1,10,1,2,1,2,1,1,8,1,0,0,0,0,0,0,0,0,0,0,1,0,0,0,0,0,0,0,0,0,0,0,0,0,0,0.0,0.0,0.0,0,0,0,0,0,0,0,0,0,0,0,0,17,10,0,0,0,0,0,0,0,0.0,5.872335427799636e-05,0.0,0.05872335427799636,0,,multi_full_20260502_195405_0002,2026-05-02T21:15:54.316171,http://sa.trip.com/guide/transport/china-transportation-guide.html\,https://sa.trip.com/?locale=ar-sa,False,http://sa.trip.com/guide/transport/china-transportation-guide.html\,https://sa.trip.com/?locale=ar-sa,http://sa.trip.com/guide/transport/china-transportation-guide.html\,recon_page,2026-05-02T21:15:54.323601
41,1,2,1,1,0,0,1,0,11,0,com,200,2,479642,1739.5400000000002,0,0,18,0,unknown,0,html,1,7,0,1,1,0,0,0,0,0,0,0,1,5,0,0,1,2,0,0,0,0,1,12,0,0,0,0,1,4,3,0,1,1,65,49,16,1,12,1,27,1,2,1,1,2,1,0,0,0,0,0,0,0,0,0,1,1,0,0,0,0,0,0,1,0,0,0,1,2,0,0,0.0,0.0,0.0,0,0,0,0,0,0,0,0,0,0,0,0,64,12,1,0,0,0,0,0,0,0.0,8.33955325013239e-06,0.125,0.03544310131306266,0,,multi_full_20260502_195405_0002,2026-05-02T21:15:54.318345,https://sa.trip.com/hotels/list/?city=332,https://sa.trip.com/?locale=ar-sa,False,https://sa.trip.com/hotels/list/?city=332,https://sa.trip.com/?locale=ar-sa,https://sa.trip.com/hotels/list/?city=332,recon_page,2026-05-02T21:15:54.334893
48,1,3,0,0,0,0,1,0,11,0,com,404,4,17029,332.298,0,0,10,0,unknown,0,html,0,0,0,0,0,0,0,0,0,0,0,0,1,1,0,0,1,1,0,0,0,0,0,0,0,0,0,0,1,1,1,0,0,1,19,17,2,1,10,1,2,1,2,1,1,8,1,0,0,0,0,0,0,0,0,0,0,1,0,0,0,0,0,0,0,0,0,0,0,0,0,0,0.0,0.0,0.0,0,0,0,0,0,0,0,0,0,0,0,0,17,10,0,0,0,0,0,0,0,0.0,5.872335427799636e-05,0.0,0.05872335427799636,0,,multi_full_20260502_195405_0002,2026-05-02T21:16:30.823601,https://sa.trip.com/guide/phone/china-esim.html\,https://sa.trip.com/?locale=ar-sa,False,https://sa.trip.com/guide/phone/china-esim.html\,https://sa.trip.com/?locale=ar-sa,https://sa.trip.com/guide/phone/china-esim.html\,recon_page,2026-05-02T21:16:30.832659
53,1,2,0,0,0,0,1,0,11,0,com,200,2,565009,697.4939999999999,0,0,17,0,unknown,0,html,1,8,0,0,0,0,0,0,0,0,0,0,1,2,0,0,1,2,0,0,0,0,1,28,0,0,0,0,1,27,18,0,9,1,59,46,13,1,79,1,11,1,6,1,0,0,1,0,0,0,0,0,0,0,0,0,1,1,0,0,0,0,0,0,0,0,0,0,0,0,0,0,0.0,1.0,0.0,0,0,0,0,0,0,0,0,0,0,0,0,61,0,0,96,0,0,0,0,1,0.0,4.77868494130182e-05,0.0,0.053096499347798,0,,multi_full_20260502_195405_0002,2026-05-02T21:16:31.418688,https://sa.trip.com/flights/cheap-flights-to-china-1/,https://sa.trip.com/?locale=ar-sa,False,https://sa.trip.com/flights/cheap-flights-to-china-1/,https://sa.trip.com/?locale=ar-sa,https://sa.trip.com/flights/cheap-flights-to-china-1/,recon_page,2026-05-02T21:16:31.427500
130,1,3,0,0,0,0,1,0,11,0,com,404,4,17029,388.11,0,0,11,0,unknown,0,html,0,0,0,0,0,0,0,0,0,0,0,0,1,1,0,0,1,1,0,0,0,0,0,0,0,0,0,0,1,1,1,0,0,1,19,17,2,1,10,1,2,1,2,1,1,8,1,0,0,0,0,0,0,0,0,0,0,1,0,0,0,0,0,0,0,0,0,0,0,0,0,0,0.0,0.0,0.0,0,0,0,0,0,0,0,0,0,0,0,0,17,10,0,0,0,0,0,0,0,0.0,5.872335427799636e-05,0.0,0.05872335427799636,0,,multi_full_20260502_195405_0002,2026-05-02T21:16:31.714631,https://sa.trip.com/guide/destination/%D8%AF%D9%84%D9%8A%D9%84-%D8%A7%D9%84%D8%B3%D9%81%D8%B1-%D9%84%D9%84%D8%B5%D9%8A%D9%86.html\,https://sa.trip.com/?locale=ar-sa,False,https://sa.trip.com/guide/destination/%D8%AF%D9%84%D9%8A%D9%84-%D8%A7%D9%84%D8%B3%D9%81%D8%B1-%D9%84%D9%84%D8%B5%D9%8A%D9%86.html\,https://sa.trip.com/?locale=ar-sa,https://sa.trip.com/guide/destination/%D8%AF%D9%84%D9%8A%D9%84-%D8%A7%D9%84%D8%B3%D9%81%D8%B1-%D9%84%D9%84%D8%B5%D9%8A%D9%86.html\,recon_page,2026-05-02T21:16:31.728205
24,1,1,0,0,0,0,1,0,11,0,com,404,4,17029,432.65,0,0,10,0,unknown,0,html,0,0,0,0,0,0,0,0,0,0,0,0,1,1,0,0,1,1,0,0,0,0,0,0,0,0,0,0,1,1,1,0,0,1,19,17,2,1,10,1,2,1,2,1,1,8,1,0,0,0,0,0,0,0,0,0,0,1,0,0,0,0,0,0,0,0,0,0,0,0,0,0,0.0,0.0,0.0,0,0,0,0,0,0,0,0,0,0,0,0,17,10,0,0,0,0,0,0,0,0.0,5.872335427799636e-05,0.0,0.05872335427799636,0,,multi_full_20260502_195405_0002,2026-05-02T21:16:31.992355,https://sa.trip.com/\\\/,https://sa.trip.com/?locale=ar-sa,False,https://sa.trip.com/\\\/,https://sa.trip.com/?locale=ar-sa,https://sa.trip.com/\\\/,recon_page,2026-05-02T21:16:32.000464
239,1,3,1,12,0,0,1,0,11,0,com,200,2,287159,408.985,0,0,21,0,unknown,0,html,1,10,0,1,2,0,0,0,0,1,1,2,1,6,0,0,1,2,0,0,0,0,0,0,0,0,0,0,1,56,34,0,22,1,100,49,51,1,3,1,24,1,11,1,1,4,1,0,0,0,0,0,0,0,0,0,0,1,0,0,0,0,0,0,1,0,0,0,0,0,0,0,0.0,1.0,0.0,0,0,0,1,1,0,0,0,0,2,0,2,90,18,1,0,0,0,0,0,0,3.0,0.00019501391215319736,0.25,0.027859130307599622,0,,multi_full_20260502_195405_0002,2026-05-02T21:16:32.334896,https://sa.trip.com/flights/riyadh-to-beijing/tickets-ruh-bjs/?dairportcode=ruh&aairportcode=pkx&ddate=2026-06-01&rdate=&airline=qr&flighttype=s&recentviewflt=qr1241|qr892&recentviewprice=1039&curr=sar&sort=price&from=seo&traceid=undefined,https://sa.trip.com/?locale=ar-sa,False,https://sa.trip.com/flights/riyadh-to-beijing/tickets-ruh-bjs/?dairportcode=ruh&aairportcode=pkx&ddate=2026-06-01&rdate=&airline=qr&flighttype=s&recentviewflt=qr1241|qr892&recentviewprice=1039&curr=sar&sort=price&from=seo&traceid=undefined,https://sa.trip.com/?locale=ar-sa,https://sa.trip.com/flights/riyadh-to-beijing/tickets-ruh-bjs/?dairportcode=ruh&aairportcode=pkx&ddate=2026-06-01&rdate=&airline=qr&flighttype=s&recentviewflt=qr1241|qr892&recentviewprice=1039&curr=sar&sort=price&from=seo&traceid=undefined,recon_page,2026-05-02T21:16:32.342882
229,1,3,1,12,0,0,1,0,11,0,com,200,2,59846,372.074,0,0,18,0,unknown,1,html,1,11,0,1,1,0,0,0,0,0,0,0,1,1,0,0,1,1,0,0,0,0,0,0,0,0,0,0,1,30,13,0,17,1,17,4,13,0,0,1,10,1,4,1,1,4,1,0,0,0,0,0,0,0,0,0,1,1,0,0,0,0,0,0,1,0,0,0,0,0,0,0,0.0,1.0,0.0,0,0,0,0,0,0,0,0,0,0,0,0,28,1,1,0,0,0,0,0,0,0.0,0.0005012866356982923,0.125,0.01670955452327641,0,,multi_full_20260502_195405_0002,2026-05-02T21:16:32.824808,https://sa.trip.com/m/flights/flightfirst/?dairportcode=RUH&aairportcode=PKX&dcitycode=RUH&acitycode=BJS&ddate=2026-06-01&adate=&recentviewflt=QR1241|QR892&recentviewprice=1039&airline=QR&flighttype=S&sorttype=0&traceId=undefined,https://sa.trip.com/?locale=ar-sa,False,https://sa.trip.com/m/flights/flightfirst/?dairportcode=RUH&aairportcode=PKX&dcitycode=RUH&acitycode=BJS&ddate=2026-06-01&adate=&recentviewflt=QR1241|QR892&recentviewprice=1039&airline=QR&flighttype=S&sorttype=0&traceId=undefined,https://sa.trip.com/?locale=ar-sa,https://sa.trip.com/m/flights/flightfirst/?dairportcode=RUH&aairportcode=PKX&dcitycode=RUH&acitycode=BJS&ddate=2026-06-01&adate=&recentviewflt=QR1241|QR892&recentviewprice=1039&airline=QR&flighttype=S&sorttype=0&traceId=undefined,recon_page,2026-05-02T21:16:32.844230
32,1,2,0,0,0,0,1,0,11,0,com,404,4,17029,262.487,0,0,10,0,unknown,0,html,0,0,0,0,0,0,0,0,0,0,0,0,1,1,0,0,1,1,0,0,0,0,0,0,0,0,0,0,1,1,1,0,0,1,19,17,2,1,10,1,2,1,2,1,1,8,1,0,0,0,0,0,0,0,0,0,0,1,0,0,0,0,0,0,0,0,0,0,0,0,0,0,0.0,0.0,0.0,0,0,0,0,0,0,0,0,0,0,0,0,17,10,0,0,0,0,0,0,0,0.0,5.872335427799636e-05,0.0,0.05872335427799636,0,,multi_full_20260502_195405_0002,2026-05-02T21:16:33.100904,https://sa.trip.com/flights/\\\/,https://sa.trip.com/?locale=ar-sa,False,https://sa.trip.com/flights/\\\/,https://sa.trip.com/?locale=ar-sa,https://sa.trip.com/flights/\\\/,recon_page,2026-05-02T21:16:33.121896
50,1,3,0,0,0,0,1,0,11,0,com,404,4,17029,365.892,0,0,10,0,unknown,0,html,0,0,0,0,0,0,0,0,0,0,0,0,1,1,0,0,1,1,0,0,0,0,0,0,0,0,0,0,1,1,1,0,0,1,19,17,2,1,10,1,2,1,2,1,1,8,1,0,0,0,0,0,0,0,0,0,0,1,0,0,0,0,0,0,0,0,0,0,0,0,0,0,0.0,0.0,0.0,0,0,0,0,0,0,0,0,0,0,0,0,17,10,0,0,0,0,0,0,0,0.0,5.872335427799636e-05,0.0,0.05872335427799636,0,,multi_full_20260502_195405_0002,2026-05-02T21:16:33.116032,https://sa.trip.com/guide/phone/china-esim.html\\\,https://sa.trip.com/?locale=ar-sa,False,https://sa.trip.com/guide/phone/china-esim.html\\\,https://sa.trip.com/?locale=ar-sa,https://sa.trip.com/guide/phone/china-esim.html\\\,recon_page,2026-05-02T21:16:33.127304
66,1,3,0,0,0,0,1,0,11,0,com,404,4,17029,395.33299999999997,0,0,10,0,unknown,0,html,0,0,0,0,0,0,0,0,0,0,0,0,1,1,0,0,1,1,0,0,0,0,0,0,0,0,0,0,1,1,1,0,0,1,19,17,2,1,10,1,2,1,2,1,1,8,1,0,0,0,0,0,0,0,0,0,0,1,0,0,0,0,0,0,0,0,0,0,0,0,0,0,0.0,0.0,0.0,0,0,0,0,0,0,0,0,0,0,0,0,17,10,0,0,0,0,0,0,0,0.0,5.872335427799636e-05,0.0,0.05872335427799636,0,,multi_full_20260502_195405_0002,2026-05-02T21:16:33.342694,https://sa.trip.com/guide/info/china-currency-exchange-guide.html\,https://sa.trip.com/?locale=ar-sa,False,https://sa.trip.com/guide/info/china-currency-exchange-guide.html\,https://sa.trip.com/?locale=ar-sa,https://sa.trip.com/guide/info/china-currency-exchange-guide.html\,recon_page,2026-05-02T21:16:33.346617
22,1,1,0,0,0,0,1,0,11,0,com,404,4,17029,495.077,0,0,11,0,unknown,0,html,0,0,0,0,0,0,0,0,0,0,0,0,1,1,0,0,1,1,0,0,0,0,0,0,0,0,0,0,1,1,1,0,0,1,19,17,2,1,10,1,2,1,2,1,1,8,1,0,0,0,0,0,0,0,0,0,0,1,0,0,0,0,0,0,0,0,0,0,0,0,0,0,0.0,0.0,0.0,0,0,0,0,0,0,0,0,0,0,0,0,17,10,0,0,0,0,0,0,0,0.0,5.872335427799636e-05,0.0,0.05872335427799636,0,,multi_full_20260502_195405_0002,2026-05-02T21:16:33.660836,https://sa.trip.com/\/,https://sa.trip.com/?locale=ar-sa,False,https://sa.trip.com/\/,https://sa.trip.com/?locale=ar-sa,https://sa.trip.com/\/,recon_page,2026-05-02T21:16:33.673696
55,1,3,0,0,0,0,1,0,11,0,com,200,2,561818,484.514,0,0,16,0,unknown,0,html,1,8,0,0,0,0,0,0,0,0,0,0,1,2,0,0,1,2,0,0,0,0,1,28,0,0,0,0,1,27,18,0,9,1,28,15,13,1,79,1,11,1,6,1,0,0,1,0,0,0,0,0,0,0,0,0,1,1,0,0,0,0,0,0,0,0,0,0,0,0,0,0,0.0,1.0,0.0,0,0,0,0,0,0,0,0,0,0,0,0,31,0,0,96,0,0,0,0,1,0.0,4.8058267980022e-05,0.0,0.05339807553335778,0,,multi_full_20260502_195405_0002,2026-05-02T21:16:33.921942,https://sa.trip.com/flights/cheap-flights-to-china-1/\/,https://sa.trip.com/?locale=ar-sa,False,https://sa.trip.com/flights/cheap-flights-to-china-1/\/,https://sa.trip.com/?locale=ar-sa,https://sa.trip.com/flights/cheap-flights-to-china-1/\/,recon_page,2026-05-02T21:16:33.927933
57,1,3,0,0,0,0,1,0,11,0,com,200,2,561818,661.403,0,0,16,0,unknown,0,html,1,8,0,0,0,0,0,0,0,0,0,0,1,2,0,0,1,2,0,0,0,0,1,28,0,0,0,0,1,27,18,0,9,1,28,15,13,1,79,1,11,1,6,1,0,0,1,0,0,0,0,0,0,0,0,0,1,1,0,0,0,0,0,0,0,0,0,0,0,0,0,0,0.0,1.0,0.0,0,0,0,0,0,0,0,0,0,0,0,0,31,0,0,96,0,0,0,0,1,0.0,4.8058267980022e-05,0.0,0.05339807553335778,0,,multi_full_20260502_195405_0002,2026-05-02T21:16:34.359500,https://sa.trip.com/flights/cheap-flights-to-china-1/\\\/,https://sa.trip.com/?locale=ar-sa,False,https://sa.trip.com/flights/cheap-flights-to-china-1/\\\/,https://sa.trip.com/?locale=ar-sa,https://sa.trip.com/flights/cheap-flights-to-china-1/\\\/,recon_page,2026-05-02T21:16:34.365319
45,1,1,0,0,0,0,1,0,11,0,com,404,4,17029,676.4970000000001,0,0,10,0,unknown,0,html,0,0,0,0,0,0,0,0,0,0,0,0,1,1,0,0,1,1,0,0,0,0,0,0,0,0,0,0,1,1,1,0,0,1,19,17,2,1,10,1,2,1,2,1,1,8,1,0,0,0,0,0,0,0,0,0,0,1,0,0,0,0,0,0,0,0,0,0,0,0,0,0,0.0,0.0,0.0,0,0,0,0,0,0,0,0,0,0,0,0,17,10,0,0,0,0,0,0,0,0.0,5.872335427799636e-05,0.0,0.05872335427799636,0,,multi_full_20260502_195405_0002,2026-05-02T21:16:46.444711,https://sa.trip.com/Date(1777740813223+0800)/,https://sa.trip.com/?locale=ar-sa,False,https://sa.trip.com/Date(1777740813223+0800)/,https://sa.trip.com/?locale=ar-sa,https://sa.trip.com/Date(1777740813223+0800)/,recon_page,2026-05-02T21:16:46.449395
45,1,1,0,0,0,0,1,0,11,0,com,404,4,17029,395.266,0,0,10,0,unknown,0,html,0,0,0,0,0,0,0,0,0,0,0,0,1,1,0,0,1,1,0,0,0,0,0,0,0,0,0,0,1,1,1,0,0,1,19,17,2,1,10,1,2,1,2,1,1,8,1,0,0,0,0,0,0,0,0,0,0,1,0,0,0,0,0,0,0,0,0,0,0,0,0,0,0.0,0.0,0.0,0,0,0,0,0,0,0,0,0,0,0,0,17,10,0,0,0,0,0,0,0,0.0,5.872335427799636e-05,0.0,0.05872335427799636,0,,multi_full_20260502_195405_0002,2026-05-02T21:17:14.877550,https://sa.trip.com/Date(1777740813244+0800)/,https://sa.trip.com/?locale=ar-sa,False,https://sa.trip.com/Date(1777740813244+0800)/,https://sa.trip.com/?locale=ar-sa,https://sa.trip.com/Date(1777740813244+0800)/,recon_page,2026-05-02T21:17:14.883345
76,1,3,0,0,0,0,1,0,11,0,com,200,2,338653,508.227,0,0,20,0,unknown,1,html,1,9,0,1,1,0,0,0,0,0,0,0,1,5,0,0,1,2,0,0,0,0,1,17,0,0,0,0,1,28,22,0,6,1,36,16,20,1,25,1,2,1,3,1,1,14,0,0,0,0,0,0,0,0,0,0,1,1,0,0,0,0,0,0,0,0,0,0,1,1,0,0,0.0,1.0,0.0,0,0,0,0,0,0,0,0,0,0,0,0,40,12,1,0,0,0,0,0,0,0.0,8.268050187064636e-05,0.125,0.06496325146979356,0,,multi_full_20260502_195405_0002,2026-05-02T21:19:19.285541,https://sa.trip.com/hotels/bangkok-hotel-detail-2509240/grace-hotel-bangkok/,https://sa.trip.com/?locale=ar-sa,False,https://sa.trip.com/hotels/bangkok-hotel-detail-2509240/grace-hotel-bangkok/,https://sa.trip.com/?locale=ar-sa,https://sa.trip.com/hotels/bangkok-hotel-detail-2509240/grace-hotel-bangkok/,recon_page,2026-05-02T21:19:19.295646
101,1,3,0,0,0,0,1,0,11,0,com,200,2,326599,291.254,0,0,19,0,unknown,1,html,1,9,0,1,1,0,0,0,0,0,0,0,1,5,0,0,1,2,0,0,0,0,1,14,0,0,0,0,1,28,22,0,6,1,37,17,20,1,20,1,2,1,3,1,1,14,0,0,0,0,0,0,0,0,0,0,1,1,0,0,0,0,0,0,0,0,0,0,1,1,0,0,0.0,1.0,0.0,0,0,0,0,0,0,0,0,0,0,0,0,41,12,1,0,0,0,0,0,0,0.0,8.57320444949311e-05,0.125,0.05817531590727467,0,,multi_full_20260502_195405_0002,2026-05-02T21:20:38.204835,https://sa.trip.com/hotels/makkah-hotel-detail-116867668/park-inn-by-radisson-makkah-thaker-algharbi/,https://sa.trip.com/?locale=ar-sa,False,https://sa.trip.com/hotels/makkah-hotel-detail-116867668/park-inn-by-radisson-makkah-thaker-algharbi/,https://sa.trip.com/?locale=ar-sa,https://sa.trip.com/hotels/makkah-hotel-detail-116867668/park-inn-by-radisson-makkah-thaker-algharbi/,recon_page,2026-05-02T21:20:38.215938
45,1,1,0,0,0,0,1,0,11,0,com,404,4,17029,1552.724,0,0,10,0,unknown,0,html,0,0,0,0,0,0,0,0,0,0,0,0,1,1,0,0,1,1,0,0,0,0,0,0,0,0,0,0,1,1,1,0,0,1,19,17,2,1,10,1,2,1,2,1,1,8,1,0,0,0,0,0,0,0,0,0,0,1,0,0,0,0,0,0,0,0,0,0,0,0,0,0,0.0,0.0,0.0,0,0,0,0,0,0,0,0,0,0,0,0,17,10,0,0,0,0,0,0,0,0.0,5.872335427799636e-05,0.0,0.05872335427799636,0,,multi_full_20260502_195405_0002,2026-05-02T21:22:09.889860,https://sa.trip.com/Date(1777740813096+0800)/,https://sa.trip.com/?locale=ar-sa,False,https://sa.trip.com/Date(1777740813096+0800)/,https://sa.trip.com/?locale=ar-sa,https://sa.trip.com/Date(1777740813096+0800)/,recon_page,2026-05-02T21:22:09.894066
72,1,3,0,0,0,0,1,0,11,0,com,200,2,328773,311.479,0,0,19,0,unknown,1,html,1,9,0,1,1,0,0,0,0,0,0,0,1,5,0,0,1,2,0,0,0,0,1,10,0,0,0,0,1,28,22,0,6,1,37,17,20,1,24,1,2,1,3,1,1,14,0,0,0,0,0,0,0,0,0,0,1,1,0,0,0,0,0,0,0,0,0,0,1,1,0,0,0.0,1.0,0.0,0,0,0,0,0,0,0,0,0,0,0,0,41,12,1,0,0,0,0,0,0,0.0,8.51651443397116e-05,0.125,0.04562418446770264,0,,multi_full_20260502_195405_0002,2026-05-02T21:24:24.577949,https://sa.trip.com/hotels/jeddah-hotel-detail-9991428/green-leaf-hotel/,https://sa.trip.com/?locale=ar-sa,False,https://sa.trip.com/hotels/jeddah-hotel-detail-9991428/green-leaf-hotel/,https://sa.trip.com/?locale=ar-sa,https://sa.trip.com/hotels/jeddah-hotel-detail-9991428/green-leaf-hotel/,recon_page,2026-05-02T21:24:24.585609
68,1,3,0,0,0,0,1,0,11,0,com,200,2,310634,388.29999999999995,0,0,19,0,unknown,1,html,1,9,0,1,1,0,0,0,0,0,0,0,1,5,0,0,1,2,0,0,0,0,1,11,0,0,0,0,1,28,22,0,6,1,37,17,20,1,24,1,2,1,3,1,1,14,0,0,0,0,0,0,0,0,0,0,1,1,0,0,0,0,0,0,0,0,0,0,1,1,0,0,0.0,1.0,0.0,0,0,0,0,0,0,0,0,0,0,0,0,41,12,1,0,0,0,0,0,0,0.0,9.013823341939389e-05,0.125,0.05150756195393936,0,,multi_full_20260502_195405_0002,2026-05-02T21:25:51.485700,https://sa.trip.com/hotels/makkah-hotel-detail-10728499/midan-hotel/,https://sa.trip.com/?locale=ar-sa,False,https://sa.trip.com/hotels/makkah-hotel-detail-10728499/midan-hotel/,https://sa.trip.com/?locale=ar-sa,https://sa.trip.com/hotels/makkah-hotel-detail-10728499/midan-hotel/,recon_page,2026-05-02T21:25:51.491055
76,1,3,0,0,0,0,1,0,11,0,com,200,2,271523,351.84700000000004,0,0,20,0,unknown,1,html,1,9,0,1,1,0,0,0,0,0,0,0,1,5,0,0,1,2,0,0,0,0,1,9,0,0,0,0,1,28,22,0,6,1,37,17,20,1,21,1,2,1,3,1,1,14,0,0,0,0,0,0,0,0,0,0,1,1,0,0,0,0,0,0,0,0,0,0,1,1,0,0,0.0,1.0,0.0,0,0,0,0,0,0,0,0,0,0,0,0,41,12,1,0,0,0,0,0,0,0.0,0.00010312201912913455,0.125,0.05156100956456727,0,,multi_full_20260502_195405_0002,2026-05-02T21:27:05.171506,https://sa.trip.com/hotels/makkah-hotel-detail-98008197/snood-al-dana-hotel/,https://sa.trip.com/?locale=ar-sa,False,https://sa.trip.com/hotels/makkah-hotel-detail-98008197/snood-al-dana-hotel/,https://sa.trip.com/?locale=ar-sa,https://sa.trip.com/hotels/makkah-hotel-detail-98008197/snood-al-dana-hotel/,recon_page,2026-05-02T21:27:05.191666
45,1,1,0,0,0,0,1,0,11,0,com,404,4,17029,326.53900000000004,0,0,10,0,unknown,0,html,0,0,0,0,0,0,0,0,0,0,0,0,1,1,0,0,1,1,0,0,0,0,0,0,0,0,0,0,1,1,1,0,0,1,19,17,2,1,10,1,2,1,2,1,1,8,1,0,0,0,0,0,0,0,0,0,0,1,0,0,0,0,0,0,0,0,0,0,0,0,0,0,0.0,0.0,0.0,0,0,0,0,0,0,0,0,0,0,0,0,17,10,0,0,0,0,0,0,0,0.0,5.872335427799636e-05,0.0,0.05872335427799636,0,,multi_full_20260502_195405_0002,2026-05-02T21:28:07.676012,https://sa.trip.com/Date(1777740813007+0800)/,https://sa.trip.com/?locale=ar-sa,False,https://sa.trip.com/Date(1777740813007+0800)/,https://sa.trip.com/?locale=ar-sa,https://sa.trip.com/Date(1777740813007+0800)/,recon_page,2026-05-02T21:28:07.688303
76,1,3,0,0,0,0,1,0,11,0,com,200,2,310797,487.437,0,0,20,0,unknown,1,html,1,9,0,1,1,0,0,0,0,0,0,0,1,5,0,0,1,2,0,0,0,0,1,14,0,0,0,0,1,28,22,0,6,1,37,17,20,1,19,1,2,1,3,1,1,14,0,0,0,0,0,0,0,0,0,0,1,1,0,0,0,0,0,0,0,0,0,0,1,1,0,0,0.0,1.0,0.0,0,0,0,0,0,0,0,0,0,0,0,0,41,12,1,0,0,0,0,0,0,0.0,9.009095969394814e-05,0.125,0.06113315122089338,0,,multi_full_20260502_195405_0002,2026-05-02T21:28:47.361371,https://sa.trip.com/hotels/medina-hotel-detail-133163055/sebal-almasi-hotel/,https://sa.trip.com/?locale=ar-sa,False,https://sa.trip.com/hotels/medina-hotel-detail-133163055/sebal-almasi-hotel/,https://sa.trip.com/?locale=ar-sa,https://sa.trip.com/hotels/medina-hotel-detail-133163055/sebal-almasi-hotel/,recon_page,2026-05-02T21:28:47.370788
80,1,3,0,0,0,0,1,0,11,0,com,200,2,295603,403.99600000000004,0,0,20,0,unknown,1,html,1,9,0,1,1,0,0,0,0,0,0,0,1,5,0,0,1,2,0,0,0,0,1,10,0,0,0,0,1,28,22,0,6,1,37,17,20,1,20,1,2,1,3,1,1,14,0,0,0,0,0,0,0,0,0,0,1,1,0,0,0,0,0,0,0,0,0,0,1,1,0,0,0.0,1.0,0.0,0,0,0,0,0,0,0,0,0,0,0,0,41,12,1,0,0,0,0,0,0,0.0,9.472163678988373e-05,0.125,0.05074373399458057,0,,multi_full_20260502_195405_0002,2026-05-02T21:29:22.721807,https://sa.trip.com/hotels/jazan-hotel-detail-124000282/garden-millennium-hotel/,https://sa.trip.com/?locale=ar-sa,False,https://sa.trip.com/hotels/jazan-hotel-detail-124000282/garden-millennium-hotel/,https://sa.trip.com/?locale=ar-sa,https://sa.trip.com/hotels/jazan-hotel-detail-124000282/garden-millennium-hotel/,recon_page,2026-05-02T21:29:22.725327
97,1,3,0,0,0,0,1,0,11,0,com,200,2,411533,484.378,0,0,20,0,unknown,1,html,1,9,0,1,1,0,0,0,0,0,0,0,1,5,0,0,1,2,0,0,0,0,1,16,0,0,0,0,1,28,22,0,6,1,37,17,20,1,29,1,2,1,3,1,1,17,0,0,0,0,0,0,0,0,0,0,1,1,0,0,0,0,0,0,0,0,0,0,1,1,0,0,0.0,1.0,0.0,0,0,0,0,0,0,0,0,0,0,0,0,41,12,1,0,0,0,0,0,0,0.0,6.803828611557275e-05,0.125,0.05102871458667956,0,,multi_full_20260502_195405_0002,2026-05-02T21:29:52.184808,https://sa.trip.com/hotels/riyadh-hotel-detail-102638469/ramada-by-wyndham-riyadh-king-fahd-road/,https://sa.trip.com/?locale=ar-sa,False,https://sa.trip.com/hotels/riyadh-hotel-detail-102638469/ramada-by-wyndham-riyadh-king-fahd-road/,https://sa.trip.com/?locale=ar-sa,https://sa.trip.com/hotels/riyadh-hotel-detail-102638469/ramada-by-wyndham-riyadh-king-fahd-road/,recon_page,2026-05-02T21:29:52.191024
84,1,3,0,0,0,0,1,0,11,0,com,200,2,394310,394.19300000000004,0,0,20,0,unknown,1,html,1,9,0,1,1,0,0,0,0,0,0,0,1,5,0,0,1,2,0,0,0,0,1,17,0,0,0,0,1,28,22,0,6,1,37,17,20,1,27,1,2,1,3,1,1,14,0,0,0,0,0,0,0,0,0,0,1,1,0,0,0,0,0,0,0,0,0,0,1,1,0,0,0.0,1.0,0.0,0,0,0,0,0,0,0,0,0,0,0,0,41,12,1,0,0,0,0,0,0,0.0,7.101011894194923e-05,0.125,0.05579366488296011,0,,multi_full_20260502_195405_0002,2026-05-02T21:30:55.649814,https://sa.trip.com/hotels/jeddah-hotel-detail-6070648/novotel-jeddah-tahlia-street/,https://sa.trip.com/?locale=ar-sa,False,https://sa.trip.com/hotels/jeddah-hotel-detail-6070648/novotel-jeddah-tahlia-street/,https://sa.trip.com/?locale=ar-sa,https://sa.trip.com/hotels/jeddah-hotel-detail-6070648/novotel-jeddah-tahlia-street/,recon_page,2026-05-02T21:30:55.654672
97,1,3,0,0,0,0,1,0,11,0,com,200,2,370374,307.537,0,0,20,0,unknown,1,html,1,9,0,1,1,0,0,0,0,0,0,0,1,5,0,0,1,2,0,0,0,0,1,15,0,0,0,0,1,28,22,0,6,1,37,17,20,1,26,1,2,1,3,1,1,14,0,0,0,0,0,0,0,0,0,0,1,1,0,0,0,0,0,0,0,0,0,0,1,1,0,0,0.0,1.0,0.0,0,0,0,0,0,0,0,0,0,0,0,0,41,12,1,0,0,0,0,0,0,0.0,7.559925912726055e-05,0.125,0.053999470805186106,0,,multi_full_20260502_195405_0002,2026-05-02T21:31:58.854681,https://sa.trip.com/hotels/makkah-hotel-detail-23645978/four-points-by-sheraton-makkah-al-naseem/,https://sa.trip.com/?locale=ar-sa,False,https://sa.trip.com/hotels/makkah-hotel-detail-23645978/four-points-by-sheraton-makkah-al-naseem/,https://sa.trip.com/?locale=ar-sa,https://sa.trip.com/hotels/makkah-hotel-detail-23645978/four-points-by-sheraton-makkah-al-naseem/,recon_page,2026-05-02T21:31:58.861152
88,1,3,0,0,0,0,1,0,11,0,com,200,2,375160,387.05699999999996,0,0,20,0,unknown,1,html,1,9,0,1,1,0,0,0,0,0,0,0,1,5,0,0,1,2,0,0,0,0,1,18,0,0,0,0,1,28,22,0,6,1,37,17,20,1,26,1,2,1,3,1,1,14,0,0,0,0,0,0,0,0,0,0,1,1,0,0,0,0,0,0,0,0,0,0,1,1,0,0,0.0,1.0,0.0,0,0,0,0,0,0,0,0,0,0,0,0,41,12,1,0,0,0,0,0,0,0.0,7.463482247574368e-05,0.125,0.06130717560507516,0,,multi_full_20260502_195405_0002,2026-05-02T21:33:16.901961,https://sa.trip.com/hotels/al-khobar-hotel-detail-9825094/ramada-encore-al-khobar-olaya/,https://sa.trip.com/?locale=ar-sa,False,https://sa.trip.com/hotels/al-khobar-hotel-detail-9825094/ramada-encore-al-khobar-olaya/,https://sa.trip.com/?locale=ar-sa,https://sa.trip.com/hotels/al-khobar-hotel-detail-9825094/ramada-encore-al-khobar-olaya/,recon_page,2026-05-02T21:33:16.905402
80,1,3,0,0,0,0,1,0,11,0,com,200,2,355409,365.091,0,0,20,0,unknown,1,html,1,9,0,1,1,0,0,0,0,0,0,0,1,5,0,0,1,2,0,0,0,0,1,15,0,0,0,0,1,28,22,0,6,1,37,17,20,1,25,1,2,1,3,1,1,14,0,0,0,0,0,0,0,0,0,0,1,1,0,0,0,0,0,0,0,0,0,0,1,1,0,0,0.0,1.0,0.0,0,0,0,0,0,0,0,0,0,0,0,0,41,12,1,0,0,0,0,0,0,0.0,7.878247315065179e-05,0.125,0.05627319510760842,0,,multi_full_20260502_195405_0002,2026-05-02T21:34:28.495157,https://sa.trip.com/hotels/makkah-hotel-detail-738819/makarem-umm-al-qura-hotel/,https://sa.trip.com/?locale=ar-sa,False,https://sa.trip.com/hotels/makkah-hotel-detail-738819/makarem-umm-al-qura-hotel/,https://sa.trip.com/?locale=ar-sa,https://sa.trip.com/hotels/makkah-hotel-detail-738819/makarem-umm-al-qura-hotel/,recon_page,2026-05-02T21:34:28.501180
87,1,3,0,0,0,0,1,0,11,0,com,200,2,403673,350.248,0,0,20,0,unknown,1,html,1,9,0,1,1,0,0,0,0,0,0,0,1,5,0,0,1,2,0,0,0,0,1,17,0,0,0,0,1,28,22,0,6,1,37,17,20,1,28,1,2,1,3,1,1,14,0,0,0,0,0,0,0,0,0,0,1,1,0,0,0,0,0,0,0,0,0,0,1,1,0,0,0.0,1.0,0.0,0,0,0,0,0,0,0,0,0,0,0,0,41,12,1,0,0,0,0,0,0,0.0,6.93630735768803e-05,0.125,0.05449955781040595,0,,multi_full_20260502_195405_0002,2026-05-02T21:35:02.003025,https://sa.trip.com/hotels/jeddah-hotel-detail-6466758/centro-shaheen-jeddah-by-rotana/,https://sa.trip.com/?locale=ar-sa,False,https://sa.trip.com/hotels/jeddah-hotel-detail-6466758/centro-shaheen-jeddah-by-rotana/,https://sa.trip.com/?locale=ar-sa,https://sa.trip.com/hotels/jeddah-hotel-detail-6466758/centro-shaheen-jeddah-by-rotana/,recon_page,2026-05-02T21:35:02.006816
74,1,3,0,0,0,0,1,0,11,0,com,200,2,393089,272.78000000000003,0,0,19,0,unknown,1,html,1,9,0,1,1,0,0,0,0,0,0,0,1,5,0,0,1,2,0,0,0,0,1,18,0,0,0,0,1,28,22,0,6,1,37,17,20,1,31,1,2,1,3,1,1,14,0,0,0,0,0,0,0,0,0,0,1,1,0,0,0,0,0,0,0,0,0,0,1,1,0,0,0.0,1.0,0.0,0,0,0,0,0,0,0,0,0,0,0,0,41,12,1,0,0,0,0,0,0,0.0,7.123068821564582e-05,0.125,0.05851092246285192,0,,multi_full_20260502_195405_0002,2026-05-02T21:35:50.593810,https://sa.trip.com/hotels/riyadh-hotel-detail-6145972/aloft-riyadh-hotel/,https://sa.trip.com/?locale=ar-sa,False,https://sa.trip.com/hotels/riyadh-hotel-detail-6145972/aloft-riyadh-hotel/,https://sa.trip.com/?locale=ar-sa,https://sa.trip.com/hotels/riyadh-hotel-detail-6145972/aloft-riyadh-hotel/,recon_page,2026-05-02T21:35:50.601275
57,1,3,0,0,0,0,1,0,11,0,com,404,4,17029,375.18,0,0,11,0,unknown,0,html,0,0,0,0,0,0,0,0,0,0,0,0,1,1,0,0,1,1,0,0,0,0,0,0,0,0,0,0,1,1,1,0,0,1,19,17,2,1,10,1,2,1,2,1,1,8,1,0,0,0,0,0,0,0,0,0,0,1,0,0,0,0,0,0,0,0,0,0,0,0,0,0,0.0,0.0,0.0,0,0,0,0,0,0,0,0,0,0,0,0,17,10,0,0,0,0,0,0,0,0.0,5.872335427799636e-05,0.0,0.05872335427799636,0,,multi_full_20260502_195405_0002,2026-05-02T21:36:43.986116,https://sa.trip.com/guide/hotels-blog/xian-hotels.html\\\,https://sa.trip.com/?locale=ar-sa,False,https://sa.trip.com/guide/hotels-blog/xian-hotels.html\\\,https://sa.trip.com/?locale=ar-sa,https://sa.trip.com/guide/hotels-blog/xian-hotels.html\\\,recon_page,2026-05-02T21:36:43.990204
56,1,3,0,0,0,0,1,0,11,0,com,404,4,17029,323.91700000000003,0,0,10,0,unknown,0,html,0,0,0,0,0,0,0,0,0,0,0,0,1,1,0,0,1,1,0,0,0,0,0,0,0,0,0,0,1,1,1,0,0,1,19,17,2,1,10,1,2,1,2,1,1,8,1,0,0,0,0,0,0,0,0,0,0,1,0,0,0,0,0,0,0,0,0,0,0,0,0,0,0.0,0.0,0.0,0,0,0,0,0,0,0,0,0,0,0,0,17,10,0,0,0,0,0,0,0,0.0,5.872335427799636e-05,0.0,0.05872335427799636,0,,multi_full_20260502_195405_0002,2026-05-02T21:37:22.519610,https://sa.trip.com/guide/food/china-cuisine-guide.html\,https://sa.trip.com/?locale=ar-sa,False,https://sa.trip.com/guide/food/china-cuisine-guide.html\,https://sa.trip.com/?locale=ar-sa,https://sa.trip.com/guide/food/china-cuisine-guide.html\,recon_page,2026-05-02T21:37:22.527586
68,1,3,0,0,0,0,1,0,11,0,com,404,4,17029,330.275,0,0,11,0,unknown,0,html,0,0,0,0,0,0,0,0,0,0,0,0,1,1,0,0,1,1,0,0,0,0,0,0,0,0,0,0,1,1,1,0,0,1,19,17,2,1,10,1,2,1,2,1,1,8,1,0,0,0,0,0,0,0,0,0,0,1,0,0,0,0,0,0,0,0,0,0,0,0,0,0,0.0,0.0,0.0,0,0,0,0,0,0,0,0,0,0,0,0,17,10,0,0,0,0,0,0,0,0.0,5.872335427799636e-05,0.0,0.05872335427799636,0,,multi_full_20260502_195405_0002,2026-05-02T21:38:23.960613,https://sa.trip.com/guide/attraction/great-wall-of-china-guide.html\,https://sa.trip.com/?locale=ar-sa,False,https://sa.trip.com/guide/attraction/great-wall-of-china-guide.html\,https://sa.trip.com/?locale=ar-sa,https://sa.trip.com/guide/attraction/great-wall-of-china-guide.html\,recon_page,2026-05-02T21:38:24.040382
133,1,3,1,5,0,0,1,0,11,0,com,200,2,286047,433.616,0,0,22,0,unknown,0,html,1,10,0,1,2,0,0,0,0,1,1,2,1,6,0,0,1,2,0,0,0,0,0,0,0,0,0,0,1,56,34,0,22,1,100,49,51,1,3,1,24,1,11,1,1,4,1,0,0,0,0,0,0,0,0,0,0,1,0,0,0,0,0,0,1,0,0,0,0,0,0,0,0.0,1.0,0.0,0,0,0,1,1,0,0,0,0,2,0,2,90,18,1,0,0,0,0,0,0,3.0,0.0001957720234786591,0.25,0.027967431925522725,0,,multi_full_20260502_195405_0002,2026-05-02T21:40:06.280495,https://sa.trip.com/flights/Jeddah-to-Shanghai/tickets-JED-SHA/?sorttype=&ddate=2026-05-06&adate=2026-05-08&currency=SAR&flighttype=d,https://sa.trip.com/?locale=ar-sa,False,https://sa.trip.com/flights/Jeddah-to-Shanghai/tickets-JED-SHA/?sorttype=&ddate=2026-05-06&adate=2026-05-08&currency=SAR&flighttype=d,https://sa.trip.com/?locale=ar-sa,https://sa.trip.com/flights/Jeddah-to-Shanghai/tickets-JED-SHA/?sorttype=&ddate=2026-05-06&adate=2026-05-08&currency=SAR&flighttype=d,recon_page,2026-05-02T21:40:06.289996
229,1,3,1,12,0,0,1,0,11,0,com,200,2,59874,423.918,0,0,18,0,unknown,1,html,1,11,0,1,1,0,0,0,0,0,0,0,1,1,0,0,1,1,0,0,0,0,0,0,0,0,0,0,1,30,13,0,17,1,17,4,13,0,0,1,10,1,4,1,1,4,1,0,0,0,0,0,0,0,0,0,1,1,0,0,0,0,0,0,1,0,0,0,0,0,0,0,0.0,1.0,0.0,0,0,0,0,0,0,0,0,0,0,0,0,28,1,1,0,0,0,0,0,0,0.0,0.0005010522096402445,0.125,0.016701740321341484,0,,multi_full_20260502_195405_0002,2026-05-02T21:40:53.222838,https://sa.trip.com/m/flights/flightfirst/?dairportcode=RUH&aairportcode=PVG&dcitycode=RUH&acitycode=SHA&ddate=2026-05-30&adate=&recentviewflt=AI2244|AI352&recentviewprice=1207&airline=AI&flighttype=S&sorttype=0&traceId=undefined,https://sa.trip.com/?locale=ar-sa,False,https://sa.trip.com/m/flights/flightfirst/?dairportcode=RUH&aairportcode=PVG&dcitycode=RUH&acitycode=SHA&ddate=2026-05-30&adate=&recentviewflt=AI2244|AI352&recentviewprice=1207&airline=AI&flighttype=S&sorttype=0&traceId=undefined,https://sa.trip.com/?locale=ar-sa,https://sa.trip.com/m/flights/flightfirst/?dairportcode=RUH&aairportcode=PVG&dcitycode=RUH&acitycode=SHA&ddate=2026-05-30&adate=&recentviewflt=AI2244|AI352&recentviewprice=1207&airline=AI&flighttype=S&sorttype=0&traceId=undefined,recon_page,2026-05-02T21:40:53.226502
74,1,3,0,0,0,0,1,0,11,0,com,404,4,17029,477.531,0,0,10,0,unknown,0,html,0,0,0,0,0,0,0,0,0,0,0,0,1,1,0,0,1,1,0,0,0,0,0,0,0,0,0,0,1,1,1,0,0,1,19,17,2,1,10,1,2,1,2,1,1,8,1,0,0,0,0,0,0,0,0,0,0,1,0,0,0,0,0,0,0,0,0,0,0,0,0,0,0.0,0.0,0.0,0,0,0,0,0,0,0,0,0,0,0,0,17,10,0,0,0,0,0,0,0,0.0,5.872335427799636e-05,0.0,0.05872335427799636,0,,multi_full_20260502_195405_0002,2026-05-02T21:41:51.824796,https://sa.trip.com/guide/destination/xian-terracotta-warriors-guide.html\,https://sa.trip.com/?locale=ar-sa,False,https://sa.trip.com/guide/destination/xian-terracotta-warriors-guide.html\,https://sa.trip.com/?locale=ar-sa,https://sa.trip.com/guide/destination/xian-terracotta-warriors-guide.html\,recon_page,2026-05-02T21:41:51.828556
58,1,3,0,0,0,0,1,0,11,0,com,200,2,222989,565.566,0,0,16,0,unknown,0,html,1,8,0,0,0,0,0,0,0,0,0,0,1,2,0,0,1,2,0,0,0,0,1,1,0,0,0,0,1,14,10,0,4,1,83,67,16,1,6,1,10,1,16,1,0,0,1,0,0,0,0,0,0,0,0,0,1,1,0,0,0,0,0,0,0,0,0,0,0,0,0,0,0.0,1.0,0.0,0,0,0,0,0,0,0,0,0,0,0,0,81,11,0,0,0,0,0,0,0,0.0,6.278336599563207e-05,0.0,0.013453578427635443,0,,multi_full_20260502_195405_0002,2026-05-02T21:43:30.183623,https://sa.trip.com/guide/hotels-blog/shanghai-hotels.html,https://sa.trip.com/?locale=ar-sa,False,https://sa.trip.com/guide/hotels-blog/shanghai-hotels.html,https://sa.trip.com/?locale=ar-sa,https://sa.trip.com/guide/hotels-blog/shanghai-hotels.html,recon_page,2026-05-02T21:43:30.190157
55,1,3,0,0,0,0,1,0,11,0,com,404,4,17029,256.786,0,0,10,0,unknown,0,html,0,0,0,0,0,0,0,0,0,0,0,0,1,1,0,0,1,1,0,0,0,0,0,0,0,0,0,0,1,1,1,0,0,1,19,17,2,1,10,1,2,1,2,1,1,8,1,0,0,0,0,0,0,0,0,0,0,1,0,0,0,0,0,0,0,0,0,0,0,0,0,0,0.0,0.0,0.0,0,0,0,0,0,0,0,0,0,0,0,0,17,10,0,0,0,0,0,0,0,0.0,5.872335427799636e-05,0.0,0.05872335427799636,0,,multi_full_20260502_195405_0002,2026-05-02T21:45:16.455576,https://sa.trip.com/guide/hotels-blog/xian-hotels.html\,https://sa.trip.com/?locale=ar-sa,False,https://sa.trip.com/guide/hotels-blog/xian-hotels.html\,https://sa.trip.com/?locale=ar-sa,https://sa.trip.com/guide/hotels-blog/xian-hotels.html\,recon_page,2026-05-02T21:45:16.464540
60,1,3,0,0,0,0,1,0,11,0,com,404,4,17029,501.4150000000001,0,0,10,0,unknown,0,html,0,0,0,0,0,0,0,0,0,0,0,0,1,1,0,0,1,1,0,0,0,0,0,0,0,0,0,0,1,1,1,0,0,1,19,17,2,1,10,1,2,1,2,1,1,8,1,0,0,0,0,0,0,0,0,0,0,1,0,0,0,0,0,0,0,0,0,0,0,0,0,0,0.0,0.0,0.0,0,0,0,0,0,0,0,0,0,0,0,0,17,10,0,0,0,0,0,0,0,0.0,5.872335427799636e-05,0.0,0.05872335427799636,0,,multi_full_20260502_195405_0002,2026-05-02T21:46:53.576373,https://sa.trip.com/guide/hotels-blog/guangzhou-hotels.html\,https://sa.trip.com/?locale=ar-sa,False,https://sa.trip.com/guide/hotels-blog/guangzhou-hotels.html\,https://sa.trip.com/?locale=ar-sa,https://sa.trip.com/guide/hotels-blog/guangzhou-hotels.html\,recon_page,2026-05-02T21:46:53.601520
133,1,3,1,5,0,0,1,0,11,0,com,200,2,286052,344.93800000000005,0,0,21,0,unknown,0,html,1,10,0,1,2,0,0,0,0,1,1,2,1,6,0,0,1,2,0,0,0,0,0,0,0,0,0,0,1,56,34,0,22,1,100,49,51,1,3,1,24,1,11,1,1,4,1,0,0,0,0,0,0,0,0,0,0,1,0,0,0,0,0,0,1,0,0,0,0,0,0,0,0.0,1.0,0.0,0,0,0,1,1,0,0,0,0,2,0,2,90,18,1,0,0,0,0,0,0,3.0,0.00019576860151301163,0.25,0.027966943073287374,0,,multi_full_20260502_195405_0002,2026-05-02T21:47:44.554036,https://sa.trip.com/flights/Jeddah-to-Shanghai/tickets-JED-SHA/?sorttype=&ddate=2026-05-09&adate=2026-05-10&currency=SAR&flighttype=d,https://sa.trip.com/?locale=ar-sa,False,https://sa.trip.com/flights/Jeddah-to-Shanghai/tickets-JED-SHA/?sorttype=&ddate=2026-05-09&adate=2026-05-10&currency=SAR&flighttype=d,https://sa.trip.com/?locale=ar-sa,https://sa.trip.com/flights/Jeddah-to-Shanghai/tickets-JED-SHA/?sorttype=&ddate=2026-05-09&adate=2026-05-10&currency=SAR&flighttype=d,recon_page,2026-05-02T21:47:44.558180
50,1,3,0,0,0,0,1,0,11,0,com,200,2,150274,632.9630000000001,0,0,16,0,unknown,0,html,1,8,0,0,0,0,0,0,0,0,0,0,1,2,0,0,1,2,0,0,0,0,0,0,0,0,0,0,1,41,30,0,11,1,118,100,18,1,35,1,12,1,9,1,0,0,1,0,0,0,0,0,0,0,0,0,1,1,0,0,0,0,0,0,0,0,0,0,0,0,0,0,0.0,1.0,0.0,0,0,0,0,0,0,0,0,0,0,0,0,119,0,0,18,0,0,0,0,0,0.0,0.00027283495481586966,0.0,0.013309022186139984,0,,multi_full_20260502_195405_0002,2026-05-02T21:50:25.125324,https://sa.trip.com/flights/to-xi-an/airfares-sia/,https://sa.trip.com/?locale=ar-sa,False,https://sa.trip.com/flights/to-xi-an/airfares-sia/,https://sa.trip.com/?locale=ar-sa,https://sa.trip.com/flights/to-xi-an/airfares-sia/,recon_page,2026-05-02T21:50:25.133831
133,1,3,1,5,0,0,1,0,11,0,com,200,2,286061,348.918,0,0,21,0,unknown,0,html,1,10,0,1,2,0,0,0,0,1,1,2,1,6,0,0,1,2,0,0,0,0,0,0,0,0,0,0,1,56,34,0,22,1,100,49,51,1,3,1,24,1,11,1,1,4,1,0,0,0,0,0,0,0,0,0,0,1,0,0,0,0,0,0,1,0,0,0,0,0,0,0,0.0,1.0,0.0,0,0,0,1,1,0,0,0,0,2,0,2,90,18,1,0,0,0,0,0,0,3.0,0.0001957624422762977,0.25,0.027966063182328246,0,,multi_full_20260502_195405_0002,2026-05-02T21:51:40.775688,https://sa.trip.com/flights/Jeddah-to-Shanghai/tickets-JED-SHA/?sorttype=&ddate=2026-05-12&adate=2026-05-13&currency=SAR&flighttype=d,https://sa.trip.com/?locale=ar-sa,False,https://sa.trip.com/flights/Jeddah-to-Shanghai/tickets-JED-SHA/?sorttype=&ddate=2026-05-12&adate=2026-05-13&currency=SAR&flighttype=d,https://sa.trip.com/?locale=ar-sa,https://sa.trip.com/flights/Jeddah-to-Shanghai/tickets-JED-SHA/?sorttype=&ddate=2026-05-12&adate=2026-05-13&currency=SAR&flighttype=d,recon_page,2026-05-02T21:51:40.876001
128,0,3,0,0,0,0,1,0,11,0,com,200,2,422426,526.1519999999999,0,0,15,0,unknown,0,html,1,8,0,0,0,0,0,0,0,0,0,0,1,2,0,0,1,2,0,0,0,0,1,10,0,0,0,0,1,14,10,0,4,1,68,50,18,1,18,1,10,1,17,1,0,0,1,0,0,0,0,0,0,0,0,0,1,1,0,0,0,0,0,0,0,0,0,0,0,0,0,0,0.0,1.0,0.0,0,0,0,0,0,0,0,0,0,0,0,0,70,2,0,0,0,0,0,0,0,0.0,3.314189940960074e-05,0.0,0.028407342351086346,0,,multi_full_20260502_195405_0002,2026-05-02T21:52:50.269984,http://sa.trip.com/guide/destination/%D8%AF%D9%84%D9%8A%D9%84-%D8%A7%D9%84%D8%B3%D9%81%D8%B1-%D9%84%D9%84%D8%B5%D9%8A%D9%86.html,https://sa.trip.com/?locale=ar-sa,False,http://sa.trip.com/guide/destination/%D8%AF%D9%84%D9%8A%D9%84-%D8%A7%D9%84%D8%B3%D9%81%D8%B1-%D9%84%D9%84%D8%B5%D9%8A%D9%86.html,https://sa.trip.com/?locale=ar-sa,http://sa.trip.com/guide/destination/%D8%AF%D9%84%D9%8A%D9%84-%D8%A7%D9%84%D8%B3%D9%81%D8%B1-%D9%84%D9%84%D8%B5%D9%8A%D9%86.html,recon_page,2026-05-02T21:52:50.276688
54,1,3,0,0,0,0,1,0,11,0,com,200,2,201116,597.896,0,0,16,0,unknown,0,html,1,8,0,0,0,0,0,0,0,0,0,0,1,3,0,0,1,2,0,0,0,0,0,0,0,0,1,1,1,42,31,0,11,1,118,100,18,1,45,1,12,1,9,1,0,0,1,0,0,0,0,0,0,0,0,0,1,1,0,0,0,0,0,0,0,0,0,0,0,0,0,0,0.0,1.0,0.0,0,0,0,0,0,0,0,0,0,0,0,0,118,0,0,41,0,0,0,0,0,0.0,0.0002088347023608266,0.0,0.014916764454344755,0,,multi_full_20260502_195405_0002,2026-05-02T21:53:05.905344,https://sa.trip.com/flights/to-hong-kong/airfares-hkg/,https://sa.trip.com/?locale=ar-sa,False,https://sa.trip.com/flights/to-hong-kong/airfares-hkg/,https://sa.trip.com/?locale=ar-sa,https://sa.trip.com/flights/to-hong-kong/airfares-hkg/,recon_page,2026-05-02T21:53:05.916275
54,1,4,0,0,0,0,1,0,11,0,com,404,4,17029,261.856,0,0,10,0,unknown,0,html,0,0,0,0,0,0,0,0,0,0,0,0,1,1,0,0,1,1,0,0,0,0,0,0,0,0,0,0,1,1,1,0,0,1,19,17,2,1,10,1,2,1,2,1,1,8,1,0,0,0,0,0,0,0,0,0,0,1,0,0,0,0,0,0,0,0,0,0,0,0,0,0,0.0,0.0,0.0,0,0,0,0,0,0,0,0,0,0,0,0,17,10,0,0,0,0,0,0,0,0.0,5.872335427799636e-05,0.0,0.05872335427799636,0,,multi_full_20260502_195405_0002,2026-05-02T21:53:18.309368,https://sa.trip.com/flights/to-beijing/airfares-bjs/\/,https://sa.trip.com/?locale=ar-sa,False,https://sa.trip.com/flights/to-beijing/airfares-bjs/\/,https://sa.trip.com/?locale=ar-sa,https://sa.trip.com/flights/to-beijing/airfares-bjs/\/,recon_page,2026-05-02T21:53:18.313232
57,1,4,0,0,0,0,1,0,11,0,com,404,4,17029,252.95000000000002,0,0,10,0,unknown,0,html,0,0,0,0,0,0,0,0,0,0,0,0,1,1,0,0,1,1,0,0,0,0,0,0,0,0,0,0,1,1,1,0,0,1,19,17,2,1,10,1,2,1,2,1,1,8,1,0,0,0,0,0,0,0,0,0,0,1,0,0,0,0,0,0,0,0,0,0,0,0,0,0,0.0,0.0,0.0,0,0,0,0,0,0,0,0,0,0,0,0,17,10,0,0,0,0,0,0,0,0.0,5.872335427799636e-05,0.0,0.05872335427799636,0,,multi_full_20260502_195405_0002,2026-05-02T21:53:30.213464,https://sa.trip.com/flights/to-shanghai/airfares-sha/\\\/,https://sa.trip.com/?locale=ar-sa,False,https://sa.trip.com/flights/to-shanghai/airfares-sha/\\\/,https://sa.trip.com/?locale=ar-sa,https://sa.trip.com/flights/to-shanghai/airfares-sha/\\\/,recon_page,2026-05-02T21:53:30.218876
56,1,4,0,0,0,0,1,0,11,0,com,404,4,17029,348.671,0,0,10,0,unknown,0,html,0,0,0,0,0,0,0,0,0,0,0,0,1,1,0,0,1,1,0,0,0,0,0,0,0,0,0,0,1,1,1,0,0,1,19,17,2,1,10,1,2,1,2,1,1,8,1,0,0,0,0,0,0,0,0,0,0,1,0,0,0,0,0,0,0,0,0,0,0,0,0,0,0.0,0.0,0.0,0,0,0,0,0,0,0,0,0,0,0,0,17,10,0,0,0,0,0,0,0,0.0,5.872335427799636e-05,0.0,0.05872335427799636,0,,multi_full_20260502_195405_0002,2026-05-02T21:54:30.918513,https://sa.trip.com/flights/to-beijing/airfares-bjs/\\\/,https://sa.trip.com/?locale=ar-sa,False,https://sa.trip.com/flights/to-beijing/airfares-bjs/\\\/,https://sa.trip.com/?locale=ar-sa,https://sa.trip.com/flights/to-beijing/airfares-bjs/\\\/,recon_page,2026-05-02T21:54:30.937522
134,1,3,1,5,0,0,1,0,11,0,com,200,2,286322,389.55,0,0,21,0,unknown,0,html,1,10,0,1,2,0,0,0,0,1,1,2,1,6,0,0,1,2,0,0,0,0,0,0,0,0,0,0,1,56,34,0,22,1,100,49,51,1,3,1,24,1,11,1,1,4,1,0,0,0,0,0,0,0,0,0,0,1,0,0,0,0,0,0,1,0,0,0,0,0,0,0,0.0,1.0,0.0,0,0,0,1,1,0,0,0,0,2,0,2,90,18,1,0,0,0,0,0,0,3.0,0.00019558399284721396,0.25,0.027940570406744854,0,,multi_full_20260502_195405_0002,2026-05-02T21:55:45.611304,https://sa.trip.com/flights/Riyadh-to-Guangzhou/tickets-RUH-CAN/?sorttype=&ddate=2026-05-31&adate=2026-06-02&currency=SAR&flighttype=d,https://sa.trip.com/?locale=ar-sa,False,https://sa.trip.com/flights/Riyadh-to-Guangzhou/tickets-RUH-CAN/?sorttype=&ddate=2026-05-31&adate=2026-06-02&currency=SAR&flighttype=d,https://sa.trip.com/?locale=ar-sa,https://sa.trip.com/flights/Riyadh-to-Guangzhou/tickets-RUH-CAN/?sorttype=&ddate=2026-05-31&adate=2026-06-02&currency=SAR&flighttype=d,recon_page,2026-05-02T21:55:45.617125
132,1,3,1,5,0,0,1,0,11,0,com,200,2,286335,391.794,0,0,21,0,unknown,0,html,1,10,0,1,2,0,0,0,0,1,1,2,1,6,0,0,1,2,0,0,0,0,0,0,0,0,0,0,1,56,34,0,22,1,100,49,51,1,3,1,24,1,11,1,1,4,1,0,0,0,0,0,0,0,0,0,0,1,0,0,0,0,0,0,1,0,0,0,0,0,0,0,0.0,1.0,0.0,0,0,0,1,1,0,0,0,0,2,0,2,90,18,1,0,0,0,0,0,0,3.0,0.00019557511306686224,0.25,0.027939301866694608,0,,multi_full_20260502_195405_0002,2026-05-02T21:56:28.683231,https://sa.trip.com/flights/Riyadh-to-Beijing/tickets-RUH-BJS/?sorttype=&ddate=2026-05-18&adate=2026-05-19&currency=SAR&flighttype=d,https://sa.trip.com/?locale=ar-sa,False,https://sa.trip.com/flights/Riyadh-to-Beijing/tickets-RUH-BJS/?sorttype=&ddate=2026-05-18&adate=2026-05-19&currency=SAR&flighttype=d,https://sa.trip.com/?locale=ar-sa,https://sa.trip.com/flights/Riyadh-to-Beijing/tickets-RUH-BJS/?sorttype=&ddate=2026-05-18&adate=2026-05-19&currency=SAR&flighttype=d,recon_page,2026-05-02T21:56:28.690987
59,1,3,0,0,0,0,1,0,11,0,com,404,4,17029,277.323,0,0,11,0,unknown,0,html,0,0,0,0,0,0,0,0,0,0,0,0,1,1,0,0,1,1,0,0,0,0,0,0,0,0,0,0,1,1,1,0,0,1,19,17,2,1,10,1,2,1,2,1,1,8,1,0,0,0,0,0,0,0,0,0,0,1,0,0,0,0,0,0,0,0,0,0,0,0,0,0,0.0,0.0,0.0,0,0,0,0,0,0,0,0,0,0,0,0,17,10,0,0,0,0,0,0,0,0.0,5.872335427799636e-05,0.0,0.05872335427799636,0,,multi_full_20260502_195405_0002,2026-05-02T21:57:06.808843,https://sa.trip.com/guide/hotels-blog/shanghai-hotels.html\,https://sa.trip.com/?locale=ar-sa,False,https://sa.trip.com/guide/hotels-blog/shanghai-hotels.html\,https://sa.trip.com/?locale=ar-sa,https://sa.trip.com/guide/hotels-blog/shanghai-hotels.html\,recon_page,2026-05-02T21:57:06.813869
57,1,3,0,0,0,0,1,0,11,0,com,200,2,167528,520.827,0,0,15,0,unknown,0,html,1,8,0,0,0,0,0,0,0,0,0,0,1,2,0,0,1,2,0,0,0,0,1,1,0,0,0,0,1,14,10,0,4,1,74,59,15,1,5,1,10,1,15,1,0,0,1,0,0,0,0,0,0,0,0,0,1,1,0,0,0,0,0,0,0,0,0,0,0,0,0,0,0.0,1.0,0.0,0,0,0,0,0,0,0,0,0,0,0,0,74,6,0,0,0,0,0,0,0,0.0,8.356811995606705e-05,0.0,0.017907454276300083,0,,multi_full_20260502_195405_0002,2026-05-02T21:57:41.353075,https://sa.trip.com/guide/hotels-blog/beijing-hotels.html,https://sa.trip.com/?locale=ar-sa,False,https://sa.trip.com/guide/hotels-blog/beijing-hotels.html,https://sa.trip.com/?locale=ar-sa,https://sa.trip.com/guide/hotels-blog/beijing-hotels.html,recon_page,2026-05-02T21:57:41.357694
132,1,3,1,5,0,0,1,0,11,0,com,200,2,286147,502.22900000000004,0,0,22,0,unknown,0,html,1,10,0,1,2,0,0,0,0,1,1,2,1,6,0,0,1,2,0,0,0,0,0,0,0,0,0,0,1,56,34,0,22,1,100,49,51,1,3,1,24,1,11,1,1,4,1,0,0,0,0,0,0,0,0,0,0,1,0,0,0,0,0,0,1,0,0,0,0,0,0,0,0.0,1.0,0.0,0,0,0,1,1,0,0,0,0,2,0,2,90,18,1,0,0,0,0,0,0,3.0,0.0001957036068873691,0.25,0.027957658126767013,0,,multi_full_20260502_195405_0002,2026-05-02T21:58:41.897917,https://sa.trip.com/flights/Riyadh-to-Beijing/tickets-RUH-BJS/?sorttype=&ddate=2026-05-11&adate=2026-05-12&currency=SAR&flighttype=d,https://sa.trip.com/?locale=ar-sa,False,https://sa.trip.com/flights/Riyadh-to-Beijing/tickets-RUH-BJS/?sorttype=&ddate=2026-05-11&adate=2026-05-12&currency=SAR&flighttype=d,https://sa.trip.com/?locale=ar-sa,https://sa.trip.com/flights/Riyadh-to-Beijing/tickets-RUH-BJS/?sorttype=&ddate=2026-05-11&adate=2026-05-12&currency=SAR&flighttype=d,recon_page,2026-05-02T21:58:41.903389
61,1,3,0,0,0,0,1,0,11,0,com,404,4,17029,346.832,0,0,11,0,unknown,0,html,0,0,0,0,0,0,0,0,0,0,0,0,1,1,0,0,1,1,0,0,0,0,0,0,0,0,0,0,1,1,1,0,0,1,19,17,2,1,10,1,2,1,2,1,1,8,1,0,0,0,0,0,0,0,0,0,0,1,0,0,0,0,0,0,0,0,0,0,0,0,0,0,0.0,0.0,0.0,0,0,0,0,0,0,0,0,0,0,0,0,17,10,0,0,0,0,0,0,0,0.0,5.872335427799636e-05,0.0,0.05872335427799636,0,,multi_full_20260502_195405_0002,2026-05-02T21:59:23.667314,https://sa.trip.com/guide/destination/xian-travel-guide.html\,https://sa.trip.com/?locale=ar-sa,False,https://sa.trip.com/guide/destination/xian-travel-guide.html\,https://sa.trip.com/?locale=ar-sa,https://sa.trip.com/guide/destination/xian-travel-guide.html\,recon_page,2026-05-02T21:59:23.672000
56,1,4,0,0,0,0,1,0,11,0,com,404,4,17029,273.434,0,0,10,0,unknown,0,html,0,0,0,0,0,0,0,0,0,0,0,0,1,1,0,0,1,1,0,0,0,0,0,0,0,0,0,0,1,1,1,0,0,1,19,17,2,1,10,1,2,1,2,1,1,8,1,0,0,0,0,0,0,0,0,0,0,1,0,0,0,0,0,0,0,0,0,0,0,0,0,0,0.0,0.0,0.0,0,0,0,0,0,0,0,0,0,0,0,0,17,10,0,0,0,0,0,0,0,0.0,5.872335427799636e-05,0.0,0.05872335427799636,0,,multi_full_20260502_195405_0002,2026-05-02T21:59:46.022750,https://sa.trip.com/flights/to-guangzhou/airfares-can/\/,https://sa.trip.com/?locale=ar-sa,False,https://sa.trip.com/flights/to-guangzhou/airfares-can/\/,https://sa.trip.com/?locale=ar-sa,https://sa.trip.com/flights/to-guangzhou/airfares-can/\/,recon_page,2026-05-02T21:59:46.026929
73,1,3,0,0,0,0,1,0,11,0,com,200,2,265269,548.823,0,0,16,0,unknown,0,html,1,8,0,0,0,0,0,0,0,0,0,0,1,2,0,0,1,2,0,0,0,0,1,2,0,0,0,0,1,15,11,0,4,1,58,43,15,1,12,1,10,1,15,1,0,0,1,0,0,0,0,0,0,0,0,0,1,1,0,0,0,0,0,0,0,0,0,0,0,0,0,0,0.0,1.0,0.0,0,0,0,0,0,0,0,0,0,0,0,0,61,2,0,0,0,0,0,0,0,0.0,5.6546373681055836e-05,0.0,0.01507903298161489,0,,multi_full_20260502_195405_0002,2026-05-02T22:00:04.022066,https://sa.trip.com/guide/destination/xian-terracotta-warriors-guide.html,https://sa.trip.com/?locale=ar-sa,False,https://sa.trip.com/guide/destination/xian-terracotta-warriors-guide.html,https://sa.trip.com/?locale=ar-sa,https://sa.trip.com/guide/destination/xian-terracotta-warriors-guide.html,recon_page,2026-05-02T22:00:04.025935
132,1,3,1,5,0,0,1,0,11,0,com,200,2,286143,364.505,0,0,21,0,unknown,0,html,1,10,0,1,2,0,0,0,0,1,1,2,1,6,0,0,1,2,0,0,0,0,0,0,0,0,0,0,1,56,34,0,22,1,100,49,51,1,3,1,24,1,11,1,1,4,1,0,0,0,0,0,0,0,0,0,0,1,0,0,0,0,0,0,1,0,0,0,0,0,0,0,0.0,1.0,0.0,0,0,0,1,1,0,0,0,0,2,0,2,90,18,1,0,0,0,0,0,0,3.0,0.00019570634263287937,0.25,0.027958048947554198,0,,multi_full_20260502_195405_0002,2026-05-02T22:00:23.240720,https://sa.trip.com/flights/Riyadh-to-Beijing/tickets-RUH-BJS/?sorttype=&ddate=2026-05-12&adate=2026-05-13&currency=SAR&flighttype=d,https://sa.trip.com/?locale=ar-sa,False,https://sa.trip.com/flights/Riyadh-to-Beijing/tickets-RUH-BJS/?sorttype=&ddate=2026-05-12&adate=2026-05-13&currency=SAR&flighttype=d,https://sa.trip.com/?locale=ar-sa,https://sa.trip.com/flights/Riyadh-to-Beijing/tickets-RUH-BJS/?sorttype=&ddate=2026-05-12&adate=2026-05-13&currency=SAR&flighttype=d,recon_page,2026-05-02T22:00:23.243982
66,1,3,0,0,0,0,1,0,11,0,com,404,4,17029,263.372,0,0,10,0,unknown,0,html,0,0,0,0,0,0,0,0,0,0,0,0,1,1,0,0,1,1,0,0,0,0,0,0,0,0,0,0,1,1,1,0,0,1,19,17,2,1,10,1,2,1,2,1,1,8,1,0,0,0,0,0,0,0,0,0,0,1,0,0,0,0,0,0,0,0,0,0,0,0,0,0,0.0,0.0,0.0,0,0,0,0,0,0,0,0,0,0,0,0,17,10,0,0,0,0,0,0,0,0.0,5.872335427799636e-05,0.0,0.05872335427799636,0,,multi_full_20260502_195405_0002,2026-05-02T22:00:41.657925,https://sa.trip.com/guide/destination/guangzhou-travel-guide.html\,https://sa.trip.com/?locale=ar-sa,False,https://sa.trip.com/guide/destination/guangzhou-travel-guide.html\,https://sa.trip.com/?locale=ar-sa,https://sa.trip.com/guide/destination/guangzhou-travel-guide.html\,recon_page,2026-05-02T22:00:41.660819
52,1,3,0,0,0,0,1,0,11,0,com,200,2,204577,515.952,0,0,17,0,unknown,0,html,1,8,0,0,0,0,0,0,0,0,0,0,1,3,0,0,1,2,0,0,0,0,0,0,0,0,1,1,1,42,31,0,11,1,120,102,18,1,52,1,12,1,9,1,0,0,1,0,0,0,0,0,0,0,0,0,1,1,0,0,0,0,0,0,0,0,0,0,0,0,0,0,0.0,1.0,0.0,0,0,0,0,0,0,0,0,0,0,0,0,120,0,0,41,0,0,0,0,0,0.0,0.0002053016712533667,0.0,0.014664405089526194,0,,multi_full_20260502_195405_0002,2026-05-02T22:00:56.242445,https://sa.trip.com/flights/to-beijing/airfares-bjs/,https://sa.trip.com/?locale=ar-sa,False,https://sa.trip.com/flights/to-beijing/airfares-bjs/,https://sa.trip.com/?locale=ar-sa,https://sa.trip.com/flights/to-beijing/airfares-bjs/,recon_page,2026-05-02T22:00:56.247438
134,1,3,1,5,0,0,1,0,11,0,com,200,2,286343,399.15299999999996,0,0,21,0,unknown,0,html,1,10,0,1,2,0,0,0,0,1,1,2,1,6,0,0,1,2,0,0,0,0,0,0,0,0,0,0,1,56,34,0,22,1,100,49,51,1,3,1,24,1,11,1,1,4,1,0,0,0,0,0,0,0,0,0,0,1,0,0,0,0,0,0,1,0,0,0,0,0,0,0,0.0,1.0,0.0,0,0,0,1,1,0,0,0,0,2,0,2,90,18,1,0,0,0,0,0,0,3.0,0.00019556964898740322,0.25,0.027938521283914743,0,,multi_full_20260502_195405_0002,2026-05-02T22:01:11.150813,https://sa.trip.com/flights/Riyadh-to-Guangzhou/tickets-RUH-CAN/?sorttype=&ddate=2026-05-20&adate=2026-05-21&currency=SAR&flighttype=d,https://sa.trip.com/?locale=ar-sa,False,https://sa.trip.com/flights/Riyadh-to-Guangzhou/tickets-RUH-CAN/?sorttype=&ddate=2026-05-20&adate=2026-05-21&currency=SAR&flighttype=d,https://sa.trip.com/?locale=ar-sa,https://sa.trip.com/flights/Riyadh-to-Guangzhou/tickets-RUH-CAN/?sorttype=&ddate=2026-05-20&adate=2026-05-21&currency=SAR&flighttype=d,recon_page,2026-05-02T22:01:11.154159
58,1,4,0,0,0,0,1,0,11,0,com,404,4,17029,311.547,0,0,10,0,unknown,0,html,0,0,0,0,0,0,0,0,0,0,0,0,1,1,0,0,1,1,0,0,0,0,0,0,0,0,0,0,1,1,1,0,0,1,19,17,2,1,10,1,2,1,2,1,1,8,1,0,0,0,0,0,0,0,0,0,0,1,0,0,0,0,0,0,0,0,0,0,0,0,0,0,0.0,0.0,0.0,0,0,0,0,0,0,0,0,0,0,0,0,17,10,0,0,0,0,0,0,0,0.0,5.872335427799636e-05,0.0,0.05872335427799636,0,,multi_full_20260502_195405_0002,2026-05-02T22:01:31.354796,https://sa.trip.com/flights/to-guangzhou/airfares-can/\\\/,https://sa.trip.com/?locale=ar-sa,False,https://sa.trip.com/flights/to-guangzhou/airfares-can/\\\/,https://sa.trip.com/?locale=ar-sa,https://sa.trip.com/flights/to-guangzhou/airfares-can/\\\/,recon_page,2026-05-02T22:01:31.358894
58,1,3,0,0,0,0,1,0,11,0,com,404,4,17029,382.932,0,0,11,0,unknown,0,html,0,0,0,0,0,0,0,0,0,0,0,0,1,1,0,0,1,1,0,0,0,0,0,0,0,0,0,0,1,1,1,0,0,1,19,17,2,1,10,1,2,1,2,1,1,8,1,0,0,0,0,0,0,0,0,0,0,1,0,0,0,0,0,0,0,0,0,0,0,0,0,0,0.0,0.0,0.0,0,0,0,0,0,0,0,0,0,0,0,0,17,10,0,0,0,0,0,0,0,0.0,5.872335427799636e-05,0.0,0.05872335427799636,0,,multi_full_20260502_195405_0002,2026-05-02T22:02:01.742298,https://sa.trip.com/guide/hotels-blog/beijing-hotels.html\,https://sa.trip.com/?locale=ar-sa,False,https://sa.trip.com/guide/hotels-blog/beijing-hotels.html\,https://sa.trip.com/?locale=ar-sa,https://sa.trip.com/guide/hotels-blog/beijing-hotels.html\,recon_page,2026-05-02T22:02:01.748474
58,1,4,0,0,0,0,1,0,11,0,com,404,4,17029,273.11800000000005,0,0,10,0,unknown,0,html,0,0,0,0,0,0,0,0,0,0,0,0,1,1,0,0,1,1,0,0,0,0,0,0,0,0,0,0,1,1,1,0,0,1,19,17,2,1,10,1,2,1,2,1,1,8,1,0,0,0,0,0,0,0,0,0,0,1,0,0,0,0,0,0,0,0,0,0,0,0,0,0,0.0,0.0,0.0,0,0,0,0,0,0,0,0,0,0,0,0,17,10,0,0,0,0,0,0,0,0.0,5.872335427799636e-05,0.0,0.05872335427799636,0,,multi_full_20260502_195405_0002,2026-05-02T22:02:36.096350,https://sa.trip.com/flights/to-hong-kong/airfares-hkg/\\\/,https://sa.trip.com/?locale=ar-sa,False,https://sa.trip.com/flights/to-hong-kong/airfares-hkg/\\\/,https://sa.trip.com/?locale=ar-sa,https://sa.trip.com/flights/to-hong-kong/airfares-hkg/\\\/,recon_page,2026-05-02T22:02:36.101886
63,1,3,0,0,0,0,1,0,11,0,com,404,4,17029,632.534,0,0,11,0,unknown,0,html,0,0,0,0,0,0,0,0,0,0,0,0,1,1,0,0,1,1,0,0,0,0,0,0,0,0,0,0,1,1,1,0,0,1,19,17,2,1,10,1,2,1,2,1,1,8,1,0,0,0,0,0,0,0,0,0,0,1,0,0,0,0,0,0,0,0,0,0,0,0,0,0,0.0,0.0,0.0,0,0,0,0,0,0,0,0,0,0,0,0,17,10,0,0,0,0,0,0,0,0.0,5.872335427799636e-05,0.0,0.05872335427799636,0,,multi_full_20260502_195405_0002,2026-05-02T22:03:04.931711,https://sa.trip.com/guide/attraction/forbidden-city-guide.html\,https://sa.trip.com/?locale=ar-sa,False,https://sa.trip.com/guide/attraction/forbidden-city-guide.html\,https://sa.trip.com/?locale=ar-sa,https://sa.trip.com/guide/attraction/forbidden-city-guide.html\,recon_page,2026-05-02T22:03:04.952689
140,1,3,0,0,0,0,1,0,11,0,com,404,4,17029,254.247,0,0,10,0,unknown,0,html,0,0,0,0,0,0,0,0,0,0,0,0,1,1,0,0,1,1,0,0,0,0,0,0,0,0,0,0,1,1,1,0,0,1,19,17,2,1,10,1,2,1,2,1,1,8,1,0,0,0,0,0,0,0,0,0,0,1,0,0,0,0,0,0,0,0,0,0,0,0,0,0,0.0,0.0,0.0,0,0,0,0,0,0,0,0,0,0,0,0,17,10,0,0,0,0,0,0,0,0.0,5.872335427799636e-05,0.0,0.05872335427799636,0,,multi_full_20260502_195405_0002,2026-05-02T22:03:31.493795,https://sa.trip.com/guide/airline-tickets/%D8%AA%D8%B0%D8%A7%D9%83%D8%B1-%D8%B7%D9%8A%D8%B1%D8%A7%D9%86-%D8%B1%D8%AE%D9%8A%D8%B5%D8%A9.html\,https://sa.trip.com/?locale=ar-sa,False,https://sa.trip.com/guide/airline-tickets/%D8%AA%D8%B0%D8%A7%D9%83%D8%B1-%D8%B7%D9%8A%D8%B1%D8%A7%D9%86-%D8%B1%D8%AE%D9%8A%D8%B5%D8%A9.html\,https://sa.trip.com/?locale=ar-sa,https://sa.trip.com/guide/airline-tickets/%D8%AA%D8%B0%D8%A7%D9%83%D8%B1-%D8%B7%D9%8A%D8%B1%D8%A7%D9%86-%D8%B1%D8%AE%D9%8A%D8%B5%D8%A9.html\,recon_page,2026-05-02T22:03:31.498162
56,1,4,0,0,0,0,1,0,11,0,com,404,4,17029,401.002,0,0,11,0,unknown,0,html,0,0,0,0,0,0,0,0,0,0,0,0,1,1,0,0,1,1,0,0,0,0,0,0,0,0,0,0,1,1,1,0,0,1,19,17,2,1,10,1,2,1,2,1,1,8,1,0,0,0,0,0,0,0,0,0,0,1,0,0,0,0,0,0,0,0,0,0,0,0,0,0,0.0,0.0,0.0,0,0,0,0,0,0,0,0,0,0,0,0,17,10,0,0,0,0,0,0,0,0.0,5.872335427799636e-05,0.0,0.05872335427799636,0,,multi_full_20260502_195405_0002,2026-05-02T22:03:54.850967,https://sa.trip.com/flights/to-hong-kong/airfares-hkg/\/,https://sa.trip.com/?locale=ar-sa,False,https://sa.trip.com/flights/to-hong-kong/airfares-hkg/\/,https://sa.trip.com/?locale=ar-sa,https://sa.trip.com/flights/to-hong-kong/airfares-hkg/\/,recon_page,2026-05-02T22:03:54.854073
139,1,3,0,0,0,0,1,0,11,0,com,200,2,179475,439.58599999999996,0,0,15,0,unknown,0,html,1,8,0,0,0,0,0,0,0,0,0,0,1,2,0,0,1,2,0,0,0,0,1,3,0,0,0,0,1,14,10,0,4,1,54,38,16,1,8,1,10,1,16,1,0,0,1,0,0,0,0,0,0,0,0,0,1,1,0,0,0,0,0,0,0,0,0,0,0,0,0,0,0.0,1.0,0.0,0,0,0,0,0,0,0,0,0,0,0,0,57,3,0,0,0,0,0,0,0,0.0,7.800529321632539e-05,0.0,0.027859033291544783,0,,multi_full_20260502_195405_0002,2026-05-02T22:04:15.941979,https://sa.trip.com/guide/airline-tickets/%D8%AA%D8%B0%D8%A7%D9%83%D8%B1-%D8%B7%D9%8A%D8%B1%D8%A7%D9%86-%D8%B1%D8%AE%D9%8A%D8%B5%D8%A9.html,https://sa.trip.com/?locale=ar-sa,False,https://sa.trip.com/guide/airline-tickets/%D8%AA%D8%B0%D8%A7%D9%83%D8%B1-%D8%B7%D9%8A%D8%B1%D8%A7%D9%86-%D8%B1%D8%AE%D9%8A%D8%B5%D8%A9.html,https://sa.trip.com/?locale=ar-sa,https://sa.trip.com/guide/airline-tickets/%D8%AA%D8%B0%D8%A7%D9%83%D8%B1-%D8%B7%D9%8A%D8%B1%D8%A7%D9%86-%D8%B1%D8%AE%D9%8A%D8%B5%D8%A9.html,recon_page,2026-05-02T22:04:15.952609
54,1,4,0,0,0,0,1,0,11,0,com,404,4,17029,457.28799999999995,0,0,10,0,unknown,0,html,0,0,0,0,0,0,0,0,0,0,0,0,1,1,0,0,1,1,0,0,0,0,0,0,0,0,0,0,1,1,1,0,0,1,19,17,2,1,10,1,2,1,2,1,1,8,1,0,0,0,0,0,0,0,0,0,0,1,0,0,0,0,0,0,0,0,0,0,0,0,0,0,0.0,0.0,0.0,0,0,0,0,0,0,0,0,0,0,0,0,17,10,0,0,0,0,0,0,0,0.0,5.872335427799636e-05,0.0,0.05872335427799636,0,,multi_full_20260502_195405_0002,2026-05-02T22:04:36.998308,https://sa.trip.com/flights/to-xi-an/airfares-sia/\\\/,https://sa.trip.com/?locale=ar-sa,False,https://sa.trip.com/flights/to-xi-an/airfares-sia/\\\/,https://sa.trip.com/?locale=ar-sa,https://sa.trip.com/flights/to-xi-an/airfares-sia/\\\/,recon_page,2026-05-02T22:04:37.002996
52,1,4,0,0,0,0,1,0,11,0,com,404,4,17029,285.371,0,0,10,0,unknown,0,html,0,0,0,0,0,0,0,0,0,0,0,0,1,1,0,0,1,1,0,0,0,0,0,0,0,0,0,0,1,1,1,0,0,1,19,17,2,1,10,1,2,1,2,1,1,8,1,0,0,0,0,0,0,0,0,0,0,1,0,0,0,0,0,0,0,0,0,0,0,0,0,0,0.0,0.0,0.0,0,0,0,0,0,0,0,0,0,0,0,0,17,10,0,0,0,0,0,0,0,0.0,5.872335427799636e-05,0.0,0.05872335427799636,0,,multi_full_20260502_195405_0002,2026-05-02T22:05:00.410283,https://sa.trip.com/flights/to-xi-an/airfares-sia/\/,https://sa.trip.com/?locale=ar-sa,False,https://sa.trip.com/flights/to-xi-an/airfares-sia/\/,https://sa.trip.com/?locale=ar-sa,https://sa.trip.com/flights/to-xi-an/airfares-sia/\/,recon_page,2026-05-02T22:05:00.415425
240,1,3,1,12,0,0,1,0,11,0,com,200,2,287045,353.903,0,0,21,0,unknown,0,html,1,10,0,1,2,0,0,0,0,1,1,2,1,6,0,0,1,2,0,0,0,0,0,0,0,0,0,0,1,56,34,0,22,1,100,49,51,1,3,1,24,1,11,1,1,4,1,0,0,0,0,0,0,0,0,0,0,1,0,0,0,0,0,0,1,0,0,0,0,0,0,0,0.0,1.0,0.0,0,0,0,1,1,0,0,0,0,2,0,2,90,18,1,0,0,0,0,0,0,3.0,0.00019509136198157082,0.25,0.02787019456879583,0,,multi_full_20260502_195405_0002,2026-05-02T22:05:20.547884,https://sa.trip.com/flights/riyadh-to-shanghai/tickets-ruh-sha/?dairportcode=ruh&aairportcode=pvg&ddate=2026-05-30&rdate=&airline=ai&flighttype=s&recentviewflt=ai2244|ai352&recentviewprice=1207&curr=sar&sort=price&from=seo&traceid=undefined,https://sa.trip.com/?locale=ar-sa,False,https://sa.trip.com/flights/riyadh-to-shanghai/tickets-ruh-sha/?dairportcode=ruh&aairportcode=pvg&ddate=2026-05-30&rdate=&airline=ai&flighttype=s&recentviewflt=ai2244|ai352&recentviewprice=1207&curr=sar&sort=price&from=seo&traceid=undefined,https://sa.trip.com/?locale=ar-sa,https://sa.trip.com/flights/riyadh-to-shanghai/tickets-ruh-sha/?dairportcode=ruh&aairportcode=pvg&ddate=2026-05-30&rdate=&airline=ai&flighttype=s&recentviewflt=ai2244|ai352&recentviewprice=1207&curr=sar&sort=price&from=seo&traceid=undefined,recon_page,2026-05-02T22:05:20.551504
134,1,3,1,5,0,0,1,0,11,0,com,200,2,286329,523.573,0,0,22,0,unknown,0,html,1,10,0,1,2,0,0,0,0,1,1,2,1,6,0,0,1,2,0,0,0,0,0,0,0,0,0,0,1,56,34,0,22,1,100,49,51,1,3,1,24,1,11,1,1,4,1,0,0,0,0,0,0,0,0,0,0,1,0,0,0,0,0,0,1,0,0,0,0,0,0,0,0.0,1.0,0.0,0,0,0,1,1,0,0,0,0,2,0,2,90,18,1,0,0,0,0,0,0,3.0,0.00019557921132683034,0.25,0.02793988733240433,0,,multi_full_20260502_195405_0002,2026-05-02T22:05:38.740456,https://sa.trip.com/flights/Riyadh-to-Guangzhou/tickets-RUH-CAN/?sorttype=&ddate=2026-05-19&adate=2026-05-21&currency=SAR&flighttype=d,https://sa.trip.com/?locale=ar-sa,False,https://sa.trip.com/flights/Riyadh-to-Guangzhou/tickets-RUH-CAN/?sorttype=&ddate=2026-05-19&adate=2026-05-21&currency=SAR&flighttype=d,https://sa.trip.com/?locale=ar-sa,https://sa.trip.com/flights/Riyadh-to-Guangzhou/tickets-RUH-CAN/?sorttype=&ddate=2026-05-19&adate=2026-05-21&currency=SAR&flighttype=d,recon_page,2026-05-02T22:05:38.744365
53,1,3,0,0,0,0,1,0,11,0,com,200,2,204669,632.316,0,0,17,0,unknown,0,html,1,8,0,0,0,0,0,0,0,0,0,0,1,3,0,0,1,2,0,0,0,0,0,0,0,0,1,1,1,42,31,0,11,1,120,102,18,1,52,1,12,1,9,1,0,0,1,0,0,0,0,0,0,0,0,0,1,1,0,0,0,0,0,0,0,0,0,0,0,0,0,0,0.0,1.0,0.0,0,0,0,0,0,0,0,0,0,0,0,0,120,0,0,41,0,0,0,0,0,0.0,0.00020520938686366768,0.0,0.014657813347404833,0,,multi_full_20260502_195405_0002,2026-05-02T22:05:58.220998,https://sa.trip.com/flights/to-shanghai/airfares-sha/,https://sa.trip.com/?locale=ar-sa,False,https://sa.trip.com/flights/to-shanghai/airfares-sha/,https://sa.trip.com/?locale=ar-sa,https://sa.trip.com/flights/to-shanghai/airfares-sha/,recon_page,2026-05-02T22:05:58.235017
60,1,3,0,0,0,0,1,0,11,0,com,200,2,278430,418.748,0,0,15,0,unknown,0,html,1,8,0,0,0,0,0,0,0,0,0,0,1,2,0,0,1,2,0,0,0,0,1,2,0,0,0,0,1,15,11,0,4,1,67,50,17,1,10,1,10,1,17,1,0,0,1,0,0,0,0,0,0,0,0,0,1,1,0,0,0,0,0,0,0,0,0,0,0,0,0,0,0.0,1.0,0.0,0,0,0,0,0,0,0,0,0,0,0,0,68,4,0,0,0,0,0,0,0,0.0,5.3873505010235965e-05,0.0,0.01436626800272959,0,,multi_full_20260502_195405_0002,2026-05-02T22:06:19.630831,https://sa.trip.com/guide/destination/xian-travel-guide.html,https://sa.trip.com/?locale=ar-sa,False,https://sa.trip.com/guide/destination/xian-travel-guide.html,https://sa.trip.com/?locale=ar-sa,https://sa.trip.com/guide/destination/xian-travel-guide.html,recon_page,2026-05-02T22:06:19.644635
55,1,3,0,0,0,0,1,0,11,0,com,200,2,188351,444.014,0,0,15,0,unknown,0,html,1,8,0,0,0,0,0,0,0,0,0,0,1,2,0,0,1,2,0,0,0,0,1,2,0,0,0,0,1,15,11,0,4,1,54,38,16,1,12,1,10,1,16,1,0,0,1,0,0,0,0,0,0,0,0,0,1,1,0,0,0,0,0,0,0,0,0,0,0,0,0,0,0.0,1.0,0.0,0,0,0,0,0,0,0,0,0,0,0,0,51,2,0,0,0,0,0,0,0,0.0,7.963854718052997e-05,0.0,0.02123694591480799,0,,multi_full_20260502_195405_0002,2026-05-02T22:06:48.431716,https://sa.trip.com/guide/food/china-cuisine-guide.html,https://sa.trip.com/?locale=ar-sa,False,https://sa.trip.com/guide/food/china-cuisine-guide.html,https://sa.trip.com/?locale=ar-sa,https://sa.trip.com/guide/food/china-cuisine-guide.html,recon_page,2026-05-02T22:06:48.434712
134,1,3,1,5,0,0,1,0,11,0,com,200,2,286306,445.76500000000004,0,0,22,0,unknown,0,html,1,10,0,1,2,0,0,0,0,1,1,2,1,6,0,0,1,2,0,0,0,0,0,0,0,0,0,0,1,56,34,0,22,1,100,49,51,1,3,1,24,1,11,1,1,4,1,0,0,0,0,0,0,0,0,0,0,1,0,0,0,0,0,0,1,0,0,0,0,0,0,0,0.0,1.0,0.0,0,0,0,1,1,0,0,0,0,2,0,2,90,18,1,0,0,0,0,0,0,3.0,0.00019559492291464377,0.25,0.027942131844949113,0,,multi_full_20260502_195405_0002,2026-05-02T22:07:23.730762,https://sa.trip.com/flights/Riyadh-to-Guangzhou/tickets-RUH-CAN/?sorttype=&ddate=2026-05-18&adate=2026-05-19&currency=SAR&flighttype=d,https://sa.trip.com/?locale=ar-sa,False,https://sa.trip.com/flights/Riyadh-to-Guangzhou/tickets-RUH-CAN/?sorttype=&ddate=2026-05-18&adate=2026-05-19&currency=SAR&flighttype=d,https://sa.trip.com/?locale=ar-sa,https://sa.trip.com/flights/Riyadh-to-Guangzhou/tickets-RUH-CAN/?sorttype=&ddate=2026-05-18&adate=2026-05-19&currency=SAR&flighttype=d,recon_page,2026-05-02T22:07:23.733990
59,1,3,0,0,0,0,1,0,11,0,com,200,2,214482,447.383,0,0,15,0,unknown,0,html,1,8,0,0,0,0,0,0,0,0,0,0,1,2,0,0,1,2,0,0,0,0,1,2,0,0,0,0,1,15,11,0,4,1,50,32,18,1,14,1,10,1,16,1,0,0,1,0,0,0,0,0,0,0,0,0,1,1,0,0,0,0,0,0,0,0,0,0,0,0,0,0,0.0,1.0,0.0,0,0,0,0,0,0,0,0,0,0,0,0,49,3,0,0,0,0,0,0,0,0.0,6.993593868016897e-05,0.0,0.018649583648045056,0,,multi_full_20260502_195405_0002,2026-05-02T22:08:03.215232,https://sa.trip.com/guide/phone/best-china-travel-apps.html,https://sa.trip.com/?locale=ar-sa,False,https://sa.trip.com/guide/phone/best-china-travel-apps.html,https://sa.trip.com/?locale=ar-sa,https://sa.trip.com/guide/phone/best-china-travel-apps.html,recon_page,2026-05-02T22:08:03.218556
54,1,3,0,0,0,0,1,0,11,0,com,404,4,17029,250.79800000000003,0,0,11,0,unknown,0,html,0,0,0,0,0,0,0,0,0,0,0,0,1,1,0,0,1,1,0,0,0,0,0,0,0,0,0,0,1,1,1,0,0,1,19,17,2,1,10,1,2,1,2,1,1,8,1,0,0,0,0,0,0,0,0,0,0,1,0,0,0,0,0,0,0,0,0,0,0,0,0,0,0.0,0.0,0.0,0,0,0,0,0,0,0,0,0,0,0,0,17,10,0,0,0,0,0,0,0,0.0,5.872335427799636e-05,0.0,0.05872335427799636,0,,multi_full_20260502_195405_0002,2026-05-02T22:08:25.602099,https://sa.trip.com/hotels/hong-kong-hotels-list-58/\/,https://sa.trip.com/?locale=ar-sa,False,https://sa.trip.com/hotels/hong-kong-hotels-list-58/\/,https://sa.trip.com/?locale=ar-sa,https://sa.trip.com/hotels/hong-kong-hotels-list-58/\/,recon_page,2026-05-02T22:08:25.605194
65,1,3,0,0,0,0,1,0,11,0,com,404,4,17029,293.66999999999996,0,0,10,0,unknown,0,html,0,0,0,0,0,0,0,0,0,0,0,0,1,1,0,0,1,1,0,0,0,0,0,0,0,0,0,0,1,1,1,0,0,1,19,17,2,1,10,1,2,1,2,1,1,8,1,0,0,0,0,0,0,0,0,0,0,1,0,0,0,0,0,0,0,0,0,0,0,0,0,0,0.0,0.0,0.0,0,0,0,0,0,0,0,0,0,0,0,0,17,10,0,0,0,0,0,0,0,0.0,5.872335427799636e-05,0.0,0.05872335427799636,0,,multi_full_20260502_195405_0002,2026-05-02T22:08:43.736233,https://sa.trip.com/guide/destination/shanghai-travel-guide.html\,https://sa.trip.com/?locale=ar-sa,False,https://sa.trip.com/guide/destination/shanghai-travel-guide.html\,https://sa.trip.com/?locale=ar-sa,https://sa.trip.com/guide/destination/shanghai-travel-guide.html\,recon_page,2026-05-02T22:08:43.739583
55,1,4,0,0,0,0,1,0,11,0,com,404,4,17029,499.591,0,0,11,0,unknown,0,html,0,0,0,0,0,0,0,0,0,0,0,0,1,1,0,0,1,1,0,0,0,0,0,0,0,0,0,0,1,1,1,0,0,1,19,17,2,1,10,1,2,1,2,1,1,8,1,0,0,0,0,0,0,0,0,0,0,1,0,0,0,0,0,0,0,0,0,0,0,0,0,0,0.0,0.0,0.0,0,0,0,0,0,0,0,0,0,0,0,0,17,10,0,0,0,0,0,0,0,0.0,5.872335427799636e-05,0.0,0.05872335427799636,0,,multi_full_20260502_195405_0002,2026-05-02T22:09:25.722304,https://sa.trip.com/flights/to-shanghai/airfares-sha/\/,https://sa.trip.com/?locale=ar-sa,False,https://sa.trip.com/flights/to-shanghai/airfares-sha/\/,https://sa.trip.com/?locale=ar-sa,https://sa.trip.com/flights/to-shanghai/airfares-sha/\/,recon_page,2026-05-02T22:09:25.727877
133,1,3,1,5,0,0,1,0,11,0,com,200,2,286089,473.462,0,0,22,0,unknown,0,html,1,10,0,1,2,0,0,0,0,1,1,2,1,6,0,0,1,2,0,0,0,0,0,0,0,0,0,0,1,56,34,0,22,1,100,49,51,1,3,1,24,1,11,1,1,4,1,0,0,0,0,0,0,0,0,0,0,1,0,0,0,0,0,0,1,0,0,0,0,0,0,0,0.0,1.0,0.0,0,0,0,1,1,0,0,0,0,2,0,2,90,18,1,0,0,0,0,0,0,3.0,0.00019574328268475894,0.25,0.027963326097822705,0,,multi_full_20260502_195405_0002,2026-05-02T22:09:54.591820,https://sa.trip.com/flights/Jeddah-to-Shanghai/tickets-JED-SHA/?sorttype=&ddate=2026-06-01&adate=2026-06-02&currency=SAR&flighttype=d,https://sa.trip.com/?locale=ar-sa,False,https://sa.trip.com/flights/Jeddah-to-Shanghai/tickets-JED-SHA/?sorttype=&ddate=2026-06-01&adate=2026-06-02&currency=SAR&flighttype=d,https://sa.trip.com/?locale=ar-sa,https://sa.trip.com/flights/Jeddah-to-Shanghai/tickets-JED-SHA/?sorttype=&ddate=2026-06-01&adate=2026-06-02&currency=SAR&flighttype=d,recon_page,2026-05-02T22:09:54.596873
133,1,3,1,5,0,0,1,0,11,0,com,200,2,286057,616.7080000000001,0,0,21,0,unknown,0,html,1,10,0,1,2,0,0,0,0,1,1,2,1,6,0,0,1,2,0,0,0,0,0,0,0,0,0,0,1,56,34,0,22,1,100,49,51,1,3,1,24,1,11,1,1,4,1,0,0,0,0,0,0,0,0,0,0,1,0,0,0,0,0,0,1,0,0,0,0,0,0,0,0.0,1.0,0.0,0,0,0,1,1,0,0,0,0,2,0,2,90,18,1,0,0,0,0,0,0,3.0,0.00019576517966698944,0.25,0.02796645423814135,0,,multi_full_20260502_195405_0002,2026-05-02T22:10:15.457189,https://sa.trip.com/flights/Jeddah-to-Shanghai/tickets-JED-SHA/?sorttype=&ddate=2026-05-10&adate=2026-05-12&currency=SAR&flighttype=d,https://sa.trip.com/?locale=ar-sa,False,https://sa.trip.com/flights/Jeddah-to-Shanghai/tickets-JED-SHA/?sorttype=&ddate=2026-05-10&adate=2026-05-12&currency=SAR&flighttype=d,https://sa.trip.com/?locale=ar-sa,https://sa.trip.com/flights/Jeddah-to-Shanghai/tickets-JED-SHA/?sorttype=&ddate=2026-05-10&adate=2026-05-12&currency=SAR&flighttype=d,recon_page,2026-05-02T22:10:15.461293
133,1,3,1,5,0,0,1,0,11,0,com,200,2,286072,453.884,0,0,22,0,unknown,0,html,1,10,0,1,2,0,0,0,0,1,1,2,1,6,0,0,1,2,0,0,0,0,0,0,0,0,0,0,1,56,34,0,22,1,100,49,51,1,3,1,24,1,11,1,1,4,1,0,0,0,0,0,0,0,0,0,0,1,0,0,0,0,0,0,1,0,0,0,0,0,0,0,0.0,1.0,0.0,0,0,0,1,1,0,0,0,0,2,0,2,90,18,1,0,0,0,0,0,0,3.0,0.00019575491484661204,0.25,0.02796498783523029,0,,multi_full_20260502_195405_0002,2026-05-02T22:10:40.992349,https://sa.trip.com/flights/Jeddah-to-Shanghai/tickets-JED-SHA/?sorttype=&ddate=2026-05-18&adate=2026-05-19&currency=SAR&flighttype=d,https://sa.trip.com/?locale=ar-sa,False,https://sa.trip.com/flights/Jeddah-to-Shanghai/tickets-JED-SHA/?sorttype=&ddate=2026-05-18&adate=2026-05-19&currency=SAR&flighttype=d,https://sa.trip.com/?locale=ar-sa,https://sa.trip.com/flights/Jeddah-to-Shanghai/tickets-JED-SHA/?sorttype=&ddate=2026-05-18&adate=2026-05-19&currency=SAR&flighttype=d,recon_page,2026-05-02T22:10:40.999386
52,1,2,0,0,0,0,1,0,11,0,com,200,2,801791,627.7669999999999,0,0,18,0,unknown,1,html,1,4,0,1,1,0,0,0,0,0,0,0,1,5,0,0,1,2,0,0,0,0,1,72,0,0,0,0,1,15,5,0,10,1,112,101,11,1,127,1,17,0,0,1,1,58,1,0,0,0,0,0,0,0,0,0,0,1,0,0,0,0,0,0,0,0,0,0,0,0,0,0,0.0,0.0,0.0,0,0,0,0,0,0,0,0,0,0,0,0,101,1,1,0,0,0,0,0,1,0.0,1.870811720261265e-05,0.125,0.09603500164007826,0,,multi_full_20260502_195405_0002,2026-05-02T22:11:06.151464,https://sa.trip.com/hotels/hong-kong-hotels-list-58/,https://sa.trip.com/?locale=ar-sa,False,https://sa.trip.com/hotels/hong-kong-hotels-list-58/,https://sa.trip.com/?locale=ar-sa,https://sa.trip.com/hotels/hong-kong-hotels-list-58/,recon_page,2026-05-02T22:11:06.154985
54,1,3,0,0,0,0,1,0,11,0,com,200,2,226383,559.8870000000001,0,0,15,0,unknown,0,html,1,8,0,0,0,0,0,0,0,0,0,0,1,2,0,0,1,2,0,0,0,0,1,1,0,0,0,0,1,14,10,0,4,1,73,57,16,1,6,1,10,1,15,1,0,0,1,0,0,0,0,0,0,0,0,0,1,1,0,0,0,0,0,0,0,0,0,0,0,0,0,0,0.0,1.0,0.0,0,0,0,0,0,0,0,0,0,0,0,0,76,7,0,0,0,0,0,0,0,0.0,6.18420994509305e-05,0.0,0.013251878453770821,0,,multi_full_20260502_195405_0002,2026-05-02T22:11:37.190163,https://sa.trip.com/guide/hotels-blog/xian-hotels.html,https://sa.trip.com/?locale=ar-sa,False,https://sa.trip.com/guide/hotels-blog/xian-hotels.html,https://sa.trip.com/?locale=ar-sa,https://sa.trip.com/guide/hotels-blog/xian-hotels.html,recon_page,2026-05-02T22:11:37.194790
56,1,3,0,0,0,0,1,0,11,0,com,404,4,17029,264.064,0,0,11,0,unknown,0,html,0,0,0,0,0,0,0,0,0,0,0,0,1,1,0,0,1,1,0,0,0,0,0,0,0,0,0,0,1,1,1,0,0,1,19,17,2,1,10,1,2,1,2,1,1,8,1,0,0,0,0,0,0,0,0,0,0,1,0,0,0,0,0,0,0,0,0,0,0,0,0,0,0.0,0.0,0.0,0,0,0,0,0,0,0,0,0,0,0,0,17,10,0,0,0,0,0,0,0,0.0,5.872335427799636e-05,0.0,0.05872335427799636,0,,multi_full_20260502_195405_0002,2026-05-02T22:12:12.365881,https://sa.trip.com/hotels/hong-kong-hotels-list-58/\\\/,https://sa.trip.com/?locale=ar-sa,False,https://sa.trip.com/hotels/hong-kong-hotels-list-58/\\\/,https://sa.trip.com/?locale=ar-sa,https://sa.trip.com/hotels/hong-kong-hotels-list-58/\\\/,recon_page,2026-05-02T22:12:12.370599
132,1,3,1,5,0,0,1,0,11,0,com,200,2,286123,523.259,0,0,22,0,unknown,0,html,1,10,0,1,2,0,0,0,0,1,1,2,1,6,0,0,1,2,0,0,0,0,0,0,0,0,0,0,1,56,34,0,22,1,100,49,51,1,3,1,24,1,11,1,1,4,1,0,0,0,0,0,0,0,0,0,0,1,0,0,0,0,0,0,1,0,0,0,0,0,0,0,0.0,1.0,0.0,0,0,0,1,1,0,0,0,0,2,0,2,90,18,1,0,0,0,0,0,0,3.0,0.0001957200225078026,0.25,0.027960003215400372,0,,multi_full_20260502_195405_0002,2026-05-02T22:12:51.200747,https://sa.trip.com/flights/Riyadh-to-Beijing/tickets-RUH-BJS/?sorttype=&ddate=2026-06-01&adate=2026-06-02&currency=SAR&flighttype=d,https://sa.trip.com/?locale=ar-sa,False,https://sa.trip.com/flights/Riyadh-to-Beijing/tickets-RUH-BJS/?sorttype=&ddate=2026-06-01&adate=2026-06-02&currency=SAR&flighttype=d,https://sa.trip.com/?locale=ar-sa,https://sa.trip.com/flights/Riyadh-to-Beijing/tickets-RUH-BJS/?sorttype=&ddate=2026-06-01&adate=2026-06-02&currency=SAR&flighttype=d,recon_page,2026-05-02T22:12:51.207092
59,1,3,0,0,0,0,1,0,11,0,com,200,2,168289,512.667,0,0,15,0,unknown,0,html,1,8,0,0,0,0,0,0,0,0,0,0,1,2,0,0,1,2,0,0,0,0,1,1,0,0,0,0,1,14,10,0,4,1,71,55,16,1,4,1,10,1,16,1,0,0,1,0,0,0,0,0,0,0,0,0,1,1,0,0,0,0,0,0,0,0,0,0,0,0,0,0,0.0,1.0,0.0,0,0,0,0,0,0,0,0,0,0,0,0,73,6,0,0,0,0,0,0,0,0.0,8.319022633683722e-05,0.0,0.01782647707217941,0,,multi_full_20260502_195405_0002,2026-05-02T22:13:27.163851,https://sa.trip.com/guide/hotels-blog/guangzhou-hotels.html,https://sa.trip.com/?locale=ar-sa,False,https://sa.trip.com/guide/hotels-blog/guangzhou-hotels.html,https://sa.trip.com/?locale=ar-sa,https://sa.trip.com/guide/hotels-blog/guangzhou-hotels.html,recon_page,2026-05-02T22:13:27.186630
132,1,3,1,5,0,0,1,0,11,0,com,200,2,286115,399.192,0,0,22,0,unknown,0,html,1,10,0,1,2,0,0,0,0,1,1,2,1,6,0,0,1,2,0,0,0,0,0,0,0,0,0,0,1,56,34,0,22,1,100,49,51,1,3,1,24,1,11,1,1,4,1,0,0,0,0,0,0,0,0,0,0,1,0,0,0,0,0,0,1,0,0,0,0,0,0,0,0.0,1.0,0.0,0,0,0,1,1,0,0,0,0,2,0,2,90,18,1,0,0,0,0,0,0,3.0,0.00019572549499327193,0.25,0.027960784999038847,0,,multi_full_20260502_195405_0002,2026-05-02T22:13:49.540834,https://sa.trip.com/flights/Riyadh-to-Beijing/tickets-RUH-BJS/?sorttype=&ddate=2026-05-13&adate=2026-05-14&currency=SAR&flighttype=d,https://sa.trip.com/?locale=ar-sa,False,https://sa.trip.com/flights/Riyadh-to-Beijing/tickets-RUH-BJS/?sorttype=&ddate=2026-05-13&adate=2026-05-14&currency=SAR&flighttype=d,https://sa.trip.com/?locale=ar-sa,https://sa.trip.com/flights/Riyadh-to-Beijing/tickets-RUH-BJS/?sorttype=&ddate=2026-05-13&adate=2026-05-14&currency=SAR&flighttype=d,recon_page,2026-05-02T22:13:49.555069
60,1,3,0,0,0,0,1,0,11,0,com,404,4,17029,313.565,0,0,10,0,unknown,0,html,0,0,0,0,0,0,0,0,0,0,0,0,1,1,0,0,1,1,0,0,0,0,0,0,0,0,0,0,1,1,1,0,0,1,19,17,2,1,10,1,2,1,2,1,1,8,1,0,0,0,0,0,0,0,0,0,0,1,0,0,0,0,0,0,0,0,0,0,0,0,0,0,0.0,0.0,0.0,0,0,0,0,0,0,0,0,0,0,0,0,17,10,0,0,0,0,0,0,0,0.0,5.872335427799636e-05,0.0,0.05872335427799636,0,,multi_full_20260502_195405_0002,2026-05-02T22:14:14.723349,https://sa.trip.com/guide/hotels-blog/beijing-hotels.html\\\,https://sa.trip.com/?locale=ar-sa,False,https://sa.trip.com/guide/hotels-blog/beijing-hotels.html\\\,https://sa.trip.com/?locale=ar-sa,https://sa.trip.com/guide/hotels-blog/beijing-hotels.html\\\,recon_page,2026-05-02T22:14:14.727654
68,1,3,0,0,0,0,1,0,11,0,com,404,4,17029,314.242,0,0,10,0,unknown,0,html,0,0,0,0,0,0,0,0,0,0,0,0,1,1,0,0,1,1,0,0,0,0,0,0,0,0,0,0,1,1,1,0,0,1,19,17,2,1,10,1,2,1,2,1,1,8,1,0,0,0,0,0,0,0,0,0,0,1,0,0,0,0,0,0,0,0,0,0,0,0,0,0,0.0,0.0,0.0,0,0,0,0,0,0,0,0,0,0,0,0,17,10,0,0,0,0,0,0,0,0.0,5.872335427799636e-05,0.0,0.05872335427799636,0,,multi_full_20260502_195405_0002,2026-05-02T22:14:39.263560,https://sa.trip.com/guide/transport/china-transportation-guide.html\,https://sa.trip.com/?locale=ar-sa,False,https://sa.trip.com/guide/transport/china-transportation-guide.html\,https://sa.trip.com/?locale=ar-sa,https://sa.trip.com/guide/transport/china-transportation-guide.html\,recon_page,2026-05-02T22:14:39.272160
61,1,3,0,0,0,0,1,0,11,0,com,404,4,17029,381.122,0,0,11,0,unknown,0,html,0,0,0,0,0,0,0,0,0,0,0,0,1,1,0,0,1,1,0,0,0,0,0,0,0,0,0,0,1,1,1,0,0,1,19,17,2,1,10,1,2,1,2,1,1,8,1,0,0,0,0,0,0,0,0,0,0,1,0,0,0,0,0,0,0,0,0,0,0,0,0,0,0.0,0.0,0.0,0,0,0,0,0,0,0,0,0,0,0,0,17,10,0,0,0,0,0,0,0,0.0,5.872335427799636e-05,0.0,0.05872335427799636,0,,multi_full_20260502_195405_0002,2026-05-02T22:15:07.312268,https://sa.trip.com/guide/hotels-blog/shanghai-hotels.html\\\,https://sa.trip.com/?locale=ar-sa,False,https://sa.trip.com/guide/hotels-blog/shanghai-hotels.html\\\,https://sa.trip.com/?locale=ar-sa,https://sa.trip.com/guide/hotels-blog/shanghai-hotels.html\\\,recon_page,2026-05-02T22:15:07.531225
60,1,3,0,0,0,0,1,0,11,0,com,404,4,17029,284.39599999999996,0,0,10,0,unknown,0,html,0,0,0,0,0,0,0,0,0,0,0,0,1,1,0,0,1,1,0,0,0,0,0,0,0,0,0,0,1,1,1,0,0,1,19,17,2,1,10,1,2,1,2,1,1,8,1,0,0,0,0,0,0,0,0,0,0,1,0,0,0,0,0,0,0,0,0,0,0,0,0,0,0.0,0.0,0.0,0,0,0,0,0,0,0,0,0,0,0,0,17,10,0,0,0,0,0,0,0,0.0,5.872335427799636e-05,0.0,0.05872335427799636,0,,multi_full_20260502_195405_0002,2026-05-02T22:15:36.742260,https://sa.trip.com/guide/phone/best-china-travel-apps.html\,https://sa.trip.com/?locale=ar-sa,False,https://sa.trip.com/guide/phone/best-china-travel-apps.html\,https://sa.trip.com/?locale=ar-sa,https://sa.trip.com/guide/phone/best-china-travel-apps.html\,recon_page,2026-05-02T22:15:36.756204
45,1,1,0,0,0,0,1,0,11,0,com,404,4,17029,331.04699999999997,0,0,10,0,unknown,0,html,0,0,0,0,0,0,0,0,0,0,0,0,1,1,0,0,1,1,0,0,0,0,0,0,0,0,0,0,1,1,1,0,0,1,19,17,2,1,10,1,2,1,2,1,1,8,1,0,0,0,0,0,0,0,0,0,0,1,0,0,0,0,0,0,0,0,0,0,0,0,0,0,0.0,0.0,0.0,0,0,0,0,0,0,0,0,0,0,0,0,17,10,0,0,0,0,0,0,0,0.0,5.872335427799636e-05,0.0,0.05872335427799636,0,,multi_full_20260502_195405_0002,2026-05-02T22:16:01.108586,https://sa.trip.com/Date(1777740846269+0800)/,https://sa.trip.com/?locale=ar-sa,False,https://sa.trip.com/Date(1777740846269+0800)/,https://sa.trip.com/?locale=ar-sa,https://sa.trip.com/Date(1777740846269+0800)/,recon_page,2026-05-02T22:16:01.117857
45,1,1,0,0,0,0,1,0,11,0,com,404,4,17029,338.69100000000003,0,0,10,0,unknown,0,html,0,0,0,0,0,0,0,0,0,0,0,0,1,1,0,0,1,1,0,0,0,0,0,0,0,0,0,0,1,1,1,0,0,1,19,17,2,1,10,1,2,1,2,1,1,8,1,0,0,0,0,0,0,0,0,0,0,1,0,0,0,0,0,0,0,0,0,0,0,0,0,0,0.0,0.0,0.0,0,0,0,0,0,0,0,0,0,0,0,0,17,10,0,0,0,0,0,0,0,0.0,5.872335427799636e-05,0.0,0.05872335427799636,0,,multi_full_20260502_195405_0002,2026-05-02T22:16:15.974455,https://sa.trip.com/Date(1777740846247+0800)/,https://sa.trip.com/?locale=ar-sa,False,https://sa.trip.com/Date(1777740846247+0800)/,https://sa.trip.com/?locale=ar-sa,https://sa.trip.com/Date(1777740846247+0800)/,recon_page,2026-05-02T22:16:15.979976
237,1,3,1,12,0,0,1,0,11,0,com,200,2,286896,492.36400000000003,0,0,22,0,unknown,0,html,1,10,0,1,2,0,0,0,0,1,1,2,1,6,0,0,1,2,0,0,0,0,0,0,0,0,0,0,1,56,34,0,22,1,100,49,51,1,3,1,24,1,11,1,1,4,1,0,0,0,0,0,0,0,0,0,0,1,0,0,0,0,0,0,1,0,0,0,0,0,0,0,0.0,1.0,0.0,0,0,0,1,1,0,0,0,0,2,0,2,90,18,1,0,0,0,0,0,0,3.0,0.00019519268306285203,0.25,0.027884669008978864,0,,multi_full_20260502_195405_0002,2026-05-02T22:16:31.360552,https://sa.trip.com/flights/riyadh-to-paris/tickets-ruh-par/?dairportcode=ruh&aairportcode=ory&ddate=2026-05-31&rdate=&airline=vf&flighttype=s&recentviewflt=vf5114|to3423&recentviewprice=805&curr=sar&sort=price&from=seo&traceid=undefined,https://sa.trip.com/?locale=ar-sa,False,https://sa.trip.com/flights/riyadh-to-paris/tickets-ruh-par/?dairportcode=ruh&aairportcode=ory&ddate=2026-05-31&rdate=&airline=vf&flighttype=s&recentviewflt=vf5114|to3423&recentviewprice=805&curr=sar&sort=price&from=seo&traceid=undefined,https://sa.trip.com/?locale=ar-sa,https://sa.trip.com/flights/riyadh-to-paris/tickets-ruh-par/?dairportcode=ruh&aairportcode=ory&ddate=2026-05-31&rdate=&airline=vf&flighttype=s&recentviewflt=vf5114|to3423&recentviewprice=805&curr=sar&sort=price&from=seo&traceid=undefined,recon_page,2026-05-02T22:16:31.368628
86,1,4,0,0,0,0,1,0,11,0,com,200,2,370547,429.397,0,0,20,0,unknown,1,html,1,9,0,1,1,0,0,0,0,0,0,0,1,5,0,0,1,2,0,0,0,0,1,16,0,0,0,0,1,28,22,0,6,1,37,17,20,1,25,1,2,1,3,1,1,14,0,0,0,0,0,0,0,0,0,0,1,1,0,0,0,0,0,0,0,0,0,0,1,1,0,0,0.0,1.0,0.0,0,0,0,0,0,0,0,0,0,0,0,0,41,12,1,0,0,0,0,0,0,0.0,7.556396354578501e-05,0.125,0.05667297265933876,0,,multi_full_20260502_195405_0002,2026-05-02T22:16:48.621648,https://sa.trip.com/hotels/paris-hotel-detail-717318/htel-de-la-bourdonnais-paris/\\\/,https://sa.trip.com/?locale=ar-sa,False,https://sa.trip.com/hotels/paris-hotel-detail-717318/htel-de-la-bourdonnais-paris/\\\/,https://sa.trip.com/?locale=ar-sa,https://sa.trip.com/hotels/paris-hotel-detail-717318/htel-de-la-bourdonnais-paris/\\\/,recon_page,2026-05-02T22:16:48.629421
160,1,3,0,0,0,0,1,0,11,0,com,200,2,329020,569.3040000000001,0,0,15,0,unknown,0,html,1,8,0,0,0,0,0,0,0,0,0,0,1,2,0,0,1,2,0,0,0,0,1,3,0,0,0,0,1,15,11,0,4,1,67,50,17,1,10,1,11,1,17,1,0,0,1,0,0,0,0,0,0,0,0,0,1,1,0,0,0,0,0,0,0,0,0,0,0,0,0,0,0.0,1.0,0.0,0,0,0,0,0,0,0,0,0,0,0,0,66,2,0,0,0,0,0,0,0,0.0,4.558993374262963e-05,0.0,0.015196644580876544,0,,multi_full_20260502_195405_0002,2026-05-02T22:17:05.707641,https://sa.trip.com/guide/destination/%D8%A3%D9%85%D8%A7%D9%83%D9%86-%D8%B3%D9%8A%D8%A7%D8%AD%D9%8A%D8%A9-%D9%81%D9%8A-%D8%A7%D9%84%D8%B1%D9%8A%D8%A7%D8%B6.html,https://sa.trip.com/?locale=ar-sa,False,https://sa.trip.com/guide/destination/%D8%A3%D9%85%D8%A7%D9%83%D9%86-%D8%B3%D9%8A%D8%A7%D8%AD%D9%8A%D8%A9-%D9%81%D9%8A-%D8%A7%D9%84%D8%B1%D9%8A%D8%A7%D8%B6.html,https://sa.trip.com/?locale=ar-sa,https://sa.trip.com/guide/destination/%D8%A3%D9%85%D8%A7%D9%83%D9%86-%D8%B3%D9%8A%D8%A7%D8%AD%D9%8A%D8%A9-%D9%81%D9%8A-%D8%A7%D9%84%D8%B1%D9%8A%D8%A7%D8%B6.html,recon_page,2026-05-02T22:17:05.728644
84,1,4,0,0,0,0,1,0,11,0,com,200,2,430603,275.416,0,0,19,0,unknown,1,html,1,9,0,1,1,0,0,0,0,0,0,0,1,5,0,0,1,2,0,0,0,0,1,18,0,0,0,0,1,28,22,0,6,1,37,17,20,1,33,1,2,1,3,1,1,21,0,0,0,0,0,0,0,0,0,0,1,1,0,0,0,0,0,0,0,0,0,0,1,1,0,0,0.0,1.0,0.0,0,0,0,0,0,0,0,0,0,0,0,0,41,12,1,0,0,0,0,0,0,0.0,6.502509271881525e-05,0.125,0.053413469019026806,0,,multi_full_20260502_195405_0002,2026-05-02T22:17:21.413500,https://sa.trip.com/hotels/paris-hotel-detail-2081163/pullman-paris-tour-eiffel/\\\/,https://sa.trip.com/?locale=ar-sa,False,https://sa.trip.com/hotels/paris-hotel-detail-2081163/pullman-paris-tour-eiffel/\\\/,https://sa.trip.com/?locale=ar-sa,https://sa.trip.com/hotels/paris-hotel-detail-2081163/pullman-paris-tour-eiffel/\\\/,recon_page,2026-05-02T22:17:21.417633
82,1,4,0,0,0,0,1,0,11,0,com,200,2,430298,339.002,0,0,20,0,unknown,1,html,1,9,0,1,1,0,0,0,0,0,0,0,1,5,0,0,1,2,0,0,0,0,1,18,0,0,0,0,1,28,22,0,6,1,37,17,20,1,33,1,2,1,3,1,1,21,0,0,0,0,0,0,0,0,0,0,1,1,0,0,0,0,0,0,0,0,0,0,1,1,0,0,0.0,1.0,0.0,0,0,0,0,0,0,0,0,0,0,0,0,41,12,1,0,0,0,0,0,0,0.0,6.507118322650814e-05,0.125,0.0534513290789174,0,,multi_full_20260502_195405_0002,2026-05-02T22:17:39.405723,https://sa.trip.com/hotels/paris-hotel-detail-2081163/pullman-paris-tour-eiffel/\/,https://sa.trip.com/?locale=ar-sa,False,https://sa.trip.com/hotels/paris-hotel-detail-2081163/pullman-paris-tour-eiffel/\/,https://sa.trip.com/?locale=ar-sa,https://sa.trip.com/hotels/paris-hotel-detail-2081163/pullman-paris-tour-eiffel/\/,recon_page,2026-05-02T22:17:39.410455
82,1,3,0,0,0,0,1,0,11,0,com,200,2,370257,321.83099999999996,0,0,19,0,unknown,1,html,1,9,0,1,1,0,0,0,0,0,0,0,1,5,0,0,1,2,0,0,0,0,1,16,0,0,0,0,1,28,22,0,6,1,37,17,20,1,25,1,2,1,3,1,1,14,0,0,0,0,0,0,0,0,0,0,1,1,0,0,0,0,0,0,0,0,0,0,1,1,0,0,0.0,1.0,0.0,0,0,0,0,0,0,0,0,0,0,0,0,41,12,1,0,0,0,0,0,0,0.0,7.5623148245678e-05,0.125,0.0567173611842585,0,,multi_full_20260502_195405_0002,2026-05-02T22:18:04.642742,https://sa.trip.com/hotels/paris-hotel-detail-717318/htel-de-la-bourdonnais-paris/,https://sa.trip.com/?locale=ar-sa,False,https://sa.trip.com/hotels/paris-hotel-detail-717318/htel-de-la-bourdonnais-paris/,https://sa.trip.com/?locale=ar-sa,https://sa.trip.com/hotels/paris-hotel-detail-717318/htel-de-la-bourdonnais-paris/,recon_page,2026-05-02T22:18:04.646040
80,1,4,0,0,0,0,1,0,11,0,com,200,2,424949,374.681,0,0,20,0,unknown,1,html,1,9,0,1,1,0,0,0,0,0,0,0,1,5,0,0,1,2,0,0,0,0,1,11,0,0,0,0,1,28,22,0,6,1,37,17,20,1,33,1,2,1,3,1,1,21,0,0,0,0,0,0,0,0,0,0,1,1,0,0,0,0,0,0,0,0,0,0,1,1,0,0,0.0,1.0,0.0,0,0,0,0,0,0,0,0,0,0,0,0,41,12,1,0,0,0,0,0,0,0.0,6.589025977234915e-05,0.125,0.03765157701277094,0,,multi_full_20260502_195405_0002,2026-05-02T22:18:36.335103,https://sa.trip.com/hotels/paris-hotel-detail-730333/shangri-la-hotel-paris/\\\/,https://sa.trip.com/?locale=ar-sa,False,https://sa.trip.com/hotels/paris-hotel-detail-730333/shangri-la-hotel-paris/\\\/,https://sa.trip.com/?locale=ar-sa,https://sa.trip.com/hotels/paris-hotel-detail-730333/shangri-la-hotel-paris/\\\/,recon_page,2026-05-02T22:18:36.342488
221,1,3,0,0,0,0,1,0,11,0,com,200,2,247969,469.888,0,0,16,0,unknown,0,html,1,8,0,0,0,0,0,0,0,0,0,0,1,2,0,0,1,2,0,0,0,0,1,2,0,0,0,0,1,14,10,0,4,1,68,51,17,1,11,1,10,1,17,1,0,0,1,0,0,0,0,0,0,0,0,0,1,1,0,0,0,0,0,0,0,0,0,0,0,0,0,0,0.0,1.0,0.0,0,0,0,0,0,0,0,0,0,0,0,0,66,2,0,0,0,0,0,0,0,0.0,5.645867023700543e-05,0.0,0.01613104863914441,0,,multi_full_20260502_195405_0002,2026-05-02T22:18:49.603814,https://sa.trip.com/guide/destination/%D8%A3%D9%81%D8%B6%D9%84-%D8%A7%D9%84%D8%A7%D9%85%D8%A7%D9%83%D9%86-%D8%A7%D9%84%D8%B3%D9%8A%D8%A7%D8%AD%D9%8A%D8%A9-%D9%81%D9%8A-%D8%A7%D9%84%D8%B3%D8%B9%D9%88%D8%AF%D9%8A%D8%A9.html,https://sa.trip.com/?locale=ar-sa,False,https://sa.trip.com/guide/destination/%D8%A3%D9%81%D8%B6%D9%84-%D8%A7%D9%84%D8%A7%D9%85%D8%A7%D9%83%D9%86-%D8%A7%D9%84%D8%B3%D9%8A%D8%A7%D8%AD%D9%8A%D8%A9-%D9%81%D9%8A-%D8%A7%D9%84%D8%B3%D8%B9%D9%88%D8%AF%D9%8A%D8%A9.html,https://sa.trip.com/?locale=ar-sa,https://sa.trip.com/guide/destination/%D8%A3%D9%81%D8%B6%D9%84-%D8%A7%D9%84%D8%A7%D9%85%D8%A7%D9%83%D9%86-%D8%A7%D9%84%D8%B3%D9%8A%D8%A7%D8%AD%D9%8A%D8%A9-%D9%81%D9%8A-%D8%A7%D9%84%D8%B3%D8%B9%D9%88%D8%AF%D9%8A%D8%A9.html,recon_page,2026-05-02T22:18:49.607902
66,1,3,0,0,0,0,1,0,11,0,com,200,2,576835,851.754,0,0,18,0,unknown,1,html,1,4,0,1,1,0,0,0,0,0,0,0,1,5,0,0,1,2,0,0,0,0,1,6,0,0,0,0,1,21,11,0,10,1,102,91,11,1,43,1,17,0,0,1,1,25,1,0,0,0,0,0,0,0,0,0,0,1,0,0,0,0,0,0,0,0,0,0,0,0,0,0,0.0,0.0,0.0,0,0,0,0,0,0,0,0,0,0,0,0,86,1,1,0,0,0,0,0,1,0.0,3.640555791517505e-05,0.125,0.019069577955567883,0,,multi_full_20260502_195405_0002,2026-05-02T22:19:02.972328,https://sa.trip.com/hotels/paris-eiffel-tower/hotels-c192m6789724/,https://sa.trip.com/?locale=ar-sa,False,https://sa.trip.com/hotels/paris-eiffel-tower/hotels-c192m6789724/,https://sa.trip.com/?locale=ar-sa,https://sa.trip.com/hotels/paris-eiffel-tower/hotels-c192m6789724/,recon_page,2026-05-02T22:19:02.976448
78,1,4,0,0,0,0,1,0,11,0,com,200,2,425299,289.33,0,0,19,0,unknown,1,html,1,9,0,1,1,0,0,0,0,0,0,0,1,5,0,0,1,2,0,0,0,0,1,11,0,0,0,0,1,28,22,0,6,1,37,17,20,1,33,1,2,1,3,1,1,21,0,0,0,0,0,0,0,0,0,0,1,1,0,0,0,0,0,0,0,0,0,0,1,1,0,0,0.0,1.0,0.0,0,0,0,0,0,0,0,0,0,0,0,0,41,12,1,0,0,0,0,0,0,0.0,6.583603535395098e-05,0.125,0.037620591630829134,0,,multi_full_20260502_195405_0002,2026-05-02T22:19:18.719992,https://sa.trip.com/hotels/paris-hotel-detail-730333/shangri-la-hotel-paris/\/,https://sa.trip.com/?locale=ar-sa,False,https://sa.trip.com/hotels/paris-hotel-detail-730333/shangri-la-hotel-paris/\/,https://sa.trip.com/?locale=ar-sa,https://sa.trip.com/hotels/paris-hotel-detail-730333/shangri-la-hotel-paris/\/,recon_page,2026-05-02T22:19:18.722901
76,1,3,0,0,0,0,1,0,11,0,com,200,2,424954,358.146,0,0,19,0,unknown,1,html,1,9,0,1,1,0,0,0,0,0,0,0,1,5,0,0,1,2,0,0,0,0,1,11,0,0,0,0,1,28,22,0,6,1,37,17,20,1,33,1,2,1,3,1,1,21,0,0,0,0,0,0,0,0,0,0,1,1,0,0,0,0,0,0,0,0,0,0,1,1,0,0,0.0,1.0,0.0,0,0,0,0,0,0,0,0,0,0,0,0,41,12,1,0,0,0,0,0,0,0.0,6.588948450891155e-05,0.125,0.03765113400509232,0,,multi_full_20260502_195405_0002,2026-05-02T22:19:34.884186,https://sa.trip.com/hotels/paris-hotel-detail-730333/shangri-la-hotel-paris/,https://sa.trip.com/?locale=ar-sa,False,https://sa.trip.com/hotels/paris-hotel-detail-730333/shangri-la-hotel-paris/,https://sa.trip.com/?locale=ar-sa,https://sa.trip.com/hotels/paris-hotel-detail-730333/shangri-la-hotel-paris/,recon_page,2026-05-02T22:19:34.899354
87,1,3,0,0,0,0,1,0,11,0,com,200,2,383060,327.84499999999997,0,0,20,0,unknown,1,html,1,9,0,1,1,0,0,0,0,0,0,0,1,5,0,0,1,2,0,0,0,0,1,18,0,0,0,0,1,28,22,0,6,1,37,17,20,1,29,1,2,1,3,1,1,14,0,0,0,0,0,0,0,0,0,0,1,1,0,0,0,0,0,0,0,0,0,0,1,1,0,0,0.0,1.0,0.0,0,0,0,0,0,0,0,0,0,0,0,0,41,12,1,0,0,0,0,0,0,0.0,7.30955986007414e-05,0.125,0.06004281313632329,0,,multi_full_20260502_195405_0002,2026-05-02T22:19:48.449420,https://sa.trip.com/hotels/paris-hotel-detail-2108896/mercure-paris-centre-tour-eiffel/,https://sa.trip.com/?locale=ar-sa,False,https://sa.trip.com/hotels/paris-hotel-detail-2108896/mercure-paris-centre-tour-eiffel/,https://sa.trip.com/?locale=ar-sa,https://sa.trip.com/hotels/paris-hotel-detail-2108896/mercure-paris-centre-tour-eiffel/,recon_page,2026-05-02T22:19:48.453490
80,1,3,0,0,0,0,1,0,11,0,com,200,2,430449,462.28200000000004,0,0,20,0,unknown,1,html,1,9,0,1,1,0,0,0,0,0,0,0,1,5,0,0,1,2,0,0,0,0,1,18,0,0,0,0,1,28,22,0,6,1,37,17,20,1,33,1,2,1,3,1,1,21,0,0,0,0,0,0,0,0,0,0,1,1,0,0,0,0,0,0,0,0,0,0,1,1,0,0,0.0,1.0,0.0,0,0,0,0,0,0,0,0,0,0,0,0,41,12,1,0,0,0,0,0,0,0.0,6.504835648357877e-05,0.125,0.05343257854008256,0,,multi_full_20260502_195405_0002,2026-05-02T22:20:03.508886,https://sa.trip.com/hotels/paris-hotel-detail-2081163/pullman-paris-tour-eiffel/,https://sa.trip.com/?locale=ar-sa,False,https://sa.trip.com/hotels/paris-hotel-detail-2081163/pullman-paris-tour-eiffel/,https://sa.trip.com/?locale=ar-sa,https://sa.trip.com/hotels/paris-hotel-detail-2081163/pullman-paris-tour-eiffel/,recon_page,2026-05-02T22:20:03.519620
209,1,3,0,0,0,0,1,0,11,0,com,200,2,417986,826.338,0,0,15,0,unknown,0,html,1,8,0,0,0,0,0,0,0,0,1,1,1,6,0,0,1,2,0,0,0,0,1,17,0,0,0,0,1,17,13,0,4,1,78,57,21,1,37,1,10,1,21,1,0,0,1,0,0,0,0,0,0,0,0,0,1,1,0,0,0,0,0,0,0,0,0,0,0,0,0,0,0.0,1.0,0.0,0,0,0,1,0,0,0,0,0,1,0,0,70,2,0,0,0,0,0,0,0,6.0,4.0671218653256326e-05,0.0,0.05741819103989129,0,,multi_full_20260502_195405_0002,2026-05-02T22:20:21.466047,https://sa.trip.com/guide/destination/%D8%A3%D9%85%D8%A7%D9%83%D9%86-%D8%B3%D9%8A%D8%A7%D8%AD%D9%8A%D8%A9-%D9%81%D9%8A-%D8%A7%D9%84%D8%AF%D9%85%D8%A7%D9%85-%D9%84%D9%84%D8%B9%D8%A7%D8%A6%D9%84%D8%A7%D8%AA.html,https://sa.trip.com/?locale=ar-sa,False,https://sa.trip.com/guide/destination/%D8%A3%D9%85%D8%A7%D9%83%D9%86-%D8%B3%D9%8A%D8%A7%D8%AD%D9%8A%D8%A9-%D9%81%D9%8A-%D8%A7%D9%84%D8%AF%D9%85%D8%A7%D9%85-%D9%84%D9%84%D8%B9%D8%A7%D8%A6%D9%84%D8%A7%D8%AA.html,https://sa.trip.com/?locale=ar-sa,https://sa.trip.com/guide/destination/%D8%A3%D9%85%D8%A7%D9%83%D9%86-%D8%B3%D9%8A%D8%A7%D8%AD%D9%8A%D8%A9-%D9%81%D9%8A-%D8%A7%D9%84%D8%AF%D9%85%D8%A7%D9%85-%D9%84%D9%84%D8%B9%D8%A7%D8%A6%D9%84%D8%A7%D8%AA.html,recon_page,2026-05-02T22:20:21.469295
84,1,4,0,0,0,0,1,0,11,0,com,200,2,370503,475.356,0,0,19,0,unknown,1,html,1,9,0,1,1,0,0,0,0,0,0,0,1,5,0,0,1,2,0,0,0,0,1,16,0,0,0,0,1,28,22,0,6,1,37,17,20,1,25,1,2,1,3,1,1,14,0,0,0,0,0,0,0,0,0,0,1,1,0,0,0,0,0,0,0,0,0,0,1,1,0,0,0.0,1.0,0.0,0,0,0,0,0,0,0,0,0,0,0,0,41,12,1,0,0,0,0,0,0,0.0,7.557293733114171e-05,0.125,0.05667970299835629,0,,multi_full_20260502_195405_0002,2026-05-02T22:20:32.711758,https://sa.trip.com/hotels/paris-hotel-detail-717318/htel-de-la-bourdonnais-paris/\/,https://sa.trip.com/?locale=ar-sa,False,https://sa.trip.com/hotels/paris-hotel-detail-717318/htel-de-la-bourdonnais-paris/\/,https://sa.trip.com/?locale=ar-sa,https://sa.trip.com/hotels/paris-hotel-detail-717318/htel-de-la-bourdonnais-paris/\/,recon_page,2026-05-02T22:20:32.716687
235,1,3,1,12,0,0,1,0,11,0,com,200,2,287042,794.798,0,0,22,0,unknown,0,html,1,10,0,1,2,0,0,0,0,1,1,2,1,6,0,0,1,2,0,0,0,0,0,0,0,0,0,0,1,56,34,0,22,1,100,49,51,1,3,1,24,1,11,1,1,4,1,0,0,0,0,0,0,0,0,0,0,1,0,0,0,0,0,0,1,0,0,0,0,0,0,0,0.0,1.0,0.0,0,0,0,1,1,0,0,0,0,2,0,2,90,18,1,0,0,0,0,0,0,3.0,0.00019509340096571234,0.25,0.027870485852244622,0,,multi_full_20260502_195405_0002,2026-05-02T22:20:33.507228,https://sa.trip.com/flights/riyadh-to-paris/tickets-ruh-par/?dairportcode=ruh&aairportcode=cdg&ddate=2026-05-29&rdate=&airline=ey&flighttype=s&recentviewflt=ey556|ey035&recentviewprice=902&curr=sar&sort=price&from=seo&traceid=undefined,https://sa.trip.com/?locale=ar-sa,False,https://sa.trip.com/flights/riyadh-to-paris/tickets-ruh-par/?dairportcode=ruh&aairportcode=cdg&ddate=2026-05-29&rdate=&airline=ey&flighttype=s&recentviewflt=ey556|ey035&recentviewprice=902&curr=sar&sort=price&from=seo&traceid=undefined,https://sa.trip.com/?locale=ar-sa,https://sa.trip.com/flights/riyadh-to-paris/tickets-ruh-par/?dairportcode=ruh&aairportcode=cdg&ddate=2026-05-29&rdate=&airline=ey&flighttype=s&recentviewflt=ey556|ey035&recentviewprice=902&curr=sar&sort=price&from=seo&traceid=undefined,recon_page,2026-05-02T22:20:33.513271
70,1,4,0,0,0,0,1,0,11,0,com,404,4,17029,506.157,0,0,12,0,unknown,0,html,0,0,0,0,0,0,0,0,0,0,0,0,1,1,0,0,1,1,0,0,0,0,0,0,0,0,0,0,1,1,1,0,0,1,19,17,2,1,10,1,2,1,2,1,1,8,1,0,0,0,0,0,0,0,0,0,0,1,0,0,0,0,0,0,0,0,0,0,0,0,0,0,0.0,0.0,0.0,0,0,0,0,0,0,0,0,0,0,0,0,17,10,0,0,0,0,0,0,0,0.0,5.872335427799636e-05,0.0,0.05872335427799636,0,,multi_full_20260502_195405_0002,2026-05-02T22:20:43.015571,https://sa.trip.com/hotels/paris-eiffel-tower/hotels-c192m6789724/\\\/,https://sa.trip.com/?locale=ar-sa,False,https://sa.trip.com/hotels/paris-eiffel-tower/hotels-c192m6789724/\\\/,https://sa.trip.com/?locale=ar-sa,https://sa.trip.com/hotels/paris-eiffel-tower/hotels-c192m6789724/\\\/,recon_page,2026-05-02T22:20:43.036125
89,1,4,0,0,0,0,1,0,11,0,com,200,2,382696,353.868,0,0,19,0,unknown,1,html,1,9,0,1,1,0,0,0,0,0,0,0,1,5,0,0,1,2,0,0,0,0,1,18,0,0,0,0,1,28,22,0,6,1,37,17,20,1,29,1,2,1,3,1,1,14,0,0,0,0,0,0,0,0,0,0,1,1,0,0,0,0,0,0,0,0,0,0,1,1,0,0,0.0,1.0,0.0,0,0,0,0,0,0,0,0,0,0,0,0,41,12,1,0,0,0,0,0,0,0.0,7.316512323097184e-05,0.125,0.06009992265401258,0,,multi_full_20260502_195405_0002,2026-05-02T22:20:53.742067,https://sa.trip.com/hotels/paris-hotel-detail-2108896/mercure-paris-centre-tour-eiffel/\/,https://sa.trip.com/?locale=ar-sa,False,https://sa.trip.com/hotels/paris-hotel-detail-2108896/mercure-paris-centre-tour-eiffel/\/,https://sa.trip.com/?locale=ar-sa,https://sa.trip.com/hotels/paris-hotel-detail-2108896/mercure-paris-centre-tour-eiffel/\/,recon_page,2026-05-02T22:20:53.746632
68,1,4,0,0,0,0,1,0,11,0,com,404,4,17029,289.594,0,0,11,0,unknown,0,html,0,0,0,0,0,0,0,0,0,0,0,0,1,1,0,0,1,1,0,0,0,0,0,0,0,0,0,0,1,1,1,0,0,1,19,17,2,1,10,1,2,1,2,1,1,8,1,0,0,0,0,0,0,0,0,0,0,1,0,0,0,0,0,0,0,0,0,0,0,0,0,0,0.0,0.0,0.0,0,0,0,0,0,0,0,0,0,0,0,0,17,10,0,0,0,0,0,0,0,0.0,5.872335427799636e-05,0.0,0.05872335427799636,0,,multi_full_20260502_195405_0002,2026-05-02T22:21:08.692904,https://sa.trip.com/hotels/paris-eiffel-tower/hotels-c192m6789724/\/,https://sa.trip.com/?locale=ar-sa,False,https://sa.trip.com/hotels/paris-eiffel-tower/hotels-c192m6789724/\/,https://sa.trip.com/?locale=ar-sa,https://sa.trip.com/hotels/paris-eiffel-tower/hotels-c192m6789724/\/,recon_page,2026-05-02T22:21:08.704425
236,1,3,1,12,0,0,1,0,11,0,com,200,2,286895,464.323,0,0,21,0,unknown,0,html,1,10,0,1,2,0,0,0,0,1,1,2,1,6,0,0,1,2,0,0,0,0,0,0,0,0,0,0,1,56,34,0,22,1,100,49,51,1,3,1,24,1,11,1,1,4,1,0,0,0,0,0,0,0,0,0,0,1,0,0,0,0,0,0,1,0,0,0,0,0,0,0,0.0,1.0,0.0,0,0,0,1,1,0,0,0,0,2,0,2,90,18,1,0,0,0,0,0,0,3.0,0.00019519336342564353,0.25,0.027884766203663362,0,,multi_full_20260502_195405_0002,2026-05-02T22:21:09.660693,https://sa.trip.com/flights/riyadh-to-paris/tickets-ruh-par/?dairportcode=ruh&aairportcode=ory&ddate=2026-06-01&rdate=&airline=f3&flighttype=s&recentviewflt=f3573|to3289&recentviewprice=863&curr=sar&sort=price&from=seo&traceid=undefined,https://sa.trip.com/?locale=ar-sa,False,https://sa.trip.com/flights/riyadh-to-paris/tickets-ruh-par/?dairportcode=ruh&aairportcode=ory&ddate=2026-06-01&rdate=&airline=f3&flighttype=s&recentviewflt=f3573|to3289&recentviewprice=863&curr=sar&sort=price&from=seo&traceid=undefined,https://sa.trip.com/?locale=ar-sa,https://sa.trip.com/flights/riyadh-to-paris/tickets-ruh-par/?dairportcode=ruh&aairportcode=ory&ddate=2026-06-01&rdate=&airline=f3&flighttype=s&recentviewflt=f3573|to3289&recentviewprice=863&curr=sar&sort=price&from=seo&traceid=undefined,recon_page,2026-05-02T22:21:09.664865
227,1,3,1,12,0,0,1,0,11,0,com,200,2,59815,715.635,0,0,18,0,unknown,1,html,1,11,0,1,1,0,0,0,0,0,0,0,1,1,0,0,1,1,0,0,0,0,0,0,0,0,0,0,1,30,13,0,17,1,17,4,13,0,0,1,10,1,4,1,1,4,1,0,0,0,0,0,0,0,0,0,1,1,0,0,0,0,0,0,1,0,0,0,0,0,0,0,0.0,1.0,0.0,0,0,0,0,0,0,0,0,0,0,0,0,28,1,1,0,0,0,0,0,0,0.0,0.000501546434840759,0.125,0.016718214494691967,0,,multi_full_20260502_195405_0002,2026-05-02T22:21:10.307361,https://sa.trip.com/m/flights/flightfirst/?dairportcode=RUH&aairportcode=CDG&dcitycode=RUH&acitycode=PAR&ddate=2026-05-29&adate=&recentviewflt=EY556|EY035&recentviewprice=902&airline=EY&flighttype=S&sorttype=0&traceId=undefined,https://sa.trip.com/?locale=ar-sa,False,https://sa.trip.com/m/flights/flightfirst/?dairportcode=RUH&aairportcode=CDG&dcitycode=RUH&acitycode=PAR&ddate=2026-05-29&adate=&recentviewflt=EY556|EY035&recentviewprice=902&airline=EY&flighttype=S&sorttype=0&traceId=undefined,https://sa.trip.com/?locale=ar-sa,https://sa.trip.com/m/flights/flightfirst/?dairportcode=RUH&aairportcode=CDG&dcitycode=RUH&acitycode=PAR&ddate=2026-05-29&adate=&recentviewflt=EY556|EY035&recentviewprice=902&airline=EY&flighttype=S&sorttype=0&traceId=undefined,recon_page,2026-05-02T22:21:10.310692
121,1,4,1,2,0,0,1,0,11,0,com,200,2,640521,1221.071,0,0,17,0,unknown,1,html,1,3,0,1,1,0,0,0,0,0,0,0,1,1,0,0,1,1,0,0,0,0,0,0,0,0,0,0,1,21,7,0,14,1,21,13,8,0,0,1,19,1,4,1,0,0,1,0,0,0,1,0,0,0,0,0,1,1,0,0,0,0,0,0,1,0,0,0,0,0,0,0,0.0,1.0,0.0,0,0,0,0,0,0,0,0,0,0,0,0,31,4,0,0,0,0,0,0,1,0.0,3.2785810301301594e-05,0.125,0.0015612290619667429,0,,multi_full_20260502_195405_0002,2026-05-02T22:21:10.784873,https://sa.trip.com/travel-guide/restaurant/paris-308-restaurantDetail/le-jules-verne-10561499.html?locale=ar-SA&curr=SAR,https://sa.trip.com/?locale=ar-sa,False,https://sa.trip.com/travel-guide/restaurant/paris-308-restaurantDetail/le-jules-verne-10561499.html?locale=ar-SA&curr=SAR,https://sa.trip.com/?locale=ar-sa,https://sa.trip.com/travel-guide/restaurant/paris-308-restaurantDetail/le-jules-verne-10561499.html?locale=ar-SA&curr=SAR,recon_page,2026-05-02T22:21:10.791171
91,1,4,0,0,0,0,1,0,11,0,com,200,2,383314,294.694,0,0,19,0,unknown,1,html,1,9,0,1,1,0,0,0,0,0,0,0,1,5,0,0,1,2,0,0,0,0,1,18,0,0,0,0,1,28,22,0,6,1,37,17,20,1,29,1,2,1,3,1,1,14,0,0,0,0,0,0,0,0,0,0,1,1,0,0,0,0,0,0,0,0,0,0,1,1,0,0,0.0,1.0,0.0,0,0,0,0,0,0,0,0,0,0,0,0,41,12,1,0,0,0,0,0,0,0.0,7.304716237862431e-05,0.125,0.060003026239584256,0,,multi_full_20260502_195405_0002,2026-05-02T22:21:20.674255,https://sa.trip.com/hotels/paris-hotel-detail-2108896/mercure-paris-centre-tour-eiffel/\\\/,https://sa.trip.com/?locale=ar-sa,False,https://sa.trip.com/hotels/paris-hotel-detail-2108896/mercure-paris-centre-tour-eiffel/\\\/,https://sa.trip.com/?locale=ar-sa,https://sa.trip.com/hotels/paris-hotel-detail-2108896/mercure-paris-centre-tour-eiffel/\\\/,recon_page,2026-05-02T22:21:20.698690
62,1,3,0,0,0,0,1,0,11,0,com,200,2,242977,443.749,0,0,15,0,unknown,0,html,1,8,0,0,0,0,0,0,0,0,0,0,1,2,0,0,1,2,0,0,0,0,1,2,0,0,0,0,1,15,11,0,4,1,58,42,16,1,6,1,10,1,16,1,0,0,1,0,0,0,0,0,0,0,0,0,1,1,0,0,0,0,0,0,0,0,0,0,0,0,0,0,0.0,1.0,0.0,0,0,0,0,0,0,0,0,0,0,0,0,60,5,0,0,0,0,0,0,0,0.0,6.173423822007844e-05,0.0,0.01646246352535425,0,,multi_full_20260502_195405_0002,2026-05-02T22:21:30.265272,https://sa.trip.com/guide/destination/guilin-travel-guide.html,https://sa.trip.com/?locale=ar-sa,False,https://sa.trip.com/guide/destination/guilin-travel-guide.html,https://sa.trip.com/?locale=ar-sa,https://sa.trip.com/guide/destination/guilin-travel-guide.html,recon_page,2026-05-02T22:21:30.268504
229,1,3,1,12,0,0,1,0,11,0,com,200,2,59831,484.165,0,0,19,0,unknown,1,html,1,11,0,1,1,0,0,0,0,0,0,0,1,1,0,0,1,1,0,0,0,0,0,0,0,0,0,0,1,30,13,0,17,1,17,4,13,0,0,1,10,1,4,1,1,4,1,0,0,0,0,0,0,0,0,0,1,1,0,0,0,0,0,0,1,0,0,0,0,0,0,0,0.0,1.0,0.0,0,0,0,0,0,0,0,0,0,0,0,0,28,1,1,0,0,0,0,0,0,0.0,0.0005014123113436179,0.125,0.016713743711453927,0,,multi_full_20260502_195405_0002,2026-05-02T22:21:53.243847,https://sa.trip.com/m/flights/flightfirst/?dairportcode=RUH&aairportcode=ORY&dcitycode=RUH&acitycode=PAR&ddate=2026-05-31&adate=&recentviewflt=VF5114|TO3423&recentviewprice=805&airline=VF&flighttype=S&sorttype=0&traceId=undefined,https://sa.trip.com/?locale=ar-sa,False,https://sa.trip.com/m/flights/flightfirst/?dairportcode=RUH&aairportcode=ORY&dcitycode=RUH&acitycode=PAR&ddate=2026-05-31&adate=&recentviewflt=VF5114|TO3423&recentviewprice=805&airline=VF&flighttype=S&sorttype=0&traceId=undefined,https://sa.trip.com/?locale=ar-sa,https://sa.trip.com/m/flights/flightfirst/?dairportcode=RUH&aairportcode=ORY&dcitycode=RUH&acitycode=PAR&ddate=2026-05-31&adate=&recentviewflt=VF5114|TO3423&recentviewprice=805&airline=VF&flighttype=S&sorttype=0&traceId=undefined,recon_page,2026-05-02T22:21:53.247152
179,1,3,0,0,0,0,1,0,11,0,com,200,2,360214,612.0,0,0,16,0,unknown,0,html,1,8,0,0,0,0,0,0,0,0,0,0,1,2,0,0,1,2,0,0,0,0,1,3,0,0,0,0,1,15,11,0,4,1,70,52,18,1,9,1,10,1,18,1,0,0,1,0,0,0,0,0,0,0,0,0,1,1,0,0,0,0,0,0,0,0,0,0,0,0,0,0,0.0,1.0,0.0,0,0,0,0,0,0,0,0,0,0,0,0,71,2,0,0,0,0,0,0,0,0.0,4.164191286290927e-05,0.0,0.013880637620969758,0,,multi_full_20260502_195405_0002,2026-05-02T22:22:08.937371,https://sa.trip.com/guide/destination/%D8%A7%D9%85%D8%A7%D9%83%D9%86-%D8%AD%D9%84%D9%88%D9%87-%D9%81%D9%8A-%D8%A3%D8%A8%D9%87%D8%A7-%D9%84%D9%84%D8%B9%D9%88%D8%A7%D8%A6%D9%84.html,https://sa.trip.com/?locale=ar-sa,False,https://sa.trip.com/guide/destination/%D8%A7%D9%85%D8%A7%D9%83%D9%86-%D8%AD%D9%84%D9%88%D9%87-%D9%81%D9%8A-%D8%A3%D8%A8%D9%87%D8%A7-%D9%84%D9%84%D8%B9%D9%88%D8%A7%D8%A6%D9%84.html,https://sa.trip.com/?locale=ar-sa,https://sa.trip.com/guide/destination/%D8%A7%D9%85%D8%A7%D9%83%D9%86-%D8%AD%D9%84%D9%88%D9%87-%D9%81%D9%8A-%D8%A3%D8%A8%D9%87%D8%A7-%D9%84%D9%84%D8%B9%D9%88%D8%A7%D8%A6%D9%84.html,recon_page,2026-05-02T22:22:08.942129
125,1,4,1,2,0,0,1,0,11,0,com,200,2,640840,898.847,0,0,18,0,unknown,1,html,1,3,0,1,1,0,0,0,0,0,0,0,1,1,0,0,1,1,0,0,0,0,0,0,0,0,0,0,1,21,7,0,14,1,21,13,8,0,0,1,19,1,4,1,0,0,1,0,0,0,1,0,0,0,0,0,1,1,0,0,0,0,0,0,1,0,0,0,0,0,0,0,0.0,1.0,0.0,0,0,0,0,0,0,0,0,0,0,0,0,31,4,0,0,0,0,0,0,1,0.0,3.2769490044316836e-05,0.125,0.0015604519068722301,0,,multi_full_20260502_195405_0002,2026-05-02T22:22:35.874239,https://sa.trip.com/travel-guide/restaurant/paris-308-restaurantDetail/le-jules-verne-10561499.html?locale=ar-SA&amp;curr=SAR,https://sa.trip.com/?locale=ar-sa,False,https://sa.trip.com/travel-guide/restaurant/paris-308-restaurantDetail/le-jules-verne-10561499.html?locale=ar-SA&amp;curr=SAR,https://sa.trip.com/?locale=ar-sa,https://sa.trip.com/travel-guide/restaurant/paris-308-restaurantDetail/le-jules-verne-10561499.html?locale=ar-SA&amp;curr=SAR,recon_page,2026-05-02T22:22:35.883402
55,0,3,0,0,0,0,1,0,11,0,com,404,4,17029,518.043,0,0,11,0,unknown,0,html,0,0,0,0,0,0,0,0,0,0,0,0,1,1,0,0,1,1,0,0,0,0,0,0,0,0,0,0,1,1,1,0,0,1,19,17,2,1,10,1,2,1,2,1,1,8,1,0,0,0,0,0,0,0,0,0,0,1,0,0,0,0,0,0,0,0,0,0,0,0,0,0,0.0,0.0,0.0,0,0,0,0,0,0,0,0,0,0,0,0,17,10,0,0,0,0,0,0,0,0.0,5.872335427799636e-05,0.0,0.05872335427799636,0,,multi_full_20260502_195405_0002,2026-05-02T22:22:53.132012,http://sa.trip.com/guide/destination/eiffel-tower.html\,https://sa.trip.com/?locale=ar-sa,False,http://sa.trip.com/guide/destination/eiffel-tower.html\,https://sa.trip.com/?locale=ar-sa,http://sa.trip.com/guide/destination/eiffel-tower.html\,recon_page,2026-05-02T22:22:53.135816
45,1,1,0,0,0,0,1,0,11,0,com,404,4,17029,468.015,0,0,11,0,unknown,0,html,0,0,0,0,0,0,0,0,0,0,0,0,1,1,0,0,1,1,0,0,0,0,0,0,0,0,0,0,1,1,1,0,0,1,19,17,2,1,10,1,2,1,2,1,1,8,1,0,0,0,0,0,0,0,0,0,0,1,0,0,0,0,0,0,0,0,0,0,0,0,0,0,0.0,0.0,0.0,0,0,0,0,0,0,0,0,0,0,0,0,17,10,0,0,0,0,0,0,0,0.0,5.872335427799636e-05,0.0,0.05872335427799636,0,,multi_full_20260502_195405_0002,2026-05-02T22:23:18.512354,https://sa.trip.com/Date(1777740846254+0800)/,https://sa.trip.com/?locale=ar-sa,False,https://sa.trip.com/Date(1777740846254+0800)/,https://sa.trip.com/?locale=ar-sa,https://sa.trip.com/Date(1777740846254+0800)/,recon_page,2026-05-02T22:23:18.536204
63,1,3,0,0,0,0,1,0,11,0,com,200,2,183751,566.976,0,0,16,0,unknown,0,html,1,8,0,0,0,0,0,0,0,0,0,0,1,2,0,0,1,2,0,0,0,0,1,3,0,0,0,0,1,14,10,0,4,1,74,59,15,1,15,1,10,1,15,1,0,0,1,0,0,0,0,0,0,0,0,0,1,1,0,0,0,0,0,0,0,0,0,0,0,0,0,0,0.0,1.0,0.0,0,0,0,0,0,0,0,0,0,0,0,0,63,3,0,0,0,0,0,0,0,0.0,7.619006155068543e-05,0.0,0.027210736268101943,0,,multi_full_20260502_195405_0002,2026-05-02T22:23:19.426532,https://sa.trip.com/guide/destination/beijing-travel-guide.html,https://sa.trip.com/?locale=ar-sa,False,https://sa.trip.com/guide/destination/beijing-travel-guide.html,https://sa.trip.com/?locale=ar-sa,https://sa.trip.com/guide/destination/beijing-travel-guide.html,recon_page,2026-05-02T22:23:19.433927
128,1,4,1,2,0,0,1,0,11,0,com,200,2,640677,950.388,0,0,18,0,unknown,1,html,1,3,0,1,1,0,0,0,0,0,0,0,1,1,0,0,1,1,0,0,0,0,0,0,0,0,0,0,1,21,7,0,14,1,21,13,8,0,0,1,19,1,4,1,0,0,1,0,0,0,1,0,0,0,0,0,1,1,0,0,0,0,0,0,1,0,0,0,0,0,0,0,0.0,1.0,0.0,0,0,0,0,0,0,0,0,0,0,0,0,31,4,0,0,0,0,0,0,1,0.0,3.277782720466007e-05,0.125,0.0015608489145076223,0,,multi_full_20260502_195405_0002,2026-05-02T22:23:20.243301,https://sa.trip.com/travel-guide/restaurant/paris-308-restaurantDetail/le-jules-verne-10561499.html?locale=ar-SA&amp;curr=SAR\\\,https://sa.trip.com/?locale=ar-sa,False,https://sa.trip.com/travel-guide/restaurant/paris-308-restaurantDetail/le-jules-verne-10561499.html?locale=ar-SA&amp;curr=SAR\\\,https://sa.trip.com/?locale=ar-sa,https://sa.trip.com/travel-guide/restaurant/paris-308-restaurantDetail/le-jules-verne-10561499.html?locale=ar-SA&amp;curr=SAR\\\,recon_page,2026-05-02T22:23:20.249591
126,1,4,1,2,0,0,1,0,11,0,com,200,2,640728,1069.415,0,0,18,0,unknown,1,html,1,3,0,1,1,0,0,0,0,0,0,0,1,1,0,0,1,1,0,0,0,0,0,0,0,0,0,0,1,21,7,0,14,1,21,13,8,0,0,1,19,1,4,1,0,0,1,0,0,0,1,0,0,0,0,0,1,1,0,0,0,0,0,0,1,0,0,0,0,0,0,0,0.0,1.0,0.0,0,0,0,0,0,0,0,0,0,0,0,0,31,4,0,0,0,0,0,0,1,0.0,3.277521818930966e-05,0.125,0.0015607246756814126,0,,multi_full_20260502_195405_0002,2026-05-02T22:23:20.537838,https://sa.trip.com/travel-guide/restaurant/paris-308-restaurantDetail/le-jules-verne-10561499.html?locale=ar-SA&amp;curr=SAR\,https://sa.trip.com/?locale=ar-sa,False,https://sa.trip.com/travel-guide/restaurant/paris-308-restaurantDetail/le-jules-verne-10561499.html?locale=ar-SA&amp;curr=SAR\,https://sa.trip.com/?locale=ar-sa,https://sa.trip.com/travel-guide/restaurant/paris-308-restaurantDetail/le-jules-verne-10561499.html?locale=ar-SA&amp;curr=SAR\,recon_page,2026-05-02T22:23:20.543936
64,1,3,0,0,0,0,1,0,11,0,com,200,2,256900,823.024,0,0,16,0,unknown,0,html,1,8,0,0,0,0,0,0,0,0,0,0,1,2,0,0,1,2,0,0,0,0,1,3,0,0,0,0,1,15,11,0,4,1,58,42,16,1,10,1,10,1,16,1,0,0,1,0,0,0,0,0,0,0,0,0,1,1,0,0,0,0,0,0,0,0,0,0,0,0,0,0,0.0,1.0,0.0,0,0,0,0,0,0,0,0,0,0,0,0,60,2,0,0,0,0,0,0,0,0.0,5.8388478007006614e-05,0.0,0.01946282600233554,0,,multi_full_20260502_195405_0002,2026-05-02T22:23:20.708779,https://sa.trip.com/guide/destination/shenzhen-travel-guide.html,https://sa.trip.com/?locale=ar-sa,False,https://sa.trip.com/guide/destination/shenzhen-travel-guide.html,https://sa.trip.com/?locale=ar-sa,https://sa.trip.com/guide/destination/shenzhen-travel-guide.html,recon_page,2026-05-02T22:23:20.714875
45,1,1,0,0,0,0,1,0,11,0,com,404,4,17029,416.852,0,0,11,0,unknown,0,html,0,0,0,0,0,0,0,0,0,0,0,0,1,1,0,0,1,1,0,0,0,0,0,0,0,0,0,0,1,1,1,0,0,1,19,17,2,1,10,1,2,1,2,1,1,8,1,0,0,0,0,0,0,0,0,0,0,1,0,0,0,0,0,0,0,0,0,0,0,0,0,0,0.0,0.0,0.0,0,0,0,0,0,0,0,0,0,0,0,0,17,10,0,0,0,0,0,0,0,0.0,5.872335427799636e-05,0.0,0.05872335427799636,0,,multi_full_20260502_195405_0002,2026-05-02T22:23:39.526822,https://sa.trip.com/Date(1777740847966+0800)/,https://sa.trip.com/?locale=ar-sa,False,https://sa.trip.com/Date(1777740847966+0800)/,https://sa.trip.com/?locale=ar-sa,https://sa.trip.com/Date(1777740847966+0800)/,recon_page,2026-05-02T22:23:39.531729
45,1,1,0,0,0,0,1,0,11,0,com,404,4,17029,374.07800000000003,0,0,10,0,unknown,0,html,0,0,0,0,0,0,0,0,0,0,0,0,1,1,0,0,1,1,0,0,0,0,0,0,0,0,0,0,1,1,1,0,0,1,19,17,2,1,10,1,2,1,2,1,1,8,1,0,0,0,0,0,0,0,0,0,0,1,0,0,0,0,0,0,0,0,0,0,0,0,0,0,0.0,0.0,0.0,0,0,0,0,0,0,0,0,0,0,0,0,17,10,0,0,0,0,0,0,0,0.0,5.872335427799636e-05,0.0,0.05872335427799636,0,,multi_full_20260502_195405_0002,2026-05-02T22:23:39.837043,https://sa.trip.com/Date(1777740847989+0800)/,https://sa.trip.com/?locale=ar-sa,False,https://sa.trip.com/Date(1777740847989+0800)/,https://sa.trip.com/?locale=ar-sa,https://sa.trip.com/Date(1777740847989+0800)/,recon_page,2026-05-02T22:23:39.845033
45,1,1,0,0,0,0,1,0,11,0,com,404,4,17029,428.969,0,0,11,0,unknown,0,html,0,0,0,0,0,0,0,0,0,0,0,0,1,1,0,0,1,1,0,0,0,0,0,0,0,0,0,0,1,1,1,0,0,1,19,17,2,1,10,1,2,1,2,1,1,8,1,0,0,0,0,0,0,0,0,0,0,1,0,0,0,0,0,0,0,0,0,0,0,0,0,0,0.0,0.0,0.0,0,0,0,0,0,0,0,0,0,0,0,0,17,10,0,0,0,0,0,0,0,0.0,5.872335427799636e-05,0.0,0.05872335427799636,0,,multi_full_20260502_195405_0002,2026-05-02T22:23:40.132929,https://sa.trip.com/Date(1777740846279+0800)/,https://sa.trip.com/?locale=ar-sa,False,https://sa.trip.com/Date(1777740846279+0800)/,https://sa.trip.com/?locale=ar-sa,https://sa.trip.com/Date(1777740846279+0800)/,recon_page,2026-05-02T22:23:40.139514
34,1,2,0,0,0,0,1,0,11,0,com,404,4,17029,613.0459999999999,0,0,11,0,unknown,0,html,0,0,0,0,0,0,0,0,0,0,0,0,1,1,0,0,1,1,0,0,0,0,0,0,0,0,0,0,1,1,1,0,0,1,19,17,2,1,10,1,2,1,2,1,1,8,1,0,0,0,0,0,0,0,0,0,0,1,0,0,0,0,0,0,0,0,0,0,0,0,0,0,0.0,0.0,0.0,0,0,0,0,0,0,0,0,0,0,0,0,17,10,0,0,0,0,0,0,0,0.0,5.872335427799636e-05,0.0,0.05872335427799636,0,,multi_full_20260502_195405_0002,2026-05-02T22:23:40.453638,https://sa.trip.com/%3E%3C/svg%3E/,https://sa.trip.com/?locale=ar-sa,False,https://sa.trip.com/%3E%3C/svg%3E/,https://sa.trip.com/?locale=ar-sa,https://sa.trip.com/%3E%3C/svg%3E/,recon_page,2026-05-02T22:23:40.529637
45,1,1,1,1,0,0,1,0,11,0,com,200,2,560265,483.743,0,0,17,0,unknown,1,html,1,10,0,1,1,0,0,0,0,0,0,0,0,0,0,0,0,0,0,0,0,0,0,0,0,0,0,0,1,3,3,0,0,1,51,37,14,0,0,1,8,0,0,1,0,0,1,0,0,0,0,0,0,0,0,0,1,1,0,0,0,0,0,0,1,0,0,0,0,0,0,0,0.0,1.0,0.0,0,0,0,0,0,0,0,0,0,0,0,0,44,0,0,0,0,0,0,0,1,0.0,5.354608979679259e-06,0.125,0.0,0,,multi_full_20260502_195405_0002,2026-05-02T22:23:40.636565,https://sa.trip.com/xtangram/?pageId=MjMwMTEy,https://sa.trip.com/?locale=ar-sa,False,https://sa.trip.com/xtangram/?pageId=MjMwMTEy,https://sa.trip.com/?locale=ar-sa,https://sa.trip.com/xtangram/?pageId=MjMwMTEy,recon_page,2026-05-02T22:23:40.642724
51,1,1,1,1,0,0,1,0,11,0,com,200,2,555535,371.513,0,0,17,0,unknown,1,html,1,10,0,1,1,0,0,0,0,0,0,0,0,0,0,0,0,0,0,0,0,0,0,0,0,0,0,0,1,3,3,0,0,1,51,37,14,0,0,1,8,0,0,1,0,0,1,0,0,0,0,0,0,0,0,0,1,1,0,0,0,0,0,0,1,0,0,0,0,0,0,0,0.0,1.0,0.0,0,0,0,0,0,0,0,0,0,0,0,0,44,0,0,0,0,0,0,0,1,0.0,5.400199807392874e-06,0.125,0.0,0,,multi_full_20260502_195405_0002,2026-05-02T22:23:48.760780,https://sa.trip.com/xtangram/?\u0026pageId=MjMwMTEy,https://sa.trip.com/?locale=ar-sa,False,https://sa.trip.com/xtangram/?\u0026pageId=MjMwMTEy,https://sa.trip.com/?locale=ar-sa,https://sa.trip.com/xtangram/?\u0026pageId=MjMwMTEy,recon_page,2026-05-02T22:23:48.767049
68,1,3,1,2,0,0,1,0,11,0,com,404,4,17029,347.34,0,0,11,0,unknown,0,html,0,0,0,0,0,0,0,0,0,0,0,0,1,1,0,0,1,1,0,0,0,0,0,0,0,0,0,0,1,1,1,0,0,1,19,17,2,1,10,1,2,1,2,1,1,8,1,0,0,0,0,0,0,0,0,0,0,1,0,0,0,0,0,0,0,0,0,0,0,0,0,0,0.0,0.0,0.0,0,0,0,0,0,0,0,0,0,0,0,0,17,10,0,0,0,0,0,0,0,0.0,5.872335427799636e-05,0.0,0.05872335427799636,0,,multi_full_20260502_195405_0002,2026-05-02T22:24:02.745232,https://sa.trip.com/nfes/serviceworker/sw.js?v=202653&isSupportWebP=,https://sa.trip.com/?locale=ar-sa,False,https://sa.trip.com/nfes/serviceworker/sw.js?v=202653&isSupportWebP=,https://sa.trip.com/?locale=ar-sa,https://sa.trip.com/nfes/serviceworker/sw.js?v=202653&isSupportWebP=,recon_page,2026-05-02T22:24:02.760147
45,1,1,0,0,0,0,1,0,11,0,com,404,4,17029,418.00399999999996,0,0,11,0,unknown,0,html,0,0,0,0,0,0,0,0,0,0,0,0,1,1,0,0,1,1,0,0,0,0,0,0,0,0,0,0,1,1,1,0,0,1,19,17,2,1,10,1,2,1,2,1,1,8,1,0,0,0,0,0,0,0,0,0,0,1,0,0,0,0,0,0,0,0,0,0,0,0,0,0,0.0,0.0,0.0,0,0,0,0,0,0,0,0,0,0,0,0,17,10,0,0,0,0,0,0,0,0.0,5.872335427799636e-05,0.0,0.05872335427799636,0,,multi_full_20260502_195405_0002,2026-05-02T22:24:31.951956,https://sa.trip.com/Date(1777740846397+0800)/,https://sa.trip.com/?locale=ar-sa,False,https://sa.trip.com/Date(1777740846397+0800)/,https://sa.trip.com/?locale=ar-sa,https://sa.trip.com/Date(1777740846397+0800)/,recon_page,2026-05-02T22:24:31.955532
29,1,1,0,0,0,0,1,0,11,0,com,200,2,555364,452.36199999999997,0,0,17,0,unknown,1,html,1,10,0,1,1,0,0,0,0,0,0,0,0,0,0,0,0,0,0,0,0,0,0,0,0,0,0,0,1,3,3,0,0,1,51,37,14,0,0,1,8,0,0,1,0,0,1,0,0,0,0,0,0,0,0,0,1,1,0,0,0,0,0,0,0,0,0,0,0,0,0,0,0.0,1.0,0.0,0,0,0,0,0,0,0,0,0,0,0,0,44,0,0,0,0,0,0,0,1,0.0,5.40186256221145e-06,0.125,0.0,0,,multi_full_20260502_195405_0002,2026-05-02T22:24:46.356296,https://sa.trip.com/xtangram/,https://sa.trip.com/?locale=ar-sa,False,https://sa.trip.com/xtangram/,https://sa.trip.com/?locale=ar-sa,https://sa.trip.com/xtangram/,recon_page,2026-05-02T22:24:46.389544
82,1,4,0,0,0,0,1,0,11,0,com,200,2,323725,411.82,0,0,20,0,unknown,1,html,1,9,0,1,1,0,0,0,0,0,0,0,1,5,0,0,1,2,0,0,0,0,1,11,0,0,0,0,1,28,22,0,6,1,37,17,20,1,15,1,2,1,3,1,1,14,0,0,0,0,0,0,0,0,0,0,1,1,0,0,0,0,0,0,0,0,0,0,1,1,0,0,0.0,1.0,0.0,0,0,0,0,0,0,0,0,0,0,0,0,41,12,1,0,0,0,0,0,0,0.0,8.649316549540505e-05,0.125,0.04942466599737431,0,,multi_full_20260502_195405_0002,2026-05-02T22:25:24.529972,https://sa.trip.com/hotels/istanbul-hotel-detail-125657246/sweet-hotel-istanbul/\/,https://sa.trip.com/?locale=ar-sa,False,https://sa.trip.com/hotels/istanbul-hotel-detail-125657246/sweet-hotel-istanbul/\/,https://sa.trip.com/?locale=ar-sa,https://sa.trip.com/hotels/istanbul-hotel-detail-125657246/sweet-hotel-istanbul/\/,recon_page,2026-05-02T22:25:24.534143
93,1,3,1,1,0,0,1,0,11,0,com,200,2,102169,969.539,0,0,17,0,unknown,0,html,1,7,0,1,1,0,0,0,0,0,0,0,1,7,0,0,1,2,0,0,0,0,1,1,0,0,0,0,1,4,3,0,1,1,25,12,13,0,0,1,14,1,2,1,1,1,1,0,0,0,0,0,0,0,0,0,1,1,0,0,0,0,0,0,0,0,0,0,1,2,0,0,0.0,0.0,0.0,0,0,0,0,0,0,0,0,0,0,0,0,25,12,1,0,0,0,0,0,0,0.0,3.915081874149693e-05,0.125,0.07830163748299386,0,,multi_full_20260502_195405_0002,2026-05-02T22:25:24.746647,https://sa.trip.com/hotels/list/searchresults/?city=532\u0026hotelid=2109006\u0026breakfast=1,https://sa.trip.com/?locale=ar-sa,False,https://sa.trip.com/hotels/list/searchresults/?city=532\u0026hotelid=2109006\u0026breakfast=1,https://sa.trip.com/?locale=ar-sa,https://sa.trip.com/hotels/list/searchresults/?city=532\u0026hotelid=2109006\u0026breakfast=1,recon_page,2026-05-02T22:25:24.759592
83,1,3,0,0,0,0,1,0,11,0,com,200,2,510957,337.51300000000003,0,0,19,0,unknown,1,html,1,9,0,1,1,0,0,0,0,0,0,0,1,5,0,0,1,2,0,0,0,0,1,18,0,0,0,0,1,26,20,0,6,1,37,17,20,1,35,1,2,1,3,1,1,14,0,0,0,0,0,0,0,0,0,0,1,1,0,0,0,0,0,0,0,0,0,0,1,1,0,0,0.0,1.0,0.0,0,0,0,0,0,0,0,0,0,0,0,0,41,12,1,0,0,0,0,0,1,0.0,5.088490812338416e-05,0.125,0.045013572570685986,0,,multi_full_20260502_195405_0002,2026-05-02T22:25:24.897168,https://sa.trip.com/hotels/istanbul-hotel-detail-2109077/intercontinental-istanbul/,https://sa.trip.com/?locale=ar-sa,False,https://sa.trip.com/hotels/istanbul-hotel-detail-2109077/intercontinental-istanbul/,https://sa.trip.com/?locale=ar-sa,https://sa.trip.com/hotels/istanbul-hotel-detail-2109077/intercontinental-istanbul/,recon_page,2026-05-02T22:25:24.905621
79,1,3,0,0,0,0,1,0,11,0,com,200,2,370413,522.199,0,0,19,0,unknown,1,html,1,9,0,1,1,0,0,0,0,0,0,0,1,5,0,0,1,2,0,0,0,0,1,15,0,0,0,0,1,28,22,0,6,1,37,17,20,1,22,1,2,1,3,1,1,14,0,0,0,0,0,0,0,0,0,0,1,1,0,0,0,0,0,0,0,0,0,0,1,1,0,0,0.0,1.0,0.0,0,0,0,0,0,0,0,0,0,0,0,0,41,12,1,0,0,0,0,0,0,0.0,7.55912994414343e-05,0.125,0.053993785315310204,0,,multi_full_20260502_195405_0002,2026-05-02T22:25:25.124215,https://sa.trip.com/hotels/istanbul-hotel-detail-3929075/mint-residence-taksim/,https://sa.trip.com/?locale=ar-sa,False,https://sa.trip.com/hotels/istanbul-hotel-detail-3929075/mint-residence-taksim/,https://sa.trip.com/?locale=ar-sa,https://sa.trip.com/hotels/istanbul-hotel-detail-3929075/mint-residence-taksim/,recon_page,2026-05-02T22:25:25.129138
93,1,3,1,1,0,0,1,0,11,0,com,200,2,102165,855.333,0,0,17,0,unknown,0,html,1,7,0,1,1,0,0,0,0,0,0,0,1,7,0,0,1,2,0,0,0,0,1,1,0,0,0,0,1,4,3,0,1,1,25,12,13,0,0,1,14,1,2,1,1,1,1,0,0,0,0,0,0,0,0,0,1,1,0,0,0,0,0,0,0,0,0,0,1,2,0,0,0.0,0.0,0.0,0,0,0,0,0,0,0,0,0,0,0,0,25,12,1,0,0,0,0,0,0,0.0,3.915235158811726e-05,0.125,0.07830470317623452,0,,multi_full_20260502_195405_0002,2026-05-02T22:25:25.532006,https://sa.trip.com/hotels/list/searchresults/?city=532\u0026hotelid=2140343\u0026breakfast=1,https://sa.trip.com/?locale=ar-sa,False,https://sa.trip.com/hotels/list/searchresults/?city=532\u0026hotelid=2140343\u0026breakfast=1,https://sa.trip.com/?locale=ar-sa,https://sa.trip.com/hotels/list/searchresults/?city=532\u0026hotelid=2140343\u0026breakfast=1,recon_page,2026-05-02T22:25:25.641187
201,1,3,1,1,0,0,1,0,11,0,com,200,2,322777,539.175,0,0,20,0,unknown,1,html,1,9,0,1,1,0,0,0,0,0,0,0,1,5,0,0,1,2,0,0,0,0,1,13,0,0,0,0,1,28,22,0,6,1,37,17,20,1,22,1,2,1,3,1,1,14,0,0,0,0,0,0,0,0,0,0,1,1,0,0,0,0,0,0,0,0,0,0,1,1,0,0,0.0,1.0,0.0,0,0,0,0,0,0,0,0,0,0,0,0,41,12,1,0,0,0,0,0,0,0.0,8.674719698119755e-05,0.125,0.05576605520219843,0,,multi_full_20260502_195405_0002,2026-05-02T22:25:25.747543,https://sa.trip.com/hotels/istanbul-hotel-detail-4069015/taksim-brand-suite/?checkin=2026-05-10\u0026city=532\u0026module=list\u0026link=button\u0026from_page=list\u0026adult=1\u0026checkout=2026-05-11,https://sa.trip.com/?locale=ar-sa,False,https://sa.trip.com/hotels/istanbul-hotel-detail-4069015/taksim-brand-suite/?checkin=2026-05-10\u0026city=532\u0026module=list\u0026link=button\u0026from_page=list\u0026adult=1\u0026checkout=2026-05-11,https://sa.trip.com/?locale=ar-sa,https://sa.trip.com/hotels/istanbul-hotel-detail-4069015/taksim-brand-suite/?checkin=2026-05-10\u0026city=532\u0026module=list\u0026link=button\u0026from_page=list\u0026adult=1\u0026checkout=2026-05-11,recon_page,2026-05-02T22:25:25.888909
82,1,3,0,0,0,0,1,0,11,0,com,200,2,371977,372.214,0,0,19,0,unknown,1,html,1,9,0,1,1,0,0,0,0,0,0,0,1,5,0,0,1,2,0,0,0,0,1,14,0,0,0,0,1,28,22,0,6,1,37,17,20,1,21,1,2,1,3,1,1,14,0,0,0,0,0,0,0,0,0,0,1,1,0,0,0,0,0,0,0,0,0,0,1,1,0,0,0.0,1.0,0.0,0,0,0,0,0,0,0,0,0,0,0,0,41,12,1,0,0,0,0,0,0,0.0,7.527347120924144e-05,0.125,0.05107842689198526,0,,multi_full_20260502_195405_0002,2026-05-02T22:25:25.876270,https://sa.trip.com/hotels/istanbul-hotel-detail-21839591/the-trip-istanbul-hotel/,https://sa.trip.com/?locale=ar-sa,False,https://sa.trip.com/hotels/istanbul-hotel-detail-21839591/the-trip-istanbul-hotel/,https://sa.trip.com/?locale=ar-sa,https://sa.trip.com/hotels/istanbul-hotel-detail-21839591/the-trip-istanbul-hotel/,recon_page,2026-05-02T22:25:25.923976
84,1,3,0,0,0,0,1,0,11,0,com,200,2,392921,518.617,0,0,19,0,unknown,1,html,1,9,0,1,1,0,0,0,0,0,0,0,1,5,0,0,1,2,0,0,0,0,1,18,0,0,0,0,1,28,22,0,6,1,37,17,20,1,21,1,2,1,3,1,1,16,0,0,0,0,0,0,0,0,0,0,1,1,0,0,0,0,0,0,0,0,0,0,1,1,0,0,0.0,1.0,0.0,0,0,0,0,0,0,0,0,0,0,0,0,41,12,1,0,0,0,0,0,0,0.0,7.126114409766848e-05,0.125,0.0585359397945134,0,,multi_full_20260502_195405_0002,2026-05-02T22:25:25.996495,https://sa.trip.com/hotels/istanbul-hotel-detail-119012234/gardenmode-airport-hotel/,https://sa.trip.com/?locale=ar-sa,False,https://sa.trip.com/hotels/istanbul-hotel-detail-119012234/gardenmode-airport-hotel/,https://sa.trip.com/?locale=ar-sa,https://sa.trip.com/hotels/istanbul-hotel-detail-119012234/gardenmode-airport-hotel/,recon_page,2026-05-02T22:25:26.052807
63,1,3,0,0,0,0,1,0,11,0,com,200,2,321096,470.68399999999997,0,0,16,0,unknown,0,html,1,8,0,0,0,0,0,0,0,0,0,0,1,2,0,0,1,2,0,0,0,0,1,20,0,0,0,0,1,43,32,0,11,1,135,114,21,1,48,1,13,1,10,1,0,0,1,0,0,0,0,0,0,0,0,0,1,1,0,0,0,0,0,0,0,0,0,0,0,0,0,0,0.0,1.0,0.0,0,0,0,0,0,0,0,0,0,0,0,0,132,0,0,44,0,0,0,0,0,0.0,0.00013391633654732542,0.0,0.06851533497770138,0,,multi_full_20260502_195405_0002,2026-05-02T22:25:26.143785,https://sa.trip.com/flights/hatay-to-istanbul/airfares-hty-ist/,https://sa.trip.com/?locale=ar-sa,False,https://sa.trip.com/flights/hatay-to-istanbul/airfares-hty-ist/,https://sa.trip.com/?locale=ar-sa,https://sa.trip.com/flights/hatay-to-istanbul/airfares-hty-ist/,recon_page,2026-05-02T22:25:26.228169
65,1,3,0,0,0,0,1,0,11,0,com,200,2,333125,596.649,0,0,17,0,unknown,0,html,1,8,0,0,0,0,0,0,0,0,0,0,1,2,0,0,1,2,0,0,0,0,1,22,0,0,0,0,1,43,32,0,11,1,136,115,21,1,51,1,13,1,10,1,0,0,1,0,0,0,0,0,0,0,0,0,1,1,0,0,0,0,0,0,0,0,0,0,0,0,0,0,0.0,1.0,0.0,0,0,0,0,0,0,0,0,0,0,0,0,133,0,0,59,0,0,0,0,0,0.0,0.00012908067542213885,0.0,0.07204502814258912,0,,multi_full_20260502_195405_0002,2026-05-02T22:25:26.220261,https://sa.trip.com/flights/algiers-to-istanbul/airfares-alg-ist/,https://sa.trip.com/?locale=ar-sa,False,https://sa.trip.com/flights/algiers-to-istanbul/airfares-alg-ist/,https://sa.trip.com/?locale=ar-sa,https://sa.trip.com/flights/algiers-to-istanbul/airfares-alg-ist/,recon_page,2026-05-02T22:25:26.309136
86,1,3,0,0,0,0,1,0,11,0,com,200,2,479076,380.64300000000003,0,0,20,0,unknown,1,html,1,9,0,1,1,0,0,0,0,0,0,0,1,5,0,0,1,2,0,0,0,0,1,18,0,0,0,0,1,28,22,0,6,1,37,17,20,1,35,1,2,1,3,1,1,24,0,0,0,0,0,0,0,0,0,0,1,1,0,0,0,0,0,0,0,0,0,0,1,1,0,0,0.0,1.0,0.0,0,0,0,0,0,0,0,0,0,0,0,0,41,12,1,0,0,0,0,0,0,0.0,5.84458415783717e-05,0.125,0.048009084153662465,0,,multi_full_20260502_195405_0002,2026-05-02T22:25:26.310524,https://sa.trip.com/hotels/istanbul-hotel-detail-5918939/crowne-plaza-florya-istanbul/,https://sa.trip.com/?locale=ar-sa,False,https://sa.trip.com/hotels/istanbul-hotel-detail-5918939/crowne-plaza-florya-istanbul/,https://sa.trip.com/?locale=ar-sa,https://sa.trip.com/hotels/istanbul-hotel-detail-5918939/crowne-plaza-florya-istanbul/,recon_page,2026-05-02T22:25:26.321923
65,1,3,0,0,0,0,1,0,11,0,com,200,2,252514,429.5,0,0,16,0,unknown,0,html,1,8,0,0,0,0,0,0,0,0,0,0,1,2,0,0,1,2,0,0,0,0,1,20,0,0,0,0,1,40,29,0,11,1,93,72,21,1,34,1,13,1,10,1,0,0,1,0,0,0,0,0,0,0,0,0,1,1,0,0,0,0,0,0,0,0,0,0,0,0,0,0,0.0,1.0,0.0,0,0,0,0,0,0,0,0,0,0,0,0,91,0,0,20,0,0,0,0,0,0.0,0.00015840705861853204,0.0,0.08712388224019262,0,,multi_full_20260502_195405_0002,2026-05-02T22:25:47.063237,https://sa.trip.com/flights/istanbul-to-enfidha/airfares-ist-nbe/,https://sa.trip.com/?locale=ar-sa,False,https://sa.trip.com/flights/istanbul-to-enfidha/airfares-ist-nbe/,https://sa.trip.com/?locale=ar-sa,https://sa.trip.com/flights/istanbul-to-enfidha/airfares-ist-nbe/,recon_page,2026-05-02T22:25:47.067545
83,1,4,0,0,0,0,1,0,11,0,com,200,2,362281,485.437,0,0,19,0,unknown,1,html,1,9,0,1,1,0,0,0,0,0,0,0,1,5,0,0,1,2,0,0,0,0,1,8,0,0,0,0,1,28,22,0,6,1,37,17,20,1,24,1,2,1,3,1,1,14,0,0,0,0,0,0,0,0,0,0,1,1,0,0,0,0,0,0,0,0,0,0,1,1,0,0,0.0,1.0,0.0,0,0,0,0,0,0,0,0,0,0,0,0,41,12,1,0,0,0,0,0,0,0.0,7.728807196623615e-05,0.125,0.03588374769860964,0,,multi_full_20260502_195405_0002,2026-05-02T22:26:20.776171,https://sa.trip.com/hotels/istanbul-hotel-detail-2195544/romantic-hotel-istanbul/\/,https://sa.trip.com/?locale=ar-sa,False,https://sa.trip.com/hotels/istanbul-hotel-detail-2195544/romantic-hotel-istanbul/\/,https://sa.trip.com/?locale=ar-sa,https://sa.trip.com/hotels/istanbul-hotel-detail-2195544/romantic-hotel-istanbul/\/,recon_page,2026-05-02T22:26:20.779773
192,1,3,1,1,0,0,1,0,11,0,com,200,2,294691,419.59999999999997,0,0,20,0,unknown,1,html,1,9,0,1,1,0,0,0,0,0,0,0,1,5,0,0,1,2,0,0,0,0,1,16,0,0,0,0,1,28,22,0,6,1,37,17,20,1,18,1,2,1,3,1,1,14,0,0,0,0,0,0,0,0,0,0,1,1,0,0,0,0,0,0,0,0,0,0,1,1,0,0,0.0,1.0,0.0,0,0,0,0,0,0,0,0,0,0,0,0,41,12,1,0,0,0,0,0,0,0.0,9.50147781913937e-05,0.125,0.07126108364354528,0,,multi_full_20260502_195405_0002,2026-05-02T22:26:39.945989,https://sa.trip.com/hotels/istanbul-hotel-detail-744294/lion-hotel/?checkin=2026-05-10\u0026city=532\u0026module=list\u0026link=button\u0026from_page=list\u0026adult=1\u0026checkout=2026-05-11,https://sa.trip.com/?locale=ar-sa,False,https://sa.trip.com/hotels/istanbul-hotel-detail-744294/lion-hotel/?checkin=2026-05-10\u0026city=532\u0026module=list\u0026link=button\u0026from_page=list\u0026adult=1\u0026checkout=2026-05-11,https://sa.trip.com/?locale=ar-sa,https://sa.trip.com/hotels/istanbul-hotel-detail-744294/lion-hotel/?checkin=2026-05-10\u0026city=532\u0026module=list\u0026link=button\u0026from_page=list\u0026adult=1\u0026checkout=2026-05-11,recon_page,2026-05-02T22:26:39.966210
78,1,2,1,1,0,0,1,0,11,0,com,200,2,100444,642.015,0,0,18,0,unknown,0,html,1,7,0,1,1,0,0,0,0,0,0,0,1,7,0,0,1,2,0,0,0,0,1,1,0,0,0,0,1,4,3,0,1,1,25,12,13,0,0,1,14,1,2,1,1,1,1,0,0,0,0,0,0,0,0,0,1,1,0,0,0,0,0,0,0,0,0,0,1,2,0,0,0.0,0.0,0.0,0,0,0,0,0,0,0,0,0,0,0,0,25,12,1,0,0,0,0,0,0,0.0,3.982318505834097e-05,0.125,0.07964637011668194,0,,multi_full_20260502_195405_0002,2026-05-02T22:26:59.039497,https://sa.trip.com/hotels/list/?city=532\u0026listFilters=75~TAG_561*75*561*2,https://sa.trip.com/?locale=ar-sa,False,https://sa.trip.com/hotels/list/?city=532\u0026listFilters=75~TAG_561*75*561*2,https://sa.trip.com/?locale=ar-sa,https://sa.trip.com/hotels/list/?city=532\u0026listFilters=75~TAG_561*75*561*2,recon_page,2026-05-02T22:26:59.042638
80,1,3,0,0,0,0,1,0,11,0,com,200,2,323972,323.883,0,0,19,0,unknown,1,html,1,9,0,1,1,0,0,0,0,0,0,0,1,5,0,0,1,2,0,0,0,0,1,11,0,0,0,0,1,28,22,0,6,1,37,17,20,1,15,1,2,1,3,1,1,14,0,0,0,0,0,0,0,0,0,0,1,1,0,0,0,0,0,0,0,0,0,0,1,1,0,0,0.0,1.0,0.0,0,0,0,0,0,0,0,0,0,0,0,0,41,12,1,0,0,0,0,0,0,0.0,8.642722210561407e-05,0.125,0.0493869840603509,0,,multi_full_20260502_195405_0002,2026-05-02T22:27:14.883758,https://sa.trip.com/hotels/istanbul-hotel-detail-125657246/sweet-hotel-istanbul/,https://sa.trip.com/?locale=ar-sa,False,https://sa.trip.com/hotels/istanbul-hotel-detail-125657246/sweet-hotel-istanbul/,https://sa.trip.com/?locale=ar-sa,https://sa.trip.com/hotels/istanbul-hotel-detail-125657246/sweet-hotel-istanbul/,recon_page,2026-05-02T22:27:14.891643
70,1,2,1,1,0,0,1,0,11,0,com,200,2,100404,602.7,0,0,17,0,unknown,0,html,1,7,0,1,1,0,0,0,0,0,0,0,1,7,0,0,1,2,0,0,0,0,1,1,0,0,0,0,1,4,3,0,1,1,25,12,13,0,0,1,14,1,2,1,1,1,1,0,0,0,0,0,0,0,0,0,1,1,0,0,0,0,0,0,0,0,0,0,1,2,0,0,0.0,0.0,0.0,0,0,0,0,0,0,0,0,0,0,0,0,25,12,1,0,0,0,0,0,0,0.0,3.9839050237042346e-05,0.125,0.0796781004740847,0,,multi_full_20260502_195405_0002,2026-05-02T22:27:50.901568,https://sa.trip.com/hotels/list/?city=532\u0026listFilters=3~44*3*44*2,https://sa.trip.com/?locale=ar-sa,False,https://sa.trip.com/hotels/list/?city=532\u0026listFilters=3~44*3*44*2,https://sa.trip.com/?locale=ar-sa,https://sa.trip.com/hotels/list/?city=532\u0026listFilters=3~44*3*44*2,recon_page,2026-05-02T22:27:50.917313
204,1,3,1,1,0,0,1,0,11,0,com,200,2,339490,454.963,0,0,19,0,unknown,1,html,1,9,0,1,1,0,0,0,0,0,0,0,1,5,0,0,1,2,0,0,0,0,1,12,0,0,0,0,1,28,22,0,6,1,37,17,20,1,21,1,2,1,3,1,1,14,0,0,0,0,0,0,0,0,0,0,1,1,0,0,0,0,0,0,0,0,0,0,1,1,0,0,0.0,1.0,0.0,0,0,0,0,0,0,0,0,0,0,0,0,41,12,1,0,0,0,0,0,0,0.0,8.247665616071165e-05,0.125,0.0500751126690035,0,,multi_full_20260502_195405_0002,2026-05-02T22:27:51.344673,https://sa.trip.com/hotels/istanbul-hotel-detail-47529591/sultanahmet-nu-hotel/?checkin=2026-05-10\u0026city=532\u0026module=list\u0026link=button\u0026from_page=list\u0026adult=1\u0026checkout=2026-05-11,https://sa.trip.com/?locale=ar-sa,False,https://sa.trip.com/hotels/istanbul-hotel-detail-47529591/sultanahmet-nu-hotel/?checkin=2026-05-10\u0026city=532\u0026module=list\u0026link=button\u0026from_page=list\u0026adult=1\u0026checkout=2026-05-11,https://sa.trip.com/?locale=ar-sa,https://sa.trip.com/hotels/istanbul-hotel-detail-47529591/sultanahmet-nu-hotel/?checkin=2026-05-10\u0026city=532\u0026module=list\u0026link=button\u0026from_page=list\u0026adult=1\u0026checkout=2026-05-11,recon_page,2026-05-02T22:27:51.376097
63,1,3,0,0,0,0,1,0,11,0,com,200,2,339402,529.638,0,0,17,0,unknown,0,html,1,8,0,0,0,0,0,0,0,0,0,0,1,2,0,0,1,2,0,0,0,0,1,22,0,0,0,0,1,43,32,0,11,1,148,127,21,1,64,1,13,1,10,1,0,0,1,0,0,0,0,0,0,0,0,0,1,1,0,0,0,0,0,0,0,0,0,0,0,0,0,0,0.0,1.0,0.0,0,0,0,0,0,0,0,0,0,0,0,0,145,0,0,59,0,0,0,0,0,0.0,0.000126693419602713,0.0,0.07071260628988633,0,,multi_full_20260502_195405_0002,2026-05-02T22:27:51.480528,https://sa.trip.com/flights/cairo-to-istanbul/airfares-cai-ist/,https://sa.trip.com/?locale=ar-sa,False,https://sa.trip.com/flights/cairo-to-istanbul/airfares-cai-ist/,https://sa.trip.com/?locale=ar-sa,https://sa.trip.com/flights/cairo-to-istanbul/airfares-cai-ist/,recon_page,2026-05-02T22:27:51.506658
194,1,3,1,1,0,0,1,0,11,0,com,200,2,369753,342.932,0,0,20,0,unknown,1,html,1,9,0,1,1,0,0,0,0,0,0,0,1,5,0,0,1,2,0,0,0,0,1,18,0,0,0,0,1,28,22,0,6,1,37,17,20,1,22,1,2,1,3,1,1,14,0,0,0,0,0,0,0,0,0,0,1,1,0,0,0,0,0,0,0,0,0,0,1,1,0,0,0.0,1.0,0.0,0,0,0,0,0,0,0,0,0,0,0,0,41,12,1,0,0,0,0,0,0,0.0,7.572622804953577e-05,0.125,0.06220368732640438,0,,multi_full_20260502_195405_0002,2026-05-02T22:27:51.635789,https://sa.trip.com/hotels/istanbul-hotel-detail-133281351/mays-otel/?checkin=2026-05-10\u0026city=532\u0026module=list\u0026link=button\u0026from_page=list\u0026adult=1\u0026checkout=2026-05-11,https://sa.trip.com/?locale=ar-sa,False,https://sa.trip.com/hotels/istanbul-hotel-detail-133281351/mays-otel/?checkin=2026-05-10\u0026city=532\u0026module=list\u0026link=button\u0026from_page=list\u0026adult=1\u0026checkout=2026-05-11,https://sa.trip.com/?locale=ar-sa,https://sa.trip.com/hotels/istanbul-hotel-detail-133281351/mays-otel/?checkin=2026-05-10\u0026city=532\u0026module=list\u0026link=button\u0026from_page=list\u0026adult=1\u0026checkout=2026-05-11,recon_page,2026-05-02T22:27:51.641548
144,1,3,1,1,0,0,1,0,11,0,com,200,2,102424,935.765,0,0,18,0,unknown,0,html,1,7,0,1,1,0,0,0,0,0,0,0,1,7,0,0,1,2,0,0,0,0,1,1,0,0,0,0,1,4,3,0,1,1,25,12,13,0,0,1,14,1,2,1,1,1,1,0,0,0,0,0,0,0,0,0,1,1,0,0,0,0,0,0,0,0,0,0,1,2,0,0,0.0,0.0,0.0,0,0,0,0,0,0,0,0,0,0,0,0,25,12,1,0,0,0,0,0,0,0.0,3.9053346871826916e-05,0.125,0.07810669374365382,0,,multi_full_20260502_195405_0002,2026-05-02T22:27:52.146988,https://sa.trip.com/hotels/list/searchresults/?city=532\u0026hotelid=81446019\u0026sourcefromseo_tracelogid=0f8d7370-b743-49b6-9d2a-15b11945b0c9,https://sa.trip.com/?locale=ar-sa,False,https://sa.trip.com/hotels/list/searchresults/?city=532\u0026hotelid=81446019\u0026sourcefromseo_tracelogid=0f8d7370-b743-49b6-9d2a-15b11945b0c9,https://sa.trip.com/?locale=ar-sa,https://sa.trip.com/hotels/list/searchresults/?city=532\u0026hotelid=81446019\u0026sourcefromseo_tracelogid=0f8d7370-b743-49b6-9d2a-15b11945b0c9,recon_page,2026-05-02T22:27:52.178955
467,1,3,1,1,0,0,1,0,11,0,com,200,2,104277,859.37,0,0,18,0,unknown,0,html,1,7,0,1,1,0,0,0,0,0,0,0,1,7,0,0,1,2,0,0,0,0,1,1,0,0,0,0,1,4,3,0,1,1,25,12,13,0,0,1,14,1,2,1,1,1,1,0,0,0,0,0,0,0,0,0,1,1,0,0,0,0,0,0,0,0,0,0,1,2,0,0,0.0,0.0,0.0,0,0,0,0,0,0,0,0,0,0,0,0,25,12,1,0,0,0,0,0,0,0.0,3.835936975555492e-05,0.125,0.07671873951110983,0,,multi_full_20260502_195405_0002,2026-05-02T22:27:52.181386,https://sa.trip.com/hotels/list/searchresults/?city=532\u0026hotelid=129527198\u0026searchWord=%D8%A5%D8%B3%D8%B7%D9%86%D8%A8%D9%88%D9%84+%D8%A5%D8%B7%D9%84%D8%A7%D9%84%D8%A9+%D8%B9%D9%84%D9%89+%D8%A7%D9%84%D8%A8%D8%AD%D8%B1\u0026searchType=H\u0026searchValue=30%7C%D8%A5%D8%B7%D9%84%D8%A7%D9%84%D8%A7%D8%AA+%D8%B9%D9%84%D9%89+%D8%A7%D9%84%D9%85%D8%AD%D9%8A%D8%B7_30_%D8%A5%D8%B7%D9%84%D8%A7%D9%84%D8%A7%D8%AA+%D8%B9%D9%84%D9%89+%D8%A7%D9%84%D9%85%D8%AD%D9%8A%D8%B7_1,https://sa.trip.com/?locale=ar-sa,False,https://sa.trip.com/hotels/list/searchresults/?city=532\u0026hotelid=129527198\u0026searchWord=%D8%A5%D8%B3%D8%B7%D9%86%D8%A8%D9%88%D9%84+%D8%A5%D8%B7%D9%84%D8%A7%D9%84%D8%A9+%D8%B9%D9%84%D9%89+%D8%A7%D9%84%D8%A8%D8%AD%D8%B1\u0026searchType=H\u0026searchValue=30%7C%D8%A5%D8%B7%D9%84%D8%A7%D9%84%D8%A7%D8%AA+%D8%B9%D9%84%D9%89+%D8%A7%D9%84%D9%85%D8%AD%D9%8A%D8%B7_30_%D8%A5%D8%B7%D9%84%D8%A7%D9%84%D8%A7%D8%AA+%D8%B9%D9%84%D9%89+%D8%A7%D9%84%D9%85%D8%AD%D9%8A%D8%B7_1,https://sa.trip.com/?locale=ar-sa,https://sa.trip.com/hotels/list/searchresults/?city=532\u0026hotelid=129527198\u0026searchWord=%D8%A5%D8%B3%D8%B7%D9%86%D8%A8%D9%88%D9%84+%D8%A5%D8%B7%D9%84%D8%A7%D9%84%D8%A9+%D8%B9%D9%84%D9%89+%D8%A7%D9%84%D8%A8%D8%AD%D8%B1\u0026searchType=H\u0026searchValue=30%7C%D8%A5%D8%B7%D9%84%D8%A7%D9%84%D8%A7%D8%AA+%D8%B9%D9%84%D9%89+%D8%A7%D9%84%D9%85%D8%AD%D9%8A%D8%B7_30_%D8%A5%D8%B7%D9%84%D8%A7%D9%84%D8%A7%D8%AA+%D8%B9%D9%84%D9%89+%D8%A7%D9%84%D9%85%D8%AD%D9%8A%D8%B7_1,recon_page,2026-05-02T22:27:52.201083
70,1,3,0,0,0,0,1,0,11,0,com,200,2,361741,339.611,0,0,19,0,unknown,1,html,1,9,0,1,1,0,0,0,0,0,0,0,1,5,0,0,1,2,0,0,0,0,1,18,0,0,0,0,1,28,22,0,6,1,37,17,20,1,33,1,2,1,3,1,1,14,0,0,0,0,0,0,0,0,0,0,1,1,0,0,0,0,0,0,0,0,0,0,1,1,0,0,0.0,1.0,0.0,0,0,0,0,0,0,0,0,0,0,0,0,41,12,1,0,0,0,0,0,0,0.0,7.740344611199726e-05,0.125,0.06358140216342632,0,,multi_full_20260502_195405_0002,2026-05-02T22:27:52.503369,https://sa.trip.com/hotels/istanbul-hotel-detail-129300731/taksimblue/,https://sa.trip.com/?locale=ar-sa,False,https://sa.trip.com/hotels/istanbul-hotel-detail-129300731/taksimblue/,https://sa.trip.com/?locale=ar-sa,https://sa.trip.com/hotels/istanbul-hotel-detail-129300731/taksimblue/,recon_page,2026-05-02T22:27:52.558964
81,1,3,0,0,0,0,1,0,11,0,com,200,2,391315,679.202,0,0,19,0,unknown,1,html,1,9,0,1,1,0,0,0,0,0,0,0,1,5,0,0,1,2,0,0,0,0,1,11,0,0,0,0,1,28,22,0,6,1,37,17,20,1,23,1,2,1,3,1,1,14,0,0,0,0,0,0,0,0,0,0,1,1,0,0,0,0,0,0,0,0,0,0,1,1,0,0,0.0,1.0,0.0,0,0,0,0,0,0,0,0,0,0,0,0,41,12,1,0,0,0,0,0,0,0.0,7.155360770734575e-05,0.125,0.040887775832768994,0,,multi_full_20260502_195405_0002,2026-05-02T22:27:52.445888,https://sa.trip.com/hotels/istanbul-hotel-detail-132953352/sistina-old-cty-hotel/,https://sa.trip.com/?locale=ar-sa,False,https://sa.trip.com/hotels/istanbul-hotel-detail-132953352/sistina-old-cty-hotel/,https://sa.trip.com/?locale=ar-sa,https://sa.trip.com/hotels/istanbul-hotel-detail-132953352/sistina-old-cty-hotel/,recon_page,2026-05-02T22:27:52.549021
96,1,3,0,0,0,0,1,0,11,0,com,200,2,418779,401.28000000000003,0,0,19,0,unknown,1,html,1,9,0,1,1,0,0,0,0,0,0,0,1,5,0,0,1,2,0,0,0,0,1,18,0,0,0,0,1,28,22,0,6,1,37,17,20,1,29,1,2,1,3,1,1,14,0,0,0,0,0,0,0,0,0,0,1,1,0,0,0,0,0,0,0,0,0,0,1,1,0,0,0.0,1.0,0.0,0,0,0,0,0,0,0,0,0,0,0,0,41,12,1,0,0,0,0,0,0,0.0,6.686104126520193e-05,0.125,0.05492156961070159,0,,multi_full_20260502_195405_0002,2026-05-02T22:27:52.565150,https://sa.trip.com/hotels/istanbul-hotel-detail-2109362/hilton-garden-inn-istanbul-golden-horn/,https://sa.trip.com/?locale=ar-sa,False,https://sa.trip.com/hotels/istanbul-hotel-detail-2109362/hilton-garden-inn-istanbul-golden-horn/,https://sa.trip.com/?locale=ar-sa,https://sa.trip.com/hotels/istanbul-hotel-detail-2109362/hilton-garden-inn-istanbul-golden-horn/,recon_page,2026-05-02T22:27:52.573100
204,1,3,1,1,0,0,1,0,11,0,com,200,2,371737,353.312,0,0,19,0,unknown,1,html,1,9,0,1,1,0,0,0,0,0,0,0,1,5,0,0,1,2,0,0,0,0,1,15,0,0,0,0,1,28,22,0,6,1,37,17,20,1,22,1,2,1,3,1,1,14,0,0,0,0,0,0,0,0,0,0,1,1,0,0,0,0,0,0,0,0,0,0,1,1,0,0,0.0,1.0,0.0,0,0,0,0,0,0,0,0,0,0,0,0,41,12,1,0,0,0,0,0,0,0.0,7.53220690972381e-05,0.125,0.05380147792659864,0,,multi_full_20260502_195405_0002,2026-05-02T22:27:52.548335,https://sa.trip.com/hotels/istanbul-hotel-detail-3929075/mint-residence-taksim/?checkin=2026-05-10\u0026city=532\u0026module=list\u0026link=button\u0026from_page=list\u0026adult=1\u0026checkout=2026-05-11,https://sa.trip.com/?locale=ar-sa,False,https://sa.trip.com/hotels/istanbul-hotel-detail-3929075/mint-residence-taksim/?checkin=2026-05-10\u0026city=532\u0026module=list\u0026link=button\u0026from_page=list\u0026adult=1\u0026checkout=2026-05-11,https://sa.trip.com/?locale=ar-sa,https://sa.trip.com/hotels/istanbul-hotel-detail-3929075/mint-residence-taksim/?checkin=2026-05-10\u0026city=532\u0026module=list\u0026link=button\u0026from_page=list\u0026adult=1\u0026checkout=2026-05-11,recon_page,2026-05-02T22:27:52.572543
215,1,3,1,1,0,0,1,0,11,0,com,200,2,394064,364.92400000000004,0,0,20,0,unknown,1,html,1,9,0,1,1,0,0,0,0,0,0,0,1,5,0,0,1,2,0,0,0,0,1,15,0,0,0,0,1,28,22,0,6,1,37,17,20,1,27,1,2,1,3,1,1,21,0,0,0,0,0,0,0,0,0,0,1,1,0,0,0,0,0,0,0,0,0,0,1,1,0,0,0.0,1.0,0.0,0,0,0,0,0,0,0,0,0,0,0,0,41,12,1,0,0,0,0,0,0,0.0,7.105444800844532e-05,0.125,0.050753177148889515,0,,multi_full_20260502_195405_0002,2026-05-02T22:27:52.790437,https://sa.trip.com/hotels/istanbul-hotel-detail-45078478/topkapi-kunlun-kensington-hotel/?checkin=2026-05-10\u0026city=532\u0026module=list\u0026link=button\u0026from_page=list\u0026adult=1\u0026checkout=2026-05-11,https://sa.trip.com/?locale=ar-sa,False,https://sa.trip.com/hotels/istanbul-hotel-detail-45078478/topkapi-kunlun-kensington-hotel/?checkin=2026-05-10\u0026city=532\u0026module=list\u0026link=button\u0026from_page=list\u0026adult=1\u0026checkout=2026-05-11,https://sa.trip.com/?locale=ar-sa,https://sa.trip.com/hotels/istanbul-hotel-detail-45078478/topkapi-kunlun-kensington-hotel/?checkin=2026-05-10\u0026city=532\u0026module=list\u0026link=button\u0026from_page=list\u0026adult=1\u0026checkout=2026-05-11,recon_page,2026-05-02T22:27:52.794897
65,1,3,0,0,0,0,1,0,11,0,com,200,2,337249,515.676,0,0,17,0,unknown,0,html,1,8,0,0,0,0,0,0,0,0,0,0,1,2,0,0,1,2,0,0,0,0,1,22,0,0,0,0,1,43,32,0,11,1,148,127,21,1,60,1,13,1,10,1,0,0,1,0,0,0,0,0,0,0,0,0,1,1,0,0,0,0,0,0,0,0,0,0,0,0,0,0,0.0,1.0,0.0,0,0,0,0,0,0,0,0,0,0,0,0,145,0,0,59,0,0,0,0,0,0.0,0.00012750223128904755,0.0,0.07116403606830561,0,,multi_full_20260502_195405_0002,2026-05-02T22:27:54.956098,https://sa.trip.com/flights/tbilisi-to-istanbul/airfares-tbs-ist/,https://sa.trip.com/?locale=ar-sa,False,https://sa.trip.com/flights/tbilisi-to-istanbul/airfares-tbs-ist/,https://sa.trip.com/?locale=ar-sa,https://sa.trip.com/flights/tbilisi-to-istanbul/airfares-tbs-ist/,recon_page,2026-05-02T22:27:54.959777
72,1,2,1,1,0,0,1,0,11,0,com,200,2,100414,595.234,0,0,18,0,unknown,0,html,1,7,0,1,1,0,0,0,0,0,0,0,1,7,0,0,1,2,0,0,0,0,1,1,0,0,0,0,1,4,3,0,1,1,25,12,13,0,0,1,14,1,2,1,1,1,1,0,0,0,0,0,0,0,0,0,1,1,0,0,0,0,0,0,0,0,0,0,1,2,0,0,0.0,0.0,0.0,0,0,0,0,0,0,0,0,0,0,0,0,25,12,1,0,0,0,0,0,0,0.0,3.983508275738443e-05,0.125,0.07967016551476885,0,,multi_full_20260502_195405_0002,2026-05-02T22:28:49.227491,https://sa.trip.com/hotels/list/?city=532\u0026listFilters=3~140*3*140*2,https://sa.trip.com/?locale=ar-sa,False,https://sa.trip.com/hotels/list/?city=532\u0026listFilters=3~140*3*140*2,https://sa.trip.com/?locale=ar-sa,https://sa.trip.com/hotels/list/?city=532\u0026listFilters=3~140*3*140*2,recon_page,2026-05-02T22:28:49.233364
68,1,2,1,1,0,0,1,0,11,0,com,200,2,100394,678.9309999999999,0,0,18,0,unknown,0,html,1,7,0,1,1,0,0,0,0,0,0,0,1,7,0,0,1,2,0,0,0,0,1,1,0,0,0,0,1,4,3,0,1,1,25,12,13,0,0,1,14,1,2,1,1,1,1,0,0,0,0,0,0,0,0,0,1,1,0,0,0,0,0,0,0,0,0,0,1,2,0,0,0.0,0.0,0.0,0,0,0,0,0,0,0,0,0,0,0,0,25,12,1,0,0,0,0,0,0,0.0,3.9843018507082095e-05,0.125,0.07968603701416418,0,,multi_full_20260502_195405_0002,2026-05-02T22:29:02.271444,https://sa.trip.com/hotels/list/?city=532\u0026listFilters=4~1*4*1*2,https://sa.trip.com/?locale=ar-sa,False,https://sa.trip.com/hotels/list/?city=532\u0026listFilters=4~1*4*1*2,https://sa.trip.com/?locale=ar-sa,https://sa.trip.com/hotels/list/?city=532\u0026listFilters=4~1*4*1*2,recon_page,2026-05-02T22:29:02.275739
73,1,3,0,0,0,0,1,0,11,0,com,200,2,269567,799.3430000000001,0,0,17,0,unknown,0,html,1,8,0,0,0,0,0,0,0,0,0,0,1,2,0,0,1,2,0,0,0,0,1,20,0,0,0,0,1,42,31,0,11,1,125,104,21,1,41,1,13,1,10,1,0,0,1,0,0,0,0,0,0,0,0,0,1,1,0,0,0,0,0,0,0,0,0,0,0,0,0,0,0.0,1.0,0.0,0,0,0,0,0,0,0,0,0,0,0,0,123,0,0,21,0,0,0,0,0,0.0,0.0001558054212867302,0.0,0.08161236353114439,0,,multi_full_20260502_195405_0002,2026-05-02T22:29:21.847071,https://sa.trip.com/flights/istanbul-to-phu-quoc-island/airfares-ist-pqc/,https://sa.trip.com/?locale=ar-sa,False,https://sa.trip.com/flights/istanbul-to-phu-quoc-island/airfares-ist-pqc/,https://sa.trip.com/?locale=ar-sa,https://sa.trip.com/flights/istanbul-to-phu-quoc-island/airfares-ist-pqc/,recon_page,2026-05-02T22:29:21.851227
78,1,2,1,1,0,0,1,0,11,0,com,200,2,100444,682.908,0,0,18,0,unknown,0,html,1,7,0,1,1,0,0,0,0,0,0,0,1,7,0,0,1,2,0,0,0,0,1,1,0,0,0,0,1,4,3,0,1,1,25,12,13,0,0,1,14,1,2,1,1,1,1,0,0,0,0,0,0,0,0,0,1,1,0,0,0,0,0,0,0,0,0,0,1,2,0,0,0.0,0.0,0.0,0,0,0,0,0,0,0,0,0,0,0,0,25,12,1,0,0,0,0,0,0,0.0,3.982318505834097e-05,0.125,0.07964637011668194,0,,multi_full_20260502_195405_0002,2026-05-02T22:29:41.278453,https://sa.trip.com/hotels/list/?city=532\u0026listFilters=75~TAG_514*75*514*2,https://sa.trip.com/?locale=ar-sa,False,https://sa.trip.com/hotels/list/?city=532\u0026listFilters=75~TAG_514*75*514*2,https://sa.trip.com/?locale=ar-sa,https://sa.trip.com/hotels/list/?city=532\u0026listFilters=75~TAG_514*75*514*2,recon_page,2026-05-02T22:29:41.286026
486,1,2,1,1,0,0,1,0,11,0,com,200,2,102755,793.618,0,0,17,0,unknown,0,html,1,7,0,1,1,0,0,0,0,0,0,0,1,7,0,0,1,2,0,0,0,0,1,1,0,0,0,0,1,4,3,0,1,1,25,12,13,0,0,1,14,1,2,1,1,1,1,0,0,0,0,0,0,0,0,0,1,1,0,0,0,0,0,0,0,0,0,0,1,2,0,0,0.0,0.0,0.0,0,0,0,0,0,0,0,0,0,0,0,0,25,12,1,0,0,0,0,0,0,0.0,3.8927546104812415e-05,0.125,0.07785509220962485,0,,multi_full_20260502_195405_0002,2026-05-02T22:30:01.370951,https://sa.trip.com/hotels/list/?city=532\u0026searchWord=%D8%A5%D8%B3%D8%B7%D9%86%D8%A8%D9%88%D9%84+%D8%AE%D8%AF%D9%85%D8%A9+%D9%86%D9%82%D9%84+%D9%85%D9%86+%D9%88%D8%A5%D9%84%D9%89+%D8%A7%D9%84%D9%85%D8%B7%D8%A7%D8%B1\u0026searchType=H\u0026searchValue=30%7C%D8%AE%D8%AF%D9%85%D8%A9+%D8%A7%D9%86%D8%AA%D9%82%D8%A7%D9%84%D8%A7%D8%AA+%D8%A7%D9%84%D9%85%D8%B7%D8%A7%D8%B1_30_%D8%AE%D8%AF%D9%85%D8%A9+%D8%A7%D9%86%D8%AA%D9%82%D8%A7%D9%84%D8%A7%D8%AA+%D8%A7%D9%84%D9%85%D8%B7%D8%A7%D8%B1_1,https://sa.trip.com/?locale=ar-sa,False,https://sa.trip.com/hotels/list/?city=532\u0026searchWord=%D8%A5%D8%B3%D8%B7%D9%86%D8%A8%D9%88%D9%84+%D8%AE%D8%AF%D9%85%D8%A9+%D9%86%D9%82%D9%84+%D9%85%D9%86+%D9%88%D8%A5%D9%84%D9%89+%D8%A7%D9%84%D9%85%D8%B7%D8%A7%D8%B1\u0026searchType=H\u0026searchValue=30%7C%D8%AE%D8%AF%D9%85%D8%A9+%D8%A7%D9%86%D8%AA%D9%82%D8%A7%D9%84%D8%A7%D8%AA+%D8%A7%D9%84%D9%85%D8%B7%D8%A7%D8%B1_30_%D8%AE%D8%AF%D9%85%D8%A9+%D8%A7%D9%86%D8%AA%D9%82%D8%A7%D9%84%D8%A7%D8%AA+%D8%A7%D9%84%D9%85%D8%B7%D8%A7%D8%B1_1,https://sa.trip.com/?locale=ar-sa,https://sa.trip.com/hotels/list/?city=532\u0026searchWord=%D8%A5%D8%B3%D8%B7%D9%86%D8%A8%D9%88%D9%84+%D8%AE%D8%AF%D9%85%D8%A9+%D9%86%D9%82%D9%84+%D9%85%D9%86+%D9%88%D8%A5%D9%84%D9%89+%D8%A7%D9%84%D9%85%D8%B7%D8%A7%D8%B1\u0026searchType=H\u0026searchValue=30%7C%D8%AE%D8%AF%D9%85%D8%A9+%D8%A7%D9%86%D8%AA%D9%82%D8%A7%D9%84%D8%A7%D8%AA+%D8%A7%D9%84%D9%85%D8%B7%D8%A7%D8%B1_30_%D8%AE%D8%AF%D9%85%D8%A9+%D8%A7%D9%86%D8%AA%D9%82%D8%A7%D9%84%D8%A7%D8%AA+%D8%A7%D9%84%D9%85%D8%B7%D8%A7%D8%B1_1,recon_page,2026-05-02T22:30:01.397343
96,1,4,0,0,0,0,1,0,11,0,com,200,2,362363,381.106,0,0,20,0,unknown,1,html,1,9,0,1,1,0,0,0,0,0,0,0,1,5,0,0,1,2,0,0,0,0,1,11,0,0,0,0,1,28,22,0,6,1,37,17,20,1,26,1,2,1,3,1,1,28,0,0,0,0,0,0,0,0,0,0,1,1,0,0,0,0,0,0,0,0,0,0,1,1,0,0,0.0,1.0,0.0,0,0,0,0,0,0,0,0,0,0,0,0,41,12,1,0,0,0,0,0,0,0.0,7.727058226143397e-05,0.125,0.04415461843510513,0,,multi_full_20260502_195405_0002,2026-05-02T22:30:23.391453,https://sa.trip.com/hotels/istanbul-hotel-detail-7141153/soho-house-istanbul-special-category/\/,https://sa.trip.com/?locale=ar-sa,False,https://sa.trip.com/hotels/istanbul-hotel-detail-7141153/soho-house-istanbul-special-category/\/,https://sa.trip.com/?locale=ar-sa,https://sa.trip.com/hotels/istanbul-hotel-detail-7141153/soho-house-istanbul-special-category/\/,recon_page,2026-05-02T22:30:23.395393
209,1,3,1,1,0,0,1,0,11,0,com,200,2,394224,317.335,0,0,19,0,unknown,1,html,1,9,0,1,1,0,0,0,0,0,0,0,1,5,0,0,1,2,0,0,0,0,1,18,0,0,0,0,1,28,22,0,6,1,37,17,20,1,21,1,2,1,3,1,1,16,0,0,0,0,0,0,0,0,0,0,1,1,0,0,0,0,0,0,0,0,0,0,1,1,0,0,0.0,1.0,0.0,0,0,0,0,0,0,0,0,0,0,0,0,41,12,1,0,0,0,0,0,0,0.0,7.102560980559276e-05,0.125,0.0583424651974512,0,,multi_full_20260502_195405_0002,2026-05-02T22:30:54.892855,https://sa.trip.com/hotels/istanbul-hotel-detail-119012234/gardenmode-airport-hotel/?checkin=2026-05-10\u0026city=532\u0026module=list\u0026link=button\u0026from_page=list\u0026adult=1\u0026checkout=2026-05-11,https://sa.trip.com/?locale=ar-sa,False,https://sa.trip.com/hotels/istanbul-hotel-detail-119012234/gardenmode-airport-hotel/?checkin=2026-05-10\u0026city=532\u0026module=list\u0026link=button\u0026from_page=list\u0026adult=1\u0026checkout=2026-05-11,https://sa.trip.com/?locale=ar-sa,https://sa.trip.com/hotels/istanbul-hotel-detail-119012234/gardenmode-airport-hotel/?checkin=2026-05-10\u0026city=532\u0026module=list\u0026link=button\u0026from_page=list\u0026adult=1\u0026checkout=2026-05-11,recon_page,2026-05-02T22:30:54.897394
82,1,3,0,0,0,0,1,0,11,0,com,200,2,387487,305.072,0,0,19,0,unknown,1,html,1,9,0,1,1,0,0,0,0,0,0,0,1,5,0,0,1,2,0,0,0,0,1,12,0,0,0,0,1,28,22,0,6,1,37,17,20,1,29,1,2,1,3,1,1,14,0,0,0,0,0,0,0,0,0,0,1,1,0,0,0,0,0,0,0,0,0,0,1,1,0,0,0.0,1.0,0.0,0,0,0,0,0,0,0,0,0,0,0,0,41,12,1,0,0,0,0,0,0,0.0,7.226048873897705e-05,0.125,0.043872439591521775,0,,multi_full_20260502_195405_0002,2026-05-02T22:30:55.170079,https://sa.trip.com/hotels/istanbul-hotel-detail-745889/cvk-taksim-hotel-istanbul/,https://sa.trip.com/?locale=ar-sa,False,https://sa.trip.com/hotels/istanbul-hotel-detail-745889/cvk-taksim-hotel-istanbul/,https://sa.trip.com/?locale=ar-sa,https://sa.trip.com/hotels/istanbul-hotel-detail-745889/cvk-taksim-hotel-istanbul/,recon_page,2026-05-02T22:30:55.177326
74,1,2,1,1,0,0,1,0,11,0,com,200,2,100424,684.33,0,0,18,0,unknown,0,html,1,7,0,1,1,0,0,0,0,0,0,0,1,7,0,0,1,2,0,0,0,0,1,1,0,0,0,0,1,4,3,0,1,1,25,12,13,0,0,1,14,1,2,1,1,1,1,0,0,0,0,0,0,0,0,0,1,1,0,0,0,0,0,0,0,0,0,0,1,2,0,0,0.0,0.0,0.0,0,0,0,0,0,0,0,0,0,0,0,0,25,12,1,0,0,0,0,0,0,0.0,3.9831116067872224e-05,0.125,0.07966223213574444,0,,multi_full_20260502_195405_0002,2026-05-02T22:30:55.548983,https://sa.trip.com/hotels/list/?city=532\u0026listFilters=77~247*77*247*2,https://sa.trip.com/?locale=ar-sa,False,https://sa.trip.com/hotels/list/?city=532\u0026listFilters=77~247*77*247*2,https://sa.trip.com/?locale=ar-sa,https://sa.trip.com/hotels/list/?city=532\u0026listFilters=77~247*77*247*2,recon_page,2026-05-02T22:30:55.555823
102,1,4,0,0,0,0,1,0,11,0,com,200,2,423560,458.02700000000004,0,0,20,0,unknown,1,html,1,9,0,1,1,0,0,0,0,0,0,0,1,5,0,0,1,2,0,0,0,0,1,13,0,0,0,0,1,28,22,0,6,1,37,17,20,1,30,1,2,1,3,1,1,16,0,0,0,0,0,0,0,0,0,0,1,1,0,0,0,0,0,0,0,0,0,0,1,1,0,0,0.0,1.0,0.0,0,0,0,0,0,0,0,0,0,0,0,0,41,12,1,0,0,0,0,0,0,0.0,6.6106336764567e-05,0.125,0.04249693077722164,0,,multi_full_20260502_195405_0002,2026-05-02T22:30:55.947878,https://sa.trip.com/hotels/istanbul-hotel-detail-2198755/four-seasons-hotel-istanbul-at-sultanahmet/\/,https://sa.trip.com/?locale=ar-sa,False,https://sa.trip.com/hotels/istanbul-hotel-detail-2198755/four-seasons-hotel-istanbul-at-sultanahmet/\/,https://sa.trip.com/?locale=ar-sa,https://sa.trip.com/hotels/istanbul-hotel-detail-2198755/four-seasons-hotel-istanbul-at-sultanahmet/\/,recon_page,2026-05-02T22:30:55.957526
143,1,3,1,1,0,0,1,0,11,0,com,200,2,102419,1938.717,0,0,18,0,unknown,0,html,1,7,0,1,1,0,0,0,0,0,0,0,1,7,0,0,1,2,0,0,0,0,1,1,0,0,0,0,1,4,3,0,1,1,25,12,13,0,0,1,14,1,2,1,1,1,1,0,0,0,0,0,0,0,0,0,1,1,0,0,0,0,0,0,0,0,0,0,1,2,0,0,0.0,0.0,0.0,0,0,0,0,0,0,0,0,0,0,0,0,25,12,1,0,0,0,0,0,0,0.0,3.905525341977563e-05,0.125,0.07811050683955126,0,,multi_full_20260502_195405_0002,2026-05-02T22:30:57.881723,https://sa.trip.com/hotels/list/searchresults/?city=532\u0026hotelid=2198166\u0026sourcefromseo_tracelogid=0f8d7370-b743-49b6-9d2a-15b11945b0c9,https://sa.trip.com/?locale=ar-sa,False,https://sa.trip.com/hotels/list/searchresults/?city=532\u0026hotelid=2198166\u0026sourcefromseo_tracelogid=0f8d7370-b743-49b6-9d2a-15b11945b0c9,https://sa.trip.com/?locale=ar-sa,https://sa.trip.com/hotels/list/searchresults/?city=532\u0026hotelid=2198166\u0026sourcefromseo_tracelogid=0f8d7370-b743-49b6-9d2a-15b11945b0c9,recon_page,2026-05-02T22:30:57.905835
64,1,3,0,0,0,0,1,0,11,0,com,200,2,213474,412.377,0,0,16,0,unknown,0,html,1,8,0,0,0,0,0,0,0,0,0,0,1,3,0,0,1,2,0,0,0,0,1,2,0,0,1,1,1,42,31,0,11,1,110,92,18,1,52,1,12,1,9,1,0,0,1,0,0,0,0,0,0,0,0,0,1,1,0,0,0,0,0,0,0,0,0,0,0,0,0,0,0.0,1.0,0.0,0,0,0,0,0,0,0,0,0,0,0,0,109,0,0,56,0,0,0,0,0,0.0,0.00019674527108687708,0.0,0.023422056081771083,0,,multi_full_20260502_195405_0002,2026-05-02T22:31:18.684999,https://sa.trip.com/flights/to-sir-bani-yas-island/airfares-xsb/,https://sa.trip.com/?locale=ar-sa,False,https://sa.trip.com/flights/to-sir-bani-yas-island/airfares-xsb/,https://sa.trip.com/?locale=ar-sa,https://sa.trip.com/flights/to-sir-bani-yas-island/airfares-xsb/,recon_page,2026-05-02T22:31:18.691190
204,1,3,1,1,0,0,1,0,11,0,com,200,2,418863,297.358,0,0,19,0,unknown,1,html,1,9,0,1,1,0,0,0,0,0,0,0,1,5,0,0,1,2,0,0,0,0,1,17,0,0,0,0,1,28,22,0,6,1,37,17,20,1,33,1,2,1,3,1,1,20,0,0,0,0,0,0,0,0,0,0,1,1,0,0,0,0,0,0,0,0,0,0,1,1,0,0,0.0,1.0,0.0,0,0,0,0,0,0,0,0,0,0,0,0,41,12,1,0,0,0,0,0,0,0.0,6.684763275820496e-05,0.125,0.05252314002430389,0,,multi_full_20260502_195405_0002,2026-05-02T22:31:19.243574,https://sa.trip.com/hotels/istanbul-hotel-detail-77311559/wanda-vista-istanbul/?checkin=2026-05-10\u0026city=532\u0026module=list\u0026link=button\u0026from_page=list\u0026adult=1\u0026checkout=2026-05-11,https://sa.trip.com/?locale=ar-sa,False,https://sa.trip.com/hotels/istanbul-hotel-detail-77311559/wanda-vista-istanbul/?checkin=2026-05-10\u0026city=532\u0026module=list\u0026link=button\u0026from_page=list\u0026adult=1\u0026checkout=2026-05-11,https://sa.trip.com/?locale=ar-sa,https://sa.trip.com/hotels/istanbul-hotel-detail-77311559/wanda-vista-istanbul/?checkin=2026-05-10\u0026city=532\u0026module=list\u0026link=button\u0026from_page=list\u0026adult=1\u0026checkout=2026-05-11,recon_page,2026-05-02T22:31:19.247712
199,1,3,1,1,0,0,1,0,11,0,com,200,2,375932,382.01800000000003,0,0,20,0,unknown,1,html,1,9,0,1,1,0,0,0,0,0,0,0,1,5,0,0,1,2,0,0,0,0,1,8,0,0,0,0,1,28,22,0,6,1,37,17,20,1,23,1,2,1,3,1,1,14,0,0,0,0,0,0,0,0,0,0,1,1,0,0,0,0,0,0,0,0,0,0,1,1,0,0,0.0,1.0,0.0,0,0,0,0,0,0,0,0,0,0,0,0,41,12,1,0,0,0,0,0,0,0.0,7.448155517487205e-05,0.125,0.03458072204547631,0,,multi_full_20260502_195405_0002,2026-05-02T22:31:19.511849,https://sa.trip.com/hotels/istanbul-hotel-detail-745516/hotel-tulip-house/?checkin=2026-05-10\u0026city=532\u0026module=list\u0026link=button\u0026from_page=list\u0026adult=1\u0026checkout=2026-05-11,https://sa.trip.com/?locale=ar-sa,False,https://sa.trip.com/hotels/istanbul-hotel-detail-745516/hotel-tulip-house/?checkin=2026-05-10\u0026city=532\u0026module=list\u0026link=button\u0026from_page=list\u0026adult=1\u0026checkout=2026-05-11,https://sa.trip.com/?locale=ar-sa,https://sa.trip.com/hotels/istanbul-hotel-detail-745516/hotel-tulip-house/?checkin=2026-05-10\u0026city=532\u0026module=list\u0026link=button\u0026from_page=list\u0026adult=1\u0026checkout=2026-05-11,recon_page,2026-05-02T22:31:19.515549
71,1,4,0,0,0,0,1,0,11,0,com,200,2,363785,450.478,0,0,19,0,unknown,1,html,1,9,0,1,1,0,0,0,0,0,0,0,1,5,0,0,1,2,0,0,0,0,1,18,0,0,0,0,1,28,22,0,6,1,37,17,20,1,31,1,2,1,3,1,1,14,0,0,0,0,0,0,0,0,0,0,1,1,0,0,0,0,0,0,0,0,0,0,1,1,0,0,0.0,1.0,0.0,0,0,0,0,0,0,0,0,0,0,0,0,41,12,1,0,0,0,0,0,0,0.0,7.696853910963893e-05,0.125,0.06322415712577484,0,,multi_full_20260502_195405_0002,2026-05-02T22:31:19.958890,https://sa.trip.com/hotels/istanbul-hotel-detail-92109606/zoom-hotel/\/,https://sa.trip.com/?locale=ar-sa,False,https://sa.trip.com/hotels/istanbul-hotel-detail-92109606/zoom-hotel/\/,https://sa.trip.com/?locale=ar-sa,https://sa.trip.com/hotels/istanbul-hotel-detail-92109606/zoom-hotel/\/,recon_page,2026-05-02T22:31:19.965933
81,1,3,0,0,0,0,1,0,11,0,com,200,2,365789,407.523,0,0,20,0,unknown,1,html,1,9,0,1,1,0,0,0,0,0,0,0,1,5,0,0,1,2,0,0,0,0,1,15,0,0,0,0,1,28,22,0,6,1,37,17,20,1,26,1,2,1,3,1,1,14,0,0,0,0,0,0,0,0,0,0,1,1,0,0,0,0,0,0,0,0,0,0,1,1,0,0,0.0,1.0,0.0,0,0,0,0,0,0,0,0,0,0,0,0,41,12,1,0,0,0,0,0,0,0.0,7.65468617153605e-05,0.125,0.05467632979668607,0,,multi_full_20260502_195405_0002,2026-05-02T22:31:19.957411,https://sa.trip.com/hotels/istanbul-hotel-detail-92122100/weingart-seaside-hotel/,https://sa.trip.com/?locale=ar-sa,False,https://sa.trip.com/hotels/istanbul-hotel-detail-92122100/weingart-seaside-hotel/,https://sa.trip.com/?locale=ar-sa,https://sa.trip.com/hotels/istanbul-hotel-detail-92122100/weingart-seaside-hotel/,recon_page,2026-05-02T22:31:19.967111
74,1,4,0,0,0,0,1,0,11,0,com,200,2,413439,396.216,0,0,20,0,unknown,1,html,1,9,0,1,1,0,0,0,0,0,0,0,1,5,0,0,1,2,0,0,0,0,1,18,0,0,0,0,1,28,22,0,6,1,37,17,20,1,29,1,2,1,3,1,1,21,0,0,0,0,0,0,0,0,0,0,1,1,0,0,0,0,0,0,0,0,0,0,1,1,0,0,0.0,1.0,0.0,0,0,0,0,0,0,0,0,0,0,0,0,41,12,1,0,0,0,0,0,0,0.0,6.77246220119534e-05,0.125,0.05563093950981886,0,,multi_full_20260502_195405_0002,2026-05-02T22:31:19.957825,https://sa.trip.com/hotels/istanbul-hotel-detail-68011658/istport-hotel/\/,https://sa.trip.com/?locale=ar-sa,False,https://sa.trip.com/hotels/istanbul-hotel-detail-68011658/istport-hotel/\/,https://sa.trip.com/?locale=ar-sa,https://sa.trip.com/hotels/istanbul-hotel-detail-68011658/istport-hotel/\/,recon_page,2026-05-02T22:31:19.966866
211,1,3,1,1,0,0,1,0,11,0,com,200,2,480470,363.657,0,0,20,0,unknown,1,html,1,9,0,1,1,0,0,0,0,0,0,0,1,5,0,0,1,2,0,0,0,0,1,18,0,0,0,0,1,28,22,0,6,1,37,17,20,1,35,1,2,1,3,1,1,24,0,0,0,0,0,0,0,0,0,0,1,1,0,0,0,0,0,0,0,0,0,0,1,1,0,0,0.0,1.0,0.0,0,0,0,0,0,0,0,0,0,0,0,0,41,12,1,0,0,0,0,0,0,0.0,5.8276271151164485e-05,0.125,0.04786979415988511,0,,multi_full_20260502_195405_0002,2026-05-02T22:31:20.386940,https://sa.trip.com/hotels/istanbul-hotel-detail-5918939/crowne-plaza-florya-istanbul/?checkin=2026-05-10\u0026city=532\u0026module=list\u0026link=button\u0026from_page=list\u0026adult=1\u0026checkout=2026-05-11,https://sa.trip.com/?locale=ar-sa,False,https://sa.trip.com/hotels/istanbul-hotel-detail-5918939/crowne-plaza-florya-istanbul/?checkin=2026-05-10\u0026city=532\u0026module=list\u0026link=button\u0026from_page=list\u0026adult=1\u0026checkout=2026-05-11,https://sa.trip.com/?locale=ar-sa,https://sa.trip.com/hotels/istanbul-hotel-detail-5918939/crowne-plaza-florya-istanbul/?checkin=2026-05-10\u0026city=532\u0026module=list\u0026link=button\u0026from_page=list\u0026adult=1\u0026checkout=2026-05-11,recon_page,2026-05-02T22:31:20.390927
92,1,4,0,0,0,0,1,0,11,0,com,200,2,430624,304.92,0,0,19,0,unknown,1,html,1,9,0,1,1,0,0,0,0,0,0,0,1,5,0,0,1,2,0,0,0,0,1,18,0,0,0,0,1,28,22,0,6,1,37,17,20,1,31,1,2,1,3,1,1,14,0,0,0,0,0,0,0,0,0,0,1,1,0,0,0,0,0,0,0,0,0,0,1,1,0,0,0.0,1.0,0.0,0,0,0,0,0,0,0,0,0,0,0,0,41,12,1,0,0,0,0,0,0,0.0,6.502192167645091e-05,0.125,0.053410864234227536,0,,multi_full_20260502_195405_0002,2026-05-02T22:31:36.397788,https://sa.trip.com/hotels/istanbul-hotel-detail-124370711/radisson-hotel-istanbul-merter/\/,https://sa.trip.com/?locale=ar-sa,False,https://sa.trip.com/hotels/istanbul-hotel-detail-124370711/radisson-hotel-istanbul-merter/\/,https://sa.trip.com/?locale=ar-sa,https://sa.trip.com/hotels/istanbul-hotel-detail-124370711/radisson-hotel-istanbul-merter/\/,recon_page,2026-05-02T22:31:36.403574
93,1,4,0,0,0,0,1,0,11,0,com,200,2,413753,366.42,0,0,20,0,unknown,1,html,1,9,0,1,1,0,0,0,0,0,0,0,1,5,0,0,1,2,0,0,0,0,1,18,0,0,0,0,1,28,22,0,6,1,37,17,20,1,30,1,2,1,3,1,1,14,0,0,0,0,0,0,0,0,0,0,1,1,0,0,0,0,0,0,0,0,0,0,1,1,0,0,0.0,1.0,0.0,0,0,0,0,0,0,0,0,0,0,0,0,41,12,1,0,0,0,0,0,0,0.0,6.767322533008825e-05,0.125,0.0555887208068582,0,,multi_full_20260502_195405_0002,2026-05-02T22:32:08.942277,https://sa.trip.com/hotels/istanbul-hotel-detail-12165552/tryp-by-wyndham-istanbul-airport/\/,https://sa.trip.com/?locale=ar-sa,False,https://sa.trip.com/hotels/istanbul-hotel-detail-12165552/tryp-by-wyndham-istanbul-airport/\/,https://sa.trip.com/?locale=ar-sa,https://sa.trip.com/hotels/istanbul-hotel-detail-12165552/tryp-by-wyndham-istanbul-airport/\/,recon_page,2026-05-02T22:32:08.947975
92,1,3,1,1,0,0,1,0,11,0,com,200,2,102164,794.065,0,0,17,0,unknown,0,html,1,7,0,1,1,0,0,0,0,0,0,0,1,7,0,0,1,2,0,0,0,0,1,1,0,0,0,0,1,4,3,0,1,1,25,12,13,0,0,1,14,1,2,1,1,1,1,0,0,0,0,0,0,0,0,0,1,1,0,0,0,0,0,0,0,0,0,0,1,2,0,0,0.0,0.0,0.0,0,0,0,0,0,0,0,0,0,0,0,0,25,12,1,0,0,0,0,0,0,0.0,3.915273481852707e-05,0.125,0.07830546963705415,0,,multi_full_20260502_195405_0002,2026-05-02T22:32:25.038815,https://sa.trip.com/hotels/list/searchresults/?city=532\u0026hotelid=2847773\u0026starlist=3,https://sa.trip.com/?locale=ar-sa,False,https://sa.trip.com/hotels/list/searchresults/?city=532\u0026hotelid=2847773\u0026starlist=3,https://sa.trip.com/?locale=ar-sa,https://sa.trip.com/hotels/list/searchresults/?city=532\u0026hotelid=2847773\u0026starlist=3,recon_page,2026-05-02T22:32:25.046859
51,1,3,0,0,0,0,1,0,11,0,com,200,2,202233,501.397,0,0,17,0,unknown,0,html,1,8,0,0,0,0,0,0,0,0,0,0,1,3,0,0,1,2,0,0,0,0,0,0,0,0,1,1,1,42,31,0,11,1,110,92,18,1,52,1,12,1,9,1,0,0,1,0,0,0,0,0,0,0,0,0,1,1,0,0,0,0,0,0,0,0,0,0,0,0,0,0,0.0,1.0,0.0,0,0,0,0,0,0,0,0,0,0,0,0,110,0,0,41,0,0,0,0,0,0.0,0.0002076812389669342,0.0,0.01483437421192387,0,,multi_full_20260502_195405_0002,2026-05-02T22:32:25.355492,https://sa.trip.com/flights/to-beirut/airfares-bey/,https://sa.trip.com/?locale=ar-sa,False,https://sa.trip.com/flights/to-beirut/airfares-bey/,https://sa.trip.com/?locale=ar-sa,https://sa.trip.com/flights/to-beirut/airfares-bey/,recon_page,2026-05-02T22:32:25.360986
75,1,3,0,0,0,0,1,0,11,0,com,200,2,599617,579.627,0,0,17,0,unknown,1,html,1,4,0,1,1,0,0,0,0,0,0,0,1,5,0,0,1,2,0,0,0,0,1,6,0,0,0,0,1,21,11,0,10,1,106,95,11,1,44,1,17,0,0,1,1,26,1,0,0,0,0,0,0,0,0,0,0,1,0,0,0,0,0,0,0,0,0,0,0,0,0,0,0.0,0.0,0.0,0,0,0,0,0,0,0,0,0,0,0,0,89,1,1,0,0,0,0,0,1,0.0,3.5022355937206586e-05,0.125,0.01834504358615583,0,,multi_full_20260502_195405_0002,2026-05-02T22:32:25.752754,https://sa.trip.com/hotels/istanbul-sultanahmet-square/hotels-c532m6744915/,https://sa.trip.com/?locale=ar-sa,False,https://sa.trip.com/hotels/istanbul-sultanahmet-square/hotels-c532m6744915/,https://sa.trip.com/?locale=ar-sa,https://sa.trip.com/hotels/istanbul-sultanahmet-square/hotels-c532m6744915/,recon_page,2026-05-02T22:32:25.758180
76,1,3,0,0,0,0,1,0,11,0,com,200,2,606326,631.617,0,0,18,0,unknown,1,html,1,4,0,1,1,0,0,0,0,0,0,0,1,5,0,0,1,2,0,0,0,0,1,6,0,0,0,0,1,21,11,0,10,1,107,96,11,1,44,1,17,0,0,1,1,26,1,0,0,0,0,0,0,0,0,0,0,1,0,0,0,0,0,0,0,0,0,0,0,0,0,0,0.0,0.0,0.0,0,0,0,0,0,0,0,0,0,0,0,0,93,1,1,0,0,0,0,0,1,0.0,3.4634833406451314e-05,0.125,0.01814205559385545,0,,multi_full_20260502_195405_0002,2026-05-02T22:32:26.040016,https://sa.trip.com/hotels/istanbul-hagia-sophia-museum/hotels-c532m6789878/,https://sa.trip.com/?locale=ar-sa,False,https://sa.trip.com/hotels/istanbul-hagia-sophia-museum/hotels-c532m6789878/,https://sa.trip.com/?locale=ar-sa,https://sa.trip.com/hotels/istanbul-hagia-sophia-museum/hotels-c532m6789878/,recon_page,2026-05-02T22:32:26.045347
70,1,2,1,1,0,0,1,0,11,0,com,200,2,100404,579.202,0,0,17,0,unknown,0,html,1,7,0,1,1,0,0,0,0,0,0,0,1,7,0,0,1,2,0,0,0,0,1,1,0,0,0,0,1,4,3,0,1,1,25,12,13,0,0,1,14,1,2,1,1,1,1,0,0,0,0,0,0,0,0,0,1,1,0,0,0,0,0,0,0,0,0,0,1,2,0,0,0.0,0.0,0.0,0,0,0,0,0,0,0,0,0,0,0,0,25,12,1,0,0,0,0,0,0,0.0,3.9839050237042346e-05,0.125,0.0796781004740847,0,,multi_full_20260502_195405_0002,2026-05-02T22:32:49.445768,https://sa.trip.com/hotels/list/?city=532\u0026listFilters=3~42*3*42*2,https://sa.trip.com/?locale=ar-sa,False,https://sa.trip.com/hotels/list/?city=532\u0026listFilters=3~42*3*42*2,https://sa.trip.com/?locale=ar-sa,https://sa.trip.com/hotels/list/?city=532\u0026listFilters=3~42*3*42*2,recon_page,2026-05-02T22:32:49.459085
143,1,3,1,1,0,0,1,0,11,0,com,200,2,102419,743.891,0,0,17,0,unknown,0,html,1,7,0,1,1,0,0,0,0,0,0,0,1,7,0,0,1,2,0,0,0,0,1,1,0,0,0,0,1,4,3,0,1,1,25,12,13,0,0,1,14,1,2,1,1,1,1,0,0,0,0,0,0,0,0,0,1,1,0,0,0,0,0,0,0,0,0,0,1,2,0,0,0.0,0.0,0.0,0,0,0,0,0,0,0,0,0,0,0,0,25,12,1,0,0,0,0,0,0,0.0,3.905525341977563e-05,0.125,0.07811050683955126,0,,multi_full_20260502_195405_0002,2026-05-02T22:32:49.738884,https://sa.trip.com/hotels/list/searchresults/?city=532\u0026hotelid=4069015\u0026sourcefromseo_tracelogid=0f8d7370-b743-49b6-9d2a-15b11945b0c9,https://sa.trip.com/?locale=ar-sa,False,https://sa.trip.com/hotels/list/searchresults/?city=532\u0026hotelid=4069015\u0026sourcefromseo_tracelogid=0f8d7370-b743-49b6-9d2a-15b11945b0c9,https://sa.trip.com/?locale=ar-sa,https://sa.trip.com/hotels/list/searchresults/?city=532\u0026hotelid=4069015\u0026sourcefromseo_tracelogid=0f8d7370-b743-49b6-9d2a-15b11945b0c9,recon_page,2026-05-02T22:32:49.762364
95,1,4,0,0,0,0,1,0,11,0,com,200,2,405958,369.69800000000004,0,0,19,0,unknown,1,html,1,9,0,1,1,0,0,0,0,0,0,0,1,5,0,0,1,2,0,0,0,0,1,16,0,0,0,0,1,28,22,0,6,1,37,17,20,1,29,1,2,1,3,1,1,14,0,0,0,0,0,0,0,0,0,0,1,1,0,0,0,0,0,0,0,0,0,0,1,1,0,0,0.0,1.0,0.0,0,0,0,0,0,0,0,0,0,0,0,0,41,12,1,0,0,0,0,0,0,0.0,6.897265234334586e-05,0.125,0.05172948925750939,0,,multi_full_20260502_195405_0002,2026-05-02T22:32:49.870032,https://sa.trip.com/hotels/istanbul-hotel-detail-2863704/dosso-dossi-hotels-and-spa-downtown/\/,https://sa.trip.com/?locale=ar-sa,False,https://sa.trip.com/hotels/istanbul-hotel-detail-2863704/dosso-dossi-hotels-and-spa-downtown/\/,https://sa.trip.com/?locale=ar-sa,https://sa.trip.com/hotels/istanbul-hotel-detail-2863704/dosso-dossi-hotels-and-spa-downtown/\/,recon_page,2026-05-02T22:32:49.880188
208,1,3,1,1,0,0,1,0,11,0,com,200,2,366079,285.314,0,0,19,0,unknown,1,html,1,9,0,1,1,0,0,0,0,0,0,0,1,5,0,0,1,2,0,0,0,0,1,15,0,0,0,0,1,28,22,0,6,1,37,17,20,1,24,1,2,1,3,1,1,14,0,0,0,0,0,0,0,0,0,0,1,1,0,0,0,0,0,0,0,0,0,0,1,1,0,0,0.0,1.0,0.0,0,0,0,0,0,0,0,0,0,0,0,0,41,12,1,0,0,0,0,0,0,0.0,7.64862229190967e-05,0.125,0.054633016370783355,0,,multi_full_20260502_195405_0002,2026-05-02T22:32:50.459150,https://sa.trip.com/hotels/istanbul-hotel-detail-2862432/a-la-sofia-hotel-istanbul/?checkin=2026-05-10\u0026city=532\u0026module=list\u0026link=button\u0026from_page=list\u0026adult=1\u0026checkout=2026-05-11,https://sa.trip.com/?locale=ar-sa,False,https://sa.trip.com/hotels/istanbul-hotel-detail-2862432/a-la-sofia-hotel-istanbul/?checkin=2026-05-10\u0026city=532\u0026module=list\u0026link=button\u0026from_page=list\u0026adult=1\u0026checkout=2026-05-11,https://sa.trip.com/?locale=ar-sa,https://sa.trip.com/hotels/istanbul-hotel-detail-2862432/a-la-sofia-hotel-istanbul/?checkin=2026-05-10\u0026city=532\u0026module=list\u0026link=button\u0026from_page=list\u0026adult=1\u0026checkout=2026-05-11,recon_page,2026-05-02T22:32:50.472242
81,1,3,0,0,0,0,1,0,11,0,com,200,2,375786,396.243,0,0,20,0,unknown,1,html,1,9,0,1,1,0,0,0,0,0,0,0,1,5,0,0,1,2,0,0,0,0,1,10,0,0,0,0,1,28,22,0,6,1,37,17,20,1,34,1,2,1,3,1,1,14,0,0,0,0,0,0,0,0,0,0,1,1,0,0,0,0,0,0,0,0,0,0,1,1,0,0,0.0,1.0,0.0,0,0,0,0,0,0,0,0,0,0,0,0,41,12,1,0,0,0,0,0,0,0.0,7.451049267402192e-05,0.125,0.03991633536108317,0,,multi_full_20260502_195405_0002,2026-05-02T22:32:50.470521,https://sa.trip.com/hotels/istanbul-hotel-detail-3149401/titanic-business-kartal/,https://sa.trip.com/?locale=ar-sa,False,https://sa.trip.com/hotels/istanbul-hotel-detail-3149401/titanic-business-kartal/,https://sa.trip.com/?locale=ar-sa,https://sa.trip.com/hotels/istanbul-hotel-detail-3149401/titanic-business-kartal/,recon_page,2026-05-02T22:32:50.483748
72,1,3,0,0,0,0,1,0,11,0,com,200,2,604385,820.881,0,0,18,0,unknown,1,html,1,4,0,1,1,0,0,0,0,0,0,0,1,5,0,0,1,2,0,0,0,0,1,6,0,0,0,0,1,21,11,0,10,1,101,90,11,1,44,1,17,0,0,1,1,23,1,0,0,0,0,0,0,0,0,0,0,1,0,0,0,0,0,0,0,0,0,0,0,0,0,0,0.0,0.0,0.0,0,0,0,0,0,0,0,0,0,0,0,0,88,1,1,0,0,0,0,0,1,0.0,3.4746064180944267e-05,0.125,0.018200319332875567,0,,multi_full_20260502_195405_0002,2026-05-02T22:32:50.874873,https://sa.trip.com/hotels/istanbul-ataturk-airport/hotels-c532a4325987/,https://sa.trip.com/?locale=ar-sa,False,https://sa.trip.com/hotels/istanbul-ataturk-airport/hotels-c532a4325987/,https://sa.trip.com/?locale=ar-sa,https://sa.trip.com/hotels/istanbul-ataturk-airport/hotels-c532a4325987/,recon_page,2026-05-02T22:32:50.879198
62,1,3,0,0,0,0,1,0,11,0,com,200,2,268671,614.25,0,0,16,0,unknown,0,html,1,8,0,0,0,0,0,0,0,0,0,0,1,2,0,0,1,2,0,0,0,0,1,20,0,0,0,0,1,42,31,0,11,1,127,106,21,1,43,1,13,1,10,1,0,0,1,0,0,0,0,0,0,0,0,0,1,1,0,0,0,0,0,0,0,0,0,0,0,0,0,0,0.0,1.0,0.0,0,0,0,0,0,0,0,0,0,0,0,0,125,0,0,21,0,0,0,0,0,0.0,0.0001563250220529942,0.0,0.08188453536109219,0,,multi_full_20260502_195405_0002,2026-05-02T22:32:58.682837,https://sa.trip.com/flights/hail-to-istanbul/airfares-has-ist/,https://sa.trip.com/?locale=ar-sa,False,https://sa.trip.com/flights/hail-to-istanbul/airfares-has-ist/,https://sa.trip.com/?locale=ar-sa,https://sa.trip.com/flights/hail-to-istanbul/airfares-has-ist/,recon_page,2026-05-02T22:32:58.686158
81,1,4,0,0,0,0,1,0,11,0,com,200,2,417519,373.03,0,0,20,0,unknown,1,html,1,9,0,1,1,0,0,0,0,0,0,0,1,5,0,0,1,2,0,0,0,0,1,17,0,0,0,0,1,28,22,0,6,1,37,17,20,1,33,1,2,1,3,1,1,20,0,0,0,0,0,0,0,0,0,0,1,1,0,0,0,0,0,0,0,0,0,0,1,1,0,0,0.0,1.0,0.0,0,0,0,0,0,0,0,0,0,0,0,0,41,12,1,0,0,0,0,0,0,0.0,6.706281630297064e-05,0.125,0.05269221280947693,0,,multi_full_20260502_195405_0002,2026-05-02T22:33:18.915959,https://sa.trip.com/hotels/istanbul-hotel-detail-77311559/wanda-vista-istanbul/\/,https://sa.trip.com/?locale=ar-sa,False,https://sa.trip.com/hotels/istanbul-hotel-detail-77311559/wanda-vista-istanbul/\/,https://sa.trip.com/?locale=ar-sa,https://sa.trip.com/hotels/istanbul-hotel-detail-77311559/wanda-vista-istanbul/\/,recon_page,2026-05-02T22:33:18.919284
63,1,3,0,0,0,0,1,0,11,0,com,200,2,281640,619.737,0,0,17,0,unknown,0,html,1,8,0,0,0,0,0,0,0,0,0,0,1,2,0,0,1,2,0,0,0,0,1,22,0,0,0,0,1,42,31,0,11,1,126,105,21,1,47,1,13,1,10,1,0,0,1,0,0,0,0,0,0,0,0,0,1,1,0,0,0,0,0,0,0,0,0,0,0,0,0,0,0.0,1.0,0.0,0,0,0,0,0,0,0,0,0,0,0,0,124,0,0,21,0,0,0,0,0,0.0,0.00014912654452492544,0.0,0.0852151682999574,0,,multi_full_20260502_195405_0002,2026-05-02T22:33:55.620153,https://sa.trip.com/flights/yanbu-to-istanbul/airfares-ynb-ist/,https://sa.trip.com/?locale=ar-sa,False,https://sa.trip.com/flights/yanbu-to-istanbul/airfares-ynb-ist/,https://sa.trip.com/?locale=ar-sa,https://sa.trip.com/flights/yanbu-to-istanbul/airfares-ynb-ist/,recon_page,2026-05-02T22:33:55.623765
61,1,3,0,0,0,0,1,0,11,0,com,200,2,179502,554.385,0,0,18,0,unknown,1,html,1,4,0,1,1,0,0,0,0,0,0,0,1,5,0,0,1,2,0,0,0,0,1,7,0,0,0,0,1,13,3,0,10,1,75,64,11,1,22,1,17,0,0,1,1,8,1,0,0,0,0,0,0,0,0,0,0,1,0,0,0,0,0,0,0,0,0,0,0,0,0,0,0.0,0.0,0.0,0,0,0,0,0,0,0,0,0,0,0,0,65,1,1,0,0,0,0,0,0,0.0,7.242259139173936e-05,0.125,0.06685162282314402,0,,multi_full_20260502_195405_0002,2026-05-02T22:34:15.052083,https://sa.trip.com/hotels/province/tr-istanbul-province.html,https://sa.trip.com/?locale=ar-sa,False,https://sa.trip.com/hotels/province/tr-istanbul-province.html,https://sa.trip.com/?locale=ar-sa,https://sa.trip.com/hotels/province/tr-istanbul-province.html,recon_page,2026-05-02T22:34:15.055253
65,1,3,0,0,0,0,1,0,11,0,com,200,2,331688,439.697,0,0,16,0,unknown,0,html,1,8,0,0,0,0,0,0,0,0,0,0,1,2,0,0,1,2,0,0,0,0,1,22,0,0,0,0,1,43,32,0,11,1,136,115,21,1,57,1,13,1,10,1,0,0,1,0,0,0,0,0,0,0,0,0,1,1,0,0,0,0,0,0,0,0,0,0,0,0,0,0,0.0,1.0,0.0,0,0,0,0,0,0,0,0,0,0,0,0,133,0,0,44,0,0,0,0,0,0.0,0.0001296399025590314,0.0,0.07235715491666868,0,,multi_full_20260502_195405_0002,2026-05-02T22:34:40.519398,https://sa.trip.com/flights/istanbul-to-bologna/airfares-ist-blq/,https://sa.trip.com/?locale=ar-sa,False,https://sa.trip.com/flights/istanbul-to-bologna/airfares-ist-blq/,https://sa.trip.com/?locale=ar-sa,https://sa.trip.com/flights/istanbul-to-bologna/airfares-ist-blq/,recon_page,2026-05-02T22:34:40.525908
66,1,3,0,0,0,0,1,0,11,0,com,200,2,337523,658.6070000000001,0,0,17,0,unknown,0,html,1,8,0,0,0,0,0,0,0,0,0,0,1,2,0,0,1,2,0,0,0,0,1,24,0,0,0,0,1,43,32,0,11,1,145,124,21,1,53,1,13,1,10,1,0,0,1,0,0,0,0,0,0,0,0,0,1,1,0,0,0,0,0,0,0,0,0,0,0,0,0,0,0.0,1.0,0.0,0,0,0,0,0,0,0,0,0,0,0,0,143,0,0,43,0,0,0,0,0,0.0,0.0001273987254201936,0.0,0.07703178746337286,0,,multi_full_20260502_195405_0002,2026-05-02T22:35:03.471181,https://sa.trip.com/flights/istanbul-to-shanghai/airfares-ist-sha/,https://sa.trip.com/?locale=ar-sa,False,https://sa.trip.com/flights/istanbul-to-shanghai/airfares-ist-sha/,https://sa.trip.com/?locale=ar-sa,https://sa.trip.com/flights/istanbul-to-shanghai/airfares-ist-sha/,recon_page,2026-05-02T22:35:03.474492
196,1,3,1,1,0,0,1,0,11,0,com,200,2,353541,538.928,0,0,20,0,unknown,1,html,1,9,0,1,1,0,0,0,0,0,0,0,1,5,0,0,1,2,0,0,0,0,1,18,0,0,0,0,1,28,22,0,6,1,37,17,20,1,22,1,2,1,3,1,1,14,0,0,0,0,0,0,0,0,0,0,1,1,0,0,0,0,0,0,0,0,0,0,1,1,0,0,0.0,1.0,0.0,0,0,0,0,0,0,0,0,0,0,0,0,41,12,1,0,0,0,0,0,0,0.0,7.919873508305967e-05,0.125,0.06505610381822759,0,,multi_full_20260502_195405_0002,2026-05-02T22:35:31.230588,https://sa.trip.com/hotels/istanbul-hotel-detail-118583268/meyzi-hotel/?checkin=2026-05-10\u0026city=532\u0026module=list\u0026link=button\u0026from_page=list\u0026adult=1\u0026checkout=2026-05-11,https://sa.trip.com/?locale=ar-sa,False,https://sa.trip.com/hotels/istanbul-hotel-detail-118583268/meyzi-hotel/?checkin=2026-05-10\u0026city=532\u0026module=list\u0026link=button\u0026from_page=list\u0026adult=1\u0026checkout=2026-05-11,https://sa.trip.com/?locale=ar-sa,https://sa.trip.com/hotels/istanbul-hotel-detail-118583268/meyzi-hotel/?checkin=2026-05-10\u0026city=532\u0026module=list\u0026link=button\u0026from_page=list\u0026adult=1\u0026checkout=2026-05-11,recon_page,2026-05-02T22:35:31.234531
85,1,3,0,0,0,0,1,0,11,0,com,200,2,400032,375.29400000000004,0,0,19,0,unknown,1,html,1,9,0,1,1,0,0,0,0,0,0,0,1,5,0,0,1,2,0,0,0,0,1,15,0,0,0,0,1,28,22,0,6,1,37,17,20,1,30,1,2,1,3,1,1,14,0,0,0,0,0,0,0,0,0,0,1,1,0,0,0,0,0,0,0,0,0,0,1,1,0,0,0.0,1.0,0.0,0,0,0,0,0,0,0,0,0,0,0,0,41,12,1,0,0,0,0,0,0,0.0,6.999440044796416e-05,0.125,0.04999600031997441,0,,multi_full_20260502_195405_0002,2026-05-02T22:36:06.267454,https://sa.trip.com/hotels/istanbul-hotel-detail-746056/ramada-istanbul-grand-bazaar/,https://sa.trip.com/?locale=ar-sa,False,https://sa.trip.com/hotels/istanbul-hotel-detail-746056/ramada-istanbul-grand-bazaar/,https://sa.trip.com/?locale=ar-sa,https://sa.trip.com/hotels/istanbul-hotel-detail-746056/ramada-istanbul-grand-bazaar/,recon_page,2026-05-02T22:36:06.274485
210,1,3,1,1,0,0,1,0,11,0,com,200,2,386902,287.762,0,0,19,0,unknown,1,html,1,9,0,1,1,0,0,0,0,0,0,0,1,5,0,0,1,2,0,0,0,0,1,13,0,0,0,0,1,28,22,0,6,1,37,17,20,1,25,1,2,1,3,1,1,14,0,0,0,0,0,0,0,0,0,0,1,1,0,0,0,0,0,0,0,0,0,0,1,1,0,0,0.0,1.0,0.0,0,0,0,0,0,0,0,0,0,0,0,0,41,12,1,0,0,0,0,0,0,0.0,7.236974737788897e-05,0.125,0.046523409028642916,0,,multi_full_20260502_195405_0002,2026-05-02T22:36:47.537814,https://sa.trip.com/hotels/istanbul-hotel-detail-2845606/santa-sophia-hotel-istanbul/?checkin=2026-05-10\u0026city=532\u0026module=list\u0026link=button\u0026from_page=list\u0026adult=1\u0026checkout=2026-05-11,https://sa.trip.com/?locale=ar-sa,False,https://sa.trip.com/hotels/istanbul-hotel-detail-2845606/santa-sophia-hotel-istanbul/?checkin=2026-05-10\u0026city=532\u0026module=list\u0026link=button\u0026from_page=list\u0026adult=1\u0026checkout=2026-05-11,https://sa.trip.com/?locale=ar-sa,https://sa.trip.com/hotels/istanbul-hotel-detail-2845606/santa-sophia-hotel-istanbul/?checkin=2026-05-10\u0026city=532\u0026module=list\u0026link=button\u0026from_page=list\u0026adult=1\u0026checkout=2026-05-11,recon_page,2026-05-02T22:36:47.543912
70,1,4,0,0,0,0,1,0,11,0,com,404,4,17029,273.669,0,0,11,0,unknown,0,html,0,0,0,0,0,0,0,0,0,0,0,0,1,1,0,0,1,1,0,0,0,0,0,0,0,0,0,0,1,1,1,0,0,1,19,17,2,1,10,1,2,1,2,1,1,8,1,0,0,0,0,0,0,0,0,0,0,1,0,0,0,0,0,0,0,0,0,0,0,0,0,0,0.0,0.0,0.0,0,0,0,0,0,0,0,0,0,0,0,0,17,10,0,0,0,0,0,0,0,0.0,5.872335427799636e-05,0.0,0.05872335427799636,0,,multi_full_20260502_195405_0002,2026-05-02T22:37:07.561894,https://sa.trip.com/hotels/istanbul-blue-mosque/hotels-c532m6787677/\/,https://sa.trip.com/?locale=ar-sa,False,https://sa.trip.com/hotels/istanbul-blue-mosque/hotels-c532m6787677/\/,https://sa.trip.com/?locale=ar-sa,https://sa.trip.com/hotels/istanbul-blue-mosque/hotels-c532m6787677/\/,recon_page,2026-05-02T22:37:07.566333
92,1,3,1,1,0,0,1,0,11,0,com,200,2,102164,979.0550000000001,0,0,18,0,unknown,0,html,1,7,0,1,1,0,0,0,0,0,0,0,1,7,0,0,1,2,0,0,0,0,1,1,0,0,0,0,1,4,3,0,1,1,25,12,13,0,0,1,14,1,2,1,1,1,1,0,0,0,0,0,0,0,0,0,1,1,0,0,0,0,0,0,0,0,0,0,1,2,0,0,0.0,0.0,0.0,0,0,0,0,0,0,0,0,0,0,0,0,25,12,1,0,0,0,0,0,0,0.0,3.915273481852707e-05,0.125,0.07830546963705415,0,,multi_full_20260502_195405_0002,2026-05-02T22:37:29.262922,https://sa.trip.com/hotels/list/searchresults/?city=532\u0026hotelid=5218715\u0026starlist=3,https://sa.trip.com/?locale=ar-sa,False,https://sa.trip.com/hotels/list/searchresults/?city=532\u0026hotelid=5218715\u0026starlist=3,https://sa.trip.com/?locale=ar-sa,https://sa.trip.com/hotels/list/searchresults/?city=532\u0026hotelid=5218715\u0026starlist=3,recon_page,2026-05-02T22:37:29.271968
79,1,3,0,0,0,0,1,0,11,0,com,200,2,418014,442.318,0,0,19,0,unknown,1,html,1,9,0,1,1,0,0,0,0,0,0,0,1,5,0,0,1,2,0,0,0,0,1,17,0,0,0,0,1,28,22,0,6,1,37,17,20,1,33,1,2,1,3,1,1,20,0,0,0,0,0,0,0,0,0,0,1,1,0,0,0,0,0,0,0,0,0,0,1,1,0,0,0.0,1.0,0.0,0,0,0,0,0,0,0,0,0,0,0,0,41,12,1,0,0,0,0,0,0,0.0,6.698340246977374e-05,0.125,0.05262981622625079,0,,multi_full_20260502_195405_0002,2026-05-02T22:37:45.118751,https://sa.trip.com/hotels/istanbul-hotel-detail-77311559/wanda-vista-istanbul/,https://sa.trip.com/?locale=ar-sa,False,https://sa.trip.com/hotels/istanbul-hotel-detail-77311559/wanda-vista-istanbul/,https://sa.trip.com/?locale=ar-sa,https://sa.trip.com/hotels/istanbul-hotel-detail-77311559/wanda-vista-istanbul/,recon_page,2026-05-02T22:37:45.123934
466,1,3,1,1,0,0,1,0,11,0,com,200,2,104272,811.1460000000001,0,0,18,0,unknown,0,html,1,7,0,1,1,0,0,0,0,0,0,0,1,7,0,0,1,2,0,0,0,0,1,1,0,0,0,0,1,4,3,0,1,1,25,12,13,0,0,1,14,1,2,1,1,1,1,0,0,0,0,0,0,0,0,0,1,1,0,0,0,0,0,0,0,0,0,0,1,2,0,0,0.0,0.0,0.0,0,0,0,0,0,0,0,0,0,0,0,0,25,12,1,0,0,0,0,0,0,0.0,3.836120914531226e-05,0.125,0.07672241829062451,0,,multi_full_20260502_195405_0002,2026-05-02T22:38:05.126462,https://sa.trip.com/hotels/list/searchresults/?city=532\u0026hotelid=88853114\u0026searchWord=%D8%A5%D8%B3%D8%B7%D9%86%D8%A8%D9%88%D9%84+%D8%A5%D8%B7%D9%84%D8%A7%D9%84%D8%A9+%D8%B9%D9%84%D9%89+%D8%A7%D9%84%D8%A8%D8%AD%D8%B1\u0026searchType=H\u0026searchValue=30%7C%D8%A5%D8%B7%D9%84%D8%A7%D9%84%D8%A7%D8%AA+%D8%B9%D9%84%D9%89+%D8%A7%D9%84%D9%85%D8%AD%D9%8A%D8%B7_30_%D8%A5%D8%B7%D9%84%D8%A7%D9%84%D8%A7%D8%AA+%D8%B9%D9%84%D9%89+%D8%A7%D9%84%D9%85%D8%AD%D9%8A%D8%B7_1,https://sa.trip.com/?locale=ar-sa,False,https://sa.trip.com/hotels/list/searchresults/?city=532\u0026hotelid=88853114\u0026searchWord=%D8%A5%D8%B3%D8%B7%D9%86%D8%A8%D9%88%D9%84+%D8%A5%D8%B7%D9%84%D8%A7%D9%84%D8%A9+%D8%B9%D9%84%D9%89+%D8%A7%D9%84%D8%A8%D8%AD%D8%B1\u0026searchType=H\u0026searchValue=30%7C%D8%A5%D8%B7%D9%84%D8%A7%D9%84%D8%A7%D8%AA+%D8%B9%D9%84%D9%89+%D8%A7%D9%84%D9%85%D8%AD%D9%8A%D8%B7_30_%D8%A5%D8%B7%D9%84%D8%A7%D9%84%D8%A7%D8%AA+%D8%B9%D9%84%D9%89+%D8%A7%D9%84%D9%85%D8%AD%D9%8A%D8%B7_1,https://sa.trip.com/?locale=ar-sa,https://sa.trip.com/hotels/list/searchresults/?city=532\u0026hotelid=88853114\u0026searchWord=%D8%A5%D8%B3%D8%B7%D9%86%D8%A8%D9%88%D9%84+%D8%A5%D8%B7%D9%84%D8%A7%D9%84%D8%A9+%D8%B9%D9%84%D9%89+%D8%A7%D9%84%D8%A8%D8%AD%D8%B1\u0026searchType=H\u0026searchValue=30%7C%D8%A5%D8%B7%D9%84%D8%A7%D9%84%D8%A7%D8%AA+%D8%B9%D9%84%D9%89+%D8%A7%D9%84%D9%85%D8%AD%D9%8A%D8%B7_30_%D8%A5%D8%B7%D9%84%D8%A7%D9%84%D8%A7%D8%AA+%D8%B9%D9%84%D9%89+%D8%A7%D9%84%D9%85%D8%AD%D9%8A%D8%B7_1,recon_page,2026-05-02T22:38:05.130239
246,1,3,1,1,0,0,1,0,11,0,com,200,2,400650,306.347,0,0,19,0,unknown,1,html,1,9,0,1,1,0,0,0,0,0,0,0,1,5,0,0,1,2,0,0,0,0,1,10,0,0,0,0,1,28,22,0,6,1,37,17,20,1,27,1,2,1,3,1,1,14,0,0,0,0,0,0,0,0,0,0,1,1,0,0,0,0,0,0,0,0,0,0,1,1,0,0,0.0,1.0,0.0,0,0,0,0,0,0,0,0,0,0,0,0,41,12,1,0,0,0,0,0,0,0.0,6.988643454386622e-05,0.125,0.037439161362785474,0,,multi_full_20260502_195405_0002,2026-05-02T22:38:19.454128,https://sa.trip.com/hotels/istanbul-hotel-detail-81446019/istanbul-old-city-topkapi-porta-romanos-hotel-ottoman-heritage/?checkin=2026-05-10\u0026city=532\u0026module=list\u0026link=button\u0026from_page=list\u0026adult=1\u0026checkout=2026-05-11,https://sa.trip.com/?locale=ar-sa,False,https://sa.trip.com/hotels/istanbul-hotel-detail-81446019/istanbul-old-city-topkapi-porta-romanos-hotel-ottoman-heritage/?checkin=2026-05-10\u0026city=532\u0026module=list\u0026link=button\u0026from_page=list\u0026adult=1\u0026checkout=2026-05-11,https://sa.trip.com/?locale=ar-sa,https://sa.trip.com/hotels/istanbul-hotel-detail-81446019/istanbul-old-city-topkapi-porta-romanos-hotel-ottoman-heritage/?checkin=2026-05-10\u0026city=532\u0026module=list\u0026link=button\u0026from_page=list\u0026adult=1\u0026checkout=2026-05-11,recon_page,2026-05-02T22:38:19.457875
78,1,2,1,1,0,0,1,0,11,0,com,200,2,100444,619.829,0,0,17,0,unknown,0,html,1,7,0,1,1,0,0,0,0,0,0,0,1,7,0,0,1,2,0,0,0,0,1,1,0,0,0,0,1,4,3,0,1,1,25,12,13,0,0,1,14,1,2,1,1,1,1,0,0,0,0,0,0,0,0,0,1,1,0,0,0,0,0,0,0,0,0,0,1,2,0,0,0.0,0.0,0.0,0,0,0,0,0,0,0,0,0,0,0,0,25,12,1,0,0,0,0,0,0,0.0,3.982318505834097e-05,0.125,0.07964637011668194,0,,multi_full_20260502_195405_0002,2026-05-02T22:38:42.325214,https://sa.trip.com/hotels/list/?city=532\u0026listFilters=75~TAG_504*75*504*2,https://sa.trip.com/?locale=ar-sa,False,https://sa.trip.com/hotels/list/?city=532\u0026listFilters=75~TAG_504*75*504*2,https://sa.trip.com/?locale=ar-sa,https://sa.trip.com/hotels/list/?city=532\u0026listFilters=75~TAG_504*75*504*2,recon_page,2026-05-02T22:38:42.329353
78,1,2,1,1,0,0,1,0,11,0,com,200,2,100441,551.8499999999999,0,0,17,0,unknown,0,html,1,7,0,1,1,0,0,0,0,0,0,0,1,7,0,0,1,2,0,0,0,0,1,1,0,0,0,0,1,4,3,0,1,1,25,12,13,0,0,1,14,1,2,1,1,1,1,0,0,0,0,0,0,0,0,0,1,1,0,0,0,0,0,0,0,0,0,0,1,2,0,0,0.0,0.0,0.0,0,0,0,0,0,0,0,0,0,0,0,0,25,12,1,0,0,0,0,0,0,0.0,3.982437450841788e-05,0.125,0.07964874901683575,0,,multi_full_20260502_195405_0002,2026-05-02T22:39:02.465684,https://sa.trip.com/hotels/list/?city=532\u0026listFilters=75~TAG_522*75*522*2,https://sa.trip.com/?locale=ar-sa,False,https://sa.trip.com/hotels/list/?city=532\u0026listFilters=75~TAG_522*75*522*2,https://sa.trip.com/?locale=ar-sa,https://sa.trip.com/hotels/list/?city=532\u0026listFilters=75~TAG_522*75*522*2,recon_page,2026-05-02T22:39:02.469883
92,1,3,1,1,0,0,1,0,11,0,com,200,2,102164,724.248,0,0,17,0,unknown,0,html,1,7,0,1,1,0,0,0,0,0,0,0,1,7,0,0,1,2,0,0,0,0,1,1,0,0,0,0,1,4,3,0,1,1,25,12,13,0,0,1,14,1,2,1,1,1,1,0,0,0,0,0,0,0,0,0,1,1,0,0,0,0,0,0,0,0,0,0,1,2,0,0,0.0,0.0,0.0,0,0,0,0,0,0,0,0,0,0,0,0,25,12,1,0,0,0,0,0,0,0.0,3.915273481852707e-05,0.125,0.07830546963705415,0,,multi_full_20260502_195405_0002,2026-05-02T22:39:25.288285,https://sa.trip.com/hotels/list/searchresults/?city=532\u0026hotelid=744510\u0026breakfast=1,https://sa.trip.com/?locale=ar-sa,False,https://sa.trip.com/hotels/list/searchresults/?city=532\u0026hotelid=744510\u0026breakfast=1,https://sa.trip.com/?locale=ar-sa,https://sa.trip.com/hotels/list/searchresults/?city=532\u0026hotelid=744510\u0026breakfast=1,recon_page,2026-05-02T22:39:25.292605
70,1,2,1,1,0,0,1,0,11,0,com,200,2,100401,507.99899999999997,0,0,17,0,unknown,0,html,1,7,0,1,1,0,0,0,0,0,0,0,1,7,0,0,1,2,0,0,0,0,1,1,0,0,0,0,1,4,3,0,1,1,25,12,13,0,0,1,14,1,2,1,1,1,1,0,0,0,0,0,0,0,0,0,1,1,0,0,0,0,0,0,0,0,0,0,1,2,0,0,0.0,0.0,0.0,0,0,0,0,0,0,0,0,0,0,0,0,25,12,1,0,0,0,0,0,0,0.0,3.984024063505343e-05,0.125,0.07968048127010688,0,,multi_full_20260502_195405_0002,2026-05-02T22:39:45.539135,https://sa.trip.com/hotels/list/?city=532\u0026listFilters=3~97*3*97*2,https://sa.trip.com/?locale=ar-sa,False,https://sa.trip.com/hotels/list/?city=532\u0026listFilters=3~97*3*97*2,https://sa.trip.com/?locale=ar-sa,https://sa.trip.com/hotels/list/?city=532\u0026listFilters=3~97*3*97*2,recon_page,2026-05-02T22:39:45.542908
194,1,3,1,1,0,0,1,0,11,0,com,200,2,365242,327.26,0,0,19,0,unknown,1,html,1,9,0,1,1,0,0,0,0,0,0,0,1,5,0,0,1,2,0,0,0,0,1,18,0,0,0,0,1,28,22,0,6,1,37,17,20,1,31,1,2,1,3,1,1,14,0,0,0,0,0,0,0,0,0,0,1,1,0,0,0,0,0,0,0,0,0,0,1,1,0,0,0.0,1.0,0.0,0,0,0,0,0,0,0,0,0,0,0,0,41,12,1,0,0,0,0,0,0,0.0,7.666150114170878e-05,0.125,0.06297194736640364,0,,multi_full_20260502_195405_0002,2026-05-02T22:40:09.434356,https://sa.trip.com/hotels/istanbul-hotel-detail-92109606/zoom-hotel/?checkin=2026-05-10\u0026city=532\u0026module=list\u0026link=button\u0026from_page=list\u0026adult=1\u0026checkout=2026-05-11,https://sa.trip.com/?locale=ar-sa,False,https://sa.trip.com/hotels/istanbul-hotel-detail-92109606/zoom-hotel/?checkin=2026-05-10\u0026city=532\u0026module=list\u0026link=button\u0026from_page=list\u0026adult=1\u0026checkout=2026-05-11,https://sa.trip.com/?locale=ar-sa,https://sa.trip.com/hotels/istanbul-hotel-detail-92109606/zoom-hotel/?checkin=2026-05-10\u0026city=532\u0026module=list\u0026link=button\u0026from_page=list\u0026adult=1\u0026checkout=2026-05-11,recon_page,2026-05-02T22:40:09.437805
90,1,4,0,0,0,0,1,0,11,0,com,200,2,393649,468.824,0,0,19,0,unknown,1,html,1,9,0,1,1,0,0,0,0,0,0,0,1,5,0,0,1,2,0,0,0,0,1,18,0,0,0,0,1,28,22,0,6,1,37,17,20,1,27,1,2,1,3,1,1,14,0,0,0,0,0,0,0,0,0,0,1,1,0,0,0,0,0,0,0,0,0,0,1,1,0,0,0.0,1.0,0.0,0,0,0,0,0,0,0,0,0,0,0,0,41,12,1,0,0,0,0,0,0,0.0,7.112935635553501e-05,0.125,0.0584276855777609,0,,multi_full_20260502_195405_0002,2026-05-02T22:40:29.290234,https://sa.trip.com/hotels/istanbul-hotel-detail-745627/isg-sabiha-gokcen-airport-hotel/\/,https://sa.trip.com/?locale=ar-sa,False,https://sa.trip.com/hotels/istanbul-hotel-detail-745627/isg-sabiha-gokcen-airport-hotel/\/,https://sa.trip.com/?locale=ar-sa,https://sa.trip.com/hotels/istanbul-hotel-detail-745627/isg-sabiha-gokcen-airport-hotel/\/,recon_page,2026-05-02T22:40:29.294026
72,1,3,0,0,0,0,1,0,11,0,com,200,2,315779,398.344,0,0,20,0,unknown,1,html,1,9,0,1,1,0,0,0,0,0,0,0,1,5,0,0,1,2,0,0,0,0,1,12,0,0,0,0,1,28,22,0,6,1,37,17,20,1,19,1,2,1,3,1,1,14,0,0,0,0,0,0,0,0,0,0,1,1,0,0,0,0,0,0,0,0,0,0,1,1,0,0,0.0,1.0,0.0,0,0,0,0,0,0,0,0,0,0,0,0,41,12,1,0,0,0,0,0,0,0.0,8.866960754198348e-05,0.125,0.05383511886477568,0,,multi_full_20260502_195405_0002,2026-05-02T22:40:51.040578,https://sa.trip.com/hotels/istanbul-hotel-detail-45812523/megaron-hotel/,https://sa.trip.com/?locale=ar-sa,False,https://sa.trip.com/hotels/istanbul-hotel-detail-45812523/megaron-hotel/,https://sa.trip.com/?locale=ar-sa,https://sa.trip.com/hotels/istanbul-hotel-detail-45812523/megaron-hotel/,recon_page,2026-05-02T22:40:51.044061
211,1,3,1,1,0,0,1,0,11,0,com,200,2,414907,364.116,0,0,19,0,unknown,1,html,1,9,0,1,1,0,0,0,0,0,0,0,1,5,0,0,1,2,0,0,0,0,1,18,0,0,0,0,1,28,22,0,6,1,37,17,20,1,22,1,2,1,3,1,1,14,0,0,0,0,0,0,0,0,0,0,1,1,0,0,0,0,0,0,0,0,0,0,1,1,0,0,0.0,1.0,0.0,0,0,0,0,0,0,0,0,0,0,0,0,41,12,1,0,0,0,0,0,0,0.0,6.748500266324743e-05,0.125,0.05543410933052467,0,,multi_full_20260502_195405_0002,2026-05-02T22:41:05.409237,https://sa.trip.com/hotels/istanbul-hotel-detail-124189519/santa-rio-gold-taxim-hotel/?checkin=2026-05-10\u0026city=532\u0026module=list\u0026link=button\u0026from_page=list\u0026adult=1\u0026checkout=2026-05-11,https://sa.trip.com/?locale=ar-sa,False,https://sa.trip.com/hotels/istanbul-hotel-detail-124189519/santa-rio-gold-taxim-hotel/?checkin=2026-05-10\u0026city=532\u0026module=list\u0026link=button\u0026from_page=list\u0026adult=1\u0026checkout=2026-05-11,https://sa.trip.com/?locale=ar-sa,https://sa.trip.com/hotels/istanbul-hotel-detail-124189519/santa-rio-gold-taxim-hotel/?checkin=2026-05-10\u0026city=532\u0026module=list\u0026link=button\u0026from_page=list\u0026adult=1\u0026checkout=2026-05-11,recon_page,2026-05-02T22:41:05.412858
86,1,3,0,0,0,0,1,0,11,0,com,200,2,603916,673.374,0,0,17,0,unknown,1,html,1,4,0,1,1,0,0,0,0,0,0,0,1,5,0,0,1,2,0,0,0,0,1,6,0,0,0,0,1,21,11,0,10,1,105,94,11,1,44,1,17,0,0,1,1,22,1,0,0,0,0,0,0,0,0,0,0,1,0,0,0,0,0,0,0,0,0,0,0,0,0,0,0.0,0.0,0.0,0,0,0,0,0,0,0,0,0,0,0,0,91,1,1,0,0,0,0,0,1,0.0,3.477304790732486e-05,0.125,0.018214453665741592,0,,multi_full_20260502_195405_0002,2026-05-02T22:41:22.327919,https://sa.trip.com/hotels/istanbul-istanbul-museum-of-modern-art/hotels-c532m6742882/,https://sa.trip.com/?locale=ar-sa,False,https://sa.trip.com/hotels/istanbul-istanbul-museum-of-modern-art/hotels-c532m6742882/,https://sa.trip.com/?locale=ar-sa,https://sa.trip.com/hotels/istanbul-istanbul-museum-of-modern-art/hotels-c532m6742882/,recon_page,2026-05-02T22:41:22.335383
71,1,3,0,0,0,0,1,0,11,0,com,200,2,341713,325.76,0,0,19,0,unknown,1,html,1,9,0,1,1,0,0,0,0,0,0,0,1,5,0,0,1,2,0,0,0,0,1,10,0,0,0,0,1,28,22,0,6,1,37,17,20,1,20,1,2,1,3,1,1,14,0,0,0,0,0,0,0,0,0,0,1,1,0,0,0,0,0,0,0,0,0,0,1,1,0,0,0.0,1.0,0.0,0,0,0,0,0,0,0,0,0,0,0,0,41,12,1,0,0,0,0,0,0,0.0,8.194010763418424e-05,0.125,0.043896486232598696,0,,multi_full_20260502_195405_0002,2026-05-02T22:41:44.597013,https://sa.trip.com/hotels/istanbul-hotel-detail-58629144/nupera-hotel/,https://sa.trip.com/?locale=ar-sa,False,https://sa.trip.com/hotels/istanbul-hotel-detail-58629144/nupera-hotel/,https://sa.trip.com/?locale=ar-sa,https://sa.trip.com/hotels/istanbul-hotel-detail-58629144/nupera-hotel/,recon_page,2026-05-02T22:41:44.600304
31,1,2,0,0,0,0,1,0,11,0,com,403,4,17029,274.2,0,0,10,0,unknown,0,html,0,0,0,0,0,0,0,0,0,0,0,0,1,1,0,0,1,1,0,0,0,0,0,0,0,0,0,0,1,1,1,0,0,1,19,17,2,1,10,1,2,1,2,1,1,8,1,0,0,0,0,0,0,0,0,0,0,1,0,0,0,0,0,0,0,0,0,0,0,0,0,0,0.0,0.0,0.0,0,0,0,0,0,0,0,0,0,0,0,0,17,10,0,0,0,0,0,0,0,0.0,5.872335427799636e-05,0.0,0.05872335427799636,0,,multi_full_20260502_195405_0002,2026-05-02T22:41:57.915528,https://sa.trip.com/sale/deals/,https://sa.trip.com/?locale=ar-sa,False,https://sa.trip.com/sale/deals/,https://sa.trip.com/?locale=ar-sa,https://sa.trip.com/sale/deals/,recon_page,2026-05-02T22:41:57.918936
66,1,3,0,0,0,0,1,0,11,0,com,200,2,319646,494.43399999999997,0,0,16,0,unknown,0,html,1,8,0,0,0,0,0,0,0,0,0,0,1,2,0,0,1,2,0,0,0,0,1,20,0,0,0,0,1,43,32,0,11,1,137,116,21,1,49,1,13,1,10,1,0,0,1,0,0,0,0,0,0,0,0,0,1,1,0,0,0,0,0,0,0,0,0,0,0,0,0,0,0.0,1.0,0.0,0,0,0,0,0,0,0,0,0,0,0,0,134,0,0,43,0,0,0,0,0,0.0,0.00013452381697252584,0.0,0.06882613891617602,0,,multi_full_20260502_195405_0002,2026-05-02T22:42:12.239910,https://sa.trip.com/flights/damascus-to-istanbul/airfares-dam-ist/,https://sa.trip.com/?locale=ar-sa,False,https://sa.trip.com/flights/damascus-to-istanbul/airfares-dam-ist/,https://sa.trip.com/?locale=ar-sa,https://sa.trip.com/flights/damascus-to-istanbul/airfares-dam-ist/,recon_page,2026-05-02T22:42:12.243529
85,1,3,0,0,0,0,1,0,11,0,com,200,2,385899,305.579,0,0,19,0,unknown,1,html,1,9,0,1,1,0,0,0,0,0,0,0,1,5,0,0,1,2,0,0,0,0,1,13,0,0,0,0,1,28,22,0,6,1,37,17,20,1,25,1,2,1,3,1,1,14,0,0,0,0,0,0,0,0,0,0,1,1,0,0,0,0,0,0,0,0,0,0,1,1,0,0,0.0,1.0,0.0,0,0,0,0,0,0,0,0,0,0,0,0,41,12,1,0,0,0,0,0,0,0.0,7.25578454466065e-05,0.125,0.04664432921567561,0,,multi_full_20260502_195405_0002,2026-05-02T22:42:26.447467,https://sa.trip.com/hotels/istanbul-hotel-detail-2845606/santa-sophia-hotel-istanbul/,https://sa.trip.com/?locale=ar-sa,False,https://sa.trip.com/hotels/istanbul-hotel-detail-2845606/santa-sophia-hotel-istanbul/,https://sa.trip.com/?locale=ar-sa,https://sa.trip.com/hotels/istanbul-hotel-detail-2845606/santa-sophia-hotel-istanbul/,recon_page,2026-05-02T22:42:26.450632
84,1,2,1,1,0,0,1,0,11,0,com,200,2,100468,546.9150000000001,0,0,17,0,unknown,0,html,1,7,0,1,1,0,0,0,0,0,0,0,1,7,0,0,1,2,0,0,0,0,1,1,0,0,0,0,1,4,3,0,1,1,25,12,13,0,0,1,14,1,2,1,1,1,1,0,0,0,0,0,0,0,0,0,1,1,0,0,0,0,0,0,0,0,0,0,1,2,0,0,0.0,0.0,0.0,0,0,0,0,0,0,0,0,0,0,0,0,25,12,1,0,0,0,0,0,0,0.0,3.981367201496994e-05,0.125,0.07962734402993987,0,,multi_full_20260502_195405_0002,2026-05-02T22:42:45.399488,https://sa.trip.com/hotels/list/?city=532\u0026listFilters=20550~5~8941*20550*8941*2,https://sa.trip.com/?locale=ar-sa,False,https://sa.trip.com/hotels/list/?city=532\u0026listFilters=20550~5~8941*20550*8941*2,https://sa.trip.com/?locale=ar-sa,https://sa.trip.com/hotels/list/?city=532\u0026listFilters=20550~5~8941*20550*8941*2,recon_page,2026-05-02T22:42:45.402494
520,1,3,1,1,0,0,1,0,11,0,com,200,2,104578,1125.558,0,0,17,0,unknown,0,html,1,7,0,1,1,0,0,0,0,0,0,0,1,7,0,0,1,2,0,0,0,0,1,1,0,0,0,0,1,4,3,0,1,1,25,12,13,0,0,1,14,1,2,1,1,1,1,0,0,0,0,0,0,0,0,0,1,1,0,0,0,0,0,0,0,0,0,0,1,2,0,0,0.0,0.0,0.0,0,0,0,0,0,0,0,0,0,0,0,0,25,12,1,0,0,0,0,0,0,0.0,3.824896249689227e-05,0.125,0.07649792499378454,0,,multi_full_20260502_195405_0002,2026-05-02T22:43:06.235578,https://sa.trip.com/hotels/list/searchresults/?city=532\u0026hotelid=745378\u0026searchWord=%D8%A5%D8%B3%D8%B7%D9%86%D8%A8%D9%88%D9%84+%D8%AE%D8%AF%D9%85%D8%A9+%D9%86%D9%82%D9%84+%D9%85%D9%86+%D9%88%D8%A5%D9%84%D9%89+%D8%A7%D9%84%D9%85%D8%B7%D8%A7%D8%B1\u0026searchType=H\u0026searchValue=30%7C%D8%AE%D8%AF%D9%85%D8%A9+%D8%A7%D9%86%D8%AA%D9%82%D8%A7%D9%84%D8%A7%D8%AA+%D8%A7%D9%84%D9%85%D8%B7%D8%A7%D8%B1_30_%D8%AE%D8%AF%D9%85%D8%A9+%D8%A7%D9%86%D8%AA%D9%82%D8%A7%D9%84%D8%A7%D8%AA+%D8%A7%D9%84%D9%85%D8%B7%D8%A7%D8%B1_1,https://sa.trip.com/?locale=ar-sa,False,https://sa.trip.com/hotels/list/searchresults/?city=532\u0026hotelid=745378\u0026searchWord=%D8%A5%D8%B3%D8%B7%D9%86%D8%A8%D9%88%D9%84+%D8%AE%D8%AF%D9%85%D8%A9+%D9%86%D9%82%D9%84+%D9%85%D9%86+%D9%88%D8%A5%D9%84%D9%89+%D8%A7%D9%84%D9%85%D8%B7%D8%A7%D8%B1\u0026searchType=H\u0026searchValue=30%7C%D8%AE%D8%AF%D9%85%D8%A9+%D8%A7%D9%86%D8%AA%D9%82%D8%A7%D9%84%D8%A7%D8%AA+%D8%A7%D9%84%D9%85%D8%B7%D8%A7%D8%B1_30_%D8%AE%D8%AF%D9%85%D8%A9+%D8%A7%D9%86%D8%AA%D9%82%D8%A7%D9%84%D8%A7%D8%AA+%D8%A7%D9%84%D9%85%D8%B7%D8%A7%D8%B1_1,https://sa.trip.com/?locale=ar-sa,https://sa.trip.com/hotels/list/searchresults/?city=532\u0026hotelid=745378\u0026searchWord=%D8%A5%D8%B3%D8%B7%D9%86%D8%A8%D9%88%D9%84+%D8%AE%D8%AF%D9%85%D8%A9+%D9%86%D9%82%D9%84+%D9%85%D9%86+%D9%88%D8%A5%D9%84%D9%89+%D8%A7%D9%84%D9%85%D8%B7%D8%A7%D8%B1\u0026searchType=H\u0026searchValue=30%7C%D8%AE%D8%AF%D9%85%D8%A9+%D8%A7%D9%86%D8%AA%D9%82%D8%A7%D9%84%D8%A7%D8%AA+%D8%A7%D9%84%D9%85%D8%B7%D8%A7%D8%B1_30_%D8%AE%D8%AF%D9%85%D8%A9+%D8%A7%D9%86%D8%AA%D9%82%D8%A7%D9%84%D8%A7%D8%AA+%D8%A7%D9%84%D9%85%D8%B7%D8%A7%D8%B1_1,recon_page,2026-05-02T22:43:06.239839
74,1,3,0,0,0,0,1,0,11,0,com,200,2,374525,320.603,0,0,19,0,unknown,1,html,1,9,0,1,1,0,0,0,0,0,0,0,1,5,0,0,1,2,0,0,0,0,1,8,0,0,0,0,1,28,22,0,6,1,37,17,20,1,23,1,2,1,3,1,1,14,0,0,0,0,0,0,0,0,0,0,1,1,0,0,0,0,0,0,0,0,0,0,1,1,0,0,0.0,1.0,0.0,0,0,0,0,0,0,0,0,0,0,0,0,41,12,1,0,0,0,0,0,0,0.0,7.476136439490021e-05,0.125,0.034710633469060816,0,,multi_full_20260502_195405_0002,2026-05-02T22:43:32.619769,https://sa.trip.com/hotels/istanbul-hotel-detail-745516/hotel-tulip-house/,https://sa.trip.com/?locale=ar-sa,False,https://sa.trip.com/hotels/istanbul-hotel-detail-745516/hotel-tulip-house/,https://sa.trip.com/?locale=ar-sa,https://sa.trip.com/hotels/istanbul-hotel-detail-745516/hotel-tulip-house/,recon_page,2026-05-02T22:43:32.623843
62,1,3,0,0,0,0,1,0,11,0,com,200,2,332460,564.0690000000001,0,0,16,0,unknown,0,html,1,8,0,0,0,0,0,0,0,0,0,0,1,2,0,0,1,2,0,0,0,0,1,24,0,0,0,0,1,43,32,0,11,1,136,115,21,1,53,1,13,1,10,1,0,0,1,0,0,0,0,0,0,0,0,0,1,1,0,0,0,0,0,0,0,0,0,0,0,0,0,0,0.0,1.0,0.0,0,0,0,0,0,0,0,0,0,0,0,0,134,0,0,42,0,0,0,0,0,0.0,0.00012933886783372434,0.0,0.0782048968296938,0,,multi_full_20260502_195405_0002,2026-05-02T22:44:00.545056,https://sa.trip.com/flights/istanbul-to-male/airfares-ist-mle/,https://sa.trip.com/?locale=ar-sa,False,https://sa.trip.com/flights/istanbul-to-male/airfares-ist-mle/,https://sa.trip.com/?locale=ar-sa,https://sa.trip.com/flights/istanbul-to-male/airfares-ist-mle/,recon_page,2026-05-02T22:44:00.548582
521,1,3,1,1,0,0,1,0,11,0,com,200,2,104583,765.848,0,0,17,0,unknown,0,html,1,7,0,1,1,0,0,0,0,0,0,0,1,7,0,0,1,2,0,0,0,0,1,1,0,0,0,0,1,4,3,0,1,1,25,12,13,0,0,1,14,1,2,1,1,1,1,0,0,0,0,0,0,0,0,0,1,1,0,0,0,0,0,0,0,0,0,0,1,2,0,0,0.0,0.0,0.0,0,0,0,0,0,0,0,0,0,0,0,0,25,12,1,0,0,0,0,0,0,0.0,3.8247133855406714e-05,0.125,0.07649426771081343,0,,multi_full_20260502_195405_0002,2026-05-02T22:44:22.027736,https://sa.trip.com/hotels/list/searchresults/?city=532\u0026hotelid=3793987\u0026searchWord=%D8%A5%D8%B3%D8%B7%D9%86%D8%A8%D9%88%D9%84+%D8%AE%D8%AF%D9%85%D8%A9+%D9%86%D9%82%D9%84+%D9%85%D9%86+%D9%88%D8%A5%D9%84%D9%89+%D8%A7%D9%84%D9%85%D8%B7%D8%A7%D8%B1\u0026searchType=H\u0026searchValue=30%7C%D8%AE%D8%AF%D9%85%D8%A9+%D8%A7%D9%86%D8%AA%D9%82%D8%A7%D9%84%D8%A7%D8%AA+%D8%A7%D9%84%D9%85%D8%B7%D8%A7%D8%B1_30_%D8%AE%D8%AF%D9%85%D8%A9+%D8%A7%D9%86%D8%AA%D9%82%D8%A7%D9%84%D8%A7%D8%AA+%D8%A7%D9%84%D9%85%D8%B7%D8%A7%D8%B1_1,https://sa.trip.com/?locale=ar-sa,False,https://sa.trip.com/hotels/list/searchresults/?city=532\u0026hotelid=3793987\u0026searchWord=%D8%A5%D8%B3%D8%B7%D9%86%D8%A8%D9%88%D9%84+%D8%AE%D8%AF%D9%85%D8%A9+%D9%86%D9%82%D9%84+%D9%85%D9%86+%D9%88%D8%A5%D9%84%D9%89+%D8%A7%D9%84%D9%85%D8%B7%D8%A7%D8%B1\u0026searchType=H\u0026searchValue=30%7C%D8%AE%D8%AF%D9%85%D8%A9+%D8%A7%D9%86%D8%AA%D9%82%D8%A7%D9%84%D8%A7%D8%AA+%D8%A7%D9%84%D9%85%D8%B7%D8%A7%D8%B1_30_%D8%AE%D8%AF%D9%85%D8%A9+%D8%A7%D9%86%D8%AA%D9%82%D8%A7%D9%84%D8%A7%D8%AA+%D8%A7%D9%84%D9%85%D8%B7%D8%A7%D8%B1_1,https://sa.trip.com/?locale=ar-sa,https://sa.trip.com/hotels/list/searchresults/?city=532\u0026hotelid=3793987\u0026searchWord=%D8%A5%D8%B3%D8%B7%D9%86%D8%A8%D9%88%D9%84+%D8%AE%D8%AF%D9%85%D8%A9+%D9%86%D9%82%D9%84+%D9%85%D9%86+%D9%88%D8%A5%D9%84%D9%89+%D8%A7%D9%84%D9%85%D8%B7%D8%A7%D8%B1\u0026searchType=H\u0026searchValue=30%7C%D8%AE%D8%AF%D9%85%D8%A9+%D8%A7%D9%86%D8%AA%D9%82%D8%A7%D9%84%D8%A7%D8%AA+%D8%A7%D9%84%D9%85%D8%B7%D8%A7%D8%B1_30_%D8%AE%D8%AF%D9%85%D8%A9+%D8%A7%D9%86%D8%AA%D9%82%D8%A7%D9%84%D8%A7%D8%AA+%D8%A7%D9%84%D9%85%D8%B7%D8%A7%D8%B1_1,recon_page,2026-05-02T22:44:22.034506
28,1,1,0,0,0,0,1,0,11,0,com,404,4,17029,377.631,0,0,10,0,unknown,0,html,0,0,0,0,0,0,0,0,0,0,0,0,1,1,0,0,1,1,0,0,0,0,0,0,0,0,0,0,1,1,1,0,0,1,19,17,2,1,10,1,2,1,2,1,1,8,1,0,0,0,0,0,0,0,0,0,0,1,0,0,0,0,0,0,0,0,0,0,0,0,0,0,0.0,0.0,0.0,0,0,0,0,0,0,0,0,0,0,0,0,17,10,0,0,0,0,0,0,0,0.0,5.872335427799636e-05,0.0,0.05872335427799636,0,,multi_full_20260502_195405_0002,2026-05-02T22:44:42.384349,https://sa.trip.com/[[...p]],https://sa.trip.com/?locale=ar-sa,False,https://sa.trip.com/[[...p]],https://sa.trip.com/?locale=ar-sa,https://sa.trip.com/[[...p]],recon_page,2026-05-02T22:44:42.391539
85,1,4,0,0,0,0,1,0,11,0,com,200,2,511128,290.568,0,0,19,0,unknown,1,html,1,9,0,1,1,0,0,0,0,0,0,0,1,5,0,0,1,2,0,0,0,0,1,18,0,0,0,0,1,26,20,0,6,1,37,17,20,1,35,1,2,1,3,1,1,14,0,0,0,0,0,0,0,0,0,0,1,1,0,0,0,0,0,0,0,0,0,0,1,1,0,0,0.0,1.0,0.0,0,0,0,0,0,0,0,0,0,0,0,0,41,12,1,0,0,0,0,0,1,0.0,5.086788436556009e-05,0.125,0.04499851309261085,0,,multi_full_20260502_195405_0002,2026-05-02T22:45:09.185377,https://sa.trip.com/hotels/istanbul-hotel-detail-2109077/intercontinental-istanbul/\/,https://sa.trip.com/?locale=ar-sa,False,https://sa.trip.com/hotels/istanbul-hotel-detail-2109077/intercontinental-istanbul/\/,https://sa.trip.com/?locale=ar-sa,https://sa.trip.com/hotels/istanbul-hotel-detail-2109077/intercontinental-istanbul/\/,recon_page,2026-05-02T22:45:09.189899
72,1,2,1,1,0,0,1,0,11,0,com,200,2,100414,584.89,0,0,17,0,unknown,0,html,1,7,0,1,1,0,0,0,0,0,0,0,1,7,0,0,1,2,0,0,0,0,1,1,0,0,0,0,1,4,3,0,1,1,25,12,13,0,0,1,14,1,2,1,1,1,1,0,0,0,0,0,0,0,0,0,1,1,0,0,0,0,0,0,0,0,0,0,1,2,0,0,0.0,0.0,0.0,0,0,0,0,0,0,0,0,0,0,0,0,25,12,1,0,0,0,0,0,0,0.0,3.983508275738443e-05,0.125,0.07967016551476885,0,,multi_full_20260502_195405_0002,2026-05-02T22:45:30.110984,https://sa.trip.com/hotels/list/?city=532\u0026listFilters=3~102*3*102*2,https://sa.trip.com/?locale=ar-sa,False,https://sa.trip.com/hotels/list/?city=532\u0026listFilters=3~102*3*102*2,https://sa.trip.com/?locale=ar-sa,https://sa.trip.com/hotels/list/?city=532\u0026listFilters=3~102*3*102*2,recon_page,2026-05-02T22:45:30.114765
79,1,3,0,0,0,0,1,0,11,0,com,200,2,404048,358.051,0,0,19,0,unknown,1,html,1,9,0,1,1,0,0,0,0,0,0,0,1,5,0,0,1,2,0,0,0,0,1,13,0,0,0,0,1,28,22,0,6,1,37,17,20,1,30,1,2,1,3,1,1,14,0,0,0,0,0,0,0,0,0,0,1,1,0,0,0,0,0,0,0,0,0,0,1,1,0,0,0.0,1.0,0.0,0,0,0,0,0,0,0,0,0,0,0,0,41,12,1,0,0,0,0,0,0,0.0,6.929869718449293e-05,0.125,0.04454916247574545,0,,multi_full_20260502_195405_0002,2026-05-02T22:45:44.363436,https://sa.trip.com/hotels/istanbul-hotel-detail-745497/continental-hotel-pera/,https://sa.trip.com/?locale=ar-sa,False,https://sa.trip.com/hotels/istanbul-hotel-detail-745497/continental-hotel-pera/,https://sa.trip.com/?locale=ar-sa,https://sa.trip.com/hotels/istanbul-hotel-detail-745497/continental-hotel-pera/,recon_page,2026-05-02T22:45:44.367935
69,1,3,0,0,0,0,1,0,11,0,com,200,2,353453,301.697,0,0,19,0,unknown,1,html,1,9,0,1,1,0,0,0,0,0,0,0,1,5,0,0,1,2,0,0,0,0,1,11,0,0,0,0,1,28,22,0,6,1,37,17,20,1,21,1,2,1,3,1,1,14,0,0,0,0,0,0,0,0,0,0,1,1,0,0,0,0,0,0,0,0,0,0,1,1,0,0,0.0,1.0,0.0,0,0,0,0,0,0,0,0,0,0,0,0,41,12,1,0,0,0,0,0,0,0.0,7.921845337286711e-05,0.125,0.045267687641638354,0,,multi_full_20260502_195405_0002,2026-05-02T22:46:04.568814,https://sa.trip.com/hotels/istanbul-hotel-detail-2399944/divas-hotel/,https://sa.trip.com/?locale=ar-sa,False,https://sa.trip.com/hotels/istanbul-hotel-detail-2399944/divas-hotel/,https://sa.trip.com/?locale=ar-sa,https://sa.trip.com/hotels/istanbul-hotel-detail-2399944/divas-hotel/,recon_page,2026-05-02T22:46:04.574113
71,1,3,0,0,0,0,1,0,11,0,com,200,2,352241,295.677,0,0,19,0,unknown,1,html,1,9,0,1,1,0,0,0,0,0,0,0,1,5,0,0,1,2,0,0,0,0,1,18,0,0,0,0,1,28,22,0,6,1,37,17,20,1,22,1,2,1,3,1,1,14,0,0,0,0,0,0,0,0,0,0,1,1,0,0,0,0,0,0,0,0,0,0,1,1,0,0,0.0,1.0,0.0,0,0,0,0,0,0,0,0,0,0,0,0,41,12,1,0,0,0,0,0,0,0.0,7.94910302889215e-05,0.125,0.06529620345161409,0,,multi_full_20260502_195405_0002,2026-05-02T22:46:18.649356,https://sa.trip.com/hotels/istanbul-hotel-detail-118583268/meyzi-hotel/,https://sa.trip.com/?locale=ar-sa,False,https://sa.trip.com/hotels/istanbul-hotel-detail-118583268/meyzi-hotel/,https://sa.trip.com/?locale=ar-sa,https://sa.trip.com/hotels/istanbul-hotel-detail-118583268/meyzi-hotel/,recon_page,2026-05-02T22:46:18.653162
77,1,3,1,1,0,0,1,0,11,0,com,200,2,102077,723.412,0,0,17,0,unknown,0,html,1,7,0,1,1,0,0,0,0,0,0,0,1,7,0,0,1,2,0,0,0,0,1,1,0,0,0,0,1,4,3,0,1,1,25,12,13,0,0,1,14,1,2,1,1,1,1,0,0,0,0,0,0,0,0,0,1,1,0,0,0,0,0,0,0,0,0,0,1,2,0,0,0.0,0.0,0.0,0,0,0,0,0,0,0,0,0,0,0,0,25,12,1,0,0,0,0,0,0,0.0,3.918610460730625e-05,0.125,0.0783722092146125,0,,multi_full_20260502_195405_0002,2026-05-02T22:46:33.767995,https://sa.trip.com/hotels/list/searchresults/?city=532\u0026hotelid=92109606,https://sa.trip.com/?locale=ar-sa,False,https://sa.trip.com/hotels/list/searchresults/?city=532\u0026hotelid=92109606,https://sa.trip.com/?locale=ar-sa,https://sa.trip.com/hotels/list/searchresults/?city=532\u0026hotelid=92109606,recon_page,2026-05-02T22:46:33.771972
63,1,3,0,0,0,0,1,0,11,0,com,200,2,314824,417.269,0,0,17,0,unknown,0,html,1,8,0,0,0,0,0,0,0,0,0,0,1,2,0,0,1,2,0,0,0,0,1,20,0,0,0,0,1,43,32,0,11,1,105,84,21,1,47,1,13,1,10,1,0,0,1,0,0,0,0,0,0,0,0,0,1,1,0,0,0,0,0,0,0,0,0,0,0,0,0,0,0.0,1.0,0.0,0,0,0,0,0,0,0,0,0,0,0,0,102,0,0,44,0,0,0,0,0,0.0,0.00013658425024775747,0.0,0.06988031408024802,0,,multi_full_20260502_195405_0002,2026-05-02T22:46:48.036338,https://sa.trip.com/flights/istanbul-to-sivas/airfares-ist-vas/,https://sa.trip.com/?locale=ar-sa,False,https://sa.trip.com/flights/istanbul-to-sivas/airfares-ist-vas/,https://sa.trip.com/?locale=ar-sa,https://sa.trip.com/flights/istanbul-to-sivas/airfares-ist-vas/,recon_page,2026-05-02T22:46:48.039619
78,1,3,1,1,0,0,1,0,11,0,com,200,2,102082,819.241,0,0,17,0,unknown,0,html,1,7,0,1,1,0,0,0,0,0,0,0,1,7,0,0,1,2,0,0,0,0,1,1,0,0,0,0,1,4,3,0,1,1,25,12,13,0,0,1,14,1,2,1,1,1,1,0,0,0,0,0,0,0,0,0,1,1,0,0,0,0,0,0,0,0,0,0,1,2,0,0,0.0,0.0,0.0,0,0,0,0,0,0,0,0,0,0,0,0,25,12,1,0,0,0,0,0,0,0.0,3.918418526282792e-05,0.125,0.07836837052565584,0,,multi_full_20260502_195405_0002,2026-05-02T22:47:08.552400,https://sa.trip.com/hotels/list/searchresults/?city=532\u0026hotelid=119012234,https://sa.trip.com/?locale=ar-sa,False,https://sa.trip.com/hotels/list/searchresults/?city=532\u0026hotelid=119012234,https://sa.trip.com/?locale=ar-sa,https://sa.trip.com/hotels/list/searchresults/?city=532\u0026hotelid=119012234,recon_page,2026-05-02T22:47:08.556112
143,1,3,1,1,0,0,1,0,11,0,com,200,2,102419,807.837,0,0,18,0,unknown,0,html,1,7,0,1,1,0,0,0,0,0,0,0,1,7,0,0,1,2,0,0,0,0,1,1,0,0,0,0,1,4,3,0,1,1,25,12,13,0,0,1,14,1,2,1,1,1,1,0,0,0,0,0,0,0,0,0,1,1,0,0,0,0,0,0,0,0,0,0,1,2,0,0,0.0,0.0,0.0,0,0,0,0,0,0,0,0,0,0,0,0,25,12,1,0,0,0,0,0,0,0.0,3.905525341977563e-05,0.125,0.07811050683955126,0,,multi_full_20260502_195405_0002,2026-05-02T22:47:28.783191,https://sa.trip.com/hotels/list/searchresults/?city=532\u0026hotelid=9026515\u0026sourcefromseo_tracelogid=0f8d7370-b743-49b6-9d2a-15b11945b0c9,https://sa.trip.com/?locale=ar-sa,False,https://sa.trip.com/hotels/list/searchresults/?city=532\u0026hotelid=9026515\u0026sourcefromseo_tracelogid=0f8d7370-b743-49b6-9d2a-15b11945b0c9,https://sa.trip.com/?locale=ar-sa,https://sa.trip.com/hotels/list/searchresults/?city=532\u0026hotelid=9026515\u0026sourcefromseo_tracelogid=0f8d7370-b743-49b6-9d2a-15b11945b0c9,recon_page,2026-05-02T22:47:28.840068
198,1,3,1,1,0,0,1,0,11,0,com,200,2,340811,302.862,0,0,19,0,unknown,1,html,1,9,0,1,1,0,0,0,0,0,0,0,1,5,0,0,1,2,0,0,0,0,1,10,0,0,0,0,1,28,22,0,6,1,37,17,20,1,22,1,2,1,3,1,1,14,0,0,0,0,0,0,0,0,0,0,1,1,0,0,0,0,0,0,0,0,0,0,1,1,0,0,0.0,1.0,0.0,0,0,0,0,0,0,0,0,0,0,0,0,41,12,1,0,0,0,0,0,0,0.0,8.215697263292558e-05,0.125,0.04401266391049585,0,,multi_full_20260502_195405_0002,2026-05-02T22:47:55.354313,https://sa.trip.com/hotels/istanbul-hotel-detail-67467511/galapera-hotel/?checkin=2026-05-10\u0026city=532\u0026module=list\u0026link=button\u0026from_page=list\u0026adult=1\u0026checkout=2026-05-11,https://sa.trip.com/?locale=ar-sa,False,https://sa.trip.com/hotels/istanbul-hotel-detail-67467511/galapera-hotel/?checkin=2026-05-10\u0026city=532\u0026module=list\u0026link=button\u0026from_page=list\u0026adult=1\u0026checkout=2026-05-11,https://sa.trip.com/?locale=ar-sa,https://sa.trip.com/hotels/istanbul-hotel-detail-67467511/galapera-hotel/?checkin=2026-05-10\u0026city=532\u0026module=list\u0026link=button\u0026from_page=list\u0026adult=1\u0026checkout=2026-05-11,recon_page,2026-05-02T22:47:55.358424
68,1,2,1,1,0,0,1,0,11,0,com,200,2,100394,520.28,0,0,17,0,unknown,0,html,1,7,0,1,1,0,0,0,0,0,0,0,1,7,0,0,1,2,0,0,0,0,1,1,0,0,0,0,1,4,3,0,1,1,25,12,13,0,0,1,14,1,2,1,1,1,1,0,0,0,0,0,0,0,0,0,1,1,0,0,0,0,0,0,0,0,0,0,1,2,0,0,0.0,0.0,0.0,0,0,0,0,0,0,0,0,0,0,0,0,25,12,1,0,0,0,0,0,0,0.0,3.9843018507082095e-05,0.125,0.07968603701416418,0,,multi_full_20260502_195405_0002,2026-05-02T22:48:22.622854,https://sa.trip.com/hotels/list/?city=532\u0026listFilters=3~5*3*5*2,https://sa.trip.com/?locale=ar-sa,False,https://sa.trip.com/hotels/list/?city=532\u0026listFilters=3~5*3*5*2,https://sa.trip.com/?locale=ar-sa,https://sa.trip.com/hotels/list/?city=532\u0026listFilters=3~5*3*5*2,recon_page,2026-05-02T22:48:22.627532
217,1,3,1,1,0,0,1,0,11,0,com,200,2,320668,375.331,0,0,20,0,unknown,1,html,1,9,0,1,1,0,0,0,0,0,0,0,1,5,0,0,1,2,0,0,0,0,1,15,0,0,0,0,1,28,22,0,6,1,37,17,20,1,17,1,2,1,3,1,1,14,0,0,0,0,0,0,0,0,0,0,1,1,0,0,0,0,0,0,0,0,0,0,1,1,0,0,0.0,1.0,0.0,0,0,0,0,0,0,0,0,0,0,0,0,41,12,1,0,0,0,0,0,0,0.0,8.731772425062682e-05,0.125,0.06236980303616201,0,,multi_full_20260502_195405_0002,2026-05-02T22:48:43.607782,https://sa.trip.com/hotels/istanbul-hotel-detail-102353147/intercity-hotel-istanbul-airport/?checkin=2026-05-10\u0026city=532\u0026module=list\u0026link=button\u0026from_page=list\u0026adult=1\u0026checkout=2026-05-11,https://sa.trip.com/?locale=ar-sa,False,https://sa.trip.com/hotels/istanbul-hotel-detail-102353147/intercity-hotel-istanbul-airport/?checkin=2026-05-10\u0026city=532\u0026module=list\u0026link=button\u0026from_page=list\u0026adult=1\u0026checkout=2026-05-11,https://sa.trip.com/?locale=ar-sa,https://sa.trip.com/hotels/istanbul-hotel-detail-102353147/intercity-hotel-istanbul-airport/?checkin=2026-05-10\u0026city=532\u0026module=list\u0026link=button\u0026from_page=list\u0026adult=1\u0026checkout=2026-05-11,recon_page,2026-05-02T22:48:43.610932
78,1,3,1,1,0,0,1,0,11,0,com,200,2,102082,753.1360000000001,0,0,17,0,unknown,0,html,1,7,0,1,1,0,0,0,0,0,0,0,1,7,0,0,1,2,0,0,0,0,1,1,0,0,0,0,1,4,3,0,1,1,25,12,13,0,0,1,14,1,2,1,1,1,1,0,0,0,0,0,0,0,0,0,1,1,0,0,0,0,0,0,0,0,0,0,1,2,0,0,0.0,0.0,0.0,0,0,0,0,0,0,0,0,0,0,0,0,25,12,1,0,0,0,0,0,0,0.0,3.918418526282792e-05,0.125,0.07836837052565584,0,,multi_full_20260502_195405_0002,2026-05-02T22:49:03.492663,https://sa.trip.com/hotels/list/searchresults/?city=532\u0026hotelid=133281351,https://sa.trip.com/?locale=ar-sa,False,https://sa.trip.com/hotels/list/searchresults/?city=532\u0026hotelid=133281351,https://sa.trip.com/?locale=ar-sa,https://sa.trip.com/hotels/list/searchresults/?city=532\u0026hotelid=133281351,recon_page,2026-05-02T22:49:03.497046
78,1,2,1,1,0,0,1,0,11,0,com,200,2,100439,498.015,0,0,18,0,unknown,0,html,1,7,0,1,1,0,0,0,0,0,0,0,1,7,0,0,1,2,0,0,0,0,1,1,0,0,0,0,1,4,3,0,1,1,25,12,13,0,0,1,14,1,2,1,1,1,1,0,0,0,0,0,0,0,0,0,1,1,0,0,0,0,0,0,0,0,0,0,1,2,0,0,0.0,0.0,0.0,0,0,0,0,0,0,0,0,0,0,0,0,25,12,1,0,0,0,0,0,0,0.0,3.982516751461086e-05,0.125,0.07965033502922172,0,,multi_full_20260502_195405_0002,2026-05-02T22:49:17.122464,https://sa.trip.com/hotels/list/?city=532\u0026listFilters=75~TAG_495*75*495*2,https://sa.trip.com/?locale=ar-sa,False,https://sa.trip.com/hotels/list/?city=532\u0026listFilters=75~TAG_495*75*495*2,https://sa.trip.com/?locale=ar-sa,https://sa.trip.com/hotels/list/?city=532\u0026listFilters=75~TAG_495*75*495*2,recon_page,2026-05-02T22:49:17.125733
88,1,3,0,0,0,0,1,0,11,0,com,200,2,393931,270.78999999999996,0,0,20,0,unknown,1,html,1,9,0,1,1,0,0,0,0,0,0,0,1,5,0,0,1,2,0,0,0,0,1,18,0,0,0,0,1,28,22,0,6,1,37,17,20,1,27,1,2,1,3,1,1,14,0,0,0,0,0,0,0,0,0,0,1,1,0,0,0,0,0,0,0,0,0,0,1,1,0,0,0.0,1.0,0.0,0,0,0,0,0,0,0,0,0,0,0,0,41,12,1,0,0,0,0,0,0,0.0,7.107843759440105e-05,0.125,0.05838585945254372,0,,multi_full_20260502_195405_0002,2026-05-02T22:49:31.489918,https://sa.trip.com/hotels/istanbul-hotel-detail-745627/isg-sabiha-gokcen-airport-hotel/,https://sa.trip.com/?locale=ar-sa,False,https://sa.trip.com/hotels/istanbul-hotel-detail-745627/isg-sabiha-gokcen-airport-hotel/,https://sa.trip.com/?locale=ar-sa,https://sa.trip.com/hotels/istanbul-hotel-detail-745627/isg-sabiha-gokcen-airport-hotel/,recon_page,2026-05-02T22:49:31.494145
70,1,3,0,0,0,0,1,0,11,0,com,200,2,590878,608.72,0,0,18,0,unknown,1,html,1,4,0,1,1,0,0,0,0,0,0,0,1,5,0,0,1,2,0,0,0,0,1,6,0,0,0,0,1,21,11,0,10,1,102,91,11,1,43,1,17,0,0,1,1,25,1,0,0,0,0,0,0,0,0,0,0,1,0,0,0,0,0,0,0,0,0,0,0,0,0,0,0.0,0.0,0.0,0,0,0,0,0,0,0,0,0,0,0,0,87,1,1,0,0,0,0,0,1,0.0,3.554033150667312e-05,0.125,0.018616364122543062,0,,multi_full_20260502_195405_0002,2026-05-02T22:49:50.370272,https://sa.trip.com/hotels/istanbul-taksim-square/hotels-c532m6787682/,https://sa.trip.com/?locale=ar-sa,False,https://sa.trip.com/hotels/istanbul-taksim-square/hotels-c532m6787682/,https://sa.trip.com/?locale=ar-sa,https://sa.trip.com/hotels/istanbul-taksim-square/hotels-c532m6787682/,recon_page,2026-05-02T22:49:50.376805
89,1,3,0,0,0,0,1,0,11,0,com,200,2,381482,318.313,0,0,19,0,unknown,1,html,1,9,0,1,1,0,0,0,0,0,0,0,1,5,0,0,1,2,0,0,0,0,1,18,0,0,0,0,1,28,22,0,6,1,37,17,20,1,24,1,2,1,3,1,1,14,0,0,0,0,0,0,0,0,0,0,1,1,0,0,0,0,0,0,0,0,0,0,1,1,0,0,0.0,1.0,0.0,0,0,0,0,0,0,0,0,0,0,0,0,41,12,1,0,0,0,0,0,0,0.0,7.339795848821176e-05,0.125,0.060291180186745376,0,,multi_full_20260502_195405_0002,2026-05-02T22:50:22.594198,https://sa.trip.com/hotels/istanbul-hotel-detail-127599546/rijji-hotel-istanbul-old-city/,https://sa.trip.com/?locale=ar-sa,False,https://sa.trip.com/hotels/istanbul-hotel-detail-127599546/rijji-hotel-istanbul-old-city/,https://sa.trip.com/?locale=ar-sa,https://sa.trip.com/hotels/istanbul-hotel-detail-127599546/rijji-hotel-istanbul-old-city/,recon_page,2026-05-02T22:50:22.599434
52,1,3,0,0,0,0,1,0,11,0,com,200,2,214242,599.938,0,0,17,0,unknown,0,html,1,8,0,0,0,0,0,0,0,0,0,0,1,3,0,0,1,2,0,0,0,0,1,2,0,0,1,1,1,42,31,0,11,1,118,100,18,1,52,1,12,1,9,1,0,0,1,0,0,0,0,0,0,0,0,0,1,1,0,0,0,0,0,0,0,0,0,0,0,0,0,0,0.0,1.0,0.0,0,0,0,0,0,0,0,0,0,0,0,0,113,0,0,56,0,0,0,0,0,0.0,0.00019603999215840032,0.0,0.023338094304571465,0,,multi_full_20260502_195405_0002,2026-05-02T22:50:23.030335,https://sa.trip.com/flights/to-medinah/airfares-med/,https://sa.trip.com/?locale=ar-sa,False,https://sa.trip.com/flights/to-medinah/airfares-med/,https://sa.trip.com/?locale=ar-sa,https://sa.trip.com/flights/to-medinah/airfares-med/,recon_page,2026-05-02T22:50:23.040137
50,1,1,0,0,0,0,1,0,11,0,com,404,4,17029,1134.2440000000001,0,0,10,0,unknown,0,html,0,0,0,0,0,0,0,0,0,0,0,0,1,1,0,0,1,1,0,0,0,0,0,0,0,0,0,0,1,1,1,0,0,1,19,17,2,1,10,1,2,1,2,1,1,8,1,0,0,0,0,0,0,0,0,0,0,1,0,0,0,0,0,0,0,0,0,0,0,0,0,0,0.0,0.0,0.0,0,0,0,0,0,0,0,0,0,0,0,0,17,10,0,0,0,0,0,0,0,0.0,5.872335427799636e-05,0.0,0.05872335427799636,0,,multi_full_20260502_195405_0002,2026-05-02T22:50:23.273092,https://sa.trip.com/:cityName-hotels-list-:cityId/,https://sa.trip.com/?locale=ar-sa,False,https://sa.trip.com/:cityName-hotels-list-:cityId/,https://sa.trip.com/?locale=ar-sa,https://sa.trip.com/:cityName-hotels-list-:cityId/,recon_page,2026-05-02T22:50:23.291784
68,1,2,1,1,0,0,1,0,11,0,com,200,2,100394,686.0600000000001,0,0,17,0,unknown,0,html,1,7,0,1,1,0,0,0,0,0,0,0,1,7,0,0,1,2,0,0,0,0,1,1,0,0,0,0,1,4,3,0,1,1,25,12,13,0,0,1,14,1,2,1,1,1,1,0,0,0,0,0,0,0,0,0,1,1,0,0,0,0,0,0,0,0,0,0,1,2,0,0,0.0,0.0,0.0,0,0,0,0,0,0,0,0,0,0,0,0,25,12,1,0,0,0,0,0,0,0.0,3.9843018507082095e-05,0.125,0.07968603701416418,0,,multi_full_20260502_195405_0002,2026-05-02T22:50:23.289813,https://sa.trip.com/hotels/list/?city=532\u0026listFilters=7~1*7*1*2,https://sa.trip.com/?locale=ar-sa,False,https://sa.trip.com/hotels/list/?city=532\u0026listFilters=7~1*7*1*2,https://sa.trip.com/?locale=ar-sa,https://sa.trip.com/hotels/list/?city=532\u0026listFilters=7~1*7*1*2,recon_page,2026-05-02T22:50:23.294736
465,1,3,1,1,0,0,1,0,11,0,com,200,2,104267,1270.125,0,0,18,0,unknown,0,html,1,7,0,1,1,0,0,0,0,0,0,0,1,7,0,0,1,2,0,0,0,0,1,1,0,0,0,0,1,4,3,0,1,1,25,12,13,0,0,1,14,1,2,1,1,1,1,0,0,0,0,0,0,0,0,0,1,1,0,0,0,0,0,0,0,0,0,0,1,2,0,0,0.0,0.0,0.0,0,0,0,0,0,0,0,0,0,0,0,0,25,12,1,0,0,0,0,0,0,0.0,3.83630487114811e-05,0.125,0.0767260974229622,0,,multi_full_20260502_195405_0002,2026-05-02T22:50:23.786043,https://sa.trip.com/hotels/list/searchresults/?city=532\u0026hotelid=2109092\u0026searchWord=%D8%A5%D8%B3%D8%B7%D9%86%D8%A8%D9%88%D9%84+%D8%A5%D8%B7%D9%84%D8%A7%D9%84%D8%A9+%D8%B9%D9%84%D9%89+%D8%A7%D9%84%D8%A8%D8%AD%D8%B1\u0026searchType=H\u0026searchValue=30%7C%D8%A5%D8%B7%D9%84%D8%A7%D9%84%D8%A7%D8%AA+%D8%B9%D9%84%D9%89+%D8%A7%D9%84%D9%85%D8%AD%D9%8A%D8%B7_30_%D8%A5%D8%B7%D9%84%D8%A7%D9%84%D8%A7%D8%AA+%D8%B9%D9%84%D9%89+%D8%A7%D9%84%D9%85%D8%AD%D9%8A%D8%B7_1,https://sa.trip.com/?locale=ar-sa,False,https://sa.trip.com/hotels/list/searchresults/?city=532\u0026hotelid=2109092\u0026searchWord=%D8%A5%D8%B3%D8%B7%D9%86%D8%A8%D9%88%D9%84+%D8%A5%D8%B7%D9%84%D8%A7%D9%84%D8%A9+%D8%B9%D9%84%D9%89+%D8%A7%D9%84%D8%A8%D8%AD%D8%B1\u0026searchType=H\u0026searchValue=30%7C%D8%A5%D8%B7%D9%84%D8%A7%D9%84%D8%A7%D8%AA+%D8%B9%D9%84%D9%89+%D8%A7%D9%84%D9%85%D8%AD%D9%8A%D8%B7_30_%D8%A5%D8%B7%D9%84%D8%A7%D9%84%D8%A7%D8%AA+%D8%B9%D9%84%D9%89+%D8%A7%D9%84%D9%85%D8%AD%D9%8A%D8%B7_1,https://sa.trip.com/?locale=ar-sa,https://sa.trip.com/hotels/list/searchresults/?city=532\u0026hotelid=2109092\u0026searchWord=%D8%A5%D8%B3%D8%B7%D9%86%D8%A8%D9%88%D9%84+%D8%A5%D8%B7%D9%84%D8%A7%D9%84%D8%A9+%D8%B9%D9%84%D9%89+%D8%A7%D9%84%D8%A8%D8%AD%D8%B1\u0026searchType=H\u0026searchValue=30%7C%D8%A5%D8%B7%D9%84%D8%A7%D9%84%D8%A7%D8%AA+%D8%B9%D9%84%D9%89+%D8%A7%D9%84%D9%85%D8%AD%D9%8A%D8%B7_30_%D8%A5%D8%B7%D9%84%D8%A7%D9%84%D8%A7%D8%AA+%D8%B9%D9%84%D9%89+%D8%A7%D9%84%D9%85%D8%AD%D9%8A%D8%B7_1,recon_page,2026-05-02T22:50:23.790669
197,1,3,1,1,0,0,1,0,11,0,com,200,2,317086,390.327,0,0,19,0,unknown,1,html,1,9,0,1,1,0,0,0,0,0,0,0,1,5,0,0,1,2,0,0,0,0,1,12,0,0,0,0,1,28,22,0,6,1,37,17,20,1,19,1,2,1,3,1,1,14,0,0,0,0,0,0,0,0,0,0,1,1,0,0,0,0,0,0,0,0,0,0,1,1,0,0,0.0,1.0,0.0,0,0,0,0,0,0,0,0,0,0,0,0,41,12,1,0,0,0,0,0,0,0.0,8.830411938716941e-05,0.125,0.053613215342209995,0,,multi_full_20260502_195405_0002,2026-05-02T22:50:24.225557,https://sa.trip.com/hotels/istanbul-hotel-detail-45812523/megaron-hotel/?checkin=2026-05-10\u0026city=532\u0026module=list\u0026link=button\u0026from_page=list\u0026adult=1\u0026checkout=2026-05-11,https://sa.trip.com/?locale=ar-sa,False,https://sa.trip.com/hotels/istanbul-hotel-detail-45812523/megaron-hotel/?checkin=2026-05-10\u0026city=532\u0026module=list\u0026link=button\u0026from_page=list\u0026adult=1\u0026checkout=2026-05-11,https://sa.trip.com/?locale=ar-sa,https://sa.trip.com/hotels/istanbul-hotel-detail-45812523/megaron-hotel/?checkin=2026-05-10\u0026city=532\u0026module=list\u0026link=button\u0026from_page=list\u0026adult=1\u0026checkout=2026-05-11,recon_page,2026-05-02T22:50:24.285295
210,1,3,1,1,0,0,1,0,11,0,com,200,2,401416,455.041,0,0,20,0,unknown,1,html,1,9,0,1,1,0,0,0,0,0,0,0,1,5,0,0,1,2,0,0,0,0,1,15,0,0,0,0,1,28,22,0,6,1,37,17,20,1,30,1,2,1,3,1,1,14,0,0,0,0,0,0,0,0,0,0,1,1,0,0,0,0,0,0,0,0,0,0,1,1,0,0,0.0,1.0,0.0,0,0,0,0,0,0,0,0,0,0,0,0,41,12,1,0,0,0,0,0,0,0.0,6.975307411762361e-05,0.125,0.04982362436973115,0,,multi_full_20260502_195405_0002,2026-05-02T22:50:24.305754,https://sa.trip.com/hotels/istanbul-hotel-detail-746056/ramada-istanbul-grand-bazaar/?checkin=2026-05-10\u0026city=532\u0026module=list\u0026link=button\u0026from_page=list\u0026adult=1\u0026checkout=2026-05-11,https://sa.trip.com/?locale=ar-sa,False,https://sa.trip.com/hotels/istanbul-hotel-detail-746056/ramada-istanbul-grand-bazaar/?checkin=2026-05-10\u0026city=532\u0026module=list\u0026link=button\u0026from_page=list\u0026adult=1\u0026checkout=2026-05-11,https://sa.trip.com/?locale=ar-sa,https://sa.trip.com/hotels/istanbul-hotel-detail-746056/ramada-istanbul-grand-bazaar/?checkin=2026-05-10\u0026city=532\u0026module=list\u0026link=button\u0026from_page=list\u0026adult=1\u0026checkout=2026-05-11,recon_page,2026-05-02T22:50:24.323771
65,1,3,0,0,0,0,1,0,11,0,com,200,2,321473,603.5509999999999,0,0,16,0,unknown,0,html,1,8,0,0,0,0,0,0,0,0,0,0,1,2,0,0,1,2,0,0,0,0,1,20,0,0,0,0,1,43,32,0,11,1,130,109,21,1,53,1,13,1,10,1,0,0,1,0,0,0,0,0,0,0,0,0,1,1,0,0,0,0,0,0,0,0,0,0,0,0,0,0,0.0,1.0,0.0,0,0,0,0,0,0,0,0,0,0,0,0,128,0,0,44,0,0,0,0,0,0.0,0.0001337592892715718,0.0,0.06843498520871115,0,,multi_full_20260502_195405_0002,2026-05-02T22:50:24.384938,https://sa.trip.com/flights/istanbul-to-karachi/airfares-ist-khi/,https://sa.trip.com/?locale=ar-sa,False,https://sa.trip.com/flights/istanbul-to-karachi/airfares-ist-khi/,https://sa.trip.com/?locale=ar-sa,https://sa.trip.com/flights/istanbul-to-karachi/airfares-ist-khi/,recon_page,2026-05-02T22:50:24.391289
80,1,3,0,0,0,0,1,0,11,0,com,200,2,384700,479.282,0,0,19,0,unknown,1,html,1,9,0,1,1,0,0,0,0,0,0,0,1,5,0,0,1,2,0,0,0,0,1,18,0,0,0,0,1,28,22,0,6,1,37,17,20,1,22,1,2,1,3,1,1,14,0,0,0,0,0,0,0,0,0,0,1,1,0,0,0,0,0,0,0,0,0,0,1,1,0,0,0.0,1.0,0.0,0,0,0,0,0,0,0,0,0,0,0,0,41,12,1,0,0,0,0,0,0,0.0,7.2783987522745e-05,0.125,0.05978684689368339,0,,multi_full_20260502_195405_0002,2026-05-02T22:50:24.541592,https://sa.trip.com/hotels/istanbul-hotel-detail-132921167/cosins-airport-hotel/,https://sa.trip.com/?locale=ar-sa,False,https://sa.trip.com/hotels/istanbul-hotel-detail-132921167/cosins-airport-hotel/,https://sa.trip.com/?locale=ar-sa,https://sa.trip.com/hotels/istanbul-hotel-detail-132921167/cosins-airport-hotel/,recon_page,2026-05-02T22:50:24.546765
73,1,3,0,0,0,0,1,0,11,0,com,200,2,354143,485.83700000000005,0,0,20,0,unknown,1,html,1,9,0,1,1,0,0,0,0,0,0,0,1,5,0,0,1,2,0,0,0,0,1,16,0,0,0,0,1,28,22,0,6,1,37,17,20,1,25,1,2,1,3,1,1,14,0,0,0,0,0,0,0,0,0,0,1,1,0,0,0,0,0,0,0,0,0,0,1,1,0,0,0.0,1.0,0.0,0,0,0,0,0,0,0,0,0,0,0,0,41,12,1,0,0,0,0,0,0,0.0,7.906410687208274e-05,0.125,0.059298080154062065,0,,multi_full_20260502_195405_0002,2026-05-02T22:50:24.807210,https://sa.trip.com/hotels/istanbul-hotel-detail-744275/taxim-hill-hotel/,https://sa.trip.com/?locale=ar-sa,False,https://sa.trip.com/hotels/istanbul-hotel-detail-744275/taxim-hill-hotel/,https://sa.trip.com/?locale=ar-sa,https://sa.trip.com/hotels/istanbul-hotel-detail-744275/taxim-hill-hotel/,recon_page,2026-05-02T22:50:24.812087
63,1,3,0,0,0,0,1,0,11,0,com,200,2,315774,600.515,0,0,16,0,unknown,0,html,1,8,0,0,0,0,0,0,0,0,0,0,1,2,0,0,1,2,0,0,0,0,1,22,0,0,0,0,1,42,31,0,11,1,106,85,21,1,48,1,13,1,10,1,0,0,1,0,0,0,0,0,0,0,0,0,1,1,0,0,0,0,0,0,0,0,0,0,0,0,0,0,0.0,1.0,0.0,0,0,0,0,0,0,0,0,0,0,0,0,105,0,0,43,0,0,0,0,0,0.0,0.00013300651731934865,0.0,0.07600372418248494,0,,multi_full_20260502_195405_0002,2026-05-02T22:50:25.104557,https://sa.trip.com/flights/istanbul-to-turin/airfares-ist-trn/,https://sa.trip.com/?locale=ar-sa,False,https://sa.trip.com/flights/istanbul-to-turin/airfares-ist-trn/,https://sa.trip.com/?locale=ar-sa,https://sa.trip.com/flights/istanbul-to-turin/airfares-ist-trn/,recon_page,2026-05-02T22:50:25.109167
91,1,3,0,0,0,0,1,0,11,0,com,200,2,413501,285.339,0,0,19,0,unknown,1,html,1,9,0,1,1,0,0,0,0,0,0,0,1,5,0,0,1,2,0,0,0,0,1,18,0,0,0,0,1,28,22,0,6,1,37,17,20,1,30,1,2,1,3,1,1,14,0,0,0,0,0,0,0,0,0,0,1,1,0,0,0,0,0,0,0,0,0,0,1,1,0,0,0.0,1.0,0.0,0,0,0,0,0,0,0,0,0,0,0,0,41,12,1,0,0,0,0,0,0,0.0,6.771446743780547e-05,0.125,0.05562259825248307,0,,multi_full_20260502_195405_0002,2026-05-02T22:50:27.959039,https://sa.trip.com/hotels/istanbul-hotel-detail-12165552/tryp-by-wyndham-istanbul-airport/,https://sa.trip.com/?locale=ar-sa,False,https://sa.trip.com/hotels/istanbul-hotel-detail-12165552/tryp-by-wyndham-istanbul-airport/,https://sa.trip.com/?locale=ar-sa,https://sa.trip.com/hotels/istanbul-hotel-detail-12165552/tryp-by-wyndham-istanbul-airport/,recon_page,2026-05-02T22:50:27.962390
78,1,2,1,1,0,0,1,0,11,0,com,200,2,100444,513.2370000000001,0,0,17,0,unknown,0,html,1,7,0,1,1,0,0,0,0,0,0,0,1,7,0,0,1,2,0,0,0,0,1,1,0,0,0,0,1,4,3,0,1,1,25,12,13,0,0,1,14,1,2,1,1,1,1,0,0,0,0,0,0,0,0,0,1,1,0,0,0,0,0,0,0,0,0,0,1,2,0,0,0.0,0.0,0.0,0,0,0,0,0,0,0,0,0,0,0,0,25,12,1,0,0,0,0,0,0,0.0,3.982318505834097e-05,0.125,0.07964637011668194,0,,multi_full_20260502_195405_0002,2026-05-02T22:50:34.724736,https://sa.trip.com/hotels/list/?city=532\u0026listFilters=75~TAG_505*75*505*2,https://sa.trip.com/?locale=ar-sa,False,https://sa.trip.com/hotels/list/?city=532\u0026listFilters=75~TAG_505*75*505*2,https://sa.trip.com/?locale=ar-sa,https://sa.trip.com/hotels/list/?city=532\u0026listFilters=75~TAG_505*75*505*2,recon_page,2026-05-02T22:50:34.728333
94,1,3,1,1,0,0,1,0,11,0,com,200,2,102174,688.8,0,0,18,0,unknown,0,html,1,7,0,1,1,0,0,0,0,0,0,0,1,7,0,0,1,2,0,0,0,0,1,1,0,0,0,0,1,4,3,0,1,1,25,12,13,0,0,1,14,1,2,1,1,1,1,0,0,0,0,0,0,0,0,0,1,1,0,0,0,0,0,0,0,0,0,0,1,2,0,0,0.0,0.0,0.0,0,0,0,0,0,0,0,0,0,0,0,0,25,12,1,0,0,0,0,0,0,0.0,3.9148902851997576e-05,0.125,0.07829780570399514,0,,multi_full_20260502_195405_0002,2026-05-02T22:50:49.859583,https://sa.trip.com/hotels/list/searchresults/?city=532\u0026hotelid=11007765\u0026breakfast=1,https://sa.trip.com/?locale=ar-sa,False,https://sa.trip.com/hotels/list/searchresults/?city=532\u0026hotelid=11007765\u0026breakfast=1,https://sa.trip.com/?locale=ar-sa,https://sa.trip.com/hotels/list/searchresults/?city=532\u0026hotelid=11007765\u0026breakfast=1,recon_page,2026-05-02T22:50:49.863995
78,1,2,1,1,0,0,1,0,11,0,com,200,2,100444,583.801,0,0,17,0,unknown,0,html,1,7,0,1,1,0,0,0,0,0,0,0,1,7,0,0,1,2,0,0,0,0,1,1,0,0,0,0,1,4,3,0,1,1,25,12,13,0,0,1,14,1,2,1,1,1,1,0,0,0,0,0,0,0,0,0,1,1,0,0,0,0,0,0,0,0,0,0,1,2,0,0,0.0,0.0,0.0,0,0,0,0,0,0,0,0,0,0,0,0,25,12,1,0,0,0,0,0,0,0.0,3.982318505834097e-05,0.125,0.07964637011668194,0,,multi_full_20260502_195405_0002,2026-05-02T22:51:35.807215,https://sa.trip.com/hotels/list/?city=532\u0026listFilters=75~TAG_497*75*497*2,https://sa.trip.com/?locale=ar-sa,False,https://sa.trip.com/hotels/list/?city=532\u0026listFilters=75~TAG_497*75*497*2,https://sa.trip.com/?locale=ar-sa,https://sa.trip.com/hotels/list/?city=532\u0026listFilters=75~TAG_497*75*497*2,recon_page,2026-05-02T22:51:35.811426
68,1,3,0,0,0,0,1,0,11,0,com,200,2,609557,662.84,0,0,18,0,unknown,1,html,1,4,0,1,1,0,0,0,0,0,0,0,1,5,0,0,1,2,0,0,0,0,1,6,0,0,0,0,1,21,11,0,10,1,105,94,11,1,44,1,17,0,0,1,1,25,1,0,0,0,0,0,0,0,0,0,0,1,0,0,0,0,0,0,0,0,0,0,0,0,0,0,0.0,0.0,0.0,0,0,0,0,0,0,0,0,0,0,0,0,91,1,1,0,0,0,0,0,1,0.0,3.445124902183061e-05,0.125,0.018045892344768413,0,,multi_full_20260502_195405_0002,2026-05-02T22:52:04.666092,https://sa.trip.com/hotels/istanbul-golden-horn/hotels-c532m6790212/,https://sa.trip.com/?locale=ar-sa,False,https://sa.trip.com/hotels/istanbul-golden-horn/hotels-c532m6790212/,https://sa.trip.com/?locale=ar-sa,https://sa.trip.com/hotels/istanbul-golden-horn/hotels-c532m6790212/,recon_page,2026-05-02T22:52:04.669553
49,1,3,0,0,0,0,1,0,11,0,com,200,2,211198,523.134,0,0,17,0,unknown,0,html,1,8,0,0,0,0,0,0,0,0,0,0,1,3,0,0,1,2,0,0,0,0,1,2,0,0,1,1,1,42,31,0,11,1,118,100,18,1,49,1,12,1,9,1,0,0,1,0,0,0,0,0,0,0,0,0,1,1,0,0,0,0,0,0,0,0,0,0,0,0,0,0,0.0,1.0,0.0,0,0,0,0,0,0,0,0,0,0,0,0,114,0,0,56,0,0,0,0,0,0.0,0.0001988655195598443,0.0,0.02367446661426718,0,,multi_full_20260502_195405_0002,2026-05-02T22:52:28.876891,https://sa.trip.com/flights/to-taif/airfares-tif/,https://sa.trip.com/?locale=ar-sa,False,https://sa.trip.com/flights/to-taif/airfares-tif/,https://sa.trip.com/?locale=ar-sa,https://sa.trip.com/flights/to-taif/airfares-tif/,recon_page,2026-05-02T22:52:28.882399
72,1,2,1,1,0,0,1,0,11,0,com,200,2,100414,645.357,0,0,17,0,unknown,0,html,1,7,0,1,1,0,0,0,0,0,0,0,1,7,0,0,1,2,0,0,0,0,1,1,0,0,0,0,1,4,3,0,1,1,25,12,13,0,0,1,14,1,2,1,1,1,1,0,0,0,0,0,0,0,0,0,1,1,0,0,0,0,0,0,0,0,0,0,1,2,0,0,0.0,0.0,0.0,0,0,0,0,0,0,0,0,0,0,0,0,25,12,1,0,0,0,0,0,0,0.0,3.983508275738443e-05,0.125,0.07967016551476885,0,,multi_full_20260502_195405_0002,2026-05-02T22:53:00.173748,https://sa.trip.com/hotels/list/?city=532\u0026listFilters=3~656*3*656*2,https://sa.trip.com/?locale=ar-sa,False,https://sa.trip.com/hotels/list/?city=532\u0026listFilters=3~656*3*656*2,https://sa.trip.com/?locale=ar-sa,https://sa.trip.com/hotels/list/?city=532\u0026listFilters=3~656*3*656*2,recon_page,2026-05-02T22:53:00.207939
430,1,2,1,1,0,0,1,0,11,0,com,200,2,102440,648.875,0,0,17,0,unknown,0,html,1,7,0,1,1,0,0,0,0,0,0,0,1,7,0,0,1,2,0,0,0,0,1,1,0,0,0,0,1,4,3,0,1,1,25,12,13,0,0,1,14,1,2,1,1,1,1,0,0,0,0,0,0,0,0,0,1,1,0,0,0,0,0,0,0,0,0,0,1,2,0,0,0.0,0.0,0.0,0,0,0,0,0,0,0,0,0,0,0,0,25,12,1,0,0,0,0,0,0,0.0,3.904724716907458e-05,0.125,0.07809449433814916,0,,multi_full_20260502_195405_0002,2026-05-02T22:53:00.493955,https://sa.trip.com/hotels/list/?city=532\u0026searchWord=%D8%A5%D8%B3%D8%B7%D9%86%D8%A8%D9%88%D9%84+%D8%A5%D8%B7%D9%84%D8%A7%D9%84%D8%A9+%D8%B9%D9%84%D9%89+%D8%A7%D9%84%D8%A8%D8%AD%D8%B1\u0026searchType=H\u0026searchValue=30%7C%D8%A5%D8%B7%D9%84%D8%A7%D9%84%D8%A7%D8%AA+%D8%B9%D9%84%D9%89+%D8%A7%D9%84%D9%85%D8%AD%D9%8A%D8%B7_30_%D8%A5%D8%B7%D9%84%D8%A7%D9%84%D8%A7%D8%AA+%D8%B9%D9%84%D9%89+%D8%A7%D9%84%D9%85%D8%AD%D9%8A%D8%B7_1,https://sa.trip.com/?locale=ar-sa,False,https://sa.trip.com/hotels/list/?city=532\u0026searchWord=%D8%A5%D8%B3%D8%B7%D9%86%D8%A8%D9%88%D9%84+%D8%A5%D8%B7%D9%84%D8%A7%D9%84%D8%A9+%D8%B9%D9%84%D9%89+%D8%A7%D9%84%D8%A8%D8%AD%D8%B1\u0026searchType=H\u0026searchValue=30%7C%D8%A5%D8%B7%D9%84%D8%A7%D9%84%D8%A7%D8%AA+%D8%B9%D9%84%D9%89+%D8%A7%D9%84%D9%85%D8%AD%D9%8A%D8%B7_30_%D8%A5%D8%B7%D9%84%D8%A7%D9%84%D8%A7%D8%AA+%D8%B9%D9%84%D9%89+%D8%A7%D9%84%D9%85%D8%AD%D9%8A%D8%B7_1,https://sa.trip.com/?locale=ar-sa,https://sa.trip.com/hotels/list/?city=532\u0026searchWord=%D8%A5%D8%B3%D8%B7%D9%86%D8%A8%D9%88%D9%84+%D8%A5%D8%B7%D9%84%D8%A7%D9%84%D8%A9+%D8%B9%D9%84%D9%89+%D8%A7%D9%84%D8%A8%D8%AD%D8%B1\u0026searchType=H\u0026searchValue=30%7C%D8%A5%D8%B7%D9%84%D8%A7%D9%84%D8%A7%D8%AA+%D8%B9%D9%84%D9%89+%D8%A7%D9%84%D9%85%D8%AD%D9%8A%D8%B7_30_%D8%A5%D8%B7%D9%84%D8%A7%D9%84%D8%A7%D8%AA+%D8%B9%D9%84%D9%89+%D8%A7%D9%84%D9%85%D8%AD%D9%8A%D8%B7_1,recon_page,2026-05-02T22:53:00.519032
66,1,3,0,0,0,0,1,0,11,0,com,200,2,324917,469.815,0,0,16,0,unknown,0,html,1,8,0,0,0,0,0,0,0,0,0,0,1,2,0,0,1,2,0,0,0,0,1,20,0,0,0,0,1,43,32,0,11,1,139,118,21,1,57,1,12,1,10,1,0,0,1,0,0,0,0,0,0,0,0,0,1,1,0,0,0,0,0,0,0,0,0,0,0,0,0,0,0.0,1.0,0.0,0,0,0,0,0,0,0,0,0,0,0,0,136,0,0,44,0,0,0,0,0,0.0,0.000132341490288289,0.0,0.06770959968238043,0,,multi_full_20260502_195405_0002,2026-05-02T22:53:00.656181,https://sa.trip.com/flights/istanbul-to-hannover/airfares-ist-haj/,https://sa.trip.com/?locale=ar-sa,False,https://sa.trip.com/flights/istanbul-to-hannover/airfares-ist-haj/,https://sa.trip.com/?locale=ar-sa,https://sa.trip.com/flights/istanbul-to-hannover/airfares-ist-haj/,recon_page,2026-05-02T22:53:00.665743
522,1,3,1,1,0,0,1,0,11,0,com,200,2,104588,950.054,0,0,18,0,unknown,0,html,1,7,0,1,1,0,0,0,0,0,0,0,1,7,0,0,1,2,0,0,0,0,1,1,0,0,0,0,1,4,3,0,1,1,25,12,13,0,0,1,14,1,2,1,1,1,1,0,0,0,0,0,0,0,0,0,1,1,0,0,0,0,0,0,0,0,0,0,1,2,0,0,0.0,0.0,0.0,0,0,0,0,0,0,0,0,0,0,0,0,25,12,1,0,0,0,0,0,0,0.0,3.824530538876353e-05,0.125,0.07649061077752706,0,,multi_full_20260502_195405_0002,2026-05-02T22:53:01.019853,https://sa.trip.com/hotels/list/searchresults/?city=532\u0026hotelid=92500766\u0026searchWord=%D8%A5%D8%B3%D8%B7%D9%86%D8%A8%D9%88%D9%84+%D8%AE%D8%AF%D9%85%D8%A9+%D9%86%D9%82%D9%84+%D9%85%D9%86+%D9%88%D8%A5%D9%84%D9%89+%D8%A7%D9%84%D9%85%D8%B7%D8%A7%D8%B1\u0026searchType=H\u0026searchValue=30%7C%D8%AE%D8%AF%D9%85%D8%A9+%D8%A7%D9%86%D8%AA%D9%82%D8%A7%D9%84%D8%A7%D8%AA+%D8%A7%D9%84%D9%85%D8%B7%D8%A7%D8%B1_30_%D8%AE%D8%AF%D9%85%D8%A9+%D8%A7%D9%86%D8%AA%D9%82%D8%A7%D9%84%D8%A7%D8%AA+%D8%A7%D9%84%D9%85%D8%B7%D8%A7%D8%B1_1,https://sa.trip.com/?locale=ar-sa,False,https://sa.trip.com/hotels/list/searchresults/?city=532\u0026hotelid=92500766\u0026searchWord=%D8%A5%D8%B3%D8%B7%D9%86%D8%A8%D9%88%D9%84+%D8%AE%D8%AF%D9%85%D8%A9+%D9%86%D9%82%D9%84+%D9%85%D9%86+%D9%88%D8%A5%D9%84%D9%89+%D8%A7%D9%84%D9%85%D8%B7%D8%A7%D8%B1\u0026searchType=H\u0026searchValue=30%7C%D8%AE%D8%AF%D9%85%D8%A9+%D8%A7%D9%86%D8%AA%D9%82%D8%A7%D9%84%D8%A7%D8%AA+%D8%A7%D9%84%D9%85%D8%B7%D8%A7%D8%B1_30_%D8%AE%D8%AF%D9%85%D8%A9+%D8%A7%D9%86%D8%AA%D9%82%D8%A7%D9%84%D8%A7%D8%AA+%D8%A7%D9%84%D9%85%D8%B7%D8%A7%D8%B1_1,https://sa.trip.com/?locale=ar-sa,https://sa.trip.com/hotels/list/searchresults/?city=532\u0026hotelid=92500766\u0026searchWord=%D8%A5%D8%B3%D8%B7%D9%86%D8%A8%D9%88%D9%84+%D8%AE%D8%AF%D9%85%D8%A9+%D9%86%D9%82%D9%84+%D9%85%D9%86+%D9%88%D8%A5%D9%84%D9%89+%D8%A7%D9%84%D9%85%D8%B7%D8%A7%D8%B1\u0026searchType=H\u0026searchValue=30%7C%D8%AE%D8%AF%D9%85%D8%A9+%D8%A7%D9%86%D8%AA%D9%82%D8%A7%D9%84%D8%A7%D8%AA+%D8%A7%D9%84%D9%85%D8%B7%D8%A7%D8%B1_30_%D8%AE%D8%AF%D9%85%D8%A9+%D8%A7%D9%86%D8%AA%D9%82%D8%A7%D9%84%D8%A7%D8%AA+%D8%A7%D9%84%D9%85%D8%B7%D8%A7%D8%B1_1,recon_page,2026-05-02T22:53:01.026014
83,1,3,0,0,0,0,1,0,11,0,com,200,2,373583,324.63599999999997,0,0,19,0,unknown,1,html,1,9,0,1,1,0,0,0,0,0,0,0,1,5,0,0,1,2,0,0,0,0,1,16,0,0,0,0,1,28,22,0,6,1,37,17,20,1,28,1,2,1,3,1,1,14,0,0,0,0,0,0,0,0,0,0,1,1,0,0,0,0,0,0,0,0,0,0,1,1,0,0,0.0,1.0,0.0,0,0,0,0,0,0,0,0,0,0,0,0,41,12,1,0,0,0,0,0,0,0.0,7.494987726957597e-05,0.125,0.05621240795218197,0,,multi_full_20260502_195405_0002,2026-05-02T22:53:01.425392,https://sa.trip.com/hotels/istanbul-hotel-detail-2109092/ibis-istanbul-zeytinburnu/,https://sa.trip.com/?locale=ar-sa,False,https://sa.trip.com/hotels/istanbul-hotel-detail-2109092/ibis-istanbul-zeytinburnu/,https://sa.trip.com/?locale=ar-sa,https://sa.trip.com/hotels/istanbul-hotel-detail-2109092/ibis-istanbul-zeytinburnu/,recon_page,2026-05-02T22:53:01.442778
62,1,3,0,0,0,0,1,0,11,0,com,200,2,319757,563.896,0,0,17,0,unknown,0,html,1,8,0,0,0,0,0,0,0,0,0,0,1,2,0,0,1,2,0,0,0,0,1,22,0,0,0,0,1,43,32,0,11,1,126,105,21,1,52,1,13,1,10,1,0,0,1,0,0,0,0,0,0,0,0,0,1,1,0,0,0,0,0,0,0,0,0,0,0,0,0,0,0.0,1.0,0.0,0,0,0,0,0,0,0,0,0,0,0,0,123,0,0,42,0,0,0,0,0,0.0,0.00013447711856190794,0.0,0.0750569964066463,0,,multi_full_20260502_195405_0002,2026-05-02T22:53:01.515628,https://sa.trip.com/flights/abha-to-istanbul/airfares-ahb-ist/,https://sa.trip.com/?locale=ar-sa,False,https://sa.trip.com/flights/abha-to-istanbul/airfares-ahb-ist/,https://sa.trip.com/?locale=ar-sa,https://sa.trip.com/flights/abha-to-istanbul/airfares-ahb-ist/,recon_page,2026-05-02T22:53:01.520790
144,1,3,1,1,0,0,1,0,11,0,com,200,2,102424,902.79,0,0,18,0,unknown,0,html,1,7,0,1,1,0,0,0,0,0,0,0,1,7,0,0,1,2,0,0,0,0,1,1,0,0,0,0,1,4,3,0,1,1,25,12,13,0,0,1,14,1,2,1,1,1,1,0,0,0,0,0,0,0,0,0,1,1,0,0,0,0,0,0,0,0,0,0,1,2,0,0,0.0,0.0,0.0,0,0,0,0,0,0,0,0,0,0,0,0,25,12,1,0,0,0,0,0,0,0.0,3.9053346871826916e-05,0.125,0.07810669374365382,0,,multi_full_20260502_195405_0002,2026-05-02T22:53:01.612813,https://sa.trip.com/hotels/list/searchresults/?city=532\u0026hotelid=47529591\u0026sourcefromseo_tracelogid=0f8d7370-b743-49b6-9d2a-15b11945b0c9,https://sa.trip.com/?locale=ar-sa,False,https://sa.trip.com/hotels/list/searchresults/?city=532\u0026hotelid=47529591\u0026sourcefromseo_tracelogid=0f8d7370-b743-49b6-9d2a-15b11945b0c9,https://sa.trip.com/?locale=ar-sa,https://sa.trip.com/hotels/list/searchresults/?city=532\u0026hotelid=47529591\u0026sourcefromseo_tracelogid=0f8d7370-b743-49b6-9d2a-15b11945b0c9,recon_page,2026-05-02T22:53:01.625085
95,1,3,1,1,0,0,1,0,11,0,com,200,2,102179,909.2320000000001,0,0,18,0,unknown,0,html,1,7,0,1,1,0,0,0,0,0,0,0,1,7,0,0,1,2,0,0,0,0,1,1,0,0,0,0,1,4,3,0,1,1,25,12,13,0,0,1,14,1,2,1,1,1,1,0,0,0,0,0,0,0,0,0,1,1,0,0,0,0,0,0,0,0,0,0,1,2,0,0,0.0,0.0,0.0,0,0,0,0,0,0,0,0,0,0,0,0,25,12,1,0,0,0,0,0,0,0.0,3.9146987150001465e-05,0.125,0.07829397430000293,0,,multi_full_20260502_195405_0002,2026-05-02T22:53:01.590604,https://sa.trip.com/hotels/list/searchresults/?city=532\u0026hotelid=124370711\u0026breakfast=1,https://sa.trip.com/?locale=ar-sa,False,https://sa.trip.com/hotels/list/searchresults/?city=532\u0026hotelid=124370711\u0026breakfast=1,https://sa.trip.com/?locale=ar-sa,https://sa.trip.com/hotels/list/searchresults/?city=532\u0026hotelid=124370711\u0026breakfast=1,recon_page,2026-05-02T22:53:01.650093
63,1,3,0,0,0,0,1,0,11,0,com,200,2,334610,582.324,0,0,17,0,unknown,0,html,1,8,0,0,0,0,0,0,0,0,0,0,1,2,0,0,1,2,0,0,0,0,1,22,0,0,0,0,1,43,32,0,11,1,136,115,21,1,59,1,13,1,10,1,0,0,1,0,0,0,0,0,0,0,0,0,1,1,0,0,0,0,0,0,0,0,0,0,0,0,0,0,0.0,1.0,0.0,0,0,0,0,0,0,0,0,0,0,0,0,134,0,0,59,0,0,0,0,0,0.0,0.00012850781506828845,0.0,0.07172529213113774,0,,multi_full_20260502_195405_0002,2026-05-02T22:53:01.954911,https://sa.trip.com/flights/istanbul-to-dubai/airfares-ist-dxb/,https://sa.trip.com/?locale=ar-sa,False,https://sa.trip.com/flights/istanbul-to-dubai/airfares-ist-dxb/,https://sa.trip.com/?locale=ar-sa,https://sa.trip.com/flights/istanbul-to-dubai/airfares-ist-dxb/,recon_page,2026-05-02T22:53:01.993805
78,1,2,1,1,0,0,1,0,11,0,com,200,2,100444,665.121,0,0,18,0,unknown,0,html,1,7,0,1,1,0,0,0,0,0,0,0,1,7,0,0,1,2,0,0,0,0,1,1,0,0,0,0,1,4,3,0,1,1,25,12,13,0,0,1,14,1,2,1,1,1,1,0,0,0,0,0,0,0,0,0,1,1,0,0,0,0,0,0,0,0,0,0,1,2,0,0,0.0,0.0,0.0,0,0,0,0,0,0,0,0,0,0,0,0,25,12,1,0,0,0,0,0,0,0.0,3.982318505834097e-05,0.125,0.07964637011668194,0,,multi_full_20260502_195405_0002,2026-05-02T22:53:02.002838,https://sa.trip.com/hotels/list/?city=532\u0026listFilters=75~TAG_499*75*499*2,https://sa.trip.com/?locale=ar-sa,False,https://sa.trip.com/hotels/list/?city=532\u0026listFilters=75~TAG_499*75*499*2,https://sa.trip.com/?locale=ar-sa,https://sa.trip.com/hotels/list/?city=532\u0026listFilters=75~TAG_499*75*499*2,recon_page,2026-05-02T22:53:02.010042
72,1,3,0,0,0,0,1,0,11,0,com,200,2,347352,332.687,0,0,20,0,unknown,1,html,1,9,0,1,1,0,0,0,0,0,0,0,1,5,0,0,1,2,0,0,0,0,1,11,0,0,0,0,1,28,22,0,6,1,37,17,20,1,22,1,2,1,3,1,1,14,0,0,0,0,0,0,0,0,0,0,1,1,0,0,0,0,0,0,0,0,0,0,1,1,0,0,0.0,1.0,0.0,0,0,0,0,0,0,0,0,0,0,0,0,41,12,1,0,0,0,0,0,0,0.0,8.06098712545199e-05,0.125,0.04606278357401138,0,,multi_full_20260502_195405_0002,2026-05-02T22:54:18.920513,https://sa.trip.com/hotels/istanbul-hotel-detail-3793987/element-suites/,https://sa.trip.com/?locale=ar-sa,False,https://sa.trip.com/hotels/istanbul-hotel-detail-3793987/element-suites/,https://sa.trip.com/?locale=ar-sa,https://sa.trip.com/hotels/istanbul-hotel-detail-3793987/element-suites/,recon_page,2026-05-02T22:54:18.925982
64,1,3,0,0,0,0,1,0,11,0,com,200,2,330220,760.351,0,0,16,0,unknown,0,html,1,8,0,0,0,0,0,0,0,0,0,0,1,2,0,0,1,2,0,0,0,0,1,22,0,0,0,0,1,43,32,0,11,1,132,111,21,1,56,1,13,1,10,1,0,0,1,0,0,0,0,0,0,0,0,0,1,1,0,0,0,0,0,0,0,0,0,0,0,0,0,0,0.0,1.0,0.0,0,0,0,0,0,0,0,0,0,0,0,0,129,0,0,58,0,0,0,0,0,0.0,0.00013021621949003693,0.0,0.07267882018048573,0,,multi_full_20260502_195405_0002,2026-05-02T22:54:51.944838,https://sa.trip.com/flights/kuwait-to-istanbul/airfares-kwi-ist/,https://sa.trip.com/?locale=ar-sa,False,https://sa.trip.com/flights/kuwait-to-istanbul/airfares-kwi-ist/,https://sa.trip.com/?locale=ar-sa,https://sa.trip.com/flights/kuwait-to-istanbul/airfares-kwi-ist/,recon_page,2026-05-02T22:54:51.949158
54,1,3,0,0,0,0,1,0,11,0,com,200,2,137858,634.459,0,0,16,0,unknown,0,html,1,8,0,0,0,0,0,0,0,0,0,0,1,2,0,0,1,2,0,0,0,0,0,0,0,0,0,0,1,41,30,0,11,1,114,96,18,1,15,1,12,1,9,1,0,0,1,0,0,0,0,0,0,0,0,0,1,1,0,0,0,0,0,0,0,0,0,0,0,0,0,0,0.0,1.0,0.0,0,0,0,0,0,0,0,0,0,0,0,0,115,0,0,18,0,0,0,0,0,0.0,0.00029740747725920874,0.0,0.014507681817522378,0,,multi_full_20260502_195405_0002,2026-05-02T22:55:25.687171,https://sa.trip.com/flights/to-alanya/airfares-i40464/,https://sa.trip.com/?locale=ar-sa,False,https://sa.trip.com/flights/to-alanya/airfares-i40464/,https://sa.trip.com/?locale=ar-sa,https://sa.trip.com/flights/to-alanya/airfares-i40464/,recon_page,2026-05-02T22:55:25.690804
198,1,3,1,1,0,0,1,0,11,0,com,200,2,367342,304.90099999999995,0,0,19,0,unknown,1,html,1,9,0,1,1,0,0,0,0,0,0,0,1,5,0,0,1,2,0,0,0,0,1,18,0,0,0,0,1,28,22,0,6,1,37,17,20,1,23,1,2,1,3,1,1,14,0,0,0,0,0,0,0,0,0,0,1,1,0,0,0,0,0,0,0,0,0,0,1,1,0,0,0.0,1.0,0.0,0,0,0,0,0,0,0,0,0,0,0,0,41,12,1,0,0,0,0,0,0,0.0,7.622324700143191e-05,0.125,0.06261195289403336,0,,multi_full_20260502_195405_0002,2026-05-02T22:55:52.897929,https://sa.trip.com/hotels/istanbul-hotel-detail-2526433/lemon-residence/?checkin=2026-05-10\u0026city=532\u0026module=list\u0026link=button\u0026from_page=list\u0026adult=1\u0026checkout=2026-05-11,https://sa.trip.com/?locale=ar-sa,False,https://sa.trip.com/hotels/istanbul-hotel-detail-2526433/lemon-residence/?checkin=2026-05-10\u0026city=532\u0026module=list\u0026link=button\u0026from_page=list\u0026adult=1\u0026checkout=2026-05-11,https://sa.trip.com/?locale=ar-sa,https://sa.trip.com/hotels/istanbul-hotel-detail-2526433/lemon-residence/?checkin=2026-05-10\u0026city=532\u0026module=list\u0026link=button\u0026from_page=list\u0026adult=1\u0026checkout=2026-05-11,recon_page,2026-05-02T22:55:52.901733
198,1,3,1,1,0,0,1,0,11,0,com,200,2,355610,496.778,0,0,19,0,unknown,1,html,1,9,0,1,1,0,0,0,0,0,0,0,1,5,0,0,1,2,0,0,0,0,1,16,0,0,0,0,1,28,22,0,6,1,37,17,20,1,25,1,2,1,3,1,1,14,0,0,0,0,0,0,0,0,0,0,1,1,0,0,0,0,0,0,0,0,0,0,1,1,0,0,0.0,1.0,0.0,0,0,0,0,0,0,0,0,0,0,0,0,41,12,1,0,0,0,0,0,0,0.0,7.873794325243947e-05,0.125,0.0590534574393296,0,,multi_full_20260502_195405_0002,2026-05-02T22:56:26.267658,https://sa.trip.com/hotels/istanbul-hotel-detail-744275/taxim-hill-hotel/?checkin=2026-05-10\u0026city=532\u0026module=list\u0026link=button\u0026from_page=list\u0026adult=1\u0026checkout=2026-05-11,https://sa.trip.com/?locale=ar-sa,False,https://sa.trip.com/hotels/istanbul-hotel-detail-744275/taxim-hill-hotel/?checkin=2026-05-10\u0026city=532\u0026module=list\u0026link=button\u0026from_page=list\u0026adult=1\u0026checkout=2026-05-11,https://sa.trip.com/?locale=ar-sa,https://sa.trip.com/hotels/istanbul-hotel-detail-744275/taxim-hill-hotel/?checkin=2026-05-10\u0026city=532\u0026module=list\u0026link=button\u0026from_page=list\u0026adult=1\u0026checkout=2026-05-11,recon_page,2026-05-02T22:56:26.271564
69,1,3,0,0,0,0,1,0,11,0,com,200,2,368178,616.161,0,0,19,0,unknown,1,html,1,9,0,1,1,0,0,0,0,0,0,0,1,5,0,0,1,2,0,0,0,0,1,18,0,0,0,0,1,28,22,0,6,1,37,17,20,1,22,1,2,1,3,1,1,14,0,0,0,0,0,0,0,0,0,0,1,1,0,0,0,0,0,0,0,0,0,0,1,1,0,0,0.0,1.0,0.0,0,0,0,0,0,0,0,0,0,0,0,0,41,12,1,0,0,0,0,0,0,0.0,7.605017138449337e-05,0.125,0.06246978363726241,0,,multi_full_20260502_195405_0002,2026-05-02T22:57:05.217322,https://sa.trip.com/hotels/istanbul-hotel-detail-133281351/mays-otel/,https://sa.trip.com/?locale=ar-sa,False,https://sa.trip.com/hotels/istanbul-hotel-detail-133281351/mays-otel/,https://sa.trip.com/?locale=ar-sa,https://sa.trip.com/hotels/istanbul-hotel-detail-133281351/mays-otel/,recon_page,2026-05-02T22:57:05.250094
57,1,2,1,1,0,0,1,0,11,0,com,200,2,100336,798.729,0,0,17,0,unknown,0,html,1,7,0,1,1,0,0,0,0,0,0,0,1,7,0,0,1,2,0,0,0,0,1,1,0,0,0,0,1,4,3,0,1,1,25,12,13,0,0,1,14,1,2,1,1,1,1,0,0,0,0,0,0,0,0,0,1,1,0,0,0,0,0,0,0,0,0,0,1,2,0,0,0.0,0.0,0.0,0,0,0,0,0,0,0,0,0,0,0,0,25,12,1,0,0,0,0,0,0,0.0,3.986605007175889e-05,0.125,0.07973210014351778,0,,multi_full_20260502_195405_0002,2026-05-02T22:57:41.757304,https://sa.trip.com/hotels/list/?city=532\u0026starlist=3,https://sa.trip.com/?locale=ar-sa,False,https://sa.trip.com/hotels/list/?city=532\u0026starlist=3,https://sa.trip.com/?locale=ar-sa,https://sa.trip.com/hotels/list/?city=532\u0026starlist=3,recon_page,2026-05-02T22:57:41.898911
93,1,3,1,1,0,0,1,0,11,0,com,200,2,102169,941.827,0,0,17,0,unknown,0,html,1,7,0,1,1,0,0,0,0,0,0,0,1,7,0,0,1,2,0,0,0,0,1,1,0,0,0,0,1,4,3,0,1,1,25,12,13,0,0,1,14,1,2,1,1,1,1,0,0,0,0,0,0,0,0,0,1,1,0,0,0,0,0,0,0,0,0,0,1,2,0,0,0.0,0.0,0.0,0,0,0,0,0,0,0,0,0,0,0,0,25,12,1,0,0,0,0,0,0,0.0,3.915081874149693e-05,0.125,0.07830163748299386,0,,multi_full_20260502_195405_0002,2026-05-02T22:58:10.860724,https://sa.trip.com/hotels/list/searchresults/?city=532\u0026hotelid=2857054\u0026breakfast=1,https://sa.trip.com/?locale=ar-sa,False,https://sa.trip.com/hotels/list/searchresults/?city=532\u0026hotelid=2857054\u0026breakfast=1,https://sa.trip.com/?locale=ar-sa,https://sa.trip.com/hotels/list/searchresults/?city=532\u0026hotelid=2857054\u0026breakfast=1,recon_page,2026-05-02T22:58:10.864482
63,1,3,0,0,0,0,1,0,11,0,com,200,2,353053,508.281,0,0,16,0,unknown,0,html,1,8,0,0,0,0,0,0,0,0,0,0,1,2,0,0,1,2,0,0,0,0,1,26,0,0,0,0,1,43,32,0,11,1,146,125,21,1,59,1,13,1,10,1,0,0,1,0,0,0,0,0,0,0,0,0,1,1,0,0,0,0,0,0,0,0,0,0,0,0,0,0,0.0,1.0,0.0,0,0,0,0,0,0,0,0,0,0,0,0,144,0,0,59,0,0,0,0,0,0.0,0.00012179474469838806,0.0,0.07930820585011315,0,,multi_full_20260502_195405_0002,2026-05-02T22:58:50.557403,https://sa.trip.com/flights/istanbul-to-tokyo/airfares-ist-tyo/,https://sa.trip.com/?locale=ar-sa,False,https://sa.trip.com/flights/istanbul-to-tokyo/airfares-ist-tyo/,https://sa.trip.com/?locale=ar-sa,https://sa.trip.com/flights/istanbul-to-tokyo/airfares-ist-tyo/,recon_page,2026-05-02T22:58:50.561026
195,1,3,1,1,0,0,1,0,11,0,com,200,2,438203,373.98900000000003,0,0,19,0,unknown,1,html,1,9,0,1,1,0,0,0,0,0,0,0,1,5,0,0,1,2,0,0,0,0,1,18,0,0,0,0,1,28,22,0,6,1,37,17,20,1,28,1,2,1,3,1,1,16,0,0,0,0,0,0,0,0,0,0,1,1,0,0,0,0,0,0,0,0,0,0,1,1,0,0,0.0,1.0,0.0,0,0,0,0,0,0,0,0,0,0,0,0,41,12,1,0,0,0,0,0,0,0.0,6.38973261251064e-05,0.125,0.05248708931705169,0,,multi_full_20260502_195405_0002,2026-05-02T22:59:20.356486,https://sa.trip.com/hotels/istanbul-hotel-detail-6237202/galley-hotel/?checkin=2026-05-10\u0026city=532\u0026module=list\u0026link=button\u0026from_page=list\u0026adult=1\u0026checkout=2026-05-11,https://sa.trip.com/?locale=ar-sa,False,https://sa.trip.com/hotels/istanbul-hotel-detail-6237202/galley-hotel/?checkin=2026-05-10\u0026city=532\u0026module=list\u0026link=button\u0026from_page=list\u0026adult=1\u0026checkout=2026-05-11,https://sa.trip.com/?locale=ar-sa,https://sa.trip.com/hotels/istanbul-hotel-detail-6237202/galley-hotel/?checkin=2026-05-10\u0026city=532\u0026module=list\u0026link=button\u0026from_page=list\u0026adult=1\u0026checkout=2026-05-11,recon_page,2026-05-02T22:59:20.360577
81,1,3,0,0,0,0,1,0,11,0,com,200,2,392761,374.533,0,0,19,0,unknown,1,html,1,9,0,1,1,0,0,0,0,0,0,0,1,5,0,0,1,2,0,0,0,0,1,16,0,0,0,0,1,28,22,0,6,1,37,17,20,1,26,1,2,1,3,1,1,15,0,0,0,0,0,0,0,0,0,0,1,1,0,0,0,0,0,0,0,0,0,0,1,1,0,0,0.0,1.0,0.0,0,0,0,0,0,0,0,0,0,0,0,0,41,12,1,0,0,0,0,0,0,0.0,7.12901739225636e-05,0.125,0.053467630441922695,0,,multi_full_20260502_195405_0002,2026-05-02T22:59:49.704986,https://sa.trip.com/hotels/istanbul-hotel-detail-745378/ramada-istanbul-old-city/,https://sa.trip.com/?locale=ar-sa,False,https://sa.trip.com/hotels/istanbul-hotel-detail-745378/ramada-istanbul-old-city/,https://sa.trip.com/?locale=ar-sa,https://sa.trip.com/hotels/istanbul-hotel-detail-745378/ramada-istanbul-old-city/,recon_page,2026-05-02T22:59:49.722089
88,1,4,0,0,0,0,1,0,11,0,com,200,2,395867,581.47,0,0,19,0,unknown,1,html,1,9,0,1,1,0,0,0,0,0,0,0,1,5,0,0,1,2,0,0,0,0,1,12,0,0,0,0,1,28,22,0,6,1,37,17,20,1,30,1,2,1,3,1,1,14,0,0,0,0,0,0,0,0,0,0,1,1,0,0,0,0,0,0,0,0,0,0,1,1,0,0,0.0,1.0,0.0,0,0,0,0,0,0,0,0,0,0,0,0,41,12,1,0,0,0,0,0,0,0.0,7.073082626235579e-05,0.125,0.04294371594500173,0,,multi_full_20260502_195405_0002,2026-05-02T23:00:29.878211,https://sa.trip.com/hotels/istanbul-hotel-detail-745885/gezi-hotel-bosphorus-istanbul/\/,https://sa.trip.com/?locale=ar-sa,False,https://sa.trip.com/hotels/istanbul-hotel-detail-745885/gezi-hotel-bosphorus-istanbul/\/,https://sa.trip.com/?locale=ar-sa,https://sa.trip.com/hotels/istanbul-hotel-detail-745885/gezi-hotel-bosphorus-istanbul/\/,recon_page,2026-05-02T23:00:29.881763
466,1,3,1,1,0,0,1,0,11,0,com,200,2,104270,774.279,0,0,17,0,unknown,0,html,1,7,0,1,1,0,0,0,0,0,0,0,1,7,0,0,1,2,0,0,0,0,1,1,0,0,0,0,1,4,3,0,1,1,25,12,13,0,0,1,14,1,2,1,1,1,1,0,0,0,0,0,0,0,0,0,1,1,0,0,0,0,0,0,0,0,0,0,1,2,0,0,0.0,0.0,0.0,0,0,0,0,0,0,0,0,0,0,0,0,25,12,1,0,0,0,0,0,0,0.0,3.836194495060899e-05,0.125,0.07672388990121799,0,,multi_full_20260502_195405_0002,2026-05-02T23:00:59.100673,https://sa.trip.com/hotels/list/searchresults/?city=532\u0026hotelid=92122100\u0026searchWord=%D8%A5%D8%B3%D8%B7%D9%86%D8%A8%D9%88%D9%84+%D8%A5%D8%B7%D9%84%D8%A7%D9%84%D8%A9+%D8%B9%D9%84%D9%89+%D8%A7%D9%84%D8%A8%D8%AD%D8%B1\u0026searchType=H\u0026searchValue=30%7C%D8%A5%D8%B7%D9%84%D8%A7%D9%84%D8%A7%D8%AA+%D8%B9%D9%84%D9%89+%D8%A7%D9%84%D9%85%D8%AD%D9%8A%D8%B7_30_%D8%A5%D8%B7%D9%84%D8%A7%D9%84%D8%A7%D8%AA+%D8%B9%D9%84%D9%89+%D8%A7%D9%84%D9%85%D8%AD%D9%8A%D8%B7_1,https://sa.trip.com/?locale=ar-sa,False,https://sa.trip.com/hotels/list/searchresults/?city=532\u0026hotelid=92122100\u0026searchWord=%D8%A5%D8%B3%D8%B7%D9%86%D8%A8%D9%88%D9%84+%D8%A5%D8%B7%D9%84%D8%A7%D9%84%D8%A9+%D8%B9%D9%84%D9%89+%D8%A7%D9%84%D8%A8%D8%AD%D8%B1\u0026searchType=H\u0026searchValue=30%7C%D8%A5%D8%B7%D9%84%D8%A7%D9%84%D8%A7%D8%AA+%D8%B9%D9%84%D9%89+%D8%A7%D9%84%D9%85%D8%AD%D9%8A%D8%B7_30_%D8%A5%D8%B7%D9%84%D8%A7%D9%84%D8%A7%D8%AA+%D8%B9%D9%84%D9%89+%D8%A7%D9%84%D9%85%D8%AD%D9%8A%D8%B7_1,https://sa.trip.com/?locale=ar-sa,https://sa.trip.com/hotels/list/searchresults/?city=532\u0026hotelid=92122100\u0026searchWord=%D8%A5%D8%B3%D8%B7%D9%86%D8%A8%D9%88%D9%84+%D8%A5%D8%B7%D9%84%D8%A7%D9%84%D8%A9+%D8%B9%D9%84%D9%89+%D8%A7%D9%84%D8%A8%D8%AD%D8%B1\u0026searchType=H\u0026searchValue=30%7C%D8%A5%D8%B7%D9%84%D8%A7%D9%84%D8%A7%D8%AA+%D8%B9%D9%84%D9%89+%D8%A7%D9%84%D9%85%D8%AD%D9%8A%D8%B7_30_%D8%A5%D8%B7%D9%84%D8%A7%D9%84%D8%A7%D8%AA+%D8%B9%D9%84%D9%89+%D8%A7%D9%84%D9%85%D8%AD%D9%8A%D8%B7_1,recon_page,2026-05-02T23:00:59.104063
78,1,3,1,1,0,0,1,0,11,0,com,200,2,102082,950.4110000000001,0,0,17,0,unknown,0,html,1,7,0,1,1,0,0,0,0,0,0,0,1,7,0,0,1,2,0,0,0,0,1,1,0,0,0,0,1,4,3,0,1,1,25,12,13,0,0,1,14,1,2,1,1,1,1,0,0,0,0,0,0,0,0,0,1,1,0,0,0,0,0,0,0,0,0,0,1,2,0,0,0.0,0.0,0.0,0,0,0,0,0,0,0,0,0,0,0,0,25,12,1,0,0,0,0,0,0,0.0,3.918418526282792e-05,0.125,0.07836837052565584,0,,multi_full_20260502_195405_0002,2026-05-02T23:01:23.820151,https://sa.trip.com/hotels/list/searchresults/?city=532\u0026hotelid=102353147,https://sa.trip.com/?locale=ar-sa,False,https://sa.trip.com/hotels/list/searchresults/?city=532\u0026hotelid=102353147,https://sa.trip.com/?locale=ar-sa,https://sa.trip.com/hotels/list/searchresults/?city=532\u0026hotelid=102353147,recon_page,2026-05-02T23:01:23.823918
65,1,3,0,0,0,0,1,0,11,0,com,200,2,333796,547.293,0,0,16,0,unknown,0,html,1,8,0,0,0,0,0,0,0,0,0,0,1,2,0,0,1,2,0,0,0,0,1,24,0,0,0,0,1,42,31,0,11,1,136,115,21,1,52,1,13,1,10,1,0,0,1,0,0,0,0,0,0,0,0,0,1,1,0,0,0,0,0,0,0,0,0,0,0,0,0,0,0.0,1.0,0.0,0,0,0,0,0,0,0,0,0,0,0,0,134,0,0,43,0,0,0,0,0,0.0,0.00012582535440808159,0.0,0.07789188606214574,0,,multi_full_20260502_195405_0002,2026-05-02T23:01:53.117819,https://sa.trip.com/flights/istanbul-to-colombo/airfares-ist-cmb/,https://sa.trip.com/?locale=ar-sa,False,https://sa.trip.com/flights/istanbul-to-colombo/airfares-ist-cmb/,https://sa.trip.com/?locale=ar-sa,https://sa.trip.com/flights/istanbul-to-colombo/airfares-ist-cmb/,recon_page,2026-05-02T23:01:53.121735
94,1,3,1,1,0,0,1,0,11,0,com,200,2,102162,721.956,0,0,17,0,unknown,0,html,1,7,0,1,1,0,0,0,0,0,0,0,1,7,0,0,1,2,0,0,0,0,1,1,0,0,0,0,1,4,3,0,1,1,25,12,13,0,0,1,14,1,2,1,1,1,1,0,0,0,0,0,0,0,0,0,1,1,0,0,0,0,0,0,0,0,0,0,1,2,0,0,0.0,0.0,0.0,0,0,0,0,0,0,0,0,0,0,0,0,25,12,1,0,0,0,0,0,0,0.0,3.915350130185392e-05,0.125,0.07830700260370783,0,,multi_full_20260502_195405_0002,2026-05-02T23:02:22.515578,https://sa.trip.com/hotels/list/searchresults/?city=532\u0026hotelid=12165552\u0026breakfast=1,https://sa.trip.com/?locale=ar-sa,False,https://sa.trip.com/hotels/list/searchresults/?city=532\u0026hotelid=12165552\u0026breakfast=1,https://sa.trip.com/?locale=ar-sa,https://sa.trip.com/hotels/list/searchresults/?city=532\u0026hotelid=12165552\u0026breakfast=1,recon_page,2026-05-02T23:02:22.520009
50,1,3,0,0,0,0,1,0,11,0,com,200,2,213680,482.117,0,0,16,0,unknown,0,html,1,8,0,0,0,0,0,0,0,0,0,0,1,3,0,0,1,2,0,0,0,0,1,2,0,0,1,1,1,42,31,0,11,1,120,102,18,1,52,1,12,1,9,1,0,0,1,0,0,0,0,0,0,0,0,0,1,1,0,0,0,0,0,0,0,0,0,0,0,0,0,0,0.0,1.0,0.0,0,0,0,0,0,0,0,0,0,0,0,0,118,0,0,56,0,0,0,0,0,0.0,0.00019655559715462374,0.0,0.02339947585174092,0,,multi_full_20260502_195405_0002,2026-05-02T23:02:45.476313,https://sa.trip.com/flights/to-dubai/airfares-dxb/,https://sa.trip.com/?locale=ar-sa,False,https://sa.trip.com/flights/to-dubai/airfares-dxb/,https://sa.trip.com/?locale=ar-sa,https://sa.trip.com/flights/to-dubai/airfares-dxb/,recon_page,2026-05-02T23:02:45.480066
62,1,3,0,0,0,0,1,0,11,0,com,200,2,333818,428.319,0,0,16,0,unknown,0,html,1,8,0,0,0,0,0,0,0,0,0,0,1,2,0,0,1,2,0,0,0,0,1,22,0,0,0,0,1,43,32,0,11,1,123,102,21,1,61,1,13,1,10,1,0,0,1,0,0,0,0,0,0,0,0,0,1,1,0,0,0,0,0,0,0,0,0,0,0,0,0,0,0.0,1.0,0.0,0,0,0,0,0,0,0,0,0,0,0,0,121,0,0,59,0,0,0,0,0,0.0,0.00012881270632500344,0.0,0.07189546399535077,0,,multi_full_20260502_195405_0002,2026-05-02T23:03:15.974547,https://sa.trip.com/flights/istanbul-to-doha/airfares-ist-doh/,https://sa.trip.com/?locale=ar-sa,False,https://sa.trip.com/flights/istanbul-to-doha/airfares-ist-doh/,https://sa.trip.com/?locale=ar-sa,https://sa.trip.com/flights/istanbul-to-doha/airfares-ist-doh/,recon_page,2026-05-02T23:03:15.991623
64,1,3,0,0,0,0,1,0,11,0,com,200,2,267956,512.206,0,0,16,0,unknown,0,html,1,8,0,0,0,0,0,0,0,0,0,0,1,2,0,0,1,2,0,0,0,0,1,20,0,0,0,0,1,42,31,0,11,1,124,103,21,1,41,1,13,1,10,1,0,0,1,0,0,0,0,0,0,0,0,0,1,1,0,0,0,0,0,0,0,0,0,0,0,0,0,0,0.0,1.0,0.0,0,0,0,0,0,0,0,0,0,0,0,0,122,0,0,21,0,0,0,0,0,0.0,0.0001567421516965472,0.0,0.08210303184104853,0,,multi_full_20260502_195405_0002,2026-05-02T23:03:39.138870,https://sa.trip.com/flights/nejran-to-istanbul/airfares-eam-ist/,https://sa.trip.com/?locale=ar-sa,False,https://sa.trip.com/flights/nejran-to-istanbul/airfares-eam-ist/,https://sa.trip.com/?locale=ar-sa,https://sa.trip.com/flights/nejran-to-istanbul/airfares-eam-ist/,recon_page,2026-05-02T23:03:39.142180
121,1,3,0,0,0,0,1,0,11,0,com,200,2,399141,484.939,0,0,19,0,unknown,1,html,1,9,0,1,1,0,0,0,0,0,0,0,1,5,0,0,1,2,0,0,0,0,1,10,0,0,0,0,1,28,22,0,6,1,37,17,20,1,27,1,2,1,3,1,1,14,0,0,0,0,0,0,0,0,0,0,1,1,0,0,0,0,0,0,0,0,0,0,1,1,0,0,0.0,1.0,0.0,0,0,0,0,0,0,0,0,0,0,0,0,41,12,1,0,0,0,0,0,0,0.0,7.015064851769175e-05,0.125,0.03758070456304915,0,,multi_full_20260502_195405_0002,2026-05-02T23:04:08.946801,https://sa.trip.com/hotels/istanbul-hotel-detail-81446019/istanbul-old-city-topkapi-porta-romanos-hotel-ottoman-heritage/,https://sa.trip.com/?locale=ar-sa,False,https://sa.trip.com/hotels/istanbul-hotel-detail-81446019/istanbul-old-city-topkapi-porta-romanos-hotel-ottoman-heritage/,https://sa.trip.com/?locale=ar-sa,https://sa.trip.com/hotels/istanbul-hotel-detail-81446019/istanbul-old-city-topkapi-porta-romanos-hotel-ottoman-heritage/,recon_page,2026-05-02T23:04:08.951220
464,1,3,1,1,0,0,1,0,11,0,com,200,2,104248,899.642,0,0,17,0,unknown,0,html,1,7,0,1,1,0,0,0,0,0,0,0,1,7,0,0,1,2,0,0,0,0,1,1,0,0,0,0,1,4,3,0,1,1,25,12,13,0,0,1,14,1,2,1,1,1,1,0,0,0,0,0,0,0,0,0,1,1,0,0,0,0,0,0,0,0,0,0,1,2,0,0,0.0,0.0,0.0,0,0,0,0,0,0,0,0,0,0,0,0,25,12,1,0,0,0,0,0,0,0.0,3.8370040672243114e-05,0.125,0.07674008134448622,0,,multi_full_20260502_195405_0002,2026-05-02T23:04:48.554397,https://sa.trip.com/hotels/list/searchresults/?city=532\u0026hotelid=745516\u0026searchWord=%D8%A5%D8%B3%D8%B7%D9%86%D8%A8%D9%88%D9%84+%D8%A5%D8%B7%D9%84%D8%A7%D9%84%D8%A9+%D8%B9%D9%84%D9%89+%D8%A7%D9%84%D8%A8%D8%AD%D8%B1\u0026searchType=H\u0026searchValue=30%7C%D8%A5%D8%B7%D9%84%D8%A7%D9%84%D8%A7%D8%AA+%D8%B9%D9%84%D9%89+%D8%A7%D9%84%D9%85%D8%AD%D9%8A%D8%B7_30_%D8%A5%D8%B7%D9%84%D8%A7%D9%84%D8%A7%D8%AA+%D8%B9%D9%84%D9%89+%D8%A7%D9%84%D9%85%D8%AD%D9%8A%D8%B7_1,https://sa.trip.com/?locale=ar-sa,False,https://sa.trip.com/hotels/list/searchresults/?city=532\u0026hotelid=745516\u0026searchWord=%D8%A5%D8%B3%D8%B7%D9%86%D8%A8%D9%88%D9%84+%D8%A5%D8%B7%D9%84%D8%A7%D9%84%D8%A9+%D8%B9%D9%84%D9%89+%D8%A7%D9%84%D8%A8%D8%AD%D8%B1\u0026searchType=H\u0026searchValue=30%7C%D8%A5%D8%B7%D9%84%D8%A7%D9%84%D8%A7%D8%AA+%D8%B9%D9%84%D9%89+%D8%A7%D9%84%D9%85%D8%AD%D9%8A%D8%B7_30_%D8%A5%D8%B7%D9%84%D8%A7%D9%84%D8%A7%D8%AA+%D8%B9%D9%84%D9%89+%D8%A7%D9%84%D9%85%D8%AD%D9%8A%D8%B7_1,https://sa.trip.com/?locale=ar-sa,https://sa.trip.com/hotels/list/searchresults/?city=532\u0026hotelid=745516\u0026searchWord=%D8%A5%D8%B3%D8%B7%D9%86%D8%A8%D9%88%D9%84+%D8%A5%D8%B7%D9%84%D8%A7%D9%84%D8%A9+%D8%B9%D9%84%D9%89+%D8%A7%D9%84%D8%A8%D8%AD%D8%B1\u0026searchType=H\u0026searchValue=30%7C%D8%A5%D8%B7%D9%84%D8%A7%D9%84%D8%A7%D8%AA+%D8%B9%D9%84%D9%89+%D8%A7%D9%84%D9%85%D8%AD%D9%8A%D8%B7_30_%D8%A5%D8%B7%D9%84%D8%A7%D9%84%D8%A7%D8%AA+%D8%B9%D9%84%D9%89+%D8%A7%D9%84%D9%85%D8%AD%D9%8A%D8%B7_1,recon_page,2026-05-02T23:04:48.616184
73,1,3,0,0,0,0,1,0,11,0,com,200,2,375669,327.06600000000003,0,0,19,0,unknown,1,html,1,9,0,1,1,0,0,0,0,0,0,0,1,5,0,0,1,2,0,0,0,0,1,13,0,0,0,0,1,28,22,0,6,1,37,17,20,1,23,1,2,1,3,1,1,21,0,0,0,0,0,0,0,0,0,0,1,1,0,0,0,0,0,0,0,0,0,0,1,1,0,0,0.0,1.0,0.0,0,0,0,0,0,0,0,0,0,0,0,0,41,12,1,0,0,0,0,0,0,0.0,7.453369854845622e-05,0.125,0.047914520495436146,0,,multi_full_20260502_195405_0002,2026-05-02T23:05:26.166430,https://sa.trip.com/hotels/istanbul-hotel-detail-88853114/pera-bosphorus/,https://sa.trip.com/?locale=ar-sa,False,https://sa.trip.com/hotels/istanbul-hotel-detail-88853114/pera-bosphorus/,https://sa.trip.com/?locale=ar-sa,https://sa.trip.com/hotels/istanbul-hotel-detail-88853114/pera-bosphorus/,recon_page,2026-05-02T23:05:26.172974
70,1,2,1,1,0,0,1,0,11,0,com,200,2,100398,636.1320000000001,0,0,17,0,unknown,0,html,1,7,0,1,1,0,0,0,0,0,0,0,1,7,0,0,1,2,0,0,0,0,1,1,0,0,0,0,1,4,3,0,1,1,25,12,13,0,0,1,14,1,2,1,1,1,1,0,0,0,0,0,0,0,0,0,1,1,0,0,0,0,0,0,0,0,0,0,1,2,0,0,0.0,0.0,0.0,0,0,0,0,0,0,0,0,0,0,0,0,25,12,1,0,0,0,0,0,0,0.0,3.9841431104205265e-05,0.125,0.07968286220841053,0,,multi_full_20260502_195405_0002,2026-05-02T23:06:17.302942,https://sa.trip.com/hotels/list/?city=532\u0026listFilters=3~33*3*33*2,https://sa.trip.com/?locale=ar-sa,False,https://sa.trip.com/hotels/list/?city=532\u0026listFilters=3~33*3*33*2,https://sa.trip.com/?locale=ar-sa,https://sa.trip.com/hotels/list/?city=532\u0026listFilters=3~33*3*33*2,recon_page,2026-05-02T23:06:17.308468
143,1,3,1,1,0,0,1,0,11,0,com,200,2,102413,761.353,0,0,17,0,unknown,0,html,1,7,0,1,1,0,0,0,0,0,0,0,1,7,0,0,1,2,0,0,0,0,1,1,0,0,0,0,1,4,3,0,1,1,25,12,13,0,0,1,14,1,2,1,1,1,1,0,0,0,0,0,0,0,0,0,1,1,0,0,0,0,0,0,0,0,0,0,1,2,0,0,0.0,0.0,0.0,0,0,0,0,0,0,0,0,0,0,0,0,25,12,1,0,0,0,0,0,0,0.0,3.905754152304883e-05,0.125,0.07811508304609767,0,,multi_full_20260502_195405_0002,2026-05-02T23:06:50.090765,https://sa.trip.com/hotels/list/searchresults/?city=532\u0026hotelid=2706274\u0026sourcefromseo_tracelogid=0f8d7370-b743-49b6-9d2a-15b11945b0c9,https://sa.trip.com/?locale=ar-sa,False,https://sa.trip.com/hotels/list/searchresults/?city=532\u0026hotelid=2706274\u0026sourcefromseo_tracelogid=0f8d7370-b743-49b6-9d2a-15b11945b0c9,https://sa.trip.com/?locale=ar-sa,https://sa.trip.com/hotels/list/searchresults/?city=532\u0026hotelid=2706274\u0026sourcefromseo_tracelogid=0f8d7370-b743-49b6-9d2a-15b11945b0c9,recon_page,2026-05-02T23:06:50.093946
70,1,3,0,0,0,0,1,0,11,0,com,200,2,436880,513.649,0,0,19,0,unknown,1,html,1,9,0,1,1,0,0,0,0,0,0,0,1,5,0,0,1,2,0,0,0,0,1,18,0,0,0,0,1,28,22,0,6,1,37,17,20,1,28,1,2,1,3,1,1,16,0,0,0,0,0,0,0,0,0,0,1,1,0,0,0,0,0,0,0,0,0,0,1,1,0,0,0.0,1.0,0.0,0,0,0,0,0,0,0,0,0,0,0,0,41,12,1,0,0,0,0,0,0,0.0,6.409082585607032e-05,0.125,0.05264603552462919,0,,multi_full_20260502_195405_0002,2026-05-02T23:07:18.949195,https://sa.trip.com/hotels/istanbul-hotel-detail-6237202/galley-hotel/,https://sa.trip.com/?locale=ar-sa,False,https://sa.trip.com/hotels/istanbul-hotel-detail-6237202/galley-hotel/,https://sa.trip.com/?locale=ar-sa,https://sa.trip.com/hotels/istanbul-hotel-detail-6237202/galley-hotel/,recon_page,2026-05-02T23:07:19.021761
93,1,3,1,1,0,0,1,0,11,0,com,200,2,102163,1054.9550000000002,0,0,17,0,unknown,0,html,1,7,0,1,1,0,0,0,0,0,0,0,1,7,0,0,1,2,0,0,0,0,1,1,0,0,0,0,1,4,3,0,1,1,25,12,13,0,0,1,14,1,2,1,1,1,1,0,0,0,0,0,0,0,0,0,1,1,0,0,0,0,0,0,0,0,0,0,1,2,0,0,0.0,0.0,0.0,0,0,0,0,0,0,0,0,0,0,0,0,25,12,1,0,0,0,0,0,0,0.0,3.915311805643922e-05,0.125,0.07830623611287844,0,,multi_full_20260502_195405_0002,2026-05-02T23:07:47.717590,https://sa.trip.com/hotels/list/searchresults/?city=532\u0026hotelid=58629185\u0026starlist=3,https://sa.trip.com/?locale=ar-sa,False,https://sa.trip.com/hotels/list/searchresults/?city=532\u0026hotelid=58629185\u0026starlist=3,https://sa.trip.com/?locale=ar-sa,https://sa.trip.com/hotels/list/searchresults/?city=532\u0026hotelid=58629185\u0026starlist=3,recon_page,2026-05-02T23:07:47.721815
51,1,3,0,0,0,0,1,0,11,0,com,200,2,209771,497.52299999999997,0,0,16,0,unknown,0,html,1,8,0,0,0,0,0,0,0,0,0,0,1,3,0,0,1,2,0,0,0,0,1,2,0,0,1,1,1,42,31,0,11,1,111,93,18,1,48,1,12,1,9,1,0,0,1,0,0,0,0,0,0,0,0,0,1,1,0,0,0,0,0,0,0,0,0,0,0,0,0,0,0.0,1.0,0.0,0,0,0,0,0,0,0,0,0,0,0,0,110,0,0,56,0,0,0,0,0,0.0,0.00020021833332538815,0.0,0.023835515872070022,0,,multi_full_20260502_195405_0002,2026-05-02T23:08:08.663822,https://sa.trip.com/flights/to-kuwait/airfares-kwi/,https://sa.trip.com/?locale=ar-sa,False,https://sa.trip.com/flights/to-kuwait/airfares-kwi/,https://sa.trip.com/?locale=ar-sa,https://sa.trip.com/flights/to-kuwait/airfares-kwi/,recon_page,2026-05-02T23:08:08.667770
67,1,3,0,0,0,0,1,0,11,0,com,200,2,196607,527.279,0,0,16,0,unknown,0,html,1,8,0,0,0,0,0,0,0,0,0,0,1,2,0,0,1,2,0,0,0,0,1,3,0,0,0,0,1,40,29,0,11,1,93,72,21,1,18,1,13,1,10,1,0,0,1,0,0,0,0,0,0,0,0,0,1,1,0,0,0,0,0,0,0,0,0,0,0,0,0,0,0.0,1.0,0.0,0,0,0,0,0,0,0,0,0,0,0,0,91,0,0,20,0,0,0,0,0,0.0,0.00020345155564145732,0.0,0.025431444455182167,0,,multi_full_20260502_195405_0002,2026-05-02T23:08:42.023668,https://sa.trip.com/flights/istanbul-to-lynchburg/airfares-ist-lyh/,https://sa.trip.com/?locale=ar-sa,False,https://sa.trip.com/flights/istanbul-to-lynchburg/airfares-ist-lyh/,https://sa.trip.com/?locale=ar-sa,https://sa.trip.com/flights/istanbul-to-lynchburg/airfares-ist-lyh/,recon_page,2026-05-02T23:08:42.027882
71,1,3,0,0,0,0,1,0,11,0,com,200,2,591875,592.2669999999999,0,0,17,0,unknown,1,html,1,4,0,1,1,0,0,0,0,0,0,0,1,5,0,0,1,2,0,0,0,0,1,6,0,0,0,0,1,21,11,0,10,1,105,94,11,1,44,1,17,0,0,1,1,25,1,0,0,0,0,0,0,0,0,0,0,1,0,0,0,0,0,0,0,0,0,0,0,0,0,0,0.0,0.0,0.0,0,0,0,0,0,0,0,0,0,0,0,0,88,1,1,0,0,0,0,0,1,0.0,3.5480464625131994e-05,0.125,0.018585005279831045,0,,multi_full_20260502_195405_0002,2026-05-02T23:09:16.553081,https://sa.trip.com/hotels/istanbul-sakirin-mosque/hotels-c532m6773343/,https://sa.trip.com/?locale=ar-sa,False,https://sa.trip.com/hotels/istanbul-sakirin-mosque/hotels-c532m6773343/,https://sa.trip.com/?locale=ar-sa,https://sa.trip.com/hotels/istanbul-sakirin-mosque/hotels-c532m6773343/,recon_page,2026-05-02T23:09:16.556131
53,1,3,0,0,0,0,1,0,11,0,com,200,2,197724,723.206,0,0,16,0,unknown,0,html,1,8,0,0,0,0,0,0,0,0,0,0,1,3,0,0,1,2,0,0,0,0,0,0,0,0,1,1,1,42,31,0,11,1,118,100,18,1,39,1,12,1,9,1,0,0,1,0,0,0,0,0,0,0,0,0,1,1,0,0,0,0,0,0,0,0,0,0,0,0,0,0,0.0,1.0,0.0,0,0,0,0,0,0,0,0,0,0,0,0,116,0,0,40,0,0,0,0,0,0.0,0.00021241730897614858,0.0,0.015172664926867755,0,,multi_full_20260502_195405_0002,2026-05-02T23:09:54.480674,https://sa.trip.com/flights/to-el-minya/airfares-emy/,https://sa.trip.com/?locale=ar-sa,False,https://sa.trip.com/flights/to-el-minya/airfares-emy/,https://sa.trip.com/?locale=ar-sa,https://sa.trip.com/flights/to-el-minya/airfares-emy/,recon_page,2026-05-02T23:09:54.484588
206,1,3,1,1,0,0,1,0,11,0,com,200,2,366900,311.793,0,0,19,0,unknown,1,html,1,9,0,1,1,0,0,0,0,0,0,0,1,5,0,0,1,2,0,0,0,0,1,15,0,0,0,0,1,28,22,0,6,1,37,17,20,1,26,1,2,1,3,1,1,14,0,0,0,0,0,0,0,0,0,0,1,1,0,0,0,0,0,0,0,0,0,0,1,1,0,0,0.0,1.0,0.0,0,0,0,0,0,0,0,0,0,0,0,0,41,12,1,0,0,0,0,0,0,0.0,7.631507222676479e-05,0.125,0.05451076587626057,0,,multi_full_20260502_195405_0002,2026-05-02T23:10:33.451624,https://sa.trip.com/hotels/istanbul-hotel-detail-92122100/weingart-seaside-hotel/?checkin=2026-05-10\u0026city=532\u0026module=list\u0026link=button\u0026from_page=list\u0026adult=1\u0026checkout=2026-05-11,https://sa.trip.com/?locale=ar-sa,False,https://sa.trip.com/hotels/istanbul-hotel-detail-92122100/weingart-seaside-hotel/?checkin=2026-05-10\u0026city=532\u0026module=list\u0026link=button\u0026from_page=list\u0026adult=1\u0026checkout=2026-05-11,https://sa.trip.com/?locale=ar-sa,https://sa.trip.com/hotels/istanbul-hotel-detail-92122100/weingart-seaside-hotel/?checkin=2026-05-10\u0026city=532\u0026module=list\u0026link=button\u0026from_page=list\u0026adult=1\u0026checkout=2026-05-11,recon_page,2026-05-02T23:10:33.455772
50,1,3,0,0,0,0,1,0,11,0,com,200,2,214404,659.612,0,0,16,0,unknown,0,html,1,8,0,0,0,0,0,0,0,0,0,0,1,3,0,0,1,2,0,0,0,0,1,2,0,0,1,1,1,42,31,0,11,1,122,104,18,1,52,1,12,1,9,1,0,0,1,0,0,0,0,0,0,0,0,0,1,1,0,0,0,0,0,0,0,0,0,0,0,0,0,0,0.0,1.0,0.0,0,0,0,0,0,0,0,0,0,0,0,0,122,0,0,56,0,0,0,0,0,0.0,0.00019589186768903565,0.0,0.023320460439170913,0,,multi_full_20260502_195405_0002,2026-05-02T23:11:13.314797,https://sa.trip.com/flights/to-paris/airfares-par/,https://sa.trip.com/?locale=ar-sa,False,https://sa.trip.com/flights/to-paris/airfares-par/,https://sa.trip.com/?locale=ar-sa,https://sa.trip.com/flights/to-paris/airfares-par/,recon_page,2026-05-02T23:11:13.318096
84,1,4,0,0,0,0,1,0,11,0,com,200,2,387212,436.371,0,0,19,0,unknown,1,html,1,9,0,1,1,0,0,0,0,0,0,0,1,5,0,0,1,2,0,0,0,0,1,12,0,0,0,0,1,28,22,0,6,1,37,17,20,1,29,1,2,1,3,1,1,14,0,0,0,0,0,0,0,0,0,0,1,1,0,0,0,0,0,0,0,0,0,0,1,1,0,0,0.0,1.0,0.0,0,0,0,0,0,0,0,0,0,0,0,0,41,12,1,0,0,0,0,0,0,0.0,7.231180851833104e-05,0.125,0.043903598028986704,0,,multi_full_20260502_195405_0002,2026-05-02T23:11:58.950614,https://sa.trip.com/hotels/istanbul-hotel-detail-745889/cvk-taksim-hotel-istanbul/\/,https://sa.trip.com/?locale=ar-sa,False,https://sa.trip.com/hotels/istanbul-hotel-detail-745889/cvk-taksim-hotel-istanbul/\/,https://sa.trip.com/?locale=ar-sa,https://sa.trip.com/hotels/istanbul-hotel-detail-745889/cvk-taksim-hotel-istanbul/\/,recon_page,2026-05-02T23:11:58.954212
88,1,3,0,0,0,0,1,0,11,0,com,200,2,605222,619.128,0,0,18,0,unknown,1,html,1,4,0,1,1,0,0,0,0,0,0,0,1,5,0,0,1,2,0,0,0,0,1,6,0,0,0,0,1,21,11,0,10,1,106,95,11,1,44,1,17,0,0,1,1,26,1,0,0,0,0,0,0,0,0,0,0,1,0,0,0,0,0,0,0,0,0,0,0,0,0,0,0.0,0.0,0.0,0,0,0,0,0,0,0,0,0,0,0,0,91,1,1,0,0,0,0,0,1,0.0,3.469801163870448e-05,0.125,0.018175148953607105,0,,multi_full_20260502_195405_0002,2026-05-02T23:12:47.376460,https://sa.trip.com/hotels/istanbul-istanbul-archaeological-museums/hotels-c532m6744108/,https://sa.trip.com/?locale=ar-sa,False,https://sa.trip.com/hotels/istanbul-istanbul-archaeological-museums/hotels-c532m6744108/,https://sa.trip.com/?locale=ar-sa,https://sa.trip.com/hotels/istanbul-istanbul-archaeological-museums/hotels-c532m6744108/,recon_page,2026-05-02T23:12:47.379849
90,1,3,0,0,0,0,1,0,11,0,com,200,2,421130,450.16299999999995,0,0,19,0,unknown,1,html,1,9,0,1,1,0,0,0,0,0,0,0,1,5,0,0,1,2,0,0,0,0,1,17,0,0,0,0,1,28,22,0,6,1,37,17,20,1,35,1,2,1,3,1,1,14,0,0,0,0,0,0,0,0,0,0,1,1,0,0,0,0,0,0,0,0,0,0,1,1,0,0,0.0,1.0,0.0,0,0,0,0,0,0,0,0,0,0,0,0,41,12,1,0,0,0,0,0,0,0.0,6.648778286989765e-05,0.125,0.052240400826348156,0,,multi_full_20260502_195405_0002,2026-05-02T23:13:36.655289,https://sa.trip.com/hotels/istanbul-hotel-detail-4623879/novotel-istanbul-bosphorus-hotel/,https://sa.trip.com/?locale=ar-sa,False,https://sa.trip.com/hotels/istanbul-hotel-detail-4623879/novotel-istanbul-bosphorus-hotel/,https://sa.trip.com/?locale=ar-sa,https://sa.trip.com/hotels/istanbul-hotel-detail-4623879/novotel-istanbul-bosphorus-hotel/,recon_page,2026-05-02T23:13:36.659971
204,1,3,1,1,0,0,1,0,11,0,com,200,2,405686,417.744,0,0,19,0,unknown,1,html,1,9,0,1,1,0,0,0,0,0,0,0,1,5,0,0,1,2,0,0,0,0,1,13,0,0,0,0,1,28,22,0,6,1,37,17,20,1,30,1,2,1,3,1,1,14,0,0,0,0,0,0,0,0,0,0,1,1,0,0,0,0,0,0,0,0,0,0,1,1,0,0,0.0,1.0,0.0,0,0,0,0,0,0,0,0,0,0,0,0,41,12,1,0,0,0,0,0,0,0.0,6.901889638784676e-05,0.125,0.04436929053504435,0,,multi_full_20260502_195405_0002,2026-05-02T23:14:19.581666,https://sa.trip.com/hotels/istanbul-hotel-detail-745497/continental-hotel-pera/?checkin=2026-05-10\u0026city=532\u0026module=list\u0026link=button\u0026from_page=list\u0026adult=1\u0026checkout=2026-05-11,https://sa.trip.com/?locale=ar-sa,False,https://sa.trip.com/hotels/istanbul-hotel-detail-745497/continental-hotel-pera/?checkin=2026-05-10\u0026city=532\u0026module=list\u0026link=button\u0026from_page=list\u0026adult=1\u0026checkout=2026-05-11,https://sa.trip.com/?locale=ar-sa,https://sa.trip.com/hotels/istanbul-hotel-detail-745497/continental-hotel-pera/?checkin=2026-05-10\u0026city=532\u0026module=list\u0026link=button\u0026from_page=list\u0026adult=1\u0026checkout=2026-05-11,recon_page,2026-05-02T23:14:19.586398
522,1,3,1,1,0,0,1,0,11,0,com,200,2,104582,899.452,0,0,17,0,unknown,0,html,1,7,0,1,1,0,0,0,0,0,0,0,1,7,0,0,1,2,0,0,0,0,1,1,0,0,0,0,1,4,3,0,1,1,25,12,13,0,0,1,14,1,2,1,1,1,1,0,0,0,0,0,0,0,0,0,1,1,0,0,0,0,0,0,0,0,0,0,1,2,0,0,0.0,0.0,0.0,0,0,0,0,0,0,0,0,0,0,0,0,25,12,1,0,0,0,0,0,0,0.0,3.824749956971563e-05,0.125,0.07649499913943127,0,,multi_full_20260502_195405_0002,2026-05-02T23:15:03.213830,https://sa.trip.com/hotels/list/searchresults/?city=532\u0026hotelid=58629144\u0026searchWord=%D8%A5%D8%B3%D8%B7%D9%86%D8%A8%D9%88%D9%84+%D8%AE%D8%AF%D9%85%D8%A9+%D9%86%D9%82%D9%84+%D9%85%D9%86+%D9%88%D8%A5%D9%84%D9%89+%D8%A7%D9%84%D9%85%D8%B7%D8%A7%D8%B1\u0026searchType=H\u0026searchValue=30%7C%D8%AE%D8%AF%D9%85%D8%A9+%D8%A7%D9%86%D8%AA%D9%82%D8%A7%D9%84%D8%A7%D8%AA+%D8%A7%D9%84%D9%85%D8%B7%D8%A7%D8%B1_30_%D8%AE%D8%AF%D9%85%D8%A9+%D8%A7%D9%86%D8%AA%D9%82%D8%A7%D9%84%D8%A7%D8%AA+%D8%A7%D9%84%D9%85%D8%B7%D8%A7%D8%B1_1,https://sa.trip.com/?locale=ar-sa,False,https://sa.trip.com/hotels/list/searchresults/?city=532\u0026hotelid=58629144\u0026searchWord=%D8%A5%D8%B3%D8%B7%D9%86%D8%A8%D9%88%D9%84+%D8%AE%D8%AF%D9%85%D8%A9+%D9%86%D9%82%D9%84+%D9%85%D9%86+%D9%88%D8%A5%D9%84%D9%89+%D8%A7%D9%84%D9%85%D8%B7%D8%A7%D8%B1\u0026searchType=H\u0026searchValue=30%7C%D8%AE%D8%AF%D9%85%D8%A9+%D8%A7%D9%86%D8%AA%D9%82%D8%A7%D9%84%D8%A7%D8%AA+%D8%A7%D9%84%D9%85%D8%B7%D8%A7%D8%B1_30_%D8%AE%D8%AF%D9%85%D8%A9+%D8%A7%D9%86%D8%AA%D9%82%D8%A7%D9%84%D8%A7%D8%AA+%D8%A7%D9%84%D9%85%D8%B7%D8%A7%D8%B1_1,https://sa.trip.com/?locale=ar-sa,https://sa.trip.com/hotels/list/searchresults/?city=532\u0026hotelid=58629144\u0026searchWord=%D8%A5%D8%B3%D8%B7%D9%86%D8%A8%D9%88%D9%84+%D8%AE%D8%AF%D9%85%D8%A9+%D9%86%D9%82%D9%84+%D9%85%D9%86+%D9%88%D8%A5%D9%84%D9%89+%D8%A7%D9%84%D9%85%D8%B7%D8%A7%D8%B1\u0026searchType=H\u0026searchValue=30%7C%D8%AE%D8%AF%D9%85%D8%A9+%D8%A7%D9%86%D8%AA%D9%82%D8%A7%D9%84%D8%A7%D8%AA+%D8%A7%D9%84%D9%85%D8%B7%D8%A7%D8%B1_30_%D8%AE%D8%AF%D9%85%D8%A9+%D8%A7%D9%86%D8%AA%D9%82%D8%A7%D9%84%D8%A7%D8%AA+%D8%A7%D9%84%D9%85%D8%B7%D8%A7%D8%B1_1,recon_page,2026-05-02T23:15:03.217778
200,1,3,1,1,0,0,1,0,11,0,com,200,2,364932,742.271,0,0,19,0,unknown,1,html,1,9,0,1,1,0,0,0,0,0,0,0,1,5,0,0,1,2,0,0,0,0,1,10,0,0,0,0,1,28,22,0,6,1,37,17,20,1,25,1,2,1,3,1,1,14,0,0,0,0,0,0,0,0,0,0,1,1,0,0,0,0,0,0,0,0,0,0,1,1,0,0,0.0,1.0,0.0,0,0,0,0,0,0,0,0,0,0,0,0,41,12,1,0,0,0,0,0,0,0.0,7.6726623042101e-05,0.125,0.04110354805826839,0,,multi_full_20260502_195405_0002,2026-05-02T23:15:53.085982,https://sa.trip.com/hotels/istanbul-hotel-detail-42736125/new-taksim-hotel/?checkin=2026-05-10\u0026city=532\u0026module=list\u0026link=button\u0026from_page=list\u0026adult=1\u0026checkout=2026-05-11,https://sa.trip.com/?locale=ar-sa,False,https://sa.trip.com/hotels/istanbul-hotel-detail-42736125/new-taksim-hotel/?checkin=2026-05-10\u0026city=532\u0026module=list\u0026link=button\u0026from_page=list\u0026adult=1\u0026checkout=2026-05-11,https://sa.trip.com/?locale=ar-sa,https://sa.trip.com/hotels/istanbul-hotel-detail-42736125/new-taksim-hotel/?checkin=2026-05-10\u0026city=532\u0026module=list\u0026link=button\u0026from_page=list\u0026adult=1\u0026checkout=2026-05-11,recon_page,2026-05-02T23:15:53.096160
75,1,3,1,1,0,0,1,0,11,0,com,200,2,102061,984.41,0,0,17,0,unknown,0,html,1,7,0,1,1,0,0,0,0,0,0,0,1,7,0,0,1,2,0,0,0,0,1,1,0,0,0,0,1,4,3,0,1,1,25,12,13,0,0,1,14,1,2,1,1,1,1,0,0,0,0,0,0,0,0,0,1,1,0,0,0,0,0,0,0,0,0,0,1,2,0,0,0.0,0.0,0.0,0,0,0,0,0,0,0,0,0,0,0,0,25,12,1,0,0,0,0,0,0,0.0,3.919224777339042e-05,0.125,0.07838449554678084,0,,multi_full_20260502_195405_0002,2026-05-02T23:16:42.994240,https://sa.trip.com/hotels/list/searchresults/?city=532\u0026hotelid=744294,https://sa.trip.com/?locale=ar-sa,False,https://sa.trip.com/hotels/list/searchresults/?city=532\u0026hotelid=744294,https://sa.trip.com/?locale=ar-sa,https://sa.trip.com/hotels/list/searchresults/?city=532\u0026hotelid=744294,recon_page,2026-05-02T23:16:42.998147
77,1,4,0,0,0,0,1,0,11,0,com,200,2,368080,489.649,0,0,20,0,unknown,1,html,1,9,0,1,1,0,0,0,0,0,0,0,1,5,0,0,1,2,0,0,0,0,1,17,0,0,0,0,1,28,22,0,6,1,37,17,20,1,23,1,2,1,3,1,1,14,0,0,0,0,0,0,0,0,0,0,1,1,0,0,0,0,0,0,0,0,0,0,1,1,0,0,0.0,1.0,0.0,0,0,0,0,0,0,0,0,0,0,0,0,41,12,1,0,0,0,0,0,0,0.0,7.607041947402738e-05,0.125,0.05976961530102152,0,,multi_full_20260502_195405_0002,2026-05-02T23:17:33.005206,https://sa.trip.com/hotels/istanbul-hotel-detail-744414/star-holiday-hotel/\/,https://sa.trip.com/?locale=ar-sa,False,https://sa.trip.com/hotels/istanbul-hotel-detail-744414/star-holiday-hotel/\/,https://sa.trip.com/?locale=ar-sa,https://sa.trip.com/hotels/istanbul-hotel-detail-744414/star-holiday-hotel/\/,recon_page,2026-05-02T23:17:33.009003
78,1,2,1,1,0,0,1,0,11,0,com,200,2,100443,804.15,0,0,17,0,unknown,0,html,1,7,0,1,1,0,0,0,0,0,0,0,1,7,0,0,1,2,0,0,0,0,1,1,0,0,0,0,1,4,3,0,1,1,25,12,13,0,0,1,14,1,2,1,1,1,1,0,0,0,0,0,0,0,0,0,1,1,0,0,0,0,0,0,0,0,0,0,1,2,0,0,0.0,0.0,0.0,0,0,0,0,0,0,0,0,0,0,0,0,25,12,1,0,0,0,0,0,0,0.0,3.982358153380524e-05,0.125,0.0796471630676105,0,,multi_full_20260502_195405_0002,2026-05-02T23:18:23.639471,https://sa.trip.com/hotels/list/?city=532\u0026listFilters=75~TAG_496*75*496*2,https://sa.trip.com/?locale=ar-sa,False,https://sa.trip.com/hotels/list/?city=532\u0026listFilters=75~TAG_496*75*496*2,https://sa.trip.com/?locale=ar-sa,https://sa.trip.com/hotels/list/?city=532\u0026listFilters=75~TAG_496*75*496*2,recon_page,2026-05-02T23:18:23.643257
