url_length,has_https,path_depth,has_query_params,num_query_params,has_fragment,has_port,subdomain_count,is_ip_address,domain_length,domain_has_hyphens,domain_tld,status_code,status_category,response_size,response_time_ms,is_redirect,redirect_chain_len,total_headers,server_header_present,server_header,x_powered_by_present,content_type,has_cookies,num_cookies,has_cors,cache_control,security_headers_count,has_csp,has_hsts,has_xss_protection,has_frame_options,has_content_type_options,has_forms,form_count,has_inputs,input_count,has_password_input,password_count,has_hidden_input,hidden_count,has_file_upload,file_upload_count,has_search_input,search_count,has_buttons,button_count,has_textarea,textarea_count,has_select,select_count,has_scripts,script_count,inline_script_count,internal_script_count,external_script_count,has_links,link_count,internal_link_count,external_link_count,has_images,image_count,has_meta_tags,meta_count,has_stylesheets,stylesheet_count,has_javascript,has_comments,comment_count,has_title,server_apache,server_nginx,server_iis,tech_php,tech_aspnet,tech_jsp,tech_wordpress,tech_drupal,tech_joomla,has_debug_info,has_error_messages,has_sql_errors,has_file_paths,has_waf,waf_cloudflare,waf_aws,waf_imperva,reflection_detected,csp_header_reflection_detected,has_jwt,jwt_count,has_api_keys,api_key_count,cookie_count,session_cookies,secure_cookie_ratio,httponly_cookie_ratio,samesite_cookie_ratio,redirect_count,has_redirect_chain,final_https,get_form_count,post_form_count,has_login_form,login_form_count,csrf_token_input_count,has_csrf_token,same_origin_form_count,external_form_count,unique_input_names,unique_endpoint_count,parameterized_link_count,api_like_endpoint_count,inline_event_handler_count,email_input_count,url_input_count,mailto_link_count,tel_link_count,body_truncated_for_analysis,input_to_form_ratio,script_to_content_ratio,security_score,interactivity_score,is_vulnerable,vulnerability_type,scan_id,timestamp,target_url,original_url,is_redirect_response,final_url,target_root,page_url,dataset_record_type,saved_at
22,1,0,0,0,0,0,1,0,13,0,net,200,2,88004,425.979,0,0,20,1,cloudflare,0,html,0,0,0,1,7,1,1,1,1,1,1,2,1,2,0,0,0,0,0,0,0,0,1,9,0,0,0,0,1,19,7,10,2,1,202,190,12,1,12,1,26,1,10,1,1,7,1,0,0,0,1,0,0,1,0,0,0,0,0,0,1,1,0,0,0,0,0,0,0,0,0,0,0.0,0.0,0.0,0,0,0,1,1,0,0,0,0,2,0,1,129,15,0,0,0,0,0,0,0,1.0,0.00021589927730557702,0.875,0.1477205581564474,0,,multi_full_20260502_195405_0001,2026-05-02T19:54:56.558619,https://www.apnic.net/,https://www.apnic.net/,False,https://www.apnic.net/,https://www.apnic.net/,https://www.apnic.net/,recon_page,2026-05-02T19:54:56.580687
60,1,3,0,0,0,0,1,0,13,0,net,200,2,91747,451.836,0,0,19,1,cloudflare,0,html,0,0,0,1,7,1,1,1,1,1,1,2,1,2,0,0,0,0,0,0,0,0,1,9,0,0,0,0,1,17,7,8,2,1,280,268,12,1,11,1,26,1,10,1,1,14,1,0,0,0,1,0,0,1,0,0,0,0,0,0,1,1,0,0,0,0,0,0,0,0,0,0,0.0,0.0,0.0,0,0,0,1,1,0,0,0,0,2,0,1,205,15,0,0,0,0,0,0,0,1.0,0.00018529216214154142,0.875,0.14169400634353166,0,,multi_full_20260502_195405_0001,2026-05-02T19:55:21.440770,https://www.apnic.net/community/participate/member-feedback/,https://www.apnic.net/,False,https://www.apnic.net/community/participate/member-feedback/,https://www.apnic.net/,https://www.apnic.net/community/participate/member-feedback/,recon_page,2026-05-02T19:55:21.451139
30,1,1,0,0,0,0,1,0,13,0,net,403,4,2515,1088.9750000000001,0,0,18,1,cloudflare,0,html,0,0,0,1,7,1,1,1,1,1,0,0,0,0,0,0,0,0,0,0,0,0,0,0,0,0,0,0,0,0,0,0,0,0,0,0,0,0,0,1,3,0,0,0,0,0,1,0,0,0,0,0,0,1,0,0,0,1,0,0,1,1,0,0,0,0,0,0,0,0,0,0,0.0,0.0,0.0,0,0,0,0,0,0,0,0,0,0,0,0,0,0,0,0,0,0,0,0,0,0.0,0.0,0.875,0.0,0,,multi_full_20260502_195405_0001,2026-05-02T19:55:24.996811,https://www.apnic.net/wp-json/,https://www.apnic.net/,False,https://www.apnic.net/wp-json/,https://www.apnic.net/,https://www.apnic.net/wp-json/,recon_page,2026-05-02T19:55:25.030224
45,1,2,0,0,0,0,1,0,13,0,net,200,2,90563,1091.528,0,0,19,1,cloudflare,0,html,0,0,0,1,7,1,1,1,1,1,1,2,1,2,0,0,0,0,0,0,0,0,1,12,0,0,0,0,1,18,7,8,3,1,200,187,13,1,19,1,26,1,11,1,1,15,1,0,0,0,1,0,0,1,0,0,0,0,0,0,1,1,0,0,0,0,0,0,0,0,0,0,0.0,0.0,0.0,0,0,0,1,1,0,0,0,0,2,0,1,128,15,0,0,0,0,0,0,0,1.0,0.00019875666662985987,0.875,0.17667259255987544,0,,multi_full_20260502_195405_0001,2026-05-02T19:55:25.217655,https://www.apnic.net/about-apnic/employment/,https://www.apnic.net/,False,https://www.apnic.net/about-apnic/employment/,https://www.apnic.net/,https://www.apnic.net/about-apnic/employment/,recon_page,2026-05-02T19:55:25.223476
64,1,3,0,0,0,0,1,0,13,0,net,200,2,90030,1324.281,0,0,19,1,cloudflare,0,html,0,0,0,1,7,1,1,1,1,1,1,2,1,2,0,0,0,0,0,0,0,0,1,9,0,0,0,0,1,17,7,8,2,1,200,186,14,1,3,1,26,1,11,1,1,14,1,0,0,0,1,0,0,1,0,0,0,0,0,0,1,1,0,0,0,0,0,0,0,0,0,0,0.0,0.0,0.0,0,0,0,1,1,0,0,0,0,2,0,1,131,15,0,0,0,0,0,0,0,1.0,0.0001888259469065867,0.875,0.144396312340331,0,,multi_full_20260502_195405_0001,2026-05-02T19:55:25.589537,https://www.apnic.net/community/security/resource-certification/,https://www.apnic.net/,False,https://www.apnic.net/community/security/resource-certification/,https://www.apnic.net/,https://www.apnic.net/community/security/resource-certification/,recon_page,2026-05-02T19:55:25.624916
44,1,2,0,0,0,0,1,0,13,0,net,200,2,78422,1263.5259999999998,0,0,19,1,cloudflare,0,html,0,0,0,1,7,1,1,1,1,1,1,2,1,2,0,0,0,0,0,0,0,0,1,9,0,0,0,0,1,17,7,8,2,1,197,185,12,1,6,1,26,1,10,1,1,14,1,0,0,0,1,0,0,1,0,0,0,0,0,0,1,1,0,0,0,0,0,0,0,0,0,0,0.0,0.0,0.0,0,0,0,1,1,0,0,0,0,2,0,1,129,15,0,0,0,0,0,0,0,1.0,0.00021677590472061412,0.875,0.16576980949223433,0,,multi_full_20260502_195405_0001,2026-05-02T19:55:25.939749,https://www.apnic.net/community/participate/,https://www.apnic.net/,False,https://www.apnic.net/community/participate/,https://www.apnic.net/,https://www.apnic.net/community/participate/,recon_page,2026-05-02T19:55:26.022218
48,1,2,0,0,0,0,1,0,13,0,net,200,2,79759,948.3190000000001,0,0,19,1,cloudflare,0,html,0,0,0,1,7,1,1,1,1,1,1,2,1,2,0,0,0,0,0,0,0,0,1,9,0,0,0,0,1,17,7,8,2,1,193,181,12,1,5,1,26,1,10,1,1,15,1,0,0,0,1,0,0,1,0,0,0,0,0,0,1,1,0,0,0,0,0,0,0,0,0,0,0.0,0.0,0.0,0,0,0,1,1,0,0,0,0,2,0,1,130,16,0,0,0,0,0,0,0,1.0,0.00021314209054777518,0.875,0.1629910104188869,0,,multi_full_20260502_195405_0001,2026-05-02T19:55:26.720091,https://www.apnic.net/manage-ip/ipv4-exhaustion/,https://www.apnic.net/,False,https://www.apnic.net/manage-ip/ipv4-exhaustion/,https://www.apnic.net/,https://www.apnic.net/manage-ip/ipv4-exhaustion/,recon_page,2026-05-02T19:55:26.948207
68,1,4,0,0,0,0,1,0,13,0,net,200,2,74556,1281.7259999999999,0,0,19,1,cloudflare,0,html,0,0,0,1,7,1,1,1,1,1,1,2,1,2,0,0,0,0,0,0,0,0,1,9,0,0,0,0,1,17,7,8,2,1,193,180,13,1,3,1,26,1,10,1,1,15,1,0,0,0,1,0,0,1,0,0,0,1,0,0,1,1,0,0,0,0,0,0,0,0,0,0,0.0,0.0,0.0,0,0,0,1,1,0,0,0,0,2,0,1,124,15,0,0,0,0,0,0,0,1.0,0.00022801652449165727,0.875,0.1743655775524438,0,,multi_full_20260502_195405_0001,2026-05-02T19:55:26.843129,https://www.apnic.net/community/participate/elections/nro-elections/,https://www.apnic.net/,False,https://www.apnic.net/community/participate/elections/nro-elections/,https://www.apnic.net/,https://www.apnic.net/community/participate/elections/nro-elections/,recon_page,2026-05-02T19:55:26.949519
44,1,2,0,0,0,0,1,0,13,0,net,200,2,73756,1306.983,0,0,19,1,cloudflare,0,html,0,0,0,1,7,1,1,1,1,1,1,2,1,2,0,0,0,0,0,0,0,0,1,9,0,0,0,0,1,17,7,8,2,1,187,175,12,1,3,1,26,1,10,1,1,15,1,0,0,0,1,0,0,1,0,0,0,0,0,0,1,1,0,0,0,0,0,0,0,0,0,0,0.0,0.0,0.0,0,0,0,1,1,0,0,0,0,2,0,1,123,15,0,0,0,0,0,0,0,1.0,0.0002304897228700038,0.875,0.17625684690059112,0,,multi_full_20260502_195405_0001,2026-05-02T19:55:26.852890,https://www.apnic.net/manage-ip/using-whois/,https://www.apnic.net/,False,https://www.apnic.net/manage-ip/using-whois/,https://www.apnic.net/,https://www.apnic.net/manage-ip/using-whois/,recon_page,2026-05-02T19:55:26.986935
31,1,1,0,0,0,0,1,0,13,0,net,200,2,74663,1816.529,0,0,19,1,cloudflare,0,html,0,0,0,1,7,1,1,1,1,1,1,2,1,2,0,0,0,0,0,0,0,0,1,9,0,0,0,0,1,17,7,8,2,1,186,174,12,1,7,1,26,1,10,1,1,10,1,0,0,0,1,0,0,1,0,0,0,0,0,0,1,1,0,0,0,0,0,0,0,0,0,0,0.0,0.0,0.0,0,0,0,1,1,0,0,0,0,2,0,1,117,21,0,0,0,0,0,0,0,1.0,0.00022768975262178054,0.875,0.17411569318136158,0,,multi_full_20260502_195405_0001,2026-05-02T19:55:27.045887,https://www.apnic.net/insights/,https://www.apnic.net/,False,https://www.apnic.net/insights/,https://www.apnic.net/,https://www.apnic.net/insights/,recon_page,2026-05-02T19:55:27.154287
32,1,1,0,0,0,0,1,0,13,0,net,200,2,77873,926.591,0,0,19,1,cloudflare,0,html,0,0,0,1,7,1,1,1,1,1,1,2,1,2,0,0,0,0,0,0,0,0,1,9,0,0,0,0,1,17,7,8,2,1,211,194,17,1,10,1,26,1,10,1,1,15,1,0,0,0,1,0,0,1,0,0,0,0,0,0,1,1,0,0,0,0,0,0,0,0,0,0,0.0,0.0,0.0,0,0,0,1,1,0,0,0,0,2,0,1,132,15,0,0,0,0,0,0,0,1.0,0.0002183041619046396,0.875,0.16693847675060675,0,,multi_full_20260502_195405_0001,2026-05-02T19:55:27.326221,https://www.apnic.net/community/,https://www.apnic.net/,False,https://www.apnic.net/community/,https://www.apnic.net/,https://www.apnic.net/community/,recon_page,2026-05-02T19:55:27.350220
34,1,2,0,0,0,0,1,0,13,0,net,200,2,291869,2697.1470000000004,0,0,22,0,unknown,0,html,1,3,0,1,5,1,1,0,0,1,0,0,0,0,0,0,0,0,0,0,0,0,0,0,0,0,0,0,1,20,14,6,0,1,6,6,0,0,0,1,3,1,4,1,1,16,1,0,0,0,0,0,0,1,0,0,1,1,1,0,1,1,0,0,0,0,0,0,0,0,0,0,1.0,0.0,1.0,0,0,0,0,0,0,0,0,0,0,0,0,12,2,0,0,0,0,0,0,0,0.0,6.852389256824124e-05,0.625,0.0,0,,multi_full_20260502_195405_0001,2026-05-02T19:55:28.608630,https://www.apnic.net/get-ip/faqs/,https://www.apnic.net/,False,https://www.apnic.net/get-ip/faqs/,https://www.apnic.net/,https://www.apnic.net/get-ip/faqs/,recon_page,2026-05-02T19:55:28.635718
50,1,2,0,0,0,0,1,0,13,0,net,200,2,222202,1528.042,0,0,19,1,cloudflare,0,html,0,0,0,1,7,1,1,1,1,1,1,2,1,2,0,0,0,0,0,0,0,0,1,9,0,0,0,0,1,18,7,8,3,1,719,707,12,1,3,1,26,1,10,1,1,14,1,0,0,0,1,0,0,1,0,0,0,0,0,0,1,1,0,0,0,0,0,0,0,0,0,0,0.0,0.0,0.0,0,0,0,1,1,0,0,0,0,2,0,1,657,16,0,0,0,0,0,0,0,1.0,8.100737167082204e-05,0.875,0.05850532398448259,0,,multi_full_20260502_195405_0001,2026-05-02T19:55:29.854871,https://www.apnic.net/about-apnic/service-updates/,https://www.apnic.net/,False,https://www.apnic.net/about-apnic/service-updates/,https://www.apnic.net/,https://www.apnic.net/about-apnic/service-updates/,recon_page,2026-05-02T19:55:29.869347
41,1,2,0,0,0,0,1,0,13,0,net,200,2,97809,1604.0449999999998,0,0,19,1,cloudflare,0,html,0,0,0,1,7,1,1,1,1,1,1,2,1,2,0,0,0,0,0,0,0,0,1,9,0,0,0,0,1,18,8,8,2,1,216,197,19,1,3,1,26,1,11,1,1,14,1,0,0,0,1,0,0,1,0,0,0,0,0,0,1,1,0,0,0,0,0,0,0,0,0,0,0.0,0.0,0.0,0,0,0,1,1,0,0,0,0,2,0,1,137,15,0,0,0,0,0,0,0,1.0,0.00018403214428120112,0.875,0.1329121042030897,0,,multi_full_20260502_195405_0001,2026-05-02T19:55:45.888253,https://www.apnic.net/community/security/,https://www.apnic.net/,False,https://www.apnic.net/community/security/,https://www.apnic.net/,https://www.apnic.net/community/security/,recon_page,2026-05-02T19:55:45.903414
53,1,3,0,0,0,0,1,0,13,0,net,200,2,80954,960.076,0,0,19,1,cloudflare,0,html,0,0,0,1,7,1,1,1,1,1,1,2,1,2,0,0,0,0,0,0,0,0,1,9,0,0,0,0,1,17,7,8,2,1,193,181,12,1,3,1,26,1,10,1,1,15,1,0,0,0,1,0,0,1,0,0,0,0,0,0,1,1,0,0,0,0,0,0,0,0,0,0,0.0,0.0,0.0,0,0,0,1,1,0,0,0,0,2,0,1,126,15,0,0,0,0,0,0,0,1.0,0.00020999580008399833,0.875,0.1605850235936458,0,,multi_full_20260502_195405_0001,2026-05-02T19:55:47.646052,https://www.apnic.net/community/support/root-servers/,https://www.apnic.net/,False,https://www.apnic.net/community/support/root-servers/,https://www.apnic.net/,https://www.apnic.net/community/support/root-servers/,recon_page,2026-05-02T19:55:47.655901
55,1,2,0,0,0,0,1,0,13,0,net,200,2,79745,1137.039,0,0,19,1,cloudflare,0,html,0,0,0,1,7,1,1,1,1,1,1,2,1,2,0,0,0,0,0,0,0,0,1,9,0,0,0,0,1,20,10,8,2,1,178,166,12,1,7,1,26,1,10,1,1,14,1,0,0,0,1,0,0,1,0,0,0,0,0,0,1,1,0,0,0,0,0,0,0,0,0,0,0.0,0.0,0.0,0,0,0,1,1,0,0,0,0,2,0,1,115,15,0,0,0,0,0,0,0,1.0,0.00025079942316132673,0.875,0.16301962505486237,0,,multi_full_20260502_195405_0001,2026-05-02T19:56:05.526477,https://www.apnic.net/community/community-demographics/,https://www.apnic.net/,False,https://www.apnic.net/community/community-demographics/,https://www.apnic.net/,https://www.apnic.net/community/community-demographics/,recon_page,2026-05-02T19:56:05.792042
41,1,2,0,0,0,0,1,0,13,0,net,200,2,98280,936.4820000000001,0,0,19,1,cloudflare,0,html,0,0,0,1,7,1,1,1,1,1,1,2,1,2,0,0,0,0,0,0,0,0,1,9,0,0,0,0,1,17,7,8,2,1,237,218,19,1,21,1,26,1,10,1,1,18,1,0,0,0,1,0,0,1,0,0,0,0,0,1,1,1,0,0,0,0,0,0,0,0,0,0,0.0,0.0,0.0,0,0,0,1,1,0,0,0,0,2,0,1,176,15,0,0,0,0,0,0,0,1.0,0.00017297517297517297,0.875,0.13227513227513227,0,,multi_full_20260502_195405_0001,2026-05-02T19:56:20.316037,https://www.apnic.net/events/conferences/,https://www.apnic.net/,False,https://www.apnic.net/events/conferences/,https://www.apnic.net/,https://www.apnic.net/events/conferences/,recon_page,2026-05-02T19:56:20.329495
79,1,4,0,0,0,0,1,0,13,0,net,200,2,75750,1089.174,0,0,19,1,cloudflare,0,html,0,0,0,1,7,1,1,1,1,1,1,2,1,2,0,0,0,0,0,0,0,0,1,9,0,0,0,0,1,17,7,8,2,1,185,170,15,1,9,1,26,1,10,1,1,14,1,0,0,0,1,0,0,1,0,0,0,0,0,0,1,1,0,0,0,0,0,0,0,0,0,0,0.0,0.0,0.0,0,0,0,1,1,0,0,0,0,2,0,1,124,16,0,0,0,0,1,0,0,1.0,0.00022442244224422442,0.875,0.1716171617161716,0,,multi_full_20260502_195405_0001,2026-05-02T19:56:20.294728,https://www.apnic.net/get-ip/apnic-membership/billing-procedure/make-a-payment/,https://www.apnic.net/,False,https://www.apnic.net/get-ip/apnic-membership/billing-procedure/make-a-payment/,https://www.apnic.net/,https://www.apnic.net/get-ip/apnic-membership/billing-procedure/make-a-payment/,recon_page,2026-05-02T19:56:20.317247
61,1,2,0,0,0,0,1,0,13,0,net,200,2,75315,1100.253,0,0,19,1,cloudflare,0,html,0,0,0,1,7,1,1,1,1,1,1,2,1,2,0,0,0,0,0,0,0,0,1,9,0,0,0,0,1,17,7,8,2,1,179,163,16,1,3,1,26,1,10,1,1,13,1,0,0,0,1,0,0,1,0,0,0,1,0,0,1,1,0,0,0,0,0,0,0,0,0,0,0.0,0.0,0.0,0,0,0,1,1,0,0,0,0,2,0,1,119,15,0,0,0,0,0,0,0,1.0,0.00022571864834362344,0.875,0.1726083781451238,0,,multi_full_20260502_195405_0001,2026-05-02T19:56:20.472356,https://www.apnic.net/events/apnic-community-code-of-conduct/,https://www.apnic.net/,False,https://www.apnic.net/events/apnic-community-code-of-conduct/,https://www.apnic.net/,https://www.apnic.net/events/apnic-community-code-of-conduct/,recon_page,2026-05-02T19:56:20.485832
37,1,1,0,0,0,0,1,0,13,0,net,404,4,68157,976.7869999999999,0,0,19,1,cloudflare,0,html,0,0,0,1,7,1,1,1,1,1,1,2,1,2,0,0,0,0,0,0,0,0,1,9,0,0,0,0,1,17,7,8,2,1,164,152,12,1,3,1,26,1,10,1,1,8,1,0,0,0,1,0,0,1,0,0,0,1,0,0,1,1,0,0,0,0,0,0,0,0,0,0,0.0,0.0,0.0,0,0,0,1,1,0,0,0,0,2,0,1,109,13,0,0,0,0,0,0,0,1.0,0.00024942412371436535,0.875,0.19073609460510293,0,,multi_full_20260502_195405_0001,2026-05-02T19:56:20.818433,https://www.apnic.net//auth-callback/,https://www.apnic.net/,False,https://www.apnic.net//auth-callback/,https://www.apnic.net/,https://www.apnic.net//auth-callback/,recon_page,2026-05-02T19:56:20.831372
54,1,2,0,0,0,0,1,0,13,0,net,200,2,74993,899.9399999999999,0,0,19,1,cloudflare,0,html,0,0,0,1,7,1,1,1,1,1,1,2,1,2,0,0,0,0,0,0,0,0,1,9,0,0,0,0,1,17,7,8,2,1,195,183,12,1,8,1,26,1,10,1,1,14,1,0,0,0,1,0,0,1,0,0,0,0,0,0,1,1,0,0,0,0,0,0,0,0,0,0,0.0,0.0,0.0,0,0,0,1,1,0,0,0,0,2,0,1,121,15,0,0,0,0,0,0,0,1.0,0.00022668782419692506,0.875,0.17334951262117798,0,,multi_full_20260502_195405_0001,2026-05-02T19:56:21.248005,https://www.apnic.net/about-apnic/corporate-documents/,https://www.apnic.net/,False,https://www.apnic.net/about-apnic/corporate-documents/,https://www.apnic.net/,https://www.apnic.net/about-apnic/corporate-documents/,recon_page,2026-05-02T19:56:21.261204
68,1,3,0,0,0,0,1,0,13,0,net,200,2,76082,1053.852,0,0,19,1,cloudflare,0,html,0,0,0,1,7,1,1,1,1,1,1,2,1,2,0,0,0,0,0,0,0,0,1,9,0,0,0,0,1,17,7,8,2,1,197,185,12,1,3,1,26,1,10,1,1,14,1,0,0,0,1,0,0,1,0,0,0,0,0,0,1,1,0,0,0,0,0,0,0,0,0,0,0.0,0.0,0.0,0,0,0,1,1,0,0,0,0,2,0,1,137,15,0,0,0,0,0,0,0,1.0,0.00022344312715228307,0.875,0.17086827370468707,0,,multi_full_20260502_195405_0001,2026-05-02T19:56:21.766319,https://www.apnic.net/manage-ip/manage-resources/transfer-resources/,https://www.apnic.net/,False,https://www.apnic.net/manage-ip/manage-resources/transfer-resources/,https://www.apnic.net/,https://www.apnic.net/manage-ip/manage-resources/transfer-resources/,recon_page,2026-05-02T19:56:21.779561
47,1,3,0,0,0,0,1,0,13,0,net,200,2,83664,1168.062,0,0,19,1,cloudflare,0,html,0,0,0,1,7,1,1,1,1,1,1,2,1,2,0,0,0,0,0,0,0,0,1,9,0,0,0,0,1,17,7,8,2,1,224,208,16,1,3,1,26,1,10,1,1,14,1,0,0,0,1,0,0,1,0,0,0,0,0,0,1,1,0,0,0,0,0,0,0,0,0,0,0.0,0.0,0.0,0,0,0,1,1,0,0,0,0,2,0,1,151,15,0,0,0,0,0,0,0,1.0,0.00020319372729011282,0.875,0.15538343851596864,0,,multi_full_20260502_195405_0001,2026-05-02T19:56:21.892916,https://www.apnic.net/community/policy/current/,https://www.apnic.net/,False,https://www.apnic.net/community/policy/current/,https://www.apnic.net/,https://www.apnic.net/community/policy/current/,recon_page,2026-05-02T19:56:21.920543
69,1,3,0,0,0,0,1,0,13,0,net,200,2,102384,1053.157,0,0,19,1,cloudflare,0,html,0,0,0,1,7,1,1,1,1,1,1,2,1,2,0,0,0,0,0,0,0,0,1,9,0,0,0,0,1,17,7,8,2,1,335,318,17,1,3,1,26,1,10,1,1,14,1,0,0,0,1,0,0,1,0,0,0,0,0,0,1,1,0,0,0,0,0,0,0,0,0,0,0.0,0.0,0.0,0,0,0,1,1,0,0,0,0,2,0,1,271,17,0,0,0,0,0,0,0,1.0,0.00016604156899515548,0.875,0.12697296452570714,0,,multi_full_20260502_195405_0001,2026-05-02T19:56:21.874978,https://www.apnic.net/about-apnic/corporate-documents/annual-reports/,https://www.apnic.net/,False,https://www.apnic.net/about-apnic/corporate-documents/annual-reports/,https://www.apnic.net/,https://www.apnic.net/about-apnic/corporate-documents/annual-reports/,recon_page,2026-05-02T19:56:21.929706
83,1,4,1,1,0,0,1,0,13,0,net,403,4,2515,904.692,0,0,18,1,cloudflare,0,html,0,0,0,1,7,1,1,1,1,1,0,0,0,0,0,0,0,0,0,0,0,0,0,0,0,0,0,0,0,0,0,0,0,0,0,0,0,0,0,1,3,0,0,0,0,0,1,0,0,0,0,0,0,1,0,0,0,1,0,0,1,1,0,0,0,0,0,0,0,0,0,0,0.0,0.0,0.0,0,0,0,0,0,0,0,0,0,0,0,0,0,0,0,0,0,0,0,0,0,0.0,0.0,0.875,0.0,0,,multi_full_20260502_195405_0001,2026-05-02T19:56:21.952728,https://www.apnic.net/wp-json/oembed/1.0/embed/?url=https%3A%2F%2Fwww.apnic.net%2F&,https://www.apnic.net/,False,https://www.apnic.net/wp-json/oembed/1.0/embed/?url=https%3A%2F%2Fwww.apnic.net%2F&,https://www.apnic.net/,https://www.apnic.net/wp-json/oembed/1.0/embed/?url=https%3A%2F%2Fwww.apnic.net%2F&,recon_page,2026-05-02T19:56:21.965072
50,1,2,0,0,0,0,1,0,13,0,net,200,2,97212,202.35500000000002,0,0,19,1,cloudflare,0,html,0,0,0,1,7,1,1,1,1,1,1,2,1,2,0,0,0,0,0,0,0,0,1,9,0,0,0,0,1,17,7,8,2,1,207,192,15,1,3,1,26,1,10,1,1,14,1,0,0,0,1,0,0,1,0,0,0,0,0,0,1,1,0,0,0,0,0,0,0,0,0,0,0.0,0.0,0.0,0,0,0,1,1,0,0,0,0,2,0,1,138,15,0,0,0,0,0,0,0,1.0,0.00017487552976998725,0.875,0.13372834629469613,0,,multi_full_20260502_195405_0001,2026-05-02T19:56:28.974408,https://www.apnic.net/get-ip/get-ip-addresses-asn/,https://www.apnic.net/,False,https://www.apnic.net/get-ip/get-ip-addresses-asn/,https://www.apnic.net/,https://www.apnic.net/get-ip/get-ip-addresses-asn/,recon_page,2026-05-02T19:56:28.980293
39,1,2,0,0,0,0,1,0,13,0,net,200,2,79342,1037.866,0,0,19,1,cloudflare,0,html,0,0,0,1,7,1,1,1,1,1,1,2,1,2,0,0,0,0,0,0,0,0,1,9,0,0,0,0,1,17,7,8,2,1,221,208,13,1,8,1,26,1,10,1,1,15,1,0,0,0,1,0,0,1,0,0,0,0,0,0,1,1,0,0,0,0,0,0,0,0,0,0,0.0,0.0,0.0,0,0,0,1,1,0,0,0,0,2,0,1,141,16,0,0,0,0,0,0,0,1.0,0.0002142623074790149,0.875,0.16384764689571726,0,,multi_full_20260502_195405_0001,2026-05-02T19:56:29.393790,https://www.apnic.net/community/policy/,https://www.apnic.net/,False,https://www.apnic.net/community/policy/,https://www.apnic.net/,https://www.apnic.net/community/policy/,recon_page,2026-05-02T19:56:29.398438
61,1,3,0,0,0,0,1,0,13,0,net,403,4,5626,629.937,0,0,20,1,cloudflare,0,html,0,0,0,0,5,1,0,0,1,1,0,0,0,0,0,0,0,0,0,0,0,0,0,0,0,0,0,0,1,1,1,0,0,0,0,0,0,0,0,1,6,0,0,1,0,0,1,0,0,0,0,0,0,0,0,0,0,1,0,0,1,1,0,0,0,0,0,0,0,0,0,0,0.0,0.0,0.0,0,0,0,0,0,0,0,0,0,0,0,0,0,0,0,0,0,0,0,0,0,0.0,0.00017774617845716317,0.625,0.0,0,,multi_full_20260502_195405_0001,2026-05-02T19:56:42.512145,https://www.apnic.net/community/support/technical-assistance/,https://www.apnic.net/,False,https://www.apnic.net/community/support/technical-assistance/,https://www.apnic.net/,https://www.apnic.net/community/support/technical-assistance/,recon_page,2026-05-02T19:56:42.524970
45,1,3,0,0,0,0,1,0,13,0,net,200,2,99372,633.633,0,0,21,1,cloudflare,0,html,0,0,0,1,6,1,1,1,1,1,1,3,1,15,0,0,1,7,0,0,1,2,1,17,1,1,1,2,1,22,11,0,11,1,95,6,89,1,10,1,15,1,4,1,1,15,1,0,0,0,1,0,0,1,0,0,0,0,0,0,1,1,0,0,0,0,0,0,0,0,0,0,0.0,0.0,0.0,0,0,0,2,1,1,1,0,0,1,2,11,71,7,0,0,1,0,0,0,0,5.0,0.00022139033128044117,0.75,0.3522118906734291,0,,multi_full_20260502_195405_0001,2026-05-02T19:56:45.323275,https://www.apnic.net/community/support/isif/,https://www.apnic.net/,False,https://www.apnic.net/community/support/isif/,https://www.apnic.net/,https://www.apnic.net/community/support/isif/,recon_page,2026-05-02T19:56:45.345057
38,1,2,0,0,0,0,1,0,13,0,net,200,2,69464,998.9,0,0,19,1,cloudflare,0,html,0,0,0,1,7,1,1,1,1,1,1,2,1,2,0,0,0,0,0,0,0,0,1,9,0,0,0,0,1,17,7,8,2,1,169,157,12,1,3,1,26,1,10,1,1,10,1,0,0,0,1,0,0,1,0,0,0,0,0,0,1,1,0,0,0,0,0,0,0,0,0,0,0.0,0.0,0.0,0,0,0,1,1,0,0,0,0,2,0,1,112,15,0,0,0,0,0,0,0,1.0,0.00024473108372682255,0.875,0.18714729932051136,0,,multi_full_20260502_195405_0001,2026-05-02T19:56:51.655170,https://www.apnic.net/events/calendar/,https://www.apnic.net/,False,https://www.apnic.net/events/calendar/,https://www.apnic.net/,https://www.apnic.net/events/calendar/,recon_page,2026-05-02T19:56:51.661348
32,1,1,0,0,0,0,1,0,13,0,net,200,2,71109,1021.2810000000001,0,0,19,1,cloudflare,0,html,0,0,0,1,7,1,1,1,1,1,1,2,1,2,0,0,0,0,0,0,0,0,1,9,0,0,0,0,1,17,7,8,2,1,188,175,13,1,3,1,26,1,10,1,1,14,1,0,0,0,1,0,0,1,0,0,0,0,0,0,1,1,0,0,0,0,0,0,0,0,0,0,0.0,0.0,0.0,0,0,0,1,1,0,0,0,0,2,0,1,126,15,0,0,0,0,0,0,0,1.0,0.00023906959737867218,0.875,0.18281792740721992,0,,multi_full_20260502_195405_0001,2026-05-02T19:56:51.901315,https://www.apnic.net/manage-ip/,https://www.apnic.net/,False,https://www.apnic.net/manage-ip/,https://www.apnic.net/,https://www.apnic.net/manage-ip/,recon_page,2026-05-02T19:56:51.916270
40,1,1,0,0,0,0,1,0,13,0,net,200,2,606,913.211,0,0,19,1,cloudflare,0,html,0,0,0,1,7,1,1,1,1,1,0,0,0,0,0,0,0,0,0,0,0,0,0,0,0,0,0,0,1,1,0,1,0,0,0,0,0,0,0,1,5,0,0,1,0,0,0,0,0,0,0,0,0,1,0,0,0,0,0,0,1,1,0,0,0,0,0,0,0,0,0,0,0.0,0.0,0.0,0,0,0,0,0,0,0,0,0,0,0,0,1,0,0,0,0,0,0,0,0,0.0,0.0016501650165016502,0.875,0.0,0,,multi_full_20260502_195405_0001,2026-05-02T19:56:52.061633,https://www.apnic.net/silent-renew-oidc/,https://www.apnic.net/,False,https://www.apnic.net/silent-renew-oidc/,https://www.apnic.net/,https://www.apnic.net/silent-renew-oidc/,recon_page,2026-05-02T19:56:52.092719
29,1,1,0,0,0,0,1,0,13,0,net,200,2,90939,969.42,0,0,19,1,cloudflare,0,html,0,0,0,1,7,1,1,1,1,1,1,2,1,2,0,0,0,0,0,0,0,0,1,9,0,0,0,0,1,17,7,8,2,1,201,187,14,1,3,1,26,1,10,1,1,14,1,0,0,0,1,0,0,1,0,0,0,0,0,0,1,1,0,0,0,0,0,0,0,0,0,0,0.0,0.0,0.0,0,0,0,1,1,0,0,0,0,2,0,1,136,15,0,0,0,0,0,0,0,1.0,0.0001869384972344099,0.875,0.14295296847337227,0,,multi_full_20260502_195405_0001,2026-05-02T19:56:52.486085,https://www.apnic.net/get-ip/,https://www.apnic.net/,False,https://www.apnic.net/get-ip/,https://www.apnic.net/,https://www.apnic.net/get-ip/,recon_page,2026-05-02T19:56:52.514081
46,1,2,0,0,0,0,1,0,13,0,net,200,2,73036,1010.4329999999999,0,0,19,1,cloudflare,0,html,0,0,0,1,7,1,1,1,1,1,1,2,1,2,0,0,0,0,0,0,0,0,1,9,0,0,0,0,1,17,7,8,2,1,180,168,12,1,4,1,26,1,10,1,1,15,1,0,0,0,1,0,0,1,0,0,0,0,0,0,1,1,0,0,0,0,0,0,0,0,0,0,0.0,0.0,0.0,0,0,0,1,1,0,0,0,0,2,0,1,121,15,0,0,0,0,0,0,0,1.0,0.00023276192562571882,0.875,0.17799441371378497,0,,multi_full_20260502_195405_0001,2026-05-02T19:56:52.543989,https://www.apnic.net/get-ip/apnic-membership/,https://www.apnic.net/,False,https://www.apnic.net/get-ip/apnic-membership/,https://www.apnic.net/,https://www.apnic.net/get-ip/apnic-membership/,recon_page,2026-05-02T19:56:52.553146
61,1,3,0,0,0,0,1,0,13,0,net,200,2,291869,1150.8449999999998,0,0,22,0,unknown,0,html,1,1,0,1,5,1,1,0,0,1,0,0,0,0,0,0,0,0,0,0,0,0,0,0,0,0,0,0,1,20,14,6,0,1,6,6,0,0,0,1,3,1,4,1,1,16,1,0,0,0,0,0,0,1,0,0,1,1,1,0,1,1,0,0,0,0,0,0,0,0,0,0,1.0,0.0,1.0,0,0,0,0,0,0,0,0,0,0,0,0,12,2,0,0,0,0,0,0,0,0.0,6.852389256824124e-05,0.625,0.0,0,,multi_full_20260502_195405_0001,2026-05-02T19:56:53.138981,https://www.apnic.net/about-apnic/organization/contact-apnic/,https://www.apnic.net/,False,https://www.apnic.net/about-apnic/organization/contact-apnic/,https://www.apnic.net/,https://www.apnic.net/about-apnic/organization/contact-apnic/,recon_page,2026-05-02T19:56:53.148647
43,1,2,0,0,0,0,1,0,13,0,net,200,2,77916,1056.324,0,0,19,1,cloudflare,0,html,0,0,0,1,7,1,1,1,1,1,1,2,1,2,0,0,0,0,0,0,0,0,1,9,0,0,0,0,1,17,7,8,2,1,190,177,13,1,5,1,26,1,10,1,1,14,1,0,0,0,1,0,0,1,0,0,0,0,0,0,1,1,0,0,0,0,0,0,0,0,0,0,0.0,0.0,0.0,0,0,0,1,1,0,0,0,0,2,0,1,126,15,0,0,0,0,1,0,0,1.0,0.00021818368499409622,0.875,0.16684634734842652,0,,multi_full_20260502_195405_0001,2026-05-02T19:56:53.822072,https://www.apnic.net/community/fellowship/,https://www.apnic.net/,False,https://www.apnic.net/community/fellowship/,https://www.apnic.net/,https://www.apnic.net/community/fellowship/,recon_page,2026-05-02T19:56:53.845759
49,1,2,0,0,0,0,1,0,13,0,net,200,2,109983,1607.6509999999998,0,0,19,1,cloudflare,0,html,0,0,0,1,7,1,1,1,1,1,1,2,1,2,0,0,0,0,0,0,0,0,1,9,0,0,0,0,1,60,45,12,3,1,180,168,12,1,3,1,26,1,12,1,1,16,1,0,0,0,1,0,0,1,0,0,1,1,0,0,1,1,0,0,0,0,0,0,0,0,0,0,0.0,0.0,0.0,0,0,0,1,1,0,0,0,0,2,0,1,122,17,0,0,0,0,0,0,0,1.0,0.000545538856005019,0.875,0.11820008546775411,0,,multi_full_20260502_195405_0001,2026-05-02T19:56:54.564992,https://www.apnic.net/community/send-us-feedback/,https://www.apnic.net/,False,https://www.apnic.net/community/send-us-feedback/,https://www.apnic.net/,https://www.apnic.net/community/send-us-feedback/,recon_page,2026-05-02T19:56:54.570078
29,1,1,0,0,0,0,1,0,13,0,net,200,2,69464,1524.5010000000002,0,0,19,1,cloudflare,0,html,0,0,0,1,7,1,1,1,1,1,1,2,1,2,0,0,0,0,0,0,0,0,1,9,0,0,0,0,1,17,7,8,2,1,169,157,12,1,3,1,26,1,10,1,1,10,1,0,0,0,1,0,0,1,0,0,0,0,0,0,1,1,0,0,0,0,0,0,0,0,0,0,0.0,0.0,0.0,0,0,0,1,1,0,0,0,0,2,0,1,112,15,0,0,0,0,0,0,0,1.0,0.00024473108372682255,0.875,0.18714729932051136,0,,multi_full_20260502_195405_0001,2026-05-02T19:56:57.215734,https://www.apnic.net/events/,https://www.apnic.net/,False,https://www.apnic.net/events/,https://www.apnic.net/,https://www.apnic.net/events/,recon_page,2026-05-02T19:56:57.223916
34,1,1,0,0,0,0,1,0,13,0,net,200,2,77825,171.481,0,0,20,1,cloudflare,0,html,0,0,0,1,7,1,1,1,1,1,1,2,1,2,0,0,0,0,0,0,0,0,1,9,0,0,0,0,1,17,7,8,2,1,209,196,13,1,13,1,26,1,10,1,1,14,1,0,0,0,1,0,0,1,0,0,0,0,0,0,1,1,0,0,0,0,0,0,0,0,0,0,0.0,0.0,0.0,0,0,0,1,1,0,0,0,0,2,0,1,121,15,0,0,0,0,0,0,0,1.0,0.00021843880501124318,0.875,0.16704143912624478,0,,multi_full_20260502_195405_0001,2026-05-02T19:56:59.753848,https://www.apnic.net/about-apnic/,https://www.apnic.net/,False,https://www.apnic.net/about-apnic/,https://www.apnic.net/,https://www.apnic.net/about-apnic/,recon_page,2026-05-02T19:56:59.764388
46,1,5,0,0,0,0,1,0,13,0,net,403,4,2515,874.711,0,0,18,1,cloudflare,0,html,0,0,0,1,7,1,1,1,1,1,0,0,0,0,0,0,0,0,0,0,0,0,0,0,0,0,0,0,0,0,0,0,0,0,0,0,0,0,0,1,3,0,0,0,0,0,1,0,0,0,0,0,0,1,0,0,0,1,0,0,1,1,0,0,0,0,0,0,0,0,0,0,0.0,0.0,0.0,0,0,0,0,0,0,0,0,0,0,0,0,0,0,0,0,0,0,0,0,0,0.0,0.0,0.875,0.0,0,,multi_full_20260502_195405_0001,2026-05-02T19:57:00.149588,https://www.apnic.net/wp-json/wp/v2/pages/176/,https://www.apnic.net/,False,https://www.apnic.net/wp-json/wp/v2/pages/176/,https://www.apnic.net/,https://www.apnic.net/wp-json/wp/v2/pages/176/,recon_page,2026-05-02T19:57:00.158895
47,1,2,0,0,0,0,1,0,13,0,net,200,2,96959,937.826,0,0,19,1,cloudflare,0,html,0,0,0,1,7,1,1,1,1,1,1,2,1,2,0,0,0,0,0,0,0,0,1,9,0,0,0,0,1,17,7,8,2,1,241,229,12,1,3,1,26,1,10,1,1,14,1,0,0,0,1,0,0,1,0,0,0,1,0,0,1,1,0,0,0,0,0,0,0,0,0,0,0.0,0.0,0.0,0,0,0,1,1,0,0,0,0,2,0,1,158,15,0,0,0,0,0,0,0,1.0,0.0001753318412937427,0.875,0.13407729040109737,0,,multi_full_20260502_195405_0001,2026-05-02T19:57:07.923487,https://www.apnic.net/about-apnic/transparency/,https://www.apnic.net/,False,https://www.apnic.net/about-apnic/transparency/,https://www.apnic.net/,https://www.apnic.net/about-apnic/transparency/,recon_page,2026-05-02T19:57:07.952390
47,1,2,0,0,0,0,1,0,13,0,net,200,2,78227,975.432,0,0,19,1,cloudflare,0,html,0,0,0,1,7,1,1,1,1,1,1,2,1,2,0,0,0,0,0,0,0,0,1,9,0,0,0,0,1,17,7,8,2,1,205,193,12,1,3,1,26,1,10,1,1,14,1,0,0,0,1,0,0,1,0,0,0,0,0,0,1,1,0,0,0,0,0,0,0,0,0,0,0.0,0.0,0.0,0,0,0,1,1,0,0,0,0,2,0,1,130,15,0,0,0,0,0,0,0,1.0,0.00021731627187543943,0.875,0.16618303143415955,0,,multi_full_20260502_195405_0001,2026-05-02T19:57:07.969685,https://www.apnic.net/about-apnic/organization/,https://www.apnic.net/,False,https://www.apnic.net/about-apnic/organization/,https://www.apnic.net/,https://www.apnic.net/about-apnic/organization/,recon_page,2026-05-02T19:57:07.978535
82,1,4,1,1,0,0,1,0,13,0,net,403,4,2515,943.735,0,0,18,1,cloudflare,0,html,0,0,0,1,7,1,1,1,1,1,0,0,0,0,0,0,0,0,0,0,0,0,0,0,0,0,0,0,0,0,0,0,0,0,0,0,0,0,0,1,3,0,0,0,0,0,1,0,0,0,0,0,0,1,0,0,0,1,0,0,1,1,0,0,0,0,0,0,0,0,0,0,0.0,0.0,0.0,0,0,0,0,0,0,0,0,0,0,0,0,0,0,0,0,0,0,0,0,0,0.0,0.0,0.875,0.0,0,,multi_full_20260502_195405_0001,2026-05-02T19:57:13.681714,https://www.apnic.net/wp-json/oembed/1.0/embed/?url=https%3A%2F%2Fwww.apnic.net%2F,https://www.apnic.net/,False,https://www.apnic.net/wp-json/oembed/1.0/embed/?url=https%3A%2F%2Fwww.apnic.net%2F,https://www.apnic.net/,https://www.apnic.net/wp-json/oembed/1.0/embed/?url=https%3A%2F%2Fwww.apnic.net%2F,recon_page,2026-05-02T19:57:13.693938
64,1,3,0,0,0,0,1,0,13,0,net,200,2,76007,1018.794,0,0,19,1,cloudflare,0,html,0,0,0,1,7,1,1,1,1,1,1,2,1,2,0,0,0,0,0,0,0,0,1,9,0,0,0,0,1,17,7,8,2,1,189,170,19,1,3,1,26,1,10,1,1,14,1,0,0,0,1,0,0,1,0,0,1,0,0,0,1,1,0,0,0,0,0,0,0,0,0,0,0.0,0.0,0.0,0,0,0,1,1,0,0,0,0,2,0,1,128,15,0,0,0,0,0,0,0,1.0,0.00022366360993066427,0.875,0.17103687818227267,0,,multi_full_20260502_195405_0001,2026-05-02T19:57:22.937416,https://www.apnic.net/manage-ip/apnic-services/routing-registry/,https://www.apnic.net/,False,https://www.apnic.net/manage-ip/apnic-services/routing-registry/,https://www.apnic.net/,https://www.apnic.net/manage-ip/apnic-services/routing-registry/,recon_page,2026-05-02T19:57:22.949538
39,1,2,0,0,0,0,1,0,13,0,net,200,2,112458,1612.9379999999999,0,0,19,1,cloudflare,0,html,0,0,0,1,7,1,1,1,1,1,1,2,1,2,0,0,0,0,0,0,0,0,1,9,0,0,0,0,1,17,7,8,2,1,182,170,12,1,111,1,26,1,10,1,1,13,1,0,0,0,1,0,0,1,0,0,0,0,0,0,1,1,0,0,0,0,0,0,0,0,0,0,0.0,0.0,0.0,0,0,0,1,1,0,0,0,0,2,0,1,118,15,0,0,0,0,0,0,0,1.0,0.0001511675469953227,0.875,0.11559871240818795,0,,multi_full_20260502_195405_0001,2026-05-02T19:57:24.089973,https://www.apnic.net/about-apnic/team/,https://www.apnic.net/,False,https://www.apnic.net/about-apnic/team/,https://www.apnic.net/,https://www.apnic.net/about-apnic/team/,recon_page,2026-05-02T19:57:24.102689
37,1,2,0,0,0,0,1,0,13,0,net,200,2,109399,1115.614,0,0,19,1,cloudflare,0,html,0,0,0,1,7,1,1,1,1,1,1,2,1,2,0,0,0,0,0,0,0,0,1,9,0,0,0,0,1,18,8,8,2,1,190,177,13,1,3,1,26,1,11,1,1,15,1,0,0,0,1,0,0,1,0,0,0,0,0,0,1,1,0,0,0,0,0,0,0,0,0,0,0.0,0.0,0.0,0,0,0,1,1,0,0,0,0,2,0,1,122,15,0,0,0,0,0,0,0,1.0,0.00016453532482015376,0.875,0.1188310679256666,0,,multi_full_20260502_195405_0001,2026-05-02T19:57:24.600974,https://www.apnic.net/community/ipv6/,https://www.apnic.net/,False,https://www.apnic.net/community/ipv6/,https://www.apnic.net/,https://www.apnic.net/community/ipv6/,recon_page,2026-05-02T19:57:24.612361
46,1,2,0,0,0,0,1,0,13,0,net,200,2,72401,942.579,0,0,19,1,cloudflare,0,html,0,0,0,1,7,1,1,1,1,1,1,2,1,2,0,0,0,0,0,0,0,0,1,9,0,0,0,0,1,17,7,8,2,1,173,161,12,1,4,1,26,1,10,1,1,13,1,0,0,0,1,0,0,1,0,0,0,0,0,0,1,1,0,0,0,0,0,0,0,0,0,0,0.0,0.0,0.0,0,0,0,1,1,0,0,0,0,2,0,1,113,15,0,0,0,0,1,0,0,1.0,0.00023480338669355395,0.875,0.17955553100095303,0,,multi_full_20260502_195405_0001,2026-05-02T19:57:24.567015,https://www.apnic.net/events/sponsor-an-event/,https://www.apnic.net/,False,https://www.apnic.net/events/sponsor-an-event/,https://www.apnic.net/,https://www.apnic.net/events/sponsor-an-event/,recon_page,2026-05-02T19:57:24.601899
55,1,2,0,0,0,0,1,0,13,0,net,200,2,76624,916.31,0,0,19,1,cloudflare,0,html,0,0,0,1,7,1,1,1,1,1,1,2,1,2,0,0,0,0,0,0,0,0,1,9,0,0,0,0,1,17,7,8,2,1,201,189,12,1,10,1,26,1,10,1,1,15,1,0,0,0,1,0,0,1,0,0,0,0,0,0,1,1,0,0,0,0,0,0,0,0,0,0,0.0,0.0,0.0,0,0,0,1,1,0,0,0,0,2,0,1,127,15,0,0,0,0,0,0,0,1.0,0.000221862601795782,0.875,0.16965963666736272,0,,multi_full_20260502_195405_0001,2026-05-02T19:57:24.966010,https://www.apnic.net/about-apnic/publications-archive/,https://www.apnic.net/,False,https://www.apnic.net/about-apnic/publications-archive/,https://www.apnic.net/,https://www.apnic.net/about-apnic/publications-archive/,recon_page,2026-05-02T19:57:24.974239
93,1,4,1,2,0,0,1,0,13,0,net,403,4,2515,846.212,0,0,18,1,cloudflare,0,html,0,0,0,1,7,1,1,1,1,1,0,0,0,0,0,0,0,0,0,0,0,0,0,0,0,0,0,0,0,0,0,0,0,0,0,0,0,0,0,1,3,0,0,0,0,0,1,0,0,0,0,0,0,1,0,0,0,1,0,0,1,1,0,0,0,0,0,0,0,0,0,0,0.0,0.0,0.0,0,0,0,0,0,0,0,0,0,0,0,0,0,0,0,0,0,0,0,0,0,0.0,0.0,0.875,0.0,0,,multi_full_20260502_195405_0001,2026-05-02T19:57:34.947999,https://www.apnic.net/wp-json/oembed/1.0/embed/?url=https%3A%2F%2Fwww.apnic.net%2F&format=xml,https://www.apnic.net/,False,https://www.apnic.net/wp-json/oembed/1.0/embed/?url=https%3A%2F%2Fwww.apnic.net%2F&format=xml,https://www.apnic.net/,https://www.apnic.net/wp-json/oembed/1.0/embed/?url=https%3A%2F%2Fwww.apnic.net%2F&format=xml,recon_page,2026-05-02T19:57:34.963920
42,1,2,0,0,0,0,1,0,13,0,net,200,2,75207,1070.834,0,0,19,1,cloudflare,0,html,0,0,0,1,7,1,1,1,1,1,1,2,1,2,0,0,0,0,0,0,0,0,1,9,0,0,0,0,1,17,7,8,2,1,191,179,12,1,4,1,26,1,10,1,1,14,1,0,0,0,1,0,0,1,0,0,0,0,0,0,1,1,0,0,0,0,0,0,0,0,0,0,0.0,0.0,0.0,0,0,0,1,1,0,0,0,0,2,0,1,123,15,0,0,0,0,0,0,0,1.0,0.00022604278857021287,0.875,0.17285625008310398,0,,multi_full_20260502_195405_0001,2026-05-02T19:57:35.280600,https://www.apnic.net/community/ecosystem/,https://www.apnic.net/,False,https://www.apnic.net/community/ecosystem/,https://www.apnic.net/,https://www.apnic.net/community/ecosystem/,recon_page,2026-05-02T19:57:35.294254
60,1,3,0,0,0,0,1,0,13,0,net,200,2,75410,1040.7169999999999,0,0,19,1,cloudflare,0,html,0,0,0,1,7,1,1,1,1,1,1,2,1,2,0,0,0,0,0,0,0,0,1,9,0,0,0,0,1,17,7,8,2,1,193,181,12,1,4,1,26,1,10,1,1,16,1,0,0,0,1,0,0,1,0,0,0,0,0,0,1,1,0,0,0,0,0,0,0,0,0,0,0.0,0.0,0.0,0,0,0,1,1,0,0,0,0,2,0,1,125,15,0,0,0,0,0,0,0,1.0,0.00022543429253414667,0.875,0.17239092958493568,0,,multi_full_20260502_195405_0001,2026-05-02T19:57:35.516873,https://www.apnic.net/about-apnic/organization/apnic-region/,https://www.apnic.net/,False,https://www.apnic.net/about-apnic/organization/apnic-region/,https://www.apnic.net/,https://www.apnic.net/about-apnic/organization/apnic-region/,recon_page,2026-05-02T19:57:35.526001
40,1,2,0,0,0,0,1,0,13,0,net,200,2,75673,904.1909999999999,0,0,19,1,cloudflare,0,html,0,0,0,1,7,1,1,1,1,1,1,2,1,2,0,0,0,0,0,0,0,0,1,9,0,0,0,0,1,17,7,8,2,1,197,183,14,1,5,1,26,1,10,1,1,14,1,0,0,0,1,0,0,1,0,0,0,0,0,0,1,1,0,0,0,0,0,0,0,0,0,0,0.0,0.0,0.0,0,0,0,1,1,0,0,0,0,2,0,1,137,15,0,0,0,0,0,0,0,1.0,0.00022465080015329113,0.875,0.17179178835251674,0,,multi_full_20260502_195405_0001,2026-05-02T19:57:36.060363,https://www.apnic.net/manage-ip/myapnic/,https://www.apnic.net/,False,https://www.apnic.net/manage-ip/myapnic/,https://www.apnic.net/,https://www.apnic.net/manage-ip/myapnic/,recon_page,2026-05-02T19:57:36.083461
47,1,2,0,0,0,0,1,0,13,0,net,200,2,142793,1009.7689999999999,0,0,19,1,cloudflare,0,html,0,0,0,1,7,1,1,1,1,1,1,2,1,2,0,0,0,0,0,0,0,0,1,9,0,0,0,0,1,17,7,8,2,1,335,193,142,1,3,1,26,1,10,1,1,13,1,0,0,0,1,1,1,1,0,0,0,1,0,0,1,1,0,0,0,0,0,0,0,0,0,0,0.0,0.0,0.0,0,0,0,1,1,0,0,0,0,2,0,1,264,16,0,0,0,0,0,0,0,1.0,0.00011905345500129558,0.875,0.09104087735393192,0,,multi_full_20260502_195405_0001,2026-05-02T19:57:36.189109,https://www.apnic.net/about-apnic/a-z-glossary/,https://www.apnic.net/,False,https://www.apnic.net/about-apnic/a-z-glossary/,https://www.apnic.net/,https://www.apnic.net/about-apnic/a-z-glossary/,recon_page,2026-05-02T19:57:36.201839
82,1,5,0,0,0,0,1,0,13,0,net,200,2,92704,1158.584,0,0,19,1,cloudflare,0,html,0,0,0,1,7,1,1,1,1,1,1,2,1,2,0,0,0,0,0,0,0,0,1,9,0,0,0,0,1,17,7,8,2,1,202,189,13,1,3,1,26,1,10,1,1,15,1,0,0,0,1,0,0,1,0,0,0,0,0,0,1,1,0,0,0,0,0,0,0,0,0,0,0.0,0.0,0.0,0,0,0,1,1,0,0,0,0,2,0,1,136,15,0,0,0,0,1,0,0,1.0,0.00018337935795650673,0.875,0.14023127373144634,0,,multi_full_20260502_195405_0001,2026-05-02T19:57:43.304271,https://www.apnic.net/about-apnic/corporate-documents/documents/corporate/privacy/,https://www.apnic.net/,False,https://www.apnic.net/about-apnic/corporate-documents/documents/corporate/privacy/,https://www.apnic.net/,https://www.apnic.net/about-apnic/corporate-documents/documents/corporate/privacy/,recon_page,2026-05-02T19:57:43.316744
81,1,4,0,0,0,0,1,0,13,0,net,200,2,80752,1112.564,0,0,19,1,cloudflare,0,html,0,0,0,1,7,1,1,1,1,1,1,2,1,2,0,0,0,0,0,0,0,0,1,9,0,0,0,0,1,17,7,8,2,1,213,201,12,1,4,1,26,1,10,1,1,15,1,0,0,0,1,0,0,1,0,0,0,0,0,0,1,1,0,0,0,0,0,0,0,0,0,0,0.0,0.0,0.0,0,0,0,1,1,0,0,0,0,2,0,1,140,15,0,0,0,0,0,0,0,1.0,0.0002105211016445413,0.875,0.16098672478700218,0,,multi_full_20260502_195405_0001,2026-05-02T19:57:43.857151,https://www.apnic.net/about-apnic/organization/structure/apnic-executive-council/,https://www.apnic.net/,False,https://www.apnic.net/about-apnic/organization/structure/apnic-executive-council/,https://www.apnic.net/,https://www.apnic.net/about-apnic/organization/structure/apnic-executive-council/,recon_page,2026-05-02T19:57:43.872225
153,1,6,0,0,0,0,1,0,13,0,net,404,4,68157,928.352,0,0,19,1,cloudflare,0,html,0,0,0,1,7,1,1,1,1,1,1,2,1,2,0,0,0,0,0,0,0,0,1,9,0,0,0,0,1,17,7,8,2,1,164,152,12,1,3,1,26,1,10,1,1,8,1,0,0,0,1,0,0,1,0,0,0,1,0,0,1,1,0,0,0,0,0,0,0,0,0,0,0.0,0.0,0.0,0,0,0,1,1,0,0,0,0,2,0,1,109,13,0,0,0,0,0,0,0,1.0,0.00024942412371436535,0.875,0.19073609460510293,0,,multi_full_20260502_195405_0001,2026-05-02T19:58:01.143879,https://www.apnic.net/s/sfsites/auraFW/javascript/ZkJhOVpLN2NZQkJrd2NWd3pMcnFOdzJEa1N5enhOU3R5QWl2VzNveFZTbGcxMy4tMjE0NzQ4MzY0OC4xMzEwNzIwMA/aura_prod.js,https://www.apnic.net/,False,https://www.apnic.net/s/sfsites/auraFW/javascript/ZkJhOVpLN2NZQkJrd2NWd3pMcnFOdzJEa1N5enhOU3R5QWl2VzNveFZTbGcxMy4tMjE0NzQ4MzY0OC4xMzEwNzIwMA/aura_prod.js,https://www.apnic.net/,https://www.apnic.net/s/sfsites/auraFW/javascript/ZkJhOVpLN2NZQkJrd2NWd3pMcnFOdzJEa1N5enhOU3R5QWl2VzNveFZTbGcxMy4tMjE0NzQ4MzY0OC4xMzEwNzIwMA/aura_prod.js,recon_page,2026-05-02T19:58:01.203025
33,1,1,0,0,0,0,1,0,13,0,net,404,4,68157,901.319,0,0,19,1,cloudflare,0,html,0,0,0,1,7,1,1,1,1,1,1,2,1,2,0,0,0,0,0,0,0,0,1,9,0,0,0,0,1,17,7,8,2,1,164,152,12,1,3,1,26,1,10,1,1,8,1,0,0,0,1,0,0,1,0,0,0,1,0,0,1,1,0,0,0,0,0,0,0,0,0,0,0.0,0.0,0.0,0,0,0,1,1,0,0,0,0,2,0,1,109,13,0,0,0,0,0,0,0,1.0,0.00024942412371436535,0.875,0.19073609460510293,0,,multi_full_20260502_195405_0001,2026-05-02T19:58:01.196286,https://www.apnic.net/file-asset/,https://www.apnic.net/,False,https://www.apnic.net/file-asset/,https://www.apnic.net/,https://www.apnic.net/file-asset/,recon_page,2026-05-02T19:58:01.235953
220,1,1,1,11,0,0,1,0,13,0,net,404,4,68157,845.4549999999999,0,0,19,1,cloudflare,0,html,0,0,0,1,7,1,1,1,1,1,1,2,1,2,0,0,0,0,0,0,0,0,1,9,0,0,0,0,1,17,7,8,2,1,164,152,12,1,3,1,26,1,10,1,1,8,1,0,0,0,1,0,0,1,0,0,0,1,0,0,1,1,0,0,1,0,0,0,0,0,0,0,0.0,0.0,0.0,0,0,0,1,1,0,0,0,0,2,0,1,109,13,0,0,0,0,0,0,0,1.0,0.00024942412371436535,0.875,0.19073609460510293,0,,multi_full_20260502_195405_0001,2026-05-02T19:58:01.253271,https://www.apnic.net/auraCmpDef/?_au=1544_-QE8H35gPOQmfpGx0OKiMg&_c=false&_density=VIEW_ONE&_dfs=8&_ff=DESKTOP&_l=true&_l10n=en_US&_lrmc=551347034&_style=935793305&aura.app=markup://siteforce:communityApp&aura.mode=PROD,https://www.apnic.net/,False,https://www.apnic.net/auraCmpDef/?_au=1544_-QE8H35gPOQmfpGx0OKiMg&_c=false&_density=VIEW_ONE&_dfs=8&_ff=DESKTOP&_l=true&_l10n=en_US&_lrmc=551347034&_style=935793305&aura.app=markup://siteforce:communityApp&aura.mode=PROD,https://www.apnic.net/,https://www.apnic.net/auraCmpDef/?_au=1544_-QE8H35gPOQmfpGx0OKiMg&_c=false&_density=VIEW_ONE&_dfs=8&_ff=DESKTOP&_l=true&_l10n=en_US&_lrmc=551347034&_style=935793305&aura.app=markup://siteforce:communityApp&aura.mode=PROD,recon_page,2026-05-02T19:58:01.271630
120,1,6,1,1,0,0,1,0,13,0,net,404,4,68157,1011.657,0,0,19,1,cloudflare,0,html,0,0,0,1,7,1,1,1,1,1,1,2,1,2,0,0,0,0,0,0,0,0,1,9,0,0,0,0,1,17,7,8,2,1,164,152,12,1,3,1,26,1,10,1,1,8,1,0,0,0,1,0,0,1,0,0,0,1,0,0,1,1,0,0,0,0,0,0,0,0,0,0,0.0,0.0,0.0,0,0,0,1,1,0,0,0,0,2,0,1,109,13,0,0,0,0,0,0,0,1.0,0.00024942412371436535,0.875,0.19073609460510293,0,,multi_full_20260502_195405_0001,2026-05-02T19:58:01.285035,https://www.apnic.net/sfsites/c/resource/apnicWebFrameworkThemeV907/web-framework-theme-additions/theme-additions.js?v=1,https://www.apnic.net/,False,https://www.apnic.net/sfsites/c/resource/apnicWebFrameworkThemeV907/web-framework-theme-additions/theme-additions.js?v=1,https://www.apnic.net/,https://www.apnic.net/sfsites/c/resource/apnicWebFrameworkThemeV907/web-framework-theme-additions/theme-additions.js?v=1,recon_page,2026-05-02T19:58:01.297797
108,1,8,0,0,0,0,1,0,13,0,net,404,4,68157,992.81,0,0,19,1,cloudflare,0,html,0,0,0,1,7,1,1,1,1,1,1,2,1,2,0,0,0,0,0,0,0,0,1,9,0,0,0,0,1,17,7,8,2,1,164,152,12,1,3,1,26,1,10,1,1,8,1,0,0,0,1,0,0,1,0,0,0,1,0,0,1,1,0,0,0,0,0,0,0,0,0,0,0.0,0.0,0.0,0,0,0,1,1,0,0,0,0,2,0,1,109,13,0,0,0,0,0,0,0,1.0,0.00024942412371436535,0.875,0.19073609460510293,0,,multi_full_20260502_195405_0001,2026-05-02T19:58:01.609242,https://www.apnic.net/sfsites/c/resource/apnicWebFrameworkThemeV907/web-framework-theme/dist/js/theme.min.js,https://www.apnic.net/,False,https://www.apnic.net/sfsites/c/resource/apnicWebFrameworkThemeV907/web-framework-theme/dist/js/theme.min.js,https://www.apnic.net/,https://www.apnic.net/sfsites/c/resource/apnicWebFrameworkThemeV907/web-framework-theme/dist/js/theme.min.js,recon_page,2026-05-02T19:58:01.620914
1060,1,5,1,1,0,0,1,0,13,0,net,404,4,68157,875.303,0,0,19,1,cloudflare,0,html,0,0,0,1,7,1,1,1,1,1,1,2,1,2,0,0,0,0,0,0,0,0,1,9,0,0,0,0,1,17,7,8,2,1,164,152,12,1,3,1,26,1,10,1,1,8,1,0,0,0,1,0,0,1,0,0,0,1,0,0,1,1,0,0,0,0,0,0,0,0,0,0,0.0,0.0,0.0,0,0,0,1,1,0,0,0,0,2,0,1,109,13,0,0,0,0,0,0,0,1.0,0.00024942412371436535,0.875,0.19073609460510293,0,,multi_full_20260502_195405_0001,2026-05-02T19:58:01.831556,https://www.apnic.net/s/sfsites/l/%7B%22mode%22%3A%22PROD%22%2C%22dfs%22%3A%228%22%2C%22app%22%3A%22siteforce%3AcommunityApp%22%2C%22fwuid%22%3A%22ZkJhOVpLN2NZQkJrd2NWd3pMcnFOdzJEa1N5enhOU3R5QWl2VzNveFZTbGcxMy4tMjE0NzQ4MzY0OC4xMzEwNzIwMA%22%2C%22loaded%22%3A%7B%22APPLICATION%40markup%3A%2F%2Fsiteforce%3AcommunityApp%22%3A%221544_-QE8H35gPOQmfpGx0OKiMg%22%7D%2C%22apce%22%3A1%2C%22apck%22%3A%22JHt0aW1lc3RhbXB9MDAwMDAwMDQ3NzFlbl9VUw%22%2C%22mlr%22%3A1%2C%22pathPrefix%22%3A%22%22%2C%22dns%22%3A%22c%22%2C%22ls%22%3A1%2C%22lrmc%22%3A%22551347034%22%7D/bootstrap.js?aura.attributes=%7B%22ac%22%3A%22%22%2C%22authenticated%22%3A%22false%22%2C%22brandingSetId%22%3A%228a310ff6-5d8e-49f8-b023-ce1b3372e789%22%2C%22formFactor%22%3A%22LARGE%22%2C%22isHybrid%22%3A%22false%22%2C%22language%22%3A%22en_US%22%2C%22pageId%22%3A%22b51f06be-77a6-4948-a81b-cb84a1ea4e30%22%2C%22publishedChangelistNum%22%3A%2266%22%2C%22schema%22%3A%22Published%22%2C%22themeLayoutType%22%3A%22eCgXbcvz5tO0zMT17IvvlSECCnH5jY%22%2C%22uds%22%3A%22true%22%2C%22viewType%22%3A%22Published%22%7D,https://www.apnic.net/,False,https://www.apnic.net/s/sfsites/l/%7B%22mode%22%3A%22PROD%22%2C%22dfs%22%3A%228%22%2C%22app%22%3A%22siteforce%3AcommunityApp%22%2C%22fwuid%22%3A%22ZkJhOVpLN2NZQkJrd2NWd3pMcnFOdzJEa1N5enhOU3R5QWl2VzNveFZTbGcxMy4tMjE0NzQ4MzY0OC4xMzEwNzIwMA%22%2C%22loaded%22%3A%7B%22APPLICATION%40markup%3A%2F%2Fsiteforce%3AcommunityApp%22%3A%221544_-QE8H35gPOQmfpGx0OKiMg%22%7D%2C%22apce%22%3A1%2C%22apck%22%3A%22JHt0aW1lc3RhbXB9MDAwMDAwMDQ3NzFlbl9VUw%22%2C%22mlr%22%3A1%2C%22pathPrefix%22%3A%22%22%2C%22dns%22%3A%22c%22%2C%22ls%22%3A1%2C%22lrmc%22%3A%22551347034%22%7D/bootstrap.js?aura.attributes=%7B%22ac%22%3A%22%22%2C%22authenticated%22%3A%22false%22%2C%22brandingSetId%22%3A%228a310ff6-5d8e-49f8-b023-ce1b3372e789%22%2C%22formFactor%22%3A%22LARGE%22%2C%22isHybrid%22%3A%22false%22%2C%22language%22%3A%22en_US%22%2C%22pageId%22%3A%22b51f06be-77a6-4948-a81b-cb84a1ea4e30%22%2C%22publishedChangelistNum%22%3A%2266%22%2C%22schema%22%3A%22Published%22%2C%22themeLayoutType%22%3A%22eCgXbcvz5tO0zMT17IvvlSECCnH5jY%22%2C%22uds%22%3A%22true%22%2C%22viewType%22%3A%22Published%22%7D,https://www.apnic.net/,https://www.apnic.net/s/sfsites/l/%7B%22mode%22%3A%22PROD%22%2C%22dfs%22%3A%228%22%2C%22app%22%3A%22siteforce%3AcommunityApp%22%2C%22fwuid%22%3A%22ZkJhOVpLN2NZQkJrd2NWd3pMcnFOdzJEa1N5enhOU3R5QWl2VzNveFZTbGcxMy4tMjE0NzQ4MzY0OC4xMzEwNzIwMA%22%2C%22loaded%22%3A%7B%22APPLICATION%40markup%3A%2F%2Fsiteforce%3AcommunityApp%22%3A%221544_-QE8H35gPOQmfpGx0OKiMg%22%7D%2C%22apce%22%3A1%2C%22apck%22%3A%22JHt0aW1lc3RhbXB9MDAwMDAwMDQ3NzFlbl9VUw%22%2C%22mlr%22%3A1%2C%22pathPrefix%22%3A%22%22%2C%22dns%22%3A%22c%22%2C%22ls%22%3A1%2C%22lrmc%22%3A%22551347034%22%7D/bootstrap.js?aura.attributes=%7B%22ac%22%3A%22%22%2C%22authenticated%22%3A%22false%22%2C%22brandingSetId%22%3A%228a310ff6-5d8e-49f8-b023-ce1b3372e789%22%2C%22formFactor%22%3A%22LARGE%22%2C%22isHybrid%22%3A%22false%22%2C%22language%22%3A%22en_US%22%2C%22pageId%22%3A%22b51f06be-77a6-4948-a81b-cb84a1ea4e30%22%2C%22publishedChangelistNum%22%3A%2266%22%2C%22schema%22%3A%22Published%22%2C%22themeLayoutType%22%3A%22eCgXbcvz5tO0zMT17IvvlSECCnH5jY%22%2C%22uds%22%3A%22true%22%2C%22viewType%22%3A%22Published%22%7D,recon_page,2026-05-02T19:58:01.844550
125,1,4,1,2,0,0,1,0,13,0,net,404,4,68157,1001.33,0,0,19,1,cloudflare,0,html,0,0,0,1,7,1,1,1,1,1,1,2,1,2,0,0,0,0,0,0,0,0,1,9,0,0,0,0,1,17,7,8,2,1,164,152,12,1,3,1,26,1,10,1,1,8,1,0,0,0,1,0,0,1,0,0,0,1,0,0,1,1,0,0,0,0,0,0,0,0,0,0,0.0,0.0,0.0,0,0,0,1,1,0,0,0,0,2,0,1,109,13,0,0,0,0,0,0,0,1.0,0.00024942412371436535,0.875,0.19073609460510293,0,,multi_full_20260502_195405_0001,2026-05-02T19:58:23.833516,https://www.apnic.net/s/sfsites/runtimedownload/fonts.css?lastMod=1637062260000&brandSet=8a310ff6-5d8e-49f8-b023-ce1b3372e789,https://www.apnic.net/,False,https://www.apnic.net/s/sfsites/runtimedownload/fonts.css?lastMod=1637062260000&brandSet=8a310ff6-5d8e-49f8-b023-ce1b3372e789,https://www.apnic.net/,https://www.apnic.net/s/sfsites/runtimedownload/fonts.css?lastMod=1637062260000&brandSet=8a310ff6-5d8e-49f8-b023-ce1b3372e789,recon_page,2026-05-02T19:58:23.839103
32,1,2,0,0,0,0,1,0,13,0,net,404,4,68157,935.538,0,0,19,1,cloudflare,0,html,0,0,0,1,7,1,1,1,1,1,1,2,1,2,0,0,0,0,0,0,0,0,1,9,0,0,0,0,1,17,7,8,2,1,164,152,12,1,3,1,26,1,10,1,1,8,1,0,0,0,1,0,0,1,0,0,0,1,0,0,1,1,0,0,0,0,0,0,0,0,0,0,0.0,0.0,0.0,0,0,0,1,1,0,0,0,0,2,0,1,109,13,0,0,0,0,0,0,0,1.0,0.00024942412371436535,0.875,0.19073609460510293,0,,multi_full_20260502_195405_0001,2026-05-02T19:58:24.352741,https://www.apnic.net/s/sfsites/,https://www.apnic.net/,False,https://www.apnic.net/s/sfsites/,https://www.apnic.net/,https://www.apnic.net/s/sfsites/,recon_page,2026-05-02T19:58:24.358228
612,1,5,1,3,0,0,1,0,13,0,net,404,4,68157,850.303,0,0,19,1,cloudflare,0,html,0,0,0,1,7,1,1,1,1,1,1,2,1,2,0,0,0,0,0,0,0,0,1,9,0,0,0,0,1,17,7,8,2,1,164,152,12,1,3,1,26,1,10,1,1,8,1,0,0,0,1,0,0,1,0,0,0,1,0,0,1,1,0,0,0,0,0,0,0,0,0,0,0.0,0.0,0.0,0,0,0,1,1,0,0,0,0,2,0,1,109,13,0,0,0,0,0,0,0,1.0,0.00024942412371436535,0.875,0.19073609460510293,0,,multi_full_20260502_195405_0001,2026-05-02T19:58:24.430339,https://www.apnic.net/s/sfsites/l/%7B%22mode%22%3A%22PROD%22%2C%22dfs%22%3A%228%22%2C%22app%22%3A%22siteforce%3AcommunityApp%22%2C%22fwuid%22%3A%22ZkJhOVpLN2NZQkJrd2NWd3pMcnFOdzJEa1N5enhOU3R5QWl2VzNveFZTbGcxMy4tMjE0NzQ4MzY0OC4xMzEwNzIwMA%22%2C%22loaded%22%3A%7B%22APPLICATION%40markup%3A%2F%2Fsiteforce%3AcommunityApp%22%3A%221544_-QE8H35gPOQmfpGx0OKiMg%22%7D%2C%22apce%22%3A1%2C%22apck%22%3A%22JHt0aW1lc3RhbXB9MDAwMDAwMDQ3NzFlbl9VUw%22%2C%22mlr%22%3A1%2C%22pathPrefix%22%3A%22%22%2C%22dns%22%3A%22c%22%2C%22ls%22%3A1%2C%22lrmc%22%3A%22551347034%22%7D/resources.js?pu=1&pv=1777376056000662804699&rv=1777166329000,https://www.apnic.net/,False,https://www.apnic.net/s/sfsites/l/%7B%22mode%22%3A%22PROD%22%2C%22dfs%22%3A%228%22%2C%22app%22%3A%22siteforce%3AcommunityApp%22%2C%22fwuid%22%3A%22ZkJhOVpLN2NZQkJrd2NWd3pMcnFOdzJEa1N5enhOU3R5QWl2VzNveFZTbGcxMy4tMjE0NzQ4MzY0OC4xMzEwNzIwMA%22%2C%22loaded%22%3A%7B%22APPLICATION%40markup%3A%2F%2Fsiteforce%3AcommunityApp%22%3A%221544_-QE8H35gPOQmfpGx0OKiMg%22%7D%2C%22apce%22%3A1%2C%22apck%22%3A%22JHt0aW1lc3RhbXB9MDAwMDAwMDQ3NzFlbl9VUw%22%2C%22mlr%22%3A1%2C%22pathPrefix%22%3A%22%22%2C%22dns%22%3A%22c%22%2C%22ls%22%3A1%2C%22lrmc%22%3A%22551347034%22%7D/resources.js?pu=1&pv=1777376056000662804699&rv=1777166329000,https://www.apnic.net/,https://www.apnic.net/s/sfsites/l/%7B%22mode%22%3A%22PROD%22%2C%22dfs%22%3A%228%22%2C%22app%22%3A%22siteforce%3AcommunityApp%22%2C%22fwuid%22%3A%22ZkJhOVpLN2NZQkJrd2NWd3pMcnFOdzJEa1N5enhOU3R5QWl2VzNveFZTbGcxMy4tMjE0NzQ4MzY0OC4xMzEwNzIwMA%22%2C%22loaded%22%3A%7B%22APPLICATION%40markup%3A%2F%2Fsiteforce%3AcommunityApp%22%3A%221544_-QE8H35gPOQmfpGx0OKiMg%22%7D%2C%22apce%22%3A1%2C%22apck%22%3A%22JHt0aW1lc3RhbXB9MDAwMDAwMDQ3NzFlbl9VUw%22%2C%22mlr%22%3A1%2C%22pathPrefix%22%3A%22%22%2C%22dns%22%3A%22c%22%2C%22ls%22%3A1%2C%22lrmc%22%3A%22551347034%22%7D/resources.js?pu=1&pv=1777376056000662804699&rv=1777166329000,recon_page,2026-05-02T19:58:24.453001
416,1,5,1,1,0,0,1,0,13,0,net,404,4,68157,1332.677,0,0,19,1,cloudflare,0,html,0,0,0,1,7,1,1,1,1,1,1,2,1,2,0,0,0,0,0,0,0,0,1,9,0,0,0,0,1,17,7,8,2,1,164,152,12,1,3,1,26,1,10,1,1,8,1,0,0,0,1,0,0,1,0,0,0,1,0,0,1,1,0,0,0,0,0,0,0,0,0,0,0.0,0.0,0.0,0,0,0,1,1,0,0,0,0,2,0,1,109,13,0,0,0,0,0,0,0,1.0,0.00024942412371436535,0.875,0.19073609460510293,0,,multi_full_20260502_195405_0001,2026-05-02T19:58:24.894070,https://www.apnic.net/s/sfsites/l/%7B%22mode%22%3A%22PROD%22%2C%22dfs%22%3A%228%22%2C%22app%22%3A%22siteforce%3AcommunityApp%22%2C%22serializationVersion%22%3A%221-13.-2147483648.13107200-b%22%2C%22parts%22%3A%22f%22%2C%22loaded%22%3A%7B%22APPLICATION%40markup%3A%2F%2Fsiteforce%3AcommunityApp%22%3A%221544_-QE8H35gPOQmfpGx0OKiMg%22%7D%2C%22dns%22%3A%22c%22%2C%22ls%22%3A1%2C%22lrmc%22%3A%22551347034%22%7D/app.js?3=,https://www.apnic.net/,False,https://www.apnic.net/s/sfsites/l/%7B%22mode%22%3A%22PROD%22%2C%22dfs%22%3A%228%22%2C%22app%22%3A%22siteforce%3AcommunityApp%22%2C%22serializationVersion%22%3A%221-13.-2147483648.13107200-b%22%2C%22parts%22%3A%22f%22%2C%22loaded%22%3A%7B%22APPLICATION%40markup%3A%2F%2Fsiteforce%3AcommunityApp%22%3A%221544_-QE8H35gPOQmfpGx0OKiMg%22%7D%2C%22dns%22%3A%22c%22%2C%22ls%22%3A1%2C%22lrmc%22%3A%22551347034%22%7D/app.js?3=,https://www.apnic.net/,https://www.apnic.net/s/sfsites/l/%7B%22mode%22%3A%22PROD%22%2C%22dfs%22%3A%228%22%2C%22app%22%3A%22siteforce%3AcommunityApp%22%2C%22serializationVersion%22%3A%221-13.-2147483648.13107200-b%22%2C%22parts%22%3A%22f%22%2C%22loaded%22%3A%7B%22APPLICATION%40markup%3A%2F%2Fsiteforce%3AcommunityApp%22%3A%221544_-QE8H35gPOQmfpGx0OKiMg%22%7D%2C%22dns%22%3A%22c%22%2C%22ls%22%3A1%2C%22lrmc%22%3A%22551347034%22%7D/app.js?3=,recon_page,2026-05-02T19:58:24.923513
110,1,8,0,0,0,0,1,0,13,0,net,404,4,68157,934.5329999999999,0,0,19,1,cloudflare,0,html,0,0,0,1,7,1,1,1,1,1,1,2,1,2,0,0,0,0,0,0,0,0,1,9,0,0,0,0,1,17,7,8,2,1,164,152,12,1,3,1,26,1,10,1,1,8,1,0,0,0,1,0,0,1,0,0,0,1,0,0,1,1,0,0,0,0,0,0,0,0,0,0,0.0,0.0,0.0,0,0,0,1,1,0,0,0,0,2,0,1,109,13,0,0,0,0,0,0,0,1.0,0.00024942412371436535,0.875,0.19073609460510293,0,,multi_full_20260502_195405_0001,2026-05-02T19:58:24.911918,https://www.apnic.net/sfsites/c/resource/apnicWebFrameworkThemeV907/web-framework-theme/dist/css/theme.min.css,https://www.apnic.net/,False,https://www.apnic.net/sfsites/c/resource/apnicWebFrameworkThemeV907/web-framework-theme/dist/css/theme.min.css,https://www.apnic.net/,https://www.apnic.net/sfsites/c/resource/apnicWebFrameworkThemeV907/web-framework-theme/dist/css/theme.min.css,recon_page,2026-05-02T19:58:24.923767
1340,1,5,1,2,0,0,1,0,13,0,net,404,4,68157,871.755,0,0,19,1,cloudflare,0,html,0,0,0,1,7,1,1,1,1,1,1,2,1,2,0,0,0,0,0,0,0,0,1,9,0,0,0,0,1,17,7,8,2,1,164,152,12,1,3,1,26,1,10,1,1,8,1,0,0,0,1,0,0,1,0,0,0,1,0,0,1,1,0,0,0,0,0,0,0,0,0,0,0.0,0.0,0.0,0,0,0,1,1,0,0,0,0,2,0,1,109,13,0,0,0,0,0,0,0,1.0,0.00024942412371436535,0.875,0.19073609460510293,0,,multi_full_20260502_195405_0001,2026-05-02T19:58:24.863997,https://www.apnic.net/s/sfsites/l/%7B%22mode%22%3A%22PROD%22%2C%22dfs%22%3A%228%22%2C%22app%22%3A%22siteforce%3AcommunityApp%22%2C%22loaded%22%3A%7B%22APPLICATION%40markup%3A%2F%2Fsiteforce%3AcommunityApp%22%3A%221544_-QE8H35gPOQmfpGx0OKiMg%22%7D%2C%22styleContext%22%3A%7B%22c%22%3A%22webkit%22%2C%22x%22%3A%5B%223%22%2C%22SLDS%22%2C%22isDesktop%22%5D%2C%22tokens%22%3A%5B%22markup%3A%2F%2Fsiteforce%3AserializedTokens%22%2C%22markup%3A%2F%2Fforce%3AsldsTokens%22%2C%22markup%3A%2F%2Fsiteforce%3AcommunityTokens%22%2C%22markup%3A%2F%2Fforce%3AformFactorLarge%22%2C%22markup%3A%2F%2Fsiteforce%3AcommunityFormFactorLarge%22%2C%22markup%3A%2F%2Fsiteforce%3AauraDynamicTokens%22%2C%22markup%3A%2F%2Fsiteforce%3AsldsFontOverride%22%5D%2C%22tuid%22%3A%228EQVo6l0W69id8OZ3W8vCA%22%2C%22cuid%22%3A935793305%7D%2C%22pathPrefix%22%3A%22%22%7D/app.css?3=&aura.attributes=%7B%22ac%22%3A%22%22%2C%22authenticated%22%3A%22false%22%2C%22brandingSetId%22%3A%228a310ff6-5d8e-49f8-b023-ce1b3372e789%22%2C%22formFactor%22%3A%22LARGE%22%2C%22isHybrid%22%3A%22false%22%2C%22language%22%3A%22en_US%22%2C%22pageId%22%3A%22b51f06be-77a6-4948-a81b-cb84a1ea4e30%22%2C%22publishedChangelistNum%22%3A%2266%22%2C%22schema%22%3A%22Published%22%2C%22themeLayoutType%22%3A%22eCgXbcvz5tO0zMT17IvvlSECCnH5jY%22%2C%22uds%22%3A%22true%22%2C%22viewType%22%3A%22Published%22%7D,https://www.apnic.net/,False,https://www.apnic.net/s/sfsites/l/%7B%22mode%22%3A%22PROD%22%2C%22dfs%22%3A%228%22%2C%22app%22%3A%22siteforce%3AcommunityApp%22%2C%22loaded%22%3A%7B%22APPLICATION%40markup%3A%2F%2Fsiteforce%3AcommunityApp%22%3A%221544_-QE8H35gPOQmfpGx0OKiMg%22%7D%2C%22styleContext%22%3A%7B%22c%22%3A%22webkit%22%2C%22x%22%3A%5B%223%22%2C%22SLDS%22%2C%22isDesktop%22%5D%2C%22tokens%22%3A%5B%22markup%3A%2F%2Fsiteforce%3AserializedTokens%22%2C%22markup%3A%2F%2Fforce%3AsldsTokens%22%2C%22markup%3A%2F%2Fsiteforce%3AcommunityTokens%22%2C%22markup%3A%2F%2Fforce%3AformFactorLarge%22%2C%22markup%3A%2F%2Fsiteforce%3AcommunityFormFactorLarge%22%2C%22markup%3A%2F%2Fsiteforce%3AauraDynamicTokens%22%2C%22markup%3A%2F%2Fsiteforce%3AsldsFontOverride%22%5D%2C%22tuid%22%3A%228EQVo6l0W69id8OZ3W8vCA%22%2C%22cuid%22%3A935793305%7D%2C%22pathPrefix%22%3A%22%22%7D/app.css?3=&aura.attributes=%7B%22ac%22%3A%22%22%2C%22authenticated%22%3A%22false%22%2C%22brandingSetId%22%3A%228a310ff6-5d8e-49f8-b023-ce1b3372e789%22%2C%22formFactor%22%3A%22LARGE%22%2C%22isHybrid%22%3A%22false%22%2C%22language%22%3A%22en_US%22%2C%22pageId%22%3A%22b51f06be-77a6-4948-a81b-cb84a1ea4e30%22%2C%22publishedChangelistNum%22%3A%2266%22%2C%22schema%22%3A%22Published%22%2C%22themeLayoutType%22%3A%22eCgXbcvz5tO0zMT17IvvlSECCnH5jY%22%2C%22uds%22%3A%22true%22%2C%22viewType%22%3A%22Published%22%7D,https://www.apnic.net/,https://www.apnic.net/s/sfsites/l/%7B%22mode%22%3A%22PROD%22%2C%22dfs%22%3A%228%22%2C%22app%22%3A%22siteforce%3AcommunityApp%22%2C%22loaded%22%3A%7B%22APPLICATION%40markup%3A%2F%2Fsiteforce%3AcommunityApp%22%3A%221544_-QE8H35gPOQmfpGx0OKiMg%22%7D%2C%22styleContext%22%3A%7B%22c%22%3A%22webkit%22%2C%22x%22%3A%5B%223%22%2C%22SLDS%22%2C%22isDesktop%22%5D%2C%22tokens%22%3A%5B%22markup%3A%2F%2Fsiteforce%3AserializedTokens%22%2C%22markup%3A%2F%2Fforce%3AsldsTokens%22%2C%22markup%3A%2F%2Fsiteforce%3AcommunityTokens%22%2C%22markup%3A%2F%2Fforce%3AformFactorLarge%22%2C%22markup%3A%2F%2Fsiteforce%3AcommunityFormFactorLarge%22%2C%22markup%3A%2F%2Fsiteforce%3AauraDynamicTokens%22%2C%22markup%3A%2F%2Fsiteforce%3AsldsFontOverride%22%5D%2C%22tuid%22%3A%228EQVo6l0W69id8OZ3W8vCA%22%2C%22cuid%22%3A935793305%7D%2C%22pathPrefix%22%3A%22%22%7D/app.css?3=&aura.attributes=%7B%22ac%22%3A%22%22%2C%22authenticated%22%3A%22false%22%2C%22brandingSetId%22%3A%228a310ff6-5d8e-49f8-b023-ce1b3372e789%22%2C%22formFactor%22%3A%22LARGE%22%2C%22isHybrid%22%3A%22false%22%2C%22language%22%3A%22en_US%22%2C%22pageId%22%3A%22b51f06be-77a6-4948-a81b-cb84a1ea4e30%22%2C%22publishedChangelistNum%22%3A%2266%22%2C%22schema%22%3A%22Published%22%2C%22themeLayoutType%22%3A%22eCgXbcvz5tO0zMT17IvvlSECCnH5jY%22%2C%22uds%22%3A%22true%22%2C%22viewType%22%3A%22Published%22%7D,recon_page,2026-05-02T19:58:24.894486
126,1,4,1,1,0,0,1,0,13,0,net,403,4,2515,920.9659999999999,0,0,18,1,cloudflare,0,html,0,0,0,1,7,1,1,1,1,1,0,0,0,0,0,0,0,0,0,0,0,0,0,0,0,0,0,0,0,0,0,0,0,0,0,0,0,0,0,1,3,0,0,0,0,0,1,0,0,0,0,0,0,1,0,0,0,1,0,0,1,1,0,0,0,0,0,0,0,0,0,0,0.0,0.0,0.0,0,0,0,0,0,0,0,0,0,0,0,0,0,0,0,0,0,0,0,0,0,0.0,0.0,0.875,0.0,0,,multi_full_20260502_195405_0001,2026-05-02T19:58:35.900313,https://www.apnic.net/wp-json/oembed/1.0/embed/?url=https%3A%2F%2Fwww.apnic.net%2Fcommunity%2Fparticipate%2Fmember-feedback%2F,https://www.apnic.net/,False,https://www.apnic.net/wp-json/oembed/1.0/embed/?url=https%3A%2F%2Fwww.apnic.net%2Fcommunity%2Fparticipate%2Fmember-feedback%2F,https://www.apnic.net/,https://www.apnic.net/wp-json/oembed/1.0/embed/?url=https%3A%2F%2Fwww.apnic.net%2Fcommunity%2Fparticipate%2Fmember-feedback%2F,recon_page,2026-05-02T19:58:35.908277
42,1,2,0,0,0,0,1,0,13,0,net,200,2,74602,1028.056,0,0,19,1,cloudflare,0,html,0,0,0,1,7,1,1,1,1,1,1,2,1,2,0,0,0,0,0,0,0,0,1,9,0,0,0,0,1,17,7,8,2,1,191,178,13,1,3,1,26,1,10,1,1,15,1,0,0,0,1,0,0,1,0,0,0,0,0,0,1,1,0,0,0,0,0,0,0,0,0,0,0.0,0.0,0.0,0,0,0,1,1,0,0,0,0,2,0,1,126,15,0,0,0,0,0,0,0,1.0,0.000227875928259296,0.875,0.17425806278652045,0,,multi_full_20260502_195405_0001,2026-05-02T19:58:44.860355,https://www.apnic.net/community/post-ipv4/,https://www.apnic.net/,False,https://www.apnic.net/community/post-ipv4/,https://www.apnic.net/,https://www.apnic.net/community/post-ipv4/,recon_page,2026-05-02T19:58:44.868567
95,1,4,0,0,0,0,1,0,13,0,net,200,2,92024,1099.85,0,0,19,1,cloudflare,0,html,0,0,0,1,7,1,1,1,1,1,1,2,1,2,0,0,0,0,0,0,0,0,1,9,0,0,0,0,1,17,7,8,2,1,198,183,15,1,3,1,26,1,10,1,1,14,1,0,0,0,1,0,0,1,0,0,0,0,0,0,1,1,0,0,0,0,0,0,0,0,0,0,0.0,0.0,0.0,0,0,0,1,1,0,0,0,0,2,0,1,130,15,0,0,0,0,0,0,0,1.0,0.00018473441710858038,0.875,0.14126749543597322,0,,multi_full_20260502_195405_0001,2026-05-02T19:58:58.077378,https://www.apnic.net/community/participate/member-feedback/survey-response-activity-2019-2020/,https://www.apnic.net/,False,https://www.apnic.net/community/participate/member-feedback/survey-response-activity-2019-2020/,https://www.apnic.net/,https://www.apnic.net/community/participate/member-feedback/survey-response-activity-2019-2020/,recon_page,2026-05-02T19:58:58.099576
49,1,2,0,0,0,0,1,0,13,0,net,200,2,119611,1071.6319999999998,0,0,21,1,cloudflare,0,html,0,0,0,1,6,1,1,1,1,1,1,3,1,15,0,0,1,7,0,0,1,2,1,17,1,1,1,2,1,23,11,0,12,1,104,6,98,1,20,1,15,1,5,1,1,15,1,0,0,0,1,0,0,1,0,0,0,0,0,0,1,1,0,0,0,0,0,0,0,0,0,0,0.0,0.0,0.0,0,0,0,2,1,1,1,0,0,1,2,11,75,7,0,0,1,0,0,0,0,5.0,0.0001922900067719524,0.75,0.2926152276964493,0,,multi_full_20260502_195405_0001,2026-05-02T19:58:58.793316,https://www.apnic.net/community/apnic-foundation/,https://www.apnic.net/,False,https://www.apnic.net/community/apnic-foundation/,https://www.apnic.net/,https://www.apnic.net/community/apnic-foundation/,recon_page,2026-05-02T19:58:58.830410
40,1,2,0,0,0,0,1,0,13,0,net,200,2,78097,1105.732,0,0,19,1,cloudflare,0,html,0,0,0,1,7,1,1,1,1,1,1,2,1,2,0,0,0,0,0,0,0,0,1,9,0,0,0,0,1,17,7,8,2,1,211,198,13,1,11,1,26,1,10,1,1,14,1,0,0,0,1,0,0,1,0,0,0,0,0,0,1,1,0,0,0,0,0,0,0,0,0,0,0.0,0.0,0.0,0,0,0,1,1,0,0,0,0,2,0,1,125,16,0,0,0,0,1,0,0,1.0,0.00021767801580086302,0.875,0.16645965914183644,0,,multi_full_20260502_195405_0001,2026-05-02T19:58:58.855521,https://www.apnic.net/community/support/,https://www.apnic.net/,False,https://www.apnic.net/community/support/,https://www.apnic.net/,https://www.apnic.net/community/support/,recon_page,2026-05-02T19:58:58.870767
85,1,4,0,0,0,0,1,0,13,0,net,200,2,95708,1133.8310000000001,0,0,19,1,cloudflare,0,html,0,0,0,1,7,1,1,1,1,1,1,2,1,2,0,0,0,0,0,0,0,0,1,9,0,0,0,0,1,17,7,8,2,1,209,193,16,1,3,1,26,1,10,1,1,14,1,0,0,0,1,0,0,1,0,0,0,0,0,0,1,1,0,0,0,0,0,0,0,0,0,0,0.0,0.0,0.0,0,0,0,1,1,0,0,0,0,2,0,1,137,15,0,0,0,0,0,0,0,1.0,0.00017762360513227734,0.875,0.13582981568938857,0,,multi_full_20260502_195405_0001,2026-05-02T19:58:59.264341,https://www.apnic.net/community/participate/member-feedback/survey-response-activity/,https://www.apnic.net/,False,https://www.apnic.net/community/participate/member-feedback/survey-response-activity/,https://www.apnic.net/,https://www.apnic.net/community/participate/member-feedback/survey-response-activity/,recon_page,2026-05-02T19:58:59.270180
93,1,4,0,0,0,0,1,0,13,0,net,200,2,96226,1056.7839999999999,0,0,19,1,cloudflare,0,html,0,0,0,1,7,1,1,1,1,1,1,2,1,2,0,0,0,0,0,0,0,0,1,9,0,0,0,0,1,17,7,8,2,1,209,196,13,1,3,1,26,1,10,1,1,14,1,0,0,0,1,0,0,1,0,0,0,0,0,0,1,1,0,0,0,0,0,0,0,0,0,0,0.0,0.0,0.0,0,0,0,1,1,0,0,0,0,2,0,1,143,15,0,0,0,0,0,0,0,1.0,0.0001766674287614574,0.875,0.13509862199405567,0,,multi_full_20260502_195405_0001,2026-05-02T19:59:01.147563,https://www.apnic.net/community/participate/member-feedback/survey-response-activity-2015-16/,https://www.apnic.net/,False,https://www.apnic.net/community/participate/member-feedback/survey-response-activity-2015-16/,https://www.apnic.net/,https://www.apnic.net/community/participate/member-feedback/survey-response-activity-2015-16/,recon_page,2026-05-02T19:59:01.157498
47,1,5,0,0,0,0,1,0,13,0,net,403,4,2515,1015.104,0,0,18,1,cloudflare,0,html,0,0,0,1,7,1,1,1,1,1,0,0,0,0,0,0,0,0,0,0,0,0,0,0,0,0,0,0,0,0,0,0,0,0,0,0,0,0,0,1,3,0,0,0,0,0,1,0,0,0,0,0,0,1,0,0,0,1,0,0,1,1,0,0,0,0,0,0,0,0,0,0,0.0,0.0,0.0,0,0,0,0,0,0,0,0,0,0,0,0,0,0,0,0,0,0,0,0,0,0.0,0.0,0.875,0.0,0,,multi_full_20260502_195405_0001,2026-05-02T19:59:03.212046,https://www.apnic.net/wp-json/wp/v2/pages/1259/,https://www.apnic.net/,False,https://www.apnic.net/wp-json/wp/v2/pages/1259/,https://www.apnic.net/,https://www.apnic.net/wp-json/wp/v2/pages/1259/,recon_page,2026-05-02T19:59:03.222750
54,1,3,0,0,0,0,1,0,13,0,net,200,2,75035,1076.185,0,0,19,1,cloudflare,0,html,0,0,0,1,7,1,1,1,1,1,1,2,1,2,0,0,0,0,0,0,0,0,1,9,0,0,0,0,1,17,7,8,2,1,197,184,13,1,3,1,26,1,10,1,1,15,1,0,0,0,1,0,0,1,0,0,0,0,0,0,1,1,0,0,0,0,0,0,0,0,0,0,0.0,0.0,0.0,0,0,0,1,1,0,0,0,0,2,0,1,129,15,0,0,0,0,0,0,0,1.0,0.00022656093822882655,0.875,0.173252482174985,0,,multi_full_20260502_195405_0001,2026-05-02T19:59:04.850557,https://www.apnic.net/community/participate/elections/,https://www.apnic.net/,False,https://www.apnic.net/community/participate/elections/,https://www.apnic.net/,https://www.apnic.net/community/participate/elections/,recon_page,2026-05-02T19:59:04.861473
49,1,3,0,0,0,0,1,0,13,0,net,200,2,78116,997.154,0,0,19,1,cloudflare,0,html,0,0,0,1,7,1,1,1,1,1,1,2,1,2,0,0,0,0,0,0,0,0,1,9,0,0,0,0,1,17,7,8,2,1,217,205,12,1,3,1,26,1,10,1,1,15,1,0,0,0,1,0,0,1,0,0,0,0,0,0,1,1,0,0,0,0,0,0,0,0,0,0,0.0,0.0,0.0,0,0,0,1,1,0,0,0,0,2,0,1,146,15,0,0,0,0,0,0,0,1.0,0.00021762507040811103,0.875,0.16641917148855548,0,,multi_full_20260502_195405_0001,2026-05-02T19:59:05.537800,https://www.apnic.net/community/participate/sigs/,https://www.apnic.net/,False,https://www.apnic.net/community/participate/sigs/,https://www.apnic.net/,https://www.apnic.net/community/participate/sigs/,recon_page,2026-05-02T19:59:05.551992
50,1,3,0,0,0,0,1,0,13,0,net,200,2,88158,955.8539999999999,0,0,19,1,cloudflare,0,html,0,0,0,1,7,1,1,1,1,1,1,2,1,2,0,0,0,0,0,0,0,0,1,22,0,0,0,0,1,17,7,8,2,1,220,208,12,1,3,1,26,1,10,1,1,14,1,0,0,0,1,0,0,1,0,0,0,0,0,0,1,1,0,0,0,0,0,0,0,0,0,0,0.0,0.0,0.0,0,0,0,1,1,0,0,0,0,2,0,1,153,15,0,0,0,0,0,0,0,1.0,0.00019283559064407088,0.875,0.2949250209850496,0,,multi_full_20260502_195405_0001,2026-05-02T19:59:07.969658,https://www.apnic.net/community/participate/orbit/,https://www.apnic.net/,False,https://www.apnic.net/community/participate/orbit/,https://www.apnic.net/,https://www.apnic.net/community/participate/orbit/,recon_page,2026-05-02T19:59:07.982429
137,1,4,1,2,0,0,1,0,13,0,net,403,4,2515,846.4350000000001,0,0,18,1,cloudflare,0,html,0,0,0,1,7,1,1,1,1,1,0,0,0,0,0,0,0,0,0,0,0,0,0,0,0,0,0,0,0,0,0,0,0,0,0,0,0,0,0,1,3,0,0,0,0,0,1,0,0,0,0,0,0,1,0,0,0,1,0,0,1,1,0,0,0,0,0,0,0,0,0,0,0.0,0.0,0.0,0,0,0,0,0,0,0,0,0,0,0,0,0,0,0,0,0,0,0,0,0,0.0,0.0,0.875,0.0,0,,multi_full_20260502_195405_0001,2026-05-02T19:59:09.018371,https://www.apnic.net/wp-json/oembed/1.0/embed/?url=https%3A%2F%2Fwww.apnic.net%2Fcommunity%2Fparticipate%2Fmember-feedback%2F&format=xml,https://www.apnic.net/,False,https://www.apnic.net/wp-json/oembed/1.0/embed/?url=https%3A%2F%2Fwww.apnic.net%2Fcommunity%2Fparticipate%2Fmember-feedback%2F&format=xml,https://www.apnic.net/,https://www.apnic.net/wp-json/oembed/1.0/embed/?url=https%3A%2F%2Fwww.apnic.net%2Fcommunity%2Fparticipate%2Fmember-feedback%2F&format=xml,recon_page,2026-05-02T19:59:09.043669
47,1,2,0,0,0,0,1,0,13,0,net,200,2,72359,256.998,0,0,19,1,cloudflare,0,html,0,0,0,1,7,1,1,1,1,1,1,2,1,2,0,0,0,0,0,0,0,0,1,9,0,0,0,0,1,17,7,8,2,1,188,175,13,1,3,1,26,1,10,1,1,13,1,0,0,0,1,0,0,1,0,0,0,0,0,0,1,1,0,0,0,0,0,0,0,0,0,0,0.0,0.0,0.0,0,0,0,1,1,0,0,0,0,2,0,1,125,15,0,0,0,0,0,0,0,1.0,0.00023493967578324743,0.875,0.17965975206954216,0,,multi_full_20260502_195405_0001,2026-05-02T19:59:23.551088,https://www.apnic.net/about-apnic/whois_search/,https://www.apnic.net/,False,https://www.apnic.net/about-apnic/whois_search/,https://www.apnic.net/,https://www.apnic.net/about-apnic/whois_search/,recon_page,2026-05-02T19:59:23.559474
127,1,4,1,1,0,0,1,0,13,0,net,403,4,2515,849.074,0,0,18,1,cloudflare,0,html,0,0,0,1,7,1,1,1,1,1,0,0,0,0,0,0,0,0,0,0,0,0,0,0,0,0,0,0,0,0,0,0,0,0,0,0,0,0,0,1,3,0,0,0,0,0,1,0,0,0,0,0,0,1,0,0,0,1,0,0,1,1,0,0,0,0,0,0,0,0,0,0,0.0,0.0,0.0,0,0,0,0,0,0,0,0,0,0,0,0,0,0,0,0,0,0,0,0,0,0.0,0.0,0.875,0.0,0,,multi_full_20260502_195405_0001,2026-05-02T19:59:23.926940,https://www.apnic.net/wp-json/oembed/1.0/embed/?url=https%3A%2F%2Fwww.apnic.net%2Fcommunity%2Fparticipate%2Fmember-feedback%2F&,https://www.apnic.net/,False,https://www.apnic.net/wp-json/oembed/1.0/embed/?url=https%3A%2F%2Fwww.apnic.net%2Fcommunity%2Fparticipate%2Fmember-feedback%2F&,https://www.apnic.net/,https://www.apnic.net/wp-json/oembed/1.0/embed/?url=https%3A%2F%2Fwww.apnic.net%2Fcommunity%2Fparticipate%2Fmember-feedback%2F&,recon_page,2026-05-02T19:59:23.941236
48,1,2,0,0,0,0,1,0,13,0,net,200,2,71508,1003.4860000000001,0,0,19,1,cloudflare,0,html,0,0,0,1,7,1,1,1,1,1,1,2,1,2,0,0,0,0,0,0,0,0,1,9,0,0,0,0,1,17,7,8,2,1,182,170,12,1,3,1,26,1,10,1,1,13,1,0,0,0,1,0,0,1,0,0,0,0,0,0,1,1,0,0,0,0,0,0,0,0,0,0,0.0,0.0,0.0,0,0,0,1,1,0,0,0,0,2,0,1,119,15,0,0,0,0,0,0,0,1.0,0.00023773563797057672,0.875,0.18179784080102926,0,,multi_full_20260502_195405_0001,2026-05-02T19:59:45.640976,https://www.apnic.net/about-apnic/miscellaneous/,https://www.apnic.net/,False,https://www.apnic.net/about-apnic/miscellaneous/,https://www.apnic.net/,https://www.apnic.net/about-apnic/miscellaneous/,recon_page,2026-05-02T19:59:45.651603
56,1,3,0,0,0,0,1,0,13,0,net,200,2,81242,948.6940000000001,0,0,19,1,cloudflare,0,html,0,0,0,1,7,1,1,1,1,1,1,2,1,2,0,0,0,0,0,0,0,0,1,9,0,0,0,0,1,17,7,8,2,1,186,174,12,1,7,1,26,1,10,1,1,15,1,0,0,0,1,0,0,1,0,0,0,0,0,0,1,1,0,0,0,0,0,0,0,0,0,0,0.0,0.0,0.0,0,0,0,1,1,0,0,0,0,2,0,1,122,15,0,0,0,0,0,0,0,1.0,0.00020925137244282515,0.875,0.16001575539745452,0,,multi_full_20260502_195405_0001,2026-05-02T19:59:45.961207,https://www.apnic.net/about-apnic/employment/adli-wahid/,https://www.apnic.net/,False,https://www.apnic.net/about-apnic/employment/adli-wahid/,https://www.apnic.net/,https://www.apnic.net/about-apnic/employment/adli-wahid/,recon_page,2026-05-02T19:59:45.970316
56,1,3,0,0,0,0,1,0,13,0,net,200,2,103830,1150.999,0,0,19,1,cloudflare,0,html,0,0,0,1,7,1,1,1,1,1,1,2,1,2,0,0,0,0,0,0,0,0,1,9,0,0,0,0,1,56,41,12,3,1,187,175,12,1,3,1,26,1,12,1,1,17,1,0,0,0,1,0,0,1,0,0,1,1,0,0,1,1,0,0,0,0,0,0,0,0,0,0,0.0,0.0,0.0,0,0,0,1,1,0,0,0,0,2,0,1,129,17,0,0,0,0,0,0,0,1.0,0.0005393431570836945,0.875,0.12520466146585765,0,,multi_full_20260502_195405_0001,2026-05-02T19:59:46.192552,https://www.apnic.net/about-apnic/employment/contact-us/,https://www.apnic.net/,False,https://www.apnic.net/about-apnic/employment/contact-us/,https://www.apnic.net/,https://www.apnic.net/about-apnic/employment/contact-us/,recon_page,2026-05-02T19:59:46.205096
64,1,3,0,0,0,0,1,0,13,0,net,200,2,72607,926.786,0,0,19,1,cloudflare,0,html,0,0,0,1,7,1,1,1,1,1,1,2,1,2,0,0,0,0,0,0,0,0,1,9,0,0,0,0,1,17,7,8,2,1,185,173,12,1,3,1,26,1,10,1,1,14,1,0,0,0,1,0,0,1,0,0,0,0,0,0,1,1,0,0,0,0,0,0,0,0,0,0,0.0,0.0,0.0,0,0,0,1,1,0,0,0,0,2,0,1,122,15,0,0,0,0,0,0,0,1.0,0.00023413720440177945,0.875,0.1790460974837137,0,,multi_full_20260502_195405_0001,2026-05-02T19:59:46.681660,https://www.apnic.net/about-apnic/employment/culture-and-values/,https://www.apnic.net/,False,https://www.apnic.net/about-apnic/employment/culture-and-values/,https://www.apnic.net/,https://www.apnic.net/about-apnic/employment/culture-and-values/,recon_page,2026-05-02T19:59:46.702299
110,1,4,1,1,0,0,1,0,13,0,net,403,4,2515,857.1600000000001,0,0,18,1,cloudflare,0,html,0,0,0,1,7,1,1,1,1,1,0,0,0,0,0,0,0,0,0,0,0,0,0,0,0,0,0,0,0,0,0,0,0,0,0,0,0,0,0,1,3,0,0,0,0,0,1,0,0,0,0,0,0,1,0,0,0,1,0,0,1,1,0,0,0,0,0,0,0,0,0,0,0.0,0.0,0.0,0,0,0,0,0,0,0,0,0,0,0,0,0,0,0,0,0,0,0,0,0,0.0,0.0,0.875,0.0,0,,multi_full_20260502_195405_0001,2026-05-02T20:00:12.697816,https://www.apnic.net/wp-json/oembed/1.0/embed/?url=https%3A%2F%2Fwww.apnic.net%2Fabout-apnic%2Femployment%2F&,https://www.apnic.net/,False,https://www.apnic.net/wp-json/oembed/1.0/embed/?url=https%3A%2F%2Fwww.apnic.net%2Fabout-apnic%2Femployment%2F&,https://www.apnic.net/,https://www.apnic.net/wp-json/oembed/1.0/embed/?url=https%3A%2F%2Fwww.apnic.net%2Fabout-apnic%2Femployment%2F&,recon_page,2026-05-02T20:00:12.747858
47,1,5,0,0,0,0,1,0,13,0,net,403,4,2515,919.852,0,0,18,1,cloudflare,0,html,0,0,0,1,7,1,1,1,1,1,0,0,0,0,0,0,0,0,0,0,0,0,0,0,0,0,0,0,0,0,0,0,0,0,0,0,0,0,0,1,3,0,0,0,0,0,1,0,0,0,0,0,0,1,0,0,0,1,0,0,1,1,0,0,0,0,0,0,0,0,0,0,0.0,0.0,0.0,0,0,0,0,0,0,0,0,0,0,0,0,0,0,0,0,0,0,0,0,0,0.0,0.0,0.875,0.0,0,,multi_full_20260502_195405_0001,2026-05-02T20:00:12.706809,https://www.apnic.net/wp-json/wp/v2/pages/1324/,https://www.apnic.net/,False,https://www.apnic.net/wp-json/wp/v2/pages/1324/,https://www.apnic.net/,https://www.apnic.net/wp-json/wp/v2/pages/1324/,recon_page,2026-05-02T20:00:12.776069
55,1,3,0,0,0,0,1,0,13,0,net,200,2,72011,1018.5200000000001,0,0,19,1,cloudflare,0,html,0,0,0,1,7,1,1,1,1,1,1,2,1,2,0,0,0,0,0,0,0,0,1,9,0,0,0,0,1,17,7,8,2,1,185,173,12,1,3,1,26,1,10,1,1,14,1,0,0,0,1,0,0,1,0,0,0,0,0,0,1,1,0,0,0,0,0,0,0,0,0,0,0.0,0.0,0.0,0,0,0,1,1,0,0,0,0,2,0,1,122,15,0,0,0,0,0,0,0,1.0,0.00023607504409048618,0.875,0.18052797489272474,0,,multi_full_20260502_195405_0001,2026-05-02T20:00:12.777739,https://www.apnic.net/about-apnic/employment/vacancies/,https://www.apnic.net/,False,https://www.apnic.net/about-apnic/employment/vacancies/,https://www.apnic.net/,https://www.apnic.net/about-apnic/employment/vacancies/,recon_page,2026-05-02T20:00:12.811737
120,1,4,1,2,0,0,1,0,13,0,net,403,4,2515,875.2760000000001,0,0,18,1,cloudflare,0,html,0,0,0,1,7,1,1,1,1,1,0,0,0,0,0,0,0,0,0,0,0,0,0,0,0,0,0,0,0,0,0,0,0,0,0,0,0,0,0,1,3,0,0,0,0,0,1,0,0,0,0,0,0,1,0,0,0,1,0,0,1,1,0,0,0,0,0,0,0,0,0,0,0.0,0.0,0.0,0,0,0,0,0,0,0,0,0,0,0,0,0,0,0,0,0,0,0,0,0,0.0,0.0,0.875,0.0,0,,multi_full_20260502_195405_0001,2026-05-02T20:00:12.757702,https://www.apnic.net/wp-json/oembed/1.0/embed/?url=https%3A%2F%2Fwww.apnic.net%2Fabout-apnic%2Femployment%2F&format=xml,https://www.apnic.net/,False,https://www.apnic.net/wp-json/oembed/1.0/embed/?url=https%3A%2F%2Fwww.apnic.net%2Fabout-apnic%2Femployment%2F&format=xml,https://www.apnic.net/,https://www.apnic.net/wp-json/oembed/1.0/embed/?url=https%3A%2F%2Fwww.apnic.net%2Fabout-apnic%2Femployment%2F&format=xml,recon_page,2026-05-02T20:00:12.849523
54,1,3,0,0,0,0,1,0,13,0,net,200,2,80272,1061.094,0,0,19,1,cloudflare,0,html,0,0,0,1,7,1,1,1,1,1,1,2,1,2,0,0,0,0,0,0,0,0,1,9,0,0,0,0,1,17,7,8,2,1,186,174,12,1,5,1,26,1,10,1,1,15,1,0,0,0,1,0,0,1,0,0,0,0,0,0,1,1,0,0,0,0,0,0,0,0,0,0,0.0,0.0,0.0,0,0,0,1,1,0,0,0,0,2,0,1,122,15,0,0,0,0,0,0,0,1.0,0.0002117799481762009,0.875,0.16194937213474186,0,,multi_full_20260502_195405_0001,2026-05-02T20:00:12.848259,https://www.apnic.net/about-apnic/employment/lily-che/,https://www.apnic.net/,False,https://www.apnic.net/about-apnic/employment/lily-che/,https://www.apnic.net/,https://www.apnic.net/about-apnic/employment/lily-che/,recon_page,2026-05-02T20:00:12.888228
45,1,2,0,0,0,0,1,0,13,0,net,200,2,76720,1006.215,0,0,19,1,cloudflare,0,html,0,0,0,1,7,1,1,1,1,1,1,2,1,2,0,0,0,0,0,0,0,0,1,9,0,0,0,0,1,17,7,8,2,1,197,172,25,1,13,1,26,1,10,1,1,14,1,0,0,0,1,0,0,1,0,0,0,0,0,0,1,1,0,0,0,0,0,0,0,0,0,0,0.0,0.0,0.0,0,0,0,1,1,0,0,0,0,2,0,1,128,15,0,0,0,0,0,0,0,1.0,0.000221584984358707,0.875,0.1694473409801877,0,,multi_full_20260502_195405_0001,2026-05-02T20:00:12.874522,https://www.apnic.net/about-apnic/supporters/,https://www.apnic.net/,False,https://www.apnic.net/about-apnic/supporters/,https://www.apnic.net/,https://www.apnic.net/about-apnic/supporters/,recon_page,2026-05-02T20:00:12.897845
109,1,4,1,1,0,0,1,0,13,0,net,403,4,2515,1078.1019999999999,0,0,18,1,cloudflare,0,html,0,0,0,1,7,1,1,1,1,1,0,0,0,0,0,0,0,0,0,0,0,0,0,0,0,0,0,0,0,0,0,0,0,0,0,0,0,0,0,1,3,0,0,0,0,0,1,0,0,0,0,0,0,1,0,0,0,1,0,0,1,1,0,0,0,0,0,0,0,0,0,0,0.0,0.0,0.0,0,0,0,0,0,0,0,0,0,0,0,0,0,0,0,0,0,0,0,0,0,0.0,0.0,0.875,0.0,0,,multi_full_20260502_195405_0001,2026-05-02T20:00:25.420563,https://www.apnic.net/wp-json/oembed/1.0/embed/?url=https%3A%2F%2Fwww.apnic.net%2Fabout-apnic%2Femployment%2F,https://www.apnic.net/,False,https://www.apnic.net/wp-json/oembed/1.0/embed/?url=https%3A%2F%2Fwww.apnic.net%2Fabout-apnic%2Femployment%2F,https://www.apnic.net/,https://www.apnic.net/wp-json/oembed/1.0/embed/?url=https%3A%2F%2Fwww.apnic.net%2Fabout-apnic%2Femployment%2F,recon_page,2026-05-02T20:00:25.424349
47,1,2,0,0,0,0,1,0,13,0,net,200,2,74650,989.1659999999999,0,0,19,1,cloudflare,0,html,0,0,0,1,7,1,1,1,1,1,1,2,1,2,0,0,0,0,0,0,0,0,1,9,0,0,0,0,1,17,7,8,2,1,191,172,19,1,6,1,26,1,10,1,1,14,1,0,0,0,1,0,0,1,0,0,0,0,0,0,1,1,0,0,0,0,0,0,0,0,0,0,0.0,0.0,0.0,0,0,0,1,1,0,0,0,0,2,0,1,120,15,0,0,0,0,0,0,0,1.0,0.00022772940388479573,0.875,0.174146014735432,0,,multi_full_20260502_195405_0001,2026-05-02T20:00:25.937148,https://www.apnic.net/about-apnic/social-media/,https://www.apnic.net/,False,https://www.apnic.net/about-apnic/social-media/,https://www.apnic.net/,https://www.apnic.net/about-apnic/social-media/,recon_page,2026-05-02T20:00:25.945196
53,1,2,0,0,0,0,1,0,13,0,net,200,2,73073,1100.336,0,0,19,1,cloudflare,0,html,0,0,0,1,7,1,1,1,1,1,1,2,1,2,0,0,0,0,0,0,0,0,1,9,0,0,0,0,1,17,7,8,2,1,184,172,12,1,3,1,26,1,10,1,1,13,1,0,0,0,1,0,0,1,0,0,0,0,0,0,1,1,0,0,0,0,0,0,0,0,0,0,0.0,0.0,0.0,0,0,0,1,1,0,0,0,0,2,0,1,120,15,0,0,0,0,1,0,0,1.0,0.00023264406826050663,0.875,0.1779042874933286,0,,multi_full_20260502_195405_0001,2026-05-02T20:00:56.949137,https://www.apnic.net/about-apnic/apnic-email-policy/,https://www.apnic.net/,False,https://www.apnic.net/about-apnic/apnic-email-policy/,https://www.apnic.net/,https://www.apnic.net/about-apnic/apnic-email-policy/,recon_page,2026-05-02T20:00:56.953419
141,1,4,1,2,0,0,1,0,13,0,net,403,4,2515,891.719,0,0,18,1,cloudflare,0,html,0,0,0,1,7,1,1,1,1,1,0,0,0,0,0,0,0,0,0,0,0,0,0,0,0,0,0,0,0,0,0,0,0,0,0,0,0,0,0,1,3,0,0,0,0,0,1,0,0,0,0,0,0,1,0,0,0,1,0,0,1,1,0,0,0,0,0,0,0,0,0,0,0.0,0.0,0.0,0,0,0,0,0,0,0,0,0,0,0,0,0,0,0,0,0,0,0,0,0,0.0,0.0,0.875,0.0,0,,multi_full_20260502_195405_0001,2026-05-02T20:01:17.647204,https://www.apnic.net/wp-json/oembed/1.0/embed/?url=https%3A%2F%2Fwww.apnic.net%2Fcommunity%2Fsecurity%2Fresource-certification%2F&format=xml,https://www.apnic.net/,False,https://www.apnic.net/wp-json/oembed/1.0/embed/?url=https%3A%2F%2Fwww.apnic.net%2Fcommunity%2Fsecurity%2Fresource-certification%2F&format=xml,https://www.apnic.net/,https://www.apnic.net/wp-json/oembed/1.0/embed/?url=https%3A%2F%2Fwww.apnic.net%2Fcommunity%2Fsecurity%2Fresource-certification%2F&format=xml,recon_page,2026-05-02T20:01:17.725578
60,1,3,0,0,0,0,1,0,13,0,net,200,2,79499,1058.995,0,0,19,1,cloudflare,0,html,0,0,0,1,7,1,1,1,1,1,1,2,1,2,0,0,0,0,0,0,0,0,1,9,0,0,0,0,1,17,7,8,2,1,183,171,12,1,3,1,26,1,10,1,1,14,1,0,0,0,1,0,0,1,0,0,0,0,0,0,1,1,0,0,0,0,0,0,0,0,0,0,0.0,0.0,0.0,0,0,0,1,1,0,0,0,0,2,0,1,120,15,0,0,0,0,0,0,0,1.0,0.00021383916778827406,0.875,0.16352406948515077,0,,multi_full_20260502_195405_0001,2026-05-02T20:01:17.797376,https://www.apnic.net/community/security/community-partners/,https://www.apnic.net/,False,https://www.apnic.net/community/security/community-partners/,https://www.apnic.net/,https://www.apnic.net/community/security/community-partners/,recon_page,2026-05-02T20:01:17.820467
96,1,4,0,0,0,0,1,0,13,0,net,200,2,77562,998.801,0,0,19,1,cloudflare,0,html,0,0,0,1,7,1,1,1,1,1,1,2,1,2,0,0,0,0,0,0,0,0,1,9,0,0,0,0,1,17,7,8,2,1,192,176,16,1,3,1,26,1,10,1,1,14,1,0,0,0,1,0,0,1,0,0,0,1,0,0,1,1,0,0,0,0,0,0,0,0,0,0,0.0,0.0,0.0,0,0,0,1,1,0,0,0,0,2,0,1,129,15,0,0,0,0,0,0,0,1.0,0.00021917949511358656,0.875,0.16760784920450736,0,,multi_full_20260502_195405_0001,2026-05-02T20:01:17.823123,https://www.apnic.net/community/security/resource-certification/apnic-rpki-trust-anchor-locator/,https://www.apnic.net/,False,https://www.apnic.net/community/security/resource-certification/apnic-rpki-trust-anchor-locator/,https://www.apnic.net/,https://www.apnic.net/community/security/resource-certification/apnic-rpki-trust-anchor-locator/,recon_page,2026-05-02T20:01:17.889926
130,1,4,1,1,0,0,1,0,13,0,net,403,4,2515,918.216,0,0,18,1,cloudflare,0,html,0,0,0,1,7,1,1,1,1,1,0,0,0,0,0,0,0,0,0,0,0,0,0,0,0,0,0,0,0,0,0,0,0,0,0,0,0,0,0,1,3,0,0,0,0,0,1,0,0,0,0,0,0,1,0,0,0,1,0,0,1,1,0,0,0,0,0,0,0,0,0,0,0.0,0.0,0.0,0,0,0,0,0,0,0,0,0,0,0,0,0,0,0,0,0,0,0,0,0,0.0,0.0,0.875,0.0,0,,multi_full_20260502_195405_0001,2026-05-02T20:01:18.192122,https://www.apnic.net/wp-json/oembed/1.0/embed/?url=https%3A%2F%2Fwww.apnic.net%2Fcommunity%2Fsecurity%2Fresource-certification%2F,https://www.apnic.net/,False,https://www.apnic.net/wp-json/oembed/1.0/embed/?url=https%3A%2F%2Fwww.apnic.net%2Fcommunity%2Fsecurity%2Fresource-certification%2F,https://www.apnic.net/,https://www.apnic.net/wp-json/oembed/1.0/embed/?url=https%3A%2F%2Fwww.apnic.net%2Fcommunity%2Fsecurity%2Fresource-certification%2F,recon_page,2026-05-02T20:01:18.209587
95,1,4,0,0,0,0,1,0,13,0,net,200,2,74325,1121.803,0,0,19,1,cloudflare,0,html,0,0,0,1,7,1,1,1,1,1,1,2,1,2,0,0,0,0,0,0,0,0,1,9,0,0,0,0,1,17,7,8,2,1,190,178,12,1,3,1,26,1,10,1,1,14,1,0,0,0,1,0,0,1,0,0,0,0,0,0,1,1,0,0,0,0,0,0,0,0,0,0,0.0,0.0,0.0,0,0,0,1,1,0,0,0,0,2,0,1,125,15,0,0,0,0,0,0,0,1.0,0.00022872519340733267,0.875,0.17490750084090145,0,,multi_full_20260502_195405_0001,2026-05-02T20:01:18.404494,https://www.apnic.net/community/security/resource-certification/notes-on-the-use-of-apnic-rpki/,https://www.apnic.net/,False,https://www.apnic.net/community/security/resource-certification/notes-on-the-use-of-apnic-rpki/,https://www.apnic.net/,https://www.apnic.net/community/security/resource-certification/notes-on-the-use-of-apnic-rpki/,recon_page,2026-05-02T20:01:18.492846
50,1,3,0,0,0,0,1,0,13,0,net,200,2,81375,1004.9079999999999,0,0,19,1,cloudflare,0,html,0,0,0,1,7,1,1,1,1,1,1,2,1,2,0,0,0,0,0,0,0,0,1,9,0,0,0,0,1,17,7,8,2,1,184,171,13,1,3,1,26,1,11,1,1,14,1,0,0,0,1,0,0,1,0,0,0,0,0,0,1,1,0,0,0,0,0,0,0,0,0,0,0.0,0.0,0.0,0,0,0,1,1,0,0,0,0,2,0,1,121,15,0,0,0,0,1,0,0,1.0,0.00020890937019969277,0.875,0.1597542242703533,0,,multi_full_20260502_195405_0001,2026-05-02T20:01:18.480654,https://www.apnic.net/community/security/honeynet/,https://www.apnic.net/,False,https://www.apnic.net/community/security/honeynet/,https://www.apnic.net/,https://www.apnic.net/community/security/honeynet/,recon_page,2026-05-02T20:01:18.514995
97,1,4,0,0,0,0,1,0,13,0,net,200,2,150233,1046.126,0,0,19,1,cloudflare,0,html,0,0,0,1,7,1,1,1,1,1,1,2,1,2,0,0,0,0,0,0,0,0,1,9,0,0,0,0,1,17,7,8,2,1,217,179,38,1,3,1,26,1,10,1,1,14,1,0,0,0,1,0,0,1,0,0,0,0,0,0,1,1,0,0,0,0,0,0,0,0,0,0,0.0,0.0,0.0,0,0,0,1,1,0,0,0,0,2,0,1,138,15,0,0,0,0,0,0,0,1.0,0.00011315756192048352,0.875,0.08653225323331092,0,,multi_full_20260502_195405_0001,2026-05-02T20:01:18.672019,https://www.apnic.net/community/security/resource-certification/certification-practice-statement/,https://www.apnic.net/,False,https://www.apnic.net/community/security/resource-certification/certification-practice-statement/,https://www.apnic.net/,https://www.apnic.net/community/security/resource-certification/certification-practice-statement/,recon_page,2026-05-02T20:01:18.676411
131,1,4,1,1,0,0,1,0,13,0,net,403,4,2515,865.701,0,0,18,1,cloudflare,0,html,0,0,0,1,7,1,1,1,1,1,0,0,0,0,0,0,0,0,0,0,0,0,0,0,0,0,0,0,0,0,0,0,0,0,0,0,0,0,0,1,3,0,0,0,0,0,1,0,0,0,0,0,0,1,0,0,0,1,0,0,1,1,0,0,0,0,0,0,0,0,0,0,0.0,0.0,0.0,0,0,0,0,0,0,0,0,0,0,0,0,0,0,0,0,0,0,0,0,0,0.0,0.0,0.875,0.0,0,,multi_full_20260502_195405_0001,2026-05-02T20:01:18.715426,https://www.apnic.net/wp-json/oembed/1.0/embed/?url=https%3A%2F%2Fwww.apnic.net%2Fcommunity%2Fsecurity%2Fresource-certification%2F&,https://www.apnic.net/,False,https://www.apnic.net/wp-json/oembed/1.0/embed/?url=https%3A%2F%2Fwww.apnic.net%2Fcommunity%2Fsecurity%2Fresource-certification%2F&,https://www.apnic.net/,https://www.apnic.net/wp-json/oembed/1.0/embed/?url=https%3A%2F%2Fwww.apnic.net%2Fcommunity%2Fsecurity%2Fresource-certification%2F&,recon_page,2026-05-02T20:01:18.722485
79,1,3,0,0,0,0,1,0,13,0,net,200,2,112144,1110.22,0,0,19,1,cloudflare,0,html,0,0,0,1,7,1,1,1,1,1,1,2,1,2,0,0,0,0,0,0,0,0,1,17,0,0,0,0,1,17,7,8,2,1,320,187,133,1,3,1,26,1,11,1,1,14,1,0,0,0,1,0,0,1,0,0,0,0,0,0,1,1,0,0,0,0,0,0,0,0,0,0,0.0,0.0,0.0,0,0,0,1,1,0,0,0,0,2,0,1,251,17,0,0,0,0,2,0,0,1.0,0.0001515908118133828,0.875,0.18725923812241402,0,,multi_full_20260502_195405_0001,2026-05-02T20:01:28.828267,https://www.apnic.net/community/security/apnic-vulnerability-reporting-program/,https://www.apnic.net/,False,https://www.apnic.net/community/security/apnic-vulnerability-reporting-program/,https://www.apnic.net/,https://www.apnic.net/community/security/apnic-vulnerability-reporting-program/,recon_page,2026-05-02T20:01:28.833556
112,1,5,0,0,0,0,1,0,13,0,net,200,2,153078,1118.158,0,0,19,1,cloudflare,0,html,0,0,0,1,7,1,1,1,1,1,1,2,1,2,0,0,0,0,0,0,0,0,1,9,0,0,0,0,1,17,7,8,2,1,210,178,32,1,3,1,26,1,10,1,1,14,1,0,0,0,1,0,0,1,0,0,0,1,0,0,1,1,0,0,0,0,0,0,0,0,0,0,0.0,0.0,0.0,0,0,0,1,1,0,0,0,0,2,0,1,129,15,0,0,0,0,0,0,0,1.0,0.00011105449509400437,0.875,0.08492402566012099,0,,multi_full_20260502_195405_0001,2026-05-02T20:01:29.375612,https://www.apnic.net/community/security/resource-certification/certification-practice-statement/historical-cps/,https://www.apnic.net/,False,https://www.apnic.net/community/security/resource-certification/certification-practice-statement/historical-cps/,https://www.apnic.net/,https://www.apnic.net/community/security/resource-certification/certification-practice-statement/historical-cps/,recon_page,2026-05-02T20:01:29.381222
76,1,4,0,0,0,0,1,0,13,0,net,200,2,80732,218.178,0,0,19,1,cloudflare,0,html,0,0,0,1,7,1,1,1,1,1,1,2,1,2,0,0,0,0,0,0,0,0,1,9,0,0,0,0,1,17,7,8,2,1,209,197,12,1,3,1,26,1,10,1,1,15,1,0,0,0,1,0,0,1,0,0,0,1,0,0,1,1,0,0,0,0,0,0,0,0,0,0,0.0,0.0,0.0,0,0,0,1,1,0,0,0,0,2,0,1,141,15,0,0,0,0,0,0,0,1.0,0.00021057325471931823,0.875,0.1610266065500669,0,,multi_full_20260502_195405_0001,2026-05-02T20:01:55.487601,https://www.apnic.net/community/security/resource-certification/tal-archive/,https://www.apnic.net/,False,https://www.apnic.net/community/security/resource-certification/tal-archive/,https://www.apnic.net/,https://www.apnic.net/community/security/resource-certification/tal-archive/,recon_page,2026-05-02T20:01:55.497270
48,1,5,0,0,0,0,1,0,13,0,net,403,4,2515,886.461,0,0,18,1,cloudflare,0,html,0,0,0,1,7,1,1,1,1,1,0,0,0,0,0,0,0,0,0,0,0,0,0,0,0,0,0,0,0,0,0,0,0,0,0,0,0,0,0,1,3,0,0,0,0,0,1,0,0,0,0,0,0,1,0,0,0,1,0,0,1,1,0,0,0,0,0,0,0,0,0,0,0.0,0.0,0.0,0,0,0,0,0,0,0,0,0,0,0,0,0,0,0,0,0,0,0,0,0,0.0,0.0,0.875,0.0,0,,multi_full_20260502_195405_0001,2026-05-02T20:01:56.523599,https://www.apnic.net/wp-json/wp/v2/pages/16437/,https://www.apnic.net/,False,https://www.apnic.net/wp-json/wp/v2/pages/16437/,https://www.apnic.net/,https://www.apnic.net/wp-json/wp/v2/pages/16437/,recon_page,2026-05-02T20:01:56.547311
106,1,4,0,0,0,0,1,0,13,0,net,200,2,74570,1048.386,0,0,19,1,cloudflare,0,html,0,0,0,1,7,1,1,1,1,1,1,2,1,2,0,0,0,0,0,0,0,0,1,9,0,0,0,0,1,17,7,8,2,1,190,177,13,1,3,1,26,1,10,1,1,14,1,0,0,0,1,0,0,1,0,0,0,1,0,0,1,1,0,0,0,0,0,0,0,0,0,0,0.0,0.0,0.0,0,0,0,1,1,0,0,0,0,2,0,1,127,15,0,0,0,0,0,0,0,1.0,0.00022797371597157033,0.875,0.1743328416253185,0,,multi_full_20260502_195405_0001,2026-05-02T20:01:56.576640,https://www.apnic.net/community/security/resource-certification/apnic-limitations-of-liability-for-rpki-2/,https://www.apnic.net/,False,https://www.apnic.net/community/security/resource-certification/apnic-limitations-of-liability-for-rpki-2/,https://www.apnic.net/,https://www.apnic.net/community/security/resource-certification/apnic-limitations-of-liability-for-rpki-2/,recon_page,2026-05-02T20:01:56.604651
48,1,3,0,0,0,0,1,0,13,0,net,200,2,92161,1050.278,0,0,19,1,cloudflare,0,html,0,0,0,1,7,1,1,1,1,1,1,2,1,2,0,0,0,0,0,0,0,0,1,9,0,0,0,0,1,17,7,8,2,1,191,176,15,1,3,1,26,1,11,1,1,14,1,0,0,0,1,0,0,1,0,0,0,0,0,0,1,1,0,0,0,0,0,0,0,0,0,0,0.0,0.0,0.0,0,0,0,1,1,0,0,0,0,2,0,1,127,15,0,0,0,0,0,0,0,1.0,0.00018445980403858464,0.875,0.1410574972059765,0,,multi_full_20260502_195405_0001,2026-05-02T20:01:56.602771,https://www.apnic.net/community/security/dnssec/,https://www.apnic.net/,False,https://www.apnic.net/community/security/dnssec/,https://www.apnic.net/,https://www.apnic.net/community/security/dnssec/,recon_page,2026-05-02T20:01:56.619254
104,1,4,0,0,0,0,1,0,13,0,net,200,2,74325,912.5680000000001,0,0,19,1,cloudflare,0,html,0,0,0,1,7,1,1,1,1,1,1,2,1,2,0,0,0,0,0,0,0,0,1,9,0,0,0,0,1,17,7,8,2,1,190,178,12,1,3,1,26,1,10,1,1,14,1,0,0,0,1,0,0,1,0,0,0,0,0,0,1,1,0,0,0,0,0,0,0,0,0,0,0.0,0.0,0.0,0,0,0,1,1,0,0,0,0,2,0,1,125,15,0,0,0,0,0,0,0,1.0,0.00022872519340733267,0.875,0.17490750084090145,0,,multi_full_20260502_195405_0001,2026-05-02T20:01:57.597214,https://www.apnic.net/community/security/resource-certification/apnic-limitations-of-liability-for-rpki/,https://www.apnic.net/,False,https://www.apnic.net/community/security/resource-certification/apnic-limitations-of-liability-for-rpki/,https://www.apnic.net/,https://www.apnic.net/community/security/resource-certification/apnic-limitations-of-liability-for-rpki/,recon_page,2026-05-02T20:01:57.603510
59,1,3,0,0,0,0,1,0,13,0,net,200,2,73982,1074.7930000000001,0,0,19,1,cloudflare,0,html,0,0,0,1,7,1,1,1,1,1,1,2,1,2,0,0,0,0,0,0,0,0,1,9,0,0,0,0,1,17,7,8,2,1,187,174,13,1,3,1,26,1,10,1,1,14,1,0,0,0,1,0,0,1,0,0,0,0,0,0,1,1,0,0,0,0,0,0,0,0,0,0,0.0,0.0,0.0,0,0,0,1,1,0,0,0,0,2,0,1,126,15,0,0,0,0,0,0,0,1.0,0.00022978562353004786,0.875,0.175718417993566,0,,multi_full_20260502_195405_0001,2026-05-02T20:02:07.588865,https://www.apnic.net/manage-ip/using-whois/updating-whois/,https://www.apnic.net/,False,https://www.apnic.net/manage-ip/using-whois/updating-whois/,https://www.apnic.net/,https://www.apnic.net/manage-ip/using-whois/updating-whois/,recon_page,2026-05-02T20:02:07.609409
54,1,3,0,0,0,0,1,0,13,0,net,200,2,72564,1056.834,0,0,19,1,cloudflare,0,html,0,0,0,1,7,1,1,1,1,1,1,2,1,2,0,0,0,0,0,0,0,0,1,9,0,0,0,0,1,17,7,8,2,1,182,170,12,1,3,1,26,1,10,1,1,14,1,0,0,0,1,0,0,1,0,0,0,0,0,0,1,1,0,0,0,0,0,0,0,0,0,0,0.0,0.0,0.0,0,0,0,1,1,0,0,0,0,2,0,1,121,15,0,0,0,0,0,0,0,1.0,0.0002342759495066424,0.875,0.1791521966815501,0,,multi_full_20260502_195405_0001,2026-05-02T20:02:08.619075,https://www.apnic.net/manage-ip/using-whois/searching/,https://www.apnic.net/,False,https://www.apnic.net/manage-ip/using-whois/searching/,https://www.apnic.net/,https://www.apnic.net/manage-ip/using-whois/searching/,recon_page,2026-05-02T20:02:08.625392
63,1,3,0,0,0,0,1,0,13,0,net,200,2,291869,1069.365,0,0,22,0,unknown,0,html,1,1,0,1,5,1,1,0,0,1,0,0,0,0,0,0,0,0,0,0,0,0,0,0,0,0,0,0,1,20,14,6,0,1,6,6,0,0,0,1,3,1,4,1,1,16,1,0,0,0,0,0,0,1,0,0,1,1,1,0,1,1,0,0,0,0,0,0,0,0,0,0,1.0,0.0,1.0,0,0,0,0,0,0,0,0,0,0,0,0,12,2,0,0,0,0,0,0,0,0.0,6.852389256824124e-05,0.625,0.0,0,,multi_full_20260502_195405_0001,2026-05-02T20:02:09.175217,https://www.apnic.net/manage-ip/using-whois/abuse-and-spamming/,https://www.apnic.net/,False,https://www.apnic.net/manage-ip/using-whois/abuse-and-spamming/,https://www.apnic.net/,https://www.apnic.net/manage-ip/using-whois/abuse-and-spamming/,recon_page,2026-05-02T20:02:09.186586
50,1,3,0,0,0,0,1,0,13,0,net,200,2,82268,1030.282,0,0,19,1,cloudflare,0,html,0,0,0,1,7,1,1,1,1,1,1,2,1,2,0,0,0,0,0,0,0,0,1,9,0,0,0,0,1,17,7,8,2,1,225,212,13,1,3,1,26,1,10,1,1,14,1,0,0,0,1,0,0,1,0,0,0,0,0,0,1,1,0,0,0,0,0,0,0,0,0,0,0.0,0.0,0.0,0,0,0,1,1,0,0,0,0,2,0,1,147,15,0,0,0,0,0,0,0,1.0,0.00020664170758982837,0.875,0.15802012933339815,0,,multi_full_20260502_195405_0001,2026-05-02T20:02:09.452903,https://www.apnic.net/manage-ip/using-whois/guide/,https://www.apnic.net/,False,https://www.apnic.net/manage-ip/using-whois/guide/,https://www.apnic.net/,https://www.apnic.net/manage-ip/using-whois/guide/,recon_page,2026-05-02T20:02:09.466522
60,1,2,0,0,0,0,1,0,13,0,net,200,2,291869,2719.134,0,0,22,0,unknown,0,html,1,1,0,1,5,1,1,0,0,1,0,0,0,0,0,0,0,0,0,0,0,0,0,0,0,0,0,0,1,20,14,6,0,1,6,6,0,0,0,1,3,1,4,1,1,16,1,0,0,0,0,0,0,1,0,0,1,1,1,0,1,1,0,0,0,0,0,0,0,0,0,0,1.0,0.0,1.0,0,0,0,0,0,0,0,0,0,0,0,0,12,2,0,0,0,0,0,0,0,0.0,6.852389256824124e-05,0.625,0.0,0,,multi_full_20260502_195405_0001,2026-05-02T20:02:10.887269,https://www.apnic.net/manage-ip/manage-historical-resources/,https://www.apnic.net/,False,https://www.apnic.net/manage-ip/manage-historical-resources/,https://www.apnic.net/,https://www.apnic.net/manage-ip/manage-historical-resources/,recon_page,2026-05-02T20:02:10.907641
49,1,2,0,0,0,0,1,0,13,0,net,200,2,74117,1052.163,0,0,19,1,cloudflare,0,html,0,0,0,1,7,1,1,1,1,1,1,2,1,2,0,0,0,0,0,0,0,0,1,9,0,0,0,0,1,17,7,8,2,1,193,181,12,1,3,1,26,1,10,1,1,14,1,0,0,0,1,0,0,1,0,0,0,0,0,0,1,1,0,0,0,0,0,0,0,0,0,0,0.0,0.0,0.0,0,0,0,1,1,0,0,0,0,2,0,1,128,15,0,0,0,0,0,0,0,1.0,0.00022936708177611075,0.875,0.17539835665231998,0,,multi_full_20260502_195405_0001,2026-05-02T20:02:12.182490,https://www.apnic.net/manage-ip/manage-resources/,https://www.apnic.net/,False,https://www.apnic.net/manage-ip/manage-resources/,https://www.apnic.net/,https://www.apnic.net/manage-ip/manage-resources/,recon_page,2026-05-02T20:02:12.200781
119,1,4,1,2,0,0,1,0,13,0,net,403,4,2515,962.347,0,0,18,1,cloudflare,0,html,0,0,0,1,7,1,1,1,1,1,0,0,0,0,0,0,0,0,0,0,0,0,0,0,0,0,0,0,0,0,0,0,0,0,0,0,0,0,0,1,3,0,0,0,0,0,1,0,0,0,0,0,0,1,0,0,0,1,0,0,1,1,0,0,0,0,0,0,0,0,0,0,0.0,0.0,0.0,0,0,0,0,0,0,0,0,0,0,0,0,0,0,0,0,0,0,0,0,0,0.0,0.0,0.875,0.0,0,,multi_full_20260502_195405_0001,2026-05-02T20:02:18.966232,https://www.apnic.net/wp-json/oembed/1.0/embed/?url=https%3A%2F%2Fwww.apnic.net%2Fmanage-ip%2Fusing-whois%2F&format=xml,https://www.apnic.net/,False,https://www.apnic.net/wp-json/oembed/1.0/embed/?url=https%3A%2F%2Fwww.apnic.net%2Fmanage-ip%2Fusing-whois%2F&format=xml,https://www.apnic.net/,https://www.apnic.net/wp-json/oembed/1.0/embed/?url=https%3A%2F%2Fwww.apnic.net%2Fmanage-ip%2Fusing-whois%2F&format=xml,recon_page,2026-05-02T20:02:18.979558
46,1,5,0,0,0,0,1,0,13,0,net,403,4,2515,1727.072,0,0,18,1,cloudflare,0,html,0,0,0,1,7,1,1,1,1,1,0,0,0,0,0,0,0,0,0,0,0,0,0,0,0,0,0,0,0,0,0,0,0,0,0,0,0,0,0,1,3,0,0,0,0,0,1,0,0,0,0,0,0,1,0,0,0,1,0,0,1,1,0,0,0,0,0,0,0,0,0,0,0.0,0.0,0.0,0,0,0,0,0,0,0,0,0,0,0,0,0,0,0,0,0,0,0,0,0,0.0,0.0,0.875,0.0,0,,multi_full_20260502_195405_0001,2026-05-02T20:02:22.426783,https://www.apnic.net/wp-json/wp/v2/pages/565/,https://www.apnic.net/,False,https://www.apnic.net/wp-json/wp/v2/pages/565/,https://www.apnic.net/,https://www.apnic.net/wp-json/wp/v2/pages/565/,recon_page,2026-05-02T20:02:22.433438
47,1,2,0,0,0,0,1,0,13,0,net,200,2,74331,923.6450000000001,0,0,19,1,cloudflare,0,html,0,0,0,1,7,1,1,1,1,1,1,2,1,2,0,0,0,0,0,0,0,0,1,9,0,0,0,0,1,17,7,8,2,1,196,184,12,1,8,1,26,1,10,1,1,14,1,0,0,0,1,0,0,1,0,0,0,0,0,0,1,1,0,0,0,0,0,0,0,0,0,0,0.0,0.0,0.0,0,0,0,1,1,0,0,0,0,2,0,1,125,15,0,0,0,0,0,0,0,1.0,0.00022870673070455127,0.875,0.17489338230348037,0,,multi_full_20260502_195405_0001,2026-05-02T20:02:24.925414,https://www.apnic.net/manage-ip/apnic-services/,https://www.apnic.net/,False,https://www.apnic.net/manage-ip/apnic-services/,https://www.apnic.net/,https://www.apnic.net/manage-ip/apnic-services/,recon_page,2026-05-02T20:02:24.930994
84,1,4,0,0,0,0,1,0,13,0,net,200,2,73005,980.724,0,0,19,1,cloudflare,0,html,0,0,0,1,7,1,1,1,1,1,1,2,1,2,0,0,0,0,0,0,0,0,1,9,0,0,0,0,1,18,7,8,3,1,181,169,12,1,3,1,26,1,10,1,1,14,1,0,0,0,1,0,0,1,0,0,1,0,0,0,1,1,0,0,0,0,0,0,0,0,0,0,0.0,0.0,0.0,0,0,0,1,1,0,0,0,0,2,0,1,123,15,0,0,0,0,0,0,0,1.0,0.0002465584549003493,0.875,0.17806999520580782,0,,multi_full_20260502_195405_0001,2026-05-02T20:02:29.853202,https://www.apnic.net/manage-ip/using-whois/abuse-and-spamming/invalid-contact-form/,https://www.apnic.net/,False,https://www.apnic.net/manage-ip/using-whois/abuse-and-spamming/invalid-contact-form/,https://www.apnic.net/,https://www.apnic.net/manage-ip/using-whois/abuse-and-spamming/invalid-contact-form/,recon_page,2026-05-02T20:02:29.857501
109,1,4,1,1,0,0,1,0,13,0,net,403,4,2515,858.388,0,0,18,1,cloudflare,0,html,0,0,0,1,7,1,1,1,1,1,0,0,0,0,0,0,0,0,0,0,0,0,0,0,0,0,0,0,0,0,0,0,0,0,0,0,0,0,0,1,3,0,0,0,0,0,1,0,0,0,0,0,0,1,0,0,0,1,0,0,1,1,0,0,0,0,0,0,0,0,0,0,0.0,0.0,0.0,0,0,0,0,0,0,0,0,0,0,0,0,0,0,0,0,0,0,0,0,0,0.0,0.0,0.875,0.0,0,,multi_full_20260502_195405_0001,2026-05-02T20:02:52.264099,https://www.apnic.net/wp-json/oembed/1.0/embed/?url=https%3A%2F%2Fwww.apnic.net%2Fmanage-ip%2Fusing-whois%2F&,https://www.apnic.net/,False,https://www.apnic.net/wp-json/oembed/1.0/embed/?url=https%3A%2F%2Fwww.apnic.net%2Fmanage-ip%2Fusing-whois%2F&,https://www.apnic.net/,https://www.apnic.net/wp-json/oembed/1.0/embed/?url=https%3A%2F%2Fwww.apnic.net%2Fmanage-ip%2Fusing-whois%2F&,recon_page,2026-05-02T20:02:52.287625
108,1,4,1,1,0,0,1,0,13,0,net,403,4,2515,954.25,0,0,18,1,cloudflare,0,html,0,0,0,1,7,1,1,1,1,1,0,0,0,0,0,0,0,0,0,0,0,0,0,0,0,0,0,0,0,0,0,0,0,0,0,0,0,0,0,1,3,0,0,0,0,0,1,0,0,0,0,0,0,1,0,0,0,1,0,0,1,1,0,0,0,0,0,0,0,0,0,0,0.0,0.0,0.0,0,0,0,0,0,0,0,0,0,0,0,0,0,0,0,0,0,0,0,0,0,0.0,0.0,0.875,0.0,0,,multi_full_20260502_195405_0001,2026-05-02T20:02:52.349926,https://www.apnic.net/wp-json/oembed/1.0/embed/?url=https%3A%2F%2Fwww.apnic.net%2Fmanage-ip%2Fusing-whois%2F,https://www.apnic.net/,False,https://www.apnic.net/wp-json/oembed/1.0/embed/?url=https%3A%2F%2Fwww.apnic.net%2Fmanage-ip%2Fusing-whois%2F,https://www.apnic.net/,https://www.apnic.net/wp-json/oembed/1.0/embed/?url=https%3A%2F%2Fwww.apnic.net%2Fmanage-ip%2Fusing-whois%2F,recon_page,2026-05-02T20:02:52.419520
61,1,3,0,0,0,0,1,0,13,0,net,200,2,76475,1071.479,0,0,19,1,cloudflare,0,html,0,0,0,1,7,1,1,1,1,1,1,2,1,2,0,0,0,0,0,0,0,0,1,9,0,0,0,0,1,17,7,8,2,1,190,177,13,1,3,1,26,1,10,1,1,14,1,0,0,0,1,0,0,1,0,0,0,0,0,0,1,1,0,0,0,0,0,0,0,0,0,0,0.0,0.0,0.0,0,0,0,1,1,0,0,0,0,2,0,1,127,15,0,0,0,0,0,0,0,1.0,0.00022229486760379208,0.875,0.16999019287348807,0,,multi_full_20260502_195405_0001,2026-05-02T20:02:52.431782,https://www.apnic.net/manage-ip/manage-resources/reverse-dns/,https://www.apnic.net/,False,https://www.apnic.net/manage-ip/manage-resources/reverse-dns/,https://www.apnic.net/,https://www.apnic.net/manage-ip/manage-resources/reverse-dns/,recon_page,2026-05-02T20:02:52.540737
56,1,3,0,0,0,0,1,0,13,0,net,200,2,72940,1075.6650000000002,0,0,19,1,cloudflare,0,html,0,0,0,1,7,1,1,1,1,1,1,2,1,2,0,0,0,0,0,0,0,0,1,9,0,0,0,0,1,17,7,8,2,1,185,173,12,1,3,1,26,1,10,1,1,14,1,0,0,0,1,0,0,1,0,0,0,0,0,0,1,1,0,0,0,0,0,0,0,0,0,0,0.0,0.0,0.0,0,0,0,1,1,0,0,0,0,2,0,1,123,15,0,0,0,0,0,0,0,1.0,0.00023306827529476283,0.875,0.1782286811077598,0,,multi_full_20260502_195405_0001,2026-05-02T20:02:52.544019,https://www.apnic.net/manage-ip/using-whois/bulk-access/,https://www.apnic.net/,False,https://www.apnic.net/manage-ip/using-whois/bulk-access/,https://www.apnic.net/,https://www.apnic.net/manage-ip/using-whois/bulk-access/,recon_page,2026-05-02T20:02:52.551021
62,1,3,0,0,0,0,1,0,13,0,net,200,2,77989,967.025,0,0,19,1,cloudflare,0,html,0,0,0,1,7,1,1,1,1,1,1,2,1,2,0,0,0,0,0,0,0,0,1,9,0,0,0,0,1,17,7,8,2,1,194,182,12,1,5,1,26,1,10,1,1,14,1,0,0,0,1,0,0,1,0,0,0,0,0,0,1,1,0,0,0,0,0,0,0,0,0,0,0.0,0.0,0.0,0,0,0,1,1,0,0,0,0,2,0,1,128,15,0,0,0,0,4,0,0,1.0,0.0002179794586416033,0.875,0.1666901742553437,0,,multi_full_20260502_195405_0001,2026-05-02T20:02:52.544661,https://www.apnic.net/about-apnic/whois_search/learning-whois/,https://www.apnic.net/,False,https://www.apnic.net/about-apnic/whois_search/learning-whois/,https://www.apnic.net/,https://www.apnic.net/about-apnic/whois_search/learning-whois/,recon_page,2026-05-02T20:02:52.549546
89,1,5,0,0,0,0,1,0,13,0,net,200,2,80487,1607.3319999999999,0,0,19,1,cloudflare,0,html,0,0,0,1,7,1,1,1,1,1,1,2,1,2,0,0,0,0,0,0,0,0,1,9,0,0,0,0,1,17,7,8,2,1,191,179,12,1,3,1,26,1,10,1,1,17,1,0,0,0,1,0,0,1,0,0,0,1,0,0,1,1,0,0,0,0,0,0,0,0,0,0,0.0,0.0,0.0,0,0,0,1,1,0,0,0,0,2,0,1,125,15,0,0,0,0,0,0,0,1.0,0.00021121423335445475,0.875,0.16151676668281836,0,,multi_full_20260502_195405_0001,2026-05-02T20:02:52.525696,https://www.apnic.net/community/participate/elections/nro-elections/nro-election-process/,https://www.apnic.net/,False,https://www.apnic.net/community/participate/elections/nro-elections/nro-election-process/,https://www.apnic.net/,https://www.apnic.net/community/participate/elections/nro-elections/nro-election-process/,recon_page,2026-05-02T20:02:52.548440
137,1,4,1,1,0,0,1,0,13,0,net,403,4,2515,855.586,0,0,18,1,cloudflare,0,html,0,0,0,1,7,1,1,1,1,1,0,0,0,0,0,0,0,0,0,0,0,0,0,0,0,0,0,0,0,0,0,0,0,0,0,0,0,0,0,1,3,0,0,0,0,0,1,0,0,0,0,0,0,1,0,0,0,1,0,0,1,1,0,0,0,0,0,0,0,0,0,0,0.0,0.0,0.0,0,0,0,0,0,0,0,0,0,0,0,0,0,0,0,0,0,0,0,0,0,0.0,0.0,0.875,0.0,0,,multi_full_20260502_195405_0001,2026-05-02T20:03:03.804559,https://www.apnic.net/wp-json/oembed/1.0/embed/?url=https%3A%2F%2Fwww.apnic.net%2Fcommunity%2Fparticipate%2Felections%2Fnro-elections%2F&,https://www.apnic.net/,False,https://www.apnic.net/wp-json/oembed/1.0/embed/?url=https%3A%2F%2Fwww.apnic.net%2Fcommunity%2Fparticipate%2Felections%2Fnro-elections%2F&,https://www.apnic.net/,https://www.apnic.net/wp-json/oembed/1.0/embed/?url=https%3A%2F%2Fwww.apnic.net%2Fcommunity%2Fparticipate%2Felections%2Fnro-elections%2F&,recon_page,2026-05-02T20:03:03.813519
47,1,5,0,0,0,0,1,0,13,0,net,403,4,2515,933.98,0,0,18,1,cloudflare,0,html,0,0,0,1,7,1,1,1,1,1,0,0,0,0,0,0,0,0,0,0,0,0,0,0,0,0,0,0,0,0,0,0,0,0,0,0,0,0,0,1,3,0,0,0,0,0,1,0,0,0,0,0,0,1,0,0,0,1,0,0,1,1,0,0,0,0,0,0,0,0,0,0,0.0,0.0,0.0,0,0,0,0,0,0,0,0,0,0,0,0,0,0,0,0,0,0,0,0,0,0.0,0.0,0.875,0.0,0,,multi_full_20260502_195405_0001,2026-05-02T20:03:03.832636,https://www.apnic.net/wp-json/wp/v2/pages/1253/,https://www.apnic.net/,False,https://www.apnic.net/wp-json/wp/v2/pages/1253/,https://www.apnic.net/,https://www.apnic.net/wp-json/wp/v2/pages/1253/,recon_page,2026-05-02T20:03:03.878942
80,1,5,0,0,0,0,1,0,13,0,net,200,2,76980,1028.042,0,0,19,1,cloudflare,0,html,0,0,0,1,7,1,1,1,1,1,1,2,1,2,0,0,0,0,0,0,0,0,1,9,0,0,0,0,1,17,7,8,2,1,189,177,12,1,3,1,26,1,10,1,1,14,1,0,0,0,1,0,0,1,0,0,0,1,0,0,1,1,0,0,0,0,0,0,0,0,0,0,0.0,0.0,0.0,0,0,0,1,1,0,0,0,0,2,0,1,124,15,0,0,0,0,0,0,0,1.0,0.0002208365809301117,0.875,0.16887503247596777,0,,multi_full_20260502_195405_0001,2026-05-02T20:03:03.916017,https://www.apnic.net/community/participate/elections/nro-elections/nominations/,https://www.apnic.net/,False,https://www.apnic.net/community/participate/elections/nro-elections/nominations/,https://www.apnic.net/,https://www.apnic.net/community/participate/elections/nro-elections/nominations/,recon_page,2026-05-02T20:03:03.925234
79,1,5,0,0,0,0,1,0,13,0,net,200,2,73864,1045.043,0,0,19,1,cloudflare,0,html,0,0,0,1,7,1,1,1,1,1,1,2,1,2,0,0,0,0,0,0,0,0,1,9,0,0,0,0,1,17,7,8,2,1,188,176,12,1,3,1,26,1,10,1,1,14,1,0,0,0,1,0,0,1,0,0,0,0,0,0,1,1,0,0,0,0,0,0,0,0,0,0,0.0,0.0,0.0,0,0,0,1,1,0,0,0,0,2,0,1,123,15,0,0,0,0,0,0,0,1.0,0.00023015271309433555,0.875,0.17599913354272717,0,,multi_full_20260502_195405_0001,2026-05-02T20:03:03.922895,https://www.apnic.net/community/participate/elections/nro-elections/nro-voting/,https://www.apnic.net/,False,https://www.apnic.net/community/participate/elections/nro-elections/nro-voting/,https://www.apnic.net/,https://www.apnic.net/community/participate/elections/nro-elections/nro-voting/,recon_page,2026-05-02T20:03:03.933310
147,1,4,1,2,0,0,1,0,13,0,net,403,4,2515,953.9879999999999,0,0,18,1,cloudflare,0,html,0,0,0,1,7,1,1,1,1,1,0,0,0,0,0,0,0,0,0,0,0,0,0,0,0,0,0,0,0,0,0,0,0,0,0,0,0,0,0,1,3,0,0,0,0,0,1,0,0,0,0,0,0,1,0,0,0,1,0,0,1,1,0,0,0,0,0,0,0,0,0,0,0.0,0.0,0.0,0,0,0,0,0,0,0,0,0,0,0,0,0,0,0,0,0,0,0,0,0,0.0,0.0,0.875,0.0,0,,multi_full_20260502_195405_0001,2026-05-02T20:03:24.234142,https://www.apnic.net/wp-json/oembed/1.0/embed/?url=https%3A%2F%2Fwww.apnic.net%2Fcommunity%2Fparticipate%2Felections%2Fnro-elections%2F&format=xml,https://www.apnic.net/,False,https://www.apnic.net/wp-json/oembed/1.0/embed/?url=https%3A%2F%2Fwww.apnic.net%2Fcommunity%2Fparticipate%2Felections%2Fnro-elections%2F&format=xml,https://www.apnic.net/,https://www.apnic.net/wp-json/oembed/1.0/embed/?url=https%3A%2F%2Fwww.apnic.net%2Fcommunity%2Fparticipate%2Felections%2Fnro-elections%2F&format=xml,recon_page,2026-05-02T20:03:24.239694
57,1,4,0,0,0,0,1,0,13,0,net,200,2,76705,1133.5,0,0,19,1,cloudflare,0,html,0,0,0,1,7,1,1,1,1,1,1,2,1,2,0,0,0,0,0,0,0,0,1,9,0,0,0,0,1,17,7,8,2,1,197,185,12,1,3,1,26,1,10,1,1,16,1,0,0,0,1,0,0,1,0,0,0,0,0,0,1,1,0,0,0,0,0,0,0,0,0,0,0.0,0.0,0.0,0,0,0,1,1,0,0,0,0,2,0,1,127,15,0,0,0,0,0,0,0,1.0,0.00022162831627664428,0.875,0.169480477152728,0,,multi_full_20260502_195405_0001,2026-05-02T20:03:39.825077,https://www.apnic.net/community/participate/elections/ec/,https://www.apnic.net/,False,https://www.apnic.net/community/participate/elections/ec/,https://www.apnic.net/,https://www.apnic.net/community/participate/elections/ec/,recon_page,2026-05-02T20:03:39.829990
90,1,4,1,1,0,0,1,0,13,0,net,403,4,2515,985.1379999999999,0,0,18,1,cloudflare,0,html,0,0,0,1,7,1,1,1,1,1,0,0,0,0,0,0,0,0,0,0,0,0,0,0,0,0,0,0,0,0,0,0,0,0,0,0,0,0,0,1,3,0,0,0,0,0,1,0,0,0,0,0,0,1,0,0,0,1,0,0,1,1,0,0,0,0,0,0,0,0,0,0,0.0,0.0,0.0,0,0,0,0,0,0,0,0,0,0,0,0,0,0,0,0,0,0,0,0,0,0.0,0.0,0.875,0.0,0,,multi_full_20260502_195405_0001,2026-05-02T20:03:40.021266,https://www.apnic.net/wp-json/oembed/1.0/embed/?url=https%3A%2F%2Fwww.apnic.net%2Finsights,https://www.apnic.net/,False,https://www.apnic.net/wp-json/oembed/1.0/embed/?url=https%3A%2F%2Fwww.apnic.net%2Finsights,https://www.apnic.net/,https://www.apnic.net/wp-json/oembed/1.0/embed/?url=https%3A%2F%2Fwww.apnic.net%2Finsights,recon_page,2026-05-02T20:03:40.025767
101,1,4,1,2,0,0,1,0,13,0,net,403,4,2515,765.83,0,0,18,1,cloudflare,0,html,0,0,0,1,7,1,1,1,1,1,0,0,0,0,0,0,0,0,0,0,0,0,0,0,0,0,0,0,0,0,0,0,0,0,0,0,0,0,0,1,3,0,0,0,0,0,1,0,0,0,0,0,0,1,0,0,0,1,0,0,1,1,0,0,0,0,0,0,0,0,0,0,0.0,0.0,0.0,0,0,0,0,0,0,0,0,0,0,0,0,0,0,0,0,0,0,0,0,0,0.0,0.0,0.875,0.0,0,,multi_full_20260502_195405_0001,2026-05-02T20:03:40.067101,https://www.apnic.net/wp-json/oembed/1.0/embed/?url=https%3A%2F%2Fwww.apnic.net%2Finsights&format=xml,https://www.apnic.net/,False,https://www.apnic.net/wp-json/oembed/1.0/embed/?url=https%3A%2F%2Fwww.apnic.net%2Finsights&format=xml,https://www.apnic.net/,https://www.apnic.net/wp-json/oembed/1.0/embed/?url=https%3A%2F%2Fwww.apnic.net%2Finsights&format=xml,recon_page,2026-05-02T20:03:40.110493
91,1,4,1,1,0,0,1,0,13,0,net,403,4,2515,904.679,0,0,18,1,cloudflare,0,html,0,0,0,1,7,1,1,1,1,1,0,0,0,0,0,0,0,0,0,0,0,0,0,0,0,0,0,0,0,0,0,0,0,0,0,0,0,0,0,1,3,0,0,0,0,0,1,0,0,0,0,0,0,1,0,0,0,1,0,0,1,1,0,0,0,0,0,0,0,0,0,0,0.0,0.0,0.0,0,0,0,0,0,0,0,0,0,0,0,0,0,0,0,0,0,0,0,0,0,0.0,0.0,0.875,0.0,0,,multi_full_20260502_195405_0001,2026-05-02T20:03:40.077282,https://www.apnic.net/wp-json/oembed/1.0/embed/?url=https%3A%2F%2Fwww.apnic.net%2Finsights&,https://www.apnic.net/,False,https://www.apnic.net/wp-json/oembed/1.0/embed/?url=https%3A%2F%2Fwww.apnic.net%2Finsights&,https://www.apnic.net/,https://www.apnic.net/wp-json/oembed/1.0/embed/?url=https%3A%2F%2Fwww.apnic.net%2Finsights&,recon_page,2026-05-02T20:03:40.103842
82,1,5,0,0,0,0,1,0,13,0,net,200,2,80769,1091.123,0,0,19,1,cloudflare,0,html,0,0,0,1,7,1,1,1,1,1,1,2,1,2,0,0,0,0,0,0,0,0,1,9,0,0,0,0,1,17,7,8,2,1,202,183,19,1,3,1,26,1,10,1,1,16,1,0,0,0,1,0,0,1,0,0,0,0,0,0,1,1,0,0,0,0,0,0,0,0,0,0,0.0,0.0,0.0,0,0,0,1,1,0,0,0,0,2,0,1,132,15,0,0,0,0,0,0,0,1.0,0.00021047679183845288,0.875,0.1609528408176404,0,,multi_full_20260502_195405_0001,2026-05-02T20:03:40.135848,https://www.apnic.net/community/participate/elections/nro-elections/about-the-nro/,https://www.apnic.net/,False,https://www.apnic.net/community/participate/elections/nro-elections/about-the-nro/,https://www.apnic.net/,https://www.apnic.net/community/participate/elections/nro-elections/about-the-nro/,recon_page,2026-05-02T20:03:40.143215
136,1,4,1,1,0,0,1,0,13,0,net,403,4,2515,1059.985,0,0,18,1,cloudflare,0,html,0,0,0,1,7,1,1,1,1,1,0,0,0,0,0,0,0,0,0,0,0,0,0,0,0,0,0,0,0,0,0,0,0,0,0,0,0,0,0,1,3,0,0,0,0,0,1,0,0,0,0,0,0,1,0,0,0,1,0,0,1,1,0,0,0,0,0,0,0,0,0,0,0.0,0.0,0.0,0,0,0,0,0,0,0,0,0,0,0,0,0,0,0,0,0,0,0,0,0,0.0,0.0,0.875,0.0,0,,multi_full_20260502_195405_0001,2026-05-02T20:03:51.524001,https://www.apnic.net/wp-json/oembed/1.0/embed/?url=https%3A%2F%2Fwww.apnic.net%2Fcommunity%2Fparticipate%2Felections%2Fnro-elections%2F,https://www.apnic.net/,False,https://www.apnic.net/wp-json/oembed/1.0/embed/?url=https%3A%2F%2Fwww.apnic.net%2Fcommunity%2Fparticipate%2Felections%2Fnro-elections%2F,https://www.apnic.net/,https://www.apnic.net/wp-json/oembed/1.0/embed/?url=https%3A%2F%2Fwww.apnic.net%2Fcommunity%2Fparticipate%2Felections%2Fnro-elections%2F,recon_page,2026-05-02T20:03:51.530401
48,1,5,0,0,0,0,1,0,13,0,net,403,4,2515,1035.254,0,0,18,1,cloudflare,0,html,0,0,0,1,7,1,1,1,1,1,0,0,0,0,0,0,0,0,0,0,0,0,0,0,0,0,0,0,0,0,0,0,0,0,0,0,0,0,0,1,3,0,0,0,0,0,1,0,0,0,0,0,0,1,0,0,0,1,0,0,1,1,0,0,0,0,0,0,0,0,0,0,0.0,0.0,0.0,0,0,0,0,0,0,0,0,0,0,0,0,0,0,0,0,0,0,0,0,0,0.0,0.0,0.875,0.0,0,,multi_full_20260502_195405_0001,2026-05-02T20:03:51.782393,https://www.apnic.net/wp-json/wp/v2/pages/34455/,https://www.apnic.net/,False,https://www.apnic.net/wp-json/wp/v2/pages/34455/,https://www.apnic.net/,https://www.apnic.net/wp-json/wp/v2/pages/34455/,recon_page,2026-05-02T20:03:51.786285
49,1,3,0,0,0,0,1,0,13,0,net,200,2,146211,2153.8149999999996,0,0,19,1,cloudflare,0,html,0,0,0,1,7,1,1,1,1,1,1,2,1,2,0,0,0,0,0,0,0,0,1,9,0,0,0,0,1,17,7,8,2,1,533,521,12,1,3,1,26,1,10,1,1,14,1,0,0,0,1,0,0,1,0,0,0,0,0,0,1,1,0,0,0,0,0,0,0,0,0,0,0.0,0.0,0.0,0,0,0,1,1,0,0,0,0,2,0,1,314,15,0,0,0,0,0,0,0,1.0,0.00011627032165842515,0.875,0.08891259891526629,0,,multi_full_20260502_195405_0001,2026-05-02T20:03:52.239460,https://www.apnic.net/community/policy/proposals/,https://www.apnic.net/,False,https://www.apnic.net/community/policy/proposals/,https://www.apnic.net/,https://www.apnic.net/community/policy/proposals/,recon_page,2026-05-02T20:03:52.244444
62,1,3,0,0,0,0,1,0,13,0,net,404,4,68157,887.357,0,0,19,1,cloudflare,0,html,0,0,0,1,7,1,1,1,1,1,1,2,1,2,0,0,0,0,0,0,0,0,1,9,0,0,0,0,1,17,7,8,2,1,164,152,12,1,3,1,26,1,10,1,1,8,1,0,0,0,1,0,0,1,0,0,0,1,0,0,1,1,0,0,0,0,0,0,0,0,0,0,0.0,0.0,0.0,0,0,0,1,1,0,0,0,0,2,0,1,109,13,0,0,0,0,0,0,0,1.0,0.00024942412371436535,0.875,0.19073609460510293,0,,multi_full_20260502_195405_0001,2026-05-02T20:03:52.876279,https://www.apnic.net/community/security/security-cooperation/,https://www.apnic.net/,False,https://www.apnic.net/community/security/security-cooperation/,https://www.apnic.net/,https://www.apnic.net/community/security/security-cooperation/,recon_page,2026-05-02T20:03:52.879682
57,1,3,0,0,0,0,1,0,13,0,net,200,2,88158,134.969,0,0,20,1,cloudflare,0,html,0,0,0,1,7,1,1,1,1,1,1,2,1,2,0,0,0,0,0,0,0,0,1,22,0,0,0,0,1,17,7,8,2,1,220,208,12,1,3,1,26,1,10,1,1,14,1,0,0,0,1,0,0,1,0,0,0,0,0,0,1,1,0,0,0,0,0,0,0,0,0,0,0.0,0.0,0.0,0,0,0,1,1,0,0,0,0,2,0,1,153,15,0,0,0,0,0,0,0,1.0,0.00019283559064407088,0.875,0.2949250209850496,0,,multi_full_20260502_195405_0001,2026-05-02T20:03:53.348774,https://www.apnic.net/community/participate/mailinglists/,https://www.apnic.net/,False,https://www.apnic.net/community/participate/mailinglists/,https://www.apnic.net/,https://www.apnic.net/community/participate/mailinglists/,recon_page,2026-05-02T20:03:53.352943
62,1,3,0,0,0,0,1,0,13,0,net,200,2,74265,1197.203,0,0,19,1,cloudflare,0,html,0,0,0,1,7,1,1,1,1,1,1,2,1,2,0,0,0,0,0,0,0,0,1,9,0,0,0,0,1,17,7,8,2,1,180,168,12,1,3,1,26,1,10,1,1,15,1,0,0,0,1,0,0,1,0,0,0,0,0,0,1,1,0,0,0,0,0,0,0,0,0,0,0.0,0.0,0.0,0,0,0,1,1,0,0,0,0,2,0,1,120,15,0,0,0,0,0,0,0,1.0,0.0002289099845149128,0.875,0.1750488116878745,0,,multi_full_20260502_195405_0001,2026-05-02T20:04:11.498238,https://www.apnic.net/events/apnic-conferences/apnic-meetings/,https://www.apnic.net/,False,https://www.apnic.net/events/apnic-conferences/apnic-meetings/,https://www.apnic.net/,https://www.apnic.net/events/apnic-conferences/apnic-meetings/,recon_page,2026-05-02T20:04:11.505629
94,1,4,1,1,0,0,1,0,13,0,net,403,4,2515,868.14,0,0,18,1,cloudflare,0,html,0,0,0,1,7,1,1,1,1,1,0,0,0,0,0,0,0,0,0,0,0,0,0,0,0,0,0,0,0,0,0,0,0,0,0,0,0,0,0,1,3,0,0,0,0,0,1,0,0,0,0,0,0,1,0,0,0,1,0,0,1,1,0,0,0,0,0,0,0,0,0,0,0.0,0.0,0.0,0,0,0,0,0,0,0,0,0,0,0,0,0,0,0,0,0,0,0,0,0,0.0,0.0,0.875,0.0,0,,multi_full_20260502_195405_0001,2026-05-02T20:04:26.962314,https://www.apnic.net/wp-json/oembed/1.0/embed/?url=https%3A%2F%2Fwww.apnic.net%2Fcommunity%2F,https://www.apnic.net/,False,https://www.apnic.net/wp-json/oembed/1.0/embed/?url=https%3A%2F%2Fwww.apnic.net%2Fcommunity%2F,https://www.apnic.net/,https://www.apnic.net/wp-json/oembed/1.0/embed/?url=https%3A%2F%2Fwww.apnic.net%2Fcommunity%2F,recon_page,2026-05-02T20:04:27.008960
46,1,5,0,0,0,0,1,0,13,0,net,403,4,2515,892.232,0,0,18,1,cloudflare,0,html,0,0,0,1,7,1,1,1,1,1,0,0,0,0,0,0,0,0,0,0,0,0,0,0,0,0,0,0,0,0,0,0,0,0,0,0,0,0,0,1,3,0,0,0,0,0,1,0,0,0,0,0,0,1,0,0,0,1,0,0,1,1,0,0,0,0,0,0,0,0,0,0,0.0,0.0,0.0,0,0,0,0,0,0,0,0,0,0,0,0,0,0,0,0,0,0,0,0,0,0.0,0.0,0.875,0.0,0,,multi_full_20260502_195405_0001,2026-05-02T20:04:27.019395,https://www.apnic.net/wp-json/wp/v2/pages/712/,https://www.apnic.net/,False,https://www.apnic.net/wp-json/wp/v2/pages/712/,https://www.apnic.net/,https://www.apnic.net/wp-json/wp/v2/pages/712/,recon_page,2026-05-02T20:04:27.057390
47,1,3,0,0,0,0,1,0,13,0,net,200,2,77973,955.159,0,0,19,1,cloudflare,0,html,0,0,0,1,7,1,1,1,1,1,1,2,1,2,0,0,0,0,0,0,0,0,1,9,0,0,0,0,1,17,7,8,2,1,203,191,12,1,4,1,26,1,10,1,1,15,1,0,0,0,1,0,0,1,0,0,0,0,0,0,1,1,0,0,0,0,0,0,0,0,0,0,0.0,0.0,0.0,0,0,0,1,1,0,0,0,0,2,0,1,135,15,0,0,0,0,0,0,0,1.0,0.00021802418785990023,0.875,0.1667243789516884,0,,multi_full_20260502_195405_0001,2026-05-02T20:04:27.021819,https://www.apnic.net/community/policy/process/,https://www.apnic.net/,False,https://www.apnic.net/community/policy/process/,https://www.apnic.net/,https://www.apnic.net/community/policy/process/,recon_page,2026-05-02T20:04:27.048938
49,1,3,0,0,0,0,1,0,13,0,net,200,2,87574,1098.4879999999998,0,0,19,1,cloudflare,0,html,0,0,0,1,7,1,1,1,1,1,1,2,1,2,0,0,0,0,0,0,0,0,1,15,0,0,0,0,1,17,7,8,2,1,210,192,18,1,9,1,26,1,10,1,1,14,1,0,0,0,1,0,0,1,0,0,0,0,0,0,1,1,0,0,0,0,0,0,0,0,0,0,0.0,0.0,0.0,0,0,0,1,1,0,0,0,0,2,0,1,139,21,0,0,0,0,0,0,0,1.0,0.00019412154292369882,0.875,0.2169593715029575,0,,multi_full_20260502_195405_0001,2026-05-02T20:04:27.148410,https://www.apnic.net/community/ecosystem/aporgs/,https://www.apnic.net/,False,https://www.apnic.net/community/ecosystem/aporgs/,https://www.apnic.net/,https://www.apnic.net/community/ecosystem/aporgs/,recon_page,2026-05-02T20:04:27.152776
105,1,4,1,2,0,0,1,0,13,0,net,403,4,2515,1473.453,0,0,18,1,cloudflare,0,html,0,0,0,1,7,1,1,1,1,1,0,0,0,0,0,0,0,0,0,0,0,0,0,0,0,0,0,0,0,0,0,0,0,0,0,0,0,0,0,1,3,0,0,0,0,0,1,0,0,0,0,0,0,1,0,0,0,1,0,0,1,1,0,0,0,0,0,0,0,0,0,0,0.0,0.0,0.0,0,0,0,0,0,0,0,0,0,0,0,0,0,0,0,0,0,0,0,0,0,0.0,0.0,0.875,0.0,0,,multi_full_20260502_195405_0001,2026-05-02T20:04:30.437660,https://www.apnic.net/wp-json/oembed/1.0/embed/?url=https%3A%2F%2Fwww.apnic.net%2Fcommunity%2F&format=xml,https://www.apnic.net/,False,https://www.apnic.net/wp-json/oembed/1.0/embed/?url=https%3A%2F%2Fwww.apnic.net%2Fcommunity%2F&format=xml,https://www.apnic.net/,https://www.apnic.net/wp-json/oembed/1.0/embed/?url=https%3A%2F%2Fwww.apnic.net%2Fcommunity%2F&format=xml,recon_page,2026-05-02T20:04:30.447561
95,1,4,1,1,0,0,1,0,13,0,net,403,4,2515,908.9300000000001,0,0,18,1,cloudflare,0,html,0,0,0,1,7,1,1,1,1,1,0,0,0,0,0,0,0,0,0,0,0,0,0,0,0,0,0,0,0,0,0,0,0,0,0,0,0,0,0,1,3,0,0,0,0,0,1,0,0,0,0,0,0,1,0,0,0,1,0,0,1,1,0,0,0,0,0,0,0,0,0,0,0.0,0.0,0.0,0,0,0,0,0,0,0,0,0,0,0,0,0,0,0,0,0,0,0,0,0,0.0,0.0,0.875,0.0,0,,multi_full_20260502_195405_0001,2026-05-02T20:04:30.688935,https://www.apnic.net/wp-json/oembed/1.0/embed/?url=https%3A%2F%2Fwww.apnic.net%2Fcommunity%2F&,https://www.apnic.net/,False,https://www.apnic.net/wp-json/oembed/1.0/embed/?url=https%3A%2F%2Fwww.apnic.net%2Fcommunity%2F&,https://www.apnic.net/,https://www.apnic.net/wp-json/oembed/1.0/embed/?url=https%3A%2F%2Fwww.apnic.net%2Fcommunity%2F&,recon_page,2026-05-02T20:04:30.694918
119,1,4,1,2,0,0,1,0,13,0,net,403,4,2515,862.755,0,0,18,1,cloudflare,0,html,0,0,0,1,7,1,1,1,1,1,0,0,0,0,0,0,0,0,0,0,0,0,0,0,0,0,0,0,0,0,0,0,0,0,0,0,0,0,0,1,3,0,0,0,0,0,1,0,0,0,0,0,0,1,0,0,0,1,0,0,1,1,0,0,0,0,0,0,0,0,0,0,0.0,0.0,0.0,0,0,0,0,0,0,0,0,0,0,0,0,0,0,0,0,0,0,0,0,0,0.0,0.0,0.875,0.0,0,,multi_full_20260502_195405_0001,2026-05-02T20:04:35.525585,https://www.apnic.net/wp-json/oembed/1.0/embed/?url=https%3A%2F%2Fwww.apnic.net%2Fcommunity%2Fparticipate%2F&format=xml,https://www.apnic.net/,False,https://www.apnic.net/wp-json/oembed/1.0/embed/?url=https%3A%2F%2Fwww.apnic.net%2Fcommunity%2Fparticipate%2F&format=xml,https://www.apnic.net/,https://www.apnic.net/wp-json/oembed/1.0/embed/?url=https%3A%2F%2Fwww.apnic.net%2Fcommunity%2Fparticipate%2F&format=xml,recon_page,2026-05-02T20:04:35.531743
73,1,4,0,0,0,0,1,0,13,0,net,200,2,74835,1042.02,0,0,19,1,cloudflare,0,html,0,0,0,1,7,1,1,1,1,1,1,2,1,2,0,0,0,0,0,0,0,0,1,9,0,0,0,0,1,17,7,8,2,1,184,172,12,1,3,1,26,1,10,1,1,14,1,0,0,0,1,0,0,1,0,0,0,1,0,0,1,1,0,0,0,0,0,0,0,0,0,0,0.0,0.0,0.0,0,0,0,1,1,0,0,0,0,2,0,1,120,15,0,0,0,0,0,0,0,1.0,0.00022716643281886818,0.875,0.17371550744972275,0,,multi_full_20260502_195405_0001,2026-05-02T20:04:35.817693,https://www.apnic.net/community/participate/mailinglists/code-of-conduct/,https://www.apnic.net/,False,https://www.apnic.net/community/participate/mailinglists/code-of-conduct/,https://www.apnic.net/,https://www.apnic.net/community/participate/mailinglists/code-of-conduct/,recon_page,2026-05-02T20:04:35.821155
47,1,5,0,0,0,0,1,0,13,0,net,403,4,2515,1111.749,0,0,18,1,cloudflare,0,html,0,0,0,1,7,1,1,1,1,1,0,0,0,0,0,0,0,0,0,0,0,0,0,0,0,0,0,0,0,0,0,0,0,0,0,0,0,0,0,1,3,0,0,0,0,0,1,0,0,0,0,0,0,1,0,0,0,1,0,0,1,1,0,0,0,0,0,0,0,0,0,0,0.0,0.0,0.0,0,0,0,0,0,0,0,0,0,0,0,0,0,0,0,0,0,0,0,0,0,0.0,0.0,0.875,0.0,0,,multi_full_20260502_195405_0001,2026-05-02T20:05:11.603279,https://www.apnic.net/wp-json/wp/v2/pages/1179/,https://www.apnic.net/,False,https://www.apnic.net/wp-json/wp/v2/pages/1179/,https://www.apnic.net/,https://www.apnic.net/wp-json/wp/v2/pages/1179/,recon_page,2026-05-02T20:05:11.606269
109,1,4,1,1,0,0,1,0,13,0,net,403,4,2515,860.533,0,0,18,1,cloudflare,0,html,0,0,0,1,7,1,1,1,1,1,0,0,0,0,0,0,0,0,0,0,0,0,0,0,0,0,0,0,0,0,0,0,0,0,0,0,0,0,0,1,3,0,0,0,0,0,1,0,0,0,0,0,0,1,0,0,0,1,0,0,1,1,0,0,0,0,0,0,0,0,0,0,0.0,0.0,0.0,0,0,0,0,0,0,0,0,0,0,0,0,0,0,0,0,0,0,0,0,0,0.0,0.0,0.875,0.0,0,,multi_full_20260502_195405_0001,2026-05-02T20:05:20.401524,https://www.apnic.net/wp-json/oembed/1.0/embed/?url=https%3A%2F%2Fwww.apnic.net%2Fcommunity%2Fparticipate%2F&,https://www.apnic.net/,False,https://www.apnic.net/wp-json/oembed/1.0/embed/?url=https%3A%2F%2Fwww.apnic.net%2Fcommunity%2Fparticipate%2F&,https://www.apnic.net/,https://www.apnic.net/wp-json/oembed/1.0/embed/?url=https%3A%2F%2Fwww.apnic.net%2Fcommunity%2Fparticipate%2F&,recon_page,2026-05-02T20:05:20.428258
108,1,4,1,1,0,0,1,0,13,0,net,403,4,2515,835.1070000000001,0,0,18,1,cloudflare,0,html,0,0,0,1,7,1,1,1,1,1,0,0,0,0,0,0,0,0,0,0,0,0,0,0,0,0,0,0,0,0,0,0,0,0,0,0,0,0,0,1,3,0,0,0,0,0,1,0,0,0,0,0,0,1,0,0,0,1,0,0,1,1,0,0,0,0,0,0,0,0,0,0,0.0,0.0,0.0,0,0,0,0,0,0,0,0,0,0,0,0,0,0,0,0,0,0,0,0,0,0.0,0.0,0.875,0.0,0,,multi_full_20260502_195405_0001,2026-05-02T20:05:20.446076,https://www.apnic.net/wp-json/oembed/1.0/embed/?url=https%3A%2F%2Fwww.apnic.net%2Fcommunity%2Fparticipate%2F,https://www.apnic.net/,False,https://www.apnic.net/wp-json/oembed/1.0/embed/?url=https%3A%2F%2Fwww.apnic.net%2Fcommunity%2Fparticipate%2F,https://www.apnic.net/,https://www.apnic.net/wp-json/oembed/1.0/embed/?url=https%3A%2F%2Fwww.apnic.net%2Fcommunity%2Fparticipate%2F,recon_page,2026-05-02T20:05:20.483370
112,1,4,1,1,0,0,1,0,13,0,net,403,4,2515,811.394,0,0,18,1,cloudflare,0,html,0,0,0,1,7,1,1,1,1,1,0,0,0,0,0,0,0,0,0,0,0,0,0,0,0,0,0,0,0,0,0,0,0,0,0,0,0,0,0,1,3,0,0,0,0,0,1,0,0,0,0,0,0,1,0,0,0,1,0,0,1,1,0,0,0,0,0,0,0,0,0,0,0.0,0.0,0.0,0,0,0,0,0,0,0,0,0,0,0,0,0,0,0,0,0,0,0,0,0,0.0,0.0,0.875,0.0,0,,multi_full_20260502_195405_0001,2026-05-02T20:05:20.483057,https://www.apnic.net/wp-json/oembed/1.0/embed/?url=https%3A%2F%2Fwww.apnic.net%2Fmanage-ip%2Fipv4-exhaustion%2F,https://www.apnic.net/,False,https://www.apnic.net/wp-json/oembed/1.0/embed/?url=https%3A%2F%2Fwww.apnic.net%2Fmanage-ip%2Fipv4-exhaustion%2F,https://www.apnic.net/,https://www.apnic.net/wp-json/oembed/1.0/embed/?url=https%3A%2F%2Fwww.apnic.net%2Fmanage-ip%2Fipv4-exhaustion%2F,recon_page,2026-05-02T20:05:20.519989
31,1,1,0,0,0,0,1,0,13,0,net,200,2,83388,1335.317,0,0,19,1,cloudflare,0,html,0,0,0,1,7,1,1,1,1,1,1,2,1,2,0,0,0,0,0,0,0,0,1,9,0,0,0,0,1,17,7,8,2,1,171,158,13,1,10,1,26,1,10,1,1,11,1,0,0,0,1,0,0,1,0,0,0,0,0,0,1,1,0,0,0,0,0,0,0,0,0,0,0.0,0.0,0.0,0,0,0,1,1,0,0,0,0,2,0,1,115,15,0,0,0,0,0,0,0,1.0,0.00020386626373099248,0.875,0.155897731088406,0,,multi_full_20260502_195405_0001,2026-05-02T20:05:20.566161,https://www.apnic.net/your-say/,https://www.apnic.net/,False,https://www.apnic.net/your-say/,https://www.apnic.net/,https://www.apnic.net/your-say/,recon_page,2026-05-02T20:05:20.603757
64,1,3,0,0,0,0,1,0,13,0,net,200,2,77467,1037.4950000000001,0,0,19,1,cloudflare,0,html,0,0,0,1,7,1,1,1,1,1,1,2,1,2,0,0,0,0,0,0,0,0,1,9,0,0,0,0,1,17,7,8,2,1,212,176,36,1,4,1,26,1,10,1,1,14,1,0,0,0,1,0,0,1,0,0,0,0,0,0,1,1,0,0,0,0,0,0,0,0,0,0,0.0,0.0,0.0,0,0,0,1,1,0,0,0,0,2,0,1,147,15,0,0,0,0,1,0,0,1.0,0.00021944828120360927,0.875,0.16781339150864238,0,,multi_full_20260502_195405_0001,2026-05-02T20:05:20.725598,https://www.apnic.net/community/support/network-operator-groups/,https://www.apnic.net/,False,https://www.apnic.net/community/support/network-operator-groups/,https://www.apnic.net/,https://www.apnic.net/community/support/network-operator-groups/,recon_page,2026-05-02T20:05:20.772104
29,1,1,0,0,0,0,1,0,13,0,net,200,2,74650,170.609,0,0,20,1,cloudflare,0,html,0,0,0,1,7,1,1,1,1,1,1,2,1,2,0,0,0,0,0,0,0,0,1,9,0,0,0,0,1,17,7,8,2,1,191,172,19,1,6,1,26,1,10,1,1,14,1,0,0,0,1,0,0,1,0,0,0,0,0,0,1,1,0,0,0,0,0,0,0,0,0,0,0.0,0.0,0.0,0,0,0,1,1,0,0,0,0,2,0,1,120,15,0,0,0,0,0,0,0,1.0,0.00022772940388479573,0.875,0.174146014735432,0,,multi_full_20260502_195405_0001,2026-05-02T20:05:20.665573,https://www.apnic.net/social/,https://www.apnic.net/,False,https://www.apnic.net/social/,https://www.apnic.net/,https://www.apnic.net/social/,recon_page,2026-05-02T20:05:20.762909
74,1,4,0,0,0,0,1,0,13,0,net,200,2,141428,2611.633,0,0,19,1,cloudflare,0,html,0,0,0,1,7,1,1,1,1,1,1,2,1,2,0,0,0,0,0,0,0,0,1,9,0,0,0,0,1,57,42,12,3,1,371,359,12,1,3,1,26,1,12,1,1,17,1,0,0,0,1,0,0,1,0,0,1,1,0,0,1,1,0,0,0,0,0,0,0,0,0,0,0.0,0.0,0.0,0,0,0,1,1,0,0,0,0,2,0,1,308,17,0,0,0,0,0,0,0,1.0,0.00040303193144214725,0.875,0.09191956331136691,0,,multi_full_20260502_195405_0001,2026-05-02T20:05:20.818960,https://www.apnic.net/community/policy/proposals/submit-a-policy-proposal/,https://www.apnic.net/,False,https://www.apnic.net/community/policy/proposals/submit-a-policy-proposal/,https://www.apnic.net/,https://www.apnic.net/community/policy/proposals/submit-a-policy-proposal/,recon_page,2026-05-02T20:05:20.829253
49,1,3,0,0,0,0,1,0,13,0,net,200,2,184322,1267.417,0,0,19,1,cloudflare,0,html,0,0,0,1,7,1,1,1,1,1,1,2,1,2,0,0,0,0,0,0,0,0,1,9,0,0,0,0,1,17,7,8,2,1,195,183,12,1,4,1,26,1,10,1,1,14,1,0,0,0,1,0,0,1,0,0,0,1,0,0,1,1,0,0,0,0,0,0,0,0,0,0,0.0,0.0,0.0,0,0,0,1,1,0,0,0,0,2,0,1,131,15,0,0,0,0,0,0,0,1.0,9.222990201929232e-05,0.875,0.07052874860298824,0,,multi_full_20260502_195405_0001,2026-05-02T20:05:20.825339,https://www.apnic.net/community/policy/resources/,https://www.apnic.net/,False,https://www.apnic.net/community/policy/resources/,https://www.apnic.net/,https://www.apnic.net/community/policy/resources/,recon_page,2026-05-02T20:05:20.842523
31,1,1,0,0,0,0,1,0,13,0,net,200,2,76082,1112.104,0,0,19,1,cloudflare,0,html,0,0,0,1,7,1,1,1,1,1,1,2,1,2,0,0,0,0,0,0,0,0,1,9,0,0,0,0,1,17,7,8,2,1,197,185,12,1,3,1,26,1,10,1,1,14,1,0,0,0,1,0,0,1,0,0,0,0,0,0,1,1,0,0,0,0,0,0,0,0,0,0,0.0,0.0,0.0,0,0,0,1,1,0,0,0,0,2,0,1,137,15,0,0,0,0,0,0,0,1.0,0.00022344312715228307,0.875,0.17086827370468707,0,,multi_full_20260502_195405_0001,2026-05-02T20:05:22.574534,https://www.apnic.net/transfer/,https://www.apnic.net/,False,https://www.apnic.net/transfer/,https://www.apnic.net/,https://www.apnic.net/transfer/,recon_page,2026-05-02T20:05:22.579947
123,1,4,1,2,0,0,1,0,13,0,net,403,4,2515,888.553,0,0,18,1,cloudflare,0,html,0,0,0,1,7,1,1,1,1,1,0,0,0,0,0,0,0,0,0,0,0,0,0,0,0,0,0,0,0,0,0,0,0,0,0,0,0,0,0,1,3,0,0,0,0,0,1,0,0,0,0,0,0,1,0,0,0,1,0,0,1,1,0,0,0,0,0,0,0,0,0,0,0.0,0.0,0.0,0,0,0,0,0,0,0,0,0,0,0,0,0,0,0,0,0,0,0,0,0,0.0,0.0,0.875,0.0,0,,multi_full_20260502_195405_0001,2026-05-02T20:05:23.794478,https://www.apnic.net/wp-json/oembed/1.0/embed/?url=https%3A%2F%2Fwww.apnic.net%2Fmanage-ip%2Fipv4-exhaustion%2F&format=xml,https://www.apnic.net/,False,https://www.apnic.net/wp-json/oembed/1.0/embed/?url=https%3A%2F%2Fwww.apnic.net%2Fmanage-ip%2Fipv4-exhaustion%2F&format=xml,https://www.apnic.net/,https://www.apnic.net/wp-json/oembed/1.0/embed/?url=https%3A%2F%2Fwww.apnic.net%2Fmanage-ip%2Fipv4-exhaustion%2F&format=xml,recon_page,2026-05-02T20:05:23.804599
71,1,3,0,0,0,0,1,0,13,0,net,200,2,291869,1185.2160000000001,0,0,22,0,unknown,0,html,1,1,0,1,5,1,1,0,0,1,0,0,0,0,0,0,0,0,0,0,0,0,0,0,0,0,0,0,1,20,14,6,0,1,6,6,0,0,0,1,3,1,4,1,1,16,1,0,0,0,0,0,0,1,0,0,1,1,1,0,1,1,0,0,0,0,0,0,0,0,0,0,1.0,0.0,1.0,0,0,0,0,0,0,0,0,0,0,0,0,12,2,0,0,0,0,0,0,0,0.0,6.852389256824124e-05,0.625,0.0,0,,multi_full_20260502_195405_0001,2026-05-02T20:05:23.800761,https://www.apnic.net/manage-ip/apnic-services/get-more-ipv4-addresses/,https://www.apnic.net/,False,https://www.apnic.net/manage-ip/apnic-services/get-more-ipv4-addresses/,https://www.apnic.net/,https://www.apnic.net/manage-ip/apnic-services/get-more-ipv4-addresses/,recon_page,2026-05-02T20:05:23.808466
27,0,1,0,0,0,0,1,0,13,0,net,200,2,97212,125.007,0,0,20,1,cloudflare,0,html,0,0,0,1,7,1,1,1,1,1,1,2,1,2,0,0,0,0,0,0,0,0,1,9,0,0,0,0,1,17,7,8,2,1,207,192,15,1,3,1,26,1,10,1,1,14,1,0,0,0,1,0,0,1,0,0,0,0,0,0,1,1,0,0,0,0,0,0,0,0,0,0,0.0,0.0,0.0,0,0,0,1,1,0,0,0,0,2,0,1,141,15,0,0,0,0,0,0,0,1.0,0.00017487552976998725,0.875,0.13372834629469613,0,,multi_full_20260502_195405_0001,2026-05-02T20:06:01.656214,http://www.apnic.net/apply/,https://www.apnic.net/,False,http://www.apnic.net/apply/,https://www.apnic.net/,http://www.apnic.net/apply/,recon_page,2026-05-02T20:06:01.665923
48,1,5,0,0,0,0,1,0,13,0,net,403,4,2515,891.212,0,0,18,1,cloudflare,0,html,0,0,0,1,7,1,1,1,1,1,0,0,0,0,0,0,0,0,0,0,0,0,0,0,0,0,0,0,0,0,0,0,0,0,0,0,0,0,0,1,3,0,0,0,0,0,1,0,0,0,0,0,0,1,0,0,0,1,0,0,1,1,0,0,0,0,0,0,0,0,0,0,0.0,0.0,0.0,0,0,0,0,0,0,0,0,0,0,0,0,0,0,0,0,0,0,0,0,0,0.0,0.0,0.875,0.0,0,,multi_full_20260502_195405_0001,2026-05-02T20:06:07.412864,https://www.apnic.net/wp-json/wp/v2/pages/46063/,https://www.apnic.net/,False,https://www.apnic.net/wp-json/wp/v2/pages/46063/,https://www.apnic.net/,https://www.apnic.net/wp-json/wp/v2/pages/46063/,recon_page,2026-05-02T20:06:07.419318
113,1,4,1,1,0,0,1,0,13,0,net,403,4,2515,1355.558,0,0,18,1,cloudflare,0,html,0,0,0,1,7,1,1,1,1,1,0,0,0,0,0,0,0,0,0,0,0,0,0,0,0,0,0,0,0,0,0,0,0,0,0,0,0,0,0,1,3,0,0,0,0,0,1,0,0,0,0,0,0,1,0,0,0,1,0,0,1,1,0,0,0,0,0,0,0,0,0,0,0.0,0.0,0.0,0,0,0,0,0,0,0,0,0,0,0,0,0,0,0,0,0,0,0,0,0,0.0,0.0,0.875,0.0,0,,multi_full_20260502_195405_0001,2026-05-02T20:06:08.461996,https://www.apnic.net/wp-json/oembed/1.0/embed/?url=https%3A%2F%2Fwww.apnic.net%2Fmanage-ip%2Fipv4-exhaustion%2F&,https://www.apnic.net/,False,https://www.apnic.net/wp-json/oembed/1.0/embed/?url=https%3A%2F%2Fwww.apnic.net%2Fmanage-ip%2Fipv4-exhaustion%2F&,https://www.apnic.net/,https://www.apnic.net/wp-json/oembed/1.0/embed/?url=https%3A%2F%2Fwww.apnic.net%2Fmanage-ip%2Fipv4-exhaustion%2F&,recon_page,2026-05-02T20:06:08.512548
30,1,1,0,0,0,0,1,0,13,0,net,200,2,3851,1300.1670000000001,0,0,13,1,envoy,0,html,0,0,0,1,4,1,1,0,0,0,0,0,0,0,0,0,0,0,0,0,0,0,0,0,0,0,0,0,1,4,3,1,0,1,9,9,0,0,0,1,5,1,2,1,1,8,1,0,0,0,0,0,0,0,0,0,0,0,0,0,0,0,0,0,0,0,0,0,0,0,0,0,0.0,0.0,0.0,0,0,0,0,0,0,0,0,0,0,0,0,10,1,0,0,0,0,0,0,0,0.0,0.001038691249026227,0.5,0.0,0,,multi_full_20260502_195405_0001,2026-05-02T20:06:08.515247,https://www.apnic.net/myapnic/,https://www.apnic.net/,False,https://www.apnic.net/myapnic/,https://www.apnic.net/,https://www.apnic.net/myapnic/,recon_page,2026-05-02T20:06:08.565444
44,1,3,0,0,0,0,1,0,13,0,net,200,2,291869,1037.077,0,0,22,0,unknown,0,html,1,1,0,1,5,1,1,0,0,1,0,0,0,0,0,0,0,0,0,0,0,0,0,0,0,0,0,0,1,20,14,6,0,1,6,6,0,0,0,1,3,1,4,1,1,16,1,0,0,0,0,0,0,1,0,0,1,1,1,0,1,1,0,0,0,0,0,0,0,0,0,0,1.0,0.0,1.0,0,0,0,0,0,0,0,0,0,0,0,0,12,2,0,0,0,0,0,0,0,0.0,6.852389256824124e-05,0.625,0.0,0,,multi_full_20260502_195405_0001,2026-05-02T20:06:08.556919,https://www.apnic.net/get-ip/faqs/transfers/,https://www.apnic.net/,False,https://www.apnic.net/get-ip/faqs/transfers/,https://www.apnic.net/,https://www.apnic.net/get-ip/faqs/transfers/,recon_page,2026-05-02T20:06:08.581684
86,1,3,0,0,0,0,1,0,13,0,net,200,2,103605,1051.445,0,0,19,1,cloudflare,0,html,0,0,0,1,7,1,1,1,1,1,1,2,1,2,0,0,0,0,0,0,0,0,1,9,0,0,0,0,1,17,7,8,2,1,190,163,27,1,4,1,26,1,10,1,1,14,1,0,0,0,1,0,0,1,0,0,0,0,0,0,1,1,0,0,0,0,0,0,0,0,0,0,0.0,0.0,0.0,0,0,0,1,1,0,0,0,0,2,0,1,128,15,0,0,0,0,0,0,0,1.0,0.00016408474494474204,0.875,0.12547656966362628,0,,multi_full_20260502_195405_0001,2026-05-02T20:06:08.585632,https://www.apnic.net/manage-ip/ipv4-exhaustion/ipv4-exhaustion-and-address-transfers/,https://www.apnic.net/,False,https://www.apnic.net/manage-ip/ipv4-exhaustion/ipv4-exhaustion-and-address-transfers/,https://www.apnic.net/,https://www.apnic.net/manage-ip/ipv4-exhaustion/ipv4-exhaustion-and-address-transfers/,recon_page,2026-05-02T20:06:08.590057
100,1,3,0,0,0,0,1,0,13,0,net,200,2,70939,894.916,0,0,19,1,cloudflare,0,html,0,0,0,1,7,1,1,1,1,1,1,2,1,2,0,0,0,0,0,0,0,0,1,9,0,0,0,0,1,17,7,8,2,1,168,156,12,1,3,1,26,1,10,1,1,11,1,0,0,0,1,0,0,1,0,0,0,0,0,0,1,1,0,0,0,0,0,0,0,0,0,0,0.0,0.0,0.0,0,0,0,1,1,0,0,0,0,2,0,1,113,15,0,0,0,0,0,0,0,1.0,0.00023964250976190812,0.875,0.1832560368767533,0,,multi_full_20260502_195405_0001,2026-05-02T20:06:24.995013,https://www.apnic.net/about-apnic/service-updates/service-announcement-edge-switch-software-upgrade/,https://www.apnic.net/,False,https://www.apnic.net/about-apnic/service-updates/service-announcement-edge-switch-software-upgrade/,https://www.apnic.net/,https://www.apnic.net/about-apnic/service-updates/service-announcement-edge-switch-software-upgrade/,recon_page,2026-05-02T20:06:25.055547
87,1,3,0,0,0,0,1,0,13,0,net,200,2,70790,948.407,0,0,19,1,cloudflare,0,html,0,0,0,1,7,1,1,1,1,1,1,2,1,2,0,0,0,0,0,0,0,0,1,9,0,0,0,0,1,17,7,8,2,1,168,156,12,1,3,1,26,1,10,1,1,11,1,0,0,0,1,0,0,1,0,0,0,0,0,0,1,1,0,0,0,0,0,0,0,0,0,0,0.0,0.0,0.0,0,0,0,1,1,0,0,0,0,2,0,1,113,15,0,0,0,0,0,0,0,1.0,0.00024014691340584827,0.875,0.18364175731035456,0,,multi_full_20260502_195405_0001,2026-05-02T20:06:24.930057,https://www.apnic.net/about-apnic/service-updates/service-announcement-29-january-2020/,https://www.apnic.net/,False,https://www.apnic.net/about-apnic/service-updates/service-announcement-29-january-2020/,https://www.apnic.net/,https://www.apnic.net/about-apnic/service-updates/service-announcement-29-january-2020/,recon_page,2026-05-02T20:06:25.072777
88,1,3,0,0,0,0,1,0,13,0,net,200,2,72259,955.097,0,0,19,1,cloudflare,0,html,0,0,0,1,7,1,1,1,1,1,1,2,1,2,0,0,0,0,0,0,0,0,1,9,0,0,0,0,1,17,7,8,2,1,171,159,12,1,3,1,26,1,10,1,1,11,1,0,0,0,1,0,0,1,0,0,0,0,0,0,1,1,0,0,0,0,0,0,0,0,0,0,0.0,0.0,0.0,0,0,0,1,1,0,0,0,0,2,0,1,114,15,0,0,0,0,0,0,0,1.0,0.00023526481130378221,0.875,0.179908385114657,0,,multi_full_20260502_195405_0001,2026-05-02T20:06:25.047581,https://www.apnic.net/about-apnic/service-updates/service-announcement-18-december-2025/,https://www.apnic.net/,False,https://www.apnic.net/about-apnic/service-updates/service-announcement-18-december-2025/,https://www.apnic.net/,https://www.apnic.net/about-apnic/service-updates/service-announcement-18-december-2025/,recon_page,2026-05-02T20:06:25.073706
89,1,3,0,0,0,0,1,0,13,0,net,200,2,70772,931.4010000000001,0,0,19,1,cloudflare,0,html,0,0,0,1,7,1,1,1,1,1,1,2,1,2,0,0,0,0,0,0,0,0,1,9,0,0,0,0,1,17,7,8,2,1,168,156,12,1,3,1,26,1,10,1,1,11,1,0,0,0,1,0,0,1,0,0,0,0,0,0,1,1,0,0,0,0,0,0,0,0,0,0,0.0,0.0,0.0,0,0,0,1,1,0,0,0,0,2,0,1,113,15,0,0,0,0,0,0,0,1.0,0.00024020799186118803,0.875,0.1836884643644379,0,,multi_full_20260502_195405_0001,2026-05-02T20:06:25.021229,https://www.apnic.net/about-apnic/service-updates/service-announcement-06-september-2017/,https://www.apnic.net/,False,https://www.apnic.net/about-apnic/service-updates/service-announcement-06-september-2017/,https://www.apnic.net/,https://www.apnic.net/about-apnic/service-updates/service-announcement-06-september-2017/,recon_page,2026-05-02T20:06:25.081957
87,1,3,0,0,0,0,1,0,13,0,net,200,2,70749,899.3409999999999,0,0,19,1,cloudflare,0,html,0,0,0,1,7,1,1,1,1,1,1,2,1,2,0,0,0,0,0,0,0,0,1,9,0,0,0,0,1,17,7,8,2,1,168,156,12,1,3,1,26,1,10,1,1,11,1,0,0,0,1,0,0,1,0,0,0,0,0,0,1,1,0,0,0,0,0,0,0,0,0,0,0.0,0.0,0.0,0,0,0,1,1,0,0,0,0,2,0,1,113,15,0,0,0,0,0,0,0,1.0,0.00024028608178207467,0.875,0.1837481801862924,0,,multi_full_20260502_195405_0001,2026-05-02T20:06:24.997138,https://www.apnic.net/about-apnic/service-updates/service-announcement-25-january-2018/,https://www.apnic.net/,False,https://www.apnic.net/about-apnic/service-updates/service-announcement-25-january-2018/,https://www.apnic.net/,https://www.apnic.net/about-apnic/service-updates/service-announcement-25-january-2018/,recon_page,2026-05-02T20:06:25.089917
27,1,1,0,0,0,0,1,0,13,0,net,200,2,109399,172.064,0,0,20,1,cloudflare,0,html,0,0,0,1,7,1,1,1,1,1,1,2,1,2,0,0,0,0,0,0,0,0,1,9,0,0,0,0,1,18,8,8,2,1,190,177,13,1,3,1,26,1,11,1,1,15,1,0,0,0,1,0,0,1,0,0,0,0,0,0,1,1,0,0,0,0,0,0,0,0,0,0,0.0,0.0,0.0,0,0,0,1,1,0,0,0,0,2,0,1,122,15,0,0,0,0,0,0,0,1.0,0.00016453532482015376,0.875,0.1188310679256666,0,,multi_full_20260502_195405_0001,2026-05-02T20:06:25.046880,https://www.apnic.net/ipv6/,https://www.apnic.net/,False,https://www.apnic.net/ipv6/,https://www.apnic.net/,https://www.apnic.net/ipv6/,recon_page,2026-05-02T20:06:25.090838
88,1,3,0,0,0,0,1,0,13,0,net,200,2,70900,886.995,0,0,19,1,cloudflare,0,html,0,0,0,1,7,1,1,1,1,1,1,2,1,2,0,0,0,0,0,0,0,0,1,9,0,0,0,0,1,17,7,8,2,1,168,156,12,1,3,1,26,1,10,1,1,11,1,0,0,0,1,0,0,1,0,0,0,0,0,0,1,1,0,0,0,0,0,0,0,0,0,0,0.0,0.0,0.0,0,0,0,1,1,0,0,0,0,2,0,1,113,15,0,0,0,0,0,0,0,1.0,0.0002397743300423131,0.875,0.18335684062059238,0,,multi_full_20260502_195405_0001,2026-05-02T20:06:25.081698,https://www.apnic.net/about-apnic/service-updates/service-announcement-13-december-2019/,https://www.apnic.net/,False,https://www.apnic.net/about-apnic/service-updates/service-announcement-13-december-2019/,https://www.apnic.net/,https://www.apnic.net/about-apnic/service-updates/service-announcement-13-december-2019/,recon_page,2026-05-02T20:06:25.093211
87,1,3,0,0,0,0,1,0,13,0,net,200,2,70824,848.007,0,0,19,1,cloudflare,0,html,0,0,0,1,7,1,1,1,1,1,1,2,1,2,0,0,0,0,0,0,0,0,1,9,0,0,0,0,1,17,7,8,2,1,168,156,12,1,3,1,26,1,10,1,1,11,1,0,0,0,1,0,0,1,0,0,0,0,0,0,1,1,0,0,0,0,0,0,0,0,0,0,0.0,0.0,0.0,0,0,0,1,1,0,0,0,0,2,0,1,113,15,0,0,0,0,0,0,0,1.0,0.00024003162769682595,0.875,0.18355359765051396,0,,multi_full_20260502_195405_0001,2026-05-02T20:06:37.303594,https://www.apnic.net/about-apnic/service-updates/service-announcement-30-october-2024/,https://www.apnic.net/,False,https://www.apnic.net/about-apnic/service-updates/service-announcement-30-october-2024/,https://www.apnic.net/,https://www.apnic.net/about-apnic/service-updates/service-announcement-30-october-2024/,recon_page,2026-05-02T20:06:37.312281
88,1,3,0,0,0,0,1,0,13,0,net,200,2,70806,861.19,0,0,19,1,cloudflare,0,html,0,0,0,1,7,1,1,1,1,1,1,2,1,2,0,0,0,0,0,0,0,0,1,9,0,0,0,0,1,17,7,8,2,1,168,156,12,1,3,1,26,1,10,1,1,11,1,0,0,0,1,0,0,1,0,0,0,0,0,0,1,1,0,0,0,0,0,0,0,0,0,0,0.0,0.0,0.0,0,0,0,1,1,0,0,0,0,2,0,1,113,15,0,0,0,0,0,0,0,1.0,0.00024009264751574726,0.875,0.1836002598649832,0,,multi_full_20260502_195405_0001,2026-05-02T20:06:37.497257,https://www.apnic.net/about-apnic/service-updates/service-announcement-15-august-2024-2/,https://www.apnic.net/,False,https://www.apnic.net/about-apnic/service-updates/service-announcement-15-august-2024-2/,https://www.apnic.net/,https://www.apnic.net/about-apnic/service-updates/service-announcement-15-august-2024-2/,recon_page,2026-05-02T20:06:37.504276
87,1,3,0,0,0,0,1,0,13,0,net,200,2,70999,810.763,0,0,19,1,cloudflare,0,html,0,0,0,1,7,1,1,1,1,1,1,2,1,2,0,0,0,0,0,0,0,0,1,9,0,0,0,0,1,17,7,8,2,1,168,156,12,1,3,1,26,1,10,1,1,11,1,0,0,0,1,0,0,1,0,0,0,0,0,0,1,1,0,0,0,0,0,0,0,0,0,0,0.0,0.0,0.0,0,0,0,1,1,0,0,0,0,2,0,1,113,15,0,0,0,0,0,0,0,1.0,0.00023943999211256496,0.875,0.18310117043902027,0,,multi_full_20260502_195405_0001,2026-05-02T20:06:38.561015,https://www.apnic.net/about-apnic/service-updates/service-announcement-website-outages/,https://www.apnic.net/,False,https://www.apnic.net/about-apnic/service-updates/service-announcement-website-outages/,https://www.apnic.net/,https://www.apnic.net/about-apnic/service-updates/service-announcement-website-outages/,recon_page,2026-05-02T20:06:38.569139
70,1,3,0,0,0,0,1,0,13,0,net,200,2,70792,998.607,0,0,19,1,cloudflare,0,html,0,0,0,1,7,1,1,1,1,1,1,2,1,2,0,0,0,0,0,0,0,0,1,9,0,0,0,0,1,17,7,8,2,1,168,156,12,1,3,1,26,1,10,1,1,11,1,0,0,0,1,0,0,1,0,0,0,0,0,0,1,1,0,0,0,0,0,0,0,0,0,0,0.0,0.0,0.0,0,0,0,1,1,0,0,0,0,2,0,1,113,15,0,0,0,0,0,0,0,1.0,0.00024014012882811616,0.875,0.18363656910385354,0,,multi_full_20260502_195405_0001,2026-05-02T20:06:55.365455,https://www.apnic.net/about-apnic/service-updates/apnic-login-upgrade/,https://www.apnic.net/,False,https://www.apnic.net/about-apnic/service-updates/apnic-login-upgrade/,https://www.apnic.net/,https://www.apnic.net/about-apnic/service-updates/apnic-login-upgrade/,recon_page,2026-05-02T20:06:55.368398
85,1,3,0,0,0,0,1,0,13,0,net,200,2,70669,1115.9920000000002,0,0,19,1,cloudflare,0,html,0,0,0,1,7,1,1,1,1,1,1,2,1,2,0,0,0,0,0,0,0,0,1,9,0,0,0,0,1,17,7,8,2,1,168,156,12,1,3,1,26,1,10,1,1,11,1,0,0,0,1,0,0,1,0,0,0,0,0,0,1,1,0,0,0,0,0,0,0,0,0,0,0.0,0.0,0.0,0,0,0,1,1,0,0,0,0,2,0,1,113,15,0,0,0,0,0,0,0,1.0,0.00024055809477988935,0.875,0.18395619012579775,0,,multi_full_20260502_195405_0001,2026-05-02T20:07:11.097402,https://www.apnic.net/about-apnic/service-updates/service-announcement-28-march-2023/,https://www.apnic.net/,False,https://www.apnic.net/about-apnic/service-updates/service-announcement-28-march-2023/,https://www.apnic.net/,https://www.apnic.net/about-apnic/service-updates/service-announcement-28-march-2023/,recon_page,2026-05-02T20:07:11.108352
64,1,3,0,0,0,0,1,0,13,0,net,200,2,71082,1020.8779999999999,0,0,19,1,cloudflare,0,html,0,0,0,1,7,1,1,1,1,1,1,2,1,2,0,0,0,0,0,0,0,0,1,9,0,0,0,0,1,17,7,8,2,1,169,157,12,1,3,1,26,1,10,1,1,11,1,0,0,0,1,0,0,1,0,0,0,0,0,0,1,1,0,0,0,0,0,0,0,0,0,0,0.0,0.0,0.0,0,0,0,1,1,0,0,0,0,2,0,1,114,15,0,0,0,0,0,0,0,1.0,0.00023916040629132551,0.875,0.182887369516896,0,,multi_full_20260502_195405_0001,2026-05-02T20:07:11.431421,https://www.apnic.net/about-apnic/service-updates/whois-abuse-c/,https://www.apnic.net/,False,https://www.apnic.net/about-apnic/service-updates/whois-abuse-c/,https://www.apnic.net/,https://www.apnic.net/about-apnic/service-updates/whois-abuse-c/,recon_page,2026-05-02T20:07:11.435451
83,1,3,0,0,0,0,1,0,13,0,net,200,2,70768,1020.9379999999999,0,0,19,1,cloudflare,0,html,0,0,0,1,7,1,1,1,1,1,1,2,1,2,0,0,0,0,0,0,0,0,1,9,0,0,0,0,1,17,7,8,2,1,168,156,12,1,3,1,26,1,10,1,1,11,1,0,0,0,1,0,0,1,0,0,0,0,0,0,1,1,0,0,0,0,0,0,0,0,0,0,0.0,0.0,0.0,0,0,0,1,1,0,0,0,0,2,0,1,113,15,0,0,0,0,0,0,0,1.0,0.00024022156907076644,0.875,0.18369884693646846,0,,multi_full_20260502_195405_0001,2026-05-02T20:07:11.733029,https://www.apnic.net/about-apnic/service-updates/service-announcement-15-may-2019/,https://www.apnic.net/,False,https://www.apnic.net/about-apnic/service-updates/service-announcement-15-may-2019/,https://www.apnic.net/,https://www.apnic.net/about-apnic/service-updates/service-announcement-15-may-2019/,recon_page,2026-05-02T20:07:11.755253
87,1,3,0,0,0,0,1,0,13,0,net,200,2,70617,1081.74,0,0,19,1,cloudflare,0,html,0,0,0,1,7,1,1,1,1,1,1,2,1,2,0,0,0,0,0,0,0,0,1,9,0,0,0,0,1,17,7,8,2,1,168,156,12,1,3,1,26,1,10,1,1,11,1,0,0,0,1,0,0,1,0,0,0,0,0,0,1,1,0,0,0,0,0,0,0,0,0,0,0.0,0.0,0.0,0,0,0,1,1,0,0,0,0,2,0,1,113,15,0,0,0,0,0,0,0,1.0,0.00024073523372559016,0.875,0.18409164931956892,0,,multi_full_20260502_195405_0001,2026-05-02T20:07:11.806264,https://www.apnic.net/about-apnic/service-updates/service-announcement-23-october-2018/,https://www.apnic.net/,False,https://www.apnic.net/about-apnic/service-updates/service-announcement-23-october-2018/,https://www.apnic.net/,https://www.apnic.net/about-apnic/service-updates/service-announcement-23-october-2018/,recon_page,2026-05-02T20:07:11.849331
87,1,3,0,0,0,0,1,0,13,0,net,200,2,70754,1034.124,0,0,19,1,cloudflare,0,html,0,0,0,1,7,1,1,1,1,1,1,2,1,2,0,0,0,0,0,0,0,0,1,9,0,0,0,0,1,17,7,8,2,1,168,156,12,1,3,1,26,1,10,1,1,11,1,0,0,0,1,0,0,1,0,0,0,0,0,0,1,1,0,0,0,0,0,0,0,0,0,0,0.0,0.0,0.0,0,0,0,1,1,0,0,0,0,2,0,1,113,15,0,0,0,0,0,0,0,1.0,0.0002402691013935608,0.875,0.1837351951833112,0,,multi_full_20260502_195405_0001,2026-05-02T20:07:11.829714,https://www.apnic.net/about-apnic/service-updates/service-announcement-29-january-2015/,https://www.apnic.net/,False,https://www.apnic.net/about-apnic/service-updates/service-announcement-29-january-2015/,https://www.apnic.net/,https://www.apnic.net/about-apnic/service-updates/service-announcement-29-january-2015/,recon_page,2026-05-02T20:07:11.852967
87,1,3,0,0,0,0,1,0,13,0,net,200,2,70702,1126.117,0,0,19,1,cloudflare,0,html,0,0,0,1,7,1,1,1,1,1,1,2,1,2,0,0,0,0,0,0,0,0,1,9,0,0,0,0,1,17,7,8,2,1,168,156,12,1,3,1,26,1,10,1,1,11,1,0,0,0,1,0,0,1,0,0,0,0,0,0,1,1,0,0,0,0,0,0,0,0,0,0,0.0,0.0,0.0,0,0,0,1,1,0,0,0,0,2,0,1,113,15,0,0,0,0,0,0,0,1.0,0.00024044581482843483,0.875,0.18387032898645017,0,,multi_full_20260502_195405_0001,2026-05-02T20:07:11.865516,https://www.apnic.net/about-apnic/service-updates/service-announcement-14-october-2020/,https://www.apnic.net/,False,https://www.apnic.net/about-apnic/service-updates/service-announcement-14-october-2020/,https://www.apnic.net/,https://www.apnic.net/about-apnic/service-updates/service-announcement-14-october-2020/,recon_page,2026-05-02T20:07:11.882962
88,1,3,0,0,0,0,1,0,13,0,net,200,2,70981,1039.8700000000001,0,0,19,1,cloudflare,0,html,0,0,0,1,7,1,1,1,1,1,1,2,1,2,0,0,0,0,0,0,0,0,1,9,0,0,0,0,1,17,7,8,2,1,169,157,12,1,3,1,26,1,10,1,1,11,1,0,0,0,1,0,0,1,0,0,0,0,0,0,1,1,0,0,0,0,0,0,0,0,0,0,0.0,0.0,0.0,0,0,0,1,1,0,0,0,0,2,0,1,114,15,0,0,0,0,0,0,0,1.0,0.0002395007114579958,0.875,0.18314760287964385,0,,multi_full_20260502_195405_0001,2026-05-02T20:07:11.851279,https://www.apnic.net/about-apnic/service-updates/service-announcement-7-september-2021/,https://www.apnic.net/,False,https://www.apnic.net/about-apnic/service-updates/service-announcement-7-september-2021/,https://www.apnic.net/,https://www.apnic.net/about-apnic/service-updates/service-announcement-7-september-2021/,recon_page,2026-05-02T20:07:11.884733
77,1,3,0,0,0,0,1,0,13,0,net,200,2,70572,1146.907,0,0,19,1,cloudflare,0,html,0,0,0,1,7,1,1,1,1,1,1,2,1,2,0,0,0,0,0,0,0,0,1,9,0,0,0,0,1,17,7,8,2,1,168,156,12,1,3,1,26,1,10,1,1,11,1,0,0,0,1,0,0,1,0,0,0,0,0,0,1,1,0,0,0,0,0,0,0,0,0,0,0.0,0.0,0.0,0,0,0,1,1,0,0,0,0,2,0,1,113,15,0,0,0,0,0,0,0,1.0,0.00024088873774301422,0.875,0.18420903474465794,0,,multi_full_20260502_195405_0001,2026-05-02T20:07:11.880250,https://www.apnic.net/about-apnic/service-updates/service-announcement-2-oct/,https://www.apnic.net/,False,https://www.apnic.net/about-apnic/service-updates/service-announcement-2-oct/,https://www.apnic.net/,https://www.apnic.net/about-apnic/service-updates/service-announcement-2-oct/,recon_page,2026-05-02T20:07:11.891083
86,1,3,0,0,0,0,1,0,13,0,net,200,2,70664,1244.6999999999998,0,0,19,1,cloudflare,0,html,0,0,0,1,7,1,1,1,1,1,1,2,1,2,0,0,0,0,0,0,0,0,1,9,0,0,0,0,1,17,7,8,2,1,168,156,12,1,3,1,26,1,10,1,1,11,1,0,0,0,1,0,0,1,0,0,0,0,0,0,1,1,0,0,0,0,0,0,0,0,0,0,0.0,0.0,0.0,0,0,0,1,1,0,0,0,0,2,0,1,113,15,0,0,0,0,0,0,0,1.0,0.0002405751160421148,0.875,0.1839692063851466,0,,multi_full_20260502_195405_0001,2026-05-02T20:07:16.368812,https://www.apnic.net/about-apnic/service-updates/service-announcement-18-august-2023/,https://www.apnic.net/,False,https://www.apnic.net/about-apnic/service-updates/service-announcement-18-august-2023/,https://www.apnic.net/,https://www.apnic.net/about-apnic/service-updates/service-announcement-18-august-2023/,recon_page,2026-05-02T20:07:16.376420
88,1,3,0,0,0,0,1,0,13,0,net,200,2,70785,1244.792,0,0,19,1,cloudflare,0,html,0,0,0,1,7,1,1,1,1,1,1,2,1,2,0,0,0,0,0,0,0,0,1,9,0,0,0,0,1,17,7,8,2,1,168,156,12,1,3,1,26,1,10,1,1,11,1,0,0,0,1,0,0,1,0,0,0,0,0,0,1,1,0,0,0,0,0,0,0,0,0,0,0.0,0.0,0.0,0,0,0,1,1,0,0,0,0,2,0,1,113,15,0,0,0,0,0,0,0,1.0,0.0002401638765275129,0.875,0.18365472910927458,0,,multi_full_20260502_195405_0001,2026-05-02T20:07:16.852535,https://www.apnic.net/about-apnic/service-updates/service-announcement-12-november-2020/,https://www.apnic.net/,False,https://www.apnic.net/about-apnic/service-updates/service-announcement-12-november-2020/,https://www.apnic.net/,https://www.apnic.net/about-apnic/service-updates/service-announcement-12-november-2020/,recon_page,2026-05-02T20:07:16.857580
87,1,3,0,0,0,0,1,0,13,0,net,200,2,70835,979.244,0,0,19,1,cloudflare,0,html,0,0,0,1,7,1,1,1,1,1,1,2,1,2,0,0,0,0,0,0,0,0,1,9,0,0,0,0,1,17,7,8,2,1,168,156,12,1,3,1,26,1,10,1,1,11,1,0,0,0,1,0,0,1,0,0,0,0,0,0,1,1,0,0,0,0,0,0,0,0,0,0,0.0,0.0,0.0,0,0,0,1,1,0,0,0,0,2,0,1,113,15,0,0,0,0,0,0,0,1.0,0.0002399943530740453,0.875,0.18352509352721114,0,,multi_full_20260502_195405_0001,2026-05-02T20:07:29.830804,https://www.apnic.net/about-apnic/service-updates/service-announcement-myapnic-updates/,https://www.apnic.net/,False,https://www.apnic.net/about-apnic/service-updates/service-announcement-myapnic-updates/,https://www.apnic.net/,https://www.apnic.net/about-apnic/service-updates/service-announcement-myapnic-updates/,recon_page,2026-05-02T20:07:29.840017
87,1,3,0,0,0,0,1,0,13,0,net,200,2,70690,846.299,0,0,19,1,cloudflare,0,html,0,0,0,1,7,1,1,1,1,1,1,2,1,2,0,0,0,0,0,0,0,0,1,9,0,0,0,0,1,17,7,8,2,1,168,156,12,1,3,1,26,1,10,1,1,11,1,0,0,0,1,0,0,1,0,0,0,0,0,0,1,1,0,0,0,0,0,0,0,0,0,0,0.0,0.0,0.0,0,0,0,1,1,0,0,0,0,2,0,1,113,15,0,0,0,0,0,0,0,1.0,0.00024048663177252794,0.875,0.18390154194369784,0,,multi_full_20260502_195405_0001,2026-05-02T20:07:42.289643,https://www.apnic.net/about-apnic/service-updates/service-announcement-01-april-2020-2/,https://www.apnic.net/,False,https://www.apnic.net/about-apnic/service-updates/service-announcement-01-april-2020-2/,https://www.apnic.net/,https://www.apnic.net/about-apnic/service-updates/service-announcement-01-april-2020-2/,recon_page,2026-05-02T20:07:42.296816
83,1,3,0,0,0,0,1,0,13,0,net,200,2,70636,1028.325,0,0,19,1,cloudflare,0,html,0,0,0,1,7,1,1,1,1,1,1,2,1,2,0,0,0,0,0,0,0,0,1,9,0,0,0,0,1,17,7,8,2,1,169,157,12,1,3,1,26,1,10,1,1,11,1,0,0,0,1,0,0,1,0,0,0,0,0,0,1,1,0,0,0,0,0,0,0,0,0,0,0.0,0.0,0.0,0,0,0,1,1,0,0,0,0,2,0,1,114,15,0,0,0,0,0,0,0,1.0,0.00024067047964210884,0.875,0.1840421314910244,0,,multi_full_20260502_195405_0001,2026-05-02T20:07:59.104517,https://www.apnic.net/about-apnic/service-updates/service-announcement-26-may-2025/,https://www.apnic.net/,False,https://www.apnic.net/about-apnic/service-updates/service-announcement-26-may-2025/,https://www.apnic.net/,https://www.apnic.net/about-apnic/service-updates/service-announcement-26-may-2025/,recon_page,2026-05-02T20:07:59.133469
86,1,3,0,0,0,0,1,0,13,0,net,200,2,70896,1024.7949999999998,0,0,19,1,cloudflare,0,html,0,0,0,1,7,1,1,1,1,1,1,2,1,2,0,0,0,0,0,0,0,0,1,9,0,0,0,0,1,17,7,8,2,1,168,156,12,1,3,1,26,1,10,1,1,11,1,0,0,0,1,0,0,1,0,0,0,0,0,0,1,1,0,0,0,0,0,0,0,0,0,0,0.0,0.0,0.0,0,0,0,1,1,0,0,0,0,2,0,1,113,15,0,0,0,0,0,0,0,1.0,0.00023978785827127058,0.875,0.18336718573685398,0,,multi_full_20260502_195405_0001,2026-05-02T20:07:59.113595,https://www.apnic.net/about-apnic/service-updates/service-announcement-02-august-2017/,https://www.apnic.net/,False,https://www.apnic.net/about-apnic/service-updates/service-announcement-02-august-2017/,https://www.apnic.net/,https://www.apnic.net/about-apnic/service-updates/service-announcement-02-august-2017/,recon_page,2026-05-02T20:07:59.297015
88,1,3,0,0,0,0,1,0,13,0,net,200,2,70804,1025.4319999999998,0,0,19,1,cloudflare,0,html,0,0,0,1,7,1,1,1,1,1,1,2,1,2,0,0,0,0,0,0,0,0,1,9,0,0,0,0,1,17,7,8,2,1,168,156,12,1,3,1,26,1,10,1,1,11,1,0,0,0,1,0,0,1,0,0,0,0,0,0,1,1,0,0,0,0,0,0,0,0,0,0,0.0,0.0,0.0,0,0,0,1,1,0,0,0,0,2,0,1,113,15,0,0,0,0,0,0,0,1.0,0.00024009942941076776,0.875,0.18360544601999887,0,,multi_full_20260502_195405_0001,2026-05-02T20:07:59.277500,https://www.apnic.net/about-apnic/service-updates/service-announcement-19-november-2025/,https://www.apnic.net/,False,https://www.apnic.net/about-apnic/service-updates/service-announcement-19-november-2025/,https://www.apnic.net/,https://www.apnic.net/about-apnic/service-updates/service-announcement-19-november-2025/,recon_page,2026-05-02T20:07:59.335257
84,1,3,0,0,0,0,1,0,13,0,net,200,2,70663,1008.228,0,0,19,1,cloudflare,0,html,0,0,0,1,7,1,1,1,1,1,1,2,1,2,0,0,0,0,0,0,0,0,1,9,0,0,0,0,1,17,7,8,2,1,168,156,12,1,3,1,26,1,10,1,1,11,1,0,0,0,1,0,0,1,0,0,0,0,0,0,1,1,0,0,0,0,0,0,0,0,0,0,0.0,0.0,0.0,0,0,0,1,1,0,0,0,0,2,0,1,113,15,0,0,0,0,0,0,0,1.0,0.0002405785205836152,0.875,0.1839718098580587,0,,multi_full_20260502_195405_0001,2026-05-02T20:07:59.126567,https://www.apnic.net/about-apnic/service-updates/network-firewall-firmware-upgrade/,https://www.apnic.net/,False,https://www.apnic.net/about-apnic/service-updates/network-firewall-firmware-upgrade/,https://www.apnic.net/,https://www.apnic.net/about-apnic/service-updates/network-firewall-firmware-upgrade/,recon_page,2026-05-02T20:07:59.235438
85,1,3,0,0,0,0,1,0,13,0,net,200,2,70671,995.352,0,0,19,1,cloudflare,0,html,0,0,0,1,7,1,1,1,1,1,1,2,1,2,0,0,0,0,0,0,0,0,1,9,0,0,0,0,1,17,7,8,2,1,168,156,12,1,3,1,26,1,10,1,1,11,1,0,0,0,1,0,0,1,0,0,0,0,0,0,1,1,0,0,0,0,0,0,0,0,0,0,0.0,0.0,0.0,0,0,0,1,1,0,0,0,0,2,0,1,113,15,0,0,0,0,0,0,0,1.0,0.0002405512869493852,0.875,0.18395098413776512,0,,multi_full_20260502_195405_0001,2026-05-02T20:07:59.312095,https://www.apnic.net/about-apnic/service-updates/service-announcement-23-march-2023/,https://www.apnic.net/,False,https://www.apnic.net/about-apnic/service-updates/service-announcement-23-march-2023/,https://www.apnic.net/,https://www.apnic.net/about-apnic/service-updates/service-announcement-23-march-2023/,recon_page,2026-05-02T20:07:59.341086
88,1,3,0,0,0,0,1,0,13,0,net,200,2,70729,1027.675,0,0,19,1,cloudflare,0,html,0,0,0,1,7,1,1,1,1,1,1,2,1,2,0,0,0,0,0,0,0,0,1,9,0,0,0,0,1,17,7,8,2,1,168,156,12,1,3,1,26,1,10,1,1,11,1,0,0,0,1,0,0,1,0,0,0,0,0,0,1,1,0,0,0,0,0,0,0,0,0,0,0.0,0.0,0.0,0,0,0,1,1,0,0,0,0,2,0,1,113,15,0,0,0,0,0,0,0,1.0,0.00024035402734380522,0.875,0.18380013855702754,0,,multi_full_20260502_195405_0001,2026-05-02T20:07:59.337514,https://www.apnic.net/about-apnic/service-updates/service-announcement-8-september-2022/,https://www.apnic.net/,False,https://www.apnic.net/about-apnic/service-updates/service-announcement-8-september-2022/,https://www.apnic.net/,https://www.apnic.net/about-apnic/service-updates/service-announcement-8-september-2022/,recon_page,2026-05-02T20:07:59.374043
85,1,3,0,0,0,0,1,0,13,0,net,200,2,71142,1019.4350000000001,0,0,19,1,cloudflare,0,html,0,0,0,1,7,1,1,1,1,1,1,2,1,2,0,0,0,0,0,0,0,0,1,9,0,0,0,0,1,17,7,8,2,1,168,156,12,1,3,1,26,1,10,1,1,11,1,0,0,0,1,0,0,1,0,0,0,0,0,0,1,1,0,0,0,0,0,0,0,0,0,0,0.0,0.0,0.0,0,0,0,1,1,0,0,0,0,2,0,1,113,15,0,0,0,0,0,0,0,1.0,0.0002389587023136825,0.875,0.1827331252986984,0,,multi_full_20260502_195405_0001,2026-05-02T20:07:59.324036,https://www.apnic.net/about-apnic/service-updates/changes-to-the-rdap-infrastructure/,https://www.apnic.net/,False,https://www.apnic.net/about-apnic/service-updates/changes-to-the-rdap-infrastructure/,https://www.apnic.net/,https://www.apnic.net/about-apnic/service-updates/changes-to-the-rdap-infrastructure/,recon_page,2026-05-02T20:07:59.384980
80,1,3,0,0,0,0,1,0,13,0,net,200,2,70738,1466.796,0,0,19,1,cloudflare,0,html,0,0,0,1,7,1,1,1,1,1,1,2,1,2,0,0,0,0,0,0,0,0,1,9,0,0,0,0,1,17,7,8,2,1,168,156,12,1,3,1,26,1,10,1,1,11,1,0,0,0,1,0,0,1,0,0,0,0,0,0,1,1,0,0,0,0,0,0,0,0,0,0,0.0,0.0,0.0,0,0,0,1,1,0,0,0,0,2,0,1,113,15,0,0,0,0,0,0,0,1.0,0.00024032344708643162,0.875,0.18377675365433008,0,,multi_full_20260502_195405_0001,2026-05-02T20:07:59.294523,https://www.apnic.net/about-apnic/service-updates/service-announcement-6-august/,https://www.apnic.net/,False,https://www.apnic.net/about-apnic/service-updates/service-announcement-6-august/,https://www.apnic.net/,https://www.apnic.net/about-apnic/service-updates/service-announcement-6-august/,recon_page,2026-05-02T20:07:59.385481
84,1,3,0,0,0,0,1,0,13,0,net,200,2,70705,932.749,0,0,19,1,cloudflare,0,html,0,0,0,1,7,1,1,1,1,1,1,2,1,2,0,0,0,0,0,0,0,0,1,9,0,0,0,0,1,17,7,8,2,1,168,156,12,1,3,1,26,1,10,1,1,11,1,0,0,0,1,0,0,1,0,0,0,0,0,0,1,1,0,0,0,0,0,0,0,0,0,0,0.0,0.0,0.0,0,0,0,1,1,0,0,0,0,2,0,1,113,15,0,0,0,0,0,0,0,1.0,0.00024043561275723075,0.875,0.1838625274025882,0,,multi_full_20260502_195405_0001,2026-05-02T20:08:04.813025,https://www.apnic.net/about-apnic/service-updates/service-announcement-2-april-2025/,https://www.apnic.net/,False,https://www.apnic.net/about-apnic/service-updates/service-announcement-2-april-2025/,https://www.apnic.net/,https://www.apnic.net/about-apnic/service-updates/service-announcement-2-april-2025/,recon_page,2026-05-02T20:08:04.821684
87,1,3,0,0,0,0,1,0,13,0,net,200,2,71980,885.522,0,0,19,1,cloudflare,0,html,0,0,0,1,7,1,1,1,1,1,1,2,1,2,0,0,0,0,0,0,0,0,1,9,0,0,0,0,1,17,7,8,2,1,168,156,12,1,3,1,26,1,10,1,1,11,1,0,0,0,1,0,0,1,0,0,0,0,0,0,1,1,0,0,0,0,0,0,0,0,0,0,0.0,0.0,0.0,0,0,0,1,1,0,0,0,0,2,0,1,113,15,0,0,0,0,0,0,0,1.0,0.0002361767157543762,0.875,0.18060572381217005,0,,multi_full_20260502_195405_0001,2026-05-02T20:08:05.334619,https://www.apnic.net/about-apnic/service-updates/service-announcement-17-march-2026-2/,https://www.apnic.net/,False,https://www.apnic.net/about-apnic/service-updates/service-announcement-17-march-2026-2/,https://www.apnic.net/,https://www.apnic.net/about-apnic/service-updates/service-announcement-17-march-2026-2/,recon_page,2026-05-02T20:08:05.339070
87,1,3,0,0,0,0,1,0,13,0,net,200,2,70729,1723.6370000000002,0,0,19,1,cloudflare,0,html,0,0,0,1,7,1,1,1,1,1,1,2,1,2,0,0,0,0,0,0,0,0,1,9,0,0,0,0,1,17,7,8,2,1,168,156,12,1,3,1,26,1,10,1,1,11,1,0,0,0,1,0,0,1,0,0,0,0,0,0,1,1,0,0,0,0,0,0,0,0,0,0,0.0,0.0,0.0,0,0,0,1,1,0,0,0,0,2,0,1,113,15,0,0,0,0,0,0,0,1.0,0.00024035402734380522,0.875,0.18380013855702754,0,,multi_full_20260502_195405_0001,2026-05-02T20:08:12.119446,https://www.apnic.net/about-apnic/service-updates/service-announcement-24-january-2018/,https://www.apnic.net/,False,https://www.apnic.net/about-apnic/service-updates/service-announcement-24-january-2018/,https://www.apnic.net/,https://www.apnic.net/about-apnic/service-updates/service-announcement-24-january-2018/,recon_page,2026-05-02T20:08:12.154303
79,1,3,0,0,0,0,1,0,13,0,net,200,2,71123,972.2539999999999,0,0,19,1,cloudflare,0,html,0,0,0,1,7,1,1,1,1,1,1,2,1,2,0,0,0,0,0,0,0,0,1,9,0,0,0,0,1,17,7,8,2,1,169,157,12,1,3,1,26,1,10,1,1,11,1,0,0,0,1,0,0,1,0,0,0,0,0,0,1,1,0,0,0,0,0,0,0,0,0,0,0.0,0.0,0.0,0,0,0,1,1,0,0,0,0,2,0,1,114,15,0,0,0,0,0,0,0,1.0,0.000239022538419358,0.875,0.18278194114421495,0,,multi_full_20260502_195405_0001,2026-05-02T20:08:28.673077,https://www.apnic.net/about-apnic/service-updates/apnic-whois-database-abuse-c/,https://www.apnic.net/,False,https://www.apnic.net/about-apnic/service-updates/apnic-whois-database-abuse-c/,https://www.apnic.net/,https://www.apnic.net/about-apnic/service-updates/apnic-whois-database-abuse-c/,recon_page,2026-05-02T20:08:28.680082
83,1,3,0,0,0,0,1,0,13,0,net,200,2,70696,976.132,0,0,19,1,cloudflare,0,html,0,0,0,1,7,1,1,1,1,1,1,2,1,2,0,0,0,0,0,0,0,0,1,9,0,0,0,0,1,17,7,8,2,1,168,156,12,1,3,1,26,1,10,1,1,11,1,0,0,0,1,0,0,1,0,0,0,0,0,0,1,1,0,0,0,0,0,0,0,0,0,0,0.0,0.0,0.0,0,0,0,1,1,0,0,0,0,2,0,1,113,15,0,0,0,0,0,0,0,1.0,0.00024046622156840557,0.875,0.18388593414054544,0,,multi_full_20260502_195405_0001,2026-05-02T20:08:48.157578,https://www.apnic.net/about-apnic/service-updates/service-announcement-15-may-2024/,https://www.apnic.net/,False,https://www.apnic.net/about-apnic/service-updates/service-announcement-15-may-2024/,https://www.apnic.net/,https://www.apnic.net/about-apnic/service-updates/service-announcement-15-may-2024/,recon_page,2026-05-02T20:08:48.163648
78,1,3,0,0,0,0,1,0,13,0,net,200,2,71043,933.6560000000001,0,0,19,1,cloudflare,0,html,0,0,0,1,7,1,1,1,1,1,1,2,1,2,0,0,0,0,0,0,0,0,1,9,0,0,0,0,1,17,7,8,2,1,168,156,12,1,3,1,26,1,10,1,1,11,1,0,0,0,1,0,0,1,0,0,0,0,0,0,1,1,0,0,0,0,0,0,0,0,0,0,0.0,0.0,0.0,0,0,0,1,1,0,0,0,0,2,0,1,113,15,0,0,0,0,2,0,0,1.0,0.00023929169657812874,0.875,0.1829877679715102,0,,multi_full_20260502_195405_0001,2026-05-02T20:08:48.699407,https://www.apnic.net/about-apnic/service-updates/payment-service-maintenance/,https://www.apnic.net/,False,https://www.apnic.net/about-apnic/service-updates/payment-service-maintenance/,https://www.apnic.net/,https://www.apnic.net/about-apnic/service-updates/payment-service-maintenance/,recon_page,2026-05-02T20:08:48.708773
88,1,3,0,0,0,0,1,0,13,0,net,200,2,70783,938.725,0,0,19,1,cloudflare,0,html,0,0,0,1,7,1,1,1,1,1,1,2,1,2,0,0,0,0,0,0,0,0,1,9,0,0,0,0,1,17,7,8,2,1,168,156,12,1,3,1,26,1,10,1,1,11,1,0,0,0,1,0,0,1,0,0,0,0,0,0,1,1,0,0,0,0,0,0,0,0,0,0,0.0,0.0,0.0,0,0,0,1,1,0,0,0,0,2,0,1,113,15,0,0,0,0,0,0,0,1.0,0.00024017066244719776,0.875,0.18365991834197476,0,,multi_full_20260502_195405_0001,2026-05-02T20:08:48.710249,https://www.apnic.net/about-apnic/service-updates/service-announcement-21-february-2018/,https://www.apnic.net/,False,https://www.apnic.net/about-apnic/service-updates/service-announcement-21-february-2018/,https://www.apnic.net/,https://www.apnic.net/about-apnic/service-updates/service-announcement-21-february-2018/,recon_page,2026-05-02T20:08:48.716864
82,1,3,0,0,0,0,1,0,13,0,net,200,2,70519,962.58,0,0,19,1,cloudflare,0,html,0,0,0,1,7,1,1,1,1,1,1,2,1,2,0,0,0,0,0,0,0,0,1,9,0,0,0,0,1,17,7,8,2,1,168,156,12,1,3,1,26,1,10,1,1,11,1,0,0,0,1,0,0,1,0,0,0,1,0,0,1,1,0,0,0,0,0,0,0,0,0,0,0.0,0.0,0.0,0,0,0,1,1,0,0,0,0,2,0,1,113,15,0,0,0,0,0,0,0,1.0,0.0002410697826117784,0.875,0.18434748082077168,0,,multi_full_20260502_195405_0001,2026-05-02T20:08:48.932461,https://www.apnic.net/about-apnic/service-updates/service-announcement-28-30-sept/,https://www.apnic.net/,False,https://www.apnic.net/about-apnic/service-updates/service-announcement-28-30-sept/,https://www.apnic.net/,https://www.apnic.net/about-apnic/service-updates/service-announcement-28-30-sept/,recon_page,2026-05-02T20:08:48.938398
91,1,3,0,0,0,0,1,0,13,0,net,200,2,71251,1304.951,0,0,19,1,cloudflare,0,html,0,0,0,1,7,1,1,1,1,1,1,2,1,2,0,0,0,0,0,0,0,0,1,9,0,0,0,0,1,17,7,8,2,1,168,156,12,1,3,1,26,1,10,1,1,11,1,0,0,0,1,0,0,1,0,0,0,0,0,0,1,1,0,0,0,0,0,0,0,0,0,0,0.0,0.0,0.0,0,0,0,1,1,0,0,0,0,2,0,1,113,15,0,0,0,0,0,0,0,1.0,0.00023859314255238523,0.875,0.1824535795988828,0,,multi_full_20260502_195405_0001,2026-05-02T20:08:49.458048,https://www.apnic.net/about-apnic/service-updates/service-announcement-24-september-2024-2/,https://www.apnic.net/,False,https://www.apnic.net/about-apnic/service-updates/service-announcement-24-september-2024-2/,https://www.apnic.net/,https://www.apnic.net/about-apnic/service-updates/service-announcement-24-september-2024-2/,recon_page,2026-05-02T20:08:49.464714
88,1,3,0,0,0,0,1,0,13,0,net,200,2,70650,1763.505,0,0,19,1,cloudflare,0,html,0,0,0,1,7,1,1,1,1,1,1,2,1,2,0,0,0,0,0,0,0,0,1,9,0,0,0,0,1,17,7,8,2,1,168,156,12,1,3,1,26,1,10,1,1,11,1,0,0,0,1,0,0,1,0,0,0,0,0,0,1,1,0,0,0,0,0,0,0,0,0,0,0.0,0.0,0.0,0,0,0,1,1,0,0,0,0,2,0,1,113,15,0,0,0,0,0,0,0,1.0,0.00024062278839348904,0.875,0.18400566171266808,0,,multi_full_20260502_195405_0001,2026-05-02T20:08:49.997055,https://www.apnic.net/about-apnic/service-updates/service-announcement-18-february-2026/,https://www.apnic.net/,False,https://www.apnic.net/about-apnic/service-updates/service-announcement-18-february-2026/,https://www.apnic.net/,https://www.apnic.net/about-apnic/service-updates/service-announcement-18-february-2026/,recon_page,2026-05-02T20:08:50.050950
88,1,3,0,0,0,0,1,0,13,0,net,200,2,71049,1552.308,0,0,19,1,cloudflare,0,html,0,0,0,1,7,1,1,1,1,1,1,2,1,2,0,0,0,0,0,0,0,0,1,9,0,0,0,0,1,17,7,8,2,1,168,156,12,1,3,1,26,1,10,1,1,11,1,0,0,0,1,0,0,1,0,0,0,0,0,0,1,1,0,0,0,0,0,0,0,0,0,0,0.0,0.0,0.0,0,0,0,1,1,0,0,0,0,2,0,1,113,15,0,0,0,0,0,0,0,1.0,0.00023927148869090347,0.875,0.1829723148812791,0,,multi_full_20260502_195405_0001,2026-05-02T20:08:50.072860,https://www.apnic.net/about-apnic/service-updates/service-announcement-13-december-2023/,https://www.apnic.net/,False,https://www.apnic.net/about-apnic/service-updates/service-announcement-13-december-2023/,https://www.apnic.net/,https://www.apnic.net/about-apnic/service-updates/service-announcement-13-december-2023/,recon_page,2026-05-02T20:08:50.103927
85,1,3,0,0,0,0,1,0,13,0,net,200,2,70811,1159.816,0,0,19,1,cloudflare,0,html,0,0,0,1,7,1,1,1,1,1,1,2,1,2,0,0,0,0,0,0,0,0,1,9,0,0,0,0,1,17,7,8,2,1,168,156,12,1,3,1,26,1,10,1,1,11,1,0,0,0,1,0,0,1,0,0,0,0,0,0,1,1,0,0,0,0,0,0,0,0,0,0,0.0,0.0,0.0,0,0,0,1,1,0,0,0,0,2,0,1,113,15,0,0,0,0,0,0,0,1.0,0.00024007569445425145,0.875,0.18358729575913346,0,,multi_full_20260502_195405_0001,2026-05-02T20:08:50.075396,https://www.apnic.net/about-apnic/service-updates/service-announcement-07-march-2024/,https://www.apnic.net/,False,https://www.apnic.net/about-apnic/service-updates/service-announcement-07-march-2024/,https://www.apnic.net/,https://www.apnic.net/about-apnic/service-updates/service-announcement-07-march-2024/,recon_page,2026-05-02T20:08:50.103827
107,1,3,0,0,0,0,1,0,13,0,net,200,2,70834,1005.1490000000001,0,0,19,1,cloudflare,0,html,0,0,0,1,7,1,1,1,1,1,1,2,1,2,0,0,0,0,0,0,0,0,1,9,0,0,0,0,1,17,7,8,2,1,168,156,12,1,3,1,26,1,10,1,1,11,1,0,0,0,1,0,0,1,0,0,0,0,0,0,1,1,0,0,0,0,0,0,0,0,0,0,0.0,0.0,0.0,0,0,0,1,1,0,0,0,0,2,0,1,113,15,0,0,0,0,0,0,0,1.0,0.00023999774119772991,0.875,0.18352768444532286,0,,multi_full_20260502_195405_0001,2026-05-02T20:08:50.380372,https://www.apnic.net/about-apnic/service-updates/scheduled-maintenance-apnic-pki-service-01-november-2017/,https://www.apnic.net/,False,https://www.apnic.net/about-apnic/service-updates/scheduled-maintenance-apnic-pki-service-01-november-2017/,https://www.apnic.net/,https://www.apnic.net/about-apnic/service-updates/scheduled-maintenance-apnic-pki-service-01-november-2017/,recon_page,2026-05-02T20:08:50.415130
86,1,3,0,0,0,0,1,0,13,0,net,200,2,70877,2236.368,0,0,19,1,cloudflare,0,html,0,0,0,1,7,1,1,1,1,1,1,2,1,2,0,0,0,0,0,0,0,0,1,9,0,0,0,0,1,17,7,8,2,1,168,156,12,1,3,1,26,1,10,1,1,11,1,0,0,0,1,0,0,1,0,0,0,1,0,0,1,1,0,0,0,0,0,0,0,0,0,0,0.0,0.0,0.0,0,0,0,1,1,0,0,0,0,2,0,1,113,15,0,0,0,0,0,0,0,1.0,0.00023985213821126742,0.875,0.18341634098508686,0,,multi_full_20260502_195405_0001,2026-05-02T20:08:50.921984,https://www.apnic.net/about-apnic/service-updates/service-announcement-3-april-2025-2/,https://www.apnic.net/,False,https://www.apnic.net/about-apnic/service-updates/service-announcement-3-april-2025-2/,https://www.apnic.net/,https://www.apnic.net/about-apnic/service-updates/service-announcement-3-april-2025-2/,recon_page,2026-05-02T20:08:50.928221
86,1,3,0,0,0,0,1,0,13,0,net,200,2,70636,870.385,0,0,19,1,cloudflare,0,html,0,0,0,1,7,1,1,1,1,1,1,2,1,2,0,0,0,0,0,0,0,0,1,9,0,0,0,0,1,17,7,8,2,1,168,156,12,1,3,1,26,1,10,1,1,11,1,0,0,0,1,0,0,1,0,0,0,0,0,0,1,1,0,0,0,0,0,0,0,0,0,0,0.0,0.0,0.0,0,0,0,1,1,0,0,0,0,2,0,1,113,15,0,0,0,0,0,0,0,1.0,0.00024067047964210884,0.875,0.1840421314910244,0,,multi_full_20260502_195405_0001,2026-05-02T20:09:04.792070,https://www.apnic.net/about-apnic/service-updates/service-announcement-19-august-2018/,https://www.apnic.net/,False,https://www.apnic.net/about-apnic/service-updates/service-announcement-19-august-2018/,https://www.apnic.net/,https://www.apnic.net/about-apnic/service-updates/service-announcement-19-august-2018/,recon_page,2026-05-02T20:09:04.811819
84,1,3,0,0,0,0,1,0,13,0,net,200,2,70910,875.2410000000001,0,0,19,1,cloudflare,0,html,0,0,0,1,7,1,1,1,1,1,1,2,1,2,0,0,0,0,0,0,0,0,1,9,0,0,0,0,1,17,7,8,2,1,168,156,12,1,3,1,26,1,10,1,1,11,1,0,0,0,1,0,0,1,0,0,0,0,0,0,1,1,0,0,0,0,0,0,0,0,0,0,0.0,0.0,0.0,0,0,0,1,1,0,0,0,0,2,0,1,113,15,0,0,0,0,0,0,0,1.0,0.00023974051614722888,0.875,0.18333098293611622,0,,multi_full_20260502_195405_0001,2026-05-02T20:09:17.569902,https://www.apnic.net/about-apnic/service-updates/service-announcement-18-june-2024/,https://www.apnic.net/,False,https://www.apnic.net/about-apnic/service-updates/service-announcement-18-june-2024/,https://www.apnic.net/,https://www.apnic.net/about-apnic/service-updates/service-announcement-18-june-2024/,recon_page,2026-05-02T20:09:17.573592
84,1,3,0,0,0,0,1,0,13,0,net,200,2,70754,943.249,0,0,19,1,cloudflare,0,html,0,0,0,1,7,1,1,1,1,1,1,2,1,2,0,0,0,0,0,0,0,0,1,9,0,0,0,0,1,17,7,8,2,1,168,156,12,1,3,1,26,1,10,1,1,11,1,0,0,0,1,0,0,1,0,0,0,0,0,0,1,1,0,0,0,0,0,0,0,0,0,0,0.0,0.0,0.0,0,0,0,1,1,0,0,0,0,2,0,1,113,15,0,0,0,0,0,0,0,1.0,0.0002402691013935608,0.875,0.1837351951833112,0,,multi_full_20260502_195405_0001,2026-05-02T20:09:33.676891,https://www.apnic.net/about-apnic/service-updates/service-announcement-22-july-2018/,https://www.apnic.net/,False,https://www.apnic.net/about-apnic/service-updates/service-announcement-22-july-2018/,https://www.apnic.net/,https://www.apnic.net/about-apnic/service-updates/service-announcement-22-july-2018/,recon_page,2026-05-02T20:09:33.691722
89,1,3,0,0,0,0,1,0,13,0,net,200,2,70748,1081.631,0,0,19,1,cloudflare,0,html,0,0,0,1,7,1,1,1,1,1,1,2,1,2,0,0,0,0,0,0,0,0,1,9,0,0,0,0,1,17,7,8,2,1,168,156,12,1,3,1,26,1,10,1,1,11,1,0,0,0,1,0,0,1,0,0,0,0,0,0,1,1,0,0,0,0,0,0,0,0,0,0,0.0,0.0,0.0,0,0,0,1,1,0,0,0,0,2,0,1,113,15,0,0,0,0,0,0,0,1.0,0.00024028947814779217,0.875,0.18375077740713516,0,,multi_full_20260502_195405_0001,2026-05-02T20:09:37.220472,https://www.apnic.net/about-apnic/service-updates/service-announcement-24-september-2020/,https://www.apnic.net/,False,https://www.apnic.net/about-apnic/service-updates/service-announcement-24-september-2020/,https://www.apnic.net/,https://www.apnic.net/about-apnic/service-updates/service-announcement-24-september-2020/,recon_page,2026-05-02T20:09:37.229733
83,1,3,0,0,0,0,1,0,13,0,net,200,2,71294,895.242,0,0,19,1,cloudflare,0,html,0,0,0,1,7,1,1,1,1,1,1,2,1,2,0,0,0,0,0,0,0,0,1,9,0,0,0,0,1,17,7,8,2,1,168,156,12,1,3,1,26,1,10,1,1,11,1,0,0,0,1,0,0,1,0,0,0,0,0,0,1,1,0,0,0,0,0,0,0,0,0,0,0.0,0.0,0.0,0,0,0,1,1,0,0,0,0,2,0,1,113,15,0,0,0,0,0,0,0,1.0,0.0002384492383650798,0.875,0.18234353522035515,0,,multi_full_20260502_195405_0001,2026-05-02T20:09:37.618734,https://www.apnic.net/about-apnic/service-updates/service-announcement-18-may-2018/,https://www.apnic.net/,False,https://www.apnic.net/about-apnic/service-updates/service-announcement-18-may-2018/,https://www.apnic.net/,https://www.apnic.net/about-apnic/service-updates/service-announcement-18-may-2018/,recon_page,2026-05-02T20:09:37.627584
82,1,3,0,0,0,0,1,0,13,0,net,200,2,70539,862.779,0,0,19,1,cloudflare,0,html,0,0,0,1,7,1,1,1,1,1,1,2,1,2,0,0,0,0,0,0,0,0,1,9,0,0,0,0,1,17,7,8,2,1,168,156,12,1,3,1,26,1,10,1,1,11,1,0,0,0,1,0,0,1,0,0,0,0,0,0,1,1,0,0,0,0,0,0,0,0,0,0,0.0,0.0,0.0,0,0,0,1,1,0,0,0,0,2,0,1,113,15,0,0,0,0,0,0,0,1.0,0.00024100143183203619,0.875,0.18429521257743942,0,,multi_full_20260502_195405_0001,2026-05-02T20:09:37.616047,https://www.apnic.net/about-apnic/service-updates/service-announcement-3-december/,https://www.apnic.net/,False,https://www.apnic.net/about-apnic/service-updates/service-announcement-3-december/,https://www.apnic.net/,https://www.apnic.net/about-apnic/service-updates/service-announcement-3-december/,recon_page,2026-05-02T20:09:37.623740
87,1,3,0,0,0,0,1,0,13,0,net,200,2,70710,879.987,0,0,19,1,cloudflare,0,html,0,0,0,1,7,1,1,1,1,1,1,2,1,2,0,0,0,0,0,0,0,0,1,9,0,0,0,0,1,17,7,8,2,1,168,156,12,1,3,1,26,1,10,1,1,11,1,0,0,0,1,0,0,1,0,0,0,0,0,0,1,1,0,0,0,0,0,0,0,0,0,0,0.0,0.0,0.0,0,0,0,1,1,0,0,0,0,2,0,1,113,15,0,0,0,0,0,0,0,1.0,0.00024041861122896336,0.875,0.18384952623391318,0,,multi_full_20260502_195405_0001,2026-05-02T20:09:37.857252,https://www.apnic.net/about-apnic/service-updates/service-announcement-3-december-2022/,https://www.apnic.net/,False,https://www.apnic.net/about-apnic/service-updates/service-announcement-3-december-2022/,https://www.apnic.net/,https://www.apnic.net/about-apnic/service-updates/service-announcement-3-december-2022/,recon_page,2026-05-02T20:09:37.874718
87,1,3,0,0,0,0,1,0,13,0,net,200,2,70912,888.7270000000001,0,0,19,1,cloudflare,0,html,0,0,0,1,7,1,1,1,1,1,1,2,1,2,0,0,0,0,0,0,0,0,1,9,0,0,0,0,1,17,7,8,2,1,168,156,12,1,3,1,26,1,10,1,1,11,1,0,0,0,1,0,0,1,0,0,0,0,0,0,1,1,0,0,0,0,0,0,0,0,0,0,0.0,0.0,0.0,0,0,0,1,1,0,0,0,0,2,0,1,113,15,0,0,0,0,0,0,0,1.0,0.00023973375451263537,0.875,0.18332581227436823,0,,multi_full_20260502_195405_0001,2026-05-02T20:09:37.870389,https://www.apnic.net/about-apnic/service-updates/service-announcement-4-february-2025/,https://www.apnic.net/,False,https://www.apnic.net/about-apnic/service-updates/service-announcement-4-february-2025/,https://www.apnic.net/,https://www.apnic.net/about-apnic/service-updates/service-announcement-4-february-2025/,recon_page,2026-05-02T20:09:37.888258
86,1,3,0,0,0,0,1,0,13,0,net,200,2,70611,891.688,0,0,19,1,cloudflare,0,html,0,0,0,1,7,1,1,1,1,1,1,2,1,2,0,0,0,0,0,0,0,0,1,9,0,0,0,0,1,17,7,8,2,1,168,156,12,1,3,1,26,1,10,1,1,11,1,0,0,0,1,0,0,1,0,0,0,0,0,0,1,1,0,0,0,0,0,0,0,0,0,0,0.0,0.0,0.0,0,0,0,1,1,0,0,0,0,2,0,1,113,15,0,0,0,0,0,0,0,1.0,0.00024075568962342978,0.875,0.1841072920649757,0,,multi_full_20260502_195405_0001,2026-05-02T20:09:38.163993,https://www.apnic.net/about-apnic/service-updates/service-announcement-15-august-2024/,https://www.apnic.net/,False,https://www.apnic.net/about-apnic/service-updates/service-announcement-15-august-2024/,https://www.apnic.net/,https://www.apnic.net/about-apnic/service-updates/service-announcement-15-august-2024/,recon_page,2026-05-02T20:09:38.182067
85,1,3,0,0,0,0,1,0,13,0,net,200,2,70706,854.157,0,0,19,1,cloudflare,0,html,0,0,0,1,7,1,1,1,1,1,1,2,1,2,0,0,0,0,0,0,0,0,1,9,0,0,0,0,1,17,7,8,2,1,168,156,12,1,3,1,26,1,10,1,1,11,1,0,0,0,1,0,0,1,0,0,0,0,0,0,1,1,0,0,0,0,0,0,0,0,0,0,0.0,0.0,0.0,0,0,0,1,1,0,0,0,0,2,0,1,113,15,0,0,0,0,0,0,0,1.0,0.00024043221225921422,0.875,0.18385992702175202,0,,multi_full_20260502_195405_0001,2026-05-02T20:09:38.176644,https://www.apnic.net/about-apnic/service-updates/service-announcement-16-march-2021/,https://www.apnic.net/,False,https://www.apnic.net/about-apnic/service-updates/service-announcement-16-march-2021/,https://www.apnic.net/,https://www.apnic.net/about-apnic/service-updates/service-announcement-16-march-2021/,recon_page,2026-05-02T20:09:38.187030
88,1,3,0,0,0,0,1,0,13,0,net,200,2,70853,1745.2730000000001,0,0,19,1,cloudflare,0,html,0,0,0,1,7,1,1,1,1,1,1,2,1,2,0,0,0,0,0,0,0,0,1,9,0,0,0,0,1,17,7,8,2,1,168,156,12,1,3,1,26,1,10,1,1,11,1,0,0,0,1,0,0,1,0,0,0,0,0,0,1,1,0,0,0,0,0,0,0,0,0,0,0.0,0.0,0.0,0,0,0,1,1,0,0,0,0,2,0,1,113,15,0,0,0,0,0,0,0,1.0,0.00023993338320184044,0.875,0.18347846950728974,0,,multi_full_20260502_195405_0001,2026-05-02T20:09:39.226222,https://www.apnic.net/about-apnic/service-updates/service-announcement-23-february-2018/,https://www.apnic.net/,False,https://www.apnic.net/about-apnic/service-updates/service-announcement-23-february-2018/,https://www.apnic.net/,https://www.apnic.net/about-apnic/service-updates/service-announcement-23-february-2018/,recon_page,2026-05-02T20:09:39.235495
87,1,3,0,0,0,0,1,0,13,0,net,200,2,71111,1990.313,0,0,19,1,cloudflare,0,html,0,0,0,1,7,1,1,1,1,1,1,2,1,2,0,0,0,0,0,0,0,0,1,9,0,0,0,0,1,17,7,8,2,1,168,156,12,1,3,1,26,1,10,1,1,11,1,0,0,0,1,0,0,1,0,0,0,0,0,0,1,1,0,0,0,0,0,0,0,0,0,0,0.0,0.0,0.0,0,0,0,1,1,0,0,0,0,2,0,1,113,15,0,0,0,0,0,0,0,1.0,0.0002390628735357399,0.875,0.18281278564497755,0,,multi_full_20260502_195405_0001,2026-05-02T20:09:39.923519,https://www.apnic.net/about-apnic/service-updates/service-announcement-1-november-2016/,https://www.apnic.net/,False,https://www.apnic.net/about-apnic/service-updates/service-announcement-1-november-2016/,https://www.apnic.net/,https://www.apnic.net/about-apnic/service-updates/service-announcement-1-november-2016/,recon_page,2026-05-02T20:09:39.927683
88,1,3,0,0,0,0,1,0,13,0,net,200,2,70660,894.857,0,0,19,1,cloudflare,0,html,0,0,0,1,7,1,1,1,1,1,1,2,1,2,0,0,0,0,0,0,0,0,1,9,0,0,0,0,1,17,7,8,2,1,168,156,12,1,3,1,26,1,10,1,1,11,1,0,0,0,1,0,0,1,0,0,0,0,0,0,1,1,0,0,0,0,0,0,0,0,0,0,0.0,0.0,0.0,0,0,0,1,1,0,0,0,0,2,0,1,113,15,0,0,0,0,0,0,0,1.0,0.0002405887347863006,0.875,0.18397962071893575,0,,multi_full_20260502_195405_0001,2026-05-02T20:10:06.470582,https://www.apnic.net/about-apnic/service-updates/service-announcement-19-november-2020/,https://www.apnic.net/,False,https://www.apnic.net/about-apnic/service-updates/service-announcement-19-november-2020/,https://www.apnic.net/,https://www.apnic.net/about-apnic/service-updates/service-announcement-19-november-2020/,recon_page,2026-05-02T20:10:06.477699
84,1,3,0,0,0,0,1,0,13,0,net,200,2,70468,1083.3539999999998,0,0,19,1,cloudflare,0,html,0,0,0,1,7,1,1,1,1,1,1,2,1,2,0,0,0,0,0,0,0,0,1,9,0,0,0,0,1,17,7,8,2,1,168,156,12,1,3,1,26,1,10,1,1,11,1,0,0,0,1,0,0,1,0,0,0,0,0,0,1,1,0,0,0,0,0,0,0,0,0,0,0.0,0.0,0.0,0,0,0,1,1,0,0,0,0,2,0,1,113,15,0,0,0,0,0,0,0,1.0,0.00024124425271045014,0.875,0.1844808991315207,0,,multi_full_20260502_195405_0001,2026-05-02T20:10:17.495749,https://www.apnic.net/about-apnic/service-updates/service-announcement-11-june-2014/,https://www.apnic.net/,False,https://www.apnic.net/about-apnic/service-updates/service-announcement-11-june-2014/,https://www.apnic.net/,https://www.apnic.net/about-apnic/service-updates/service-announcement-11-june-2014/,recon_page,2026-05-02T20:10:17.503506
84,1,3,0,0,0,0,1,0,13,0,net,200,2,70912,1119.2869999999998,0,0,19,1,cloudflare,0,html,0,0,0,1,7,1,1,1,1,1,1,2,1,2,0,0,0,0,0,0,0,0,1,9,0,0,0,0,1,17,7,8,2,1,168,156,12,1,3,1,26,1,10,1,1,11,1,0,0,0,1,0,0,1,0,0,0,0,0,0,1,1,0,0,0,0,0,0,0,0,0,0,0.0,0.0,0.0,0,0,0,1,1,0,0,0,0,2,0,1,113,15,0,0,0,0,0,0,0,1.0,0.00023973375451263537,0.875,0.18332581227436823,0,,multi_full_20260502_195405_0001,2026-05-02T20:10:33.033075,https://www.apnic.net/about-apnic/service-updates/service-announcement-email-outage/,https://www.apnic.net/,False,https://www.apnic.net/about-apnic/service-updates/service-announcement-email-outage/,https://www.apnic.net/,https://www.apnic.net/about-apnic/service-updates/service-announcement-email-outage/,recon_page,2026-05-02T20:10:33.038467
87,1,3,0,0,0,0,1,0,13,0,net,200,2,70700,1515.9370000000001,0,0,19,1,cloudflare,0,html,0,0,0,1,7,1,1,1,1,1,1,2,1,2,0,0,0,0,0,0,0,0,1,9,0,0,0,0,1,17,7,8,2,1,168,156,12,1,3,1,26,1,10,1,1,11,1,0,0,0,1,0,0,1,0,0,0,0,0,0,1,1,0,0,0,0,0,0,0,0,0,0,0.0,0.0,0.0,0,0,0,1,1,0,0,0,0,2,0,1,113,15,0,0,0,0,0,0,0,1.0,0.00024045261669024045,0.875,0.18387553041018387,0,,multi_full_20260502_195405_0001,2026-05-02T20:10:33.332231,https://www.apnic.net/about-apnic/service-updates/service-announcement-08-october-2023/,https://www.apnic.net/,False,https://www.apnic.net/about-apnic/service-updates/service-announcement-08-october-2023/,https://www.apnic.net/,https://www.apnic.net/about-apnic/service-updates/service-announcement-08-october-2023/,recon_page,2026-05-02T20:10:33.353643
85,1,3,0,0,0,0,1,0,13,0,net,200,2,70838,955.509,0,0,19,1,cloudflare,0,html,0,0,0,1,7,1,1,1,1,1,1,2,1,2,0,0,0,0,0,0,0,0,1,9,0,0,0,0,1,17,7,8,2,1,168,156,12,1,3,1,26,1,10,1,1,11,1,0,0,0,1,0,0,1,0,0,0,0,0,0,1,1,0,0,0,0,0,0,0,0,0,0,0.0,0.0,0.0,0,0,0,1,1,0,0,0,0,2,0,1,113,15,0,0,0,0,0,0,0,1.0,0.00023998418927694175,0.875,0.183517321211779,0,,multi_full_20260502_195405_0001,2026-05-02T20:10:36.264817,https://www.apnic.net/about-apnic/service-updates/service-announcement-6-august-2025/,https://www.apnic.net/,False,https://www.apnic.net/about-apnic/service-updates/service-announcement-6-august-2025/,https://www.apnic.net/,https://www.apnic.net/about-apnic/service-updates/service-announcement-6-august-2025/,recon_page,2026-05-02T20:10:36.270591
107,1,3,0,0,0,0,1,0,13,0,net,200,2,70701,895.61,0,0,19,1,cloudflare,0,html,0,0,0,1,7,1,1,1,1,1,1,2,1,2,0,0,0,0,0,0,0,0,1,9,0,0,0,0,1,17,7,8,2,1,168,156,12,1,3,1,26,1,10,1,1,11,1,0,0,0,1,0,0,1,0,0,0,0,0,0,1,1,0,0,0,0,0,0,0,0,0,0,0.0,0.0,0.0,0,0,0,1,1,0,0,0,0,2,0,1,113,15,0,0,0,0,0,0,0,1.0,0.00024044921571123463,0.875,0.18387292966153237,0,,multi_full_20260502_195405_0001,2026-05-02T20:10:36.814724,https://www.apnic.net/about-apnic/service-updates/service-announcement-helpdesk-closed-for-easter-holidays/,https://www.apnic.net/,False,https://www.apnic.net/about-apnic/service-updates/service-announcement-helpdesk-closed-for-easter-holidays/,https://www.apnic.net/,https://www.apnic.net/about-apnic/service-updates/service-announcement-helpdesk-closed-for-easter-holidays/,recon_page,2026-05-02T20:10:36.843176
93,1,3,0,0,0,0,1,0,13,0,net,200,2,71641,949.825,0,0,19,1,cloudflare,0,html,0,0,0,1,7,1,1,1,1,1,1,2,1,2,0,0,0,0,0,0,0,0,1,9,0,0,0,0,1,17,7,8,2,1,176,163,13,1,3,1,26,1,10,1,1,11,1,0,0,0,1,0,0,1,0,0,0,0,0,0,1,1,0,0,0,0,0,0,0,0,0,0,0.0,0.0,0.0,0,0,0,1,1,0,0,0,0,2,0,1,120,15,0,0,0,0,0,0,0,1.0,0.00023729428679108332,0.875,0.18146033695788724,0,,multi_full_20260502_195405_0001,2026-05-02T20:10:36.852010,https://www.apnic.net/about-apnic/service-updates/service-announcement-tuesday-4-august-2020/,https://www.apnic.net/,False,https://www.apnic.net/about-apnic/service-updates/service-announcement-tuesday-4-august-2020/,https://www.apnic.net/,https://www.apnic.net/about-apnic/service-updates/service-announcement-tuesday-4-august-2020/,recon_page,2026-05-02T20:10:36.860499
85,1,3,0,0,0,0,1,0,13,0,net,200,2,70771,925.894,0,0,19,1,cloudflare,0,html,0,0,0,1,7,1,1,1,1,1,1,2,1,2,0,0,0,0,0,0,0,0,1,9,0,0,0,0,1,17,7,8,2,1,168,156,12,1,3,1,26,1,10,1,1,11,1,0,0,0,1,0,0,1,0,0,0,0,0,0,1,1,0,0,0,0,0,0,0,0,0,0,0.0,0.0,0.0,0,0,0,1,1,0,0,0,0,2,0,1,113,15,0,0,0,0,0,0,0,1.0,0.00024021138601969732,0.875,0.1836910598974156,0,,multi_full_20260502_195405_0001,2026-05-02T20:10:37.175205,https://www.apnic.net/about-apnic/service-updates/service-announcement-12-april-2018/,https://www.apnic.net/,False,https://www.apnic.net/about-apnic/service-updates/service-announcement-12-april-2018/,https://www.apnic.net/,https://www.apnic.net/about-apnic/service-updates/service-announcement-12-april-2018/,recon_page,2026-05-02T20:10:37.222971
88,1,3,0,0,0,0,1,0,13,0,net,200,2,70839,1049.7160000000001,0,0,19,1,cloudflare,0,html,0,0,0,1,7,1,1,1,1,1,1,2,1,2,0,0,0,0,0,0,0,0,1,9,0,0,0,0,1,17,7,8,2,1,168,156,12,1,3,1,26,1,10,1,1,11,1,0,0,0,1,0,0,1,0,0,0,0,0,0,1,1,0,0,0,0,0,0,0,0,0,0,0.0,0.0,0.0,0,0,0,1,1,0,0,0,0,2,0,1,113,15,0,0,0,0,0,0,0,1.0,0.00023998080153587713,0.875,0.18351473058625897,0,,multi_full_20260502_195405_0001,2026-05-02T20:10:37.185751,https://www.apnic.net/about-apnic/service-updates/service-announcement-06-november-2024/,https://www.apnic.net/,False,https://www.apnic.net/about-apnic/service-updates/service-announcement-06-november-2024/,https://www.apnic.net/,https://www.apnic.net/about-apnic/service-updates/service-announcement-06-november-2024/,recon_page,2026-05-02T20:10:37.218373
78,1,3,0,0,0,0,1,0,13,0,net,200,2,70625,917.6,0,0,19,1,cloudflare,0,html,0,0,0,1,7,1,1,1,1,1,1,2,1,2,0,0,0,0,0,0,0,0,1,9,0,0,0,0,1,17,7,8,2,1,168,156,12,1,3,1,26,1,10,1,1,11,1,0,0,0,1,0,0,1,0,0,0,0,0,0,1,1,0,0,0,0,0,0,0,0,0,0,0.0,0.0,0.0,0,0,0,1,1,0,0,0,0,2,0,1,113,15,0,0,0,0,0,0,0,1.0,0.0002407079646017699,0.875,0.184070796460177,0,,multi_full_20260502_195405_0001,2026-05-02T20:10:37.141379,https://www.apnic.net/about-apnic/service-updates/update-to-back-end-services/,https://www.apnic.net/,False,https://www.apnic.net/about-apnic/service-updates/update-to-back-end-services/,https://www.apnic.net/,https://www.apnic.net/about-apnic/service-updates/update-to-back-end-services/,recon_page,2026-05-02T20:10:37.222860
97,1,3,0,0,0,0,1,0,13,0,net,200,2,70795,906.8850000000001,0,0,19,1,cloudflare,0,html,0,0,0,1,7,1,1,1,1,1,1,2,1,2,0,0,0,0,0,0,0,0,1,9,0,0,0,0,1,17,7,8,2,1,168,156,12,1,3,1,26,1,10,1,1,11,1,0,0,0,1,0,0,1,0,0,0,0,0,0,1,1,0,0,0,0,0,0,0,0,0,0,0.0,0.0,0.0,0,0,0,1,1,0,0,0,0,2,0,1,113,15,0,0,0,0,0,0,0,1.0,0.00024012995268027403,0.875,0.18362878734373897,0,,multi_full_20260502_195405_0001,2026-05-02T20:10:37.195452,https://www.apnic.net/about-apnic/service-updates/service-announcement-thursday-10-february-2011/,https://www.apnic.net/,False,https://www.apnic.net/about-apnic/service-updates/service-announcement-thursday-10-february-2011/,https://www.apnic.net/,https://www.apnic.net/about-apnic/service-updates/service-announcement-thursday-10-february-2011/,recon_page,2026-05-02T20:10:37.225125
85,1,3,0,0,0,0,1,0,13,0,net,200,2,70599,1216.999,0,0,19,1,cloudflare,0,html,0,0,0,1,7,1,1,1,1,1,1,2,1,2,0,0,0,0,0,0,0,0,1,9,0,0,0,0,1,17,7,8,2,1,168,156,12,1,3,1,26,1,10,1,1,11,1,0,0,0,1,0,0,1,0,0,0,0,0,0,1,1,0,0,0,0,0,0,0,0,0,0,0.0,0.0,0.0,0,0,0,1,1,0,0,0,0,2,0,1,113,15,0,0,0,0,0,0,0,1.0,0.0002407966118500262,0.875,0.18413858553237297,0,,multi_full_20260502_195405_0001,2026-05-02T20:10:37.561201,https://www.apnic.net/about-apnic/service-updates/service-announcement-4-august-2014/,https://www.apnic.net/,False,https://www.apnic.net/about-apnic/service-updates/service-announcement-4-august-2014/,https://www.apnic.net/,https://www.apnic.net/about-apnic/service-updates/service-announcement-4-august-2014/,recon_page,2026-05-02T20:10:37.565973
88,1,3,0,0,0,0,1,0,13,0,net,200,2,70691,1062.0069999999998,0,0,19,1,cloudflare,0,html,0,0,0,1,7,1,1,1,1,1,1,2,1,2,0,0,0,0,0,0,0,0,1,9,0,0,0,0,1,17,7,8,2,1,168,156,12,1,3,1,26,1,10,1,1,11,1,0,0,0,1,0,0,1,0,0,0,0,0,0,1,1,0,0,0,0,0,0,0,0,0,0,0.0,0.0,0.0,0,0,0,1,1,0,0,0,0,2,0,1,113,15,0,0,0,0,0,0,0,1.0,0.00024048322983123737,0.875,0.1838989404591815,0,,multi_full_20260502_195405_0001,2026-05-02T20:10:52.296649,https://www.apnic.net/about-apnic/service-updates/service-announcement-09-december-2020/,https://www.apnic.net/,False,https://www.apnic.net/about-apnic/service-updates/service-announcement-09-december-2020/,https://www.apnic.net/,https://www.apnic.net/about-apnic/service-updates/service-announcement-09-december-2020/,recon_page,2026-05-02T20:10:52.304366
88,1,3,0,0,0,0,1,0,13,0,net,200,2,70729,970.029,0,0,19,1,cloudflare,0,html,0,0,0,1,7,1,1,1,1,1,1,2,1,2,0,0,0,0,0,0,0,0,1,9,0,0,0,0,1,17,7,8,2,1,168,156,12,1,3,1,26,1,10,1,1,11,1,0,0,0,1,0,0,1,0,0,0,0,0,0,1,1,0,0,0,0,0,0,0,0,0,0,0.0,0.0,0.0,0,0,0,1,1,0,0,0,0,2,0,1,113,15,0,0,0,0,0,0,0,1.0,0.00024035402734380522,0.875,0.18380013855702754,0,,multi_full_20260502_195405_0001,2026-05-02T20:11:08.382340,https://www.apnic.net/about-apnic/service-updates/service-announcement-19-february-2025/,https://www.apnic.net/,False,https://www.apnic.net/about-apnic/service-updates/service-announcement-19-february-2025/,https://www.apnic.net/,https://www.apnic.net/about-apnic/service-updates/service-announcement-19-february-2025/,recon_page,2026-05-02T20:11:08.397361
88,1,3,0,0,0,0,1,0,13,0,net,200,2,70752,1081.353,0,0,19,1,cloudflare,0,html,0,0,0,1,7,1,1,1,1,1,1,2,1,2,0,0,0,0,0,0,0,0,1,9,0,0,0,0,1,17,7,8,2,1,168,156,12,1,3,1,26,1,10,1,1,11,1,0,0,0,1,0,0,1,0,0,0,0,0,0,1,1,0,0,0,0,0,0,0,0,0,0,0.0,0.0,0.0,0,0,0,1,1,0,0,0,0,2,0,1,113,15,0,0,0,0,0,0,0,1.0,0.00024027589326096788,0.875,0.18374038896426959,0,,multi_full_20260502_195405_0001,2026-05-02T20:11:25.253129,https://www.apnic.net/about-apnic/service-updates/service-announcement-17-february-2025/,https://www.apnic.net/,False,https://www.apnic.net/about-apnic/service-updates/service-announcement-17-february-2025/,https://www.apnic.net/,https://www.apnic.net/about-apnic/service-updates/service-announcement-17-february-2025/,recon_page,2026-05-02T20:11:25.351138
82,1,3,0,0,0,0,1,0,13,0,net,200,2,70658,1111.521,0,0,19,1,cloudflare,0,html,0,0,0,1,7,1,1,1,1,1,1,2,1,2,0,0,0,0,0,0,0,0,1,9,0,0,0,0,1,17,7,8,2,1,168,156,12,1,3,1,26,1,10,1,1,11,1,0,0,0,1,0,0,1,0,0,0,0,0,0,1,1,0,0,0,0,0,0,0,0,0,0,0.0,0.0,0.0,0,0,0,1,1,0,0,0,0,2,0,1,113,15,0,0,0,0,0,0,0,1.0,0.00024059554473661863,0.875,0.18398482832800248,0,,multi_full_20260502_195405_0001,2026-05-02T20:11:26.567403,https://www.apnic.net/about-apnic/service-updates/service-announcement-3-may-2025/,https://www.apnic.net/,False,https://www.apnic.net/about-apnic/service-updates/service-announcement-3-may-2025/,https://www.apnic.net/,https://www.apnic.net/about-apnic/service-updates/service-announcement-3-may-2025/,recon_page,2026-05-02T20:11:26.573392
85,1,3,0,0,0,0,1,0,13,0,net,200,2,70682,960.7520000000001,0,0,19,1,cloudflare,0,html,0,0,0,1,7,1,1,1,1,1,1,2,1,2,0,0,0,0,0,0,0,0,1,9,0,0,0,0,1,17,7,8,2,1,168,156,12,1,3,1,26,1,10,1,1,11,1,0,0,0,1,0,0,1,0,0,0,0,0,0,1,1,0,0,0,0,0,0,0,0,0,0,0.0,0.0,0.0,0,0,0,1,1,0,0,0,0,2,0,1,113,15,0,0,0,0,0,0,0,1.0,0.00024051385076822953,0.875,0.18392235646982258,0,,multi_full_20260502_195405_0001,2026-05-02T20:11:30.088939,https://www.apnic.net/about-apnic/service-updates/service-announcement-23-april-2023/,https://www.apnic.net/,False,https://www.apnic.net/about-apnic/service-updates/service-announcement-23-april-2023/,https://www.apnic.net/,https://www.apnic.net/about-apnic/service-updates/service-announcement-23-april-2023/,recon_page,2026-05-02T20:11:30.105983
88,1,3,0,0,0,0,1,0,13,0,net,200,2,70780,1120.264,0,0,19,1,cloudflare,0,html,0,0,0,1,7,1,1,1,1,1,1,2,1,2,0,0,0,0,0,0,0,0,1,9,0,0,0,0,1,17,7,8,2,1,168,156,12,1,3,1,26,1,10,1,1,11,1,0,0,0,1,0,0,1,0,0,0,0,0,0,1,1,0,0,0,0,0,0,0,0,0,0,0.0,0.0,0.0,0,0,0,1,1,0,0,0,0,2,0,1,113,15,0,0,0,0,0,0,0,1.0,0.00024018084204577563,0.875,0.18366770274088726,0,,multi_full_20260502_195405_0001,2026-05-02T20:11:30.864533,https://www.apnic.net/about-apnic/service-updates/service-announcement-02-december-2021/,https://www.apnic.net/,False,https://www.apnic.net/about-apnic/service-updates/service-announcement-02-december-2021/,https://www.apnic.net/,https://www.apnic.net/about-apnic/service-updates/service-announcement-02-december-2021/,recon_page,2026-05-02T20:11:30.877700
86,1,3,0,0,0,0,1,0,13,0,net,200,2,70757,1119.902,0,0,19,1,cloudflare,0,html,0,0,0,1,7,1,1,1,1,1,1,2,1,2,0,0,0,0,0,0,0,0,1,9,0,0,0,0,1,17,7,8,2,1,170,158,12,1,3,1,26,1,10,1,1,11,1,0,0,0,1,0,0,1,0,0,0,0,0,0,1,1,0,0,0,0,0,0,0,0,0,0,0.0,0.0,0.0,0,0,0,1,1,0,0,0,0,2,0,1,114,15,0,0,0,0,0,0,0,1.0,0.00024025891431236486,0.875,0.18372740506239665,0,,multi_full_20260502_195405_0001,2026-05-02T20:11:30.863991,https://www.apnic.net/about-apnic/service-updates/service-announcement-08-august-2023/,https://www.apnic.net/,False,https://www.apnic.net/about-apnic/service-updates/service-announcement-08-august-2023/,https://www.apnic.net/,https://www.apnic.net/about-apnic/service-updates/service-announcement-08-august-2023/,recon_page,2026-05-02T20:11:30.872564
82,1,3,0,0,0,0,1,0,13,0,net,200,2,70569,1419.342,0,0,19,1,cloudflare,0,html,0,0,0,1,7,1,1,1,1,1,1,2,1,2,0,0,0,0,0,0,0,0,1,9,0,0,0,0,1,17,7,8,2,1,168,156,12,1,3,1,26,1,10,1,1,11,1,0,0,0,1,0,0,1,0,0,0,0,0,0,1,1,0,0,0,0,0,0,0,0,0,0,0.0,0.0,0.0,0,0,0,1,1,0,0,0,0,2,0,1,113,15,0,0,0,0,0,0,0,1.0,0.00024089897830492142,0.875,0.18421686576258697,0,,multi_full_20260502_195405_0001,2026-05-02T20:11:31.692301,https://www.apnic.net/about-apnic/service-updates/service-announcement-23-january/,https://www.apnic.net/,False,https://www.apnic.net/about-apnic/service-updates/service-announcement-23-january/,https://www.apnic.net/,https://www.apnic.net/about-apnic/service-updates/service-announcement-23-january/,recon_page,2026-05-02T20:11:31.701695
84,1,3,0,0,0,0,1,0,13,0,net,200,2,70771,904.248,0,0,19,1,cloudflare,0,html,0,0,0,1,7,1,1,1,1,1,1,2,1,2,0,0,0,0,0,0,0,0,1,9,0,0,0,0,1,17,7,8,2,1,168,156,12,1,3,1,26,1,10,1,1,11,1,0,0,0,1,0,0,1,0,0,0,0,0,0,1,1,0,0,0,0,0,0,0,0,0,0,0.0,0.0,0.0,0,0,0,1,1,0,0,0,0,2,0,1,113,15,0,0,0,0,0,0,0,1.0,0.00024021138601969732,0.875,0.1836910598974156,0,,multi_full_20260502_195405_0001,2026-05-02T20:11:31.919847,https://www.apnic.net/about-apnic/service-updates/service-announcement-08-july-2020/,https://www.apnic.net/,False,https://www.apnic.net/about-apnic/service-updates/service-announcement-08-july-2020/,https://www.apnic.net/,https://www.apnic.net/about-apnic/service-updates/service-announcement-08-july-2020/,recon_page,2026-05-02T20:11:31.927295
86,1,3,0,0,0,0,1,0,13,0,net,200,2,70724,913.134,0,0,19,1,cloudflare,0,html,0,0,0,1,7,1,1,1,1,1,1,2,1,2,0,0,0,0,0,0,0,0,1,9,0,0,0,0,1,17,7,8,2,1,168,156,12,1,3,1,26,1,10,1,1,11,1,0,0,0,1,0,0,1,0,0,0,0,0,0,1,1,0,0,0,0,0,0,0,0,0,0,0.0,0.0,0.0,0,0,0,1,1,0,0,0,0,2,0,1,113,15,0,0,0,0,0,0,0,1.0,0.00024037101973870255,0.875,0.18381313274136077,0,,multi_full_20260502_195405_0001,2026-05-02T20:11:32.432428,https://www.apnic.net/about-apnic/service-updates/service-announcement-18-july-2018-2/,https://www.apnic.net/,False,https://www.apnic.net/about-apnic/service-updates/service-announcement-18-july-2018-2/,https://www.apnic.net/,https://www.apnic.net/about-apnic/service-updates/service-announcement-18-july-2018-2/,recon_page,2026-05-02T20:11:32.463008
85,1,3,0,0,0,0,1,0,13,0,net,200,2,70677,969.931,0,0,19,1,cloudflare,0,html,0,0,0,1,7,1,1,1,1,1,1,2,1,2,0,0,0,0,0,0,0,0,1,9,0,0,0,0,1,17,7,8,2,1,168,156,12,1,3,1,26,1,10,1,1,11,1,0,0,0,1,0,0,1,0,0,0,0,0,0,1,1,0,0,0,0,0,0,0,0,0,0,0.0,0.0,0.0,0,0,0,1,1,0,0,0,0,2,0,1,113,15,0,0,0,0,0,0,0,1.0,0.00024053086576962803,0.875,0.18393536794148024,0,,multi_full_20260502_195405_0001,2026-05-02T20:11:32.504085,https://www.apnic.net/about-apnic/service-updates/service-announcement-19-april-2017/,https://www.apnic.net/,False,https://www.apnic.net/about-apnic/service-updates/service-announcement-19-april-2017/,https://www.apnic.net/,https://www.apnic.net/about-apnic/service-updates/service-announcement-19-april-2017/,recon_page,2026-05-02T20:11:32.516201
84,1,3,0,0,0,0,1,0,13,0,net,200,2,70668,1552.81,0,0,19,1,cloudflare,0,html,0,0,0,1,7,1,1,1,1,1,1,2,1,2,0,0,0,0,0,0,0,0,1,9,0,0,0,0,1,17,7,8,2,1,168,156,12,1,3,1,26,1,10,1,1,11,1,0,0,0,1,0,0,1,0,0,0,0,0,0,1,1,0,0,0,0,0,0,0,0,0,0,0.0,0.0,0.0,0,0,0,1,1,0,0,0,0,2,0,1,113,15,0,0,0,0,0,0,0,1.0,0.00024056149883964453,0.875,0.1839587932303164,0,,multi_full_20260502_195405_0001,2026-05-02T20:11:32.694664,https://www.apnic.net/about-apnic/service-updates/service-announcement-27-june-2022/,https://www.apnic.net/,False,https://www.apnic.net/about-apnic/service-updates/service-announcement-27-june-2022/,https://www.apnic.net/,https://www.apnic.net/about-apnic/service-updates/service-announcement-27-june-2022/,recon_page,2026-05-02T20:11:32.719063
85,1,3,0,0,0,0,1,0,13,0,net,200,2,70758,2078.5860000000002,0,0,19,1,cloudflare,0,html,0,0,0,1,7,1,1,1,1,1,1,2,1,2,0,0,0,0,0,0,0,0,1,9,0,0,0,0,1,17,7,8,2,1,168,156,12,1,3,1,26,1,10,1,1,11,1,0,0,0,1,0,0,1,0,0,0,0,0,0,1,1,0,0,0,0,0,0,0,0,0,0,0.0,0.0,0.0,0,0,0,1,1,0,0,0,0,2,0,1,113,15,0,0,0,0,0,0,0,1.0,0.00024025551881059386,0.875,0.18372480850221884,0,,multi_full_20260502_195405_0001,2026-05-02T20:11:45.949812,https://www.apnic.net/about-apnic/service-updates/service-announcement-14-april-2017/,https://www.apnic.net/,False,https://www.apnic.net/about-apnic/service-updates/service-announcement-14-april-2017/,https://www.apnic.net/,https://www.apnic.net/about-apnic/service-updates/service-announcement-14-april-2017/,recon_page,2026-05-02T20:11:45.958920
88,1,3,0,0,0,0,1,0,13,0,net,200,2,70562,1728.586,0,0,19,1,cloudflare,0,html,0,0,0,1,7,1,1,1,1,1,1,2,1,2,0,0,0,0,0,0,0,0,1,9,0,0,0,0,1,17,7,8,2,1,168,156,12,1,3,1,26,1,10,1,1,11,1,0,0,0,1,0,0,1,0,0,0,0,0,0,1,1,0,0,0,0,0,0,0,0,0,0,0.0,0.0,0.0,0,0,0,1,1,0,0,0,0,2,0,1,113,15,0,0,0,0,0,0,0,1.0,0.00024092287633570476,0.875,0.18423514072730365,0,,multi_full_20260502_195405_0001,2026-05-02T20:12:01.275910,https://www.apnic.net/about-apnic/service-updates/service-announcement-31-december-2014/,https://www.apnic.net/,False,https://www.apnic.net/about-apnic/service-updates/service-announcement-31-december-2014/,https://www.apnic.net/,https://www.apnic.net/about-apnic/service-updates/service-announcement-31-december-2014/,recon_page,2026-05-02T20:12:01.279054
87,1,3,0,0,0,0,1,0,13,0,net,200,2,70632,969.094,0,0,19,1,cloudflare,0,html,0,0,0,1,7,1,1,1,1,1,1,2,1,2,0,0,0,0,0,0,0,0,1,9,0,0,0,0,1,17,7,8,2,1,168,156,12,1,3,1,26,1,10,1,1,11,1,0,0,0,1,0,0,1,0,0,0,0,0,0,1,1,0,0,0,0,0,0,0,0,0,0,0.0,0.0,0.0,0,0,0,1,1,0,0,0,0,2,0,1,113,15,0,0,0,0,0,0,0,1.0,0.00024068410918563825,0.875,0.18405255408313512,0,,multi_full_20260502_195405_0001,2026-05-02T20:12:16.015526,https://www.apnic.net/about-apnic/service-updates/service-announcement-26-march-2025-2/,https://www.apnic.net/,False,https://www.apnic.net/about-apnic/service-updates/service-announcement-26-march-2025-2/,https://www.apnic.net/,https://www.apnic.net/about-apnic/service-updates/service-announcement-26-march-2025-2/,recon_page,2026-05-02T20:12:16.022604
81,1,3,0,0,0,0,1,0,13,0,net,200,2,70754,886.5269999999999,0,0,19,1,cloudflare,0,html,0,0,0,1,7,1,1,1,1,1,1,2,1,2,0,0,0,0,0,0,0,0,1,9,0,0,0,0,1,17,7,8,2,1,168,156,12,1,3,1,26,1,10,1,1,11,1,0,0,0,1,0,0,1,0,0,0,0,0,0,1,1,0,0,0,0,0,0,0,0,0,0,0.0,0.0,0.0,0,0,0,1,1,0,0,0,0,2,0,1,113,15,0,0,0,0,0,0,0,1.0,0.0002402691013935608,0.875,0.1837351951833112,0,,multi_full_20260502_195405_0001,2026-05-02T20:12:17.326214,https://www.apnic.net/about-apnic/service-updates/service-announcement-12-august/,https://www.apnic.net/,False,https://www.apnic.net/about-apnic/service-updates/service-announcement-12-august/,https://www.apnic.net/,https://www.apnic.net/about-apnic/service-updates/service-announcement-12-august/,recon_page,2026-05-02T20:12:17.495728
87,1,3,0,0,0,0,1,0,13,0,net,200,2,70833,1101.622,0,0,19,1,cloudflare,0,html,0,0,0,1,7,1,1,1,1,1,1,2,1,2,0,0,0,0,0,0,0,0,1,9,0,0,0,0,1,17,7,8,2,1,169,156,13,1,3,1,26,1,10,1,1,11,1,0,0,0,1,0,0,1,0,0,0,0,0,0,1,1,0,0,0,0,0,0,0,0,0,0,0.0,0.0,0.0,0,0,0,1,1,0,0,0,0,2,0,1,114,15,0,0,0,0,0,0,0,1.0,0.00024000112941707961,0.875,0.18353027543659028,0,,multi_full_20260502_195405_0001,2026-05-02T20:12:21.340565,https://www.apnic.net/about-apnic/service-updates/service-announcement-01-october-2021/,https://www.apnic.net/,False,https://www.apnic.net/about-apnic/service-updates/service-announcement-01-october-2021/,https://www.apnic.net/,https://www.apnic.net/about-apnic/service-updates/service-announcement-01-october-2021/,recon_page,2026-05-02T20:12:21.463954
78,1,3,0,0,0,0,1,0,13,0,net,200,2,70691,874.3199999999999,0,0,19,1,cloudflare,0,html,0,0,0,1,7,1,1,1,1,1,1,2,1,2,0,0,0,0,0,0,0,0,1,9,0,0,0,0,1,17,7,8,2,1,168,156,12,1,3,1,26,1,10,1,1,11,1,0,0,0,1,0,0,1,0,0,0,0,0,0,1,1,0,0,0,0,0,0,0,0,0,0,0.0,0.0,0.0,0,0,0,1,1,0,0,0,0,2,0,1,113,15,0,0,0,0,0,0,0,1.0,0.00024048322983123737,0.875,0.1838989404591815,0,,multi_full_20260502_195405_0001,2026-05-02T20:12:22.605514,https://www.apnic.net/about-apnic/service-updates/service-announcement-21-dec/,https://www.apnic.net/,False,https://www.apnic.net/about-apnic/service-updates/service-announcement-21-dec/,https://www.apnic.net/,https://www.apnic.net/about-apnic/service-updates/service-announcement-21-dec/,recon_page,2026-05-02T20:12:22.624182
89,1,3,0,0,0,0,1,0,13,0,net,200,2,70709,957.989,0,0,19,1,cloudflare,0,html,0,0,0,1,7,1,1,1,1,1,1,2,1,2,0,0,0,0,0,0,0,0,1,9,0,0,0,0,1,17,7,8,2,1,168,156,12,1,3,1,26,1,10,1,1,11,1,0,0,0,1,0,0,1,0,0,0,0,0,0,1,1,0,0,0,0,0,0,0,0,0,0,0.0,0.0,0.0,0,0,0,1,1,0,0,0,0,2,0,1,113,15,0,0,0,0,0,0,0,1.0,0.00024042201134226194,0.875,0.18385212632055326,0,,multi_full_20260502_195405_0001,2026-05-02T20:12:22.852707,https://www.apnic.net/about-apnic/service-updates/service-announcement-16-september-2020/,https://www.apnic.net/,False,https://www.apnic.net/about-apnic/service-updates/service-announcement-16-september-2020/,https://www.apnic.net/,https://www.apnic.net/about-apnic/service-updates/service-announcement-16-september-2020/,recon_page,2026-05-02T20:12:22.861772
79,1,3,0,0,0,0,1,0,13,0,net,200,2,70825,1562.627,0,0,19,1,cloudflare,0,html,0,0,0,1,7,1,1,1,1,1,1,2,1,2,0,0,0,0,0,0,0,0,1,9,0,0,0,0,1,17,7,8,2,1,168,156,12,1,3,1,26,1,10,1,1,11,1,0,0,0,1,0,0,1,0,0,0,0,0,0,1,1,0,0,0,0,0,0,0,0,0,0,0.0,0.0,0.0,0,0,0,1,1,0,0,0,0,2,0,1,113,15,0,0,0,0,0,0,0,1.0,0.0002400282386163078,0.875,0.18355100600070595,0,,multi_full_20260502_195405_0001,2026-05-02T20:12:24.037895,https://www.apnic.net/about-apnic/service-updates/service-announcement-22-july/,https://www.apnic.net/,False,https://www.apnic.net/about-apnic/service-updates/service-announcement-22-july/,https://www.apnic.net/,https://www.apnic.net/about-apnic/service-updates/service-announcement-22-july/,recon_page,2026-05-02T20:12:24.068202
89,1,3,0,0,0,0,1,0,13,0,net,200,2,71053,904.153,0,0,19,1,cloudflare,0,html,0,0,0,1,7,1,1,1,1,1,1,2,1,2,0,0,0,0,0,0,0,0,1,9,0,0,0,0,1,17,7,8,2,1,169,157,12,1,3,1,26,1,10,1,1,11,1,0,0,0,1,0,0,1,0,0,0,0,0,0,1,1,0,0,0,0,0,0,0,0,0,0,0.0,0.0,0.0,0,0,0,1,1,0,0,0,0,2,0,1,114,15,0,0,0,0,0,0,0,1.0,0.00023925801866212545,0.875,0.18296201427103712,0,,multi_full_20260502_195405_0001,2026-05-02T20:12:24.730426,https://www.apnic.net/about-apnic/service-updates/service-announcement-30-september-2017/,https://www.apnic.net/,False,https://www.apnic.net/about-apnic/service-updates/service-announcement-30-september-2017/,https://www.apnic.net/,https://www.apnic.net/about-apnic/service-updates/service-announcement-30-september-2017/,recon_page,2026-05-02T20:12:24.735920
86,1,3,0,0,0,0,1,0,13,0,net,200,2,70873,957.365,0,0,19,1,cloudflare,0,html,0,0,0,1,7,1,1,1,1,1,1,2,1,2,0,0,0,0,0,0,0,0,1,9,0,0,0,0,1,17,7,8,2,1,168,156,12,1,3,1,26,1,10,1,1,11,1,0,0,0,1,0,0,1,0,0,0,0,0,0,1,1,0,0,0,0,0,0,0,0,0,0,0.0,0.0,0.0,0,0,0,1,1,0,0,0,0,2,0,1,113,15,0,0,0,0,0,0,0,1.0,0.00023986567522187575,0.875,0.1834266928167285,0,,multi_full_20260502_195405_0001,2026-05-02T20:12:24.976123,https://www.apnic.net/about-apnic/service-updates/service-announcement-02-july-2023-2/,https://www.apnic.net/,False,https://www.apnic.net/about-apnic/service-updates/service-announcement-02-july-2023-2/,https://www.apnic.net/,https://www.apnic.net/about-apnic/service-updates/service-announcement-02-july-2023-2/,recon_page,2026-05-02T20:12:24.980398
85,1,3,0,0,0,0,1,0,13,0,net,200,2,71167,902.211,0,0,19,1,cloudflare,0,html,0,0,0,1,7,1,1,1,1,1,1,2,1,2,0,0,0,0,0,0,0,0,1,9,0,0,0,0,1,17,7,8,2,1,168,156,12,1,3,1,26,1,10,1,1,11,1,0,0,0,1,0,0,1,0,0,0,0,0,0,1,1,0,0,0,0,0,0,0,0,0,0,0.0,0.0,0.0,0,0,0,1,1,0,0,0,0,2,0,1,113,15,0,0,0,0,0,0,0,1.0,0.0002388747593688086,0.875,0.18266893363497125,0,,multi_full_20260502_195405_0001,2026-05-02T20:12:25.413928,https://www.apnic.net/about-apnic/service-updates/service-announcement-26-march-2024/,https://www.apnic.net/,False,https://www.apnic.net/about-apnic/service-updates/service-announcement-26-march-2024/,https://www.apnic.net/,https://www.apnic.net/about-apnic/service-updates/service-announcement-26-march-2024/,recon_page,2026-05-02T20:12:25.420603
80,1,3,0,0,0,0,1,0,13,0,net,200,2,70906,901.5609999999999,0,0,19,1,cloudflare,0,html,0,0,0,1,7,1,1,1,1,1,1,2,1,2,0,0,0,0,0,0,0,0,1,9,0,0,0,0,1,17,7,8,2,1,168,156,12,1,3,1,26,1,10,1,1,11,1,0,0,0,1,0,0,1,0,0,0,0,0,0,1,1,0,0,0,0,0,0,0,0,0,0,0.0,0.0,0.0,0,0,0,1,1,0,0,0,0,2,0,1,113,15,0,0,0,0,0,0,0,1.0,0.00023975404056074238,0.875,0.18334132513468535,0,,multi_full_20260502_195405_0001,2026-05-02T20:12:25.663740,https://www.apnic.net/about-apnic/service-updates/service-announcement-22-april/,https://www.apnic.net/,False,https://www.apnic.net/about-apnic/service-updates/service-announcement-22-april/,https://www.apnic.net/,https://www.apnic.net/about-apnic/service-updates/service-announcement-22-april/,recon_page,2026-05-02T20:12:25.667410
89,1,3,0,0,0,0,1,0,13,0,net,200,2,70637,919.144,0,0,19,1,cloudflare,0,html,0,0,0,1,7,1,1,1,1,1,1,2,1,2,0,0,0,0,0,0,0,0,1,9,0,0,0,0,1,17,7,8,2,1,168,156,12,1,3,1,26,1,10,1,1,11,1,0,0,0,1,0,0,1,0,0,0,1,1,0,1,1,0,0,0,0,0,0,0,0,0,0,0.0,0.0,0.0,0,0,0,1,1,0,0,0,0,2,0,1,113,15,0,0,0,0,0,0,0,1.0,0.00024066707249741637,0.875,0.18403952602743603,0,,multi_full_20260502_195405_0001,2026-05-02T20:12:38.633883,https://www.apnic.net/about-apnic/service-updates/service-announcement-website-outages-3/,https://www.apnic.net/,False,https://www.apnic.net/about-apnic/service-updates/service-announcement-website-outages-3/,https://www.apnic.net/,https://www.apnic.net/about-apnic/service-updates/service-announcement-website-outages-3/,recon_page,2026-05-02T20:12:38.639185
88,1,3,0,0,0,0,1,0,13,0,net,200,2,70757,990.788,0,0,19,1,cloudflare,0,html,0,0,0,1,7,1,1,1,1,1,1,2,1,2,0,0,0,0,0,0,0,0,1,9,0,0,0,0,1,17,7,8,2,1,168,156,12,1,3,1,26,1,10,1,1,11,1,0,0,0,1,0,0,1,0,0,0,0,0,0,1,1,0,0,0,0,0,0,0,0,0,0,0.0,0.0,0.0,0,0,0,1,1,0,0,0,0,2,0,1,113,15,0,0,0,0,0,0,0,1.0,0.00024025891431236486,0.875,0.18372740506239665,0,,multi_full_20260502_195405_0001,2026-05-02T20:12:55.265027,https://www.apnic.net/about-apnic/service-updates/service-announcement-01-february-2018/,https://www.apnic.net/,False,https://www.apnic.net/about-apnic/service-updates/service-announcement-01-february-2018/,https://www.apnic.net/,https://www.apnic.net/about-apnic/service-updates/service-announcement-01-february-2018/,recon_page,2026-05-02T20:12:55.274706
84,1,3,0,0,0,0,1,0,13,0,net,200,2,70778,1149.937,0,0,19,1,cloudflare,0,html,0,0,0,1,7,1,1,1,1,1,1,2,1,2,0,0,0,0,0,0,0,0,1,9,0,0,0,0,1,17,7,8,2,1,168,156,12,1,3,1,26,1,10,1,1,11,1,0,0,0,1,0,0,1,0,0,0,0,0,0,1,1,0,0,0,0,0,0,0,0,0,0,0.0,0.0,0.0,0,0,0,1,1,0,0,0,0,2,0,1,113,15,0,0,0,0,0,0,0,1.0,0.000240187628924242,0.875,0.18367289270677328,0,,multi_full_20260502_195405_0001,2026-05-02T20:13:12.945978,https://www.apnic.net/about-apnic/service-updates/service-announcement-2-march-2020/,https://www.apnic.net/,False,https://www.apnic.net/about-apnic/service-updates/service-announcement-2-march-2020/,https://www.apnic.net/,https://www.apnic.net/about-apnic/service-updates/service-announcement-2-march-2020/,recon_page,2026-05-02T20:13:12.958183
87,1,3,0,0,0,0,1,0,13,0,net,200,2,71739,858.073,0,0,19,1,cloudflare,0,html,0,0,0,1,7,1,1,1,1,1,1,2,1,2,0,0,0,0,0,0,0,0,1,9,0,0,0,0,1,17,7,8,2,1,168,156,12,1,3,1,26,1,10,1,1,11,1,0,0,0,1,0,0,1,0,0,0,0,0,0,1,1,0,0,0,0,0,0,0,0,0,0,0.0,0.0,0.0,0,0,0,1,1,0,0,0,0,2,0,1,113,15,0,0,0,0,0,0,0,1.0,0.00023697012782447483,0.875,0.18121245068930428,0,,multi_full_20260502_195405_0001,2026-05-02T20:13:13.199793,https://www.apnic.net/about-apnic/service-updates/service-announcement-02-october-2024/,https://www.apnic.net/,False,https://www.apnic.net/about-apnic/service-updates/service-announcement-02-october-2024/,https://www.apnic.net/,https://www.apnic.net/about-apnic/service-updates/service-announcement-02-october-2024/,recon_page,2026-05-02T20:13:13.207890
85,1,3,0,0,0,0,1,0,13,0,net,200,2,70952,928.337,0,0,19,1,cloudflare,0,html,0,0,0,1,7,1,1,1,1,1,1,2,1,2,0,0,0,0,0,0,0,0,1,9,0,0,0,0,1,17,7,8,2,1,168,156,12,1,3,1,26,1,10,1,1,11,1,0,0,0,1,0,0,1,0,0,0,0,0,0,1,1,0,0,0,0,0,0,0,0,0,0,0.0,0.0,0.0,0,0,0,1,1,0,0,0,0,2,0,1,113,15,0,0,0,0,0,0,0,1.0,0.0002395986018716879,0.875,0.18322246025482017,0,,multi_full_20260502_195405_0001,2026-05-02T20:13:18.547452,https://www.apnic.net/about-apnic/service-updates/service-announcement-20-april-2017/,https://www.apnic.net/,False,https://www.apnic.net/about-apnic/service-updates/service-announcement-20-april-2017/,https://www.apnic.net/,https://www.apnic.net/about-apnic/service-updates/service-announcement-20-april-2017/,recon_page,2026-05-02T20:13:18.567660
84,1,3,0,0,0,0,1,0,13,0,net,200,2,71039,1277.314,0,0,19,1,cloudflare,0,html,0,0,0,1,7,1,1,1,1,1,1,2,1,2,0,0,0,0,0,0,0,0,1,9,0,0,0,0,1,17,7,8,2,1,168,156,12,1,3,1,26,1,10,1,1,11,1,0,0,0,1,0,0,1,0,0,0,0,0,0,1,1,0,0,0,0,0,0,0,0,0,0,0.0,0.0,0.0,0,0,0,1,1,0,0,0,0,2,0,1,113,15,0,0,0,0,0,0,0,1.0,0.0002393051703993581,0.875,0.18299807148186206,0,,multi_full_20260502_195405_0001,2026-05-02T20:13:22.989999,https://www.apnic.net/about-apnic/service-updates/service-announcement-19-july-2023/,https://www.apnic.net/,False,https://www.apnic.net/about-apnic/service-updates/service-announcement-19-july-2023/,https://www.apnic.net/,https://www.apnic.net/about-apnic/service-updates/service-announcement-19-july-2023/,recon_page,2026-05-02T20:13:23.051012
84,1,3,0,0,0,0,1,0,13,0,net,200,2,70870,1091.204,0,0,19,1,cloudflare,0,html,0,0,0,1,7,1,1,1,1,1,1,2,1,2,0,0,0,0,0,0,0,0,1,9,0,0,0,0,1,17,7,8,2,1,168,156,12,1,3,1,26,1,10,1,1,11,1,0,0,0,1,0,0,1,0,0,0,0,0,0,1,1,0,0,0,0,0,0,0,0,0,0,0.0,0.0,0.0,0,0,0,1,1,0,0,0,0,2,0,1,113,15,0,0,0,0,0,0,0,1.0,0.00023987582898264427,0.875,0.1834344574573162,0,,multi_full_20260502_195405_0001,2026-05-02T20:13:23.011317,https://www.apnic.net/about-apnic/service-updates/service-announcement-13-july-2017/,https://www.apnic.net/,False,https://www.apnic.net/about-apnic/service-updates/service-announcement-13-july-2017/,https://www.apnic.net/,https://www.apnic.net/about-apnic/service-updates/service-announcement-13-july-2017/,recon_page,2026-05-02T20:13:23.102389
84,1,3,0,0,0,0,1,0,13,0,net,200,2,71064,985.3140000000001,0,0,19,1,cloudflare,0,html,0,0,0,1,7,1,1,1,1,1,1,2,1,2,0,0,0,0,0,0,0,0,1,9,0,0,0,0,1,17,7,8,2,1,168,156,12,1,3,1,26,1,10,1,1,11,1,0,0,0,1,0,0,1,0,0,0,1,0,0,1,1,0,0,0,0,0,0,0,0,0,0,0.0,0.0,0.0,0,0,0,1,1,0,0,0,0,2,0,1,113,15,0,0,0,0,1,0,0,1.0,0.00023922098390183495,0.875,0.18293369357199146,0,,multi_full_20260502_195405_0001,2026-05-02T20:13:23.079311,https://www.apnic.net/about-apnic/service-updates/service-announcement-18-july-2018/,https://www.apnic.net/,False,https://www.apnic.net/about-apnic/service-updates/service-announcement-18-july-2018/,https://www.apnic.net/,https://www.apnic.net/about-apnic/service-updates/service-announcement-18-july-2018/,recon_page,2026-05-02T20:13:23.111580
87,1,3,0,0,0,0,1,0,13,0,net,200,2,70850,938.057,0,0,19,1,cloudflare,0,html,0,0,0,1,7,1,1,1,1,1,1,2,1,2,0,0,0,0,0,0,0,0,1,9,0,0,0,0,1,17,7,8,2,1,168,156,12,1,3,1,26,1,10,1,1,11,1,0,0,0,1,0,0,1,0,0,0,0,0,0,1,1,0,0,0,0,0,0,0,0,0,0,0.0,0.0,0.0,0,0,0,1,1,0,0,0,0,2,0,1,113,15,0,0,0,0,0,0,0,1.0,0.00023994354269583627,0.875,0.1834862385321101,0,,multi_full_20260502_195405_0001,2026-05-02T20:13:23.050211,https://www.apnic.net/about-apnic/service-updates/service-announcement-19-october-2016/,https://www.apnic.net/,False,https://www.apnic.net/about-apnic/service-updates/service-announcement-19-october-2016/,https://www.apnic.net/,https://www.apnic.net/about-apnic/service-updates/service-announcement-19-october-2016/,recon_page,2026-05-02T20:13:23.115530
86,1,3,0,0,0,0,1,0,13,0,net,200,2,70683,878.638,0,0,19,1,cloudflare,0,html,0,0,0,1,7,1,1,1,1,1,1,2,1,2,0,0,0,0,0,0,0,0,1,9,0,0,0,0,1,17,7,8,2,1,168,156,12,1,3,1,26,1,10,1,1,11,1,0,0,0,1,0,0,1,0,0,0,0,0,0,1,1,0,0,0,0,0,0,0,0,0,0,0.0,0.0,0.0,0,0,0,1,1,0,0,0,0,2,0,1,113,15,0,0,0,0,0,0,0,1.0,0.00024051044805681706,0.875,0.1839197543963895,0,,multi_full_20260502_195405_0001,2026-05-02T20:13:23.093243,https://www.apnic.net/about-apnic/service-updates/service-announcement-15-august-2020/,https://www.apnic.net/,False,https://www.apnic.net/about-apnic/service-updates/service-announcement-15-august-2020/,https://www.apnic.net/,https://www.apnic.net/about-apnic/service-updates/service-announcement-15-august-2020/,recon_page,2026-05-02T20:13:23.114236
89,1,3,0,0,0,0,1,0,13,0,net,200,2,70883,1007.255,0,0,19,1,cloudflare,0,html,0,0,0,1,7,1,1,1,1,1,1,2,1,2,0,0,0,0,0,0,0,0,1,9,0,0,0,0,1,17,7,8,2,1,168,156,12,1,3,1,26,1,10,1,1,11,1,0,0,0,1,0,0,1,0,0,0,0,0,0,1,1,0,0,0,0,0,0,0,0,0,0,0.0,0.0,0.0,0,0,0,1,1,0,0,0,0,2,0,1,113,15,0,0,0,0,0,0,0,1.0,0.00023983183556000733,0.875,0.1834008154282409,0,,multi_full_20260502_195405_0001,2026-05-02T20:13:23.076924,https://www.apnic.net/about-apnic/service-updates/scheduled-maintenance-12-december-2017/,https://www.apnic.net/,False,https://www.apnic.net/about-apnic/service-updates/scheduled-maintenance-12-december-2017/,https://www.apnic.net/,https://www.apnic.net/about-apnic/service-updates/scheduled-maintenance-12-december-2017/,recon_page,2026-05-02T20:13:23.117819
87,1,3,0,0,0,0,1,0,13,0,net,200,2,70574,907.3679999999999,0,0,19,1,cloudflare,0,html,0,0,0,1,7,1,1,1,1,1,1,2,1,2,0,0,0,0,0,0,0,0,1,9,0,0,0,0,1,17,7,8,2,1,168,156,12,1,3,1,26,1,10,1,1,11,1,0,0,0,1,0,0,1,0,0,0,0,0,0,1,1,0,0,0,0,0,0,0,0,0,0,0.0,0.0,0.0,0,0,0,1,1,0,0,0,0,2,0,1,113,15,0,0,0,0,0,0,0,1.0,0.0002408819111854224,0.875,0.18420381443591125,0,,multi_full_20260502_195405_0001,2026-05-02T20:13:23.111005,https://www.apnic.net/about-apnic/service-updates/service-announcement-11-january-2011/,https://www.apnic.net/,False,https://www.apnic.net/about-apnic/service-updates/service-announcement-11-january-2011/,https://www.apnic.net/,https://www.apnic.net/about-apnic/service-updates/service-announcement-11-january-2011/,recon_page,2026-05-02T20:13:23.122135
80,1,3,0,0,0,0,1,0,13,0,net,200,2,70738,1080.5849999999998,0,0,19,1,cloudflare,0,html,0,0,0,1,7,1,1,1,1,1,1,2,1,2,0,0,0,0,0,0,0,0,1,9,0,0,0,0,1,17,7,8,2,1,168,156,12,1,3,1,26,1,10,1,1,11,1,0,0,0,1,0,0,1,0,0,0,0,0,0,1,1,0,0,0,0,0,0,0,0,0,0,0.0,0.0,0.0,0,0,0,1,1,0,0,0,0,2,0,1,113,15,0,0,0,0,0,0,0,1.0,0.00024032344708643162,0.875,0.18377675365433008,0,,multi_full_20260502_195405_0001,2026-05-02T20:13:35.189460,https://www.apnic.net/about-apnic/service-updates/storage-system-upgrade-part-2/,https://www.apnic.net/,False,https://www.apnic.net/about-apnic/service-updates/storage-system-upgrade-part-2/,https://www.apnic.net/,https://www.apnic.net/about-apnic/service-updates/storage-system-upgrade-part-2/,recon_page,2026-05-02T20:13:35.221346
88,1,3,0,0,0,0,1,0,13,0,net,200,2,70715,1538.992,0,0,19,1,cloudflare,0,html,0,0,0,1,7,1,1,1,1,1,1,2,1,2,0,0,0,0,0,0,0,0,1,9,0,0,0,0,1,17,7,8,2,1,168,156,12,1,3,1,26,1,10,1,1,11,1,0,0,0,1,0,0,1,0,0,0,0,0,0,1,1,0,0,0,0,0,0,0,0,0,0,0.0,0.0,0.0,0,0,0,1,1,0,0,0,0,2,0,1,113,15,0,0,0,0,0,0,0,1.0,0.00024040161210492824,0.875,0.18383652690376864,0,,multi_full_20260502_195405_0001,2026-05-02T20:13:58.177288,https://www.apnic.net/about-apnic/service-updates/service-announcement-10-november-2021/,https://www.apnic.net/,False,https://www.apnic.net/about-apnic/service-updates/service-announcement-10-november-2021/,https://www.apnic.net/,https://www.apnic.net/about-apnic/service-updates/service-announcement-10-november-2021/,recon_page,2026-05-02T20:13:58.180900
88,1,3,0,0,0,0,1,0,13,0,net,200,2,70787,1183.503,0,0,19,1,cloudflare,0,html,0,0,0,1,7,1,1,1,1,1,1,2,1,2,0,0,0,0,0,0,0,0,1,9,0,0,0,0,1,17,7,8,2,1,168,156,12,1,3,1,26,1,10,1,1,11,1,0,0,0,1,0,0,1,0,0,0,0,0,0,1,1,0,0,0,0,0,0,0,0,0,0,0.0,0.0,0.0,0,0,0,1,1,0,0,0,0,2,0,1,113,15,0,0,0,0,0,0,0,1.0,0.00024015709099128372,0.875,0.18364954016980517,0,,multi_full_20260502_195405_0001,2026-05-02T20:14:03.601648,https://www.apnic.net/about-apnic/service-updates/service-announcement-16-february-2021/,https://www.apnic.net/,False,https://www.apnic.net/about-apnic/service-updates/service-announcement-16-february-2021/,https://www.apnic.net/,https://www.apnic.net/about-apnic/service-updates/service-announcement-16-february-2021/,recon_page,2026-05-02T20:14:03.609328
87,1,3,0,0,0,0,1,0,13,0,net,200,2,70635,996.764,0,0,19,1,cloudflare,0,html,0,0,0,1,7,1,1,1,1,1,1,2,1,2,0,0,0,0,0,0,0,0,1,9,0,0,0,0,1,17,7,8,2,1,168,156,12,1,3,1,26,1,10,1,1,11,1,0,0,0,1,0,0,1,0,0,0,0,0,0,1,1,0,0,0,0,0,0,0,0,0,0,0.0,0.0,0.0,0,0,0,1,1,0,0,0,0,2,0,1,113,15,0,0,0,0,0,0,0,1.0,0.00024067388688327315,0.875,0.18404473702838534,0,,multi_full_20260502_195405_0001,2026-05-02T20:14:04.368301,https://www.apnic.net/about-apnic/service-updates/service-announcement-30-january-2020/,https://www.apnic.net/,False,https://www.apnic.net/about-apnic/service-updates/service-announcement-30-january-2020/,https://www.apnic.net/,https://www.apnic.net/about-apnic/service-updates/service-announcement-30-january-2020/,recon_page,2026-05-02T20:14:04.374166
89,1,3,0,0,0,0,1,0,13,0,net,200,2,70866,893.558,0,0,19,1,cloudflare,0,html,0,0,0,1,7,1,1,1,1,1,1,2,1,2,0,0,0,0,0,0,0,0,1,9,0,0,0,0,1,17,7,8,2,1,168,156,12,1,3,1,26,1,10,1,1,11,1,0,0,0,1,0,0,1,0,0,0,0,0,0,1,1,0,0,0,0,0,0,0,0,0,0,0.0,0.0,0.0,0,0,0,1,1,0,0,0,0,2,0,1,113,15,0,0,0,0,0,0,0,1.0,0.00023988936866762623,0.875,0.18344481133406712,0,,multi_full_20260502_195405_0001,2026-05-02T20:14:10.392851,https://www.apnic.net/about-apnic/service-updates/service-announcement-15-september-2016/,https://www.apnic.net/,False,https://www.apnic.net/about-apnic/service-updates/service-announcement-15-september-2016/,https://www.apnic.net/,https://www.apnic.net/about-apnic/service-updates/service-announcement-15-september-2016/,recon_page,2026-05-02T20:14:10.396615
86,1,3,0,0,0,0,1,0,13,0,net,200,2,71878,1064.122,0,0,19,1,cloudflare,0,html,0,0,0,1,7,1,1,1,1,1,1,2,1,2,0,0,0,0,0,0,0,0,1,9,0,0,0,0,1,17,7,8,2,1,169,157,12,1,3,1,26,1,10,1,1,11,1,0,0,0,1,0,0,1,0,0,0,1,0,0,1,1,0,0,0,0,0,0,0,0,0,0,0.0,0.0,0.0,0,0,0,1,1,0,0,0,0,2,0,1,114,15,0,0,0,0,0,0,0,1.0,0.0002365118673307549,0.875,0.1808620161941067,0,,multi_full_20260502_195405_0001,2026-05-02T20:14:15.353638,https://www.apnic.net/about-apnic/service-updates/service-announcement-8-april-2025-2/,https://www.apnic.net/,False,https://www.apnic.net/about-apnic/service-updates/service-announcement-8-april-2025-2/,https://www.apnic.net/,https://www.apnic.net/about-apnic/service-updates/service-announcement-8-april-2025-2/,recon_page,2026-05-02T20:14:15.369429
87,1,3,0,0,0,0,1,0,13,0,net,200,2,70755,945.582,0,0,19,1,cloudflare,0,html,0,0,0,1,7,1,1,1,1,1,1,2,1,2,0,0,0,0,0,0,0,0,1,9,0,0,0,0,1,17,7,8,2,1,168,156,12,1,3,1,26,1,10,1,1,11,1,0,0,0,1,0,0,1,0,0,0,0,0,0,1,1,0,0,0,0,0,0,0,0,0,0,0.0,0.0,0.0,0,0,0,1,1,0,0,0,0,2,0,1,113,15,0,0,0,0,0,0,0,1.0,0.00024026570560384424,0.875,0.18373259840293973,0,,multi_full_20260502_195405_0001,2026-05-02T20:14:15.977077,https://www.apnic.net/about-apnic/service-updates/service-announcement-15-october-2020/,https://www.apnic.net/,False,https://www.apnic.net/about-apnic/service-updates/service-announcement-15-october-2020/,https://www.apnic.net/,https://www.apnic.net/about-apnic/service-updates/service-announcement-15-october-2020/,recon_page,2026-05-02T20:14:15.991794
77,1,3,0,0,0,0,1,0,13,0,net,200,2,70610,1028.589,0,0,19,1,cloudflare,0,html,0,0,0,1,7,1,1,1,1,1,1,2,1,2,0,0,0,0,0,0,0,0,1,9,0,0,0,0,1,17,7,8,2,1,168,156,12,1,3,1,26,1,10,1,1,11,1,0,0,0,1,0,0,1,0,0,0,0,0,0,1,1,0,0,0,0,0,0,0,0,0,0,0.0,0.0,0.0,0,0,0,1,1,0,0,0,0,2,0,1,113,15,0,0,0,0,0,0,0,1.0,0.0002407590992777227,0.875,0.1841098994476703,0,,multi_full_20260502_195405_0001,2026-05-02T20:14:17.421836,https://www.apnic.net/about-apnic/service-updates/service-announcement-1-feb/,https://www.apnic.net/,False,https://www.apnic.net/about-apnic/service-updates/service-announcement-1-feb/,https://www.apnic.net/,https://www.apnic.net/about-apnic/service-updates/service-announcement-1-feb/,recon_page,2026-05-02T20:14:17.425947
86,1,3,0,0,0,0,1,0,13,0,net,200,2,70711,1158.34,0,0,19,1,cloudflare,0,html,0,0,0,1,7,1,1,1,1,1,1,2,1,2,0,0,0,0,0,0,0,0,1,9,0,0,0,0,1,17,7,8,2,1,168,156,12,1,3,1,26,1,10,1,1,11,1,0,0,0,1,0,0,1,0,0,0,0,0,0,1,1,0,0,0,0,0,0,0,0,0,0,0.0,0.0,0.0,0,0,0,1,1,0,0,0,0,2,0,1,113,15,0,0,0,0,0,0,0,1.0,0.00024041521121183408,0.875,0.1838469262208143,0,,multi_full_20260502_195405_0001,2026-05-02T20:14:18.189434,https://www.apnic.net/about-apnic/service-updates/service-announcement-13-august-2022/,https://www.apnic.net/,False,https://www.apnic.net/about-apnic/service-updates/service-announcement-13-august-2022/,https://www.apnic.net/,https://www.apnic.net/about-apnic/service-updates/service-announcement-13-august-2022/,recon_page,2026-05-02T20:14:18.200569
85,1,3,0,0,0,0,1,0,13,0,net,200,2,70787,1167.529,0,0,19,1,cloudflare,0,html,0,0,0,1,7,1,1,1,1,1,1,2,1,2,0,0,0,0,0,0,0,0,1,9,0,0,0,0,1,17,7,8,2,1,168,156,12,1,3,1,26,1,10,1,1,11,1,0,0,0,1,0,0,1,0,0,0,0,0,0,1,1,0,0,0,0,0,0,0,0,0,0,0.0,0.0,0.0,0,0,0,1,1,0,0,0,0,2,0,1,113,15,0,0,0,0,0,0,0,1.0,0.00024015709099128372,0.875,0.18364954016980517,0,,multi_full_20260502_195405_0001,2026-05-02T20:14:18.179406,https://www.apnic.net/about-apnic/service-updates/service-announcement-1-august-2019/,https://www.apnic.net/,False,https://www.apnic.net/about-apnic/service-updates/service-announcement-1-august-2019/,https://www.apnic.net/,https://www.apnic.net/about-apnic/service-updates/service-announcement-1-august-2019/,recon_page,2026-05-02T20:14:18.196014
89,1,3,0,0,0,0,1,0,13,0,net,200,2,70970,1153.4189999999999,0,0,19,1,cloudflare,0,html,0,0,0,1,7,1,1,1,1,1,1,2,1,2,0,0,0,0,0,0,0,0,1,9,0,0,0,0,1,17,7,8,2,1,168,156,12,1,3,1,26,1,10,1,1,11,1,0,0,0,1,0,0,1,0,0,0,0,0,0,1,1,0,0,0,0,0,0,0,0,0,0,0.0,0.0,0.0,0,0,0,1,1,0,0,0,0,2,0,1,113,15,0,0,0,0,0,0,0,1.0,0.0002395378328871354,0.875,0.18317598985486827,0,,multi_full_20260502_195405_0001,2026-05-02T20:14:18.201268,https://www.apnic.net/about-apnic/service-updates/service-announcement-22-october-2025-2/,https://www.apnic.net/,False,https://www.apnic.net/about-apnic/service-updates/service-announcement-22-october-2025-2/,https://www.apnic.net/,https://www.apnic.net/about-apnic/service-updates/service-announcement-22-october-2025-2/,recon_page,2026-05-02T20:14:18.209541
88,1,3,0,0,0,0,1,0,13,0,net,200,2,70882,1163.783,0,0,19,1,cloudflare,0,html,0,0,0,1,7,1,1,1,1,1,1,2,1,2,0,0,0,0,0,0,0,0,1,9,0,0,0,0,1,17,7,8,2,1,169,157,12,1,3,1,26,1,10,1,1,11,1,0,0,0,1,0,0,1,0,0,0,0,0,0,1,1,0,0,0,0,0,0,0,0,0,0,0.0,0.0,0.0,0,0,0,1,1,0,0,0,0,2,0,1,114,15,0,0,0,0,0,0,0,1.0,0.00023983521909652663,0.875,0.18340340283852036,0,,multi_full_20260502_195405_0001,2026-05-02T20:14:18.461526,https://www.apnic.net/about-apnic/service-updates/scheduled-maintenance-26-october-2017/,https://www.apnic.net/,False,https://www.apnic.net/about-apnic/service-updates/scheduled-maintenance-26-october-2017/,https://www.apnic.net/,https://www.apnic.net/about-apnic/service-updates/scheduled-maintenance-26-october-2017/,recon_page,2026-05-02T20:14:18.474370
89,1,3,0,0,0,0,1,0,13,0,net,200,2,70742,901.053,0,0,19,1,cloudflare,0,html,0,0,0,1,7,1,1,1,1,1,1,2,1,2,0,0,0,0,0,0,0,0,1,9,0,0,0,0,1,17,7,8,2,1,168,156,12,1,3,1,26,1,10,1,1,11,1,0,0,0,1,0,0,1,0,0,0,0,0,0,1,1,0,0,0,0,0,0,0,0,0,0,0.0,0.0,0.0,0,0,0,1,1,0,0,0,0,2,0,1,113,15,0,0,0,0,0,0,0,1.0,0.0002403098583585423,0.875,0.1837663622741794,0,,multi_full_20260502_195405_0001,2026-05-02T20:14:30.929730,https://www.apnic.net/about-apnic/service-updates/service-announcement-13-september-2017/,https://www.apnic.net/,False,https://www.apnic.net/about-apnic/service-updates/service-announcement-13-september-2017/,https://www.apnic.net/,https://www.apnic.net/about-apnic/service-updates/service-announcement-13-september-2017/,recon_page,2026-05-02T20:14:30.936434
87,1,3,0,0,0,0,1,0,13,0,net,200,2,70752,1261.0459999999998,0,0,19,1,cloudflare,0,html,0,0,0,1,7,1,1,1,1,1,1,2,1,2,0,0,0,0,0,0,0,0,1,9,0,0,0,0,1,17,7,8,2,1,168,156,12,1,3,1,26,1,10,1,1,11,1,0,0,0,1,0,0,1,0,0,0,0,0,0,1,1,0,0,0,0,0,0,0,0,0,0,0.0,0.0,0.0,0,0,0,1,1,0,0,0,0,2,0,1,113,15,0,0,0,0,0,0,0,1.0,0.00024027589326096788,0.875,0.18374038896426959,0,,multi_full_20260502_195405_0001,2026-05-02T20:14:58.870489,https://www.apnic.net/about-apnic/service-updates/service-announcement-28-january-2026/,https://www.apnic.net/,False,https://www.apnic.net/about-apnic/service-updates/service-announcement-28-january-2026/,https://www.apnic.net/,https://www.apnic.net/about-apnic/service-updates/service-announcement-28-january-2026/,recon_page,2026-05-02T20:14:58.907157
85,1,3,0,0,0,0,1,0,13,0,net,200,2,70556,1030.145,0,0,19,1,cloudflare,0,html,0,0,0,1,7,1,1,1,1,1,1,2,1,2,0,0,0,0,0,0,0,0,1,9,0,0,0,0,1,17,7,8,2,1,168,156,12,1,3,1,26,1,10,1,1,11,1,0,0,0,1,0,0,1,0,0,0,0,0,0,1,1,0,0,0,0,0,0,0,0,0,0,0.0,0.0,0.0,0,0,0,1,1,0,0,0,0,2,0,1,113,15,0,0,0,0,0,0,0,1.0,0.0002409433641362889,0.875,0.1842508078689268,0,,multi_full_20260502_195405_0001,2026-05-02T20:14:58.878739,https://www.apnic.net/about-apnic/service-updates/service-announcement-7-august-2014/,https://www.apnic.net/,False,https://www.apnic.net/about-apnic/service-updates/service-announcement-7-august-2014/,https://www.apnic.net/,https://www.apnic.net/about-apnic/service-updates/service-announcement-7-august-2014/,recon_page,2026-05-02T20:14:58.911701
79,1,3,0,0,0,0,1,0,13,0,net,200,2,70630,1248.583,0,0,19,1,cloudflare,0,html,0,0,0,1,7,1,1,1,1,1,1,2,1,2,0,0,0,0,0,0,0,0,1,9,0,0,0,0,1,17,7,8,2,1,168,156,12,1,3,1,26,1,10,1,1,11,1,0,0,0,1,0,0,1,0,0,0,0,0,0,1,1,0,0,0,0,0,0,0,0,0,0,0.0,0.0,0.0,0,0,0,1,1,0,0,0,0,2,0,1,113,15,0,0,0,0,0,0,0,1.0,0.00024069092453631602,0.875,0.18405776582188874,0,,multi_full_20260502_195405_0001,2026-05-02T20:14:58.910206,https://www.apnic.net/about-apnic/service-updates/service-announcement-19-june/,https://www.apnic.net/,False,https://www.apnic.net/about-apnic/service-updates/service-announcement-19-june/,https://www.apnic.net/,https://www.apnic.net/about-apnic/service-updates/service-announcement-19-june/,recon_page,2026-05-02T20:14:58.917880
146,1,3,0,0,0,0,1,0,13,0,net,200,2,70994,1036.935,0,0,19,1,cloudflare,0,html,0,0,0,1,7,1,1,1,1,1,1,2,1,2,0,0,0,0,0,0,0,0,1,9,0,0,0,0,1,17,7,8,2,1,168,156,12,1,3,1,26,1,10,1,1,11,1,0,0,0,1,0,0,1,0,0,0,0,0,0,1,1,0,0,0,0,0,0,0,0,0,0,0.0,0.0,0.0,0,0,0,1,1,0,0,0,0,2,0,1,113,15,0,0,0,0,0,0,0,1.0,0.00023945685550891624,0.875,0.18311406597740654,0,,multi_full_20260502_195405_0001,2026-05-02T20:15:10.154105,https://www.apnic.net/about-apnic/service-updates/service-announcement-apnic-office-will-be-closed-for-australian-public-holiday-on-25-april-2012/,https://www.apnic.net/,False,https://www.apnic.net/about-apnic/service-updates/service-announcement-apnic-office-will-be-closed-for-australian-public-holiday-on-25-april-2012/,https://www.apnic.net/,https://www.apnic.net/about-apnic/service-updates/service-announcement-apnic-office-will-be-closed-for-australian-public-holiday-on-25-april-2012/,recon_page,2026-05-02T20:15:10.157762
87,1,3,0,0,0,0,1,0,13,0,net,200,2,71061,1182.53,0,0,19,1,cloudflare,0,html,0,0,0,1,7,1,1,1,1,1,1,2,1,2,0,0,0,0,0,0,0,0,1,9,0,0,0,0,1,17,7,8,2,1,168,156,12,1,3,1,26,1,10,1,1,11,1,0,0,0,1,0,0,1,0,0,0,0,0,0,1,1,0,0,0,0,0,0,0,0,0,0,0.0,0.0,0.0,0,0,0,1,1,0,0,0,0,2,0,1,113,15,0,0,0,0,0,0,0,1.0,0.00023923108315391001,0.875,0.18294141652946058,0,,multi_full_20260502_195405_0001,2026-05-02T20:15:10.154600,https://www.apnic.net/about-apnic/service-updates/service-announcement-16-october-2024/,https://www.apnic.net/,False,https://www.apnic.net/about-apnic/service-updates/service-announcement-16-october-2024/,https://www.apnic.net/,https://www.apnic.net/about-apnic/service-updates/service-announcement-16-october-2024/,recon_page,2026-05-02T20:15:10.160129
80,1,3,0,0,0,0,1,0,13,0,net,200,2,70850,1042.948,0,0,19,1,cloudflare,0,html,0,0,0,1,7,1,1,1,1,1,1,2,1,2,0,0,0,0,0,0,0,0,1,9,0,0,0,0,1,17,7,8,2,1,168,156,12,1,3,1,26,1,10,1,1,11,1,0,0,0,1,0,0,1,0,0,0,0,0,0,1,1,0,0,0,0,0,0,0,0,0,0,0.0,0.0,0.0,0,0,0,1,1,0,0,0,0,2,0,1,113,15,0,0,0,0,0,0,0,1.0,0.00023994354269583627,0.875,0.1834862385321101,0,,multi_full_20260502_195405_0001,2026-05-02T20:15:10.899366,https://www.apnic.net/about-apnic/service-updates/service-announcement-30-march/,https://www.apnic.net/,False,https://www.apnic.net/about-apnic/service-updates/service-announcement-30-march/,https://www.apnic.net/,https://www.apnic.net/about-apnic/service-updates/service-announcement-30-march/,recon_page,2026-05-02T20:15:10.950657
87,1,3,0,0,0,0,1,0,13,0,net,200,2,70654,1049.8890000000001,0,0,19,1,cloudflare,0,html,0,0,0,1,7,1,1,1,1,1,1,2,1,2,0,0,0,0,0,0,0,0,1,9,0,0,0,0,1,17,7,8,2,1,168,156,12,1,3,1,26,1,10,1,1,11,1,0,0,0,1,0,0,1,0,0,0,0,0,0,1,1,0,0,0,0,0,0,0,0,0,0,0.0,0.0,0.0,0,0,0,1,1,0,0,0,0,2,0,1,113,15,0,0,0,0,0,0,0,1.0,0.0002406091657938687,0.875,0.1839952444306055,0,,multi_full_20260502_195405_0001,2026-05-02T20:15:10.987681,https://www.apnic.net/about-apnic/service-updates/service-announcement-22-october-2020/,https://www.apnic.net/,False,https://www.apnic.net/about-apnic/service-updates/service-announcement-22-october-2020/,https://www.apnic.net/,https://www.apnic.net/about-apnic/service-updates/service-announcement-22-october-2020/,recon_page,2026-05-02T20:15:11.052279
87,1,3,0,0,0,0,1,0,13,0,net,200,2,70976,1508.77,0,0,19,1,cloudflare,0,html,0,0,0,1,7,1,1,1,1,1,1,2,1,2,0,0,0,0,0,0,0,0,1,9,0,0,0,0,1,17,7,8,2,1,168,156,12,1,3,1,26,1,10,1,1,11,1,0,0,0,1,0,0,1,0,0,0,0,0,0,1,1,0,0,0,0,0,0,0,0,0,0,0.0,0.0,0.0,0,0,0,1,1,0,0,0,0,2,0,1,113,15,0,0,0,0,0,0,0,1.0,0.00023951758340847611,0.875,0.1831605049594229,0,,multi_full_20260502_195405_0001,2026-05-02T20:15:11.017339,https://www.apnic.net/about-apnic/service-updates/service-announcement-29th-april-2025/,https://www.apnic.net/,False,https://www.apnic.net/about-apnic/service-updates/service-announcement-29th-april-2025/,https://www.apnic.net/,https://www.apnic.net/about-apnic/service-updates/service-announcement-29th-april-2025/,recon_page,2026-05-02T20:15:11.055290
89,1,3,0,0,0,0,1,0,13,0,net,200,2,70895,903.441,0,0,19,1,cloudflare,0,html,0,0,0,1,7,1,1,1,1,1,1,2,1,2,0,0,0,0,0,0,0,0,1,9,0,0,0,0,1,17,7,8,2,1,168,156,12,1,3,1,26,1,10,1,1,11,1,0,0,0,1,0,0,1,0,0,0,0,0,0,1,1,0,0,0,0,0,0,0,0,0,0,0.0,0.0,0.0,0,0,0,1,1,0,0,0,0,2,0,1,113,15,0,0,0,0,0,0,0,1.0,0.00023979124056703577,0.875,0.18336977219832148,0,,multi_full_20260502_195405_0001,2026-05-02T20:15:11.043022,https://www.apnic.net/about-apnic/service-updates/service-announcement-07-september-2021/,https://www.apnic.net/,False,https://www.apnic.net/about-apnic/service-updates/service-announcement-07-september-2021/,https://www.apnic.net/,https://www.apnic.net/about-apnic/service-updates/service-announcement-07-september-2021/,recon_page,2026-05-02T20:15:11.055827
86,1,3,0,0,0,0,1,0,13,0,net,200,2,70753,1152.8890000000001,0,0,19,1,cloudflare,0,html,0,0,0,1,7,1,1,1,1,1,1,2,1,2,0,0,0,0,0,0,0,0,1,9,0,0,0,0,1,17,7,8,2,1,168,156,12,1,3,1,26,1,10,1,1,11,1,0,0,0,1,0,0,1,0,0,0,0,0,0,1,1,0,0,0,0,0,0,0,0,0,0,0.0,0.0,0.0,0,0,0,1,1,0,0,0,0,2,0,1,113,15,0,0,0,0,0,0,0,1.0,0.0002402724972792673,0.875,0.18373779203708676,0,,multi_full_20260502_195405_0001,2026-05-02T20:15:11.050508,https://www.apnic.net/about-apnic/service-updates/upgrade-edge-router-firmware-in-dc2/,https://www.apnic.net/,False,https://www.apnic.net/about-apnic/service-updates/upgrade-edge-router-firmware-in-dc2/,https://www.apnic.net/,https://www.apnic.net/about-apnic/service-updates/upgrade-edge-router-firmware-in-dc2/,recon_page,2026-05-02T20:15:11.060052
88,1,3,0,0,0,0,1,0,13,0,net,200,2,70708,1051.2820000000002,0,0,19,1,cloudflare,0,html,0,0,0,1,7,1,1,1,1,1,1,2,1,2,0,0,0,0,0,0,0,0,1,9,0,0,0,0,1,17,7,8,2,1,168,156,12,1,3,1,26,1,10,1,1,11,1,0,0,0,1,0,0,1,0,0,0,0,0,0,1,1,0,0,0,0,0,0,0,0,0,0,0.0,0.0,0.0,0,0,0,1,1,0,0,0,0,2,0,1,113,15,0,0,0,0,0,0,0,1.0,0.00024042541155173388,0.875,0.1838547264807377,0,,multi_full_20260502_195405_0001,2026-05-02T20:15:11.053928,https://www.apnic.net/about-apnic/service-updates/service-announcement-20-august-2020-2/,https://www.apnic.net/,False,https://www.apnic.net/about-apnic/service-updates/service-announcement-20-august-2020-2/,https://www.apnic.net/,https://www.apnic.net/about-apnic/service-updates/service-announcement-20-august-2020-2/,recon_page,2026-05-02T20:15:11.060310
82,1,3,0,0,0,0,1,0,13,0,net,200,2,70758,950.428,0,0,19,1,cloudflare,0,html,0,0,0,1,7,1,1,1,1,1,1,2,1,2,0,0,0,0,0,0,0,0,1,9,0,0,0,0,1,17,7,8,2,1,168,156,12,1,3,1,26,1,10,1,1,11,1,0,0,0,1,0,0,1,0,0,0,0,0,0,1,1,0,0,0,0,0,0,0,0,0,0,0.0,0.0,0.0,0,0,0,1,1,0,0,0,0,2,0,1,113,15,0,0,0,0,0,0,0,1.0,0.00024025551881059386,0.875,0.18372480850221884,0,,multi_full_20260502_195405_0001,2026-05-02T20:15:27.320895,https://www.apnic.net/about-apnic/service-updates/service-announcement-26-january/,https://www.apnic.net/,False,https://www.apnic.net/about-apnic/service-updates/service-announcement-26-january/,https://www.apnic.net/,https://www.apnic.net/about-apnic/service-updates/service-announcement-26-january/,recon_page,2026-05-02T20:15:27.326990
81,1,3,0,0,0,0,1,0,13,0,net,200,2,70671,1283.719,0,0,19,1,cloudflare,0,html,0,0,0,1,7,1,1,1,1,1,1,2,1,2,0,0,0,0,0,0,0,0,1,9,0,0,0,0,1,17,7,8,2,1,168,156,12,1,3,1,26,1,10,1,1,11,1,0,0,0,1,0,0,1,0,0,0,0,0,0,1,1,0,0,0,0,0,0,0,0,0,0,0.0,0.0,0.0,0,0,0,1,1,0,0,0,0,2,0,1,113,15,0,0,0,0,0,0,0,1.0,0.0002405512869493852,0.875,0.18395098413776512,0,,multi_full_20260502_195405_0001,2026-05-02T20:16:02.435340,https://www.apnic.net/about-apnic/service-updates/upgrade-load-balancer-firmware/,https://www.apnic.net/,False,https://www.apnic.net/about-apnic/service-updates/upgrade-load-balancer-firmware/,https://www.apnic.net/,https://www.apnic.net/about-apnic/service-updates/upgrade-load-balancer-firmware/,recon_page,2026-05-02T20:16:02.457919
79,1,3,0,0,0,0,1,0,13,0,net,200,2,70513,1270.0149999999999,0,0,19,1,cloudflare,0,html,0,0,0,1,7,1,1,1,1,1,1,2,1,2,0,0,0,0,0,0,0,0,1,9,0,0,0,0,1,17,7,8,2,1,168,156,12,1,3,1,26,1,10,1,1,11,1,0,0,0,1,0,0,1,0,0,0,0,0,0,1,1,0,0,0,0,0,0,0,0,0,0,0.0,0.0,0.0,0,0,0,1,1,0,0,0,0,2,0,1,113,15,0,0,0,0,0,0,0,1.0,0.0002410902954065208,0.875,0.1843631670755747,0,,multi_full_20260502_195405_0001,2026-05-02T20:16:02.706495,https://www.apnic.net/about-apnic/service-updates/service-announcement-31-july/,https://www.apnic.net/,False,https://www.apnic.net/about-apnic/service-updates/service-announcement-31-july/,https://www.apnic.net/,https://www.apnic.net/about-apnic/service-updates/service-announcement-31-july/,recon_page,2026-05-02T20:16:02.716449
85,1,3,0,0,0,0,1,0,13,0,net,200,2,70943,1258.486,0,0,19,1,cloudflare,0,html,0,0,0,1,7,1,1,1,1,1,1,2,1,2,0,0,0,0,0,0,0,0,1,9,0,0,0,0,1,17,7,8,2,1,168,156,12,1,3,1,26,1,10,1,1,11,1,0,0,0,1,0,0,1,0,0,0,0,0,0,1,1,0,0,0,0,0,0,0,0,0,0,0.0,0.0,0.0,0,0,0,1,1,0,0,0,0,2,0,1,113,15,0,0,0,0,0,0,0,1.0,0.00023962899792791395,0.875,0.18324570429781656,0,,multi_full_20260502_195405_0001,2026-05-02T20:16:05.148147,https://www.apnic.net/about-apnic/service-updates/service-announcement-19-april-2010/,https://www.apnic.net/,False,https://www.apnic.net/about-apnic/service-updates/service-announcement-19-april-2010/,https://www.apnic.net/,https://www.apnic.net/about-apnic/service-updates/service-announcement-19-april-2010/,recon_page,2026-05-02T20:16:05.156818
87,1,3,0,0,0,0,1,0,13,0,net,200,2,70923,959.183,0,0,19,1,cloudflare,0,html,0,0,0,1,7,1,1,1,1,1,1,2,1,2,0,0,0,0,0,0,0,0,1,9,0,0,0,0,1,17,7,8,2,1,169,157,12,1,3,1,26,1,10,1,1,11,1,0,0,0,1,0,0,1,0,0,0,0,0,0,1,1,0,0,0,0,0,0,0,0,0,0,0.0,0.0,0.0,0,0,0,1,1,0,0,0,0,2,0,1,114,15,0,0,0,0,0,0,0,1.0,0.00023969657233901555,0.875,0.18329737884748248,0,,multi_full_20260502_195405_0001,2026-05-02T20:16:08.114356,https://www.apnic.net/about-apnic/service-updates/service-announcement-5-november-2013/,https://www.apnic.net/,False,https://www.apnic.net/about-apnic/service-updates/service-announcement-5-november-2013/,https://www.apnic.net/,https://www.apnic.net/about-apnic/service-updates/service-announcement-5-november-2013/,recon_page,2026-05-02T20:16:08.118511
85,1,3,0,0,0,0,1,0,13,0,net,200,2,71412,847.705,0,0,19,1,cloudflare,0,html,0,0,0,1,7,1,1,1,1,1,1,2,1,2,0,0,0,0,0,0,0,0,1,9,0,0,0,0,1,17,7,8,2,1,168,156,12,1,3,1,26,1,10,1,1,11,1,0,0,0,1,0,0,1,0,0,0,0,0,0,1,1,0,0,0,0,0,0,0,0,0,0,0.0,0.0,0.0,0,0,0,1,1,0,0,0,0,2,0,1,113,15,0,0,0,0,0,0,0,1.0,0.00023805522881308465,0.875,0.18204223379824117,0,,multi_full_20260502_195405_0001,2026-05-02T20:16:08.471157,https://www.apnic.net/about-apnic/service-updates/service-announcement-10-april-2026/,https://www.apnic.net/,False,https://www.apnic.net/about-apnic/service-updates/service-announcement-10-april-2026/,https://www.apnic.net/,https://www.apnic.net/about-apnic/service-updates/service-announcement-10-april-2026/,recon_page,2026-05-02T20:16:08.486553
83,1,3,0,0,0,0,1,0,13,0,net,200,2,70805,920.774,0,0,19,1,cloudflare,0,html,0,0,0,1,7,1,1,1,1,1,1,2,1,2,0,0,0,0,0,0,0,0,1,9,0,0,0,0,1,17,7,8,2,1,168,156,12,1,3,1,26,1,10,1,1,11,1,0,0,0,1,0,0,1,0,0,0,0,0,0,1,1,0,0,0,0,0,0,0,0,0,0,0.0,0.0,0.0,0,0,0,1,1,0,0,0,0,2,0,1,113,15,0,0,0,0,0,0,0,1.0,0.00024009603841536616,0.875,0.18360285290586822,0,,multi_full_20260502_195405_0001,2026-05-02T20:16:08.452472,https://www.apnic.net/about-apnic/service-updates/service-announcement-31-may-2017/,https://www.apnic.net/,False,https://www.apnic.net/about-apnic/service-updates/service-announcement-31-may-2017/,https://www.apnic.net/,https://www.apnic.net/about-apnic/service-updates/service-announcement-31-may-2017/,recon_page,2026-05-02T20:16:08.482707
84,1,3,0,0,0,0,1,0,13,0,net,200,2,70620,928.207,0,0,19,1,cloudflare,0,html,0,0,0,1,7,1,1,1,1,1,1,2,1,2,0,0,0,0,0,0,0,0,1,9,0,0,0,0,1,17,7,8,2,1,168,156,12,1,3,1,26,1,10,1,1,11,1,0,0,0,1,0,0,1,0,0,0,0,0,0,1,1,0,0,0,0,0,0,0,0,0,0,0.0,0.0,0.0,0,0,0,1,1,0,0,0,0,2,0,1,113,15,0,0,0,0,0,0,0,1.0,0.00024072500708014727,0.875,0.184083828943642,0,,multi_full_20260502_195405_0001,2026-05-02T20:16:08.484540,https://www.apnic.net/about-apnic/service-updates/service-announcement-19-july-2017/,https://www.apnic.net/,False,https://www.apnic.net/about-apnic/service-updates/service-announcement-19-july-2017/,https://www.apnic.net/,https://www.apnic.net/about-apnic/service-updates/service-announcement-19-july-2017/,recon_page,2026-05-02T20:16:08.495933
88,1,3,0,0,0,0,1,0,13,0,net,200,2,70709,932.4780000000001,0,0,19,1,cloudflare,0,html,0,0,0,1,7,1,1,1,1,1,1,2,1,2,0,0,0,0,0,0,0,0,1,9,0,0,0,0,1,17,7,8,2,1,168,156,12,1,3,1,26,1,10,1,1,11,1,0,0,0,1,0,0,1,0,0,0,0,0,0,1,1,0,0,0,0,0,0,0,0,0,0,0.0,0.0,0.0,0,0,0,1,1,0,0,0,0,2,0,1,113,15,0,0,0,0,0,0,0,1.0,0.00024042201134226194,0.875,0.18385212632055326,0,,multi_full_20260502_195405_0001,2026-05-02T20:16:08.878294,https://www.apnic.net/about-apnic/service-updates/service-announcement-11-november-2021/,https://www.apnic.net/,False,https://www.apnic.net/about-apnic/service-updates/service-announcement-11-november-2021/,https://www.apnic.net/,https://www.apnic.net/about-apnic/service-updates/service-announcement-11-november-2021/,recon_page,2026-05-02T20:16:08.889419
85,1,3,0,0,0,0,1,0,13,0,net,200,2,73878,1398.852,0,0,19,1,cloudflare,0,html,0,0,0,1,7,1,1,1,1,1,1,2,1,2,0,0,0,0,0,0,0,0,1,9,0,0,0,0,1,17,7,8,2,1,168,156,12,1,3,1,26,1,10,1,1,11,1,0,0,0,1,0,0,1,0,0,0,0,0,0,1,1,0,0,0,0,0,0,0,0,0,0,0.0,0.0,0.0,0,0,0,1,1,0,0,0,0,2,0,1,113,15,0,0,0,0,0,0,0,1.0,0.00023010909878448254,0.875,0.1759657814234278,0,,multi_full_20260502_195405_0001,2026-05-02T20:16:09.157522,https://www.apnic.net/about-apnic/service-updates/service-announcement-17-april-2019/,https://www.apnic.net/,False,https://www.apnic.net/about-apnic/service-updates/service-announcement-17-april-2019/,https://www.apnic.net/,https://www.apnic.net/about-apnic/service-updates/service-announcement-17-april-2019/,recon_page,2026-05-02T20:16:09.165327
89,1,3,0,0,0,0,1,0,13,0,net,200,2,70760,1432.721,0,0,19,1,cloudflare,0,html,0,0,0,1,7,1,1,1,1,1,1,2,1,2,0,0,0,0,0,0,0,0,1,9,0,0,0,0,1,17,7,8,2,1,168,156,12,1,3,1,26,1,10,1,1,11,1,0,0,0,1,0,0,1,0,0,0,0,0,0,1,1,0,0,0,0,0,0,0,0,0,0,0.0,0.0,0.0,0,0,0,1,1,0,0,0,0,2,0,1,113,15,0,0,0,0,0,0,0,1.0,0.0002402487280949689,0.875,0.18371961560203504,0,,multi_full_20260502_195405_0001,2026-05-02T20:16:09.413151,https://www.apnic.net/about-apnic/service-updates/service-announcement-1-december-2025-2/,https://www.apnic.net/,False,https://www.apnic.net/about-apnic/service-updates/service-announcement-1-december-2025-2/,https://www.apnic.net/,https://www.apnic.net/about-apnic/service-updates/service-announcement-1-december-2025-2/,recon_page,2026-05-02T20:16:09.421765
85,1,3,0,0,0,0,1,0,13,0,net,200,2,71196,1566.178,0,0,19,1,cloudflare,0,html,0,0,0,1,7,1,1,1,1,1,1,2,1,2,0,0,0,0,0,0,0,0,1,9,0,0,0,0,1,17,7,8,2,1,168,156,12,1,3,1,26,1,10,1,1,11,1,0,0,0,1,0,0,1,0,0,0,1,0,0,1,1,0,0,0,0,0,0,0,0,0,0,0.0,0.0,0.0,0,0,0,1,1,0,0,0,0,2,0,1,113,15,0,0,0,0,0,0,0,1.0,0.0002387774594078319,0.875,0.1825945277824597,0,,multi_full_20260502_195405_0001,2026-05-02T20:16:09.999505,https://www.apnic.net/about-apnic/service-updates/service-announcement-06-april-2026/,https://www.apnic.net/,False,https://www.apnic.net/about-apnic/service-updates/service-announcement-06-april-2026/,https://www.apnic.net/,https://www.apnic.net/about-apnic/service-updates/service-announcement-06-april-2026/,recon_page,2026-05-02T20:16:10.004757
85,1,3,0,0,0,0,1,0,13,0,net,200,2,70778,997.7,0,0,19,1,cloudflare,0,html,0,0,0,1,7,1,1,1,1,1,1,2,1,2,0,0,0,0,0,0,0,0,1,9,0,0,0,0,1,17,7,8,2,1,168,156,12,1,3,1,26,1,10,1,1,11,1,0,0,0,1,0,0,1,0,0,0,0,0,0,1,1,0,0,0,0,0,0,0,0,0,0,0.0,0.0,0.0,0,0,0,1,1,0,0,0,0,2,0,1,113,15,0,0,0,0,0,0,0,1.0,0.000240187628924242,0.875,0.18367289270677328,0,,multi_full_20260502_195405_0001,2026-05-02T20:16:24.778140,https://www.apnic.net/about-apnic/service-updates/service-announcement-04-april-2023/,https://www.apnic.net/,False,https://www.apnic.net/about-apnic/service-updates/service-announcement-04-april-2023/,https://www.apnic.net/,https://www.apnic.net/about-apnic/service-updates/service-announcement-04-april-2023/,recon_page,2026-05-02T20:16:24.782654
89,1,3,0,0,0,0,1,0,13,0,net,200,2,70695,1008.864,0,0,19,1,cloudflare,0,html,0,0,0,1,7,1,1,1,1,1,1,2,1,2,0,0,0,0,0,0,0,0,1,9,0,0,0,0,1,17,7,8,2,1,168,156,12,1,3,1,26,1,10,1,1,11,1,0,0,0,1,0,0,1,0,0,0,0,0,0,1,1,0,0,0,0,0,0,0,0,0,0,0.0,0.0,0.0,0,0,0,1,1,0,0,0,0,2,0,1,113,15,0,0,0,0,0,0,0,1.0,0.00024046962302850272,0.875,0.18388853525709034,0,,multi_full_20260502_195405_0001,2026-05-02T20:16:50.691687,https://www.apnic.net/about-apnic/service-updates/scheduled-maintenance-28-november-2017/,https://www.apnic.net/,False,https://www.apnic.net/about-apnic/service-updates/scheduled-maintenance-28-november-2017/,https://www.apnic.net/,https://www.apnic.net/about-apnic/service-updates/scheduled-maintenance-28-november-2017/,recon_page,2026-05-02T20:16:50.701249
94,1,3,0,0,0,0,1,0,13,0,net,200,2,70657,928.232,0,0,19,1,cloudflare,0,html,0,0,0,1,7,1,1,1,1,1,1,2,1,2,0,0,0,0,0,0,0,0,1,9,0,0,0,0,1,17,7,8,2,1,168,156,12,1,3,1,26,1,10,1,1,11,1,0,0,0,1,0,0,1,0,0,0,0,0,0,1,1,0,0,0,0,0,0,0,0,0,0,0.0,0.0,0.0,0,0,0,1,1,0,0,0,0,2,0,1,113,15,0,0,0,0,0,0,0,1.0,0.00024059894985634827,0.875,0.18398743224308986,0,,multi_full_20260502_195405_0001,2026-05-02T20:16:50.995983,https://www.apnic.net/about-apnic/service-updates/service-announcement-dnssec-outage-resolved/,https://www.apnic.net/,False,https://www.apnic.net/about-apnic/service-updates/service-announcement-dnssec-outage-resolved/,https://www.apnic.net/,https://www.apnic.net/about-apnic/service-updates/service-announcement-dnssec-outage-resolved/,recon_page,2026-05-02T20:16:51.007528
81,1,3,0,0,0,0,1,0,13,0,net,200,2,70578,945.701,0,0,19,1,cloudflare,0,html,0,0,0,1,7,1,1,1,1,1,1,2,1,2,0,0,0,0,0,0,0,0,1,9,0,0,0,0,1,17,7,8,2,1,168,156,12,1,3,1,26,1,10,1,1,11,1,0,0,0,1,0,0,1,0,0,0,0,0,0,1,1,0,0,0,0,0,0,0,0,0,0,0.0,0.0,0.0,0,0,0,1,1,0,0,0,0,2,0,1,113,15,0,0,0,0,0,0,0,1.0,0.00024086825923092182,0.875,0.18419337470599903,0,,multi_full_20260502_195405_0001,2026-05-02T20:16:51.253125,https://www.apnic.net/about-apnic/service-updates/service-announcement-4-january/,https://www.apnic.net/,False,https://www.apnic.net/about-apnic/service-updates/service-announcement-4-january/,https://www.apnic.net/,https://www.apnic.net/about-apnic/service-updates/service-announcement-4-january/,recon_page,2026-05-02T20:16:51.265136
89,1,3,0,0,0,0,1,0,13,0,net,200,2,70650,1196.272,0,0,19,1,cloudflare,0,html,0,0,0,1,7,1,1,1,1,1,1,2,1,2,0,0,0,0,0,0,0,0,1,9,0,0,0,0,1,17,7,8,2,1,168,156,12,1,3,1,26,1,10,1,1,11,1,0,0,0,1,0,0,1,0,0,0,0,0,0,1,1,0,0,0,0,0,0,0,0,0,0,0.0,0.0,0.0,0,0,0,1,1,0,0,0,0,2,0,1,113,15,0,0,0,0,0,0,0,1.0,0.00024062278839348904,0.875,0.18400566171266808,0,,multi_full_20260502_195405_0001,2026-05-02T20:17:03.843552,https://www.apnic.net/about-apnic/service-updates/service-announcement-28-october-2020-2/,https://www.apnic.net/,False,https://www.apnic.net/about-apnic/service-updates/service-announcement-28-october-2020-2/,https://www.apnic.net/,https://www.apnic.net/about-apnic/service-updates/service-announcement-28-october-2020-2/,recon_page,2026-05-02T20:17:03.859801
83,1,3,0,0,0,0,1,0,13,0,net,200,2,70628,910.1909999999999,0,0,19,1,cloudflare,0,html,0,0,0,1,7,1,1,1,1,1,1,2,1,2,0,0,0,0,0,0,0,0,1,9,0,0,0,0,1,17,7,8,2,1,168,156,12,1,3,1,26,1,10,1,1,11,1,0,0,0,1,0,0,1,0,0,0,1,0,0,1,1,0,0,0,0,0,0,0,0,0,0,0.0,0.0,0.0,0,0,0,1,1,0,0,0,0,2,0,1,113,15,0,0,0,0,0,0,0,1.0,0.00024069774027297956,0.875,0.18406297785580789,0,,multi_full_20260502_195405_0001,2026-05-02T20:17:04.103453,https://www.apnic.net/about-apnic/service-updates/service-announcement-30-aug-2019/,https://www.apnic.net/,False,https://www.apnic.net/about-apnic/service-updates/service-announcement-30-aug-2019/,https://www.apnic.net/,https://www.apnic.net/about-apnic/service-updates/service-announcement-30-aug-2019/,recon_page,2026-05-02T20:17:04.107384
85,1,3,0,0,0,0,1,0,13,0,net,200,2,70687,935.118,0,0,19,1,cloudflare,0,html,0,0,0,1,7,1,1,1,1,1,1,2,1,2,0,0,0,0,0,0,0,0,1,9,0,0,0,0,1,17,7,8,2,1,168,156,12,1,3,1,26,1,10,1,1,11,1,0,0,0,1,0,0,1,0,0,0,0,0,0,1,1,0,0,0,0,0,0,0,0,0,0,0.0,0.0,0.0,0,0,0,1,1,0,0,0,0,2,0,1,113,15,0,0,0,0,0,0,0,1.0,0.00024049683817392166,0.875,0.18390934683888127,0,,multi_full_20260502_195405_0001,2026-05-02T20:17:04.359193,https://www.apnic.net/about-apnic/service-updates/service-announcement-27-march-2018/,https://www.apnic.net/,False,https://www.apnic.net/about-apnic/service-updates/service-announcement-27-march-2018/,https://www.apnic.net/,https://www.apnic.net/about-apnic/service-updates/service-announcement-27-march-2018/,recon_page,2026-05-02T20:17:04.398701
87,1,3,0,0,0,0,1,0,13,0,net,200,2,71987,923.5100000000001,0,0,19,1,cloudflare,0,html,0,0,0,1,7,1,1,1,1,1,1,2,1,2,0,0,0,0,0,0,0,0,1,9,0,0,0,0,1,17,7,8,2,1,168,156,12,1,3,1,26,1,10,1,1,11,1,0,0,0,1,0,0,1,0,0,0,0,0,0,1,1,0,0,0,0,0,0,0,0,0,0,0.0,0.0,0.0,0,0,0,1,1,0,0,0,0,2,0,1,113,15,0,0,0,0,0,0,0,1.0,0.00023615374998263574,0.875,0.18058816175142736,0,,multi_full_20260502_195405_0001,2026-05-02T20:17:04.423187,https://www.apnic.net/about-apnic/service-updates/service-announcement-24-october-2024/,https://www.apnic.net/,False,https://www.apnic.net/about-apnic/service-updates/service-announcement-24-october-2024/,https://www.apnic.net/,https://www.apnic.net/about-apnic/service-updates/service-announcement-24-october-2024/,recon_page,2026-05-02T20:17:04.428065
88,1,3,0,0,0,0,1,0,13,0,net,200,2,70849,972.4300000000001,0,0,19,1,cloudflare,0,html,0,0,0,1,7,1,1,1,1,1,1,2,1,2,0,0,0,0,0,0,0,0,1,9,0,0,0,0,1,17,7,8,2,1,168,156,12,1,3,1,26,1,10,1,1,11,1,0,0,0,1,0,0,1,0,0,0,0,0,0,1,1,0,0,0,0,0,0,0,0,0,0,0.0,0.0,0.0,0,0,0,1,1,0,0,0,0,2,0,1,113,15,0,0,0,0,0,0,0,1.0,0.00023994692938503014,0.875,0.18348882835325833,0,,multi_full_20260502_195405_0001,2026-05-02T20:17:04.955226,https://www.apnic.net/about-apnic/service-updates/service-announcement-26-november-2024/,https://www.apnic.net/,False,https://www.apnic.net/about-apnic/service-updates/service-announcement-26-november-2024/,https://www.apnic.net/,https://www.apnic.net/about-apnic/service-updates/service-announcement-26-november-2024/,recon_page,2026-05-02T20:17:04.971844
97,1,3,0,0,0,0,1,0,13,0,net,200,2,70774,995.993,0,0,19,1,cloudflare,0,html,0,0,0,1,7,1,1,1,1,1,1,2,1,2,0,0,0,0,0,0,0,0,1,9,0,0,0,0,1,17,7,8,2,1,168,156,12,1,3,1,26,1,10,1,1,11,1,0,0,0,1,0,0,1,0,0,0,0,0,0,1,1,0,0,0,0,0,0,0,0,0,0,0.0,0.0,0.0,0,0,0,1,1,0,0,0,0,2,0,1,113,15,0,0,0,0,0,0,0,1.0,0.00024020120383191567,0.875,0.18368327351852376,0,,multi_full_20260502_195405_0001,2026-05-02T20:17:04.963205,https://www.apnic.net/about-apnic/service-updates/network-address-update-for-apnic-helpdesk-chat/,https://www.apnic.net/,False,https://www.apnic.net/about-apnic/service-updates/network-address-update-for-apnic-helpdesk-chat/,https://www.apnic.net/,https://www.apnic.net/about-apnic/service-updates/network-address-update-for-apnic-helpdesk-chat/,recon_page,2026-05-02T20:17:04.978234
87,1,3,0,0,0,0,1,0,13,0,net,200,2,70902,999.804,0,0,19,1,cloudflare,0,html,0,0,0,1,7,1,1,1,1,1,1,2,1,2,0,0,0,0,0,0,0,0,1,9,0,0,0,0,1,17,7,8,2,1,168,156,12,1,3,1,26,1,10,1,1,11,1,0,0,0,1,0,0,1,0,0,0,0,0,0,1,1,0,0,0,0,0,0,0,0,0,0,0.0,0.0,0.0,0,0,0,1,1,0,0,0,0,2,0,1,113,15,0,0,0,0,0,0,0,1.0,0.00023976756650023975,0.875,0.18335166850018336,0,,multi_full_20260502_195405_0001,2026-05-02T20:17:05.019833,https://www.apnic.net/about-apnic/service-updates/service-announcement-24-march-2025-2/,https://www.apnic.net/,False,https://www.apnic.net/about-apnic/service-updates/service-announcement-24-march-2025-2/,https://www.apnic.net/,https://www.apnic.net/about-apnic/service-updates/service-announcement-24-march-2025-2/,recon_page,2026-05-02T20:17:05.024838
84,1,3,0,0,0,0,1,0,13,0,net,200,2,70907,983.91,0,0,19,1,cloudflare,0,html,0,0,0,1,7,1,1,1,1,1,1,2,1,2,0,0,0,0,0,0,0,0,1,9,0,0,0,0,1,17,7,8,2,1,168,156,12,1,3,1,26,1,10,1,1,11,1,0,0,0,1,0,0,1,0,0,0,0,0,0,1,1,0,0,0,0,0,0,0,0,0,0,0.0,0.0,0.0,0,0,0,1,1,0,0,0,0,2,0,1,113,15,0,0,0,0,0,0,0,1.0,0.0002397506593143131,0.875,0.1833387394756512,0,,multi_full_20260502_195405_0001,2026-05-02T20:17:04.970301,https://www.apnic.net/about-apnic/service-updates/service-announcement-11-june-2018/,https://www.apnic.net/,False,https://www.apnic.net/about-apnic/service-updates/service-announcement-11-june-2018/,https://www.apnic.net/,https://www.apnic.net/about-apnic/service-updates/service-announcement-11-june-2018/,recon_page,2026-05-02T20:17:04.997844
80,1,3,0,0,0,0,1,0,13,0,net,200,2,70693,955.112,0,0,19,1,cloudflare,0,html,0,0,0,1,7,1,1,1,1,1,1,2,1,2,0,0,0,0,0,0,0,0,1,9,0,0,0,0,1,17,7,8,2,1,168,156,12,1,3,1,26,1,10,1,1,11,1,0,0,0,1,0,0,1,0,0,0,0,0,0,1,1,0,0,0,0,0,0,0,0,0,0,0.0,0.0,0.0,0,0,0,1,1,0,0,0,0,2,0,1,113,15,0,0,0,0,0,0,0,1.0,0.00024047642623739268,0.875,0.18389373771094733,0,,multi_full_20260502_195405_0001,2026-05-02T20:17:17.343072,https://www.apnic.net/about-apnic/service-updates/service-announcement-09-april/,https://www.apnic.net/,False,https://www.apnic.net/about-apnic/service-updates/service-announcement-09-april/,https://www.apnic.net/,https://www.apnic.net/about-apnic/service-updates/service-announcement-09-april/,recon_page,2026-05-02T20:17:17.349270
88,1,3,0,0,0,0,1,0,13,0,net,200,2,70902,910.533,0,0,19,1,cloudflare,0,html,0,0,0,1,7,1,1,1,1,1,1,2,1,2,0,0,0,0,0,0,0,0,1,9,0,0,0,0,1,17,7,8,2,1,168,156,12,1,3,1,26,1,10,1,1,11,1,0,0,0,1,0,0,1,0,0,0,0,0,0,1,1,0,0,0,0,0,0,0,0,0,0,0.0,0.0,0.0,0,0,0,1,1,0,0,0,0,2,0,1,113,15,0,0,0,0,0,0,0,1.0,0.00023976756650023975,0.875,0.18335166850018336,0,,multi_full_20260502_195405_0001,2026-05-02T20:17:50.728537,https://www.apnic.net/about-apnic/service-updates/service-announcement-06-november-2023/,https://www.apnic.net/,False,https://www.apnic.net/about-apnic/service-updates/service-announcement-06-november-2023/,https://www.apnic.net/,https://www.apnic.net/about-apnic/service-updates/service-announcement-06-november-2023/,recon_page,2026-05-02T20:17:50.735995
73,1,3,0,0,0,0,1,0,13,0,net,200,2,70463,729.9630000000001,0,0,19,1,cloudflare,0,html,0,0,0,1,7,1,1,1,1,1,1,2,1,2,0,0,0,0,0,0,0,0,1,9,0,0,0,0,1,17,7,8,2,1,169,155,14,1,3,1,26,1,10,1,1,11,1,0,0,0,1,0,0,1,0,0,0,0,0,0,1,1,0,0,0,0,0,0,0,0,0,0,0.0,0.0,0.0,0,0,0,1,1,0,0,0,0,2,0,1,114,15,0,0,0,0,0,0,0,1.0,0.00024126137121609922,0.875,0.18449398975348766,0,,multi_full_20260502_195405_0001,2026-05-02T20:17:52.181193,https://www.apnic.net/about-apnic/service-updates/service-announcement-2/,https://www.apnic.net/,False,https://www.apnic.net/about-apnic/service-updates/service-announcement-2/,https://www.apnic.net/,https://www.apnic.net/about-apnic/service-updates/service-announcement-2/,recon_page,2026-05-02T20:17:52.186998
84,1,3,0,0,0,0,1,0,13,0,net,200,2,70656,1017.4380000000001,0,0,19,1,cloudflare,0,html,0,0,0,1,7,1,1,1,1,1,1,2,1,2,0,0,0,0,0,0,0,0,1,9,0,0,0,0,1,17,7,8,2,1,168,156,12,1,3,1,26,1,10,1,1,11,1,0,0,0,1,0,0,1,0,0,0,0,0,0,1,1,0,0,0,0,0,0,0,0,0,0,0.0,0.0,0.0,0,0,0,1,1,0,0,0,0,2,0,1,113,15,0,0,0,0,0,0,0,1.0,0.00024060235507246378,0.875,0.18399003623188404,0,,multi_full_20260502_195405_0001,2026-05-02T20:17:52.550729,https://www.apnic.net/about-apnic/service-updates/service-announcement-07-june-2018/,https://www.apnic.net/,False,https://www.apnic.net/about-apnic/service-updates/service-announcement-07-june-2018/,https://www.apnic.net/,https://www.apnic.net/about-apnic/service-updates/service-announcement-07-june-2018/,recon_page,2026-05-02T20:17:52.559448
87,1,3,0,0,0,0,1,0,13,0,net,200,2,70782,1039.899,0,0,19,1,cloudflare,0,html,0,0,0,1,7,1,1,1,1,1,1,2,1,2,0,0,0,0,0,0,0,0,1,9,0,0,0,0,1,17,7,8,2,1,168,156,12,1,3,1,26,1,10,1,1,11,1,0,0,0,1,0,0,1,0,0,0,0,0,0,1,1,0,0,0,0,0,0,0,0,0,0,0.0,0.0,0.0,0,0,0,1,1,0,0,0,0,2,0,1,113,15,0,0,0,0,0,0,0,1.0,0.00024017405555084627,0.875,0.1836625130682942,0,,multi_full_20260502_195405_0001,2026-05-02T20:17:58.754554,https://www.apnic.net/about-apnic/service-updates/service-announcement-29-october-2020/,https://www.apnic.net/,False,https://www.apnic.net/about-apnic/service-updates/service-announcement-29-october-2020/,https://www.apnic.net/,https://www.apnic.net/about-apnic/service-updates/service-announcement-29-october-2020/,recon_page,2026-05-02T20:17:58.792853
84,1,3,0,0,0,0,1,0,13,0,net,200,2,70682,1529.392,0,0,19,1,cloudflare,0,html,0,0,0,1,7,1,1,1,1,1,1,2,1,2,0,0,0,0,0,0,0,0,1,9,0,0,0,0,1,17,7,8,2,1,168,156,12,1,3,1,26,1,10,1,1,11,1,0,0,0,1,0,0,1,0,0,0,0,0,0,1,1,0,0,0,0,0,0,0,0,0,0,0.0,0.0,0.0,0,0,0,1,1,0,0,0,0,2,0,1,113,15,0,0,0,0,0,0,0,1.0,0.00024051385076822953,0.875,0.18392235646982258,0,,multi_full_20260502_195405_0001,2026-05-02T20:17:59.852922,https://www.apnic.net/about-apnic/service-updates/service-announcement-25-june-2025/,https://www.apnic.net/,False,https://www.apnic.net/about-apnic/service-updates/service-announcement-25-june-2025/,https://www.apnic.net/,https://www.apnic.net/about-apnic/service-updates/service-announcement-25-june-2025/,recon_page,2026-05-02T20:17:59.886715
78,1,3,0,0,0,0,1,0,13,0,net,200,2,70564,882.479,0,0,19,1,cloudflare,0,html,0,0,0,1,7,1,1,1,1,1,1,2,1,2,0,0,0,0,0,0,0,0,1,9,0,0,0,0,1,17,7,8,2,1,168,156,12,1,3,1,26,1,10,1,1,11,1,0,0,0,1,0,0,1,0,0,0,0,0,0,1,1,0,0,0,0,0,0,0,0,0,0,0.0,0.0,0.0,0,0,0,1,1,0,0,0,0,2,0,1,113,15,0,0,0,0,0,0,0,1.0,0.0002409160478430928,0.875,0.1842299189388357,0,,multi_full_20260502_195405_0001,2026-05-02T20:17:59.889018,https://www.apnic.net/about-apnic/service-updates/service-announcement-12-may/,https://www.apnic.net/,False,https://www.apnic.net/about-apnic/service-updates/service-announcement-12-may/,https://www.apnic.net/,https://www.apnic.net/about-apnic/service-updates/service-announcement-12-may/,recon_page,2026-05-02T20:17:59.895967
84,1,3,0,0,0,0,1,0,13,0,net,200,2,70653,890.302,0,0,19,1,cloudflare,0,html,0,0,0,1,7,1,1,1,1,1,1,2,1,2,0,0,0,0,0,0,0,0,1,9,0,0,0,0,1,17,7,8,2,1,168,156,12,1,3,1,26,1,10,1,1,11,1,0,0,0,1,0,0,1,0,0,0,0,0,0,1,1,0,0,0,0,0,0,0,0,0,0,0.0,0.0,0.0,0,0,0,1,1,0,0,0,0,2,0,1,113,15,0,0,0,0,0,0,0,1.0,0.00024061257129916636,0.875,0.18399784864053895,0,,multi_full_20260502_195405_0001,2026-05-02T20:17:59.865439,https://www.apnic.net/about-apnic/service-updates/service-announcement-04-june-2018/,https://www.apnic.net/,False,https://www.apnic.net/about-apnic/service-updates/service-announcement-04-june-2018/,https://www.apnic.net/,https://www.apnic.net/about-apnic/service-updates/service-announcement-04-june-2018/,recon_page,2026-05-02T20:17:59.891029
92,1,3,0,0,0,0,1,0,13,0,net,200,2,70822,948.035,0,0,19,1,cloudflare,0,html,0,0,0,1,7,1,1,1,1,1,1,2,1,2,0,0,0,0,0,0,0,0,1,9,0,0,0,0,1,17,7,8,2,1,168,156,12,1,3,1,26,1,10,1,1,11,1,0,0,0,1,0,0,1,0,0,0,0,0,0,1,1,0,0,0,0,0,0,0,0,0,0,0.0,0.0,0.0,0,0,0,1,1,0,0,0,0,2,0,1,113,15,0,0,0,0,0,0,0,1.0,0.00024003840614498319,0.875,0.183558781169693,0,,multi_full_20260502_195405_0001,2026-05-02T20:18:00.308689,https://www.apnic.net/about-apnic/service-updates/service-announcement-tuesday-1-march-2011/,https://www.apnic.net/,False,https://www.apnic.net/about-apnic/service-updates/service-announcement-tuesday-1-march-2011/,https://www.apnic.net/,https://www.apnic.net/about-apnic/service-updates/service-announcement-tuesday-1-march-2011/,recon_page,2026-05-02T20:18:00.324960
87,1,3,0,0,0,0,1,0,13,0,net,200,2,70718,1118.154,0,0,19,1,cloudflare,0,html,0,0,0,1,7,1,1,1,1,1,1,2,1,2,0,0,0,0,0,0,0,0,1,9,0,0,0,0,1,17,7,8,2,1,168,156,12,1,3,1,26,1,10,1,1,11,1,0,0,0,1,0,0,1,0,0,0,0,0,0,1,1,0,0,0,0,0,0,0,0,0,0,0.0,0.0,0.0,0,0,0,1,1,0,0,0,0,2,0,1,113,15,0,0,0,0,0,0,0,1.0,0.00024039141378432647,0.875,0.18382872818801435,0,,multi_full_20260502_195405_0001,2026-05-02T20:18:00.775789,https://www.apnic.net/about-apnic/service-updates/service-announcement-3-december-2025/,https://www.apnic.net/,False,https://www.apnic.net/about-apnic/service-updates/service-announcement-3-december-2025/,https://www.apnic.net/,https://www.apnic.net/about-apnic/service-updates/service-announcement-3-december-2025/,recon_page,2026-05-02T20:18:00.784817
84,1,3,0,0,0,0,1,0,13,0,net,200,2,70838,958.8,0,0,19,1,cloudflare,0,html,0,0,0,1,7,1,1,1,1,1,1,2,1,2,0,0,0,0,0,0,0,0,1,9,0,0,0,0,1,17,7,8,2,1,168,156,12,1,3,1,26,1,10,1,1,11,1,0,0,0,1,0,0,1,0,0,0,0,0,0,1,1,0,0,0,0,0,0,0,0,0,0,0.0,0.0,0.0,0,0,0,1,1,0,0,0,0,2,0,1,113,15,0,0,0,0,0,0,0,1.0,0.00023998418927694175,0.875,0.183517321211779,0,,multi_full_20260502_195405_0001,2026-05-02T20:18:01.059778,https://www.apnic.net/about-apnic/service-updates/service-announcement-3-march-2026/,https://www.apnic.net/,False,https://www.apnic.net/about-apnic/service-updates/service-announcement-3-march-2026/,https://www.apnic.net/,https://www.apnic.net/about-apnic/service-updates/service-announcement-3-march-2026/,recon_page,2026-05-02T20:18:01.068655
86,1,3,0,0,0,0,1,0,13,0,net,200,2,71246,1163.694,0,0,19,1,cloudflare,0,html,0,0,0,1,7,1,1,1,1,1,1,2,1,2,0,0,0,0,0,0,0,0,1,9,0,0,0,0,1,17,7,8,2,1,168,156,12,1,3,1,26,1,10,1,1,11,1,0,0,0,1,0,0,1,0,0,0,0,0,0,1,1,0,0,0,0,0,0,0,0,0,0,0.0,0.0,0.0,0,0,0,1,1,0,0,0,0,2,0,1,113,15,0,0,0,0,0,0,0,1.0,0.00023860988687084188,0.875,0.18246638407770263,0,,multi_full_20260502_195405_0001,2026-05-02T20:18:01.318534,https://www.apnic.net/about-apnic/service-updates/service-announcement-22-august-2024/,https://www.apnic.net/,False,https://www.apnic.net/about-apnic/service-updates/service-announcement-22-august-2024/,https://www.apnic.net/,https://www.apnic.net/about-apnic/service-updates/service-announcement-22-august-2024/,recon_page,2026-05-02T20:18:01.330402
81,1,3,0,0,0,0,1,0,13,0,net,200,2,70527,1445.5320000000002,0,0,19,1,cloudflare,0,html,0,0,0,1,7,1,1,1,1,1,1,2,1,2,0,0,0,0,0,0,0,0,1,9,0,0,0,0,1,17,7,8,2,1,168,156,12,1,3,1,26,1,10,1,1,11,1,0,0,0,1,0,0,1,0,0,0,0,0,0,1,1,0,0,0,0,0,0,0,0,0,0,0.0,0.0,0.0,0,0,0,1,1,0,0,0,0,2,0,1,113,15,0,0,0,0,0,0,0,1.0,0.00024104243764799297,0.875,0.18432656996611227,0,,multi_full_20260502_195405_0001,2026-05-02T20:18:12.695638,https://www.apnic.net/about-apnic/service-updates/service-announcement-12-sept-2/,https://www.apnic.net/,False,https://www.apnic.net/about-apnic/service-updates/service-announcement-12-sept-2/,https://www.apnic.net/,https://www.apnic.net/about-apnic/service-updates/service-announcement-12-sept-2/,recon_page,2026-05-02T20:18:12.703359
84,1,3,0,0,0,0,1,0,13,0,net,200,2,70598,1014.745,0,0,19,1,cloudflare,0,html,0,0,0,1,7,1,1,1,1,1,1,2,1,2,0,0,0,0,0,0,0,0,1,9,0,0,0,0,1,17,7,8,2,1,168,156,12,1,3,1,26,1,10,1,1,11,1,0,0,0,1,0,0,1,0,0,0,0,0,0,1,1,0,0,0,0,0,0,0,0,0,0,0.0,0.0,0.0,0,0,0,1,1,0,0,0,0,2,0,1,113,15,0,0,0,0,0,0,0,1.0,0.00024080002266353153,0.875,0.18414119380152413,0,,multi_full_20260502_195405_0001,2026-05-02T20:18:45.411559,https://www.apnic.net/about-apnic/service-updates/service-announcement-28-june-2021/,https://www.apnic.net/,False,https://www.apnic.net/about-apnic/service-updates/service-announcement-28-june-2021/,https://www.apnic.net/,https://www.apnic.net/about-apnic/service-updates/service-announcement-28-june-2021/,recon_page,2026-05-02T20:18:45.418329
88,1,3,0,0,0,0,1,0,13,0,net,200,2,70665,878.651,0,0,19,1,cloudflare,0,html,0,0,0,1,7,1,1,1,1,1,1,2,1,2,0,0,0,0,0,0,0,0,1,9,0,0,0,0,1,17,7,8,2,1,168,156,12,1,3,1,26,1,10,1,1,11,1,0,0,0,1,0,0,1,0,0,0,0,0,0,1,1,0,0,0,0,0,0,0,0,0,0,0.0,0.0,0.0,0,0,0,1,1,0,0,0,0,2,0,1,113,15,0,0,0,0,0,0,0,1.0,0.00024057171159697164,0.875,0.18396660298591946,0,,multi_full_20260502_195405_0001,2026-05-02T20:18:46.918195,https://www.apnic.net/about-apnic/service-updates/service-announcement-11-november-2015/,https://www.apnic.net/,False,https://www.apnic.net/about-apnic/service-updates/service-announcement-11-november-2015/,https://www.apnic.net/,https://www.apnic.net/about-apnic/service-updates/service-announcement-11-november-2015/,recon_page,2026-05-02T20:18:46.926965
87,1,3,0,0,0,0,1,0,13,0,net,200,2,70647,918.957,0,0,19,1,cloudflare,0,html,0,0,0,1,7,1,1,1,1,1,1,2,1,2,0,0,0,0,0,0,0,0,1,9,0,0,0,0,1,17,7,8,2,1,168,156,12,1,3,1,26,1,10,1,1,11,1,0,0,0,1,0,0,1,0,0,0,0,0,0,1,1,0,0,0,0,0,0,0,0,0,0,0.0,0.0,0.0,0,0,0,1,1,0,0,0,0,2,0,1,113,15,0,0,0,0,0,0,0,1.0,0.00024063300635554234,0.875,0.1840134754483559,0,,multi_full_20260502_195405_0001,2026-05-02T20:18:47.484917,https://www.apnic.net/about-apnic/service-updates/service-announcement-19-january-2026/,https://www.apnic.net/,False,https://www.apnic.net/about-apnic/service-updates/service-announcement-19-january-2026/,https://www.apnic.net/,https://www.apnic.net/about-apnic/service-updates/service-announcement-19-january-2026/,recon_page,2026-05-02T20:18:47.491312
83,1,3,0,0,0,0,1,0,13,0,net,200,2,70442,907.154,0,0,19,1,cloudflare,0,html,0,0,0,1,7,1,1,1,1,1,1,2,1,2,0,0,0,0,0,0,0,0,1,9,0,0,0,0,1,17,7,8,2,1,168,156,12,1,3,1,26,1,10,1,1,11,1,0,0,0,1,0,0,1,0,0,0,0,0,0,1,1,0,0,0,0,0,0,0,0,0,0,0.0,0.0,0.0,0,0,0,1,1,0,0,0,0,2,0,1,113,15,0,0,0,0,0,0,0,1.0,0.0002413332954771301,0.875,0.18454899065898187,0,,multi_full_20260502_195405_0001,2026-05-02T20:18:56.037213,https://www.apnic.net/about-apnic/service-updates/service-announcement-1-july-2014/,https://www.apnic.net/,False,https://www.apnic.net/about-apnic/service-updates/service-announcement-1-july-2014/,https://www.apnic.net/,https://www.apnic.net/about-apnic/service-updates/service-announcement-1-july-2014/,recon_page,2026-05-02T20:18:56.051081
92,1,3,0,0,0,0,1,0,13,0,net,200,2,70780,984.874,0,0,19,1,cloudflare,0,html,0,0,0,1,7,1,1,1,1,1,1,2,1,2,0,0,0,0,0,0,0,0,1,9,0,0,0,0,1,17,7,8,2,1,168,156,12,1,3,1,26,1,10,1,1,11,1,0,0,0,1,0,0,1,0,0,0,1,0,0,1,1,0,0,0,0,0,0,0,0,0,0,0.0,0.0,0.0,0,0,0,1,1,0,0,0,0,2,0,1,113,15,0,0,0,0,0,0,0,1.0,0.00024018084204577563,0.875,0.18366770274088726,0,,multi_full_20260502_195405_0001,2026-05-02T20:18:56.361424,https://www.apnic.net/about-apnic/service-updates/service-announcement-monday-28-march-2011/,https://www.apnic.net/,False,https://www.apnic.net/about-apnic/service-updates/service-announcement-monday-28-march-2011/,https://www.apnic.net/,https://www.apnic.net/about-apnic/service-updates/service-announcement-monday-28-march-2011/,recon_page,2026-05-02T20:18:56.368790
86,1,3,0,0,0,0,1,0,13,0,net,200,2,70913,1074.018,0,0,19,1,cloudflare,0,html,0,0,0,1,7,1,1,1,1,1,1,2,1,2,0,0,0,0,0,0,0,0,1,9,0,0,0,0,1,17,7,8,2,1,171,159,12,1,3,1,26,1,10,1,1,11,1,0,0,0,1,0,0,1,0,0,0,0,0,0,1,1,0,0,0,0,0,0,0,0,0,0,0.0,0.0,0.0,0,0,0,1,1,0,0,0,0,2,0,1,116,15,0,0,0,0,0,0,0,1.0,0.00023973037383836533,0.875,0.1833232270528676,0,,multi_full_20260502_195405_0001,2026-05-02T20:18:56.870939,https://www.apnic.net/about-apnic/service-updates/service-announcement-02-august-2023/,https://www.apnic.net/,False,https://www.apnic.net/about-apnic/service-updates/service-announcement-02-august-2023/,https://www.apnic.net/,https://www.apnic.net/about-apnic/service-updates/service-announcement-02-august-2023/,recon_page,2026-05-02T20:18:56.876229
84,1,3,0,0,0,0,1,0,13,0,net,200,2,70862,1077.372,0,0,19,1,cloudflare,0,html,0,0,0,1,7,1,1,1,1,1,1,2,1,2,0,0,0,0,0,0,0,0,1,9,0,0,0,0,1,17,7,8,2,1,168,156,12,1,3,1,26,1,10,1,1,11,1,0,0,0,1,0,0,1,0,0,0,0,0,0,1,1,0,0,0,0,0,0,0,0,0,0,0.0,0.0,0.0,0,0,0,1,1,0,0,0,0,2,0,1,113,15,0,0,0,0,0,0,0,1.0,0.0002399029098811775,0.875,0.18345516637972398,0,,multi_full_20260502_195405_0001,2026-05-02T20:18:57.198669,https://www.apnic.net/about-apnic/service-updates/service-announcement-05-june-2019/,https://www.apnic.net/,False,https://www.apnic.net/about-apnic/service-updates/service-announcement-05-june-2019/,https://www.apnic.net/,https://www.apnic.net/about-apnic/service-updates/service-announcement-05-june-2019/,recon_page,2026-05-02T20:18:57.205430
88,1,3,0,0,0,0,1,0,13,0,net,200,2,70780,885.298,0,0,19,1,cloudflare,0,html,0,0,0,1,7,1,1,1,1,1,1,2,1,2,0,0,0,0,0,0,0,0,1,9,0,0,0,0,1,17,7,8,2,1,168,156,12,1,3,1,26,1,10,1,1,11,1,0,0,0,1,0,0,1,0,0,0,0,0,0,1,1,0,0,0,0,0,0,0,0,0,0,0.0,0.0,0.0,0,0,0,1,1,0,0,0,0,2,0,1,113,15,0,0,0,0,0,0,0,1.0,0.00024018084204577563,0.875,0.18366770274088726,0,,multi_full_20260502_195405_0001,2026-05-02T20:18:57.963946,https://www.apnic.net/about-apnic/service-updates/service-announcement-15-december-2015/,https://www.apnic.net/,False,https://www.apnic.net/about-apnic/service-updates/service-announcement-15-december-2015/,https://www.apnic.net/,https://www.apnic.net/about-apnic/service-updates/service-announcement-15-december-2015/,recon_page,2026-05-02T20:18:57.979766
88,1,3,0,0,0,0,1,0,13,0,net,200,2,70678,924.746,0,0,19,1,cloudflare,0,html,0,0,0,1,7,1,1,1,1,1,1,2,1,2,0,0,0,0,0,0,0,0,1,9,0,0,0,0,1,17,7,8,2,1,168,156,12,1,3,1,26,1,10,1,1,11,1,0,0,0,1,0,0,1,0,0,0,0,0,0,1,1,0,0,0,0,0,0,0,0,0,0,0.0,0.0,0.0,0,0,0,1,1,0,0,0,0,2,0,1,113,15,0,0,0,0,0,0,0,1.0,0.00024052746257675656,0.875,0.18393276549987267,0,,multi_full_20260502_195405_0001,2026-05-02T20:18:58.299442,https://www.apnic.net/about-apnic/service-updates/service-announcement-09-november-2023/,https://www.apnic.net/,False,https://www.apnic.net/about-apnic/service-updates/service-announcement-09-november-2023/,https://www.apnic.net/,https://www.apnic.net/about-apnic/service-updates/service-announcement-09-november-2023/,recon_page,2026-05-02T20:18:58.310758
88,1,3,0,0,0,0,1,0,13,0,net,200,2,70691,928.421,0,0,19,1,cloudflare,0,html,0,0,0,1,7,1,1,1,1,1,1,2,1,2,0,0,0,0,0,0,0,0,1,9,0,0,0,0,1,17,7,8,2,1,168,156,12,1,3,1,26,1,10,1,1,11,1,0,0,0,1,0,0,1,0,0,0,0,0,0,1,1,0,0,0,0,0,0,0,0,0,0,0.0,0.0,0.0,0,0,0,1,1,0,0,0,0,2,0,1,113,15,0,0,0,0,0,0,0,1.0,0.00024048322983123737,0.875,0.1838989404591815,0,,multi_full_20260502_195405_0001,2026-05-02T20:18:58.988868,https://www.apnic.net/about-apnic/service-updates/service-announcement-25-february-2015/,https://www.apnic.net/,False,https://www.apnic.net/about-apnic/service-updates/service-announcement-25-february-2015/,https://www.apnic.net/,https://www.apnic.net/about-apnic/service-updates/service-announcement-25-february-2015/,recon_page,2026-05-02T20:18:59.002737
87,1,3,0,0,0,0,1,0,13,0,net,200,2,70737,894.841,0,0,19,1,cloudflare,0,html,0,0,0,1,7,1,1,1,1,1,1,2,1,2,0,0,0,0,0,0,0,0,1,9,0,0,0,0,1,17,7,8,2,1,168,156,12,1,3,1,26,1,10,1,1,11,1,0,0,0,1,0,0,1,0,0,0,0,0,0,1,1,0,0,0,0,0,0,0,0,0,0,0.0,0.0,0.0,0,0,0,1,1,0,0,0,0,2,0,1,113,15,0,0,0,0,0,0,0,1.0,0.0002403268445085316,0.875,0.18377935168299478,0,,multi_full_20260502_195405_0001,2026-05-02T20:18:59.646801,https://www.apnic.net/about-apnic/service-updates/service-announcement-09-october-2023/,https://www.apnic.net/,False,https://www.apnic.net/about-apnic/service-updates/service-announcement-09-october-2023/,https://www.apnic.net/,https://www.apnic.net/about-apnic/service-updates/service-announcement-09-october-2023/,recon_page,2026-05-02T20:18:59.653223
88,1,3,0,0,0,0,1,0,13,0,net,200,2,71146,957.312,0,0,19,1,cloudflare,0,html,0,0,0,1,7,1,1,1,1,1,1,2,1,2,0,0,0,0,0,0,0,0,1,9,0,0,0,0,1,17,7,8,2,1,169,157,12,1,3,1,26,1,10,1,1,11,1,0,0,0,1,0,0,1,0,0,0,1,0,0,1,1,0,0,0,0,0,0,0,0,0,0,0.0,0.0,0.0,0,0,0,1,1,0,0,0,0,2,0,1,114,15,0,0,0,0,0,0,0,1.0,0.00023894526747814354,0.875,0.1827228516009333,0,,multi_full_20260502_195405_0001,2026-05-02T20:19:10.405174,https://www.apnic.net/about-apnic/service-updates/service-announcement-05-february-2018/,https://www.apnic.net/,False,https://www.apnic.net/about-apnic/service-updates/service-announcement-05-february-2018/,https://www.apnic.net/,https://www.apnic.net/about-apnic/service-updates/service-announcement-05-february-2018/,recon_page,2026-05-02T20:19:10.419384
90,1,3,0,0,0,0,1,0,13,0,net,200,2,71488,970.7,0,0,19,1,cloudflare,0,html,0,0,0,1,7,1,1,1,1,1,1,2,1,2,0,0,0,0,0,0,0,0,1,9,0,0,0,0,1,17,7,8,2,1,168,156,12,1,3,1,26,1,10,1,1,11,1,0,0,0,1,0,0,1,0,0,0,0,0,0,1,1,0,0,0,0,0,0,0,0,0,0,0.0,0.0,0.0,0,0,0,1,1,0,0,0,0,2,0,1,113,15,0,0,0,0,0,0,0,1.0,0.00023780214861235453,0.875,0.18184870188003582,0,,multi_full_20260502_195405_0001,2026-05-02T20:19:44.075199,https://www.apnic.net/about-apnic/service-updates/service-announcement-5-september-2023-2/,https://www.apnic.net/,False,https://www.apnic.net/about-apnic/service-updates/service-announcement-5-september-2023-2/,https://www.apnic.net/,https://www.apnic.net/about-apnic/service-updates/service-announcement-5-september-2023-2/,recon_page,2026-05-02T20:19:44.087950
78,1,3,0,0,0,0,1,0,13,0,net,200,2,70625,946.018,0,0,19,1,cloudflare,0,html,0,0,0,1,7,1,1,1,1,1,1,2,1,2,0,0,0,0,0,0,0,0,1,9,0,0,0,0,1,17,7,8,2,1,168,156,12,1,3,1,26,1,10,1,1,11,1,0,0,0,1,0,0,1,0,0,0,0,0,0,1,1,0,0,0,0,0,0,0,0,0,0,0.0,0.0,0.0,0,0,0,1,1,0,0,0,0,2,0,1,113,15,0,0,0,0,0,0,0,1.0,0.0002407079646017699,0.875,0.184070796460177,0,,multi_full_20260502_195405_0001,2026-05-02T20:19:44.914860,https://www.apnic.net/about-apnic/service-updates/service-announcement-15-oct/,https://www.apnic.net/,False,https://www.apnic.net/about-apnic/service-updates/service-announcement-15-oct/,https://www.apnic.net/,https://www.apnic.net/about-apnic/service-updates/service-announcement-15-oct/,recon_page,2026-05-02T20:19:44.924965
90,1,3,0,0,0,0,1,0,13,0,net,200,2,70860,896.255,0,0,19,1,cloudflare,0,html,0,0,0,1,7,1,1,1,1,1,1,2,1,2,0,0,0,0,0,0,0,0,1,9,0,0,0,0,1,17,7,8,2,1,169,157,12,1,3,1,26,1,10,1,1,11,1,0,0,0,1,0,0,1,0,0,0,0,0,0,1,1,0,0,0,0,0,0,0,0,0,0,0.0,0.0,0.0,0,0,0,1,1,0,0,0,0,2,0,1,114,15,0,0,0,0,0,0,0,1.0,0.00023990968106124753,0.875,0.18346034434095398,0,,multi_full_20260502_195405_0001,2026-05-02T20:19:45.658394,https://www.apnic.net/about-apnic/service-updates/apnic-whois-database-abuse-c-reschedule/,https://www.apnic.net/,False,https://www.apnic.net/about-apnic/service-updates/apnic-whois-database-abuse-c-reschedule/,https://www.apnic.net/,https://www.apnic.net/about-apnic/service-updates/apnic-whois-database-abuse-c-reschedule/,recon_page,2026-05-02T20:19:45.667644
85,1,3,0,0,0,0,1,0,13,0,net,200,2,70650,990.355,0,0,19,1,cloudflare,0,html,0,0,0,1,7,1,1,1,1,1,1,2,1,2,0,0,0,0,0,0,0,0,1,9,0,0,0,0,1,17,7,8,2,1,168,156,12,1,3,1,26,1,10,1,1,11,1,0,0,0,1,0,0,1,0,0,0,0,0,0,1,1,0,0,0,0,0,0,0,0,0,0,0.0,0.0,0.0,0,0,0,1,1,0,0,0,0,2,0,1,113,15,0,0,0,0,0,0,0,1.0,0.00024062278839348904,0.875,0.18400566171266808,0,,multi_full_20260502_195405_0001,2026-05-02T20:19:53.634208,https://www.apnic.net/about-apnic/service-updates/service-announcement-04-april-2024/,https://www.apnic.net/,False,https://www.apnic.net/about-apnic/service-updates/service-announcement-04-april-2024/,https://www.apnic.net/,https://www.apnic.net/about-apnic/service-updates/service-announcement-04-april-2024/,recon_page,2026-05-02T20:19:53.641670
87,1,3,0,0,0,0,1,0,13,0,net,200,2,70718,962.4110000000001,0,0,19,1,cloudflare,0,html,0,0,0,1,7,1,1,1,1,1,1,2,1,2,0,0,0,0,0,0,0,0,1,9,0,0,0,0,1,17,7,8,2,1,168,156,12,1,3,1,26,1,10,1,1,11,1,0,0,0,1,0,0,1,0,0,0,0,0,0,1,1,0,0,0,0,0,0,0,0,0,0,0.0,0.0,0.0,0,0,0,1,1,0,0,0,0,2,0,1,113,15,0,0,0,0,0,0,0,1.0,0.00024039141378432647,0.875,0.18382872818801435,0,,multi_full_20260502_195405_0001,2026-05-02T20:19:54.286037,https://www.apnic.net/about-apnic/service-updates/service-announcement-08-october-2020/,https://www.apnic.net/,False,https://www.apnic.net/about-apnic/service-updates/service-announcement-08-october-2020/,https://www.apnic.net/,https://www.apnic.net/about-apnic/service-updates/service-announcement-08-october-2020/,recon_page,2026-05-02T20:19:54.290338
88,1,3,0,0,0,0,1,0,13,0,net,200,2,70886,924.836,0,0,19,1,cloudflare,0,html,0,0,0,1,7,1,1,1,1,1,1,2,1,2,0,0,0,0,0,0,0,0,1,9,0,0,0,0,1,17,7,8,2,1,168,156,12,1,3,1,26,1,10,1,1,11,1,0,0,0,1,0,0,1,0,0,0,0,0,0,1,1,0,0,0,0,0,0,0,0,0,0,0.0,0.0,0.0,0,0,0,1,1,0,0,0,0,2,0,1,113,15,0,0,0,0,0,0,0,1.0,0.00023982168552323448,0.875,0.1833930536354146,0,,multi_full_20260502_195405_0001,2026-05-02T20:19:55.561324,https://www.apnic.net/about-apnic/service-updates/service-announcement-11-november-2025/,https://www.apnic.net/,False,https://www.apnic.net/about-apnic/service-updates/service-announcement-11-november-2025/,https://www.apnic.net/,https://www.apnic.net/about-apnic/service-updates/service-announcement-11-november-2025/,recon_page,2026-05-02T20:19:55.567221
84,1,3,0,0,0,0,1,0,13,0,net,200,2,70872,974.3159999999999,0,0,19,1,cloudflare,0,html,0,0,0,1,7,1,1,1,1,1,1,2,1,2,0,0,0,0,0,0,0,0,1,9,0,0,0,0,1,17,7,8,2,1,168,156,12,1,3,1,26,1,10,1,1,11,1,0,0,0,1,0,0,1,0,0,0,0,0,0,1,1,0,0,0,0,0,0,0,0,0,0,0.0,0.0,0.0,0,0,0,1,1,0,0,0,0,2,0,1,113,15,0,0,0,0,0,0,0,1.0,0.00023986905971328591,0.875,0.18342928095721864,0,,multi_full_20260502_195405_0001,2026-05-02T20:19:56.046536,https://www.apnic.net/about-apnic/service-updates/service-announcement-25-july-2018/,https://www.apnic.net/,False,https://www.apnic.net/about-apnic/service-updates/service-announcement-25-july-2018/,https://www.apnic.net/,https://www.apnic.net/about-apnic/service-updates/service-announcement-25-july-2018/,recon_page,2026-05-02T20:19:56.055813
87,1,3,0,0,0,0,1,0,13,0,net,200,2,70549,1057.2330000000002,0,0,19,1,cloudflare,0,html,0,0,0,1,7,1,1,1,1,1,1,2,1,2,0,0,0,0,0,0,0,0,1,9,0,0,0,0,1,17,7,8,2,1,168,156,12,1,3,1,26,1,10,1,1,11,1,0,0,0,1,0,0,1,0,0,0,0,0,0,1,1,0,0,0,0,0,0,0,0,0,0,0.0,0.0,0.0,0,0,0,1,1,0,0,0,0,2,0,1,113,15,0,0,0,0,0,0,0,1.0,0.0002409672709747835,0.875,0.18426908956895205,0,,multi_full_20260502_195405_0001,2026-05-02T20:19:56.836350,https://www.apnic.net/about-apnic/service-updates/service-announcement-04-april-2023-2/,https://www.apnic.net/,False,https://www.apnic.net/about-apnic/service-updates/service-announcement-04-april-2023-2/,https://www.apnic.net/,https://www.apnic.net/about-apnic/service-updates/service-announcement-04-april-2023-2/,recon_page,2026-05-02T20:19:56.844881
83,1,3,0,0,0,0,1,0,13,0,net,200,2,70557,1283.599,0,0,19,1,cloudflare,0,html,0,0,0,1,7,1,1,1,1,1,1,2,1,2,0,0,0,0,0,0,0,0,1,9,0,0,0,0,1,17,7,8,2,1,168,156,12,1,3,1,26,1,10,1,1,11,1,0,0,0,1,0,0,1,0,0,0,0,0,0,1,1,0,0,0,0,0,0,0,0,0,0,0.0,0.0,0.0,0,0,0,1,1,0,0,0,0,2,0,1,113,15,0,0,0,0,0,0,0,1.0,0.00024093994926088126,0.875,0.1842481964936151,0,,multi_full_20260502_195405_0001,2026-05-02T20:19:57.117006,https://www.apnic.net/about-apnic/service-updates/service-announcement-16-february/,https://www.apnic.net/,False,https://www.apnic.net/about-apnic/service-updates/service-announcement-16-february/,https://www.apnic.net/,https://www.apnic.net/about-apnic/service-updates/service-announcement-16-february/,recon_page,2026-05-02T20:19:57.125758
84,1,3,0,0,0,0,1,0,13,0,net,200,2,70654,935.484,0,0,19,1,cloudflare,0,html,0,0,0,1,7,1,1,1,1,1,1,2,1,2,0,0,0,0,0,0,0,0,1,9,0,0,0,0,1,17,7,8,2,1,168,156,12,1,3,1,26,1,10,1,1,11,1,0,0,0,1,0,0,1,0,0,0,0,0,0,1,1,0,0,0,0,0,0,0,0,0,0,0.0,0.0,0.0,0,0,0,1,1,0,0,0,0,2,0,1,113,15,0,0,0,0,0,0,0,1.0,0.0002406091657938687,0.875,0.1839952444306055,0,,multi_full_20260502_195405_0001,2026-05-02T20:19:57.351949,https://www.apnic.net/about-apnic/service-updates/service-announcement-1-march-2011/,https://www.apnic.net/,False,https://www.apnic.net/about-apnic/service-updates/service-announcement-1-march-2011/,https://www.apnic.net/,https://www.apnic.net/about-apnic/service-updates/service-announcement-1-march-2011/,recon_page,2026-05-02T20:19:57.362056
85,1,3,0,0,0,0,1,0,13,0,net,200,2,70837,1000.288,0,0,19,1,cloudflare,0,html,0,0,0,1,7,1,1,1,1,1,1,2,1,2,0,0,0,0,0,0,0,0,1,9,0,0,0,0,1,17,7,8,2,1,168,156,12,1,3,1,26,1,10,1,1,11,1,0,0,0,1,0,0,1,0,0,0,0,0,0,1,1,0,0,0,0,0,0,0,0,0,0,0.0,0.0,0.0,0,0,0,1,1,0,0,0,0,2,0,1,113,15,0,0,0,0,0,0,0,1.0,0.0002399875771136553,0.875,0.18351991191044228,0,,multi_full_20260502_195405_0001,2026-05-02T20:19:58.540880,https://www.apnic.net/about-apnic/service-updates/service-announcement-16-april-2024/,https://www.apnic.net/,False,https://www.apnic.net/about-apnic/service-updates/service-announcement-16-april-2024/,https://www.apnic.net/,https://www.apnic.net/about-apnic/service-updates/service-announcement-16-april-2024/,recon_page,2026-05-02T20:19:58.548159
90,1,3,0,0,0,0,1,0,13,0,net,200,2,70699,992.1529999999999,0,0,19,1,cloudflare,0,html,0,0,0,1,7,1,1,1,1,1,1,2,1,2,0,0,0,0,0,0,0,0,1,9,0,0,0,0,1,17,7,8,2,1,168,156,12,1,3,1,26,1,10,1,1,11,1,0,0,0,1,0,0,1,0,0,0,0,0,0,1,1,0,0,0,0,0,0,0,0,0,0,0.0,0.0,0.0,0,0,0,1,1,0,0,0,0,2,0,1,113,15,0,0,0,0,0,0,0,1.0,0.00024045601776545637,0.875,0.18387813123240782,0,,multi_full_20260502_195405_0001,2026-05-02T20:20:10.364469,https://www.apnic.net/about-apnic/service-updates/network-address-update-for-voip-servers/,https://www.apnic.net/,False,https://www.apnic.net/about-apnic/service-updates/network-address-update-for-voip-servers/,https://www.apnic.net/,https://www.apnic.net/about-apnic/service-updates/network-address-update-for-voip-servers/,recon_page,2026-05-02T20:20:10.377437
85,1,3,0,0,0,0,1,0,13,0,net,200,2,70670,1004.646,0,0,19,1,cloudflare,0,html,0,0,0,1,7,1,1,1,1,1,1,2,1,2,0,0,0,0,0,0,0,0,1,9,0,0,0,0,1,17,7,8,2,1,168,156,12,1,3,1,26,1,10,1,1,11,1,0,0,0,1,0,0,1,0,0,0,0,0,0,1,1,0,0,0,0,0,0,0,0,0,0,0.0,0.0,0.0,0,0,0,1,1,0,0,0,0,2,0,1,113,15,0,0,0,0,0,0,0,1.0,0.00024055469081647092,0.875,0.18395358709494836,0,,multi_full_20260502_195405_0001,2026-05-02T20:20:47.341285,https://www.apnic.net/about-apnic/service-updates/service-announcement-21-april-2025/,https://www.apnic.net/,False,https://www.apnic.net/about-apnic/service-updates/service-announcement-21-april-2025/,https://www.apnic.net/,https://www.apnic.net/about-apnic/service-updates/service-announcement-21-april-2025/,recon_page,2026-05-02T20:20:47.352530
86,1,3,0,0,0,0,1,0,13,0,net,200,2,70592,953.542,0,0,19,1,cloudflare,0,html,0,0,0,1,7,1,1,1,1,1,1,2,1,2,0,0,0,0,0,0,0,0,1,9,0,0,0,0,1,17,7,8,2,1,168,156,12,1,3,1,26,1,10,1,1,11,1,0,0,0,1,0,0,1,0,0,0,0,0,0,1,1,0,0,0,0,0,0,0,0,0,0,0.0,0.0,0.0,0,0,0,1,1,0,0,0,0,2,0,1,113,15,0,0,0,0,0,0,0,1.0,0.0002408204895738894,0.875,0.18415684496826837,0,,multi_full_20260502_195405_0001,2026-05-02T20:20:47.585427,https://www.apnic.net/about-apnic/service-updates/service-announcement-10-august-2015/,https://www.apnic.net/,False,https://www.apnic.net/about-apnic/service-updates/service-announcement-10-august-2015/,https://www.apnic.net/,https://www.apnic.net/about-apnic/service-updates/service-announcement-10-august-2015/,recon_page,2026-05-02T20:20:47.595170
88,1,3,0,0,0,0,1,0,13,0,net,200,2,70661,1012.356,0,0,19,1,cloudflare,0,html,0,0,0,1,7,1,1,1,1,1,1,2,1,2,0,0,0,0,0,0,0,0,1,9,0,0,0,0,1,17,7,8,2,1,168,156,12,1,3,1,26,1,10,1,1,11,1,0,0,0,1,0,0,1,0,0,0,0,0,0,1,1,0,0,0,0,0,0,0,0,0,0,0.0,0.0,0.0,0,0,0,1,1,0,0,0,0,2,0,1,113,15,0,0,0,0,0,0,0,1.0,0.00024058532995570398,0.875,0.18397701702495012,0,,multi_full_20260502_195405_0001,2026-05-02T20:20:47.860429,https://www.apnic.net/about-apnic/service-updates/service-announcement-30-november-2015/,https://www.apnic.net/,False,https://www.apnic.net/about-apnic/service-updates/service-announcement-30-november-2015/,https://www.apnic.net/,https://www.apnic.net/about-apnic/service-updates/service-announcement-30-november-2015/,recon_page,2026-05-02T20:20:47.867228
87,1,3,0,0,0,0,1,0,13,0,net,200,2,71773,984.985,0,0,19,1,cloudflare,0,html,0,0,0,1,7,1,1,1,1,1,1,2,1,2,0,0,0,0,0,0,0,0,1,9,0,0,0,0,1,17,7,8,2,1,168,156,12,1,3,1,26,1,10,1,1,11,1,0,0,0,1,0,0,1,0,0,0,1,0,0,1,1,0,0,0,0,0,0,0,0,0,0,0.0,0.0,0.0,0,0,0,1,1,0,0,0,0,2,0,1,113,15,0,0,0,0,0,0,0,1.0,0.00023685787134437741,0.875,0.18112660749864157,0,,multi_full_20260502_195405_0001,2026-05-02T20:20:58.861685,https://www.apnic.net/about-apnic/service-updates/service-announcement-13-october-2017/,https://www.apnic.net/,False,https://www.apnic.net/about-apnic/service-updates/service-announcement-13-october-2017/,https://www.apnic.net/,https://www.apnic.net/about-apnic/service-updates/service-announcement-13-october-2017/,recon_page,2026-05-02T20:20:58.869672
115,1,4,1,1,0,0,1,0,13,0,net,403,4,2515,991.03,0,0,18,1,cloudflare,0,html,0,0,0,1,7,1,1,1,1,1,0,0,0,0,0,0,0,0,0,0,0,0,0,0,0,0,0,0,0,0,0,0,0,0,0,0,0,0,0,1,3,0,0,0,0,0,1,0,0,0,0,0,0,1,0,0,0,1,0,0,1,1,0,0,0,0,0,0,0,0,0,0,0.0,0.0,0.0,0,0,0,0,0,0,0,0,0,0,0,0,0,0,0,0,0,0,0,0,0,0.0,0.0,0.875,0.0,0,,multi_full_20260502_195405_0001,2026-05-02T20:20:59.465906,https://www.apnic.net/wp-json/oembed/1.0/embed/?url=https%3A%2F%2Fwww.apnic.net%2Fabout-apnic%2Fservice-updates%2F&,https://www.apnic.net/,False,https://www.apnic.net/wp-json/oembed/1.0/embed/?url=https%3A%2F%2Fwww.apnic.net%2Fabout-apnic%2Fservice-updates%2F&,https://www.apnic.net/,https://www.apnic.net/wp-json/oembed/1.0/embed/?url=https%3A%2F%2Fwww.apnic.net%2Fabout-apnic%2Fservice-updates%2F&,recon_page,2026-05-02T20:20:59.472702
83,1,3,0,0,0,0,1,0,13,0,net,200,2,70594,978.41,0,0,19,1,cloudflare,0,html,0,0,0,1,7,1,1,1,1,1,1,2,1,2,0,0,0,0,0,0,0,0,1,9,0,0,0,0,1,17,7,8,2,1,168,156,12,1,3,1,26,1,10,1,1,11,1,0,0,0,1,0,0,1,0,0,0,0,0,0,1,1,0,0,0,0,0,0,0,0,0,0,0.0,0.0,0.0,0,0,0,1,1,0,0,0,0,2,0,1,113,15,0,0,0,0,0,0,0,1.0,0.00024081366688387116,0.875,0.18415162761707796,0,,multi_full_20260502_195405_0001,2026-05-02T20:21:01.614288,https://www.apnic.net/about-apnic/service-updates/service-announcement-5-september/,https://www.apnic.net/,False,https://www.apnic.net/about-apnic/service-updates/service-announcement-5-september/,https://www.apnic.net/,https://www.apnic.net/about-apnic/service-updates/service-announcement-5-september/,recon_page,2026-05-02T20:21:01.623709
83,1,3,0,0,0,0,1,0,13,0,net,200,2,70756,941.1030000000001,0,0,19,1,cloudflare,0,html,0,0,0,1,7,1,1,1,1,1,1,2,1,2,0,0,0,0,0,0,0,0,1,9,0,0,0,0,1,17,7,8,2,1,168,156,12,1,3,1,26,1,10,1,1,11,1,0,0,0,1,0,0,1,0,0,0,0,0,0,1,1,0,0,0,0,0,0,0,0,0,0,0.0,0.0,0.0,0,0,0,1,1,0,0,0,0,2,0,1,113,15,0,0,0,0,0,0,0,1.0,0.00024026230991011364,0.875,0.18373000169596926,0,,multi_full_20260502_195405_0001,2026-05-02T20:21:01.875529,https://www.apnic.net/about-apnic/service-updates/service-announcement-8-july-2025/,https://www.apnic.net/,False,https://www.apnic.net/about-apnic/service-updates/service-announcement-8-july-2025/,https://www.apnic.net/,https://www.apnic.net/about-apnic/service-updates/service-announcement-8-july-2025/,recon_page,2026-05-02T20:21:01.883012
88,1,3,0,0,0,0,1,0,13,0,net,200,2,70769,981.045,0,0,19,1,cloudflare,0,html,0,0,0,1,7,1,1,1,1,1,1,2,1,2,0,0,0,0,0,0,0,0,1,9,0,0,0,0,1,17,7,8,2,1,168,156,12,1,3,1,26,1,10,1,1,11,1,0,0,0,1,0,0,1,0,0,0,0,0,0,1,1,0,0,0,0,0,0,0,0,0,0,0.0,0.0,0.0,0,0,0,1,1,0,0,0,0,2,0,1,113,15,0,0,0,0,0,0,0,1.0,0.00024021817462448246,0.875,0.18369625118342775,0,,multi_full_20260502_195405_0001,2026-05-02T20:21:02.237162,https://www.apnic.net/about-apnic/service-updates/service-announcement-17-november-2022/,https://www.apnic.net/,False,https://www.apnic.net/about-apnic/service-updates/service-announcement-17-november-2022/,https://www.apnic.net/,https://www.apnic.net/about-apnic/service-updates/service-announcement-17-november-2022/,recon_page,2026-05-02T20:21:02.250292
47,1,5,0,0,0,0,1,0,13,0,net,403,4,2515,1428.096,0,0,18,1,cloudflare,0,html,0,0,0,1,7,1,1,1,1,1,0,0,0,0,0,0,0,0,0,0,0,0,0,0,0,0,0,0,0,0,0,0,0,0,0,0,0,0,0,1,3,0,0,0,0,0,1,0,0,0,0,0,0,1,0,0,0,1,0,0,1,1,0,0,0,0,0,0,0,0,0,0,0.0,0.0,0.0,0,0,0,0,0,0,0,0,0,0,0,0,0,0,0,0,0,0,0,0,0,0.0,0.0,0.875,0.0,0,,multi_full_20260502_195405_0001,2026-05-02T20:21:02.790474,https://www.apnic.net/wp-json/wp/v2/pages/1508/,https://www.apnic.net/,False,https://www.apnic.net/wp-json/wp/v2/pages/1508/,https://www.apnic.net/,https://www.apnic.net/wp-json/wp/v2/pages/1508/,recon_page,2026-05-02T20:21:02.793881
87,1,3,0,0,0,0,1,0,13,0,net,200,2,70926,915.3019999999999,0,0,19,1,cloudflare,0,html,0,0,0,1,7,1,1,1,1,1,1,2,1,2,0,0,0,0,0,0,0,0,1,9,0,0,0,0,1,17,7,8,2,1,168,156,12,1,3,1,26,1,10,1,1,11,1,0,0,0,1,0,0,1,0,0,0,0,0,0,1,1,0,0,0,0,0,0,0,0,0,0,0.0,0.0,0.0,0,0,0,1,1,0,0,0,0,2,0,1,113,15,0,0,0,0,0,0,0,1.0,0.00023968643374784986,0.875,0.1832896258071793,0,,multi_full_20260502_195405_0001,2026-05-02T20:21:03.464004,https://www.apnic.net/about-apnic/service-updates/service-announcement-16-january-2024/,https://www.apnic.net/,False,https://www.apnic.net/about-apnic/service-updates/service-announcement-16-january-2024/,https://www.apnic.net/,https://www.apnic.net/about-apnic/service-updates/service-announcement-16-january-2024/,recon_page,2026-05-02T20:21:03.467257
83,1,3,0,0,0,0,1,0,13,0,net,200,2,70936,934.174,0,0,19,1,cloudflare,0,html,0,0,0,1,7,1,1,1,1,1,1,2,1,2,0,0,0,0,0,0,0,0,1,9,0,0,0,0,1,17,7,8,2,1,168,156,12,1,3,1,26,1,10,1,1,11,1,0,0,0,1,0,0,1,0,0,0,0,0,0,1,1,0,0,0,0,0,0,0,0,0,0,0.0,0.0,0.0,0,0,0,1,1,0,0,0,0,2,0,1,113,15,0,0,0,0,0,0,0,1.0,0.00023965264463741965,0.875,0.18326378707567384,0,,multi_full_20260502_195405_0001,2026-05-02T20:21:03.788682,https://www.apnic.net/about-apnic/service-updates/service-announcement-11-may-2017/,https://www.apnic.net/,False,https://www.apnic.net/about-apnic/service-updates/service-announcement-11-may-2017/,https://www.apnic.net/,https://www.apnic.net/about-apnic/service-updates/service-announcement-11-may-2017/,recon_page,2026-05-02T20:21:03.797484
79,1,3,0,0,0,0,1,0,13,0,net,200,2,70544,913.341,0,0,19,1,cloudflare,0,html,0,0,0,1,7,1,1,1,1,1,1,2,1,2,0,0,0,0,0,0,0,0,1,9,0,0,0,0,1,17,7,8,2,1,168,156,12,1,3,1,26,1,10,1,1,11,1,0,0,0,1,0,0,1,0,0,0,0,0,0,1,1,0,0,0,0,0,0,0,0,0,0,0.0,0.0,0.0,0,0,0,1,1,0,0,0,0,2,0,1,113,15,0,0,0,0,0,0,0,1.0,0.00024098435019278747,0.875,0.18428215014742572,0,,multi_full_20260502_195405_0001,2026-05-02T20:21:12.097034,https://www.apnic.net/about-apnic/service-updates/service-announcement-28-sept/,https://www.apnic.net/,False,https://www.apnic.net/about-apnic/service-updates/service-announcement-28-sept/,https://www.apnic.net/,https://www.apnic.net/about-apnic/service-updates/service-announcement-28-sept/,recon_page,2026-05-02T20:21:12.151849
81,1,3,0,0,0,0,1,0,13,0,net,200,2,70675,905.529,0,0,19,1,cloudflare,0,html,0,0,0,1,7,1,1,1,1,1,1,2,1,2,0,0,0,0,0,0,0,0,1,9,0,0,0,0,1,17,7,8,2,1,168,156,12,1,3,1,26,1,10,1,1,11,1,0,0,0,1,0,0,1,0,0,0,0,0,0,1,1,0,0,0,0,0,0,0,0,0,0,0.0,0.0,0.0,0,0,0,1,1,0,0,0,0,2,0,1,113,15,0,0,0,0,0,0,0,1.0,0.00024053767244428724,0.875,0.1839405730456314,0,,multi_full_20260502_195405_0001,2026-05-02T20:21:52.639187,https://www.apnic.net/about-apnic/service-updates/upgrade-edge-router-firmware-2/,https://www.apnic.net/,False,https://www.apnic.net/about-apnic/service-updates/upgrade-edge-router-firmware-2/,https://www.apnic.net/,https://www.apnic.net/about-apnic/service-updates/upgrade-edge-router-firmware-2/,recon_page,2026-05-02T20:21:52.649976
62,1,3,0,0,0,0,1,0,13,0,net,200,2,71013,901.269,0,0,19,1,cloudflare,0,html,0,0,0,1,7,1,1,1,1,1,1,2,1,2,0,0,0,0,0,0,0,0,1,9,0,0,0,0,1,17,7,8,2,1,168,156,12,1,3,1,26,1,10,1,1,11,1,0,0,0,1,0,0,1,0,0,0,0,0,0,1,1,0,0,0,0,0,0,0,0,0,0,0.0,0.0,0.0,0,0,0,1,1,0,0,0,0,2,0,1,113,15,0,0,0,0,0,0,0,1.0,0.00023939278723613986,0.875,0.18306507259234223,0,,multi_full_20260502_195405_0001,2026-05-02T20:21:52.902638,https://www.apnic.net/about-apnic/service-updates/ftp-reports/,https://www.apnic.net/,False,https://www.apnic.net/about-apnic/service-updates/ftp-reports/,https://www.apnic.net/,https://www.apnic.net/about-apnic/service-updates/ftp-reports/,recon_page,2026-05-02T20:21:52.914471
86,1,3,0,0,0,0,1,0,13,0,net,200,2,71036,934.708,0,0,19,1,cloudflare,0,html,0,0,0,1,7,1,1,1,1,1,1,2,1,2,0,0,0,0,0,0,0,0,1,9,0,0,0,0,1,17,7,8,2,1,168,156,12,1,3,1,26,1,10,1,1,11,1,0,0,0,1,0,0,1,0,0,0,0,0,0,1,1,0,0,0,0,0,0,0,0,0,0,0.0,0.0,0.0,0,0,0,1,1,0,0,0,0,2,0,1,113,15,0,0,0,0,0,0,0,1.0,0.00023931527676107888,0.875,0.18300579987611915,0,,multi_full_20260502_195405_0001,2026-05-02T20:22:17.493836,https://www.apnic.net/about-apnic/service-updates/service-announcement-20-august-2018/,https://www.apnic.net/,False,https://www.apnic.net/about-apnic/service-updates/service-announcement-20-august-2018/,https://www.apnic.net/,https://www.apnic.net/about-apnic/service-updates/service-announcement-20-august-2018/,recon_page,2026-05-02T20:22:17.500044
97,1,3,0,0,0,0,1,0,13,0,net,200,2,70848,899.7969999999999,0,0,19,1,cloudflare,0,html,0,0,0,1,7,1,1,1,1,1,1,2,1,2,0,0,0,0,0,0,0,0,1,9,0,0,0,0,1,17,7,8,2,1,168,156,12,1,3,1,26,1,10,1,1,11,1,0,0,0,1,0,0,1,0,0,0,0,0,0,1,1,0,0,0,0,0,0,0,0,0,0,0.0,0.0,0.0,0,0,0,1,1,0,0,0,0,2,0,1,113,15,0,0,0,0,0,0,0,1.0,0.00023995031616982836,0.875,0.1834914182475158,0,,multi_full_20260502_195405_0001,2026-05-02T20:22:17.798620,https://www.apnic.net/about-apnic/service-updates/service-announcement-recurring-reports-in-dash/,https://www.apnic.net/,False,https://www.apnic.net/about-apnic/service-updates/service-announcement-recurring-reports-in-dash/,https://www.apnic.net/,https://www.apnic.net/about-apnic/service-updates/service-announcement-recurring-reports-in-dash/,recon_page,2026-05-02T20:22:17.807849
88,1,3,0,0,0,0,1,0,13,0,net,200,2,70642,969.25,0,0,19,1,cloudflare,0,html,0,0,0,1,7,1,1,1,1,1,1,2,1,2,0,0,0,0,0,0,0,0,1,9,0,0,0,0,1,17,7,8,2,1,168,156,12,1,3,1,26,1,10,1,1,11,1,0,0,0,1,0,0,1,0,0,0,0,0,0,1,1,0,0,0,0,0,0,0,0,0,0,0.0,0.0,0.0,0,0,0,1,1,0,0,0,0,2,0,1,113,15,0,0,0,0,0,0,0,1.0,0.00024065003822088842,0.875,0.18402649981597352,0,,multi_full_20260502_195405_0001,2026-05-02T20:22:18.397473,https://www.apnic.net/about-apnic/service-updates/service-announcement-05-november-2025/,https://www.apnic.net/,False,https://www.apnic.net/about-apnic/service-updates/service-announcement-05-november-2025/,https://www.apnic.net/,https://www.apnic.net/about-apnic/service-updates/service-announcement-05-november-2025/,recon_page,2026-05-02T20:22:18.413871
82,1,3,0,0,0,0,1,0,13,0,net,200,2,70534,977.5500000000001,0,0,19,1,cloudflare,0,html,0,0,0,1,7,1,1,1,1,1,1,2,1,2,0,0,0,0,0,0,0,0,1,9,0,0,0,0,1,17,7,8,2,1,168,156,12,1,3,1,26,1,10,1,1,11,1,0,0,0,1,0,0,1,0,0,0,0,0,0,1,1,0,0,0,0,0,0,0,0,0,0,0.0,0.0,0.0,0,0,0,1,1,0,0,0,0,2,0,1,113,15,0,0,0,0,0,0,0,1.0,0.0002410185158930445,0.875,0.18430827685938694,0,,multi_full_20260502_195405_0001,2026-05-02T20:22:18.876481,https://www.apnic.net/about-apnic/service-updates/service-announcement-16-january/,https://www.apnic.net/,False,https://www.apnic.net/about-apnic/service-updates/service-announcement-16-january/,https://www.apnic.net/,https://www.apnic.net/about-apnic/service-updates/service-announcement-16-january/,recon_page,2026-05-02T20:22:18.886725
114,1,4,1,1,0,0,1,0,13,0,net,403,4,2515,905.2750000000001,0,0,18,1,cloudflare,0,html,0,0,0,1,7,1,1,1,1,1,0,0,0,0,0,0,0,0,0,0,0,0,0,0,0,0,0,0,0,0,0,0,0,0,0,0,0,0,0,1,3,0,0,0,0,0,1,0,0,0,0,0,0,1,0,0,0,1,0,0,1,1,0,0,0,0,0,0,0,0,0,0,0.0,0.0,0.0,0,0,0,0,0,0,0,0,0,0,0,0,0,0,0,0,0,0,0,0,0,0.0,0.0,0.875,0.0,0,,multi_full_20260502_195405_0001,2026-05-02T20:22:52.198727,https://www.apnic.net/wp-json/oembed/1.0/embed/?url=https%3A%2F%2Fwww.apnic.net%2Fabout-apnic%2Fservice-updates%2F,https://www.apnic.net/,False,https://www.apnic.net/wp-json/oembed/1.0/embed/?url=https%3A%2F%2Fwww.apnic.net%2Fabout-apnic%2Fservice-updates%2F,https://www.apnic.net/,https://www.apnic.net/wp-json/oembed/1.0/embed/?url=https%3A%2F%2Fwww.apnic.net%2Fabout-apnic%2Fservice-updates%2F,recon_page,2026-05-02T20:22:52.500079
87,1,3,0,0,0,0,1,0,13,0,net,200,2,70848,966.341,0,0,19,1,cloudflare,0,html,0,0,0,1,7,1,1,1,1,1,1,2,1,2,0,0,0,0,0,0,0,0,1,9,0,0,0,0,1,17,7,8,2,1,168,156,12,1,3,1,26,1,10,1,1,11,1,0,0,0,1,0,0,1,0,0,0,0,0,0,1,1,0,0,0,0,0,0,0,0,0,0,0.0,0.0,0.0,0,0,0,1,1,0,0,0,0,2,0,1,113,15,0,0,0,0,0,0,0,1.0,0.00023995031616982836,0.875,0.1834914182475158,0,,multi_full_20260502_195405_0001,2026-05-02T20:22:52.626668,https://www.apnic.net/about-apnic/service-updates/service-announcement-1-december-2025/,https://www.apnic.net/,False,https://www.apnic.net/about-apnic/service-updates/service-announcement-1-december-2025/,https://www.apnic.net/,https://www.apnic.net/about-apnic/service-updates/service-announcement-1-december-2025/,recon_page,2026-05-02T20:22:52.639431
87,1,3,0,0,0,0,1,0,13,0,net,200,2,70752,1014.8589999999999,0,0,19,1,cloudflare,0,html,0,0,0,1,7,1,1,1,1,1,1,2,1,2,0,0,0,0,0,0,0,0,1,9,0,0,0,0,1,17,7,8,2,1,168,156,12,1,3,1,26,1,10,1,1,11,1,0,0,0,1,0,0,1,0,0,0,0,0,0,1,1,0,0,0,0,0,0,0,0,0,0,0.0,0.0,0.0,0,0,0,1,1,0,0,0,0,2,0,1,113,15,0,0,0,0,0,0,0,1.0,0.00024027589326096788,0.875,0.18374038896426959,0,,multi_full_20260502_195405_0001,2026-05-02T20:22:52.861886,https://www.apnic.net/about-apnic/service-updates/service-announcement-20-october-2020/,https://www.apnic.net/,False,https://www.apnic.net/about-apnic/service-updates/service-announcement-20-october-2020/,https://www.apnic.net/,https://www.apnic.net/about-apnic/service-updates/service-announcement-20-october-2020/,recon_page,2026-05-02T20:22:52.875478
85,1,3,0,0,0,0,1,0,13,0,net,200,2,70714,1494.0040000000001,0,0,19,1,cloudflare,0,html,0,0,0,1,7,1,1,1,1,1,1,2,1,2,0,0,0,0,0,0,0,0,1,9,0,0,0,0,1,17,7,8,2,1,168,156,12,1,3,1,26,1,10,1,1,11,1,0,0,0,1,0,0,1,0,0,0,0,0,0,1,1,0,0,0,0,0,0,0,0,0,0,0.0,0.0,0.0,0,0,0,1,1,0,0,0,0,2,0,1,113,15,0,0,0,0,0,0,0,1.0,0.00024040501173742116,0.875,0.18383912662273383,0,,multi_full_20260502_195405_0001,2026-05-02T20:22:53.126998,https://www.apnic.net/about-apnic/service-updates/service-announcement-30-april-2019/,https://www.apnic.net/,False,https://www.apnic.net/about-apnic/service-updates/service-announcement-30-april-2019/,https://www.apnic.net/,https://www.apnic.net/about-apnic/service-updates/service-announcement-30-april-2019/,recon_page,2026-05-02T20:22:53.141066
87,1,3,0,0,0,0,1,0,13,0,net,200,2,70801,1006.999,0,0,19,1,cloudflare,0,html,0,0,0,1,7,1,1,1,1,1,1,2,1,2,0,0,0,0,0,0,0,0,1,9,0,0,0,0,1,17,7,8,2,1,168,156,12,1,3,1,26,1,10,1,1,11,1,0,0,0,1,0,0,1,0,0,0,0,0,0,1,1,0,0,0,0,0,0,0,0,0,0,0.0,0.0,0.0,0,0,0,1,1,0,0,0,0,2,0,1,113,15,0,0,0,0,0,0,0,1.0,0.00024010960297170944,0.875,0.18361322580189546,0,,multi_full_20260502_195405_0001,2026-05-02T20:22:53.396737,https://www.apnic.net/about-apnic/service-updates/service-announcement-14-january-2016/,https://www.apnic.net/,False,https://www.apnic.net/about-apnic/service-updates/service-announcement-14-january-2016/,https://www.apnic.net/,https://www.apnic.net/about-apnic/service-updates/service-announcement-14-january-2016/,recon_page,2026-05-02T20:22:53.403539
69,1,3,0,0,0,0,1,0,13,0,net,200,2,70707,2709.511,0,0,19,1,cloudflare,0,html,0,0,0,1,7,1,1,1,1,1,1,2,1,2,0,0,0,0,0,0,0,0,1,9,0,0,0,0,1,17,7,8,2,1,168,156,12,1,3,1,26,1,10,1,1,11,1,0,0,0,1,0,0,1,0,0,0,0,0,0,1,1,0,0,0,0,0,0,0,0,0,0,0.0,0.0,0.0,0,0,0,1,1,0,0,0,0,2,0,1,113,15,0,0,0,0,0,0,0,1.0,0.0002404288118573833,0.875,0.18385732671446958,0,,multi_full_20260502_195405_0001,2026-05-02T20:22:55.255196,https://www.apnic.net/about-apnic/service-updates/apnic-login-outage/,https://www.apnic.net/,False,https://www.apnic.net/about-apnic/service-updates/apnic-login-outage/,https://www.apnic.net/,https://www.apnic.net/about-apnic/service-updates/apnic-login-outage/,recon_page,2026-05-02T20:22:55.263724
83,1,3,0,0,0,0,1,0,13,0,net,200,2,70407,957.2040000000001,0,0,19,1,cloudflare,0,html,0,0,0,1,7,1,1,1,1,1,1,2,1,2,0,0,0,0,0,0,0,0,1,9,0,0,0,0,1,17,7,8,2,1,168,156,12,1,3,1,26,1,10,1,1,11,1,0,0,0,1,0,0,1,0,0,0,0,0,0,1,1,0,0,0,0,0,0,0,0,0,0,0.0,0.0,0.0,0,0,0,1,1,0,0,0,0,2,0,1,113,15,0,0,0,0,0,0,0,1.0,0.0002414532645901686,0.875,0.18464073174542306,0,,multi_full_20260502_195405_0001,2026-05-02T20:23:11.121823,https://www.apnic.net/about-apnic/service-updates/service-announcement-9-july-2014/,https://www.apnic.net/,False,https://www.apnic.net/about-apnic/service-updates/service-announcement-9-july-2014/,https://www.apnic.net/,https://www.apnic.net/about-apnic/service-updates/service-announcement-9-july-2014/,recon_page,2026-05-02T20:23:11.128821
83,1,3,0,0,0,0,1,0,13,0,net,200,2,72118,895.883,0,0,19,1,cloudflare,0,html,0,0,0,1,7,1,1,1,1,1,1,2,1,2,0,0,0,0,0,0,0,0,1,9,0,0,0,0,1,17,7,8,2,1,168,156,12,1,3,1,26,1,10,1,1,11,1,0,0,0,1,0,0,1,0,0,0,0,0,0,1,1,0,0,0,0,0,0,0,0,0,0,0.0,0.0,0.0,0,0,0,1,1,0,0,0,0,2,0,1,113,15,0,0,0,0,0,0,0,1.0,0.0002357247843811531,0.875,0.1802601292326465,0,,multi_full_20260502_195405_0001,2026-05-02T20:23:11.734791,https://www.apnic.net/about-apnic/service-updates/service-announcement-28-may-2019/,https://www.apnic.net/,False,https://www.apnic.net/about-apnic/service-updates/service-announcement-28-may-2019/,https://www.apnic.net/,https://www.apnic.net/about-apnic/service-updates/service-announcement-28-may-2019/,recon_page,2026-05-02T20:23:11.740178
79,1,3,0,0,0,0,1,0,13,0,net,200,2,70513,1051.0649999999998,0,0,19,1,cloudflare,0,html,0,0,0,1,7,1,1,1,1,1,1,2,1,2,0,0,0,0,0,0,0,0,1,9,0,0,0,0,1,17,7,8,2,1,168,156,12,1,3,1,26,1,10,1,1,11,1,0,0,0,1,0,0,1,0,0,0,0,0,0,1,1,0,0,0,0,0,0,0,0,0,0,0.0,0.0,0.0,0,0,0,1,1,0,0,0,0,2,0,1,113,15,0,0,0,0,0,0,0,1.0,0.0002410902954065208,0.875,0.1843631670755747,0,,multi_full_20260502_195405_0001,2026-05-02T20:23:31.992673,https://www.apnic.net/about-apnic/service-updates/service-announcement-12-sept/,https://www.apnic.net/,False,https://www.apnic.net/about-apnic/service-updates/service-announcement-12-sept/,https://www.apnic.net/,https://www.apnic.net/about-apnic/service-updates/service-announcement-12-sept/,recon_page,2026-05-02T20:23:31.999056
93,1,3,0,0,0,0,1,0,13,0,net,200,2,70739,955.373,0,0,19,1,cloudflare,0,html,0,0,0,1,7,1,1,1,1,1,1,2,1,2,0,0,0,0,0,0,0,0,1,9,0,0,0,0,1,17,7,8,2,1,168,156,12,1,3,1,26,1,10,1,1,11,1,0,0,0,1,0,0,1,0,0,0,0,0,0,1,1,0,0,0,0,0,0,0,0,0,0,0.0,0.0,0.0,0,0,0,1,1,0,0,0,0,2,0,1,113,15,0,0,0,0,0,0,0,1.0,0.00024032004976038679,0.875,0.18377415569911928,0,,multi_full_20260502_195405_0001,2026-05-02T20:23:32.245340,https://www.apnic.net/about-apnic/service-updates/network-maintenance-monday-7-december-2009/,https://www.apnic.net/,False,https://www.apnic.net/about-apnic/service-updates/network-maintenance-monday-7-december-2009/,https://www.apnic.net/,https://www.apnic.net/about-apnic/service-updates/network-maintenance-monday-7-december-2009/,recon_page,2026-05-02T20:23:32.253316
89,1,3,0,0,0,0,1,0,13,0,net,200,2,70728,1235.7530000000002,0,0,19,1,cloudflare,0,html,0,0,0,1,7,1,1,1,1,1,1,2,1,2,0,0,0,0,0,0,0,0,1,9,0,0,0,0,1,17,7,8,2,1,168,156,12,1,3,1,26,1,10,1,1,11,1,0,0,0,1,0,0,1,0,0,0,1,1,0,1,1,0,0,0,0,0,0,0,0,0,0,0.0,0.0,0.0,0,0,0,1,1,0,0,0,0,2,0,1,113,15,0,0,0,0,0,0,0,1.0,0.00024035742563058478,0.875,0.18380273724691779,0,,multi_full_20260502_195405_0001,2026-05-02T20:23:53.478176,https://www.apnic.net/about-apnic/service-updates/service-announcement-website-outages-4/,https://www.apnic.net/,False,https://www.apnic.net/about-apnic/service-updates/service-announcement-website-outages-4/,https://www.apnic.net/,https://www.apnic.net/about-apnic/service-updates/service-announcement-website-outages-4/,recon_page,2026-05-02T20:23:53.484692
86,1,3,0,0,0,0,1,0,13,0,net,200,2,70969,1246.218,0,0,19,1,cloudflare,0,html,0,0,0,1,7,1,1,1,1,1,1,2,1,2,0,0,0,0,0,0,0,0,1,9,0,0,0,0,1,17,7,8,2,1,168,156,12,1,3,1,26,1,10,1,1,11,1,0,0,0,1,0,0,1,0,0,0,0,0,0,1,1,0,0,0,0,0,0,0,0,0,0,0.0,0.0,0.0,0,0,0,1,1,0,0,0,0,2,0,1,113,15,0,0,0,0,0,0,0,1.0,0.00023954120813312856,0.875,0.1831785709253336,0,,multi_full_20260502_195405_0001,2026-05-02T20:23:53.800024,https://www.apnic.net/about-apnic/service-updates/service-announcement-05-august-2024/,https://www.apnic.net/,False,https://www.apnic.net/about-apnic/service-updates/service-announcement-05-august-2024/,https://www.apnic.net/,https://www.apnic.net/about-apnic/service-updates/service-announcement-05-august-2024/,recon_page,2026-05-02T20:23:53.806516
79,1,3,0,0,0,0,1,0,13,0,net,200,2,70573,1274.872,0,0,19,1,cloudflare,0,html,0,0,0,1,7,1,1,1,1,1,1,2,1,2,0,0,0,0,0,0,0,0,1,9,0,0,0,0,1,17,7,8,2,1,168,156,12,1,3,1,26,1,10,1,1,11,1,0,0,0,1,0,0,1,0,0,0,0,0,0,1,1,0,0,0,0,0,0,0,0,0,0,0.0,0.0,0.0,0,0,0,1,1,0,0,0,0,2,0,1,113,15,0,0,0,0,0,0,0,1.0,0.00024088532441585308,0.875,0.18420642455329944,0,,multi_full_20260502_195405_0001,2026-05-02T20:23:53.799191,https://www.apnic.net/about-apnic/service-updates/service-announcement-20-july/,https://www.apnic.net/,False,https://www.apnic.net/about-apnic/service-updates/service-announcement-20-july/,https://www.apnic.net/,https://www.apnic.net/about-apnic/service-updates/service-announcement-20-july/,recon_page,2026-05-02T20:23:53.805146
117,1,3,0,0,0,0,1,0,13,0,net,200,2,71015,991.991,0,0,19,1,cloudflare,0,html,0,0,0,1,7,1,1,1,1,1,1,2,1,2,0,0,0,0,0,0,0,0,1,9,0,0,0,0,1,17,7,8,2,1,168,156,12,1,3,1,26,1,10,1,1,11,1,0,0,0,1,0,0,1,0,0,0,0,0,0,1,1,0,0,0,0,0,0,0,0,0,0,0.0,0.0,0.0,0,0,0,1,1,0,0,0,0,2,0,1,113,15,0,0,0,0,0,0,0,1.0,0.00023938604520171795,0.875,0.18305991691896079,0,,multi_full_20260502_195405_0001,2026-05-02T20:24:13.810885,https://www.apnic.net/about-apnic/service-updates/service-announcement-28-september-2010-certificates-request-outage/,https://www.apnic.net/,False,https://www.apnic.net/about-apnic/service-updates/service-announcement-28-september-2010-certificates-request-outage/,https://www.apnic.net/,https://www.apnic.net/about-apnic/service-updates/service-announcement-28-september-2010-certificates-request-outage/,recon_page,2026-05-02T20:24:13.815408
87,1,3,0,0,0,0,1,0,13,0,net,200,2,70834,921.728,0,0,19,1,cloudflare,0,html,0,0,0,1,7,1,1,1,1,1,1,2,1,2,0,0,0,0,0,0,0,0,1,9,0,0,0,0,1,17,7,8,2,1,168,156,12,1,3,1,26,1,10,1,1,11,1,0,0,0,1,0,0,1,0,0,0,0,0,0,1,1,0,0,0,0,0,0,0,0,0,0,0.0,0.0,0.0,0,0,0,1,1,0,0,0,0,2,0,1,113,15,0,0,0,0,0,0,0,1.0,0.00023999774119772991,0.875,0.18352768444532286,0,,multi_full_20260502_195405_0001,2026-05-02T20:24:14.368114,https://www.apnic.net/about-apnic/service-updates/service-announcement-2-november-2022/,https://www.apnic.net/,False,https://www.apnic.net/about-apnic/service-updates/service-announcement-2-november-2022/,https://www.apnic.net/,https://www.apnic.net/about-apnic/service-updates/service-announcement-2-november-2022/,recon_page,2026-05-02T20:24:14.375052
67,1,3,0,0,0,0,1,0,13,0,net,200,2,70604,961.8480000000001,0,0,19,1,cloudflare,0,html,0,0,0,1,7,1,1,1,1,1,1,2,1,2,0,0,0,0,0,0,0,0,1,9,0,0,0,0,1,17,7,8,2,1,168,156,12,1,3,1,26,1,10,1,1,11,1,0,0,0,1,0,0,1,0,0,0,0,0,0,1,1,0,0,0,0,0,0,0,0,0,0,0.0,0.0,0.0,0,0,0,1,1,0,0,0,0,2,0,1,113,15,0,0,0,0,0,0,0,1.0,0.00024077955923177156,0.875,0.18412554529488415,0,,multi_full_20260502_195405_0001,2026-05-02T20:24:14.619683,https://www.apnic.net/about-apnic/service-updates/firewall-upgrade/,https://www.apnic.net/,False,https://www.apnic.net/about-apnic/service-updates/firewall-upgrade/,https://www.apnic.net/,https://www.apnic.net/about-apnic/service-updates/firewall-upgrade/,recon_page,2026-05-02T20:24:14.626058
84,1,3,0,0,0,0,1,0,13,0,net,200,2,71090,825.295,0,0,19,1,cloudflare,0,html,0,0,0,1,7,1,1,1,1,1,1,2,1,2,0,0,0,0,0,0,0,0,1,9,0,0,0,0,1,17,7,8,2,1,168,156,12,1,3,1,26,1,10,1,1,11,1,0,0,0,1,0,0,1,0,0,0,0,0,0,1,1,0,0,0,0,0,0,0,0,0,0,0.0,0.0,0.0,0,0,0,1,1,0,0,0,0,2,0,1,113,15,0,0,0,0,0,0,0,1.0,0.00023913349275566184,0.875,0.18286678857785904,0,,multi_full_20260502_195405_0001,2026-05-02T20:24:14.892914,https://www.apnic.net/about-apnic/service-updates/service-announcement-12-june-2024/,https://www.apnic.net/,False,https://www.apnic.net/about-apnic/service-updates/service-announcement-12-june-2024/,https://www.apnic.net/,https://www.apnic.net/about-apnic/service-updates/service-announcement-12-june-2024/,recon_page,2026-05-02T20:24:14.897288
84,1,3,0,0,0,0,1,0,13,0,net,200,2,70829,927.371,0,0,19,1,cloudflare,0,html,0,0,0,1,7,1,1,1,1,1,1,2,1,2,0,0,0,0,0,0,0,0,1,9,0,0,0,0,1,17,7,8,2,1,168,156,12,1,3,1,26,1,10,1,1,11,1,0,0,0,1,0,0,1,0,0,0,1,0,0,1,1,0,0,0,0,0,0,0,0,0,0,0.0,0.0,0.0,0,0,0,1,1,0,0,0,0,2,0,1,113,15,0,0,0,0,0,0,0,1.0,0.00024001468325121066,0.875,0.18354064013327875,0,,multi_full_20260502_195405_0001,2026-05-02T20:24:15.167240,https://www.apnic.net/about-apnic/service-updates/service-announcement-24-july-2025/,https://www.apnic.net/,False,https://www.apnic.net/about-apnic/service-updates/service-announcement-24-july-2025/,https://www.apnic.net/,https://www.apnic.net/about-apnic/service-updates/service-announcement-24-july-2025/,recon_page,2026-05-02T20:24:15.170924
83,1,3,0,0,0,0,1,0,13,0,net,200,2,70830,1047.0520000000001,0,0,19,1,cloudflare,0,html,0,0,0,1,7,1,1,1,1,1,1,2,1,2,0,0,0,0,0,0,0,0,1,9,0,0,0,0,1,17,7,8,2,1,168,156,12,1,3,1,26,1,10,1,1,11,1,0,0,0,1,0,0,1,0,0,0,0,0,0,1,1,0,0,0,0,0,0,0,0,0,0,0.0,0.0,0.0,0,0,0,1,1,0,0,0,0,2,0,1,113,15,0,0,0,0,0,0,0,1.0,0.00024001129464915996,0.875,0.18353804884935762,0,,multi_full_20260502_195405_0001,2026-05-02T20:24:16.771728,https://www.apnic.net/about-apnic/service-updates/service-announcement-24-sep-2019/,https://www.apnic.net/,False,https://www.apnic.net/about-apnic/service-updates/service-announcement-24-sep-2019/,https://www.apnic.net/,https://www.apnic.net/about-apnic/service-updates/service-announcement-24-sep-2019/,recon_page,2026-05-02T20:24:16.778075
88,1,3,0,0,0,0,1,0,13,0,net,200,2,70518,894.441,0,0,19,1,cloudflare,0,html,0,0,0,1,7,1,1,1,1,1,1,2,1,2,0,0,0,0,0,0,0,0,1,9,0,0,0,0,1,17,7,8,2,1,168,156,12,1,3,1,26,1,10,1,1,11,1,0,0,0,1,0,0,1,0,0,0,0,0,0,1,1,0,0,0,0,0,0,0,0,0,0,0.0,0.0,0.0,0,0,0,1,1,0,0,0,0,2,0,1,113,15,0,0,0,0,0,0,0,1.0,0.000241073201168496,0.875,0.1843500950112028,0,,multi_full_20260502_195405_0001,2026-05-02T20:24:18.252866,https://www.apnic.net/about-apnic/service-updates/service-announcement-11-december-2014/,https://www.apnic.net/,False,https://www.apnic.net/about-apnic/service-updates/service-announcement-11-december-2014/,https://www.apnic.net/,https://www.apnic.net/about-apnic/service-updates/service-announcement-11-december-2014/,recon_page,2026-05-02T20:24:18.258699
87,1,3,0,0,0,0,1,0,13,0,net,200,2,70916,952.7339999999999,0,0,19,1,cloudflare,0,html,0,0,0,1,7,1,1,1,1,1,1,2,1,2,0,0,0,0,0,0,0,0,1,9,0,0,0,0,1,17,7,8,2,1,168,156,12,1,3,1,26,1,10,1,1,11,1,0,0,0,1,0,0,1,0,0,0,0,0,0,1,1,0,0,0,0,0,0,0,0,0,0,0.0,0.0,0.0,0,0,0,1,1,0,0,0,0,2,0,1,113,15,0,0,0,0,0,0,0,1.0,0.0002397202323876135,0.875,0.1833154718258221,0,,multi_full_20260502_195405_0001,2026-05-02T20:24:37.483955,https://www.apnic.net/about-apnic/service-updates/service-announcement-27-january-2022/,https://www.apnic.net/,False,https://www.apnic.net/about-apnic/service-updates/service-announcement-27-january-2022/,https://www.apnic.net/,https://www.apnic.net/about-apnic/service-updates/service-announcement-27-january-2022/,recon_page,2026-05-02T20:24:37.492109
89,1,3,0,0,0,0,1,0,13,0,net,200,2,70774,908.576,0,0,19,1,cloudflare,0,html,0,0,0,1,7,1,1,1,1,1,1,2,1,2,0,0,0,0,0,0,0,0,1,9,0,0,0,0,1,17,7,8,2,1,168,156,12,1,3,1,26,1,10,1,1,11,1,0,0,0,1,0,0,1,0,0,0,0,0,0,1,1,0,0,0,0,0,0,0,0,0,0,0.0,0.0,0.0,0,0,0,1,1,0,0,0,0,2,0,1,113,15,0,0,0,0,0,0,0,1.0,0.00024020120383191567,0.875,0.18368327351852376,0,,multi_full_20260502_195405_0001,2026-05-02T20:24:37.747837,https://www.apnic.net/about-apnic/service-updates/service-announcement-29-october-2025-2/,https://www.apnic.net/,False,https://www.apnic.net/about-apnic/service-updates/service-announcement-29-october-2025-2/,https://www.apnic.net/,https://www.apnic.net/about-apnic/service-updates/service-announcement-29-october-2025-2/,recon_page,2026-05-02T20:24:37.752867
85,1,3,0,0,0,0,1,0,13,0,net,200,2,70700,841.194,0,0,19,1,cloudflare,0,html,0,0,0,1,7,1,1,1,1,1,1,2,1,2,0,0,0,0,0,0,0,0,1,9,0,0,0,0,1,17,7,8,2,1,168,156,12,1,3,1,26,1,10,1,1,11,1,0,0,0,1,0,0,1,0,0,0,0,0,0,1,1,0,0,0,0,0,0,0,0,0,0,0.0,0.0,0.0,0,0,0,1,1,0,0,0,0,2,0,1,113,15,0,0,0,0,0,0,0,1.0,0.00024045261669024045,0.875,0.18387553041018387,0,,multi_full_20260502_195405_0001,2026-05-02T20:24:56.992849,https://www.apnic.net/about-apnic/service-updates/service-announcement-13-march-2026/,https://www.apnic.net/,False,https://www.apnic.net/about-apnic/service-updates/service-announcement-13-march-2026/,https://www.apnic.net/,https://www.apnic.net/about-apnic/service-updates/service-announcement-13-march-2026/,recon_page,2026-05-02T20:24:57.001737
103,1,3,0,0,0,0,1,0,13,0,net,200,2,71708,838.697,0,0,19,1,cloudflare,0,html,0,0,0,1,7,1,1,1,1,1,1,2,1,2,0,0,0,0,0,0,0,0,1,9,0,0,0,0,1,17,7,8,2,1,169,157,12,1,3,1,26,1,10,1,1,11,1,0,0,0,1,0,0,1,0,0,0,0,0,0,1,1,0,0,0,0,0,0,0,0,0,0,0.0,0.0,0.0,0,0,0,1,1,0,0,0,0,2,0,1,114,15,0,0,0,0,0,0,0,1.0,0.00023707257209795282,0.875,0.18129079042784627,0,,multi_full_20260502_195405_0001,2026-05-02T20:24:57.551785,https://www.apnic.net/about-apnic/service-updates/service-announcement-apnic-services-return-to-normal/,https://www.apnic.net/,False,https://www.apnic.net/about-apnic/service-updates/service-announcement-apnic-services-return-to-normal/,https://www.apnic.net/,https://www.apnic.net/about-apnic/service-updates/service-announcement-apnic-services-return-to-normal/,recon_page,2026-05-02T20:24:57.559227
84,1,3,0,0,0,0,1,0,13,0,net,200,2,70753,2018.4630000000002,0,0,19,1,cloudflare,0,html,0,0,0,1,7,1,1,1,1,1,1,2,1,2,0,0,0,0,0,0,0,0,1,9,0,0,0,0,1,17,7,8,2,1,168,156,12,1,3,1,26,1,10,1,1,11,1,0,0,0,1,0,0,1,0,0,0,0,0,0,1,1,0,0,0,0,0,0,0,0,0,0,0.0,0.0,0.0,0,0,0,1,1,0,0,0,0,2,0,1,113,15,0,0,0,0,0,0,0,1.0,0.0002402724972792673,0.875,0.18373779203708676,0,,multi_full_20260502_195405_0001,2026-05-02T20:24:59.273074,https://www.apnic.net/about-apnic/service-updates/service-announcement-10-june-2020/,https://www.apnic.net/,False,https://www.apnic.net/about-apnic/service-updates/service-announcement-10-june-2020/,https://www.apnic.net/,https://www.apnic.net/about-apnic/service-updates/service-announcement-10-june-2020/,recon_page,2026-05-02T20:24:59.310134
85,1,3,0,0,0,0,1,0,13,0,net,200,2,70622,910.008,0,0,19,1,cloudflare,0,html,0,0,0,1,7,1,1,1,1,1,1,2,1,2,0,0,0,0,0,0,0,0,1,9,0,0,0,0,1,17,7,8,2,1,168,156,12,1,3,1,26,1,10,1,1,11,1,0,0,0,1,0,0,1,0,0,0,0,0,0,1,1,0,0,0,0,0,0,0,0,0,0,0.0,0.0,0.0,0,0,0,1,1,0,0,0,0,2,0,1,113,15,0,0,0,0,0,0,0,1.0,0.0002407181897992127,0.875,0.1840786157288097,0,,multi_full_20260502_195405_0001,2026-05-02T20:25:15.800546,https://www.apnic.net/about-apnic/service-updates/service-announcement-11-april-2023/,https://www.apnic.net/,False,https://www.apnic.net/about-apnic/service-updates/service-announcement-11-april-2023/,https://www.apnic.net/,https://www.apnic.net/about-apnic/service-updates/service-announcement-11-april-2023/,recon_page,2026-05-02T20:25:15.811878
85,1,3,0,0,0,0,1,0,13,0,net,200,2,70972,1020.7980000000001,0,0,19,1,cloudflare,0,html,0,0,0,1,7,1,1,1,1,1,1,2,1,2,0,0,0,0,0,0,0,0,1,9,0,0,0,0,1,17,7,8,2,1,168,156,12,1,3,1,26,1,10,1,1,11,1,0,0,0,1,0,0,1,0,0,0,0,0,0,1,1,0,0,0,0,0,0,0,0,0,0,0.0,0.0,0.0,0,0,0,1,1,0,0,0,0,2,0,1,113,15,0,0,0,0,0,0,0,1.0,0.0002395310826804937,0.875,0.18317082793214226,0,,multi_full_20260502_195405_0001,2026-05-02T20:25:16.988430,https://www.apnic.net/about-apnic/service-updates/service-announcement-30-march-2010/,https://www.apnic.net/,False,https://www.apnic.net/about-apnic/service-updates/service-announcement-30-march-2010/,https://www.apnic.net/,https://www.apnic.net/about-apnic/service-updates/service-announcement-30-march-2010/,recon_page,2026-05-02T20:25:16.995378
84,1,3,0,0,0,0,1,0,13,0,net,200,2,70849,940.179,0,0,19,1,cloudflare,0,html,0,0,0,1,7,1,1,1,1,1,1,2,1,2,0,0,0,0,0,0,0,0,1,9,0,0,0,0,1,17,7,8,2,1,168,156,12,1,3,1,26,1,10,1,1,11,1,0,0,0,1,0,0,1,0,0,0,0,0,0,1,1,0,0,0,0,0,0,0,0,0,0,0.0,0.0,0.0,0,0,0,1,1,0,0,0,0,2,0,1,113,15,0,0,0,0,0,0,0,1.0,0.00023994692938503014,0.875,0.18348882835325833,0,,multi_full_20260502_195405_0001,2026-05-02T20:25:17.280129,https://www.apnic.net/about-apnic/service-updates/service-announcement-1-april-2026/,https://www.apnic.net/,False,https://www.apnic.net/about-apnic/service-updates/service-announcement-1-april-2026/,https://www.apnic.net/,https://www.apnic.net/about-apnic/service-updates/service-announcement-1-april-2026/,recon_page,2026-05-02T20:25:17.287681
77,1,3,0,0,0,0,1,0,13,0,net,200,2,71025,946.7330000000001,0,0,19,1,cloudflare,0,html,0,0,0,1,7,1,1,1,1,1,1,2,1,2,0,0,0,0,0,0,0,0,1,9,0,0,0,0,1,17,7,8,2,1,168,156,12,1,3,1,26,1,10,1,1,11,1,0,0,0,1,0,0,1,0,0,0,0,0,0,1,1,0,0,0,0,0,0,0,0,0,0,0.0,0.0,0.0,0,0,0,1,1,0,0,0,0,2,0,1,113,15,0,0,0,0,0,0,0,1.0,0.00023935234072509679,0.875,0.18303414290742695,0,,multi_full_20260502_195405_0001,2026-05-02T20:25:18.265443,https://www.apnic.net/about-apnic/service-updates/service-announcement-6-may/,https://www.apnic.net/,False,https://www.apnic.net/about-apnic/service-updates/service-announcement-6-may/,https://www.apnic.net/,https://www.apnic.net/about-apnic/service-updates/service-announcement-6-may/,recon_page,2026-05-02T20:25:18.271308
88,1,3,0,0,0,0,1,0,13,0,net,200,2,70624,936.014,0,0,19,1,cloudflare,0,html,0,0,0,1,7,1,1,1,1,1,1,2,1,2,0,0,0,0,0,0,0,0,1,9,0,0,0,0,1,17,7,8,2,1,168,156,12,1,3,1,26,1,10,1,1,11,1,0,0,0,1,0,0,1,0,0,0,0,0,0,1,1,0,0,0,0,0,0,0,0,0,0,0.0,0.0,0.0,0,0,0,1,1,0,0,0,0,2,0,1,113,15,0,0,0,0,0,0,0,1.0,0.0002407113729043951,0.875,0.18407340280924334,0,,multi_full_20260502_195405_0001,2026-05-02T20:25:19.037959,https://www.apnic.net/about-apnic/service-updates/service-announcement-18-february-2015/,https://www.apnic.net/,False,https://www.apnic.net/about-apnic/service-updates/service-announcement-18-february-2015/,https://www.apnic.net/,https://www.apnic.net/about-apnic/service-updates/service-announcement-18-february-2015/,recon_page,2026-05-02T20:25:19.044381
94,1,3,0,0,0,0,1,0,13,0,net,200,2,70818,1021.2669999999999,0,0,19,1,cloudflare,0,html,0,0,0,1,7,1,1,1,1,1,1,2,1,2,0,0,0,0,0,0,0,0,1,9,0,0,0,0,1,17,7,8,2,1,168,156,12,1,3,1,26,1,10,1,1,11,1,0,0,0,1,0,0,1,0,0,0,0,0,0,1,1,0,0,0,0,0,0,0,0,0,0,0.0,0.0,0.0,0,0,0,1,1,0,0,0,0,2,0,1,113,15,0,0,0,0,0,0,0,1.0,0.0002400519641898952,0.875,0.18356914908639047,0,,multi_full_20260502_195405_0001,2026-05-02T20:25:19.664813,https://www.apnic.net/about-apnic/service-updates/network-maintenance-tuesday-8-december-2009/,https://www.apnic.net/,False,https://www.apnic.net/about-apnic/service-updates/network-maintenance-tuesday-8-december-2009/,https://www.apnic.net/,https://www.apnic.net/about-apnic/service-updates/network-maintenance-tuesday-8-december-2009/,recon_page,2026-05-02T20:25:19.680060
85,1,3,0,0,0,0,1,0,13,0,net,200,2,71137,976.274,0,0,19,1,cloudflare,0,html,0,0,0,1,7,1,1,1,1,1,1,2,1,2,0,0,0,0,0,0,0,0,1,9,0,0,0,0,1,17,7,8,2,1,168,156,12,1,3,1,26,1,10,1,1,11,1,0,0,0,1,0,0,1,0,0,0,0,0,0,1,1,0,0,0,0,0,0,0,0,0,0,0.0,0.0,0.0,0,0,0,1,1,0,0,0,0,2,0,1,113,15,0,0,0,0,0,0,0,1.0,0.00023897549798276564,0.875,0.18274596904564433,0,,multi_full_20260502_195405_0001,2026-05-02T20:25:20.840836,https://www.apnic.net/about-apnic/service-updates/service-announcement-10-april-2013/,https://www.apnic.net/,False,https://www.apnic.net/about-apnic/service-updates/service-announcement-10-april-2013/,https://www.apnic.net/,https://www.apnic.net/about-apnic/service-updates/service-announcement-10-april-2013/,recon_page,2026-05-02T20:25:20.851057
89,1,3,0,0,0,0,1,0,13,0,net,200,2,70823,955.41,0,0,19,1,cloudflare,0,html,0,0,0,1,7,1,1,1,1,1,1,2,1,2,0,0,0,0,0,0,0,0,1,9,0,0,0,0,1,17,7,8,2,1,168,156,12,1,3,1,26,1,10,1,1,11,1,0,0,0,1,0,0,1,0,0,0,0,0,0,1,1,0,0,0,0,0,0,0,0,0,0,0.0,0.0,0.0,0,0,0,1,1,0,0,0,0,2,0,1,113,15,0,0,0,0,0,0,0,1.0,0.0002400350168730497,0.875,0.18355618937350862,0,,multi_full_20260502_195405_0001,2026-05-02T20:25:40.391178,https://www.apnic.net/about-apnic/service-updates/service-announcement-25-september-2023/,https://www.apnic.net/,False,https://www.apnic.net/about-apnic/service-updates/service-announcement-25-september-2023/,https://www.apnic.net/,https://www.apnic.net/about-apnic/service-updates/service-announcement-25-september-2023/,recon_page,2026-05-02T20:25:40.398814
83,1,3,0,0,0,0,1,0,13,0,net,200,2,70630,1118.377,0,0,19,1,cloudflare,0,html,0,0,0,1,7,1,1,1,1,1,1,2,1,2,0,0,0,0,0,0,0,0,1,9,0,0,0,0,1,17,7,8,2,1,168,156,12,1,3,1,26,1,10,1,1,11,1,0,0,0,1,0,0,1,0,0,0,0,0,0,1,1,0,0,0,0,0,0,0,0,0,0,0.0,0.0,0.0,0,0,0,1,1,0,0,0,0,2,0,1,113,15,0,0,0,0,0,0,0,1.0,0.00024069092453631602,0.875,0.18405776582188874,0,,multi_full_20260502_195405_0001,2026-05-02T20:25:40.659498,https://www.apnic.net/about-apnic/service-updates/service-announcement-14-may-2025/,https://www.apnic.net/,False,https://www.apnic.net/about-apnic/service-updates/service-announcement-14-may-2025/,https://www.apnic.net/,https://www.apnic.net/about-apnic/service-updates/service-announcement-14-may-2025/,recon_page,2026-05-02T20:25:40.685571
81,1,3,0,0,0,0,1,0,13,0,net,200,2,70494,932.962,0,0,19,1,cloudflare,0,html,0,0,0,1,7,1,1,1,1,1,1,2,1,2,0,0,0,0,0,0,0,0,1,9,0,0,0,0,1,17,7,8,2,1,168,156,12,1,3,1,26,1,10,1,1,11,1,0,0,0,1,0,0,1,0,0,0,0,0,0,1,1,0,0,0,0,0,0,0,0,0,0,0.0,0.0,0.0,0,0,0,1,1,0,0,0,0,2,0,1,113,15,0,0,0,0,0,0,0,1.0,0.00024115527562629444,0.875,0.18441285783187222,0,,multi_full_20260502_195405_0001,2026-05-02T20:26:04.460752,https://www.apnic.net/about-apnic/service-updates/queens-memorial-public-holiday/,https://www.apnic.net/,False,https://www.apnic.net/about-apnic/service-updates/queens-memorial-public-holiday/,https://www.apnic.net/,https://www.apnic.net/about-apnic/service-updates/queens-memorial-public-holiday/,recon_page,2026-05-02T20:26:04.470226
85,1,3,0,0,0,0,1,0,13,0,net,200,2,70600,1002.14,0,0,19,1,cloudflare,0,html,0,0,0,1,7,1,1,1,1,1,1,2,1,2,0,0,0,0,0,0,0,0,1,9,0,0,0,0,1,17,7,8,2,1,168,156,12,1,3,1,26,1,10,1,1,11,1,0,0,0,1,0,0,1,0,0,0,0,0,0,1,1,0,0,0,0,0,0,0,0,0,0,0.0,0.0,0.0,0,0,0,1,1,0,0,0,0,2,0,1,113,15,0,0,0,0,0,0,0,1.0,0.00024079320113314448,0.875,0.18413597733711048,0,,multi_full_20260502_195405_0001,2026-05-02T20:26:05.954967,https://www.apnic.net/about-apnic/service-updates/service-announcement-16-march-2022/,https://www.apnic.net/,False,https://www.apnic.net/about-apnic/service-updates/service-announcement-16-march-2022/,https://www.apnic.net/,https://www.apnic.net/about-apnic/service-updates/service-announcement-16-march-2022/,recon_page,2026-05-02T20:26:05.961164
81,1,3,0,0,0,0,1,0,13,0,net,200,2,70551,1637.662,0,0,19,1,cloudflare,0,html,0,0,0,1,7,1,1,1,1,1,1,2,1,2,0,0,0,0,0,0,0,0,1,9,0,0,0,0,1,17,7,8,2,1,168,156,12,1,3,1,26,1,10,1,1,11,1,0,0,0,1,0,0,1,0,0,0,0,0,0,1,1,0,0,0,0,0,0,0,0,0,0,0.0,0.0,0.0,0,0,0,1,1,0,0,0,0,2,0,1,113,15,0,0,0,0,0,0,0,1.0,0.0002409604399654151,0.875,0.18426386585590565,0,,multi_full_20260502_195405_0001,2026-05-02T20:26:07.146501,https://www.apnic.net/about-apnic/service-updates/service-announcement-5-january/,https://www.apnic.net/,False,https://www.apnic.net/about-apnic/service-updates/service-announcement-5-january/,https://www.apnic.net/,https://www.apnic.net/about-apnic/service-updates/service-announcement-5-january/,recon_page,2026-05-02T20:26:07.175913
84,1,3,0,0,0,0,1,0,13,0,net,200,2,70755,1097.525,0,0,19,1,cloudflare,0,html,0,0,0,1,7,1,1,1,1,1,1,2,1,2,0,0,0,0,0,0,0,0,1,9,0,0,0,0,1,17,7,8,2,1,168,156,12,1,3,1,26,1,10,1,1,11,1,0,0,0,1,0,0,1,0,0,0,0,0,0,1,1,0,0,0,0,0,0,0,0,0,0,0.0,0.0,0.0,0,0,0,1,1,0,0,0,0,2,0,1,113,15,0,0,0,0,0,0,0,1.0,0.00024026570560384424,0.875,0.18373259840293973,0,,multi_full_20260502_195405_0001,2026-05-02T20:26:26.229678,https://www.apnic.net/about-apnic/service-updates/service-announcement-9-march-2017/,https://www.apnic.net/,False,https://www.apnic.net/about-apnic/service-updates/service-announcement-9-march-2017/,https://www.apnic.net/,https://www.apnic.net/about-apnic/service-updates/service-announcement-9-march-2017/,recon_page,2026-05-02T20:26:26.235197
87,1,3,0,0,0,0,1,0,13,0,net,200,2,70931,1119.5900000000001,0,0,19,1,cloudflare,0,html,0,0,0,1,7,1,1,1,1,1,1,2,1,2,0,0,0,0,0,0,0,0,1,9,0,0,0,0,1,17,7,8,2,1,168,156,12,1,3,1,26,1,10,1,1,11,1,0,0,0,1,0,0,1,0,0,0,0,0,0,1,1,0,0,0,0,0,0,0,0,0,0,0.0,0.0,0.0,0,0,0,1,1,0,0,0,0,2,0,1,113,15,0,0,0,0,0,0,0,1.0,0.00023966953800171997,0.875,0.18327670553072706,0,,multi_full_20260502_195405_0001,2026-05-02T20:26:26.903835,https://www.apnic.net/about-apnic/service-updates/service-announcement-06-april-2026-2/,https://www.apnic.net/,False,https://www.apnic.net/about-apnic/service-updates/service-announcement-06-april-2026-2/,https://www.apnic.net/,https://www.apnic.net/about-apnic/service-updates/service-announcement-06-april-2026-2/,recon_page,2026-05-02T20:26:26.907461
85,1,3,0,0,0,0,1,0,13,0,net,200,2,70653,1424.093,0,0,19,1,cloudflare,0,html,0,0,0,1,7,1,1,1,1,1,1,2,1,2,0,0,0,0,0,0,0,0,1,9,0,0,0,0,1,17,7,8,2,1,168,156,12,1,3,1,26,1,10,1,1,11,1,0,0,0,1,0,0,1,0,0,0,0,0,0,1,1,0,0,0,0,0,0,0,0,0,0,0.0,0.0,0.0,0,0,0,1,1,0,0,0,0,2,0,1,113,15,0,0,0,0,0,0,0,1.0,0.00024061257129916636,0.875,0.18399784864053895,0,,multi_full_20260502_195405_0001,2026-05-02T20:26:27.399001,https://www.apnic.net/about-apnic/service-updates/service-announcement-3-august-2015/,https://www.apnic.net/,False,https://www.apnic.net/about-apnic/service-updates/service-announcement-3-august-2015/,https://www.apnic.net/,https://www.apnic.net/about-apnic/service-updates/service-announcement-3-august-2015/,recon_page,2026-05-02T20:26:27.409067
80,1,3,0,0,0,0,1,0,13,0,net,200,2,70734,935.429,0,0,19,1,cloudflare,0,html,0,0,0,1,7,1,1,1,1,1,1,2,1,2,0,0,0,0,0,0,0,0,1,9,0,0,0,0,1,17,7,8,2,1,168,156,12,1,3,1,26,1,10,1,1,11,1,0,0,0,1,0,0,1,0,0,0,0,0,0,1,1,0,0,0,0,0,0,0,0,0,0,0.0,0.0,0.0,0,0,0,1,1,0,0,0,0,2,0,1,113,15,0,0,0,0,0,0,0,1.0,0.0002403370373512031,0.875,0.18378714620974357,0,,multi_full_20260502_195405_0001,2026-05-02T20:26:28.138508,https://www.apnic.net/about-apnic/service-updates/storage-system-upgrade-part-1/,https://www.apnic.net/,False,https://www.apnic.net/about-apnic/service-updates/storage-system-upgrade-part-1/,https://www.apnic.net/,https://www.apnic.net/about-apnic/service-updates/storage-system-upgrade-part-1/,recon_page,2026-05-02T20:26:28.150822
84,1,3,0,0,0,0,1,0,13,0,net,200,2,70493,956.194,0,0,19,1,cloudflare,0,html,0,0,0,1,7,1,1,1,1,1,1,2,1,2,0,0,0,0,0,0,0,0,1,9,0,0,0,0,1,17,7,8,2,1,168,156,12,1,3,1,26,1,10,1,1,11,1,0,0,0,1,0,0,1,0,0,0,0,0,0,1,1,0,0,0,0,0,0,0,0,0,0,0.0,0.0,0.0,0,0,0,1,1,0,0,0,0,2,0,1,113,15,0,0,0,0,0,0,0,1.0,0.00024115869660817387,0.875,0.18441547387683885,0,,multi_full_20260502_195405_0001,2026-05-02T20:26:28.908076,https://www.apnic.net/about-apnic/service-updates/service-announcement-28-july-2014/,https://www.apnic.net/,False,https://www.apnic.net/about-apnic/service-updates/service-announcement-28-july-2014/,https://www.apnic.net/,https://www.apnic.net/about-apnic/service-updates/service-announcement-28-july-2014/,recon_page,2026-05-02T20:26:28.913409
87,1,3,0,0,0,0,1,0,13,0,net,200,2,71160,1357.482,0,0,19,1,cloudflare,0,html,0,0,0,1,7,1,1,1,1,1,1,2,1,2,0,0,0,0,0,0,0,0,1,9,0,0,0,0,1,17,7,8,2,1,168,156,12,1,3,1,26,1,10,1,1,11,1,0,0,0,1,0,0,1,0,0,0,0,0,0,1,1,0,0,0,0,0,0,0,0,0,0,0.0,0.0,0.0,0,0,0,1,1,0,0,0,0,2,0,1,113,15,0,0,0,0,0,0,0,1.0,0.00023889825744800449,0.875,0.1826869027543564,0,,multi_full_20260502_195405_0001,2026-05-02T20:26:30.152876,https://www.apnic.net/about-apnic/service-updates/service-announcement-29-october-2024/,https://www.apnic.net/,False,https://www.apnic.net/about-apnic/service-updates/service-announcement-29-october-2024/,https://www.apnic.net/,https://www.apnic.net/about-apnic/service-updates/service-announcement-29-october-2024/,recon_page,2026-05-02T20:26:30.160508
83,1,3,0,0,0,0,1,0,13,0,net,200,2,70468,870.093,0,0,19,1,cloudflare,0,html,0,0,0,1,7,1,1,1,1,1,1,2,1,2,0,0,0,0,0,0,0,0,1,9,0,0,0,0,1,17,7,8,2,1,168,156,12,1,3,1,26,1,10,1,1,11,1,0,0,0,1,0,0,1,0,0,0,0,0,0,1,1,0,0,0,0,0,0,0,0,0,0,0.0,0.0,0.0,0,0,0,1,1,0,0,0,0,2,0,1,113,15,0,0,0,0,0,0,0,1.0,0.00024124425271045014,0.875,0.1844808991315207,0,,multi_full_20260502_195405_0001,2026-05-02T20:26:31.229938,https://www.apnic.net/about-apnic/service-updates/service-announcement-18-feb-2010/,https://www.apnic.net/,False,https://www.apnic.net/about-apnic/service-updates/service-announcement-18-feb-2010/,https://www.apnic.net/,https://www.apnic.net/about-apnic/service-updates/service-announcement-18-feb-2010/,recon_page,2026-05-02T20:26:31.239276
84,1,3,0,0,0,0,1,0,13,0,net,200,2,70587,967.34,0,0,19,1,cloudflare,0,html,0,0,0,1,7,1,1,1,1,1,1,2,1,2,0,0,0,0,0,0,0,0,1,9,0,0,0,0,1,17,7,8,2,1,168,156,12,1,3,1,26,1,10,1,1,11,1,0,0,0,1,0,0,1,0,0,0,0,0,0,1,1,0,0,0,0,0,0,0,0,0,0,0.0,0.0,0.0,0,0,0,1,1,0,0,0,0,2,0,1,113,15,0,0,0,0,0,0,0,1.0,0.00024083754799042318,0.875,0.18416988963973535,0,,multi_full_20260502_195405_0001,2026-05-02T20:26:52.355522,https://www.apnic.net/about-apnic/service-updates/service-announcement-10-january-2/,https://www.apnic.net/,False,https://www.apnic.net/about-apnic/service-updates/service-announcement-10-january-2/,https://www.apnic.net/,https://www.apnic.net/about-apnic/service-updates/service-announcement-10-january-2/,recon_page,2026-05-02T20:26:52.361927
86,1,3,0,0,0,0,1,0,13,0,net,200,2,70643,1201.744,0,0,19,1,cloudflare,0,html,0,0,0,1,7,1,1,1,1,1,1,2,1,2,0,0,0,0,0,0,0,0,1,9,0,0,0,0,1,17,7,8,2,1,168,156,12,1,3,1,26,1,10,1,1,11,1,0,0,0,1,0,0,1,0,0,0,0,0,0,1,1,0,0,0,0,0,0,0,0,0,0,0.0,0.0,0.0,0,0,0,1,1,0,0,0,0,2,0,1,113,15,0,0,0,0,0,0,0,1.0,0.00024064663165494104,0.875,0.1840238947949549,0,,multi_full_20260502_195405_0001,2026-05-02T20:26:52.859724,https://www.apnic.net/about-apnic/service-updates/network-address-update-for-rdns-api/,https://www.apnic.net/,False,https://www.apnic.net/about-apnic/service-updates/network-address-update-for-rdns-api/,https://www.apnic.net/,https://www.apnic.net/about-apnic/service-updates/network-address-update-for-rdns-api/,recon_page,2026-05-02T20:26:52.865280
70,1,3,0,0,0,0,1,0,13,0,net,200,2,70647,920.77,0,0,19,1,cloudflare,0,html,0,0,0,1,7,1,1,1,1,1,1,2,1,2,0,0,0,0,0,0,0,0,1,9,0,0,0,0,1,17,7,8,2,1,168,156,12,1,3,1,26,1,10,1,1,11,1,0,0,0,1,0,0,1,0,0,0,0,0,0,1,1,0,0,0,0,0,0,0,0,0,0,0.0,0.0,0.0,0,0,0,1,1,0,0,0,0,2,0,1,113,15,0,0,0,0,0,0,0,1.0,0.00024063300635554234,0.875,0.1840134754483559,0,,multi_full_20260502_195405_0001,2026-05-02T20:27:13.162280,https://www.apnic.net/about-apnic/service-updates/edge-switch-updates/,https://www.apnic.net/,False,https://www.apnic.net/about-apnic/service-updates/edge-switch-updates/,https://www.apnic.net/,https://www.apnic.net/about-apnic/service-updates/edge-switch-updates/,recon_page,2026-05-02T20:27:13.174064
94,1,3,0,0,0,0,1,0,13,0,net,200,2,70755,1077.277,0,0,19,1,cloudflare,0,html,0,0,0,1,7,1,1,1,1,1,1,2,1,2,0,0,0,0,0,0,0,0,1,9,0,0,0,0,1,17,7,8,2,1,168,156,12,1,3,1,26,1,10,1,1,11,1,0,0,0,1,0,0,1,0,0,0,0,0,0,1,1,0,0,0,0,0,0,0,0,0,0,0.0,0.0,0.0,0,0,0,1,1,0,0,0,0,2,0,1,113,15,0,0,0,0,0,0,0,1.0,0.00024026570560384424,0.875,0.18373259840293973,0,,multi_full_20260502_195405_0001,2026-05-02T20:27:14.268579,https://www.apnic.net/about-apnic/service-updates/public-announcement-network-address-updates/,https://www.apnic.net/,False,https://www.apnic.net/about-apnic/service-updates/public-announcement-network-address-updates/,https://www.apnic.net/,https://www.apnic.net/about-apnic/service-updates/public-announcement-network-address-updates/,recon_page,2026-05-02T20:27:14.275677
84,1,3,0,0,0,0,1,0,13,0,net,200,2,70620,930.183,0,0,19,1,cloudflare,0,html,0,0,0,1,7,1,1,1,1,1,1,2,1,2,0,0,0,0,0,0,0,0,1,9,0,0,0,0,1,17,7,8,2,1,168,156,12,1,3,1,26,1,10,1,1,11,1,0,0,0,1,0,0,1,0,0,0,0,0,0,1,1,0,0,0,0,0,0,0,0,0,0,0.0,0.0,0.0,0,0,0,1,1,0,0,0,0,2,0,1,113,15,0,0,0,0,0,0,0,1.0,0.00024072500708014727,0.875,0.184083828943642,0,,multi_full_20260502_195405_0001,2026-05-02T20:27:15.493348,https://www.apnic.net/about-apnic/service-updates/service-announcement-01-june-2023/,https://www.apnic.net/,False,https://www.apnic.net/about-apnic/service-updates/service-announcement-01-june-2023/,https://www.apnic.net/,https://www.apnic.net/about-apnic/service-updates/service-announcement-01-june-2023/,recon_page,2026-05-02T20:27:15.530570
84,1,3,0,0,0,0,1,0,13,0,net,200,2,70631,935.323,0,0,19,1,cloudflare,0,html,0,0,0,1,7,1,1,1,1,1,1,2,1,2,0,0,0,0,0,0,0,0,1,9,0,0,0,0,1,17,7,8,2,1,168,156,12,1,3,1,26,1,10,1,1,11,1,0,0,0,1,0,0,1,0,0,0,0,0,0,1,1,0,0,0,0,0,0,0,0,0,0,0.0,0.0,0.0,0,0,0,1,1,0,0,0,0,2,0,1,113,15,0,0,0,0,0,0,0,1.0,0.00024068751681273097,0.875,0.1840551599156178,0,,multi_full_20260502_195405_0001,2026-05-02T20:27:35.292988,https://www.apnic.net/about-apnic/service-updates/service-announcement-09-june-2021/,https://www.apnic.net/,False,https://www.apnic.net/about-apnic/service-updates/service-announcement-09-june-2021/,https://www.apnic.net/,https://www.apnic.net/about-apnic/service-updates/service-announcement-09-june-2021/,recon_page,2026-05-02T20:27:35.329519
84,1,3,0,0,0,0,1,0,13,0,net,200,2,70957,872.845,0,0,19,1,cloudflare,0,html,0,0,0,1,7,1,1,1,1,1,1,2,1,2,0,0,0,0,0,0,0,0,1,9,0,0,0,0,1,17,7,8,2,1,168,156,12,1,3,1,26,1,10,1,1,11,1,0,0,0,1,0,0,1,0,0,0,0,0,0,1,1,0,0,0,0,0,0,0,0,0,0,0.0,0.0,0.0,0,0,0,1,1,0,0,0,0,2,0,1,113,15,0,0,0,0,0,0,0,1.0,0.0002395817185055738,0.875,0.1832095494454388,0,,multi_full_20260502_195405_0001,2026-05-02T20:27:35.646743,https://www.apnic.net/about-apnic/service-updates/service-announcement-31-july-2009/,https://www.apnic.net/,False,https://www.apnic.net/about-apnic/service-updates/service-announcement-31-july-2009/,https://www.apnic.net/,https://www.apnic.net/about-apnic/service-updates/service-announcement-31-july-2009/,recon_page,2026-05-02T20:27:35.655364
93,1,3,0,0,0,0,1,0,13,0,net,200,2,70757,964.662,0,0,19,1,cloudflare,0,html,0,0,0,1,7,1,1,1,1,1,1,2,1,2,0,0,0,0,0,0,0,0,1,9,0,0,0,0,1,17,7,8,2,1,168,156,12,1,3,1,26,1,10,1,1,11,1,0,0,0,1,0,0,1,0,0,0,0,0,0,1,1,0,0,0,0,0,0,0,0,0,0,0.0,0.0,0.0,0,0,0,1,1,0,0,0,0,2,0,1,113,15,0,0,0,0,0,0,0,1.0,0.00024025891431236486,0.875,0.18372740506239665,0,,multi_full_20260502_195405_0001,2026-05-02T20:27:36.085802,https://www.apnic.net/about-apnic/service-updates/network-address-update-for-community-sites/,https://www.apnic.net/,False,https://www.apnic.net/about-apnic/service-updates/network-address-update-for-community-sites/,https://www.apnic.net/,https://www.apnic.net/about-apnic/service-updates/network-address-update-for-community-sites/,recon_page,2026-05-02T20:27:36.097039
87,1,3,0,0,0,0,1,0,13,0,net,200,2,70814,1004.123,0,0,19,1,cloudflare,0,html,0,0,0,1,7,1,1,1,1,1,1,2,1,2,0,0,0,0,0,0,0,0,1,9,0,0,0,0,1,17,7,8,2,1,168,156,12,1,3,1,26,1,10,1,1,11,1,0,0,0,1,0,0,1,0,0,0,0,0,0,1,1,0,0,0,0,0,0,0,0,0,0,0.0,0.0,0.0,0,0,0,1,1,0,0,0,0,2,0,1,113,15,0,0,0,0,0,0,0,1.0,0.00024006552376648686,0.875,0.18357951817437232,0,,multi_full_20260502_195405_0001,2026-05-02T20:27:38.964335,https://www.apnic.net/about-apnic/service-updates/service-announcement-15-january-2026/,https://www.apnic.net/,False,https://www.apnic.net/about-apnic/service-updates/service-announcement-15-january-2026/,https://www.apnic.net/,https://www.apnic.net/about-apnic/service-updates/service-announcement-15-january-2026/,recon_page,2026-05-02T20:27:38.969912
83,1,3,0,0,0,0,1,0,13,0,net,200,2,70900,861.629,0,0,19,1,cloudflare,0,html,0,0,0,1,7,1,1,1,1,1,1,2,1,2,0,0,0,0,0,0,0,0,1,9,0,0,0,0,1,17,7,8,2,1,168,156,12,1,3,1,26,1,10,1,1,11,1,0,0,0,1,0,0,1,0,0,0,1,0,0,1,1,0,0,0,0,0,0,0,0,0,0,0.0,0.0,0.0,0,0,0,1,1,0,0,0,0,2,0,1,113,15,0,0,0,0,0,0,0,1.0,0.0002397743300423131,0.875,0.18335684062059238,0,,multi_full_20260502_195405_0001,2026-05-02T20:27:38.963228,https://www.apnic.net/about-apnic/service-updates/service-announcement-6-july-2017/,https://www.apnic.net/,False,https://www.apnic.net/about-apnic/service-updates/service-announcement-6-july-2017/,https://www.apnic.net/,https://www.apnic.net/about-apnic/service-updates/service-announcement-6-july-2017/,recon_page,2026-05-02T20:27:38.971471
84,1,3,0,0,0,0,1,0,13,0,net,200,2,70604,915.18,0,0,19,1,cloudflare,0,html,0,0,0,1,7,1,1,1,1,1,1,2,1,2,0,0,0,0,0,0,0,0,1,9,0,0,0,0,1,17,7,8,2,1,168,156,12,1,3,1,26,1,10,1,1,11,1,0,0,0,1,0,0,1,0,0,0,0,0,0,1,1,0,0,0,0,0,0,0,0,0,0,0.0,0.0,0.0,0,0,0,1,1,0,0,0,0,2,0,1,113,15,0,0,0,0,0,0,0,1.0,0.00024077955923177156,0.875,0.18412554529488415,0,,multi_full_20260502_195405_0001,2026-05-02T20:27:39.442420,https://www.apnic.net/about-apnic/service-updates/service-announcement-10-june-2021/,https://www.apnic.net/,False,https://www.apnic.net/about-apnic/service-updates/service-announcement-10-june-2021/,https://www.apnic.net/,https://www.apnic.net/about-apnic/service-updates/service-announcement-10-june-2021/,recon_page,2026-05-02T20:27:39.451092
88,1,3,0,0,0,0,1,0,13,0,net,200,2,70813,1492.363,0,0,19,1,cloudflare,0,html,0,0,0,1,7,1,1,1,1,1,1,2,1,2,0,0,0,0,0,0,0,0,1,9,0,0,0,0,1,17,7,8,2,1,168,156,12,1,3,1,26,1,10,1,1,11,1,0,0,0,1,0,0,1,0,0,0,0,0,0,1,1,0,0,0,0,0,0,0,0,0,0,0.0,0.0,0.0,0,0,0,1,1,0,0,0,0,2,0,1,113,15,0,0,0,0,0,0,0,1.0,0.00024006891389999013,0.875,0.1835821106294042,0,,multi_full_20260502_195405_0001,2026-05-02T20:27:40.699247,https://www.apnic.net/about-apnic/service-updates/service-announcement-10-february-2016/,https://www.apnic.net/,False,https://www.apnic.net/about-apnic/service-updates/service-announcement-10-february-2016/,https://www.apnic.net/,https://www.apnic.net/about-apnic/service-updates/service-announcement-10-february-2016/,recon_page,2026-05-02T20:27:40.704881
87,1,3,0,0,0,0,1,0,13,0,net,200,2,70790,1069.063,0,0,19,1,cloudflare,0,html,0,0,0,1,7,1,1,1,1,1,1,2,1,2,0,0,0,0,0,0,0,0,1,9,0,0,0,0,1,17,7,8,2,1,168,156,12,1,3,1,26,1,10,1,1,11,1,0,0,0,1,0,0,1,0,0,0,0,0,0,1,1,0,0,0,0,0,0,0,0,0,0,0.0,0.0,0.0,0,0,0,1,1,0,0,0,0,2,0,1,113,15,0,0,0,0,0,0,0,1.0,0.00024014691340584827,0.875,0.18364175731035456,0,,multi_full_20260502_195405_0001,2026-05-02T20:28:02.613177,https://www.apnic.net/about-apnic/service-updates/service-announcement-07-october-2020/,https://www.apnic.net/,False,https://www.apnic.net/about-apnic/service-updates/service-announcement-07-october-2020/,https://www.apnic.net/,https://www.apnic.net/about-apnic/service-updates/service-announcement-07-october-2020/,recon_page,2026-05-02T20:28:02.616640
86,1,3,0,0,0,0,1,0,13,0,net,200,2,70722,1743.73,0,0,19,1,cloudflare,0,html,0,0,0,1,7,1,1,1,1,1,1,2,1,2,0,0,0,0,0,0,0,0,1,9,0,0,0,0,1,17,7,8,2,1,168,156,12,1,3,1,26,1,10,1,1,11,1,0,0,0,1,0,0,1,0,0,0,0,0,0,1,1,0,0,0,0,0,0,0,0,0,0,0.0,0.0,0.0,0,0,0,1,1,0,0,0,0,2,0,1,113,15,0,0,0,0,0,0,0,1.0,0.00024037781736941828,0.875,0.18381833092955518,0,,multi_full_20260502_195405_0001,2026-05-02T20:28:04.786276,https://www.apnic.net/about-apnic/service-updates/service-announcement-30-august-2018/,https://www.apnic.net/,False,https://www.apnic.net/about-apnic/service-updates/service-announcement-30-august-2018/,https://www.apnic.net/,https://www.apnic.net/about-apnic/service-updates/service-announcement-30-august-2018/,recon_page,2026-05-02T20:28:04.793102
86,1,3,0,0,0,0,1,0,13,0,net,200,2,70839,1069.812,0,0,19,1,cloudflare,0,html,0,0,0,1,7,1,1,1,1,1,1,2,1,2,0,0,0,0,0,0,0,0,1,9,0,0,0,0,1,17,7,8,2,1,168,156,12,1,3,1,26,1,10,1,1,11,1,0,0,0,1,0,0,1,0,0,0,0,0,0,1,1,0,0,0,0,0,0,0,0,0,0,0.0,0.0,0.0,0,0,0,1,1,0,0,0,0,2,0,1,113,15,0,0,0,0,0,0,0,1.0,0.00023998080153587713,0.875,0.18351473058625897,0,,multi_full_20260502_195405_0001,2026-05-02T20:28:29.353286,https://www.apnic.net/about-apnic/service-updates/service-announcement-8-january-2025/,https://www.apnic.net/,False,https://www.apnic.net/about-apnic/service-updates/service-announcement-8-january-2025/,https://www.apnic.net/,https://www.apnic.net/about-apnic/service-updates/service-announcement-8-january-2025/,recon_page,2026-05-02T20:28:29.389757
87,1,3,0,0,0,0,1,0,13,0,net,200,2,70700,1055.711,0,0,19,1,cloudflare,0,html,0,0,0,1,7,1,1,1,1,1,1,2,1,2,0,0,0,0,0,0,0,0,1,9,0,0,0,0,1,17,7,8,2,1,168,156,12,1,3,1,26,1,10,1,1,11,1,0,0,0,1,0,0,1,0,0,0,0,0,0,1,1,0,0,0,0,0,0,0,0,0,0,0.0,0.0,0.0,0,0,0,1,1,0,0,0,0,2,0,1,113,15,0,0,0,0,0,0,0,1.0,0.00024045261669024045,0.875,0.18387553041018387,0,,multi_full_20260502_195405_0001,2026-05-02T20:28:30.927893,https://www.apnic.net/about-apnic/service-updates/service-announcement-06-january-2024/,https://www.apnic.net/,False,https://www.apnic.net/about-apnic/service-updates/service-announcement-06-january-2024/,https://www.apnic.net/,https://www.apnic.net/about-apnic/service-updates/service-announcement-06-january-2024/,recon_page,2026-05-02T20:28:30.934775
78,1,3,0,0,0,0,1,0,13,0,net,200,2,70619,900.764,0,0,19,1,cloudflare,0,html,0,0,0,1,7,1,1,1,1,1,1,2,1,2,0,0,0,0,0,0,0,0,1,9,0,0,0,0,1,17,7,8,2,1,168,156,12,1,3,1,26,1,10,1,1,11,1,0,0,0,1,0,0,1,0,0,0,1,0,0,1,1,0,0,0,0,0,0,0,0,0,0,0.0,0.0,0.0,0,0,0,1,1,0,0,0,0,2,0,1,113,15,0,0,0,0,0,0,0,1.0,0.00024072841586541866,0.875,0.18408643566179073,0,,multi_full_20260502_195405_0001,2026-05-02T20:28:31.412665,https://www.apnic.net/about-apnic/service-updates/service-announcement-25-oct/,https://www.apnic.net/,False,https://www.apnic.net/about-apnic/service-updates/service-announcement-25-oct/,https://www.apnic.net/,https://www.apnic.net/about-apnic/service-updates/service-announcement-25-oct/,recon_page,2026-05-02T20:28:31.424363
87,1,3,0,0,0,0,1,0,13,0,net,200,2,70877,953.385,0,0,19,1,cloudflare,0,html,0,0,0,1,7,1,1,1,1,1,1,2,1,2,0,0,0,0,0,0,0,0,1,9,0,0,0,0,1,17,7,8,2,1,168,156,12,1,3,1,26,1,10,1,1,11,1,0,0,0,1,0,0,1,0,0,0,0,0,0,1,1,0,0,0,0,0,0,0,0,0,0,0.0,0.0,0.0,0,0,0,1,1,0,0,0,0,2,0,1,113,15,0,0,0,0,0,0,0,1.0,0.00023985213821126742,0.875,0.18341634098508686,0,,multi_full_20260502_195405_0001,2026-05-02T20:28:49.622098,https://www.apnic.net/about-apnic/service-updates/service-announcement-7-november-2025/,https://www.apnic.net/,False,https://www.apnic.net/about-apnic/service-updates/service-announcement-7-november-2025/,https://www.apnic.net/,https://www.apnic.net/about-apnic/service-updates/service-announcement-7-november-2025/,recon_page,2026-05-02T20:28:49.659997
84,1,3,0,0,0,0,1,0,13,0,net,200,2,70551,888.74,0,0,19,1,cloudflare,0,html,0,0,0,1,7,1,1,1,1,1,1,2,1,2,0,0,0,0,0,0,0,0,1,9,0,0,0,0,1,17,7,8,2,1,168,156,12,1,3,1,26,1,10,1,1,11,1,0,0,0,1,0,0,1,0,0,0,0,0,0,1,1,0,0,0,0,0,0,0,0,0,0,0.0,0.0,0.0,0,0,0,1,1,0,0,0,0,2,0,1,113,15,0,0,0,0,0,0,0,1.0,0.0002409604399654151,0.875,0.18426386585590565,0,,multi_full_20260502_195405_0001,2026-05-02T20:28:50.364975,https://www.apnic.net/about-apnic/service-updates/service-announcement-9-april-2013/,https://www.apnic.net/,False,https://www.apnic.net/about-apnic/service-updates/service-announcement-9-april-2013/,https://www.apnic.net/,https://www.apnic.net/about-apnic/service-updates/service-announcement-9-april-2013/,recon_page,2026-05-02T20:28:50.373476
85,1,3,0,0,0,0,1,0,13,0,net,200,2,70570,1468.7440000000001,0,0,19,1,cloudflare,0,html,0,0,0,1,7,1,1,1,1,1,1,2,1,2,0,0,0,0,0,0,0,0,1,9,0,0,0,0,1,17,7,8,2,1,168,156,12,1,3,1,26,1,10,1,1,11,1,0,0,0,1,0,0,1,0,0,0,0,0,0,1,1,0,0,0,0,0,0,0,0,0,0,0.0,0.0,0.0,0,0,0,1,1,0,0,0,0,2,0,1,113,15,0,0,0,0,0,0,0,1.0,0.00024089556468754429,0.875,0.18421425534929858,0,,multi_full_20260502_195405_0001,2026-05-02T20:28:51.280071,https://www.apnic.net/about-apnic/service-updates/service-announcement-11-march-2026/,https://www.apnic.net/,False,https://www.apnic.net/about-apnic/service-updates/service-announcement-11-march-2026/,https://www.apnic.net/,https://www.apnic.net/about-apnic/service-updates/service-announcement-11-march-2026/,recon_page,2026-05-02T20:28:51.290840
84,1,3,0,0,0,0,1,0,13,0,net,200,2,70822,808.643,0,0,19,1,cloudflare,0,html,0,0,0,1,7,1,1,1,1,1,1,2,1,2,0,0,0,0,0,0,0,0,1,9,0,0,0,0,1,17,7,8,2,1,168,156,12,1,3,1,26,1,10,1,1,11,1,0,0,0,1,0,0,1,0,0,0,0,0,0,1,1,0,0,0,0,0,0,0,0,0,0,0.0,0.0,0.0,0,0,0,1,1,0,0,0,0,2,0,1,113,15,0,0,0,0,0,0,0,1.0,0.00024003840614498319,0.875,0.183558781169693,0,,multi_full_20260502_195405_0001,2026-05-02T20:28:53.228796,https://www.apnic.net/about-apnic/service-updates/service-announcement-29-june-2017/,https://www.apnic.net/,False,https://www.apnic.net/about-apnic/service-updates/service-announcement-29-june-2017/,https://www.apnic.net/,https://www.apnic.net/about-apnic/service-updates/service-announcement-29-june-2017/,recon_page,2026-05-02T20:28:53.236780
86,1,3,0,0,0,0,1,0,13,0,net,200,2,70721,1031.733,0,0,19,1,cloudflare,0,html,0,0,0,1,7,1,1,1,1,1,1,2,1,2,0,0,0,0,0,0,0,0,1,9,0,0,0,0,1,17,7,8,2,1,168,156,12,1,3,1,26,1,10,1,1,11,1,0,0,0,1,0,0,1,0,0,0,0,0,0,1,1,0,0,0,0,0,0,0,0,0,0,0.0,0.0,0.0,0,0,0,1,1,0,0,0,0,2,0,1,113,15,0,0,0,0,0,0,0,1.0,0.00024038121632895463,0.875,0.18382093013390646,0,,multi_full_20260502_195405_0001,2026-05-02T20:28:53.578206,https://www.apnic.net/about-apnic/service-updates/service-announcement-18-august-2015/,https://www.apnic.net/,False,https://www.apnic.net/about-apnic/service-updates/service-announcement-18-august-2015/,https://www.apnic.net/,https://www.apnic.net/about-apnic/service-updates/service-announcement-18-august-2015/,recon_page,2026-05-02T20:28:53.590810
87,1,3,0,0,0,0,1,0,13,0,net,200,2,70844,979.996,0,0,19,1,cloudflare,0,html,0,0,0,1,7,1,1,1,1,1,1,2,1,2,0,0,0,0,0,0,0,0,1,9,0,0,0,0,1,17,7,8,2,1,168,156,12,1,3,1,26,1,10,1,1,11,1,0,0,0,1,0,0,1,0,0,0,0,0,0,1,1,0,0,0,0,0,0,0,0,0,0,0.0,0.0,0.0,0,0,0,1,1,0,0,0,0,2,0,1,113,15,0,0,0,0,0,0,0,1.0,0.00023996386426514596,0.875,0.18350177855569985,0,,multi_full_20260502_195405_0001,2026-05-02T20:28:53.922314,https://www.apnic.net/about-apnic/service-updates/service-announcement-29-october-2025/,https://www.apnic.net/,False,https://www.apnic.net/about-apnic/service-updates/service-announcement-29-october-2025/,https://www.apnic.net/,https://www.apnic.net/about-apnic/service-updates/service-announcement-29-october-2025/,recon_page,2026-05-02T20:28:53.963932
87,1,3,0,0,0,0,1,0,13,0,net,200,2,70733,1131.686,0,0,19,1,cloudflare,0,html,0,0,0,1,7,1,1,1,1,1,1,2,1,2,0,0,0,0,0,0,0,0,1,9,0,0,0,0,1,17,7,8,2,1,168,156,12,1,3,1,26,1,10,1,1,11,1,0,0,0,1,0,0,1,0,0,0,0,0,0,1,1,0,0,0,0,0,0,0,0,0,0,0.0,0.0,0.0,0,0,0,1,1,0,0,0,0,2,0,1,113,15,0,0,0,0,0,0,0,1.0,0.00024034043515756435,0.875,0.18378974453225508,0,,multi_full_20260502_195405_0001,2026-05-02T20:28:54.995643,https://www.apnic.net/about-apnic/service-updates/service-announcement-15-october-2015/,https://www.apnic.net/,False,https://www.apnic.net/about-apnic/service-updates/service-announcement-15-october-2015/,https://www.apnic.net/,https://www.apnic.net/about-apnic/service-updates/service-announcement-15-october-2015/,recon_page,2026-05-02T20:28:55.002805
84,1,3,0,0,0,0,1,0,13,0,net,200,2,71413,902.27,0,0,19,1,cloudflare,0,html,0,0,0,1,7,1,1,1,1,1,1,2,1,2,0,0,0,0,0,0,0,0,1,9,0,0,0,0,1,17,7,8,2,1,168,156,12,1,3,1,26,1,10,1,1,11,1,0,0,0,1,0,0,1,0,0,0,0,0,0,1,1,0,0,0,0,0,0,0,0,0,0,0.0,0.0,0.0,0,0,0,1,1,0,0,0,0,2,0,1,113,15,0,0,0,0,0,0,0,1.0,0.00023805189531317828,0.875,0.18203968465125397,0,,multi_full_20260502_195405_0001,2026-05-02T20:29:16.478670,https://www.apnic.net/about-apnic/service-updates/scheduled-maintenance-in-november/,https://www.apnic.net/,False,https://www.apnic.net/about-apnic/service-updates/scheduled-maintenance-in-november/,https://www.apnic.net/,https://www.apnic.net/about-apnic/service-updates/scheduled-maintenance-in-november/,recon_page,2026-05-02T20:29:16.486396
87,1,3,0,0,0,0,1,0,13,0,net,200,2,70784,996.403,0,0,19,1,cloudflare,0,html,0,0,0,1,7,1,1,1,1,1,1,2,1,2,0,0,0,0,0,0,0,0,1,9,0,0,0,0,1,17,7,8,2,1,168,156,12,1,3,1,26,1,10,1,1,11,1,0,0,0,1,0,0,1,0,0,0,0,0,0,1,1,0,0,0,0,0,0,0,0,0,0,0.0,0.0,0.0,0,0,0,1,1,0,0,0,0,2,0,1,113,15,0,0,0,0,0,0,0,1.0,0.00024016726943942133,0.875,0.18365732368896925,0,,multi_full_20260502_195405_0001,2026-05-02T20:29:19.401904,https://www.apnic.net/about-apnic/service-updates/service-announcement-28-october-2020/,https://www.apnic.net/,False,https://www.apnic.net/about-apnic/service-updates/service-announcement-28-october-2020/,https://www.apnic.net/,https://www.apnic.net/about-apnic/service-updates/service-announcement-28-october-2020/,recon_page,2026-05-02T20:29:19.415572
95,1,3,0,0,0,0,1,0,13,0,net,200,2,70728,1992.326,0,0,19,1,cloudflare,0,html,0,0,0,1,7,1,1,1,1,1,1,2,1,2,0,0,0,0,0,0,0,0,1,9,0,0,0,0,1,17,7,8,2,1,168,156,12,1,3,1,26,1,10,1,1,11,1,0,0,0,1,0,0,1,0,0,0,0,0,0,1,1,0,0,0,0,0,0,0,0,0,0,0.0,0.0,0.0,0,0,0,1,1,0,0,0,0,2,0,1,113,15,0,0,0,0,0,0,0,1.0,0.00024035742563058478,0.875,0.18380273724691779,0,,multi_full_20260502_195405_0001,2026-05-02T20:29:41.294556,https://www.apnic.net/about-apnic/service-updates/service-announcement-network-address-updates/,https://www.apnic.net/,False,https://www.apnic.net/about-apnic/service-updates/service-announcement-network-address-updates/,https://www.apnic.net/,https://www.apnic.net/about-apnic/service-updates/service-announcement-network-address-updates/,recon_page,2026-05-02T20:29:41.337529
94,1,3,0,0,0,0,1,0,13,0,net,200,2,70797,998.223,0,0,19,1,cloudflare,0,html,0,0,0,1,7,1,1,1,1,1,1,2,1,2,0,0,0,0,0,0,0,0,1,9,0,0,0,0,1,17,7,8,2,1,168,156,12,1,3,1,26,1,10,1,1,11,1,0,0,0,1,0,0,1,0,0,0,0,0,0,1,1,0,0,0,0,0,0,0,0,0,0,0.0,0.0,0.0,0,0,0,1,1,0,0,0,0,2,0,1,113,15,0,0,0,0,0,0,0,1.0,0.0002401231690608359,0.875,0.183623599870051,0,,multi_full_20260502_195405_0001,2026-05-02T20:29:41.560170,https://www.apnic.net/about-apnic/service-updates/service-announcement-monday-30-january-2022/,https://www.apnic.net/,False,https://www.apnic.net/about-apnic/service-updates/service-announcement-monday-30-january-2022/,https://www.apnic.net/,https://www.apnic.net/about-apnic/service-updates/service-announcement-monday-30-january-2022/,recon_page,2026-05-02T20:29:41.608782
87,1,3,0,0,0,0,1,0,13,0,net,200,2,70652,1381.795,0,0,19,1,cloudflare,0,html,0,0,0,1,7,1,1,1,1,1,1,2,1,2,0,0,0,0,0,0,0,0,1,9,0,0,0,0,1,17,7,8,2,1,168,156,12,1,3,1,26,1,10,1,1,11,1,0,0,0,1,0,0,1,0,0,0,0,0,0,1,1,0,0,0,0,0,0,0,0,0,0,0.0,0.0,0.0,0,0,0,1,1,0,0,0,0,2,0,1,113,15,0,0,0,0,0,0,0,1.0,0.00024061597690086623,0.875,0.18400045292419182,0,,multi_full_20260502_195405_0001,2026-05-02T20:29:42.702334,https://www.apnic.net/about-apnic/service-updates/service-announcement-31-january-2020/,https://www.apnic.net/,False,https://www.apnic.net/about-apnic/service-updates/service-announcement-31-january-2020/,https://www.apnic.net/,https://www.apnic.net/about-apnic/service-updates/service-announcement-31-january-2020/,recon_page,2026-05-02T20:29:42.717389
85,1,3,0,0,0,0,1,0,13,0,net,200,2,70536,1204.473,0,0,19,1,cloudflare,0,html,0,0,0,1,7,1,1,1,1,1,1,2,1,2,0,0,0,0,0,0,0,0,1,9,0,0,0,0,1,17,7,8,2,1,168,156,12,1,3,1,26,1,10,1,1,11,1,0,0,0,1,0,0,1,0,0,0,0,0,0,1,1,0,0,0,0,0,0,0,0,0,0,0.0,0.0,0.0,0,0,0,1,1,0,0,0,0,2,0,1,113,15,0,0,0,0,0,0,0,1.0,0.00024101168197799704,0.875,0.18430305092435068,0,,multi_full_20260502_195405_0001,2026-05-02T20:29:58.581531,https://www.apnic.net/about-apnic/service-updates/service-announcement-4-august-2020/,https://www.apnic.net/,False,https://www.apnic.net/about-apnic/service-updates/service-announcement-4-august-2020/,https://www.apnic.net/,https://www.apnic.net/about-apnic/service-updates/service-announcement-4-august-2020/,recon_page,2026-05-02T20:29:58.590946
85,1,3,0,0,0,0,1,0,13,0,net,200,2,70585,1579.715,0,0,19,1,cloudflare,0,html,0,0,0,1,7,1,1,1,1,1,1,2,1,2,0,0,0,0,0,0,0,0,1,9,0,0,0,0,1,17,7,8,2,1,168,156,12,1,3,1,26,1,10,1,1,11,1,0,0,0,1,0,0,1,0,0,0,0,0,0,1,1,0,0,0,0,0,0,0,0,0,0,0.0,0.0,0.0,0,0,0,1,1,0,0,0,0,2,0,1,113,15,0,0,0,0,0,0,0,1.0,0.00024084437203371822,0.875,0.18417510802578455,0,,multi_full_20260502_195405_0001,2026-05-02T20:29:58.846739,https://www.apnic.net/about-apnic/service-updates/service-announcement-30-april-2013/,https://www.apnic.net/,False,https://www.apnic.net/about-apnic/service-updates/service-announcement-30-april-2013/,https://www.apnic.net/,https://www.apnic.net/about-apnic/service-updates/service-announcement-30-april-2013/,recon_page,2026-05-02T20:29:58.856635
88,1,3,0,0,0,0,1,0,13,0,net,200,2,70769,1029.434,0,0,19,1,cloudflare,0,html,0,0,0,1,7,1,1,1,1,1,1,2,1,2,0,0,0,0,0,0,0,0,1,9,0,0,0,0,1,17,7,8,2,1,168,156,12,1,3,1,26,1,10,1,1,11,1,0,0,0,1,0,0,1,0,0,0,0,0,0,1,1,0,0,0,0,0,0,0,0,0,0,0.0,0.0,0.0,0,0,0,1,1,0,0,0,0,2,0,1,113,15,0,0,0,0,0,0,0,1.0,0.00024021817462448246,0.875,0.18369625118342775,0,,multi_full_20260502_195405_0001,2026-05-02T20:29:59.842368,https://www.apnic.net/about-apnic/service-updates/service-announcement-12-february-2025/,https://www.apnic.net/,False,https://www.apnic.net/about-apnic/service-updates/service-announcement-12-february-2025/,https://www.apnic.net/,https://www.apnic.net/about-apnic/service-updates/service-announcement-12-february-2025/,recon_page,2026-05-02T20:29:59.848163
84,1,3,0,0,0,0,1,0,13,0,net,200,2,70668,1172.764,0,0,19,1,cloudflare,0,html,0,0,0,1,7,1,1,1,1,1,1,2,1,2,0,0,0,0,0,0,0,0,1,9,0,0,0,0,1,17,7,8,2,1,168,156,12,1,3,1,26,1,10,1,1,11,1,0,0,0,1,0,0,1,0,0,0,0,0,0,1,1,0,0,0,0,0,0,0,0,0,0,0.0,0.0,0.0,0,0,0,1,1,0,0,0,0,2,0,1,113,15,0,0,0,0,0,0,0,1.0,0.00024056149883964453,0.875,0.1839587932303164,0,,multi_full_20260502_195405_0001,2026-05-02T20:30:02.316464,https://www.apnic.net/about-apnic/service-updates/service-announcement-24-july-2014/,https://www.apnic.net/,False,https://www.apnic.net/about-apnic/service-updates/service-announcement-24-july-2014/,https://www.apnic.net/,https://www.apnic.net/about-apnic/service-updates/service-announcement-24-july-2014/,recon_page,2026-05-02T20:30:02.341637
84,1,3,0,0,0,0,1,0,13,0,net,200,2,70572,1025.641,0,0,19,1,cloudflare,0,html,0,0,0,1,7,1,1,1,1,1,1,2,1,2,0,0,0,0,0,0,0,0,1,9,0,0,0,0,1,17,7,8,2,1,168,156,12,1,3,1,26,1,10,1,1,11,1,0,0,0,1,0,0,1,0,0,0,0,0,0,1,1,0,0,0,0,0,0,0,0,0,0,0.0,0.0,0.0,0,0,0,1,1,0,0,0,0,2,0,1,113,15,0,0,0,0,0,0,0,1.0,0.00024088873774301422,0.875,0.18420903474465794,0,,multi_full_20260502_195405_0001,2026-05-02T20:30:02.872655,https://www.apnic.net/about-apnic/service-updates/service-announcement-28-june-2018/,https://www.apnic.net/,False,https://www.apnic.net/about-apnic/service-updates/service-announcement-28-june-2018/,https://www.apnic.net/,https://www.apnic.net/about-apnic/service-updates/service-announcement-28-june-2018/,recon_page,2026-05-02T20:30:02.877876
88,1,3,0,0,0,0,1,0,13,0,net,200,2,70684,1159.73,0,0,19,1,cloudflare,0,html,0,0,0,1,7,1,1,1,1,1,1,2,1,2,0,0,0,0,0,0,0,0,1,9,0,0,0,0,1,17,7,8,2,1,168,156,12,1,3,1,26,1,10,1,1,11,1,0,0,0,1,0,0,1,0,0,0,0,0,0,1,1,0,0,0,0,0,0,0,0,0,0,0.0,0.0,0.0,0,0,0,1,1,0,0,0,0,2,0,1,113,15,0,0,0,0,0,0,0,1.0,0.00024050704544168413,0.875,0.183917152396582,0,,multi_full_20260502_195405_0001,2026-05-02T20:30:03.114877,https://www.apnic.net/about-apnic/service-updates/service-announcement-5-september-2023/,https://www.apnic.net/,False,https://www.apnic.net/about-apnic/service-updates/service-announcement-5-september-2023/,https://www.apnic.net/,https://www.apnic.net/about-apnic/service-updates/service-announcement-5-september-2023/,recon_page,2026-05-02T20:30:03.124653
90,1,3,0,0,0,0,1,0,13,0,net,200,2,70808,953.785,0,0,19,1,cloudflare,0,html,0,0,0,1,7,1,1,1,1,1,1,2,1,2,0,0,0,0,0,0,0,0,1,9,0,0,0,0,1,17,7,8,2,1,170,158,12,1,3,1,26,1,10,1,1,11,1,0,0,0,1,0,0,1,0,0,0,0,0,0,1,1,0,0,0,0,0,0,0,0,0,0,0.0,0.0,0.0,0,0,0,1,1,0,0,0,0,2,0,1,115,15,0,0,0,0,0,0,0,1.0,0.00024008586600384138,0.875,0.1835950740029375,0,,multi_full_20260502_195405_0001,2026-05-02T20:30:03.505127,https://www.apnic.net/about-apnic/service-updates/maintenance-rescheduled-1-december-2010/,https://www.apnic.net/,False,https://www.apnic.net/about-apnic/service-updates/maintenance-rescheduled-1-december-2010/,https://www.apnic.net/,https://www.apnic.net/about-apnic/service-updates/maintenance-rescheduled-1-december-2010/,recon_page,2026-05-02T20:30:03.512371
85,1,3,0,0,0,0,1,0,13,0,net,200,2,70738,1859.914,0,0,19,1,cloudflare,0,html,0,0,0,1,7,1,1,1,1,1,1,2,1,2,0,0,0,0,0,0,0,0,1,9,0,0,0,0,1,17,7,8,2,1,168,156,12,1,3,1,26,1,10,1,1,11,1,0,0,0,1,0,0,1,0,0,0,0,0,0,1,1,0,0,0,0,0,0,0,0,0,0,0.0,0.0,0.0,0,0,0,1,1,0,0,0,0,2,0,1,113,15,0,0,0,0,0,0,0,1.0,0.00024032344708643162,0.875,0.18377675365433008,0,,multi_full_20260502_195405_0001,2026-05-02T20:30:25.234599,https://www.apnic.net/about-apnic/service-updates/service-announcement-02-april-2026/,https://www.apnic.net/,False,https://www.apnic.net/about-apnic/service-updates/service-announcement-02-april-2026/,https://www.apnic.net/,https://www.apnic.net/about-apnic/service-updates/service-announcement-02-april-2026/,recon_page,2026-05-02T20:30:25.246776
88,1,3,0,0,0,0,1,0,13,0,net,200,2,70812,948.05,0,0,19,1,cloudflare,0,html,0,0,0,1,7,1,1,1,1,1,1,2,1,2,0,0,0,0,0,0,0,0,1,9,0,0,0,0,1,17,7,8,2,1,168,156,12,1,3,1,26,1,10,1,1,11,1,0,0,0,1,0,0,1,0,0,0,0,0,0,1,1,0,0,0,0,0,0,0,0,0,0,0.0,0.0,0.0,0,0,0,1,1,0,0,0,0,2,0,1,113,15,0,0,0,0,0,0,0,1.0,0.00024007230412924363,0.875,0.1835847031576569,0,,multi_full_20260502_195405_0001,2026-05-02T20:30:27.724549,https://www.apnic.net/about-apnic/service-updates/service-announcement-24-november-2022/,https://www.apnic.net/,False,https://www.apnic.net/about-apnic/service-updates/service-announcement-24-november-2022/,https://www.apnic.net/,https://www.apnic.net/about-apnic/service-updates/service-announcement-24-november-2022/,recon_page,2026-05-02T20:30:27.729234
83,1,3,0,0,0,0,1,0,13,0,net,200,2,70759,1059.333,0,0,19,1,cloudflare,0,html,0,0,0,1,7,1,1,1,1,1,1,2,1,2,0,0,0,0,0,0,0,0,1,9,0,0,0,0,1,17,7,8,2,1,168,156,12,1,3,1,26,1,10,1,1,11,1,0,0,0,1,0,0,1,0,0,0,0,0,0,1,1,0,0,0,0,0,0,0,0,0,0,0.0,0.0,0.0,0,0,0,1,1,0,0,0,0,2,0,1,113,15,0,0,0,0,0,0,0,1.0,0.00024025212340479657,0.875,0.18372221201543268,0,,multi_full_20260502_195405_0001,2026-05-02T20:30:51.280682,https://www.apnic.net/about-apnic/service-updates/service-announcement-29-may-2019/,https://www.apnic.net/,False,https://www.apnic.net/about-apnic/service-updates/service-announcement-29-may-2019/,https://www.apnic.net/,https://www.apnic.net/about-apnic/service-updates/service-announcement-29-may-2019/,recon_page,2026-05-02T20:30:51.292742
85,1,3,0,0,0,0,1,0,13,0,net,200,2,70812,920.999,0,0,19,1,cloudflare,0,html,0,0,0,1,7,1,1,1,1,1,1,2,1,2,0,0,0,0,0,0,0,0,1,9,0,0,0,0,1,17,7,8,2,1,168,156,12,1,3,1,26,1,10,1,1,11,1,0,0,0,1,0,0,1,0,0,0,0,0,0,1,1,0,0,0,0,0,0,0,0,0,0,0.0,0.0,0.0,0,0,0,1,1,0,0,0,0,2,0,1,113,15,0,0,0,0,0,0,0,1.0,0.00024007230412924363,0.875,0.1835847031576569,0,,multi_full_20260502_195405_0001,2026-05-02T20:30:51.597741,https://www.apnic.net/about-apnic/service-updates/service-announcement-24-april-2017/,https://www.apnic.net/,False,https://www.apnic.net/about-apnic/service-updates/service-announcement-24-april-2017/,https://www.apnic.net/,https://www.apnic.net/about-apnic/service-updates/service-announcement-24-april-2017/,recon_page,2026-05-02T20:30:51.604418
86,1,3,0,0,0,0,1,0,13,0,net,200,2,70641,1274.8319999999999,0,0,19,1,cloudflare,0,html,0,0,0,1,7,1,1,1,1,1,1,2,1,2,0,0,0,0,0,0,0,0,1,9,0,0,0,0,1,17,7,8,2,1,168,156,12,1,3,1,26,1,10,1,1,11,1,0,0,0,1,0,0,1,0,0,0,0,0,0,1,1,0,0,0,0,0,0,0,0,0,0,0.0,0.0,0.0,0,0,0,1,1,0,0,0,0,2,0,1,113,15,0,0,0,0,0,0,0,1.0,0.0002406534448832831,0.875,0.18402910491074587,0,,multi_full_20260502_195405_0001,2026-05-02T20:30:52.348604,https://www.apnic.net/about-apnic/service-updates/service-announcement-9-october-2013/,https://www.apnic.net/,False,https://www.apnic.net/about-apnic/service-updates/service-announcement-9-october-2013/,https://www.apnic.net/,https://www.apnic.net/about-apnic/service-updates/service-announcement-9-october-2013/,recon_page,2026-05-02T20:30:52.400211
88,1,3,0,0,0,0,1,0,13,0,net,200,2,70748,924.6560000000001,0,0,19,1,cloudflare,0,html,0,0,0,1,7,1,1,1,1,1,1,2,1,2,0,0,0,0,0,0,0,0,1,9,0,0,0,0,1,17,7,8,2,1,168,156,12,1,3,1,26,1,10,1,1,11,1,0,0,0,1,0,0,1,0,0,0,0,0,0,1,1,0,0,0,0,0,0,0,0,0,0,0.0,0.0,0.0,0,0,0,1,1,0,0,0,0,2,0,1,113,15,0,0,0,0,0,0,0,1.0,0.00024028947814779217,0.875,0.18375077740713516,0,,multi_full_20260502_195405_0001,2026-05-02T20:31:09.084638,https://www.apnic.net/about-apnic/service-updates/service-announcement-08-february-2024/,https://www.apnic.net/,False,https://www.apnic.net/about-apnic/service-updates/service-announcement-08-february-2024/,https://www.apnic.net/,https://www.apnic.net/about-apnic/service-updates/service-announcement-08-february-2024/,recon_page,2026-05-02T20:31:09.090282
78,1,3,0,0,0,0,1,0,13,0,net,200,2,70511,1145.976,0,0,19,1,cloudflare,0,html,0,0,0,1,7,1,1,1,1,1,1,2,1,2,0,0,0,0,0,0,0,0,1,9,0,0,0,0,1,17,7,8,2,1,168,156,12,1,3,1,26,1,10,1,1,11,1,0,0,0,1,0,0,1,0,0,0,0,0,0,1,1,0,0,0,0,0,0,0,0,0,0,0.0,0.0,0.0,0,0,0,1,1,0,0,0,0,2,0,1,113,15,0,0,0,0,0,0,0,1.0,0.00024109713378054487,0.875,0.1843683964204167,0,,multi_full_20260502_195405_0001,2026-05-02T20:31:10.415726,https://www.apnic.net/about-apnic/service-updates/service-announcement-30-oct/,https://www.apnic.net/,False,https://www.apnic.net/about-apnic/service-updates/service-announcement-30-oct/,https://www.apnic.net/,https://www.apnic.net/about-apnic/service-updates/service-announcement-30-oct/,recon_page,2026-05-02T20:31:10.422954
86,1,3,0,0,0,0,1,0,13,0,net,200,2,70685,1256.516,0,0,19,1,cloudflare,0,html,0,0,0,1,7,1,1,1,1,1,1,2,1,2,0,0,0,0,0,0,0,0,1,9,0,0,0,0,1,17,7,8,2,1,168,156,12,1,3,1,26,1,10,1,1,11,1,0,0,0,1,0,0,1,0,0,0,0,0,0,1,1,0,0,0,0,0,0,0,0,0,0,0.0,0.0,0.0,0,0,0,1,1,0,0,0,0,2,0,1,113,15,0,0,0,0,0,0,0,1.0,0.00024050364292282661,0.875,0.18391455047039681,0,,multi_full_20260502_195405_0001,2026-05-02T20:31:10.822182,https://www.apnic.net/about-apnic/service-updates/service-announcement-1-october-2013/,https://www.apnic.net/,False,https://www.apnic.net/about-apnic/service-updates/service-announcement-1-october-2013/,https://www.apnic.net/,https://www.apnic.net/about-apnic/service-updates/service-announcement-1-october-2013/,recon_page,2026-05-02T20:31:10.833438
84,1,3,0,0,0,0,1,0,13,0,net,200,2,70676,964.861,0,0,19,1,cloudflare,0,html,0,0,0,1,7,1,1,1,1,1,1,2,1,2,0,0,0,0,0,0,0,0,1,9,0,0,0,0,1,17,7,8,2,1,168,156,12,1,3,1,26,1,10,1,1,11,1,0,0,0,1,0,0,1,0,0,0,0,0,0,1,1,0,0,0,0,0,0,0,0,0,0,0.0,0.0,0.0,0,0,0,1,1,0,0,0,0,2,0,1,113,15,0,0,0,0,0,0,0,1.0,0.00024053426905880354,0.875,0.18393797045673213,0,,multi_full_20260502_195405_0001,2026-05-02T20:31:12.519474,https://www.apnic.net/about-apnic/service-updates/scheduled-maintenance-14-february/,https://www.apnic.net/,False,https://www.apnic.net/about-apnic/service-updates/scheduled-maintenance-14-february/,https://www.apnic.net/,https://www.apnic.net/about-apnic/service-updates/scheduled-maintenance-14-february/,recon_page,2026-05-02T20:31:12.553198
84,1,3,0,0,0,0,1,0,13,0,net,200,2,70591,1216.338,0,0,19,1,cloudflare,0,html,0,0,0,1,7,1,1,1,1,1,1,2,1,2,0,0,0,0,0,0,0,0,1,9,0,0,0,0,1,17,7,8,2,1,168,156,12,1,3,1,26,1,10,1,1,11,1,0,0,0,1,0,0,1,0,0,0,0,0,0,1,1,0,0,0,0,0,0,0,0,0,0,0.0,0.0,0.0,0,0,0,1,1,0,0,0,0,2,0,1,113,15,0,0,0,0,0,0,0,1.0,0.000240823901063875,0.875,0.18415945375472795,0,,multi_full_20260502_195405_0001,2026-05-02T20:31:13.792708,https://www.apnic.net/about-apnic/service-updates/service-announcement-17-july-2014/,https://www.apnic.net/,False,https://www.apnic.net/about-apnic/service-updates/service-announcement-17-july-2014/,https://www.apnic.net/,https://www.apnic.net/about-apnic/service-updates/service-announcement-17-july-2014/,recon_page,2026-05-02T20:31:13.800986
88,1,3,0,0,0,0,1,0,13,0,net,200,2,70666,1229.786,0,0,19,1,cloudflare,0,html,0,0,0,1,7,1,1,1,1,1,1,2,1,2,0,0,0,0,0,0,0,0,1,9,0,0,0,0,1,17,7,8,2,1,168,156,12,1,3,1,26,1,10,1,1,11,1,0,0,0,1,0,0,1,0,0,0,0,0,0,1,1,0,0,0,0,0,0,0,0,0,0,0.0,0.0,0.0,0,0,0,1,1,0,0,0,0,2,0,1,113,15,0,0,0,0,0,0,0,1.0,0.0002405683072481816,0.875,0.18396399966037416,0,,multi_full_20260502_195405_0001,2026-05-02T20:31:14.296936,https://www.apnic.net/about-apnic/service-updates/service-announcement-28-august-2018-2/,https://www.apnic.net/,False,https://www.apnic.net/about-apnic/service-updates/service-announcement-28-august-2018-2/,https://www.apnic.net/,https://www.apnic.net/about-apnic/service-updates/service-announcement-28-august-2018-2/,recon_page,2026-05-02T20:31:14.304855
70,1,3,0,0,0,0,1,0,13,0,net,200,2,70646,2699.047,0,0,19,1,cloudflare,0,html,0,0,0,1,7,1,1,1,1,1,1,2,1,2,0,0,0,0,0,0,0,0,1,9,0,0,0,0,1,17,7,8,2,1,168,156,12,1,3,1,26,1,10,1,1,11,1,0,0,0,1,0,0,1,0,0,0,0,0,0,1,1,0,0,0,0,0,0,0,0,0,0,0.0,0.0,0.0,0,0,0,1,1,0,0,0,0,2,0,1,113,15,0,0,0,0,0,0,0,1.0,0.0002406364125357416,0.875,0.1840160801743906,0,,multi_full_20260502_195405_0001,2026-05-02T20:31:15.265876,https://www.apnic.net/about-apnic/service-updates/core-router-updates/,https://www.apnic.net/,False,https://www.apnic.net/about-apnic/service-updates/core-router-updates/,https://www.apnic.net/,https://www.apnic.net/about-apnic/service-updates/core-router-updates/,recon_page,2026-05-02T20:31:15.271765
84,1,3,0,0,0,0,1,0,13,0,net,200,2,70480,932.452,0,0,19,1,cloudflare,0,html,0,0,0,1,7,1,1,1,1,1,1,2,1,2,0,0,0,0,0,0,0,0,1,9,0,0,0,0,1,17,7,8,2,1,168,156,12,1,3,1,26,1,10,1,1,11,1,0,0,0,1,0,0,1,0,0,0,0,0,0,1,1,0,0,0,0,0,0,0,0,0,0,0.0,0.0,0.0,0,0,0,1,1,0,0,0,0,2,0,1,113,15,0,0,0,0,0,0,0,1.0,0.00024120317820658342,0.875,0.18444948921679907,0,,multi_full_20260502_195405_0001,2026-05-02T20:31:36.869280,https://www.apnic.net/about-apnic/service-updates/service-announcement-13-june-2014/,https://www.apnic.net/,False,https://www.apnic.net/about-apnic/service-updates/service-announcement-13-june-2014/,https://www.apnic.net/,https://www.apnic.net/about-apnic/service-updates/service-announcement-13-june-2014/,recon_page,2026-05-02T20:31:36.874737
87,1,3,0,0,0,0,1,0,13,0,net,200,2,70988,859.998,0,0,19,1,cloudflare,0,html,0,0,0,1,7,1,1,1,1,1,1,2,1,2,0,0,0,0,0,0,0,0,1,9,0,0,0,0,1,17,7,8,2,1,168,156,12,1,3,1,26,1,10,1,1,11,1,0,0,0,1,0,0,1,0,0,0,0,0,0,1,1,0,0,0,0,0,0,0,0,0,0,0.0,0.0,0.0,0,0,0,1,1,0,0,0,0,2,0,1,113,15,0,0,0,0,0,0,0,1.0,0.0002394770947202344,0.875,0.18312954302135573,0,,multi_full_20260502_195405_0001,2026-05-02T20:31:39.013516,https://www.apnic.net/about-apnic/service-updates/service-announcement-02-october-2025/,https://www.apnic.net/,False,https://www.apnic.net/about-apnic/service-updates/service-announcement-02-october-2025/,https://www.apnic.net/,https://www.apnic.net/about-apnic/service-updates/service-announcement-02-october-2025/,recon_page,2026-05-02T20:31:39.020983
82,1,3,0,0,0,0,1,0,13,0,net,200,2,70486,1059.998,0,0,19,1,cloudflare,0,html,0,0,0,1,7,1,1,1,1,1,1,2,1,2,0,0,0,0,0,0,0,0,1,9,0,0,0,0,1,17,7,8,2,1,168,156,12,1,3,1,26,1,10,1,1,11,1,0,0,0,1,0,0,1,0,0,0,0,0,0,1,1,0,0,0,0,0,0,0,0,0,0,0.0,0.0,0.0,0,0,0,1,1,0,0,0,0,2,0,1,113,15,0,0,0,0,0,0,0,1.0,0.00024118264619924523,0.875,0.18443378827001106,0,,multi_full_20260502_195405_0001,2026-05-02T20:32:01.992532,https://www.apnic.net/about-apnic/service-updates/service-announcement-4-feb-2010/,https://www.apnic.net/,False,https://www.apnic.net/about-apnic/service-updates/service-announcement-4-feb-2010/,https://www.apnic.net/,https://www.apnic.net/about-apnic/service-updates/service-announcement-4-feb-2010/,recon_page,2026-05-02T20:32:02.004373
84,1,3,0,0,0,0,1,0,13,0,net,200,2,70700,1058.994,0,0,19,1,cloudflare,0,html,0,0,0,1,7,1,1,1,1,1,1,2,1,2,0,0,0,0,0,0,0,0,1,9,0,0,0,0,1,17,7,8,2,1,168,156,12,1,3,1,26,1,10,1,1,11,1,0,0,0,1,0,0,1,0,0,0,1,0,0,1,1,0,0,0,0,0,0,0,0,0,0,0.0,0.0,0.0,0,0,0,1,1,0,0,0,0,2,0,1,113,15,0,0,0,0,0,0,0,1.0,0.00024045261669024045,0.875,0.18387553041018387,0,,multi_full_20260502_195405_0001,2026-05-02T20:32:02.001624,https://www.apnic.net/about-apnic/service-updates/service-announcement-30-july-2019/,https://www.apnic.net/,False,https://www.apnic.net/about-apnic/service-updates/service-announcement-30-july-2019/,https://www.apnic.net/,https://www.apnic.net/about-apnic/service-updates/service-announcement-30-july-2019/,recon_page,2026-05-02T20:32:02.012645
87,1,3,0,0,0,0,1,0,13,0,net,200,2,70809,889.343,0,0,19,1,cloudflare,0,html,0,0,0,1,7,1,1,1,1,1,1,2,1,2,0,0,0,0,0,0,0,0,1,9,0,0,0,0,1,17,7,8,2,1,168,156,12,1,3,1,26,1,10,1,1,11,1,0,0,0,1,0,0,1,0,0,0,0,0,0,1,1,0,0,0,0,0,0,0,0,0,0,0.0,0.0,0.0,0,0,0,1,1,0,0,0,0,2,0,1,113,15,0,0,0,0,0,0,0,1.0,0.00024008247539154627,0.875,0.18359248118177068,0,,multi_full_20260502_195405_0001,2026-05-02T20:32:02.583764,https://www.apnic.net/about-apnic/service-updates/service-announcement-31-january-2022/,https://www.apnic.net/,False,https://www.apnic.net/about-apnic/service-updates/service-announcement-31-january-2022/,https://www.apnic.net/,https://www.apnic.net/about-apnic/service-updates/service-announcement-31-january-2022/,recon_page,2026-05-02T20:32:02.594405
125,1,4,1,2,0,0,1,0,13,0,net,403,4,2515,903.358,0,0,18,1,cloudflare,0,html,0,0,0,1,7,1,1,1,1,1,0,0,0,0,0,0,0,0,0,0,0,0,0,0,0,0,0,0,0,0,0,0,0,0,0,0,0,0,0,1,3,0,0,0,0,0,1,0,0,0,0,0,0,1,0,0,0,1,0,0,1,1,0,0,0,0,0,0,0,0,0,0,0.0,0.0,0.0,0,0,0,0,0,0,0,0,0,0,0,0,0,0,0,0,0,0,0,0,0,0.0,0.0,0.875,0.0,0,,multi_full_20260502_195405_0001,2026-05-02T20:32:18.830649,https://www.apnic.net/wp-json/oembed/1.0/embed/?url=https%3A%2F%2Fwww.apnic.net%2Fabout-apnic%2Fservice-updates%2F&format=xml,https://www.apnic.net/,False,https://www.apnic.net/wp-json/oembed/1.0/embed/?url=https%3A%2F%2Fwww.apnic.net%2Fabout-apnic%2Fservice-updates%2F&format=xml,https://www.apnic.net/,https://www.apnic.net/wp-json/oembed/1.0/embed/?url=https%3A%2F%2Fwww.apnic.net%2Fabout-apnic%2Fservice-updates%2F&format=xml,recon_page,2026-05-02T20:32:18.837075
80,1,3,0,0,0,0,1,0,13,0,net,200,2,71039,984.696,0,0,19,1,cloudflare,0,html,0,0,0,1,7,1,1,1,1,1,1,2,1,2,0,0,0,0,0,0,0,0,1,9,0,0,0,0,1,17,7,8,2,1,168,156,12,1,3,1,26,1,10,1,1,11,1,0,0,0,1,0,0,1,0,0,0,0,0,0,1,1,0,0,0,0,0,0,0,0,0,0,0.0,0.0,0.0,0,0,0,1,1,0,0,0,0,2,0,1,113,15,0,0,0,0,2,0,0,1.0,0.0002393051703993581,0.875,0.18299807148186206,0,,multi_full_20260502_195405_0001,2026-05-02T20:32:20.373610,https://www.apnic.net/about-apnic/service-updates/payment-service-maintenance-2/,https://www.apnic.net/,False,https://www.apnic.net/about-apnic/service-updates/payment-service-maintenance-2/,https://www.apnic.net/,https://www.apnic.net/about-apnic/service-updates/payment-service-maintenance-2/,recon_page,2026-05-02T20:32:20.379746
84,1,3,0,0,0,0,1,0,13,0,net,200,2,74434,919.6800000000001,0,0,19,1,cloudflare,0,html,0,0,0,1,7,1,1,1,1,1,1,2,1,2,0,0,0,0,0,0,0,0,1,9,0,0,0,0,1,17,7,8,2,1,168,156,12,1,3,1,26,1,10,1,1,11,1,0,0,0,1,0,0,1,0,0,0,0,0,0,1,1,0,0,0,0,0,0,0,0,0,0,0.0,0.0,0.0,0,0,0,1,1,0,0,0,0,2,0,1,113,15,0,0,0,0,0,0,0,1.0,0.00022839025176666578,0.875,0.17465136899803854,0,,multi_full_20260502_195405_0001,2026-05-02T20:32:20.369372,https://www.apnic.net/about-apnic/service-updates/service-announcement-29-july-2019/,https://www.apnic.net/,False,https://www.apnic.net/about-apnic/service-updates/service-announcement-29-july-2019/,https://www.apnic.net/,https://www.apnic.net/about-apnic/service-updates/service-announcement-29-july-2019/,recon_page,2026-05-02T20:32:20.379091
84,1,3,0,0,0,0,1,0,13,0,net,200,2,70777,901.875,0,0,19,1,cloudflare,0,html,0,0,0,1,7,1,1,1,1,1,1,2,1,2,0,0,0,0,0,0,0,0,1,9,0,0,0,0,1,17,7,8,2,1,168,156,12,1,3,1,26,1,10,1,1,11,1,0,0,0,1,0,0,1,0,0,0,0,0,0,1,1,0,0,0,0,0,0,0,0,0,0,0.0,0.0,0.0,0,0,0,1,1,0,0,0,0,2,0,1,113,15,0,0,0,0,0,0,0,1.0,0.0002401910225073117,0.875,0.18367548779970894,0,,multi_full_20260502_195405_0001,2026-05-02T20:32:21.659694,https://www.apnic.net/about-apnic/service-updates/service-announcement-5-april-2017/,https://www.apnic.net/,False,https://www.apnic.net/about-apnic/service-updates/service-announcement-5-april-2017/,https://www.apnic.net/,https://www.apnic.net/about-apnic/service-updates/service-announcement-5-april-2017/,recon_page,2026-05-02T20:32:21.665921
79,1,3,0,0,0,0,1,0,13,0,net,200,2,70582,1001.366,0,0,19,1,cloudflare,0,html,0,0,0,1,7,1,1,1,1,1,1,2,1,2,0,0,0,0,0,0,0,0,1,9,0,0,0,0,1,17,7,8,2,1,168,156,12,1,3,1,26,1,10,1,1,11,1,0,0,0,1,0,0,1,0,0,0,0,0,0,1,1,0,0,0,0,0,0,0,0,0,0,0.0,0.0,0.0,0,0,0,1,1,0,0,0,0,2,0,1,113,15,0,0,0,0,0,0,0,1.0,0.00024085460882377943,0.875,0.18418293615936077,0,,multi_full_20260502_195405_0001,2026-05-02T20:32:23.343827,https://www.apnic.net/about-apnic/service-updates/service-announcement-18-june/,https://www.apnic.net/,False,https://www.apnic.net/about-apnic/service-updates/service-announcement-18-june/,https://www.apnic.net/,https://www.apnic.net/about-apnic/service-updates/service-announcement-18-june/,recon_page,2026-05-02T20:32:23.348620
88,1,3,0,0,0,0,1,0,13,0,net,200,2,70679,925.7370000000001,0,0,19,1,cloudflare,0,html,0,0,0,1,7,1,1,1,1,1,1,2,1,2,0,0,0,0,0,0,0,0,1,9,0,0,0,0,1,17,7,8,2,1,168,156,12,1,3,1,26,1,10,1,1,11,1,0,0,0,1,0,0,1,0,0,0,0,0,0,1,1,0,0,0,0,0,0,0,0,0,0,0.0,0.0,0.0,0,0,0,1,1,0,0,0,0,2,0,1,113,15,0,0,0,0,0,0,0,1.0,0.00024052405948018506,0.875,0.18393016313190622,0,,multi_full_20260502_195405_0001,2026-05-02T20:32:23.778892,https://www.apnic.net/about-apnic/service-updates/network-address-update-for-ftp-server/,https://www.apnic.net/,False,https://www.apnic.net/about-apnic/service-updates/network-address-update-for-ftp-server/,https://www.apnic.net/,https://www.apnic.net/about-apnic/service-updates/network-address-update-for-ftp-server/,recon_page,2026-05-02T20:32:23.784617
84,1,3,0,0,0,0,1,0,13,0,net,200,2,70599,886.3539999999999,0,0,19,1,cloudflare,0,html,0,0,0,1,7,1,1,1,1,1,1,2,1,2,0,0,0,0,0,0,0,0,1,9,0,0,0,0,1,17,7,8,2,1,168,156,12,1,3,1,26,1,10,1,1,11,1,0,0,0,1,0,0,1,0,0,0,0,0,0,1,1,0,0,0,0,0,0,0,0,0,0,0.0,0.0,0.0,0,0,0,1,1,0,0,0,0,2,0,1,113,15,0,0,0,0,0,0,0,1.0,0.0002407966118500262,0.875,0.18413858553237297,0,,multi_full_20260502_195405_0001,2026-05-02T20:32:24.256436,https://www.apnic.net/about-apnic/service-updates/service-announcement-16-july-2014/,https://www.apnic.net/,False,https://www.apnic.net/about-apnic/service-updates/service-announcement-16-july-2014/,https://www.apnic.net/,https://www.apnic.net/about-apnic/service-updates/service-announcement-16-july-2014/,recon_page,2026-05-02T20:32:24.262798
87,1,3,0,0,0,0,1,0,13,0,net,200,2,70760,857.943,0,0,19,1,cloudflare,0,html,0,0,0,1,7,1,1,1,1,1,1,2,1,2,0,0,0,0,0,0,0,0,1,9,0,0,0,0,1,17,7,8,2,1,168,156,12,1,3,1,26,1,10,1,1,11,1,0,0,0,1,0,0,1,0,0,0,0,0,0,1,1,0,0,0,0,0,0,0,0,0,0,0.0,0.0,0.0,0,0,0,1,1,0,0,0,0,2,0,1,113,15,0,0,0,0,0,0,0,1.0,0.0002402487280949689,0.875,0.18371961560203504,0,,multi_full_20260502_195405_0001,2026-05-02T20:32:52.700277,https://www.apnic.net/about-apnic/service-updates/service-announcement-18-october-2025/,https://www.apnic.net/,False,https://www.apnic.net/about-apnic/service-updates/service-announcement-18-october-2025/,https://www.apnic.net/,https://www.apnic.net/about-apnic/service-updates/service-announcement-18-october-2025/,recon_page,2026-05-02T20:32:52.708153
107,1,3,0,0,0,0,1,0,13,0,net,200,2,70848,974.559,0,0,19,1,cloudflare,0,html,0,0,0,1,7,1,1,1,1,1,1,2,1,2,0,0,0,0,0,0,0,0,1,9,0,0,0,0,1,17,7,8,2,1,168,156,12,1,3,1,26,1,10,1,1,11,1,0,0,0,1,0,0,1,0,0,0,0,0,0,1,1,0,0,0,0,0,0,0,0,0,0,0.0,0.0,0.0,0,0,0,1,1,0,0,0,0,2,0,1,113,15,0,0,0,0,0,0,0,1.0,0.00023995031616982836,0.875,0.1834914182475158,0,,multi_full_20260502_195405_0001,2026-05-02T20:32:53.232260,https://www.apnic.net/about-apnic/service-updates/scheduled-maintenance-apnic-pki-service-02-november-2017/,https://www.apnic.net/,False,https://www.apnic.net/about-apnic/service-updates/scheduled-maintenance-apnic-pki-service-02-november-2017/,https://www.apnic.net/,https://www.apnic.net/about-apnic/service-updates/scheduled-maintenance-apnic-pki-service-02-november-2017/,recon_page,2026-05-02T20:32:53.259399
85,1,3,0,0,0,0,1,0,13,0,net,200,2,70803,887.048,0,0,19,1,cloudflare,0,html,0,0,0,1,7,1,1,1,1,1,1,2,1,2,0,0,0,0,0,0,0,0,1,9,0,0,0,0,1,17,7,8,2,1,168,156,12,1,3,1,26,1,10,1,1,11,1,0,0,0,1,0,0,1,0,0,0,0,0,0,1,1,0,0,0,0,0,0,0,0,0,0,0.0,0.0,0.0,0,0,0,1,1,0,0,0,0,2,0,1,113,15,0,0,0,0,0,0,0,1.0,0.00024010282050195613,0.875,0.18360803920737823,0,,multi_full_20260502_195405_0001,2026-05-02T20:32:53.420001,https://www.apnic.net/about-apnic/service-updates/service-announcement-18-march-2022/,https://www.apnic.net/,False,https://www.apnic.net/about-apnic/service-updates/service-announcement-18-march-2022/,https://www.apnic.net/,https://www.apnic.net/about-apnic/service-updates/service-announcement-18-march-2022/,recon_page,2026-05-02T20:32:53.426951
88,1,3,0,0,0,0,1,0,13,0,net,200,2,70916,903.796,0,0,19,1,cloudflare,0,html,0,0,0,1,7,1,1,1,1,1,1,2,1,2,0,0,0,0,0,0,0,0,1,9,0,0,0,0,1,17,7,8,2,1,168,156,12,1,3,1,26,1,10,1,1,11,1,0,0,0,1,0,0,1,0,0,0,0,0,0,1,1,0,0,0,0,0,0,0,0,0,0,0.0,0.0,0.0,0,0,0,1,1,0,0,0,0,2,0,1,113,15,0,0,0,0,0,0,0,1.0,0.0002397202323876135,0.875,0.1833154718258221,0,,multi_full_20260502_195405_0001,2026-05-02T20:33:15.393885,https://www.apnic.net/about-apnic/service-updates/service-announcement-23-december-2015/,https://www.apnic.net/,False,https://www.apnic.net/about-apnic/service-updates/service-announcement-23-december-2015/,https://www.apnic.net/,https://www.apnic.net/about-apnic/service-updates/service-announcement-23-december-2015/,recon_page,2026-05-02T20:33:15.414741
86,1,3,0,0,0,0,1,0,13,0,net,200,2,70817,892.555,0,0,19,1,cloudflare,0,html,0,0,0,1,7,1,1,1,1,1,1,2,1,2,0,0,0,0,0,0,0,0,1,9,0,0,0,0,1,17,7,8,2,1,168,156,12,1,3,1,26,1,10,1,1,11,1,0,0,0,1,0,0,1,0,0,0,0,0,0,1,1,0,0,0,0,0,0,0,0,0,0,0.0,0.0,0.0,0,0,0,1,1,0,0,0,0,2,0,1,113,15,0,0,0,0,0,0,0,1.0,0.00024005535394043803,0.875,0.18357174124857029,0,,multi_full_20260502_195405_0001,2026-05-02T20:33:15.699790,https://www.apnic.net/about-apnic/service-updates/service-announcement-5-october-2009/,https://www.apnic.net/,False,https://www.apnic.net/about-apnic/service-updates/service-announcement-5-october-2009/,https://www.apnic.net/,https://www.apnic.net/about-apnic/service-updates/service-announcement-5-october-2009/,recon_page,2026-05-02T20:33:15.704041
85,1,3,0,0,0,0,1,0,13,0,net,200,2,70886,1008.7779999999999,0,0,19,1,cloudflare,0,html,0,0,0,1,7,1,1,1,1,1,1,2,1,2,0,0,0,0,0,0,0,0,1,9,0,0,0,0,1,17,7,8,2,1,168,156,12,1,3,1,26,1,10,1,1,11,1,0,0,0,1,0,0,1,0,0,0,0,0,0,1,1,0,0,0,0,0,0,0,0,0,0,0.0,0.0,0.0,0,0,0,1,1,0,0,0,0,2,0,1,113,15,0,0,0,0,0,0,0,1.0,0.00023982168552323448,0.875,0.1833930536354146,0,,multi_full_20260502_195405_0001,2026-05-02T20:33:15.684963,https://www.apnic.net/about-apnic/service-updates/service-announcement-08-april-2024/,https://www.apnic.net/,False,https://www.apnic.net/about-apnic/service-updates/service-announcement-08-april-2024/,https://www.apnic.net/,https://www.apnic.net/about-apnic/service-updates/service-announcement-08-april-2024/,recon_page,2026-05-02T20:33:15.702206
66,1,3,0,0,0,0,1,0,13,0,net,200,2,71127,992.414,0,0,19,1,cloudflare,0,html,0,0,0,1,7,1,1,1,1,1,1,2,1,2,0,0,0,0,0,0,0,0,1,9,0,0,0,0,1,17,7,8,2,1,168,156,12,1,3,1,26,1,10,1,1,11,1,0,0,0,1,0,0,1,0,0,0,0,0,0,1,1,0,0,0,0,0,0,0,0,0,0,0.0,0.0,0.0,0,0,0,1,1,0,0,0,0,2,0,1,113,15,0,0,0,0,0,0,0,1.0,0.000239009096405022,0.875,0.18277166195678154,0,,multi_full_20260502_195405_0001,2026-05-02T20:33:36.313926,https://www.apnic.net/about-apnic/service-updates/ip6-arpa-outage/,https://www.apnic.net/,False,https://www.apnic.net/about-apnic/service-updates/ip6-arpa-outage/,https://www.apnic.net/,https://www.apnic.net/about-apnic/service-updates/ip6-arpa-outage/,recon_page,2026-05-02T20:33:36.322111
83,1,3,0,0,0,0,1,0,13,0,net,200,2,70639,878.2180000000001,0,0,19,1,cloudflare,0,html,0,0,0,1,7,1,1,1,1,1,1,2,1,2,0,0,0,0,0,0,0,0,1,9,0,0,0,0,1,17,7,8,2,1,168,156,12,1,3,1,26,1,10,1,1,11,1,0,0,0,1,0,0,1,0,0,0,0,0,0,1,1,0,0,0,0,0,0,0,0,0,0,0.0,0.0,0.0,0,0,0,1,1,0,0,0,0,2,0,1,113,15,0,0,0,0,0,0,0,1.0,0.0002406602584974306,0.875,0.18403431532156458,0,,multi_full_20260502_195405_0001,2026-05-02T20:33:37.412966,https://www.apnic.net/about-apnic/service-updates/myapnics-network-address-updates/,https://www.apnic.net/,False,https://www.apnic.net/about-apnic/service-updates/myapnics-network-address-updates/,https://www.apnic.net/,https://www.apnic.net/about-apnic/service-updates/myapnics-network-address-updates/,recon_page,2026-05-02T20:33:37.419830
88,1,3,0,0,0,0,1,0,13,0,net,200,2,70611,1056.8029999999999,0,0,19,1,cloudflare,0,html,0,0,0,1,7,1,1,1,1,1,1,2,1,2,0,0,0,0,0,0,0,0,1,9,0,0,0,0,1,17,7,8,2,1,168,156,12,1,3,1,26,1,10,1,1,11,1,0,0,0,1,0,0,1,0,0,0,0,0,0,1,1,0,0,0,0,0,0,0,0,0,0,0.0,0.0,0.0,0,0,0,1,1,0,0,0,0,2,0,1,113,15,0,0,0,0,0,0,0,1.0,0.00024075568962342978,0.875,0.1841072920649757,0,,multi_full_20260502_195405_0001,2026-05-02T20:33:37.678871,https://www.apnic.net/about-apnic/service-updates/service-announcement-06-december-2023/,https://www.apnic.net/,False,https://www.apnic.net/about-apnic/service-updates/service-announcement-06-december-2023/,https://www.apnic.net/,https://www.apnic.net/about-apnic/service-updates/service-announcement-06-december-2023/,recon_page,2026-05-02T20:33:37.686573
88,1,3,0,0,0,0,1,0,13,0,net,200,2,71245,1691.628,0,0,19,1,cloudflare,0,html,0,0,0,1,7,1,1,1,1,1,1,2,1,2,0,0,0,0,0,0,0,0,1,9,0,0,0,0,1,17,7,8,2,1,168,156,12,1,3,1,26,1,10,1,1,11,1,0,0,0,1,0,0,1,0,0,0,0,0,0,1,1,0,0,0,0,0,0,0,0,0,0,0.0,0.0,0.0,0,0,0,1,1,0,0,0,0,2,0,1,113,15,0,0,0,0,1,0,0,1.0,0.00023861323601656256,0.875,0.18246894518913606,0,,multi_full_20260502_195405_0001,2026-05-02T20:33:37.959979,https://www.apnic.net/about-apnic/service-updates/service-announcement-18-december-2024/,https://www.apnic.net/,False,https://www.apnic.net/about-apnic/service-updates/service-announcement-18-december-2024/,https://www.apnic.net/,https://www.apnic.net/about-apnic/service-updates/service-announcement-18-december-2024/,recon_page,2026-05-02T20:33:37.988327
84,1,3,0,0,0,0,1,0,13,0,net,200,2,71337,935.454,0,0,19,1,cloudflare,0,html,0,0,0,1,7,1,1,1,1,1,1,2,1,2,0,0,0,0,0,0,0,0,1,9,0,0,0,0,1,17,7,8,2,1,168,156,12,1,3,1,26,1,10,1,1,11,1,0,0,0,1,0,0,1,0,0,0,0,0,0,1,1,0,0,0,0,0,0,0,0,0,0,0.0,0.0,0.0,0,0,0,1,1,0,0,0,0,2,0,1,113,15,0,0,0,0,0,0,0,1.0,0.00023830550766082117,0.875,0.18223362350533384,0,,multi_full_20260502_195405_0001,2026-05-02T20:33:37.983291,https://www.apnic.net/about-apnic/service-updates/service-announcement-11-july-2024/,https://www.apnic.net/,False,https://www.apnic.net/about-apnic/service-updates/service-announcement-11-july-2024/,https://www.apnic.net/,https://www.apnic.net/about-apnic/service-updates/service-announcement-11-july-2024/,recon_page,2026-05-02T20:33:37.991187
83,1,3,0,0,0,0,1,0,13,0,net,200,2,70708,1603.853,0,0,19,1,cloudflare,0,html,0,0,0,1,7,1,1,1,1,1,1,2,1,2,0,0,0,0,0,0,0,0,1,9,0,0,0,0,1,17,7,8,2,1,168,156,12,1,3,1,26,1,10,1,1,11,1,0,0,0,1,0,0,1,0,0,0,0,0,0,1,1,0,0,0,0,0,0,0,0,0,0,0.0,0.0,0.0,0,0,0,1,1,0,0,0,0,2,0,1,113,15,0,0,0,0,0,0,0,1.0,0.00024042541155173388,0.875,0.1838547264807377,0,,multi_full_20260502_195405_0001,2026-05-02T20:33:39.539792,https://www.apnic.net/about-apnic/service-updates/service-announcement-27-may-2025/,https://www.apnic.net/,False,https://www.apnic.net/about-apnic/service-updates/service-announcement-27-may-2025/,https://www.apnic.net/,https://www.apnic.net/about-apnic/service-updates/service-announcement-27-may-2025/,recon_page,2026-05-02T20:33:39.546046
86,1,3,0,0,0,0,1,0,13,0,net,200,2,70688,977.813,0,0,19,1,cloudflare,0,html,0,0,0,1,7,1,1,1,1,1,1,2,1,2,0,0,0,0,0,0,0,0,1,9,0,0,0,0,1,17,7,8,2,1,168,156,12,1,3,1,26,1,10,1,1,11,1,0,0,0,1,0,0,1,0,0,0,0,0,0,1,1,0,0,0,0,0,0,0,0,0,0,0.0,0.0,0.0,0,0,0,1,1,0,0,0,0,2,0,1,113,15,0,0,0,0,0,0,0,1.0,0.000240493435943866,0.875,0.18390674513354457,0,,multi_full_20260502_195405_0001,2026-05-02T20:34:03.083454,https://www.apnic.net/about-apnic/service-updates/service-announcement-25-august-2022/,https://www.apnic.net/,False,https://www.apnic.net/about-apnic/service-updates/service-announcement-25-august-2022/,https://www.apnic.net/,https://www.apnic.net/about-apnic/service-updates/service-announcement-25-august-2022/,recon_page,2026-05-02T20:34:03.090583
85,1,3,0,0,0,0,1,0,13,0,net,200,2,70764,1255.346,0,0,19,1,cloudflare,0,html,0,0,0,1,7,1,1,1,1,1,1,2,1,2,0,0,0,0,0,0,0,0,1,9,0,0,0,0,1,17,7,8,2,1,168,156,12,1,3,1,26,1,10,1,1,11,1,0,0,0,1,0,0,1,0,0,0,0,0,0,1,1,0,0,0,0,0,0,0,0,0,0,0.0,0.0,0.0,0,0,0,1,1,0,0,0,0,2,0,1,113,15,0,0,0,0,0,0,0,1.0,0.0002402351478152733,0.875,0.18370923068226783,0,,multi_full_20260502_195405_0001,2026-05-02T20:34:04.259903,https://www.apnic.net/about-apnic/service-updates/service-announcement-21-march-2022/,https://www.apnic.net/,False,https://www.apnic.net/about-apnic/service-updates/service-announcement-21-march-2022/,https://www.apnic.net/,https://www.apnic.net/about-apnic/service-updates/service-announcement-21-march-2022/,recon_page,2026-05-02T20:34:04.264434
86,1,3,0,0,0,0,1,0,13,0,net,200,2,70687,1494.378,0,0,19,1,cloudflare,0,html,0,0,0,1,7,1,1,1,1,1,1,2,1,2,0,0,0,0,0,0,0,0,1,9,0,0,0,0,1,17,7,8,2,1,168,156,12,1,3,1,26,1,10,1,1,11,1,0,0,0,1,0,0,1,0,0,0,0,0,0,1,1,0,0,0,0,0,0,0,0,0,0,0.0,0.0,0.0,0,0,0,1,1,0,0,0,0,2,0,1,113,15,0,0,0,0,0,0,0,1.0,0.00024049683817392166,0.875,0.18390934683888127,0,,multi_full_20260502_195405_0001,2026-05-02T20:34:04.537377,https://www.apnic.net/about-apnic/service-updates/service-announcement-20-august-2020/,https://www.apnic.net/,False,https://www.apnic.net/about-apnic/service-updates/service-announcement-20-august-2020/,https://www.apnic.net/,https://www.apnic.net/about-apnic/service-updates/service-announcement-20-august-2020/,recon_page,2026-05-02T20:34:04.592905
87,1,3,0,0,0,0,1,0,13,0,net,200,2,71091,898.202,0,0,19,1,cloudflare,0,html,0,0,0,1,7,1,1,1,1,1,1,2,1,2,0,0,0,0,0,0,0,0,1,9,0,0,0,0,1,17,7,8,2,1,169,157,12,1,3,1,26,1,10,1,1,11,1,0,0,0,1,0,0,1,0,0,0,0,0,0,1,1,0,0,0,0,0,0,0,0,0,0,0.0,0.0,0.0,0,0,0,1,1,0,0,0,0,2,0,1,114,15,0,0,0,0,0,0,0,1.0,0.00023913012898960488,0.875,0.18286421628616845,0,,multi_full_20260502_195405_0001,2026-05-02T20:34:27.872434,https://www.apnic.net/about-apnic/service-updates/service-announcement-09-january-2024/,https://www.apnic.net/,False,https://www.apnic.net/about-apnic/service-updates/service-announcement-09-january-2024/,https://www.apnic.net/,https://www.apnic.net/about-apnic/service-updates/service-announcement-09-january-2024/,recon_page,2026-05-02T20:34:27.885697
85,1,3,0,0,0,0,1,0,13,0,net,200,2,70998,886.747,0,0,19,1,cloudflare,0,html,0,0,0,1,7,1,1,1,1,1,1,2,1,2,0,0,0,0,0,0,0,0,1,9,0,0,0,0,1,17,7,8,2,1,168,156,12,1,3,1,26,1,10,1,1,11,1,0,0,0,1,0,0,1,0,0,0,0,0,0,1,1,0,0,0,0,0,0,0,0,0,0,0.0,0.0,0.0,0,0,0,1,1,0,0,0,0,2,0,1,113,15,0,0,0,0,0,0,0,1.0,0.00023944336460181978,0.875,0.18310374940139157,0,,multi_full_20260502_195405_0001,2026-05-02T20:34:28.119010,https://www.apnic.net/about-apnic/service-updates/service-announcement-13-march-2023/,https://www.apnic.net/,False,https://www.apnic.net/about-apnic/service-updates/service-announcement-13-march-2023/,https://www.apnic.net/,https://www.apnic.net/about-apnic/service-updates/service-announcement-13-march-2023/,recon_page,2026-05-02T20:34:28.125994
90,1,3,0,0,0,0,1,0,13,0,net,200,2,70812,949.5740000000001,0,0,19,1,cloudflare,0,html,0,0,0,1,7,1,1,1,1,1,1,2,1,2,0,0,0,0,0,0,0,0,1,9,0,0,0,0,1,17,7,8,2,1,168,156,12,1,3,1,26,1,10,1,1,11,1,0,0,0,1,0,0,1,0,0,0,0,0,0,1,1,0,0,0,0,0,0,0,0,0,0,0.0,0.0,0.0,0,0,0,1,1,0,0,0,0,2,0,1,113,15,0,0,0,0,0,0,0,1.0,0.00024007230412924363,0.875,0.1835847031576569,0,,multi_full_20260502_195405_0001,2026-05-02T20:34:28.396227,https://www.apnic.net/about-apnic/service-updates/apnic-voip-telephone-system-maintenance/,https://www.apnic.net/,False,https://www.apnic.net/about-apnic/service-updates/apnic-voip-telephone-system-maintenance/,https://www.apnic.net/,https://www.apnic.net/about-apnic/service-updates/apnic-voip-telephone-system-maintenance/,recon_page,2026-05-02T20:34:28.409375
84,1,3,0,0,0,0,1,0,13,0,net,200,2,70671,871.9449999999999,0,0,19,1,cloudflare,0,html,0,0,0,1,7,1,1,1,1,1,1,2,1,2,0,0,0,0,0,0,0,0,1,9,0,0,0,0,1,17,7,8,2,1,168,156,12,1,3,1,26,1,10,1,1,11,1,0,0,0,1,0,0,1,0,0,0,0,0,0,1,1,0,0,0,0,0,0,0,0,0,0,0.0,0.0,0.0,0,0,0,1,1,0,0,0,0,2,0,1,113,15,0,0,0,0,0,0,0,1.0,0.0002405512869493852,0.875,0.18395098413776512,0,,multi_full_20260502_195405_0001,2026-05-02T20:34:50.935232,https://www.apnic.net/about-apnic/service-updates/service-announcement-25-june-2019/,https://www.apnic.net/,False,https://www.apnic.net/about-apnic/service-updates/service-announcement-25-june-2019/,https://www.apnic.net/,https://www.apnic.net/about-apnic/service-updates/service-announcement-25-june-2019/,recon_page,2026-05-02T20:34:50.946514
88,1,3,0,0,0,0,1,0,13,0,net,200,2,71069,968.84,0,0,19,1,cloudflare,0,html,0,0,0,1,7,1,1,1,1,1,1,2,1,2,0,0,0,0,0,0,0,0,1,9,0,0,0,0,1,17,7,8,2,1,168,156,12,1,3,1,26,1,10,1,1,11,1,0,0,0,1,0,0,1,0,0,0,0,0,0,1,1,0,0,0,0,0,0,0,0,0,0,0.0,0.0,0.0,0,0,0,1,1,0,0,0,0,2,0,1,113,15,0,0,0,0,0,0,0,1.0,0.00023920415370977502,0.875,0.18292082342512206,0,,multi_full_20260502_195405_0001,2026-05-02T20:34:51.751982,https://www.apnic.net/about-apnic/service-updates/service-announcement-11-december-2025/,https://www.apnic.net/,False,https://www.apnic.net/about-apnic/service-updates/service-announcement-11-december-2025/,https://www.apnic.net/,https://www.apnic.net/about-apnic/service-updates/service-announcement-11-december-2025/,recon_page,2026-05-02T20:34:51.757176
82,1,3,0,0,0,0,1,0,13,0,net,200,2,70515,1115.353,0,0,19,1,cloudflare,0,html,0,0,0,1,7,1,1,1,1,1,1,2,1,2,0,0,0,0,0,0,0,0,1,9,0,0,0,0,1,17,7,8,2,1,168,156,12,1,3,1,26,1,10,1,1,11,1,0,0,0,1,0,0,1,0,0,0,0,0,0,1,1,0,0,0,0,0,0,0,0,0,0,0.0,0.0,0.0,0,0,0,1,1,0,0,0,0,2,0,1,113,15,0,0,0,0,0,0,0,1.0,0.000241083457420407,0.875,0.18435793802737005,0,,multi_full_20260502_195405_0001,2026-05-02T20:34:52.029550,https://www.apnic.net/about-apnic/service-updates/service-announcement-8-december/,https://www.apnic.net/,False,https://www.apnic.net/about-apnic/service-updates/service-announcement-8-december/,https://www.apnic.net/,https://www.apnic.net/about-apnic/service-updates/service-announcement-8-december/,recon_page,2026-05-02T20:34:52.037691
89,1,3,0,0,0,0,1,0,13,0,net,200,2,71028,927.352,0,0,19,1,cloudflare,0,html,0,0,0,1,7,1,1,1,1,1,1,2,1,2,0,0,0,0,0,0,0,0,1,9,0,0,0,0,1,17,7,8,2,1,168,156,12,1,3,1,26,1,10,1,1,11,1,0,0,0,1,0,0,1,0,0,0,0,0,0,1,1,0,0,0,0,0,0,0,0,0,0,0.0,0.0,0.0,0,0,0,1,1,0,0,0,0,2,0,1,113,15,0,0,0,0,0,0,0,1.0,0.00023934223123275327,0.875,0.18302641211916426,0,,multi_full_20260502_195405_0001,2026-05-02T20:34:52.578996,https://www.apnic.net/about-apnic/service-updates/service-announcement-website-outages-2/,https://www.apnic.net/,False,https://www.apnic.net/about-apnic/service-updates/service-announcement-website-outages-2/,https://www.apnic.net/,https://www.apnic.net/about-apnic/service-updates/service-announcement-website-outages-2/,recon_page,2026-05-02T20:34:52.583858
88,1,3,0,0,0,0,1,0,13,0,net,200,2,70776,859.14,0,0,19,1,cloudflare,0,html,0,0,0,1,7,1,1,1,1,1,1,2,1,2,0,0,0,0,0,0,0,0,1,9,0,0,0,0,1,17,7,8,2,1,168,156,12,1,3,1,26,1,10,1,1,11,1,0,0,0,1,0,0,1,0,0,0,0,0,0,1,1,0,0,0,0,0,0,0,0,0,0,0.0,0.0,0.0,0,0,0,1,1,0,0,0,0,2,0,1,113,15,0,0,0,0,0,0,0,1.0,0.00024019441618627782,0.875,0.18367808296597718,0,,multi_full_20260502_195405_0001,2026-05-02T20:34:52.810155,https://www.apnic.net/about-apnic/service-updates/service-announcement-29-december-2016/,https://www.apnic.net/,False,https://www.apnic.net/about-apnic/service-updates/service-announcement-29-december-2016/,https://www.apnic.net/,https://www.apnic.net/about-apnic/service-updates/service-announcement-29-december-2016/,recon_page,2026-05-02T20:34:52.819395
83,1,3,0,0,0,0,1,0,13,0,net,200,2,70813,1756.521,0,0,19,1,cloudflare,0,html,0,0,0,1,7,1,1,1,1,1,1,2,1,2,0,0,0,0,0,0,0,0,1,9,0,0,0,0,1,17,7,8,2,1,168,156,12,1,3,1,26,1,10,1,1,11,1,0,0,0,1,0,0,1,0,0,0,0,0,0,1,1,0,0,0,0,0,0,0,0,0,0,0.0,0.0,0.0,0,0,0,1,1,0,0,0,0,2,0,1,113,15,0,0,0,0,0,0,0,1.0,0.00024006891389999013,0.875,0.1835821106294042,0,,multi_full_20260502_195405_0001,2026-05-02T20:34:54.742465,https://www.apnic.net/about-apnic/service-updates/service-announcement-14-may-2019/,https://www.apnic.net/,False,https://www.apnic.net/about-apnic/service-updates/service-announcement-14-may-2019/,https://www.apnic.net/,https://www.apnic.net/about-apnic/service-updates/service-announcement-14-may-2019/,recon_page,2026-05-02T20:34:54.753808
85,1,3,0,0,0,0,1,0,13,0,net,200,2,70740,888.795,0,0,19,1,cloudflare,0,html,0,0,0,1,7,1,1,1,1,1,1,2,1,2,0,0,0,0,0,0,0,0,1,9,0,0,0,0,1,17,7,8,2,1,168,156,12,1,3,1,26,1,10,1,1,11,1,0,0,0,1,0,0,1,0,0,0,0,0,0,1,1,0,0,0,0,0,0,0,0,0,0,0.0,0.0,0.0,0,0,0,1,1,0,0,0,0,2,0,1,113,15,0,0,0,0,0,0,0,1.0,0.000240316652530393,0.875,0.18377155781735935,0,,multi_full_20260502_195405_0001,2026-05-02T20:35:17.651003,https://www.apnic.net/about-apnic/service-updates/service-announcement-27-april-2020/,https://www.apnic.net/,False,https://www.apnic.net/about-apnic/service-updates/service-announcement-27-april-2020/,https://www.apnic.net/,https://www.apnic.net/about-apnic/service-updates/service-announcement-27-april-2020/,recon_page,2026-05-02T20:35:17.663754
95,1,3,0,0,0,0,1,0,13,0,net,200,2,70681,876.3570000000001,0,0,19,1,cloudflare,0,html,0,0,0,1,7,1,1,1,1,1,1,2,1,2,0,0,0,0,0,0,0,0,1,9,0,0,0,0,1,17,7,8,2,1,168,156,12,1,3,1,26,1,10,1,1,11,1,0,0,0,1,0,0,1,0,0,0,0,0,0,1,1,0,0,0,0,0,0,0,0,0,0,0.0,0.0,0.0,0,0,0,1,1,0,0,0,0,2,0,1,113,15,0,0,0,0,0,0,0,1.0,0.00024051725357592563,0.875,0.18392495861688432,0,,multi_full_20260502_195405_0001,2026-05-02T20:35:18.901926,https://www.apnic.net/about-apnic/service-updates/service-announcement-mailing-lists-migration/,https://www.apnic.net/,False,https://www.apnic.net/about-apnic/service-updates/service-announcement-mailing-lists-migration/,https://www.apnic.net/,https://www.apnic.net/about-apnic/service-updates/service-announcement-mailing-lists-migration/,recon_page,2026-05-02T20:35:18.908103
88,1,3,0,0,0,0,1,0,13,0,net,200,2,70835,938.645,0,0,19,1,cloudflare,0,html,0,0,0,1,7,1,1,1,1,1,1,2,1,2,0,0,0,0,0,0,0,0,1,9,0,0,0,0,1,17,7,8,2,1,168,156,12,1,3,1,26,1,10,1,1,11,1,0,0,0,1,0,0,1,0,0,0,0,0,0,1,1,0,0,0,0,0,0,0,0,0,0,0.0,0.0,0.0,0,0,0,1,1,0,0,0,0,2,0,1,113,15,0,0,0,0,0,0,0,1.0,0.0002399943530740453,0.875,0.18352509352721114,0,,multi_full_20260502_195405_0001,2026-05-02T20:35:19.929332,https://www.apnic.net/about-apnic/service-updates/service-announcement-05-november-2024/,https://www.apnic.net/,False,https://www.apnic.net/about-apnic/service-updates/service-announcement-05-november-2024/,https://www.apnic.net/,https://www.apnic.net/about-apnic/service-updates/service-announcement-05-november-2024/,recon_page,2026-05-02T20:35:20.000564
87,1,3,0,0,0,0,1,0,13,0,net,200,2,70634,897.79,0,0,19,1,cloudflare,0,html,0,0,0,1,7,1,1,1,1,1,1,2,1,2,0,0,0,0,0,0,0,0,1,9,0,0,0,0,1,17,7,8,2,1,168,156,12,1,3,1,26,1,10,1,1,11,1,0,0,0,1,0,0,1,0,0,0,0,0,0,1,1,0,0,0,0,0,0,0,0,0,0,0.0,0.0,0.0,0,0,0,1,1,0,0,0,0,2,0,1,113,15,0,0,0,0,0,0,0,1.0,0.00024067729422091343,0.875,0.18404734263952205,0,,multi_full_20260502_195405_0001,2026-05-02T20:35:40.864187,https://www.apnic.net/about-apnic/service-updates/service-announcement-1-december-2021/,https://www.apnic.net/,False,https://www.apnic.net/about-apnic/service-updates/service-announcement-1-december-2021/,https://www.apnic.net/,https://www.apnic.net/about-apnic/service-updates/service-announcement-1-december-2021/,recon_page,2026-05-02T20:35:40.871212
86,1,3,0,0,0,0,1,0,13,0,net,200,2,70769,891.284,0,0,19,1,cloudflare,0,html,0,0,0,1,7,1,1,1,1,1,1,2,1,2,0,0,0,0,0,0,0,0,1,9,0,0,0,0,1,17,7,8,2,1,168,156,12,1,3,1,26,1,10,1,1,11,1,0,0,0,1,0,0,1,0,0,0,0,0,0,1,1,0,0,0,0,0,0,0,0,0,0,0.0,0.0,0.0,0,0,0,1,1,0,0,0,0,2,0,1,113,15,0,0,0,0,0,0,0,1.0,0.00024021817462448246,0.875,0.18369625118342775,0,,multi_full_20260502_195405_0001,2026-05-02T20:35:41.894714,https://www.apnic.net/about-apnic/service-updates/service-announcement-28-june-2018-2/,https://www.apnic.net/,False,https://www.apnic.net/about-apnic/service-updates/service-announcement-28-june-2018-2/,https://www.apnic.net/,https://www.apnic.net/about-apnic/service-updates/service-announcement-28-june-2018-2/,recon_page,2026-05-02T20:35:41.909403
84,1,3,0,0,0,0,1,0,13,0,net,200,2,70637,840.4789999999999,0,0,19,1,cloudflare,0,html,0,0,0,1,7,1,1,1,1,1,1,2,1,2,0,0,0,0,0,0,0,0,1,9,0,0,0,0,1,17,7,8,2,1,168,156,12,1,3,1,26,1,10,1,1,11,1,0,0,0,1,0,0,1,0,0,0,1,0,0,1,1,0,0,0,0,0,0,0,0,0,0,0.0,0.0,0.0,0,0,0,1,1,0,0,0,0,2,0,1,113,15,0,0,0,0,0,0,0,1.0,0.00024066707249741637,0.875,0.18403952602743603,0,,multi_full_20260502_195405_0001,2026-05-02T20:35:43.078078,https://www.apnic.net/about-apnic/service-updates/service-announcement-11-june-2013/,https://www.apnic.net/,False,https://www.apnic.net/about-apnic/service-updates/service-announcement-11-june-2013/,https://www.apnic.net/,https://www.apnic.net/about-apnic/service-updates/service-announcement-11-june-2013/,recon_page,2026-05-02T20:35:43.082778
86,1,3,0,0,0,0,1,0,13,0,net,200,2,71027,958.076,0,0,19,1,cloudflare,0,html,0,0,0,1,7,1,1,1,1,1,1,2,1,2,0,0,0,0,0,0,0,0,1,9,0,0,0,0,1,17,7,8,2,1,170,158,12,1,3,1,26,1,10,1,1,11,1,0,0,0,1,0,0,1,0,0,0,0,0,0,1,1,0,0,0,0,0,0,0,0,0,0,0.0,0.0,0.0,0,0,0,1,1,0,0,0,0,2,0,1,115,15,0,0,0,0,0,0,0,1.0,0.00023934560096864572,0.875,0.1830289889760232,0,,multi_full_20260502_195405_0001,2026-05-02T20:36:04.464071,https://www.apnic.net/about-apnic/service-updates/service-announcement-7-january-2026/,https://www.apnic.net/,False,https://www.apnic.net/about-apnic/service-updates/service-announcement-7-january-2026/,https://www.apnic.net/,https://www.apnic.net/about-apnic/service-updates/service-announcement-7-january-2026/,recon_page,2026-05-02T20:36:04.474059
88,1,3,0,0,0,0,1,0,13,0,net,200,2,70691,919.763,0,0,19,1,cloudflare,0,html,0,0,0,1,7,1,1,1,1,1,1,2,1,2,0,0,0,0,0,0,0,0,1,9,0,0,0,0,1,17,7,8,2,1,168,156,12,1,3,1,26,1,10,1,1,11,1,0,0,0,1,0,0,1,0,0,0,1,0,0,1,1,0,0,0,0,0,0,0,0,0,0,0.0,0.0,0.0,0,0,0,1,1,0,0,0,0,2,0,1,113,15,0,0,0,0,0,0,0,1.0,0.00024048322983123737,0.875,0.1838989404591815,0,,multi_full_20260502_195405_0001,2026-05-02T20:36:05.470537,https://www.apnic.net/about-apnic/service-updates/service-announcement-25-february-2026/,https://www.apnic.net/,False,https://www.apnic.net/about-apnic/service-updates/service-announcement-25-february-2026/,https://www.apnic.net/,https://www.apnic.net/about-apnic/service-updates/service-announcement-25-february-2026/,recon_page,2026-05-02T20:36:05.480696
88,1,3,0,0,0,0,1,0,13,0,net,200,2,70696,910.71,0,0,19,1,cloudflare,0,html,0,0,0,1,7,1,1,1,1,1,1,2,1,2,0,0,0,0,0,0,0,0,1,9,0,0,0,0,1,17,7,8,2,1,167,155,12,1,3,1,26,1,10,1,1,11,1,0,0,0,1,0,0,1,0,0,0,0,0,0,1,1,0,0,0,0,0,0,0,0,0,0,0.0,0.0,0.0,0,0,0,1,1,0,0,0,0,2,0,1,112,15,0,0,0,0,0,0,0,1.0,0.00024046622156840557,0.875,0.18388593414054544,0,,multi_full_20260502_195405_0001,2026-05-02T20:36:05.748311,https://www.apnic.net/about-apnic/service-updates/service-announcement-24-november-2021/,https://www.apnic.net/,False,https://www.apnic.net/about-apnic/service-updates/service-announcement-24-november-2021/,https://www.apnic.net/,https://www.apnic.net/about-apnic/service-updates/service-announcement-24-november-2021/,recon_page,2026-05-02T20:36:05.756057
84,1,3,0,0,0,0,1,0,13,0,net,200,2,70819,910.597,0,0,19,1,cloudflare,0,html,0,0,0,1,7,1,1,1,1,1,1,2,1,2,0,0,0,0,0,0,0,0,1,9,0,0,0,0,1,17,7,8,2,1,168,156,12,1,3,1,26,1,10,1,1,11,1,0,0,0,1,0,0,1,0,0,0,0,0,0,1,1,0,0,0,0,0,0,0,0,0,0,0.0,0.0,0.0,0,0,0,1,1,0,0,0,0,2,0,1,113,15,0,0,0,0,1,0,0,1.0,0.00024004857453508238,0.875,0.18356655699741595,0,,multi_full_20260502_195405_0001,2026-05-02T20:36:06.359113,https://www.apnic.net/about-apnic/service-updates/service-announcement-15-june-2015/,https://www.apnic.net/,False,https://www.apnic.net/about-apnic/service-updates/service-announcement-15-june-2015/,https://www.apnic.net/,https://www.apnic.net/about-apnic/service-updates/service-announcement-15-june-2015/,recon_page,2026-05-02T20:36:06.371697
88,1,3,0,0,0,0,1,0,13,0,net,200,2,71601,1468.679,0,0,19,1,cloudflare,0,html,0,0,0,1,7,1,1,1,1,1,1,2,1,2,0,0,0,0,0,0,0,0,1,9,0,0,0,0,1,17,7,8,2,1,168,156,12,1,3,1,26,1,10,1,1,11,1,0,0,0,1,0,0,1,0,0,0,1,0,0,1,1,0,0,0,0,0,0,0,0,0,0,0.0,0.0,0.0,0,0,0,1,1,0,0,0,0,2,0,1,113,15,0,0,0,0,0,0,0,1.0,0.00023742685158028518,0.875,0.1815617100319828,0,,multi_full_20260502_195405_0001,2026-05-02T20:36:07.465182,https://www.apnic.net/about-apnic/service-updates/service-announcement-20-february-2025/,https://www.apnic.net/,False,https://www.apnic.net/about-apnic/service-updates/service-announcement-20-february-2025/,https://www.apnic.net/,https://www.apnic.net/about-apnic/service-updates/service-announcement-20-february-2025/,recon_page,2026-05-02T20:36:07.470749
79,1,3,0,0,0,0,1,0,13,0,net,200,2,70674,1558.975,0,0,19,1,cloudflare,0,html,0,0,0,1,7,1,1,1,1,1,1,2,1,2,0,0,0,0,0,0,0,0,1,9,0,0,0,0,1,17,7,8,2,1,168,156,12,1,3,1,26,1,10,1,1,11,1,0,0,0,1,0,0,1,0,0,0,0,0,0,1,1,0,0,0,0,0,0,0,0,0,0,0.0,0.0,0.0,0,0,0,1,1,0,0,0,0,2,0,1,113,15,0,0,0,0,0,0,0,1.0,0.00024054107592608314,0.875,0.18394317570818122,0,,multi_full_20260502_195405_0001,2026-05-02T20:36:08.357384,https://www.apnic.net/about-apnic/service-updates/service-announcement-27-june/,https://www.apnic.net/,False,https://www.apnic.net/about-apnic/service-updates/service-announcement-27-june/,https://www.apnic.net/,https://www.apnic.net/about-apnic/service-updates/service-announcement-27-june/,recon_page,2026-05-02T20:36:08.365023
79,1,3,0,0,0,0,1,0,13,0,net,200,2,70505,1036.541,0,0,19,1,cloudflare,0,html,0,0,0,1,7,1,1,1,1,1,1,2,1,2,0,0,0,0,0,0,0,0,1,9,0,0,0,0,1,17,7,8,2,1,168,156,12,1,3,1,26,1,10,1,1,11,1,0,0,0,1,0,0,1,0,0,0,0,0,0,1,1,0,0,0,0,0,0,0,0,0,0,0.0,0.0,0.0,0,0,0,1,1,0,0,0,0,2,0,1,113,15,0,0,0,0,0,0,0,1.0,0.0002411176512304092,0.875,0.1843840862350188,0,,multi_full_20260502_195405_0001,2026-05-02T20:36:31.910889,https://www.apnic.net/about-apnic/service-updates/service-announcement-24-july/,https://www.apnic.net/,False,https://www.apnic.net/about-apnic/service-updates/service-announcement-24-july/,https://www.apnic.net/,https://www.apnic.net/about-apnic/service-updates/service-announcement-24-july/,recon_page,2026-05-02T20:36:31.921085
79,1,3,0,0,0,0,1,0,13,0,net,200,2,70677,1070.184,0,0,19,1,cloudflare,0,html,0,0,0,1,7,1,1,1,1,1,1,2,1,2,0,0,0,0,0,0,0,0,1,9,0,0,0,0,1,17,7,8,2,1,168,156,12,1,3,1,26,1,10,1,1,11,1,0,0,0,1,0,0,1,0,0,0,0,0,0,1,1,0,0,0,0,0,0,0,0,0,0,0.0,0.0,0.0,0,0,0,1,1,0,0,0,0,2,0,1,113,15,0,0,0,0,0,0,0,1.0,0.00024053086576962803,0.875,0.18393536794148024,0,,multi_full_20260502_195405_0001,2026-05-02T20:36:32.692546,https://www.apnic.net/about-apnic/service-updates/upgrade-edge-router-firmware/,https://www.apnic.net/,False,https://www.apnic.net/about-apnic/service-updates/upgrade-edge-router-firmware/,https://www.apnic.net/,https://www.apnic.net/about-apnic/service-updates/upgrade-edge-router-firmware/,recon_page,2026-05-02T20:36:32.696466
99,1,3,0,0,0,0,1,0,13,0,net,200,2,70740,1016.3770000000001,0,0,19,1,cloudflare,0,html,0,0,0,1,7,1,1,1,1,1,1,2,1,2,0,0,0,0,0,0,0,0,1,9,0,0,0,0,1,17,7,8,2,1,168,156,12,1,3,1,26,1,10,1,1,11,1,0,0,0,1,0,0,1,0,0,0,0,0,0,1,1,0,0,0,0,0,0,0,0,0,0,0.0,0.0,0.0,0,0,0,1,1,0,0,0,0,2,0,1,113,15,0,0,0,0,0,0,0,1.0,0.000240316652530393,0.875,0.18377155781735935,0,,multi_full_20260502_195405_0001,2026-05-02T20:36:33.809853,https://www.apnic.net/about-apnic/service-updates/service-announcement-apnic-helpdesk-closed-1-may/,https://www.apnic.net/,False,https://www.apnic.net/about-apnic/service-updates/service-announcement-apnic-helpdesk-closed-1-may/,https://www.apnic.net/,https://www.apnic.net/about-apnic/service-updates/service-announcement-apnic-helpdesk-closed-1-may/,recon_page,2026-05-02T20:36:33.815782
88,1,3,0,0,0,0,1,0,13,0,net,200,2,70752,953.178,0,0,19,1,cloudflare,0,html,0,0,0,1,7,1,1,1,1,1,1,2,1,2,0,0,0,0,0,0,0,0,1,9,0,0,0,0,1,17,7,8,2,1,168,156,12,1,3,1,26,1,10,1,1,11,1,0,0,0,1,0,0,1,0,0,0,0,0,0,1,1,0,0,0,0,0,0,0,0,0,0,0.0,0.0,0.0,0,0,0,1,1,0,0,0,0,2,0,1,113,15,0,0,0,0,0,0,0,1.0,0.00024027589326096788,0.875,0.18374038896426959,0,,multi_full_20260502_195405_0001,2026-05-02T20:36:55.793830,https://www.apnic.net/about-apnic/service-updates/service-announcement-21-february-2024/,https://www.apnic.net/,False,https://www.apnic.net/about-apnic/service-updates/service-announcement-21-february-2024/,https://www.apnic.net/,https://www.apnic.net/about-apnic/service-updates/service-announcement-21-february-2024/,recon_page,2026-05-02T20:36:55.800147
87,1,3,0,0,0,0,1,0,13,0,net,200,2,70729,1011.933,0,0,19,1,cloudflare,0,html,0,0,0,1,7,1,1,1,1,1,1,2,1,2,0,0,0,0,0,0,0,0,1,9,0,0,0,0,1,17,7,8,2,1,168,156,12,1,3,1,26,1,10,1,1,11,1,0,0,0,1,0,0,1,0,0,0,0,0,0,1,1,0,0,0,0,0,0,0,0,0,0,0.0,0.0,0.0,0,0,0,1,1,0,0,0,0,2,0,1,113,15,0,0,0,0,0,0,0,1.0,0.00024035402734380522,0.875,0.18380013855702754,0,,multi_full_20260502_195405_0001,2026-05-02T20:36:56.538416,https://www.apnic.net/about-apnic/service-updates/service-announcement-22-october-2025/,https://www.apnic.net/,False,https://www.apnic.net/about-apnic/service-updates/service-announcement-22-october-2025/,https://www.apnic.net/,https://www.apnic.net/about-apnic/service-updates/service-announcement-22-october-2025/,recon_page,2026-05-02T20:36:56.543151
84,1,3,0,0,0,0,1,0,13,0,net,200,2,70614,1067.595,0,0,19,1,cloudflare,0,html,0,0,0,1,7,1,1,1,1,1,1,2,1,2,0,0,0,0,0,0,0,0,1,9,0,0,0,0,1,17,7,8,2,1,168,156,12,1,3,1,26,1,10,1,1,11,1,0,0,0,1,0,0,1,0,0,0,0,0,0,1,1,0,0,0,0,0,0,0,0,0,0,0.0,0.0,0.0,0,0,0,1,1,0,0,0,0,2,0,1,113,15,0,0,0,0,0,0,0,1.0,0.00024074546123998075,0.875,0.18409947035998525,0,,multi_full_20260502_195405_0001,2026-05-02T20:36:58.557010,https://www.apnic.net/about-apnic/service-updates/service-announcement-19-july-2018/,https://www.apnic.net/,False,https://www.apnic.net/about-apnic/service-updates/service-announcement-19-july-2018/,https://www.apnic.net/,https://www.apnic.net/about-apnic/service-updates/service-announcement-19-july-2018/,recon_page,2026-05-02T20:36:58.563891
98,1,3,0,0,0,0,1,0,13,0,net,200,2,70760,1892.1809999999998,0,0,19,1,cloudflare,0,html,0,0,0,1,7,1,1,1,1,1,1,2,1,2,0,0,0,0,0,0,0,0,1,9,0,0,0,0,1,17,7,8,2,1,168,156,12,1,3,1,26,1,10,1,1,11,1,0,0,0,1,0,0,1,0,0,0,0,0,0,1,1,0,0,0,0,0,0,0,0,0,0,0.0,0.0,0.0,0,0,0,1,1,0,0,0,0,2,0,1,113,15,0,0,0,0,0,0,0,1.0,0.0002402487280949689,0.875,0.18371961560203504,0,,multi_full_20260502_195405_0001,2026-05-02T20:37:19.198741,https://www.apnic.net/about-apnic/service-updates/network-address-update-for-fellowship-apnic-net/,https://www.apnic.net/,False,https://www.apnic.net/about-apnic/service-updates/network-address-update-for-fellowship-apnic-net/,https://www.apnic.net/,https://www.apnic.net/about-apnic/service-updates/network-address-update-for-fellowship-apnic-net/,recon_page,2026-05-02T20:37:19.206372
85,1,3,0,0,0,0,1,0,13,0,net,200,2,70768,1192.231,0,0,19,1,cloudflare,0,html,0,0,0,1,7,1,1,1,1,1,1,2,1,2,0,0,0,0,0,0,0,0,1,9,0,0,0,0,1,17,7,8,2,1,168,156,12,1,3,1,26,1,10,1,1,11,1,0,0,0,1,0,0,1,0,0,0,0,0,0,1,1,0,0,0,0,0,0,0,0,0,0,0.0,0.0,0.0,0,0,0,1,1,0,0,0,0,2,0,1,113,15,0,0,0,0,0,0,0,1.0,0.00024022156907076644,0.875,0.18369884693646846,0,,multi_full_20260502_195405_0001,2026-05-02T20:37:19.790765,https://www.apnic.net/about-apnic/service-updates/service-announcement-11-march-2020/,https://www.apnic.net/,False,https://www.apnic.net/about-apnic/service-updates/service-announcement-11-march-2020/,https://www.apnic.net/,https://www.apnic.net/about-apnic/service-updates/service-announcement-11-march-2020/,recon_page,2026-05-02T20:37:19.800397
84,1,3,0,0,0,0,1,0,13,0,net,200,2,71196,1485.814,0,0,19,1,cloudflare,0,html,0,0,0,1,7,1,1,1,1,1,1,2,1,2,0,0,0,0,0,0,0,0,1,9,0,0,0,0,1,17,7,8,2,1,169,157,12,1,3,1,26,1,10,1,1,11,1,0,0,0,1,0,0,1,0,0,0,0,0,0,1,1,0,0,0,0,0,0,0,0,0,0,0.0,0.0,0.0,0,0,0,1,1,0,0,0,0,2,0,1,114,15,0,0,0,0,0,0,0,1.0,0.0002387774594078319,0.875,0.1825945277824597,0,,multi_full_20260502_195405_0001,2026-05-02T20:37:20.157965,https://www.apnic.net/about-apnic/service-updates/service-announcement-13-july-2024/,https://www.apnic.net/,False,https://www.apnic.net/about-apnic/service-updates/service-announcement-13-july-2024/,https://www.apnic.net/,https://www.apnic.net/about-apnic/service-updates/service-announcement-13-july-2024/,recon_page,2026-05-02T20:37:20.162904
89,1,3,0,0,0,0,1,0,13,0,net,200,2,70863,1010.6120000000001,0,0,19,1,cloudflare,0,html,0,0,0,1,7,1,1,1,1,1,1,2,1,2,0,0,0,0,0,0,0,0,1,9,0,0,0,0,1,17,7,8,2,1,168,156,12,1,3,1,26,1,10,1,1,11,1,0,0,0,1,0,0,1,0,0,0,0,0,0,1,1,0,0,0,0,0,0,0,0,0,0,0.0,0.0,0.0,0,0,0,1,1,0,0,0,0,2,0,1,113,15,0,0,0,0,0,0,0,1.0,0.00023989952443447216,0.875,0.183452577508714,0,,multi_full_20260502_195405_0001,2026-05-02T20:37:21.560810,https://www.apnic.net/about-apnic/service-updates/service-announcement-17-september-2025/,https://www.apnic.net/,False,https://www.apnic.net/about-apnic/service-updates/service-announcement-17-september-2025/,https://www.apnic.net/,https://www.apnic.net/about-apnic/service-updates/service-announcement-17-september-2025/,recon_page,2026-05-02T20:37:21.566566
86,1,3,0,0,0,0,1,0,13,0,net,200,2,70755,1034.6109999999999,0,0,19,1,cloudflare,0,html,0,0,0,1,7,1,1,1,1,1,1,2,1,2,0,0,0,0,0,0,0,0,1,9,0,0,0,0,1,17,7,8,2,1,169,157,12,1,3,1,26,1,10,1,1,11,1,0,0,0,1,0,0,1,0,0,0,0,0,0,1,1,0,0,0,0,0,0,0,0,0,0,0.0,0.0,0.0,0,0,0,1,1,0,0,0,0,2,0,1,114,15,0,0,0,0,0,0,0,1.0,0.00024026570560384424,0.875,0.18373259840293973,0,,multi_full_20260502_195405_0001,2026-05-02T20:37:21.956739,https://www.apnic.net/about-apnic/service-updates/service-announcement-31-august-2015/,https://www.apnic.net/,False,https://www.apnic.net/about-apnic/service-updates/service-announcement-31-august-2015/,https://www.apnic.net/,https://www.apnic.net/about-apnic/service-updates/service-announcement-31-august-2015/,recon_page,2026-05-02T20:37:21.962166
102,1,3,0,0,0,0,1,0,13,0,net,200,2,70840,953.652,0,0,19,1,cloudflare,0,html,0,0,0,1,7,1,1,1,1,1,1,2,1,2,0,0,0,0,0,0,0,0,1,9,0,0,0,0,1,17,7,8,2,1,168,156,12,1,3,1,26,1,10,1,1,11,1,0,0,0,1,0,0,1,0,0,0,0,0,0,1,1,0,0,0,0,0,0,0,0,0,0,0.0,0.0,0.0,0,0,0,1,1,0,0,0,0,2,0,1,113,15,0,0,0,0,0,0,0,1.0,0.00023997741389045736,0.875,0.18351214003387917,0,,multi_full_20260502_195405_0001,2026-05-02T20:37:23.016549,https://www.apnic.net/about-apnic/service-updates/dns-infrastructure-upgrade-in-kddi-datacentre-tokyo/,https://www.apnic.net/,False,https://www.apnic.net/about-apnic/service-updates/dns-infrastructure-upgrade-in-kddi-datacentre-tokyo/,https://www.apnic.net/,https://www.apnic.net/about-apnic/service-updates/dns-infrastructure-upgrade-in-kddi-datacentre-tokyo/,recon_page,2026-05-02T20:37:23.029596
85,1,3,0,0,0,0,1,0,13,0,net,200,2,70785,955.6179999999999,0,0,19,1,cloudflare,0,html,0,0,0,1,7,1,1,1,1,1,1,2,1,2,0,0,0,0,0,0,0,0,1,9,0,0,0,0,1,17,7,8,2,1,168,156,12,1,3,1,26,1,10,1,1,11,1,0,0,0,1,0,0,1,0,0,0,0,0,0,1,1,0,0,0,0,0,0,0,0,0,0,0.0,0.0,0.0,0,0,0,1,1,0,0,0,0,2,0,1,113,15,0,0,0,0,0,0,0,1.0,0.0002401638765275129,0.875,0.18365472910927458,0,,multi_full_20260502_195405_0001,2026-05-02T20:37:47.666312,https://www.apnic.net/about-apnic/service-updates/service-announcement-11-april-2016/,https://www.apnic.net/,False,https://www.apnic.net/about-apnic/service-updates/service-announcement-11-april-2016/,https://www.apnic.net/,https://www.apnic.net/about-apnic/service-updates/service-announcement-11-april-2016/,recon_page,2026-05-02T20:37:47.669412
87,1,3,0,0,0,0,1,0,13,0,net,200,2,70809,981.947,0,0,19,1,cloudflare,0,html,0,0,0,1,7,1,1,1,1,1,1,2,1,2,0,0,0,0,0,0,0,0,1,9,0,0,0,0,1,17,7,8,2,1,168,156,12,1,3,1,26,1,10,1,1,11,1,0,0,0,1,0,0,1,0,0,0,0,0,0,1,1,0,0,0,0,0,0,0,0,0,0,0.0,0.0,0.0,0,0,0,1,1,0,0,0,0,2,0,1,113,15,0,0,0,0,0,0,0,1.0,0.00024008247539154627,0.875,0.18359248118177068,0,,multi_full_20260502_195405_0001,2026-05-02T20:37:49.386809,https://www.apnic.net/about-apnic/service-updates/service-announcement-27-october-2025/,https://www.apnic.net/,False,https://www.apnic.net/about-apnic/service-updates/service-announcement-27-october-2025/,https://www.apnic.net/,https://www.apnic.net/about-apnic/service-updates/service-announcement-27-october-2025/,recon_page,2026-05-02T20:37:49.391919
87,1,3,0,0,0,0,1,0,13,0,net,200,2,70608,858.019,0,0,19,1,cloudflare,0,html,0,0,0,1,7,1,1,1,1,1,1,2,1,2,0,0,0,0,0,0,0,0,1,9,0,0,0,0,1,17,7,8,2,1,168,156,12,1,3,1,26,1,10,1,1,11,1,0,0,0,1,0,0,1,0,0,0,0,0,0,1,1,0,0,0,0,0,0,0,0,0,0,0.0,0.0,0.0,0,0,0,1,1,0,0,0,0,2,0,1,113,15,0,0,0,0,0,0,0,1.0,0.00024076591887604805,0.875,0.18411511443462497,0,,multi_full_20260502_195405_0001,2026-05-02T20:37:49.668266,https://www.apnic.net/about-apnic/service-updates/service-announcement-18-october-2013/,https://www.apnic.net/,False,https://www.apnic.net/about-apnic/service-updates/service-announcement-18-october-2013/,https://www.apnic.net/,https://www.apnic.net/about-apnic/service-updates/service-announcement-18-october-2013/,recon_page,2026-05-02T20:37:49.688652
83,1,3,0,0,0,0,1,0,13,0,net,200,2,70804,974.1959999999999,0,0,19,1,cloudflare,0,html,0,0,0,1,7,1,1,1,1,1,1,2,1,2,0,0,0,0,0,0,0,0,1,9,0,0,0,0,1,17,7,8,2,1,168,156,12,1,3,1,26,1,10,1,1,11,1,0,0,0,1,0,0,1,0,0,0,1,0,0,1,1,0,0,0,0,0,0,0,0,0,0,0.0,0.0,0.0,0,0,0,1,1,0,0,0,0,2,0,1,113,15,0,0,0,0,0,0,0,1.0,0.00024009942941076776,0.875,0.18360544601999887,0,,multi_full_20260502_195405_0001,2026-05-02T20:38:13.261827,https://www.apnic.net/about-apnic/service-updates/service-announcement-12-may-2025/,https://www.apnic.net/,False,https://www.apnic.net/about-apnic/service-updates/service-announcement-12-may-2025/,https://www.apnic.net/,https://www.apnic.net/about-apnic/service-updates/service-announcement-12-may-2025/,recon_page,2026-05-02T20:38:13.270914
87,1,3,0,0,0,0,1,0,13,0,net,200,2,71057,861.614,0,0,19,1,cloudflare,0,html,0,0,0,1,7,1,1,1,1,1,1,2,1,2,0,0,0,0,0,0,0,0,1,9,0,0,0,0,1,17,7,8,2,1,168,156,12,1,3,1,26,1,10,1,1,11,1,0,0,0,1,0,0,1,0,0,0,0,0,0,1,1,0,0,0,0,0,0,0,0,0,0,0.0,0.0,0.0,0,0,0,1,1,0,0,0,0,2,0,1,113,15,0,0,0,0,0,0,0,1.0,0.00023924455014987967,0.875,0.18295171482049621,0,,multi_full_20260502_195405_0001,2026-05-02T20:38:13.730965,https://www.apnic.net/about-apnic/service-updates/service-announcement-15-october-2024/,https://www.apnic.net/,False,https://www.apnic.net/about-apnic/service-updates/service-announcement-15-october-2024/,https://www.apnic.net/,https://www.apnic.net/about-apnic/service-updates/service-announcement-15-october-2024/,recon_page,2026-05-02T20:38:13.737059
88,1,3,0,0,0,0,1,0,13,0,net,200,2,70639,1223.103,0,0,19,1,cloudflare,0,html,0,0,0,1,7,1,1,1,1,1,1,2,1,2,0,0,0,0,0,0,0,0,1,9,0,0,0,0,1,17,7,8,2,1,168,156,12,1,3,1,26,1,10,1,1,11,1,0,0,0,1,0,0,1,0,0,0,0,0,0,1,1,0,0,0,0,0,0,0,0,0,0,0.0,0.0,0.0,0,0,0,1,1,0,0,0,0,2,0,1,113,15,0,0,0,0,0,0,0,1.0,0.0002406602584974306,0.875,0.18403431532156458,0,,multi_full_20260502_195405_0001,2026-05-02T20:38:15.018810,https://www.apnic.net/about-apnic/service-updates/service-announcement-08-december-2021/,https://www.apnic.net/,False,https://www.apnic.net/about-apnic/service-updates/service-announcement-08-december-2021/,https://www.apnic.net/,https://www.apnic.net/about-apnic/service-updates/service-announcement-08-december-2021/,recon_page,2026-05-02T20:38:15.028903
88,1,3,0,0,0,0,1,0,13,0,net,200,2,70997,898.338,0,0,19,1,cloudflare,0,html,0,0,0,1,7,1,1,1,1,1,1,2,1,2,0,0,0,0,0,0,0,0,1,9,0,0,0,0,1,17,7,8,2,1,168,156,12,1,3,1,26,1,10,1,1,11,1,0,0,0,1,0,0,1,0,0,0,0,0,0,1,1,0,0,0,0,0,0,0,0,0,0,0.0,0.0,0.0,0,0,0,1,1,0,0,0,0,2,0,1,113,15,0,0,0,0,0,0,0,1.0,0.00023944673718607828,0.875,0.1831063284364128,0,,multi_full_20260502_195405_0001,2026-05-02T20:38:34.721019,https://www.apnic.net/about-apnic/service-updates/service-announcement-10-december-2015/,https://www.apnic.net/,False,https://www.apnic.net/about-apnic/service-updates/service-announcement-10-december-2015/,https://www.apnic.net/,https://www.apnic.net/about-apnic/service-updates/service-announcement-10-december-2015/,recon_page,2026-05-02T20:38:34.730517
87,1,3,0,0,0,0,1,0,13,0,net,200,2,70811,912.625,0,0,19,1,cloudflare,0,html,0,0,0,1,7,1,1,1,1,1,1,2,1,2,0,0,0,0,0,0,0,0,1,9,0,0,0,0,1,17,7,8,2,1,168,156,12,1,3,1,26,1,10,1,1,11,1,0,0,0,1,0,0,1,0,0,0,0,0,0,1,1,0,0,0,0,0,0,0,0,0,0,0.0,0.0,0.0,0,0,0,1,1,0,0,0,0,2,0,1,113,15,0,0,0,0,0,0,0,1.0,0.00024007569445425145,0.875,0.18358729575913346,0,,multi_full_20260502_195405_0001,2026-05-02T20:38:36.231730,https://www.apnic.net/about-apnic/service-updates/service-announcement-19-january-2016/,https://www.apnic.net/,False,https://www.apnic.net/about-apnic/service-updates/service-announcement-19-january-2016/,https://www.apnic.net/,https://www.apnic.net/about-apnic/service-updates/service-announcement-19-january-2016/,recon_page,2026-05-02T20:38:36.237212
85,1,3,0,0,0,0,1,0,13,0,net,200,2,71877,959.31,0,0,19,1,cloudflare,0,html,0,0,0,1,7,1,1,1,1,1,1,2,1,2,0,0,0,0,0,0,0,0,1,9,0,0,0,0,1,17,7,8,2,1,168,156,12,1,3,1,26,1,10,1,1,11,1,0,0,0,1,0,0,1,0,0,0,0,0,0,1,1,0,0,0,0,0,0,0,0,0,0,0.0,0.0,0.0,0,0,0,1,1,0,0,0,0,2,0,1,113,15,0,0,0,0,0,0,0,1.0,0.00023651515783908622,0.875,0.18086453246518358,0,,multi_full_20260502_195405_0001,2026-05-02T20:38:36.518454,https://www.apnic.net/about-apnic/service-updates/service-announcement-9-august-2018/,https://www.apnic.net/,False,https://www.apnic.net/about-apnic/service-updates/service-announcement-9-august-2018/,https://www.apnic.net/,https://www.apnic.net/about-apnic/service-updates/service-announcement-9-august-2018/,recon_page,2026-05-02T20:38:36.522935
85,1,3,0,0,0,0,1,0,13,0,net,200,2,70832,1120.592,0,0,19,1,cloudflare,0,html,0,0,0,1,7,1,1,1,1,1,1,2,1,2,0,0,0,0,0,0,0,0,1,9,0,0,0,0,1,17,7,8,2,1,168,156,12,1,3,1,26,1,10,1,1,11,1,0,0,0,1,0,0,1,0,0,0,0,0,0,1,1,0,0,0,0,0,0,0,0,0,0,0.0,0.0,0.0,0,0,0,1,1,0,0,0,0,2,0,1,113,15,0,0,0,0,0,0,0,1.0,0.0002400045177320985,0.875,0.1835328665010165,0,,multi_full_20260502_195405_0001,2026-05-02T20:38:37.741793,https://www.apnic.net/about-apnic/service-updates/service-announcement-26-march-2010/,https://www.apnic.net/,False,https://www.apnic.net/about-apnic/service-updates/service-announcement-26-march-2010/,https://www.apnic.net/,https://www.apnic.net/about-apnic/service-updates/service-announcement-26-march-2010/,recon_page,2026-05-02T20:38:37.753445
87,1,3,0,0,0,0,1,0,13,0,net,200,2,70696,832.9720000000001,0,0,19,1,cloudflare,0,html,0,0,0,1,7,1,1,1,1,1,1,2,1,2,0,0,0,0,0,0,0,0,1,9,0,0,0,0,1,17,7,8,2,1,168,156,12,1,3,1,26,1,10,1,1,11,1,0,0,0,1,0,0,1,0,0,0,0,0,0,1,1,0,0,0,0,0,0,0,0,0,0,0.0,0.0,0.0,0,0,0,1,1,0,0,0,0,2,0,1,113,15,0,0,0,0,0,0,0,1.0,0.00024046622156840557,0.875,0.18388593414054544,0,,multi_full_20260502_195405_0001,2026-05-02T20:38:37.989399,https://www.apnic.net/about-apnic/service-updates/service-announcement-20-october-2024/,https://www.apnic.net/,False,https://www.apnic.net/about-apnic/service-updates/service-announcement-20-october-2024/,https://www.apnic.net/,https://www.apnic.net/about-apnic/service-updates/service-announcement-20-october-2024/,recon_page,2026-05-02T20:38:37.996559
84,1,3,0,0,0,0,1,0,13,0,net,200,2,70674,1067.389,0,0,19,1,cloudflare,0,html,0,0,0,1,7,1,1,1,1,1,1,2,1,2,0,0,0,0,0,0,0,0,1,9,0,0,0,0,1,17,7,8,2,1,168,156,12,1,3,1,26,1,10,1,1,11,1,0,0,0,1,0,0,1,0,0,0,0,0,0,1,1,0,0,0,0,0,0,0,0,0,0,0.0,0.0,0.0,0,0,0,1,1,0,0,0,0,2,0,1,113,15,0,0,0,0,0,0,0,1.0,0.00024054107592608314,0.875,0.18394317570818122,0,,multi_full_20260502_195405_0001,2026-05-02T20:38:38.585376,https://www.apnic.net/about-apnic/service-updates/service-announcement-12-july-2020/,https://www.apnic.net/,False,https://www.apnic.net/about-apnic/service-updates/service-announcement-12-july-2020/,https://www.apnic.net/,https://www.apnic.net/about-apnic/service-updates/service-announcement-12-july-2020/,recon_page,2026-05-02T20:38:38.590876
84,1,3,0,0,0,0,1,0,13,0,net,200,2,70774,1133.5729999999999,0,0,19,1,cloudflare,0,html,0,0,0,1,7,1,1,1,1,1,1,2,1,2,0,0,0,0,0,0,0,0,1,9,0,0,0,0,1,17,7,8,2,1,168,156,12,1,3,1,26,1,10,1,1,11,1,0,0,0,1,0,0,1,0,0,0,0,0,0,1,1,0,0,0,0,0,0,0,0,0,0,0.0,0.0,0.0,0,0,0,1,1,0,0,0,0,2,0,1,113,15,0,0,0,0,0,0,0,1.0,0.00024020120383191567,0.875,0.18368327351852376,0,,multi_full_20260502_195405_0001,2026-05-02T20:39:02.384318,https://www.apnic.net/about-apnic/service-updates/service-announcement-26-july-2018/,https://www.apnic.net/,False,https://www.apnic.net/about-apnic/service-updates/service-announcement-26-july-2018/,https://www.apnic.net/,https://www.apnic.net/about-apnic/service-updates/service-announcement-26-july-2018/,recon_page,2026-05-02T20:39:02.394746
89,1,3,0,0,0,0,1,0,13,0,net,200,2,70683,976.734,0,0,19,1,cloudflare,0,html,0,0,0,1,7,1,1,1,1,1,1,2,1,2,0,0,0,0,0,0,0,0,1,9,0,0,0,0,1,17,7,8,2,1,168,156,12,1,3,1,26,1,10,1,1,11,1,0,0,0,1,0,0,1,0,0,0,0,0,0,1,1,0,0,0,0,0,0,0,0,0,0,0.0,0.0,0.0,0,0,0,1,1,0,0,0,0,2,0,1,113,15,0,0,0,0,0,0,0,1.0,0.00024051044805681706,0.875,0.1839197543963895,0,,multi_full_20260502_195405_0001,2026-05-02T20:39:04.819723,https://www.apnic.net/about-apnic/service-updates/service-announcement-update-10-january/,https://www.apnic.net/,False,https://www.apnic.net/about-apnic/service-updates/service-announcement-update-10-january/,https://www.apnic.net/,https://www.apnic.net/about-apnic/service-updates/service-announcement-update-10-january/,recon_page,2026-05-02T20:39:04.837348
84,1,3,0,0,0,0,1,0,13,0,net,200,2,70669,1028.893,0,0,19,1,cloudflare,0,html,0,0,0,1,7,1,1,1,1,1,1,2,1,2,0,0,0,0,0,0,0,0,1,9,0,0,0,0,1,17,7,8,2,1,168,156,12,1,3,1,26,1,10,1,1,11,1,0,0,0,1,0,0,1,0,0,0,0,0,0,1,1,0,0,0,0,0,0,0,0,0,0,0.0,0.0,0.0,0,0,0,1,1,0,0,0,0,2,0,1,113,15,0,0,0,0,0,0,0,1.0,0.00024055809477988935,0.875,0.18395619012579775,0,,multi_full_20260502_195405_0001,2026-05-02T20:39:04.836636,https://www.apnic.net/about-apnic/service-updates/service-announcement-02-july-2023/,https://www.apnic.net/,False,https://www.apnic.net/about-apnic/service-updates/service-announcement-02-july-2023/,https://www.apnic.net/,https://www.apnic.net/about-apnic/service-updates/service-announcement-02-july-2023/,recon_page,2026-05-02T20:39:04.846790
84,1,3,0,0,0,0,1,0,13,0,net,200,2,70911,1091.4250000000002,0,0,19,1,cloudflare,0,html,0,0,0,1,7,1,1,1,1,1,1,2,1,2,0,0,0,0,0,0,0,0,1,9,0,0,0,0,1,17,7,8,2,1,168,156,12,1,3,1,26,1,10,1,1,11,1,0,0,0,1,0,0,1,0,0,0,0,0,0,1,1,0,0,0,0,0,0,0,0,0,0,0.0,0.0,0.0,0,0,0,1,1,0,0,0,0,2,0,1,113,15,0,0,0,0,0,0,0,1.0,0.00023973713528225522,0.875,0.1833283975687834,0,,multi_full_20260502_195405_0001,2026-05-02T20:39:25.658087,https://www.apnic.net/about-apnic/service-updates/service-announcement-10-july-2017/,https://www.apnic.net/,False,https://www.apnic.net/about-apnic/service-updates/service-announcement-10-july-2017/,https://www.apnic.net/,https://www.apnic.net/about-apnic/service-updates/service-announcement-10-july-2017/,recon_page,2026-05-02T20:39:25.665477
83,1,3,0,0,0,0,1,0,13,0,net,200,2,70597,1083.221,0,0,19,1,cloudflare,0,html,0,0,0,1,7,1,1,1,1,1,1,2,1,2,0,0,0,0,0,0,0,0,1,9,0,0,0,0,1,17,7,8,2,1,168,156,12,1,3,1,26,1,10,1,1,11,1,0,0,0,1,0,0,1,0,0,0,0,0,0,1,1,0,0,0,0,0,0,0,0,0,0,0.0,0.0,0.0,0,0,0,1,1,0,0,0,0,2,0,1,113,15,0,0,0,0,0,0,0,1.0,0.0002408034335736646,0.875,0.18414380214456708,0,,multi_full_20260502_195405_0001,2026-05-02T20:39:27.109904,https://www.apnic.net/about-apnic/service-updates/service-announcement-14-may-2015/,https://www.apnic.net/,False,https://www.apnic.net/about-apnic/service-updates/service-announcement-14-may-2015/,https://www.apnic.net/,https://www.apnic.net/about-apnic/service-updates/service-announcement-14-may-2015/,recon_page,2026-05-02T20:39:27.121675
82,1,3,0,0,0,0,1,0,13,0,net,200,2,70618,906.54,0,0,19,1,cloudflare,0,html,0,0,0,1,7,1,1,1,1,1,1,2,1,2,0,0,0,0,0,0,0,0,1,9,0,0,0,0,1,17,7,8,2,1,168,156,12,1,3,1,26,1,10,1,1,11,1,0,0,0,1,0,0,1,0,0,0,0,0,0,1,1,0,0,0,0,0,0,0,0,0,0,0.0,0.0,0.0,0,0,0,1,1,0,0,0,0,2,0,1,113,15,0,0,0,0,0,0,0,1.0,0.00024073182474723158,0.875,0.18408904245376534,0,,multi_full_20260502_195405_0001,2026-05-02T20:39:28.205634,https://www.apnic.net/about-apnic/service-updates/service-announcement-7-december/,https://www.apnic.net/,False,https://www.apnic.net/about-apnic/service-updates/service-announcement-7-december/,https://www.apnic.net/,https://www.apnic.net/about-apnic/service-updates/service-announcement-7-december/,recon_page,2026-05-02T20:39:28.213697
83,1,3,0,0,0,0,1,0,13,0,net,200,2,70827,1025.243,0,0,19,1,cloudflare,0,html,0,0,0,1,7,1,1,1,1,1,1,2,1,2,0,0,0,0,0,0,0,0,1,9,0,0,0,0,1,17,7,8,2,1,168,156,12,1,3,1,26,1,10,1,1,11,1,0,0,0,1,0,0,1,0,0,0,0,0,0,1,1,0,0,0,0,0,0,0,0,0,0,0.0,0.0,0.0,0,0,0,1,1,0,0,0,0,2,0,1,113,15,0,0,0,0,0,0,0,1.0,0.00024002146074237227,0.875,0.18354582292063762,0,,multi_full_20260502_195405_0001,2026-05-02T20:39:46.771191,https://www.apnic.net/about-apnic/service-updates/service-announcement-rpki-outage/,https://www.apnic.net/,False,https://www.apnic.net/about-apnic/service-updates/service-announcement-rpki-outage/,https://www.apnic.net/,https://www.apnic.net/about-apnic/service-updates/service-announcement-rpki-outage/,recon_page,2026-05-02T20:39:46.785332
78,1,3,0,0,0,0,1,0,13,0,net,200,2,70518,1086.023,0,0,19,1,cloudflare,0,html,0,0,0,1,7,1,1,1,1,1,1,2,1,2,0,0,0,0,0,0,0,0,1,9,0,0,0,0,1,17,7,8,2,1,168,156,12,1,3,1,26,1,10,1,1,11,1,0,0,0,1,0,0,1,0,0,0,0,0,0,1,1,0,0,0,0,0,0,0,0,0,0,0.0,0.0,0.0,0,0,0,1,1,0,0,0,0,2,0,1,113,15,0,0,0,0,0,0,0,1.0,0.000241073201168496,0.875,0.1843500950112028,0,,multi_full_20260502_195405_0001,2026-05-02T20:39:49.012752,https://www.apnic.net/about-apnic/service-updates/service-announcement-2-june/,https://www.apnic.net/,False,https://www.apnic.net/about-apnic/service-updates/service-announcement-2-june/,https://www.apnic.net/,https://www.apnic.net/about-apnic/service-updates/service-announcement-2-june/,recon_page,2026-05-02T20:39:49.028181
85,1,3,0,0,0,0,1,0,13,0,net,200,2,70678,905.0899999999999,0,0,19,1,cloudflare,0,html,0,0,0,1,7,1,1,1,1,1,1,2,1,2,0,0,0,0,0,0,0,0,1,9,0,0,0,0,1,17,7,8,2,1,168,156,12,1,3,1,26,1,10,1,1,11,1,0,0,0,1,0,0,1,0,0,0,0,0,0,1,1,0,0,0,0,0,0,0,0,0,0,0.0,0.0,0.0,0,0,0,1,1,0,0,0,0,2,0,1,113,15,0,0,0,0,0,0,0,1.0,0.00024052746257675656,0.875,0.18393276549987267,0,,multi_full_20260502_195405_0001,2026-05-02T20:39:49.315947,https://www.apnic.net/about-apnic/service-updates/service-announcement-31-march-2025/,https://www.apnic.net/,False,https://www.apnic.net/about-apnic/service-updates/service-announcement-31-march-2025/,https://www.apnic.net/,https://www.apnic.net/about-apnic/service-updates/service-announcement-31-march-2025/,recon_page,2026-05-02T20:39:49.325024
84,1,3,0,0,0,0,1,0,13,0,net,200,2,70627,1002.0849999999999,0,0,19,1,cloudflare,0,html,0,0,0,1,7,1,1,1,1,1,1,2,1,2,0,0,0,0,0,0,0,0,1,9,0,0,0,0,1,17,7,8,2,1,168,156,12,1,3,1,26,1,10,1,1,11,1,0,0,0,1,0,0,1,0,0,0,0,0,0,1,1,0,0,0,0,0,0,0,0,0,0,0.0,0.0,0.0,0,0,0,1,1,0,0,0,0,2,0,1,113,15,0,0,0,0,0,0,0,1.0,0.00024070114828606624,0.875,0.18406558398346243,0,,multi_full_20260502_195405_0001,2026-05-02T20:39:50.457378,https://www.apnic.net/about-apnic/service-updates/service-announcement-10-june-2025/,https://www.apnic.net/,False,https://www.apnic.net/about-apnic/service-updates/service-announcement-10-june-2025/,https://www.apnic.net/,https://www.apnic.net/about-apnic/service-updates/service-announcement-10-june-2025/,recon_page,2026-05-02T20:39:50.473212
88,1,3,0,0,0,0,1,0,13,0,net,200,2,70861,889.8040000000001,0,0,19,1,cloudflare,0,html,0,0,0,1,7,1,1,1,1,1,1,2,1,2,0,0,0,0,0,0,0,0,1,9,0,0,0,0,1,17,7,8,2,1,168,156,12,1,3,1,26,1,10,1,1,11,1,0,0,0,1,0,0,1,0,0,0,0,0,0,1,1,0,0,0,0,0,0,0,0,0,0,0.0,0.0,0.0,0,0,0,1,1,0,0,0,0,2,0,1,113,15,0,0,0,0,0,0,0,1.0,0.00023990629542343462,0.875,0.18345775532380293,0,,multi_full_20260502_195405_0001,2026-05-02T20:39:50.717754,https://www.apnic.net/about-apnic/service-updates/service-announcement-10-november-2025/,https://www.apnic.net/,False,https://www.apnic.net/about-apnic/service-updates/service-announcement-10-november-2025/,https://www.apnic.net/,https://www.apnic.net/about-apnic/service-updates/service-announcement-10-november-2025/,recon_page,2026-05-02T20:39:50.727979
83,1,3,0,0,0,0,1,0,13,0,net,200,2,70699,946.584,0,0,19,1,cloudflare,0,html,0,0,0,1,7,1,1,1,1,1,1,2,1,2,0,0,0,0,0,0,0,0,1,9,0,0,0,0,1,17,7,8,2,1,168,156,12,1,3,1,26,1,10,1,1,11,1,0,0,0,1,0,0,1,0,0,0,0,0,0,1,1,0,0,0,0,0,0,0,0,0,0,0.0,0.0,0.0,0,0,0,1,1,0,0,0,0,2,0,1,113,15,0,0,0,0,0,0,0,1.0,0.00024045601776545637,0.875,0.18387813123240782,0,,multi_full_20260502_195405_0001,2026-05-02T20:39:51.267923,https://www.apnic.net/about-apnic/service-updates/service-announcement-17-may-2022/,https://www.apnic.net/,False,https://www.apnic.net/about-apnic/service-updates/service-announcement-17-may-2022/,https://www.apnic.net/,https://www.apnic.net/about-apnic/service-updates/service-announcement-17-may-2022/,recon_page,2026-05-02T20:39:51.275522
95,1,3,0,0,0,0,1,0,13,0,net,200,2,70704,1066.65,0,0,19,1,cloudflare,0,html,0,0,0,1,7,1,1,1,1,1,1,2,1,2,0,0,0,0,0,0,0,0,1,9,0,0,0,0,1,17,7,8,2,1,168,156,12,1,3,1,26,1,10,1,1,11,1,0,0,0,1,0,0,1,0,0,0,0,0,0,1,1,0,0,0,0,0,0,0,0,0,0,0.0,0.0,0.0,0,0,0,1,1,0,0,0,0,2,0,1,113,15,0,0,0,0,0,0,0,1.0,0.000240439013351437,0.875,0.18386512785698123,0,,multi_full_20260502_195405_0001,2026-05-02T20:40:19.449369,https://www.apnic.net/about-apnic/service-updates/network-address-update-for-archive-apnic-net/,https://www.apnic.net/,False,https://www.apnic.net/about-apnic/service-updates/network-address-update-for-archive-apnic-net/,https://www.apnic.net/,https://www.apnic.net/about-apnic/service-updates/network-address-update-for-archive-apnic-net/,recon_page,2026-05-02T20:40:19.456331
84,1,3,0,0,0,0,1,0,13,0,net,200,2,70508,974.157,0,0,19,1,cloudflare,0,html,0,0,0,1,7,1,1,1,1,1,1,2,1,2,0,0,0,0,0,0,0,0,1,9,0,0,0,0,1,17,7,8,2,1,168,156,12,1,3,1,26,1,10,1,1,11,1,0,0,0,1,0,0,1,0,0,0,0,0,0,1,1,0,0,0,0,0,0,0,0,0,0,0.0,0.0,0.0,0,0,0,1,1,0,0,0,0,2,0,1,113,15,0,0,0,0,0,0,0,1.0,0.0002411073920689851,0.875,0.18437624099392977,0,,multi_full_20260502_195405_0001,2026-05-02T20:40:21.381196,https://www.apnic.net/about-apnic/service-updates/service-announcement-24-june-2014/,https://www.apnic.net/,False,https://www.apnic.net/about-apnic/service-updates/service-announcement-24-june-2014/,https://www.apnic.net/,https://www.apnic.net/about-apnic/service-updates/service-announcement-24-june-2014/,recon_page,2026-05-02T20:40:21.388422
87,1,3,0,0,0,0,1,0,13,0,net,200,2,70809,1558.708,0,0,19,1,cloudflare,0,html,0,0,0,1,7,1,1,1,1,1,1,2,1,2,0,0,0,0,0,0,0,0,1,9,0,0,0,0,1,17,7,8,2,1,168,156,12,1,3,1,26,1,10,1,1,11,1,0,0,0,1,0,0,1,0,0,0,0,0,0,1,1,0,0,0,0,0,0,0,0,0,0,0.0,0.0,0.0,0,0,0,1,1,0,0,0,0,2,0,1,113,15,0,0,0,0,0,0,0,1.0,0.00024008247539154627,0.875,0.18359248118177068,0,,multi_full_20260502_195405_0001,2026-05-02T20:40:22.721813,https://www.apnic.net/about-apnic/service-updates/service-announcement-22-january-2020/,https://www.apnic.net/,False,https://www.apnic.net/about-apnic/service-updates/service-announcement-22-january-2020/,https://www.apnic.net/,https://www.apnic.net/about-apnic/service-updates/service-announcement-22-january-2020/,recon_page,2026-05-02T20:40:22.732777
77,1,3,0,0,0,0,1,0,13,0,net,200,2,70472,1020.862,0,0,19,1,cloudflare,0,html,0,0,0,1,7,1,1,1,1,1,1,2,1,2,0,0,0,0,0,0,0,0,1,9,0,0,0,0,1,17,7,8,2,1,168,156,12,1,3,1,26,1,10,1,1,11,1,0,0,0,1,0,0,1,0,0,0,0,0,0,1,1,0,0,0,0,0,0,0,0,0,0,0.0,0.0,0.0,0,0,0,1,1,0,0,0,0,2,0,1,113,15,0,0,0,0,0,0,0,1.0,0.0002412305596548984,0.875,0.1844704279713929,0,,multi_full_20260502_195405_0001,2026-05-02T20:40:44.457753,https://www.apnic.net/about-apnic/service-updates/service-announcement-4-nov/,https://www.apnic.net/,False,https://www.apnic.net/about-apnic/service-updates/service-announcement-4-nov/,https://www.apnic.net/,https://www.apnic.net/about-apnic/service-updates/service-announcement-4-nov/,recon_page,2026-05-02T20:40:44.465281
89,1,3,0,0,0,0,1,0,13,0,net,200,2,71137,918.866,0,0,19,1,cloudflare,0,html,0,0,0,1,7,1,1,1,1,1,1,2,1,2,0,0,0,0,0,0,0,0,1,9,0,0,0,0,1,17,7,8,2,1,169,157,12,1,3,1,26,1,10,1,1,11,1,0,0,0,1,0,0,1,0,0,0,1,0,0,1,1,0,0,0,0,0,0,0,0,0,0,0.0,0.0,0.0,0,0,0,1,1,0,0,0,0,2,0,1,113,15,0,0,0,0,0,0,0,1.0,0.00023897549798276564,0.875,0.18274596904564433,0,,multi_full_20260502_195405_0001,2026-05-02T20:40:44.880180,https://www.apnic.net/about-apnic/service-updates/service-announcement-20-october-2024-2/,https://www.apnic.net/,False,https://www.apnic.net/about-apnic/service-updates/service-announcement-20-october-2024-2/,https://www.apnic.net/,https://www.apnic.net/about-apnic/service-updates/service-announcement-20-october-2024-2/,recon_page,2026-05-02T20:40:44.899797
82,1,3,0,0,0,0,1,0,13,0,net,200,2,70751,915.231,0,0,19,1,cloudflare,0,html,0,0,0,1,7,1,1,1,1,1,1,2,1,2,0,0,0,0,0,0,0,0,1,9,0,0,0,0,1,17,7,8,2,1,168,156,12,1,3,1,26,1,10,1,1,11,1,0,0,0,1,0,0,1,0,0,0,0,0,0,1,1,0,0,0,0,0,0,0,0,0,0,0.0,0.0,0.0,0,0,0,1,1,0,0,0,0,2,0,1,113,15,0,0,0,0,0,0,0,1.0,0.00024027928933866659,0.875,0.1837429859648627,0,,multi_full_20260502_195405_0001,2026-05-02T20:40:45.866027,https://www.apnic.net/about-apnic/service-updates/network-maintenance-7-june-2013/,https://www.apnic.net/,False,https://www.apnic.net/about-apnic/service-updates/network-maintenance-7-june-2013/,https://www.apnic.net/,https://www.apnic.net/about-apnic/service-updates/network-maintenance-7-june-2013/,recon_page,2026-05-02T20:40:45.871168
87,1,3,0,0,0,0,1,0,13,0,net,200,2,70857,907.464,0,0,19,1,cloudflare,0,html,0,0,0,1,7,1,1,1,1,1,1,2,1,2,0,0,0,0,0,0,0,0,1,9,0,0,0,0,1,17,7,8,2,1,168,156,12,1,3,1,26,1,10,1,1,11,1,0,0,0,1,0,0,1,0,0,0,0,0,0,1,1,0,0,0,0,0,0,0,0,0,0,0.0,0.0,0.0,0,0,0,1,1,0,0,0,0,2,0,1,113,15,0,0,0,0,0,0,0,1.0,0.00023991983854806159,0.875,0.18346811183087064,0,,multi_full_20260502_195405_0001,2026-05-02T20:41:05.859214,https://www.apnic.net/about-apnic/service-updates/service-announcement-12-january-2026/,https://www.apnic.net/,False,https://www.apnic.net/about-apnic/service-updates/service-announcement-12-january-2026/,https://www.apnic.net/,https://www.apnic.net/about-apnic/service-updates/service-announcement-12-january-2026/,recon_page,2026-05-02T20:41:05.865064
74,1,3,0,0,0,0,1,0,13,0,net,200,2,70660,962.962,0,0,19,1,cloudflare,0,html,0,0,0,1,7,1,1,1,1,1,1,2,1,2,0,0,0,0,0,0,0,0,1,9,0,0,0,0,1,17,7,8,2,1,168,156,12,1,3,1,26,1,10,1,1,11,1,0,0,0,1,0,0,1,0,0,0,0,0,0,1,1,0,0,0,0,0,0,0,0,0,0,0.0,0.0,0.0,0,0,0,1,1,0,0,0,0,2,0,1,113,15,0,0,0,0,0,0,0,1.0,0.0002405887347863006,0.875,0.18397962071893575,0,,multi_full_20260502_195405_0001,2026-05-02T20:41:09.309561,https://www.apnic.net/about-apnic/service-updates/dnssec-signer-migration/,https://www.apnic.net/,False,https://www.apnic.net/about-apnic/service-updates/dnssec-signer-migration/,https://www.apnic.net/,https://www.apnic.net/about-apnic/service-updates/dnssec-signer-migration/,recon_page,2026-05-02T20:41:09.320994
85,1,3,0,0,0,0,1,0,13,0,net,200,2,70722,916.504,0,0,19,1,cloudflare,0,html,0,0,0,1,7,1,1,1,1,1,1,2,1,2,0,0,0,0,0,0,0,0,1,9,0,0,0,0,1,17,7,8,2,1,168,156,12,1,3,1,26,1,10,1,1,11,1,0,0,0,1,0,0,1,0,0,0,0,0,0,1,1,0,0,0,0,0,0,0,0,0,0,0.0,0.0,0.0,0,0,0,1,1,0,0,0,0,2,0,1,113,15,0,0,0,0,0,0,0,1.0,0.00024037781736941828,0.875,0.18381833092955518,0,,multi_full_20260502_195405_0001,2026-05-02T20:41:09.767353,https://www.apnic.net/about-apnic/service-updates/service-announcement-28-may-2025-2/,https://www.apnic.net/,False,https://www.apnic.net/about-apnic/service-updates/service-announcement-28-may-2025-2/,https://www.apnic.net/,https://www.apnic.net/about-apnic/service-updates/service-announcement-28-may-2025-2/,recon_page,2026-05-02T20:41:09.772553
87,1,3,0,0,0,0,1,0,13,0,net,200,2,70742,920.381,0,0,19,1,cloudflare,0,html,0,0,0,1,7,1,1,1,1,1,1,2,1,2,0,0,0,0,0,0,0,0,1,9,0,0,0,0,1,17,7,8,2,1,168,156,12,1,3,1,26,1,10,1,1,11,1,0,0,0,1,0,0,1,0,0,0,0,0,0,1,1,0,0,0,0,0,0,0,0,0,0,0.0,0.0,0.0,0,0,0,1,1,0,0,0,0,2,0,1,113,15,0,0,0,0,0,0,0,1.0,0.0002403098583585423,0.875,0.1837663622741794,0,,multi_full_20260502_195405_0001,2026-05-02T20:41:10.183537,https://www.apnic.net/about-apnic/service-updates/service-announcement-21-january-2020/,https://www.apnic.net/,False,https://www.apnic.net/about-apnic/service-updates/service-announcement-21-january-2020/,https://www.apnic.net/,https://www.apnic.net/about-apnic/service-updates/service-announcement-21-january-2020/,recon_page,2026-05-02T20:41:10.197887
82,1,3,0,0,0,0,1,0,13,0,net,200,2,71970,853.9060000000001,0,0,19,1,cloudflare,0,html,0,0,0,1,7,1,1,1,1,1,1,2,1,2,0,0,0,0,0,0,0,0,1,9,0,0,0,0,1,17,7,8,2,1,168,156,12,1,3,1,26,1,10,1,1,11,1,0,0,0,1,0,0,1,0,0,0,0,0,0,1,1,0,0,0,0,0,0,0,0,0,0,0.0,0.0,0.0,0,0,0,1,1,0,0,0,0,2,0,1,113,15,0,0,0,0,0,0,0,1.0,0.00023620953174934,0.875,0.18063081839655412,0,,multi_full_20260502_195405_0001,2026-05-02T20:41:11.097424,https://www.apnic.net/about-apnic/service-updates/service-announcement-8-may-2018/,https://www.apnic.net/,False,https://www.apnic.net/about-apnic/service-updates/service-announcement-8-may-2018/,https://www.apnic.net/,https://www.apnic.net/about-apnic/service-updates/service-announcement-8-may-2018/,recon_page,2026-05-02T20:41:11.102787
83,1,3,0,0,0,0,1,0,13,0,net,200,2,70704,972.697,0,0,19,1,cloudflare,0,html,0,0,0,1,7,1,1,1,1,1,1,2,1,2,0,0,0,0,0,0,0,0,1,9,0,0,0,0,1,17,7,8,2,1,168,156,12,1,3,1,26,1,10,1,1,11,1,0,0,0,1,0,0,1,0,0,0,0,0,0,1,1,0,0,0,0,0,0,0,0,0,0,0.0,0.0,0.0,0,0,0,1,1,0,0,0,0,2,0,1,113,15,0,0,0,0,0,0,0,1.0,0.000240439013351437,0.875,0.18386512785698123,0,,multi_full_20260502_195405_0001,2026-05-02T20:41:11.481614,https://www.apnic.net/about-apnic/service-updates/service-announcement-29-may-2025/,https://www.apnic.net/,False,https://www.apnic.net/about-apnic/service-updates/service-announcement-29-may-2025/,https://www.apnic.net/,https://www.apnic.net/about-apnic/service-updates/service-announcement-29-may-2025/,recon_page,2026-05-02T20:41:11.487136
89,1,3,0,0,0,0,1,0,13,0,net,200,2,70596,938.22,0,0,19,1,cloudflare,0,html,0,0,0,1,7,1,1,1,1,1,1,2,1,2,0,0,0,0,0,0,0,0,1,9,0,0,0,0,1,17,7,8,2,1,168,156,12,1,3,1,26,1,10,1,1,11,1,0,0,0,1,0,0,1,0,0,0,0,0,0,1,1,0,0,0,0,0,0,0,0,0,0,0.0,0.0,0.0,0,0,0,1,1,0,0,0,0,2,0,1,113,15,0,0,0,0,0,0,0,1.0,0.00024080684458042948,0.875,0.18414641056150488,0,,multi_full_20260502_195405_0001,2026-05-02T20:41:37.827827,https://www.apnic.net/about-apnic/service-updates/service-announcement-24-september-2014/,https://www.apnic.net/,False,https://www.apnic.net/about-apnic/service-updates/service-announcement-24-september-2014/,https://www.apnic.net/,https://www.apnic.net/about-apnic/service-updates/service-announcement-24-september-2014/,recon_page,2026-05-02T20:41:37.832856
80,1,3,0,0,0,0,1,0,13,0,net,200,2,70573,948.1030000000001,0,0,19,1,cloudflare,0,html,0,0,0,1,7,1,1,1,1,1,1,2,1,2,0,0,0,0,0,0,0,0,1,9,0,0,0,0,1,17,7,8,2,1,168,156,12,1,3,1,26,1,10,1,1,11,1,0,0,0,1,0,0,1,0,0,0,0,0,0,1,1,0,0,0,0,0,0,0,0,0,0,0.0,0.0,0.0,0,0,0,1,1,0,0,0,0,2,0,1,113,15,0,0,0,0,0,0,0,1.0,0.00024088532441585308,0.875,0.18420642455329944,0,,multi_full_20260502_195405_0001,2026-05-02T20:41:39.001321,https://www.apnic.net/about-apnic/service-updates/service-announcement-11-april/,https://www.apnic.net/,False,https://www.apnic.net/about-apnic/service-updates/service-announcement-11-april/,https://www.apnic.net/,https://www.apnic.net/about-apnic/service-updates/service-announcement-11-april/,recon_page,2026-05-02T20:41:39.006131
82,1,3,0,0,0,0,1,0,13,0,net,200,2,70620,1157.432,0,0,19,1,cloudflare,0,html,0,0,0,1,7,1,1,1,1,1,1,2,1,2,0,0,0,0,0,0,0,0,1,9,0,0,0,0,1,17,7,8,2,1,168,156,12,1,3,1,26,1,10,1,1,11,1,0,0,0,1,0,0,1,0,0,0,0,0,0,1,1,0,0,0,0,0,0,0,0,0,0,0.0,0.0,0.0,0,0,0,1,1,0,0,0,0,2,0,1,113,15,0,0,0,0,0,0,0,1.0,0.00024072500708014727,0.875,0.184083828943642,0,,multi_full_20260502_195405_0001,2026-05-02T20:41:40.928114,https://www.apnic.net/about-apnic/service-updates/service-announcement-8-november/,https://www.apnic.net/,False,https://www.apnic.net/about-apnic/service-updates/service-announcement-8-november/,https://www.apnic.net/,https://www.apnic.net/about-apnic/service-updates/service-announcement-8-november/,recon_page,2026-05-02T20:41:40.934171
83,1,3,0,0,0,0,1,0,13,0,net,200,2,70699,892.725,0,0,19,1,cloudflare,0,html,0,0,0,1,7,1,1,1,1,1,1,2,1,2,0,0,0,0,0,0,0,0,1,9,0,0,0,0,1,17,7,8,2,1,168,156,12,1,3,1,26,1,10,1,1,11,1,0,0,0,1,0,0,1,0,0,0,0,0,0,1,1,0,0,0,0,0,0,0,0,0,0,0.0,0.0,0.0,0,0,0,1,1,0,0,0,0,2,0,1,113,15,0,0,0,0,0,0,0,1.0,0.00024045601776545637,0.875,0.18387813123240782,0,,multi_full_20260502_195405_0001,2026-05-02T20:42:03.687089,https://www.apnic.net/about-apnic/service-updates/service-announcement-14-sep-2009/,https://www.apnic.net/,False,https://www.apnic.net/about-apnic/service-updates/service-announcement-14-sep-2009/,https://www.apnic.net/,https://www.apnic.net/about-apnic/service-updates/service-announcement-14-sep-2009/,recon_page,2026-05-02T20:42:03.693627
86,1,3,0,0,0,0,1,0,13,0,net,200,2,70751,1153.366,0,0,19,1,cloudflare,0,html,0,0,0,1,7,1,1,1,1,1,1,2,1,2,0,0,0,0,0,0,0,0,1,9,0,0,0,0,1,17,7,8,2,1,168,156,12,1,3,1,26,1,10,1,1,11,1,0,0,0,1,0,0,1,0,0,0,0,0,0,1,1,0,0,0,0,0,0,0,0,0,0,0.0,0.0,0.0,0,0,0,1,1,0,0,0,0,2,0,1,113,15,0,0,0,0,0,0,0,1.0,0.00024027928933866659,0.875,0.1837429859648627,0,,multi_full_20260502_195405_0001,2026-05-02T20:42:04.230008,https://www.apnic.net/about-apnic/service-updates/service-announcement-9-october-2010/,https://www.apnic.net/,False,https://www.apnic.net/about-apnic/service-updates/service-announcement-9-october-2010/,https://www.apnic.net/,https://www.apnic.net/about-apnic/service-updates/service-announcement-9-october-2010/,recon_page,2026-05-02T20:42:04.233955
89,1,3,0,0,0,0,1,0,13,0,net,200,2,70938,974.847,0,0,19,1,cloudflare,0,html,0,0,0,1,7,1,1,1,1,1,1,2,1,2,0,0,0,0,0,0,0,0,1,9,0,0,0,0,1,17,7,8,2,1,168,156,12,1,3,1,26,1,10,1,1,11,1,0,0,0,1,0,0,1,0,0,0,0,0,0,1,1,0,0,0,0,0,0,0,0,0,0,0.0,0.0,0.0,0,0,0,1,1,0,0,0,0,2,0,1,113,15,0,0,0,0,0,0,0,1.0,0.00023964588795849897,0.875,0.18325862020355804,0,,multi_full_20260502_195405_0001,2026-05-02T20:42:05.195744,https://www.apnic.net/about-apnic/service-updates/service-announcement-18-september-2015/,https://www.apnic.net/,False,https://www.apnic.net/about-apnic/service-updates/service-announcement-18-september-2015/,https://www.apnic.net/,https://www.apnic.net/about-apnic/service-updates/service-announcement-18-september-2015/,recon_page,2026-05-02T20:42:05.206312
87,1,3,0,0,0,0,1,0,13,0,net,200,2,71738,979.994,0,0,19,1,cloudflare,0,html,0,0,0,1,7,1,1,1,1,1,1,2,1,2,0,0,0,0,0,0,0,0,1,9,0,0,0,0,1,17,7,8,2,1,168,156,12,1,3,1,26,1,10,1,1,11,1,0,0,0,1,0,0,1,0,0,0,0,0,0,1,1,0,0,0,0,0,0,0,0,0,0,0.0,0.0,0.0,0,0,0,1,1,0,0,0,0,2,0,1,113,15,0,0,0,0,0,0,0,1.0,0.00023697343109649002,0.875,0.1812149767208453,0,,multi_full_20260502_195405_0001,2026-05-02T20:42:23.351451,https://www.apnic.net/about-apnic/service-updates/service-announcement-10-october-2024/,https://www.apnic.net/,False,https://www.apnic.net/about-apnic/service-updates/service-announcement-10-october-2024/,https://www.apnic.net/,https://www.apnic.net/about-apnic/service-updates/service-announcement-10-october-2024/,recon_page,2026-05-02T20:42:23.357304
83,1,3,0,0,0,0,1,0,13,0,net,200,2,70932,1173.4759999999999,0,0,19,1,cloudflare,0,html,0,0,0,1,7,1,1,1,1,1,1,2,1,2,0,0,0,0,0,0,0,0,1,9,0,0,0,0,1,17,7,8,2,1,168,156,12,1,3,1,26,1,10,1,1,11,1,0,0,0,1,0,0,1,0,0,0,0,0,0,1,1,0,0,0,0,0,0,0,0,0,0,0.0,0.0,0.0,0,0,0,1,1,0,0,0,0,2,0,1,113,15,0,0,0,0,0,0,0,1.0,0.00023966615913832966,0.875,0.1832741216940168,0,,multi_full_20260502_195405_0001,2026-05-02T20:42:27.599892,https://www.apnic.net/about-apnic/service-updates/service-announcement-10-may-2017/,https://www.apnic.net/,False,https://www.apnic.net/about-apnic/service-updates/service-announcement-10-may-2017/,https://www.apnic.net/,https://www.apnic.net/about-apnic/service-updates/service-announcement-10-may-2017/,recon_page,2026-05-02T20:42:27.607858
87,1,3,0,0,0,0,1,0,13,0,net,200,2,70791,883.374,0,0,19,1,cloudflare,0,html,0,0,0,1,7,1,1,1,1,1,1,2,1,2,0,0,0,0,0,0,0,0,1,9,0,0,0,0,1,17,7,8,2,1,168,156,12,1,3,1,26,1,10,1,1,11,1,0,0,0,1,0,0,1,0,0,0,0,0,0,1,1,0,0,0,0,0,0,0,0,0,0,0.0,0.0,0.0,0,0,0,1,1,0,0,0,0,2,0,1,113,15,0,0,0,0,0,0,0,1.0,0.00024014352106906244,0.875,0.18363916317045953,0,,multi_full_20260502_195405_0001,2026-05-02T20:42:27.935733,https://www.apnic.net/about-apnic/service-updates/service-announcement-26-january-2011/,https://www.apnic.net/,False,https://www.apnic.net/about-apnic/service-updates/service-announcement-26-january-2011/,https://www.apnic.net/,https://www.apnic.net/about-apnic/service-updates/service-announcement-26-january-2011/,recon_page,2026-05-02T20:42:27.939592
89,1,3,0,0,0,0,1,0,13,0,net,200,2,71270,919.822,0,0,19,1,cloudflare,0,html,0,0,0,1,7,1,1,1,1,1,1,2,1,2,0,0,0,0,0,0,0,0,1,9,0,0,0,0,1,17,7,8,2,1,168,156,12,1,3,1,26,1,10,1,1,11,1,0,0,0,1,0,0,1,0,0,0,0,0,0,1,1,0,0,0,0,0,0,0,0,0,0,0.0,0.0,0.0,0,0,0,1,1,0,0,0,0,2,0,1,113,15,0,0,0,0,0,0,0,1.0,0.00023852953556896309,0.875,0.1824049389645012,0,,multi_full_20260502_195405_0001,2026-05-02T20:42:28.434735,https://www.apnic.net/about-apnic/service-updates/service-announcement-26-september-2024/,https://www.apnic.net/,False,https://www.apnic.net/about-apnic/service-updates/service-announcement-26-september-2024/,https://www.apnic.net/,https://www.apnic.net/about-apnic/service-updates/service-announcement-26-september-2024/,recon_page,2026-05-02T20:42:28.443367
84,1,3,0,0,0,0,1,0,13,0,net,200,2,70817,1476.2,0,0,19,1,cloudflare,0,html,0,0,0,1,7,1,1,1,1,1,1,2,1,2,0,0,0,0,0,0,0,0,1,9,0,0,0,0,1,17,7,8,2,1,168,156,12,1,3,1,26,1,10,1,1,11,1,0,0,0,1,0,0,1,0,0,0,0,0,0,1,1,0,0,0,0,0,0,0,0,0,0,0.0,0.0,0.0,0,0,0,1,1,0,0,0,0,2,0,1,113,15,0,0,0,0,0,0,0,1.0,0.00024005535394043803,0.875,0.18357174124857029,0,,multi_full_20260502_195405_0001,2026-05-02T20:42:28.877756,https://www.apnic.net/about-apnic/service-updates/service-announcement-8-april-2025/,https://www.apnic.net/,False,https://www.apnic.net/about-apnic/service-updates/service-announcement-8-april-2025/,https://www.apnic.net/,https://www.apnic.net/about-apnic/service-updates/service-announcement-8-april-2025/,recon_page,2026-05-02T20:42:28.887993
92,1,3,0,0,0,0,1,0,13,0,net,200,2,70968,908.6659999999999,0,0,19,1,cloudflare,0,html,0,0,0,1,7,1,1,1,1,1,1,2,1,2,0,0,0,0,0,0,0,0,1,9,0,0,0,0,1,17,7,8,2,1,168,156,12,1,3,1,26,1,10,1,1,11,1,0,0,0,1,0,0,1,0,0,0,0,0,0,1,1,0,0,0,0,0,0,0,0,0,0,0.0,0.0,0.0,0,0,0,1,1,0,0,0,0,2,0,1,113,15,0,0,0,0,0,0,0,1.0,0.0002395445834742419,0.875,0.1831811520685379,0,,multi_full_20260502_195405_0001,2026-05-02T20:42:29.308587,https://www.apnic.net/about-apnic/service-updates/radb-not-accurately-mirroring-apnic-whois/,https://www.apnic.net/,False,https://www.apnic.net/about-apnic/service-updates/radb-not-accurately-mirroring-apnic-whois/,https://www.apnic.net/,https://www.apnic.net/about-apnic/service-updates/radb-not-accurately-mirroring-apnic-whois/,recon_page,2026-05-02T20:42:29.314104
87,1,3,0,0,0,0,1,0,13,0,net,200,2,70835,1108.313,0,0,19,1,cloudflare,0,html,0,0,0,1,7,1,1,1,1,1,1,2,1,2,0,0,0,0,0,0,0,0,1,9,0,0,0,0,1,17,7,8,2,1,168,156,12,1,3,1,26,1,10,1,1,11,1,0,0,0,1,0,0,1,0,0,0,0,0,0,1,1,0,0,0,0,0,0,0,0,0,0,0.0,0.0,0.0,0,0,0,1,1,0,0,0,0,2,0,1,113,15,0,0,0,0,0,0,0,1.0,0.0002399943530740453,0.875,0.18352509352721114,0,,multi_full_20260502_195405_0001,2026-05-02T20:42:57.866198,https://www.apnic.net/about-apnic/service-updates/service-announcement-17-october-2020/,https://www.apnic.net/,False,https://www.apnic.net/about-apnic/service-updates/service-announcement-17-october-2020/,https://www.apnic.net/,https://www.apnic.net/about-apnic/service-updates/service-announcement-17-october-2020/,recon_page,2026-05-02T20:42:57.874269
85,1,3,0,0,0,0,1,0,13,0,net,200,2,70878,948.824,0,0,19,1,cloudflare,0,html,0,0,0,1,7,1,1,1,1,1,1,2,1,2,0,0,0,0,0,0,0,0,1,9,0,0,0,0,1,17,7,8,2,1,168,156,12,1,3,1,26,1,10,1,1,11,1,0,0,0,1,0,0,1,0,0,0,0,0,0,1,1,0,0,0,0,0,0,0,0,0,0,0.0,0.0,0.0,0,0,0,1,1,0,0,0,0,2,0,1,113,15,0,0,0,0,0,0,0,1.0,0.0002398487541973532,0.875,0.18341375320974068,0,,multi_full_20260502_195405_0001,2026-05-02T20:42:59.102971,https://www.apnic.net/about-apnic/service-updates/service-announcement-26-march-2025/,https://www.apnic.net/,False,https://www.apnic.net/about-apnic/service-updates/service-announcement-26-march-2025/,https://www.apnic.net/,https://www.apnic.net/about-apnic/service-updates/service-announcement-26-march-2025/,recon_page,2026-05-02T20:42:59.112115
85,1,3,0,0,0,0,1,0,13,0,net,200,2,77451,1238.258,0,0,19,1,cloudflare,0,html,0,0,0,1,7,1,1,1,1,1,1,2,1,2,0,0,0,0,0,0,0,0,1,9,0,0,0,0,1,17,7,8,2,1,168,156,12,1,3,1,26,1,10,1,1,11,1,0,0,0,1,0,0,1,0,0,0,1,0,0,1,1,0,0,0,0,0,0,0,0,0,0,0.0,0.0,0.0,0,0,0,1,1,0,0,0,0,2,0,1,113,15,0,0,0,0,0,0,0,1.0,0.00021949361531807207,0.875,0.16784805877264336,0,,multi_full_20260502_195405_0001,2026-05-02T20:43:01.166464,https://www.apnic.net/about-apnic/service-updates/service-announcement-15-march-2016/,https://www.apnic.net/,False,https://www.apnic.net/about-apnic/service-updates/service-announcement-15-march-2016/,https://www.apnic.net/,https://www.apnic.net/about-apnic/service-updates/service-announcement-15-march-2016/,recon_page,2026-05-02T20:43:01.180542
86,1,3,0,0,0,0,1,0,13,0,net,200,2,70621,1028.079,0,0,19,1,cloudflare,0,html,0,0,0,1,7,1,1,1,1,1,1,2,1,2,0,0,0,0,0,0,0,0,1,9,0,0,0,0,1,17,7,8,2,1,168,156,12,1,3,1,26,1,10,1,1,11,1,0,0,0,1,0,0,1,0,0,0,0,0,0,1,1,0,0,0,0,0,0,0,0,0,0,0.0,0.0,0.0,0,0,0,1,1,0,0,0,0,2,0,1,113,15,0,0,0,0,0,0,0,1.0,0.00024072159839141333,0.875,0.1840812222993161,0,,multi_full_20260502_195405_0001,2026-05-02T20:43:25.241622,https://www.apnic.net/about-apnic/service-updates/service-announcement-06-august-2021/,https://www.apnic.net/,False,https://www.apnic.net/about-apnic/service-updates/service-announcement-06-august-2021/,https://www.apnic.net/,https://www.apnic.net/about-apnic/service-updates/service-announcement-06-august-2021/,recon_page,2026-05-02T20:43:25.261319
85,1,3,0,0,0,0,1,0,13,0,net,200,2,71425,912.3059999999999,0,0,19,1,cloudflare,0,html,0,0,0,1,7,1,1,1,1,1,1,2,1,2,0,0,0,0,0,0,0,0,1,9,0,0,0,0,1,17,7,8,2,1,168,156,12,1,3,1,26,1,10,1,1,11,1,0,0,0,1,0,0,1,0,0,0,1,0,0,1,1,0,0,0,0,0,0,0,0,0,0,0.0,0.0,0.0,0,0,0,1,1,0,0,0,0,2,0,1,113,15,0,0,0,0,0,0,0,1.0,0.00023801190059502975,0.875,0.18200910045502275,0,,multi_full_20260502_195405_0001,2026-05-02T20:43:26.374734,https://www.apnic.net/about-apnic/service-updates/service-announcement-24-march-2026/,https://www.apnic.net/,False,https://www.apnic.net/about-apnic/service-updates/service-announcement-24-march-2026/,https://www.apnic.net/,https://www.apnic.net/about-apnic/service-updates/service-announcement-24-march-2026/,recon_page,2026-05-02T20:43:26.385012
85,1,3,0,0,0,0,1,0,13,0,net,200,2,70850,2088.054,0,0,19,1,cloudflare,0,html,0,0,0,1,7,1,1,1,1,1,1,2,1,2,0,0,0,0,0,0,0,0,1,9,0,0,0,0,1,17,7,8,2,1,168,156,12,1,3,1,26,1,10,1,1,11,1,0,0,0,1,0,0,1,0,0,0,0,0,0,1,1,0,0,0,0,0,0,0,0,0,0,0.0,0.0,0.0,0,0,0,1,1,0,0,0,0,2,0,1,113,15,0,0,0,0,0,0,0,1.0,0.00023994354269583627,0.875,0.1834862385321101,0,,multi_full_20260502_195405_0001,2026-05-02T20:43:26.744918,https://www.apnic.net/about-apnic/service-updates/service-announcement-17-march-2026/,https://www.apnic.net/,False,https://www.apnic.net/about-apnic/service-updates/service-announcement-17-march-2026/,https://www.apnic.net/,https://www.apnic.net/about-apnic/service-updates/service-announcement-17-march-2026/,recon_page,2026-05-02T20:43:26.754134
88,1,3,0,0,0,0,1,0,13,0,net,200,2,70678,934.1709999999999,0,0,19,1,cloudflare,0,html,0,0,0,1,7,1,1,1,1,1,1,2,1,2,0,0,0,0,0,0,0,0,1,9,0,0,0,0,1,17,7,8,2,1,168,156,12,1,3,1,26,1,10,1,1,11,1,0,0,0,1,0,0,1,0,0,0,0,0,0,1,1,0,0,0,0,0,0,0,0,0,0,0.0,0.0,0.0,0,0,0,1,1,0,0,0,0,2,0,1,113,15,0,0,0,0,0,0,0,1.0,0.00024052746257675656,0.875,0.18393276549987267,0,,multi_full_20260502_195405_0001,2026-05-02T20:43:45.493599,https://www.apnic.net/about-apnic/service-updates/scheduled-maintenance-6-november-2017/,https://www.apnic.net/,False,https://www.apnic.net/about-apnic/service-updates/scheduled-maintenance-6-november-2017/,https://www.apnic.net/,https://www.apnic.net/about-apnic/service-updates/scheduled-maintenance-6-november-2017/,recon_page,2026-05-02T20:43:45.498844
83,1,3,0,0,0,0,1,0,13,0,net,200,2,70664,916.774,0,0,19,1,cloudflare,0,html,0,0,0,1,7,1,1,1,1,1,1,2,1,2,0,0,0,0,0,0,0,0,1,9,0,0,0,0,1,17,7,8,2,1,168,156,12,1,3,1,26,1,10,1,1,11,1,0,0,0,1,0,0,1,0,0,0,0,0,0,1,1,0,0,0,0,0,0,0,0,0,0,0.0,0.0,0.0,0,0,0,1,1,0,0,0,0,2,0,1,113,15,0,0,0,0,0,0,0,1.0,0.0002405751160421148,0.875,0.1839692063851466,0,,multi_full_20260502_195405_0001,2026-05-02T20:43:49.961373,https://www.apnic.net/about-apnic/service-updates/service-announcement-7-july-2010/,https://www.apnic.net/,False,https://www.apnic.net/about-apnic/service-updates/service-announcement-7-july-2010/,https://www.apnic.net/,https://www.apnic.net/about-apnic/service-updates/service-announcement-7-july-2010/,recon_page,2026-05-02T20:43:49.978183
82,1,3,0,0,0,0,1,0,13,0,net,200,2,70965,1199.394,0,0,19,1,cloudflare,0,html,0,0,0,1,7,1,1,1,1,1,1,2,1,2,0,0,0,0,0,0,0,0,1,9,0,0,0,0,1,17,7,8,2,1,169,157,12,1,3,1,26,1,10,1,1,11,1,0,0,0,1,0,0,1,0,0,0,0,0,0,1,1,0,0,0,0,0,0,0,0,0,0,0.0,0.0,0.0,0,0,0,1,1,0,0,0,0,2,0,1,114,15,0,0,0,0,0,0,0,1.0,0.00023955471006834354,0.875,0.18318889593461565,0,,multi_full_20260502_195405_0001,2026-05-02T20:43:50.211339,https://www.apnic.net/about-apnic/service-updates/service-announcement-1-december/,https://www.apnic.net/,False,https://www.apnic.net/about-apnic/service-updates/service-announcement-1-december/,https://www.apnic.net/,https://www.apnic.net/about-apnic/service-updates/service-announcement-1-december/,recon_page,2026-05-02T20:43:50.221490
83,1,3,0,0,0,0,1,0,13,0,net,200,2,70640,915.516,0,0,19,1,cloudflare,0,html,0,0,0,1,7,1,1,1,1,1,1,2,1,2,0,0,0,0,0,0,0,0,1,9,0,0,0,0,1,17,7,8,2,1,168,156,12,1,3,1,26,1,10,1,1,11,1,0,0,0,1,0,0,1,0,0,0,0,0,0,1,1,0,0,0,0,0,0,0,0,0,0,0.0,0.0,0.0,0,0,0,1,1,0,0,0,0,2,0,1,113,15,0,0,0,0,0,0,0,1.0,0.0002406568516421291,0.875,0.18403171007927518,0,,multi_full_20260502_195405_0001,2026-05-02T20:43:50.945033,https://www.apnic.net/about-apnic/service-updates/service-announcement-23-may-2024/,https://www.apnic.net/,False,https://www.apnic.net/about-apnic/service-updates/service-announcement-23-may-2024/,https://www.apnic.net/,https://www.apnic.net/about-apnic/service-updates/service-announcement-23-may-2024/,recon_page,2026-05-02T20:43:50.950988
83,1,3,0,0,0,0,1,0,13,0,net,200,2,70928,1535.366,0,0,19,1,cloudflare,0,html,0,0,0,1,7,1,1,1,1,1,1,2,1,2,0,0,0,0,0,0,0,0,1,9,0,0,0,0,1,17,7,8,2,1,168,156,12,1,3,1,26,1,10,1,1,11,1,0,0,0,1,0,0,1,0,0,0,0,0,0,1,1,0,0,0,0,0,0,0,0,0,0,0.0,0.0,0.0,0,0,0,1,1,0,0,0,0,2,0,1,113,15,0,0,0,0,0,0,0,1.0,0.00023967967516354613,0.875,0.18328445747800587,0,,multi_full_20260502_195405_0001,2026-05-02T20:43:51.521471,https://www.apnic.net/about-apnic/service-updates/service-announcement-04-may-2017/,https://www.apnic.net/,False,https://www.apnic.net/about-apnic/service-updates/service-announcement-04-may-2017/,https://www.apnic.net/,https://www.apnic.net/about-apnic/service-updates/service-announcement-04-may-2017/,recon_page,2026-05-02T20:43:51.525525
87,1,3,0,0,0,0,1,0,13,0,net,200,2,71069,931.847,0,0,19,1,cloudflare,0,html,0,0,0,1,7,1,1,1,1,1,1,2,1,2,0,0,0,0,0,0,0,0,1,9,0,0,0,0,1,17,7,8,2,1,168,156,12,1,3,1,26,1,10,1,1,11,1,0,0,0,1,0,0,1,0,0,0,0,0,0,1,1,0,0,0,0,0,0,0,0,0,0,0.0,0.0,0.0,0,0,0,1,1,0,0,0,0,2,0,1,113,15,0,0,0,0,0,0,0,1.0,0.00023920415370977502,0.875,0.18292082342512206,0,,multi_full_20260502_195405_0001,2026-05-02T20:43:52.260989,https://www.apnic.net/about-apnic/service-updates/service-announcement-31-october-2016/,https://www.apnic.net/,False,https://www.apnic.net/about-apnic/service-updates/service-announcement-31-october-2016/,https://www.apnic.net/,https://www.apnic.net/about-apnic/service-updates/service-announcement-31-october-2016/,recon_page,2026-05-02T20:43:52.269848
83,1,3,0,0,0,0,1,0,13,0,net,200,2,70679,1009.3380000000001,0,0,19,1,cloudflare,0,html,0,0,0,1,7,1,1,1,1,1,1,2,1,2,0,0,0,0,0,0,0,0,1,9,0,0,0,0,1,17,7,8,2,1,168,156,12,1,3,1,26,1,10,1,1,11,1,0,0,0,1,0,0,1,0,0,0,0,0,0,1,1,0,0,0,0,0,0,0,0,0,0,0.0,0.0,0.0,0,0,0,1,1,0,0,0,0,2,0,1,113,15,0,0,0,0,0,0,0,1.0,0.00024052405948018506,0.875,0.18393016313190622,0,,multi_full_20260502_195405_0001,2026-05-02T20:44:17.654621,https://www.apnic.net/about-apnic/service-updates/service-announcement-02-may-2019/,https://www.apnic.net/,False,https://www.apnic.net/about-apnic/service-updates/service-announcement-02-may-2019/,https://www.apnic.net/,https://www.apnic.net/about-apnic/service-updates/service-announcement-02-may-2019/,recon_page,2026-05-02T20:44:17.658441
87,1,3,0,0,0,0,1,0,13,0,net,200,2,70803,1473.245,0,0,19,1,cloudflare,0,html,0,0,0,1,7,1,1,1,1,1,1,2,1,2,0,0,0,0,0,0,0,0,1,9,0,0,0,0,1,17,7,8,2,1,168,156,12,1,3,1,26,1,10,1,1,11,1,0,0,0,1,0,0,1,0,0,0,0,0,0,1,1,0,0,0,0,0,0,0,0,0,0,0.0,0.0,0.0,0,0,0,1,1,0,0,0,0,2,0,1,113,15,0,0,0,0,0,0,0,1.0,0.00024010282050195613,0.875,0.18360803920737823,0,,multi_full_20260502_195405_0001,2026-05-02T20:44:19.634548,https://www.apnic.net/about-apnic/service-updates/service-announcement-10-october-2025/,https://www.apnic.net/,False,https://www.apnic.net/about-apnic/service-updates/service-announcement-10-october-2025/,https://www.apnic.net/,https://www.apnic.net/about-apnic/service-updates/service-announcement-10-october-2025/,recon_page,2026-05-02T20:44:19.641465
86,1,3,0,0,0,0,1,0,13,0,net,200,2,72378,1016.4040000000001,0,0,19,1,cloudflare,0,html,0,0,0,1,7,1,1,1,1,1,1,2,1,2,0,0,0,0,0,0,0,0,1,9,0,0,0,0,1,17,7,8,2,1,168,156,12,1,3,1,26,1,10,1,1,11,1,0,0,0,1,0,0,1,0,0,0,0,0,0,1,1,0,0,0,0,0,0,0,0,0,0,0.0,0.0,0.0,0,0,0,1,1,0,0,0,0,2,0,1,113,15,0,0,0,0,0,0,0,1.0,0.00023487800160269695,0.875,0.1796125894608859,0,,multi_full_20260502_195405_0001,2026-05-02T20:44:21.163283,https://www.apnic.net/about-apnic/service-updates/service-announcement-28-august-2018/,https://www.apnic.net/,False,https://www.apnic.net/about-apnic/service-updates/service-announcement-28-august-2018/,https://www.apnic.net/,https://www.apnic.net/about-apnic/service-updates/service-announcement-28-august-2018/,recon_page,2026-05-02T20:44:21.179610
87,1,3,0,0,0,0,1,0,13,0,net,200,2,70843,1043.817,0,0,19,1,cloudflare,0,html,0,0,0,1,7,1,1,1,1,1,1,2,1,2,0,0,0,0,0,0,0,0,1,9,0,0,0,0,1,17,7,8,2,1,168,156,12,1,3,1,26,1,10,1,1,11,1,0,0,0,1,0,0,1,0,0,0,0,0,0,1,1,0,0,0,0,0,0,0,0,0,0,0.0,0.0,0.0,0,0,0,1,1,0,0,0,0,2,0,1,113,15,0,0,0,0,0,0,0,1.0,0.00023996725152802676,0.875,0.18350436881554988,0,,multi_full_20260502_195405_0001,2026-05-02T20:44:43.490387,https://www.apnic.net/about-apnic/service-updates/service-announcement-10-january-2018/,https://www.apnic.net/,False,https://www.apnic.net/about-apnic/service-updates/service-announcement-10-january-2018/,https://www.apnic.net/,https://www.apnic.net/about-apnic/service-updates/service-announcement-10-january-2018/,recon_page,2026-05-02T20:44:43.495536
86,1,3,0,0,0,0,1,0,13,0,net,200,2,70865,914.443,0,0,19,1,cloudflare,0,html,0,0,0,1,7,1,1,1,1,1,1,2,1,2,0,0,0,0,0,0,0,0,1,9,0,0,0,0,1,17,7,8,2,1,168,156,12,1,3,1,26,1,10,1,1,11,1,0,0,0,1,0,0,1,0,0,0,0,0,0,1,1,0,0,0,0,0,0,0,0,0,0,0.0,0.0,0.0,0,0,0,1,1,0,0,0,0,2,0,1,113,15,0,0,0,0,0,0,0,1.0,0.00023989275382770055,0.875,0.1834473999858887,0,,multi_full_20260502_195405_0001,2026-05-02T20:44:44.879538,https://www.apnic.net/about-apnic/service-updates/service-announcement-10-august-2010/,https://www.apnic.net/,False,https://www.apnic.net/about-apnic/service-updates/service-announcement-10-august-2010/,https://www.apnic.net/,https://www.apnic.net/about-apnic/service-updates/service-announcement-10-august-2010/,recon_page,2026-05-02T20:44:44.886300
86,1,3,0,0,0,0,1,0,13,0,net,200,2,70666,906.711,0,0,19,1,cloudflare,0,html,0,0,0,1,7,1,1,1,1,1,1,2,1,2,0,0,0,0,0,0,0,0,1,9,0,0,0,0,1,17,7,8,2,1,168,156,12,1,3,1,26,1,10,1,1,11,1,0,0,0,1,0,0,1,0,0,0,0,0,0,1,1,0,0,0,0,0,0,0,0,0,0,0.0,0.0,0.0,0,0,0,1,1,0,0,0,0,2,0,1,113,15,0,0,0,0,0,0,0,1.0,0.0002405683072481816,0.875,0.18396399966037416,0,,multi_full_20260502_195405_0001,2026-05-02T20:44:45.209991,https://www.apnic.net/about-apnic/service-updates/service-announcement-22-july-2014-2/,https://www.apnic.net/,False,https://www.apnic.net/about-apnic/service-updates/service-announcement-22-july-2014-2/,https://www.apnic.net/,https://www.apnic.net/about-apnic/service-updates/service-announcement-22-july-2014-2/,recon_page,2026-05-02T20:44:45.215643
83,1,3,0,0,0,0,1,0,13,0,net,200,2,70620,1490.019,0,0,19,1,cloudflare,0,html,0,0,0,1,7,1,1,1,1,1,1,2,1,2,0,0,0,0,0,0,0,0,1,9,0,0,0,0,1,17,7,8,2,1,168,156,12,1,3,1,26,1,10,1,1,11,1,0,0,0,1,0,0,1,0,0,0,0,0,0,1,1,0,0,0,0,0,0,0,0,0,0,0.0,0.0,0.0,0,0,0,1,1,0,0,0,0,2,0,1,113,15,0,0,0,0,0,0,0,1.0,0.00024072500708014727,0.875,0.184083828943642,0,,multi_full_20260502_195405_0001,2026-05-02T20:45:04.042012,https://www.apnic.net/about-apnic/service-updates/service-announcement-28-may-2025/,https://www.apnic.net/,False,https://www.apnic.net/about-apnic/service-updates/service-announcement-28-may-2025/,https://www.apnic.net/,https://www.apnic.net/about-apnic/service-updates/service-announcement-28-may-2025/,recon_page,2026-05-02T20:45:04.060701
94,1,3,0,0,0,0,1,0,13,0,net,200,2,70748,1004.5029999999999,0,0,19,1,cloudflare,0,html,0,0,0,1,7,1,1,1,1,1,1,2,1,2,0,0,0,0,0,0,0,0,1,9,0,0,0,0,1,17,7,8,2,1,168,156,12,1,3,1,26,1,10,1,1,11,1,0,0,0,1,0,0,1,0,0,0,0,0,0,1,1,0,0,0,0,0,0,0,0,0,0,0.0,0.0,0.0,0,0,0,1,1,0,0,0,0,2,0,1,113,15,0,0,0,0,0,0,0,1.0,0.00024028947814779217,0.875,0.18375077740713516,0,,multi_full_20260502_195405_0001,2026-05-02T20:45:09.454917,https://www.apnic.net/about-apnic/service-updates/network-maintenance-tuesday-1-december-2009/,https://www.apnic.net/,False,https://www.apnic.net/about-apnic/service-updates/network-maintenance-tuesday-1-december-2009/,https://www.apnic.net/,https://www.apnic.net/about-apnic/service-updates/network-maintenance-tuesday-1-december-2009/,recon_page,2026-05-02T20:45:09.460644
86,1,3,0,0,0,0,1,0,13,0,net,200,2,70660,1111.718,0,0,19,1,cloudflare,0,html,0,0,0,1,7,1,1,1,1,1,1,2,1,2,0,0,0,0,0,0,0,0,1,9,0,0,0,0,1,17,7,8,2,1,168,156,12,1,3,1,26,1,10,1,1,11,1,0,0,0,1,0,0,1,0,0,0,0,0,0,1,1,0,0,0,0,0,0,0,0,0,0,0.0,0.0,0.0,0,0,0,1,1,0,0,0,0,2,0,1,113,15,0,0,0,0,0,0,0,1.0,0.0002405887347863006,0.875,0.18397962071893575,0,,multi_full_20260502_195405_0001,2026-05-02T20:45:10.092624,https://www.apnic.net/about-apnic/service-updates/service-announcement-03-august-2023/,https://www.apnic.net/,False,https://www.apnic.net/about-apnic/service-updates/service-announcement-03-august-2023/,https://www.apnic.net/,https://www.apnic.net/about-apnic/service-updates/service-announcement-03-august-2023/,recon_page,2026-05-02T20:45:10.097461
84,1,3,0,0,0,0,1,0,13,0,net,200,2,70821,915.361,0,0,19,1,cloudflare,0,html,0,0,0,1,7,1,1,1,1,1,1,2,1,2,0,0,0,0,0,0,0,0,1,9,0,0,0,0,1,17,7,8,2,1,168,156,12,1,3,1,26,1,10,1,1,11,1,0,0,0,1,0,0,1,0,0,0,0,0,0,1,1,0,0,0,0,0,0,0,0,0,0,0.0,0.0,0.0,0,0,0,1,1,0,0,0,0,2,0,1,113,15,0,0,0,0,0,0,0,1.0,0.00024004179551263043,0.875,0.18356137303907033,0,,multi_full_20260502_195405_0001,2026-05-02T20:45:10.510291,https://www.apnic.net/about-apnic/service-updates/service-announcement-27-june-2020/,https://www.apnic.net/,False,https://www.apnic.net/about-apnic/service-updates/service-announcement-27-june-2020/,https://www.apnic.net/,https://www.apnic.net/about-apnic/service-updates/service-announcement-27-june-2020/,recon_page,2026-05-02T20:45:10.514925
82,1,3,0,0,0,0,1,0,13,0,net,200,2,70618,863.9019999999999,0,0,19,1,cloudflare,0,html,0,0,0,1,7,1,1,1,1,1,1,2,1,2,0,0,0,0,0,0,0,0,1,9,0,0,0,0,1,17,7,8,2,1,168,156,12,1,3,1,26,1,10,1,1,11,1,0,0,0,1,0,0,1,0,0,0,0,0,0,1,1,0,0,0,0,0,0,0,0,0,0,0.0,0.0,0.0,0,0,0,1,1,0,0,0,0,2,0,1,113,15,0,0,0,0,0,0,0,1.0,0.00024073182474723158,0.875,0.18408904245376534,0,,multi_full_20260502_195405_0001,2026-05-02T20:45:11.667756,https://www.apnic.net/about-apnic/service-updates/service-announcement-12-14-june/,https://www.apnic.net/,False,https://www.apnic.net/about-apnic/service-updates/service-announcement-12-14-june/,https://www.apnic.net/,https://www.apnic.net/about-apnic/service-updates/service-announcement-12-14-june/,recon_page,2026-05-02T20:45:11.672371
79,1,3,0,0,0,0,1,0,13,0,net,200,2,70656,1076.67,0,0,19,1,cloudflare,0,html,0,0,0,1,7,1,1,1,1,1,1,2,1,2,0,0,0,0,0,0,0,0,1,9,0,0,0,0,1,17,7,8,2,1,168,156,12,1,3,1,26,1,10,1,1,11,1,0,0,0,1,0,0,1,0,0,0,0,0,0,1,1,0,0,0,0,0,0,0,0,0,0,0.0,0.0,0.0,0,0,0,1,1,0,0,0,0,2,0,1,113,15,0,0,0,0,0,0,0,1.0,0.00024060235507246378,0.875,0.18399003623188404,0,,multi_full_20260502_195405_0001,2026-05-02T20:45:12.971030,https://www.apnic.net/about-apnic/service-updates/service-announcement-22-june/,https://www.apnic.net/,False,https://www.apnic.net/about-apnic/service-updates/service-announcement-22-june/,https://www.apnic.net/,https://www.apnic.net/about-apnic/service-updates/service-announcement-22-june/,recon_page,2026-05-02T20:45:12.982208
89,1,3,0,0,0,0,1,0,13,0,net,200,2,70646,950.318,0,0,19,1,cloudflare,0,html,0,0,0,1,7,1,1,1,1,1,1,2,1,2,0,0,0,0,0,0,0,0,1,9,0,0,0,0,1,17,7,8,2,1,168,156,12,1,3,1,26,1,10,1,1,11,1,0,0,0,1,0,0,1,0,0,0,0,0,0,1,1,0,0,0,0,0,0,0,0,0,0,0.0,0.0,0.0,0,0,0,1,1,0,0,0,0,2,0,1,113,15,0,0,0,0,0,0,0,1.0,0.0002406364125357416,0.875,0.1840160801743906,0,,multi_full_20260502_195405_0001,2026-05-02T20:45:42.264355,https://www.apnic.net/about-apnic/service-updates/scheduled-maintenance-23-december-2010/,https://www.apnic.net/,False,https://www.apnic.net/about-apnic/service-updates/scheduled-maintenance-23-december-2010/,https://www.apnic.net/,https://www.apnic.net/about-apnic/service-updates/scheduled-maintenance-23-december-2010/,recon_page,2026-05-02T20:45:42.280731
84,1,3,0,0,0,0,1,0,13,0,net,200,2,70725,1333.561,0,0,19,1,cloudflare,0,html,0,0,0,1,7,1,1,1,1,1,1,2,1,2,0,0,0,0,0,0,0,0,1,9,0,0,0,0,1,17,7,8,2,1,168,156,12,1,3,1,26,1,10,1,1,11,1,0,0,0,1,0,0,1,0,0,0,0,0,0,1,1,0,0,0,0,0,0,0,0,0,0,0.0,0.0,0.0,0,0,0,1,1,0,0,0,0,2,0,1,113,15,0,0,0,0,0,0,0,1.0,0.00024036762106751503,0.875,0.1838105337575115,0,,multi_full_20260502_195405_0001,2026-05-02T20:45:42.805715,https://www.apnic.net/about-apnic/service-updates/service-announcement-3-april-2025/,https://www.apnic.net/,False,https://www.apnic.net/about-apnic/service-updates/service-announcement-3-april-2025/,https://www.apnic.net/,https://www.apnic.net/about-apnic/service-updates/service-announcement-3-april-2025/,recon_page,2026-05-02T20:45:42.811288
89,1,3,0,0,0,0,1,0,13,0,net,200,2,70618,1027.417,0,0,19,1,cloudflare,0,html,0,0,0,1,7,1,1,1,1,1,1,2,1,2,0,0,0,0,0,0,0,0,1,9,0,0,0,0,1,17,7,8,2,1,168,156,12,1,3,1,26,1,10,1,1,11,1,0,0,0,1,0,0,1,0,0,0,0,0,0,1,1,0,0,0,0,0,0,0,0,0,0,0.0,0.0,0.0,0,0,0,1,1,0,0,0,0,2,0,1,113,15,0,0,0,0,0,0,0,1.0,0.00024073182474723158,0.875,0.18408904245376534,0,,multi_full_20260502_195405_0001,2026-05-02T20:45:43.955829,https://www.apnic.net/about-apnic/service-updates/service-announcement-18-september-2018/,https://www.apnic.net/,False,https://www.apnic.net/about-apnic/service-updates/service-announcement-18-september-2018/,https://www.apnic.net/,https://www.apnic.net/about-apnic/service-updates/service-announcement-18-september-2018/,recon_page,2026-05-02T20:45:43.961999
84,1,3,0,0,0,0,1,0,13,0,net,200,2,70861,847.539,0,0,19,1,cloudflare,0,html,0,0,0,1,7,1,1,1,1,1,1,2,1,2,0,0,0,0,0,0,0,0,1,9,0,0,0,0,1,17,7,8,2,1,168,156,12,1,3,1,26,1,10,1,1,11,1,0,0,0,1,0,0,1,0,0,0,0,0,0,1,1,0,0,0,0,0,0,0,0,0,0,0.0,0.0,0.0,0,0,0,1,1,0,0,0,0,2,0,1,113,15,0,0,0,0,0,0,0,1.0,0.00023990629542343462,0.875,0.18345775532380293,0,,multi_full_20260502_195405_0001,2026-05-02T20:46:12.181160,https://www.apnic.net/about-apnic/service-updates/service-announcement-22-june-2023/,https://www.apnic.net/,False,https://www.apnic.net/about-apnic/service-updates/service-announcement-22-june-2023/,https://www.apnic.net/,https://www.apnic.net/about-apnic/service-updates/service-announcement-22-june-2023/,recon_page,2026-05-02T20:46:12.198150
88,1,3,0,0,0,0,1,0,13,0,net,200,2,70889,1102.548,0,0,19,1,cloudflare,0,html,0,0,0,1,7,1,1,1,1,1,1,2,1,2,0,0,0,0,0,0,0,0,1,9,0,0,0,0,1,17,7,8,2,1,168,156,12,1,3,1,26,1,10,1,1,11,1,0,0,0,1,0,0,1,0,0,0,0,0,0,1,1,0,0,0,0,0,0,0,0,0,0,0.0,0.0,0.0,0,0,0,1,1,0,0,0,0,2,0,1,113,15,0,0,0,0,0,0,0,1.0,0.00023981153634555433,0.875,0.18338529249954155,0,,multi_full_20260502_195405_0001,2026-05-02T20:46:13.815359,https://www.apnic.net/about-apnic/service-updates/service-announcement-14-december-2023/,https://www.apnic.net/,False,https://www.apnic.net/about-apnic/service-updates/service-announcement-14-december-2023/,https://www.apnic.net/,https://www.apnic.net/about-apnic/service-updates/service-announcement-14-december-2023/,recon_page,2026-05-02T20:46:13.847156
85,1,3,0,0,0,0,1,0,13,0,net,200,2,70679,936.1669999999999,0,0,19,1,cloudflare,0,html,0,0,0,1,7,1,1,1,1,1,1,2,1,2,0,0,0,0,0,0,0,0,1,9,0,0,0,0,1,17,7,8,2,1,168,156,12,1,3,1,26,1,10,1,1,11,1,0,0,0,1,0,0,1,0,0,0,0,0,0,1,1,0,0,0,0,0,0,0,0,0,0,0.0,0.0,0.0,0,0,0,1,1,0,0,0,0,2,0,1,113,15,0,0,0,0,0,0,0,1.0,0.00024052405948018506,0.875,0.18393016313190622,0,,multi_full_20260502_195405_0001,2026-05-02T20:46:13.848456,https://www.apnic.net/about-apnic/service-updates/service-announcement-09-march-2024/,https://www.apnic.net/,False,https://www.apnic.net/about-apnic/service-updates/service-announcement-09-march-2024/,https://www.apnic.net/,https://www.apnic.net/about-apnic/service-updates/service-announcement-09-march-2024/,recon_page,2026-05-02T20:46:13.854454
82,1,3,0,0,0,0,1,0,13,0,net,200,2,70814,869.514,0,0,19,1,cloudflare,0,html,0,0,0,1,7,1,1,1,1,1,1,2,1,2,0,0,0,0,0,0,0,0,1,9,0,0,0,0,1,17,7,8,2,1,168,156,12,1,3,1,26,1,10,1,1,11,1,0,0,0,1,0,0,1,0,0,0,0,0,0,1,1,0,0,0,0,0,0,0,0,0,0,0.0,0.0,0.0,0,0,0,1,1,0,0,0,0,2,0,1,113,15,0,0,0,0,0,0,0,1.0,0.00024006552376648686,0.875,0.18357951817437232,0,,multi_full_20260502_195405_0001,2026-05-02T20:46:42.380038,https://www.apnic.net/about-apnic/service-updates/service-announcement-11-april-2/,https://www.apnic.net/,False,https://www.apnic.net/about-apnic/service-updates/service-announcement-11-april-2/,https://www.apnic.net/,https://www.apnic.net/about-apnic/service-updates/service-announcement-11-april-2/,recon_page,2026-05-02T20:46:42.453362
83,1,3,0,0,0,0,1,0,13,0,net,200,2,70581,975.491,0,0,19,1,cloudflare,0,html,0,0,0,1,7,1,1,1,1,1,1,2,1,2,0,0,0,0,0,0,0,0,1,9,0,0,0,0,1,17,7,8,2,1,168,156,12,1,3,1,26,1,10,1,1,11,1,0,0,0,1,0,0,1,0,0,0,0,0,0,1,1,0,0,0,0,0,0,0,0,0,0,0.0,0.0,0.0,0,0,0,1,1,0,0,0,0,2,0,1,113,15,0,0,0,0,0,0,0,1.0,0.00024085802128051459,0.875,0.18418554568509937,0,,multi_full_20260502_195405_0001,2026-05-02T20:46:53.672219,https://www.apnic.net/about-apnic/service-updates/service-announcement-24-may-2022/,https://www.apnic.net/,False,https://www.apnic.net/about-apnic/service-updates/service-announcement-24-may-2022/,https://www.apnic.net/,https://www.apnic.net/about-apnic/service-updates/service-announcement-24-may-2022/,recon_page,2026-05-02T20:46:53.691083
83,1,3,0,0,0,0,1,0,13,0,net,200,2,70776,890.363,0,0,19,1,cloudflare,0,html,0,0,0,1,7,1,1,1,1,1,1,2,1,2,0,0,0,0,0,0,0,0,1,9,0,0,0,0,1,17,7,8,2,1,168,156,12,1,3,1,26,1,10,1,1,11,1,0,0,0,1,0,0,1,0,0,0,0,0,0,1,1,0,0,0,0,0,0,0,0,0,0,0.0,0.0,0.0,0,0,0,1,1,0,0,0,0,2,0,1,113,15,0,0,0,0,0,0,0,1.0,0.00024019441618627782,0.875,0.18367808296597718,0,,multi_full_20260502_195405_0001,2026-05-02T20:46:54.010045,https://www.apnic.net/about-apnic/service-updates/service-announcement-19-may-2017/,https://www.apnic.net/,False,https://www.apnic.net/about-apnic/service-updates/service-announcement-19-may-2017/,https://www.apnic.net/,https://www.apnic.net/about-apnic/service-updates/service-announcement-19-may-2017/,recon_page,2026-05-02T20:46:54.029688
83,1,3,0,0,0,0,1,0,13,0,net,200,2,70912,984.24,0,0,19,1,cloudflare,0,html,0,0,0,1,7,1,1,1,1,1,1,2,1,2,0,0,0,0,0,0,0,0,1,9,0,0,0,0,1,17,7,8,2,1,168,156,12,1,3,1,26,1,10,1,1,11,1,0,0,0,1,0,0,1,0,0,0,0,0,0,1,1,0,0,0,0,0,0,0,0,0,0,0.0,0.0,0.0,0,0,0,1,1,0,0,0,0,2,0,1,113,15,0,0,0,0,0,0,0,1.0,0.00023973375451263537,0.875,0.18332581227436823,0,,multi_full_20260502_195405_0001,2026-05-02T20:46:55.780179,https://www.apnic.net/about-apnic/service-updates/service-announcement-20-may-2025/,https://www.apnic.net/,False,https://www.apnic.net/about-apnic/service-updates/service-announcement-20-may-2025/,https://www.apnic.net/,https://www.apnic.net/about-apnic/service-updates/service-announcement-20-may-2025/,recon_page,2026-05-02T20:46:55.797833
90,1,3,0,0,0,0,1,0,13,0,net,200,2,70691,1031.1809999999998,0,0,19,1,cloudflare,0,html,0,0,0,1,7,1,1,1,1,1,1,2,1,2,0,0,0,0,0,0,0,0,1,9,0,0,0,0,1,17,7,8,2,1,168,156,12,1,3,1,26,1,10,1,1,11,1,0,0,0,1,0,0,1,0,0,0,0,0,0,1,1,0,0,0,0,0,0,0,0,0,0,0.0,0.0,0.0,0,0,0,1,1,0,0,0,0,2,0,1,113,15,0,0,0,0,0,0,0,1.0,0.00024048322983123737,0.875,0.1838989404591815,0,,multi_full_20260502_195405_0001,2026-05-02T20:46:58.246071,https://www.apnic.net/about-apnic/service-updates/network-address-update-for-whois-server/,https://www.apnic.net/,False,https://www.apnic.net/about-apnic/service-updates/network-address-update-for-whois-server/,https://www.apnic.net/,https://www.apnic.net/about-apnic/service-updates/network-address-update-for-whois-server/,recon_page,2026-05-02T20:46:58.261161
88,1,3,0,0,0,0,1,0,13,0,net,200,2,70859,921.9549999999999,0,0,19,1,cloudflare,0,html,0,0,0,1,7,1,1,1,1,1,1,2,1,2,0,0,0,0,0,0,0,0,1,9,0,0,0,0,1,17,7,8,2,1,168,156,12,1,3,1,26,1,10,1,1,11,1,0,0,0,1,0,0,1,0,0,0,0,0,0,1,1,0,0,0,0,0,0,0,0,0,0,0.0,0.0,0.0,0,0,0,1,1,0,0,0,0,2,0,1,113,15,0,0,0,0,0,0,0,1.0,0.0002399130667946203,0.875,0.18346293343118025,0,,multi_full_20260502_195405_0001,2026-05-02T20:47:00.073574,https://www.apnic.net/about-apnic/service-updates/service-announcement-20-february-2024/,https://www.apnic.net/,False,https://www.apnic.net/about-apnic/service-updates/service-announcement-20-february-2024/,https://www.apnic.net/,https://www.apnic.net/about-apnic/service-updates/service-announcement-20-february-2024/,recon_page,2026-05-02T20:47:00.086751
86,1,3,0,0,0,0,1,0,13,0,net,200,2,70631,1039.211,0,0,19,1,cloudflare,0,html,0,0,0,1,7,1,1,1,1,1,1,2,1,2,0,0,0,0,0,0,0,0,1,9,0,0,0,0,1,17,7,8,2,1,168,156,12,1,3,1,26,1,10,1,1,11,1,0,0,0,1,0,0,1,0,0,0,0,0,0,1,1,0,0,0,0,0,0,0,0,0,0,0.0,0.0,0.0,0,0,0,1,1,0,0,0,0,2,0,1,113,15,0,0,0,0,0,0,0,1.0,0.00024068751681273097,0.875,0.1840551599156178,0,,multi_full_20260502_195405_0001,2026-05-02T20:47:34.136133,https://www.apnic.net/about-apnic/service-updates/service-announcement-12-august-2019/,https://www.apnic.net/,False,https://www.apnic.net/about-apnic/service-updates/service-announcement-12-august-2019/,https://www.apnic.net/,https://www.apnic.net/about-apnic/service-updates/service-announcement-12-august-2019/,recon_page,2026-05-02T20:47:34.148917
85,1,3,0,0,0,0,1,0,13,0,net,200,2,70676,1551.4650000000001,0,0,19,1,cloudflare,0,html,0,0,0,1,7,1,1,1,1,1,1,2,1,2,0,0,0,0,0,0,0,0,1,9,0,0,0,0,1,17,7,8,2,1,168,156,12,1,3,1,26,1,10,1,1,11,1,0,0,0,1,0,0,1,0,0,0,0,0,0,1,1,0,0,0,0,0,0,0,0,0,0,0.0,0.0,0.0,0,0,0,1,1,0,0,0,0,2,0,1,113,15,0,0,0,0,0,0,0,1.0,0.00024053426905880354,0.875,0.18393797045673213,0,,multi_full_20260502_195405_0001,2026-05-02T20:47:34.278480,https://www.apnic.net/about-apnic/service-updates/service-announcement-28-april-2020/,https://www.apnic.net/,False,https://www.apnic.net/about-apnic/service-updates/service-announcement-28-april-2020/,https://www.apnic.net/,https://www.apnic.net/about-apnic/service-updates/service-announcement-28-april-2020/,recon_page,2026-05-02T20:47:34.302710
93,1,3,0,0,0,0,1,0,13,0,net,200,2,70656,985.146,0,0,19,1,cloudflare,0,html,0,0,0,1,7,1,1,1,1,1,1,2,1,2,0,0,0,0,0,0,0,0,1,9,0,0,0,0,1,17,7,8,2,1,168,156,12,1,3,1,26,1,10,1,1,11,1,0,0,0,1,0,0,1,0,0,0,0,0,0,1,1,0,0,0,0,0,0,0,0,0,0,0.0,0.0,0.0,0,0,0,1,1,0,0,0,0,2,0,1,113,15,0,0,0,0,0,0,0,1.0,0.00024060235507246378,0.875,0.18399003623188404,0,,multi_full_20260502_195405_0001,2026-05-02T20:47:34.712518,https://www.apnic.net/about-apnic/service-updates/ssl-connectivity-issues-via-https-resolved/,https://www.apnic.net/,False,https://www.apnic.net/about-apnic/service-updates/ssl-connectivity-issues-via-https-resolved/,https://www.apnic.net/,https://www.apnic.net/about-apnic/service-updates/ssl-connectivity-issues-via-https-resolved/,recon_page,2026-05-02T20:47:34.720747
84,1,3,0,0,0,0,1,0,13,0,net,200,2,70470,1204.446,0,0,19,1,cloudflare,0,html,0,0,0,1,7,1,1,1,1,1,1,2,1,2,0,0,0,0,0,0,0,0,1,9,0,0,0,0,1,17,7,8,2,1,168,156,12,1,3,1,26,1,10,1,1,11,1,0,0,0,1,0,0,1,0,0,0,0,0,0,1,1,0,0,0,0,0,0,0,0,0,0,0.0,0.0,0.0,0,0,0,1,1,0,0,0,0,2,0,1,113,15,0,0,0,0,0,0,0,1.0,0.00024123740598836385,0.875,0.18447566340286647,0,,multi_full_20260502_195405_0001,2026-05-02T20:47:58.643935,https://www.apnic.net/about-apnic/service-updates/service-announcement-19-june-2014/,https://www.apnic.net/,False,https://www.apnic.net/about-apnic/service-updates/service-announcement-19-june-2014/,https://www.apnic.net/,https://www.apnic.net/about-apnic/service-updates/service-announcement-19-june-2014/,recon_page,2026-05-02T20:47:58.663946
75,1,3,0,0,0,0,1,0,13,0,net,200,2,70426,1051.586,0,0,19,1,cloudflare,0,html,0,0,0,1,7,1,1,1,1,1,1,2,1,2,0,0,0,0,0,0,0,0,1,9,0,0,0,0,1,17,7,8,2,1,168,156,12,1,3,1,26,1,10,1,1,11,1,0,0,0,1,0,0,1,0,0,0,0,0,0,1,1,0,0,0,0,0,0,0,0,0,0,0.0,0.0,0.0,0,0,0,1,1,0,0,0,0,2,0,1,113,15,0,0,0,0,0,0,0,1.0,0.00024138812370431376,0.875,0.18459091812682815,0,,multi_full_20260502_195405_0001,2026-05-02T20:47:59.926538,https://www.apnic.net/about-apnic/service-updates/japan-router-replacement/,https://www.apnic.net/,False,https://www.apnic.net/about-apnic/service-updates/japan-router-replacement/,https://www.apnic.net/,https://www.apnic.net/about-apnic/service-updates/japan-router-replacement/,recon_page,2026-05-02T20:47:59.933841
86,1,3,0,0,0,0,1,0,13,0,net,200,2,70663,879.8589999999999,0,0,19,1,cloudflare,0,html,0,0,0,1,7,1,1,1,1,1,1,2,1,2,0,0,0,0,0,0,0,0,1,9,0,0,0,0,1,17,7,8,2,1,168,156,12,1,3,1,26,1,10,1,1,11,1,0,0,0,1,0,0,1,0,0,0,0,0,0,1,1,0,0,0,0,0,0,0,0,0,0,0.0,0.0,0.0,0,0,0,1,1,0,0,0,0,2,0,1,113,15,0,0,0,0,0,0,0,1.0,0.0002405785205836152,0.875,0.1839718098580587,0,,multi_full_20260502_195405_0001,2026-05-02T20:48:00.211310,https://www.apnic.net/about-apnic/service-updates/service-announcement-23-august-2021/,https://www.apnic.net/,False,https://www.apnic.net/about-apnic/service-updates/service-announcement-23-august-2021/,https://www.apnic.net/,https://www.apnic.net/about-apnic/service-updates/service-announcement-23-august-2021/,recon_page,2026-05-02T20:48:00.229579
88,1,3,0,0,0,0,1,0,13,0,net,200,2,71012,872.056,0,0,19,1,cloudflare,0,html,0,0,0,1,7,1,1,1,1,1,1,2,1,2,0,0,0,0,0,0,0,0,1,9,0,0,0,0,1,17,7,8,2,1,168,156,12,1,3,1,26,1,10,1,1,11,1,0,0,0,1,0,0,1,0,0,0,1,0,0,1,1,0,0,0,0,0,0,0,0,0,0,0.0,0.0,0.0,0,0,0,1,1,0,0,0,0,2,0,1,113,15,0,0,0,0,0,0,0,1.0,0.0002393961583957641,0.875,0.18306765053793725,0,,multi_full_20260502_195405_0001,2026-05-02T20:48:16.823741,https://www.apnic.net/about-apnic/service-updates/service-announcement-06-february-2024/,https://www.apnic.net/,False,https://www.apnic.net/about-apnic/service-updates/service-announcement-06-february-2024/,https://www.apnic.net/,https://www.apnic.net/about-apnic/service-updates/service-announcement-06-february-2024/,recon_page,2026-05-02T20:48:16.833224
81,1,3,0,0,0,0,1,0,13,0,net,200,2,70675,1143.034,0,0,19,1,cloudflare,0,html,0,0,0,1,7,1,1,1,1,1,1,2,1,2,0,0,0,0,0,0,0,0,1,9,0,0,0,0,1,17,7,8,2,1,168,156,12,1,3,1,26,1,10,1,1,11,1,0,0,0,1,0,0,1,0,0,0,0,0,0,1,1,0,0,0,0,0,0,0,0,0,0,0.0,0.0,0.0,0,0,0,1,1,0,0,0,0,2,0,1,113,15,0,0,0,0,0,0,0,1.0,0.00024053767244428724,0.875,0.1839405730456314,0,,multi_full_20260502_195405_0001,2026-05-02T20:48:22.633290,https://www.apnic.net/about-apnic/service-updates/upgrade-edge-router-firmware-3/,https://www.apnic.net/,False,https://www.apnic.net/about-apnic/service-updates/upgrade-edge-router-firmware-3/,https://www.apnic.net/,https://www.apnic.net/about-apnic/service-updates/upgrade-edge-router-firmware-3/,recon_page,2026-05-02T20:48:22.638790
86,1,3,0,0,0,0,1,0,13,0,net,200,2,70700,936.162,0,0,19,1,cloudflare,0,html,0,0,0,1,7,1,1,1,1,1,1,2,1,2,0,0,0,0,0,0,0,0,1,9,0,0,0,0,1,17,7,8,2,1,168,156,12,1,3,1,26,1,10,1,1,11,1,0,0,0,1,0,0,1,0,0,0,0,0,0,1,1,0,0,0,0,0,0,0,0,0,0,0.0,0.0,0.0,0,0,0,1,1,0,0,0,0,2,0,1,113,15,0,0,0,0,0,0,0,1.0,0.00024045261669024045,0.875,0.18387553041018387,0,,multi_full_20260502_195405_0001,2026-05-02T20:48:23.167161,https://www.apnic.net/about-apnic/service-updates/service-announcement-6-october-2022/,https://www.apnic.net/,False,https://www.apnic.net/about-apnic/service-updates/service-announcement-6-october-2022/,https://www.apnic.net/,https://www.apnic.net/about-apnic/service-updates/service-announcement-6-october-2022/,recon_page,2026-05-02T20:48:23.176748
89,1,3,0,0,0,0,1,0,13,0,net,200,2,71613,1158.6870000000001,0,0,19,1,cloudflare,0,html,0,0,0,1,7,1,1,1,1,1,1,2,1,2,0,0,0,0,0,0,0,0,1,9,0,0,0,0,1,17,7,8,2,1,169,157,12,1,3,1,26,1,10,1,1,11,1,0,0,0,1,0,0,1,0,0,0,0,0,0,1,1,0,0,0,0,0,0,0,0,0,0,0.0,0.0,0.0,0,0,0,1,1,0,0,0,0,2,0,1,114,15,0,0,0,0,0,0,0,1.0,0.00023738706659405415,0.875,0.1815312862189826,0,,multi_full_20260502_195405_0001,2026-05-02T20:48:23.599558,https://www.apnic.net/about-apnic/service-updates/service-announcement-brisbane-flooding/,https://www.apnic.net/,False,https://www.apnic.net/about-apnic/service-updates/service-announcement-brisbane-flooding/,https://www.apnic.net/,https://www.apnic.net/about-apnic/service-updates/service-announcement-brisbane-flooding/,recon_page,2026-05-02T20:48:23.607138
88,1,3,0,0,0,0,1,0,13,0,net,200,2,70661,1214.848,0,0,19,1,cloudflare,0,html,0,0,0,1,7,1,1,1,1,1,1,2,1,2,0,0,0,0,0,0,0,0,1,9,0,0,0,0,1,17,7,8,2,1,168,156,12,1,3,1,26,1,10,1,1,11,1,0,0,0,1,0,0,1,0,0,0,0,0,0,1,1,0,0,0,0,0,0,0,0,0,0,0.0,0.0,0.0,0,0,0,1,1,0,0,0,0,2,0,1,113,15,0,0,0,0,0,0,0,1.0,0.00024058532995570398,0.875,0.18397701702495012,0,,multi_full_20260502_195405_0001,2026-05-02T20:48:25.187844,https://www.apnic.net/about-apnic/service-updates/service-announcement-23-november-2015/,https://www.apnic.net/,False,https://www.apnic.net/about-apnic/service-updates/service-announcement-23-november-2015/,https://www.apnic.net/,https://www.apnic.net/about-apnic/service-updates/service-announcement-23-november-2015/,recon_page,2026-05-02T20:48:25.195716
84,1,3,0,0,0,0,1,0,13,0,net,200,2,70835,1031.394,0,0,19,1,cloudflare,0,html,0,0,0,1,7,1,1,1,1,1,1,2,1,2,0,0,0,0,0,0,0,0,1,9,0,0,0,0,1,17,7,8,2,1,168,156,12,1,3,1,26,1,10,1,1,11,1,0,0,0,1,0,0,1,0,0,0,0,0,0,1,1,0,0,0,0,0,0,0,0,0,0,0.0,0.0,0.0,0,0,0,1,1,0,0,0,0,2,0,1,113,15,0,0,0,0,0,0,0,1.0,0.0002399943530740453,0.875,0.18352509352721114,0,,multi_full_20260502_195405_0001,2026-05-02T20:48:25.987390,https://www.apnic.net/about-apnic/service-updates/service-announcement-12-june-2025/,https://www.apnic.net/,False,https://www.apnic.net/about-apnic/service-updates/service-announcement-12-june-2025/,https://www.apnic.net/,https://www.apnic.net/about-apnic/service-updates/service-announcement-12-june-2025/,recon_page,2026-05-02T20:48:25.991385
88,1,3,0,0,0,0,1,0,13,0,net,200,2,70661,912.409,0,0,19,1,cloudflare,0,html,0,0,0,1,7,1,1,1,1,1,1,2,1,2,0,0,0,0,0,0,0,0,1,9,0,0,0,0,1,17,7,8,2,1,168,156,12,1,3,1,26,1,10,1,1,11,1,0,0,0,1,0,0,1,0,0,0,0,0,0,1,1,0,0,0,0,0,0,0,0,0,0,0.0,0.0,0.0,0,0,0,1,1,0,0,0,0,2,0,1,113,15,0,0,0,0,0,0,0,1.0,0.00024058532995570398,0.875,0.18397701702495012,0,,multi_full_20260502_195405_0001,2026-05-02T20:48:52.854686,https://www.apnic.net/about-apnic/service-updates/service-announcement-07-november-2015/,https://www.apnic.net/,False,https://www.apnic.net/about-apnic/service-updates/service-announcement-07-november-2015/,https://www.apnic.net/,https://www.apnic.net/about-apnic/service-updates/service-announcement-07-november-2015/,recon_page,2026-05-02T20:48:52.870188
84,1,3,0,0,0,0,1,0,13,0,net,200,2,70721,901.014,0,0,19,1,cloudflare,0,html,0,0,0,1,7,1,1,1,1,1,1,2,1,2,0,0,0,0,0,0,0,0,1,9,0,0,0,0,1,17,7,8,2,1,168,156,12,1,3,1,26,1,10,1,1,11,1,0,0,0,1,0,0,1,0,0,0,0,0,0,1,1,0,0,0,0,0,0,0,0,0,0,0.0,0.0,0.0,0,0,0,1,1,0,0,0,0,2,0,1,113,15,0,0,0,0,0,0,0,1.0,0.00024038121632895463,0.875,0.18382093013390646,0,,multi_full_20260502_195405_0001,2026-05-02T20:48:53.293113,https://www.apnic.net/about-apnic/service-updates/service-announcement-08-july-2024/,https://www.apnic.net/,False,https://www.apnic.net/about-apnic/service-updates/service-announcement-08-july-2024/,https://www.apnic.net/,https://www.apnic.net/about-apnic/service-updates/service-announcement-08-july-2024/,recon_page,2026-05-02T20:48:53.299835
88,1,3,0,0,0,0,1,0,13,0,net,200,2,70897,1162.8970000000002,0,0,19,1,cloudflare,0,html,0,0,0,1,7,1,1,1,1,1,1,2,1,2,0,0,0,0,0,0,0,0,1,9,0,0,0,0,1,17,7,8,2,1,170,156,14,1,3,1,26,1,10,1,1,11,1,0,0,0,1,0,0,1,0,0,0,0,0,0,1,1,0,0,0,0,0,0,0,0,0,0,0.0,0.0,0.0,0,0,0,1,1,0,0,0,0,2,0,1,115,15,0,0,0,0,0,0,0,1.0,0.0002397844760709198,0.875,0.18336459934835042,0,,multi_full_20260502_195405_0001,2026-05-02T20:48:54.021809,https://www.apnic.net/about-apnic/service-updates/service-announcement-18-august-2023-2/,https://www.apnic.net/,False,https://www.apnic.net/about-apnic/service-updates/service-announcement-18-august-2023-2/,https://www.apnic.net/,https://www.apnic.net/about-apnic/service-updates/service-announcement-18-august-2023-2/,recon_page,2026-05-02T20:48:54.029939
89,1,3,0,0,0,0,1,0,13,0,net,200,2,70752,974.7320000000001,0,0,19,1,cloudflare,0,html,0,0,0,1,7,1,1,1,1,1,1,2,1,2,0,0,0,0,0,0,0,0,1,9,0,0,0,0,1,17,7,8,2,1,168,156,12,1,3,1,26,1,10,1,1,11,1,0,0,0,1,0,0,1,0,0,0,0,0,0,1,1,0,0,0,0,0,0,0,0,0,0,0.0,0.0,0.0,0,0,0,1,1,0,0,0,0,2,0,1,113,15,0,0,0,0,0,0,0,1.0,0.00024027589326096788,0.875,0.18374038896426959,0,,multi_full_20260502_195405_0001,2026-05-02T20:49:44.522764,https://www.apnic.net/about-apnic/service-updates/service-announcement-19-september-2024/,https://www.apnic.net/,False,https://www.apnic.net/about-apnic/service-updates/service-announcement-19-september-2024/,https://www.apnic.net/,https://www.apnic.net/about-apnic/service-updates/service-announcement-19-september-2024/,recon_page,2026-05-02T20:49:44.545544
102,1,3,0,0,0,0,1,0,13,0,net,200,2,71446,1479.414,0,0,19,1,cloudflare,0,html,0,0,0,1,7,1,1,1,1,1,1,2,1,2,0,0,0,0,0,0,0,0,1,9,0,0,0,0,1,17,7,8,2,1,169,157,12,1,3,1,26,1,10,1,1,11,1,0,0,0,1,0,0,1,0,0,0,0,0,0,1,1,0,0,0,0,0,0,0,0,0,0,0.0,0.0,0.0,0,0,0,1,1,0,0,0,0,2,0,1,114,15,0,0,0,0,0,0,0,1.0,0.00023794194216611146,0.875,0.18195560283290876,0,,multi_full_20260502_195405_0001,2026-05-02T20:49:46.919561,https://www.apnic.net/about-apnic/service-updates/service-announcement-26-september-to-3-october-2022/,https://www.apnic.net/,False,https://www.apnic.net/about-apnic/service-updates/service-announcement-26-september-to-3-october-2022/,https://www.apnic.net/,https://www.apnic.net/about-apnic/service-updates/service-announcement-26-september-to-3-october-2022/,recon_page,2026-05-02T20:49:46.997403
83,1,3,0,0,0,0,1,0,13,0,net,200,2,70824,971.3739999999999,0,0,19,1,cloudflare,0,html,0,0,0,1,7,1,1,1,1,1,1,2,1,2,0,0,0,0,0,0,0,0,1,9,0,0,0,0,1,17,7,8,2,1,168,156,12,1,3,1,26,1,10,1,1,11,1,0,0,0,1,0,0,1,0,0,0,0,0,0,1,1,0,0,0,0,0,0,0,0,0,0,0.0,0.0,0.0,0,0,0,1,1,0,0,0,0,2,0,1,113,15,0,0,0,0,0,0,0,1.0,0.00024003162769682595,0.875,0.18355359765051396,0,,multi_full_20260502_195405_0001,2026-05-02T20:49:47.674614,https://www.apnic.net/about-apnic/service-updates/service-announcement-06-may-2026/,https://www.apnic.net/,False,https://www.apnic.net/about-apnic/service-updates/service-announcement-06-may-2026/,https://www.apnic.net/,https://www.apnic.net/about-apnic/service-updates/service-announcement-06-may-2026/,recon_page,2026-05-02T20:49:47.691107
86,1,3,0,0,0,0,1,0,13,0,net,200,2,70734,1033.216,0,0,19,1,cloudflare,0,html,0,0,0,1,7,1,1,1,1,1,1,2,1,2,0,0,0,0,0,0,0,0,1,9,0,0,0,0,1,17,7,8,2,1,168,156,12,1,3,1,26,1,10,1,1,11,1,0,0,0,1,0,0,1,0,0,0,0,0,0,1,1,0,0,0,0,0,0,0,0,0,0,0.0,0.0,0.0,0,0,0,1,1,0,0,0,0,2,0,1,113,15,0,0,0,0,0,0,0,1.0,0.0002403370373512031,0.875,0.18378714620974357,0,,multi_full_20260502_195405_0001,2026-05-02T20:50:23.306209,https://www.apnic.net/about-apnic/service-updates/scheduled-maintenance-30-march-2010/,https://www.apnic.net/,False,https://www.apnic.net/about-apnic/service-updates/scheduled-maintenance-30-march-2010/,https://www.apnic.net/,https://www.apnic.net/about-apnic/service-updates/scheduled-maintenance-30-march-2010/,recon_page,2026-05-02T20:50:23.314031
87,1,3,0,0,0,0,1,0,13,0,net,200,2,70609,1059.1770000000001,0,0,19,1,cloudflare,0,html,0,0,0,1,7,1,1,1,1,1,1,2,1,2,0,0,0,0,0,0,0,0,1,9,0,0,0,0,1,17,7,8,2,1,168,156,12,1,3,1,26,1,10,1,1,11,1,0,0,0,1,0,0,1,0,0,0,0,0,0,1,1,0,0,0,0,0,0,0,0,0,0,0.0,0.0,0.0,0,0,0,1,1,0,0,0,0,2,0,1,113,15,0,0,0,0,0,0,0,1.0,0.0002407625090285941,0.875,0.18411250690421901,0,,multi_full_20260502_195405_0001,2026-05-02T20:50:38.570372,https://www.apnic.net/about-apnic/service-updates/service-announcement-18-october-2018/,https://www.apnic.net/,False,https://www.apnic.net/about-apnic/service-updates/service-announcement-18-october-2018/,https://www.apnic.net/,https://www.apnic.net/about-apnic/service-updates/service-announcement-18-october-2018/,recon_page,2026-05-02T20:50:38.983976
100,1,3,0,0,0,0,1,0,13,0,net,200,2,70848,1019.5970000000001,0,0,19,1,cloudflare,0,html,0,0,0,1,7,1,1,1,1,1,1,2,1,2,0,0,0,0,0,0,0,0,1,9,0,0,0,0,1,17,7,8,2,1,168,156,12,1,3,1,26,1,10,1,1,11,1,0,0,0,1,0,0,1,0,0,0,0,0,0,1,1,0,0,0,0,0,0,0,0,0,0,0.0,0.0,0.0,0,0,0,1,1,0,0,0,0,2,0,1,113,15,0,0,0,0,0,0,0,1.0,0.00023995031616982836,0.875,0.1834914182475158,0,,multi_full_20260502_195405_0001,2026-05-02T20:50:40.005099,https://www.apnic.net/about-apnic/service-updates/scheduled-maintenance-17-january-2018-0730-utc-10/,https://www.apnic.net/,False,https://www.apnic.net/about-apnic/service-updates/scheduled-maintenance-17-january-2018-0730-utc-10/,https://www.apnic.net/,https://www.apnic.net/about-apnic/service-updates/scheduled-maintenance-17-january-2018-0730-utc-10/,recon_page,2026-05-02T20:50:40.021540
88,1,3,0,0,0,0,1,0,13,0,net,200,2,71235,1507.3529999999998,0,0,19,1,cloudflare,0,html,0,0,0,1,7,1,1,1,1,1,1,2,1,2,0,0,0,0,0,0,0,0,1,9,0,0,0,0,1,17,7,8,2,1,168,156,12,1,3,1,26,1,10,1,1,11,1,0,0,0,1,0,0,1,0,0,0,1,0,0,1,1,0,0,0,0,0,0,0,0,0,0,0.0,0.0,0.0,0,0,0,1,1,0,0,0,0,2,0,1,113,15,0,0,0,0,0,0,0,1.0,0.0002386467326454692,0.875,0.1824945602583,0,,multi_full_20260502_195405_0001,2026-05-02T20:50:42.748415,https://www.apnic.net/about-apnic/service-updates/service-announcement-20-february-2026/,https://www.apnic.net/,False,https://www.apnic.net/about-apnic/service-updates/service-announcement-20-february-2026/,https://www.apnic.net/,https://www.apnic.net/about-apnic/service-updates/service-announcement-20-february-2026/,recon_page,2026-05-02T20:50:42.757935
93,1,3,0,0,0,0,1,0,13,0,net,200,2,71759,1005.7139999999999,0,0,19,1,cloudflare,0,html,0,0,0,1,7,1,1,1,1,1,1,2,1,2,0,0,0,0,0,0,0,0,1,9,0,0,0,0,1,17,7,8,2,1,168,156,12,1,3,1,26,1,10,1,1,11,1,0,0,0,1,0,0,1,0,0,0,0,0,0,1,1,0,0,0,0,0,0,0,0,0,0,0.0,0.0,0.0,0,0,0,1,1,0,0,0,0,2,0,1,113,15,0,0,0,0,0,0,0,1.0,0.00023690408171797266,0.875,0.18116194484315556,0,,multi_full_20260502_195405_0001,2026-05-02T20:50:43.523140,https://www.apnic.net/about-apnic/service-updates/scheduled-maintenance-octobernovember-2009/,https://www.apnic.net/,False,https://www.apnic.net/about-apnic/service-updates/scheduled-maintenance-octobernovember-2009/,https://www.apnic.net/,https://www.apnic.net/about-apnic/service-updates/scheduled-maintenance-octobernovember-2009/,recon_page,2026-05-02T20:50:43.531434
88,1,3,0,0,0,0,1,0,13,0,net,200,2,70777,1482.802,0,0,19,1,cloudflare,0,html,0,0,0,1,7,1,1,1,1,1,1,2,1,2,0,0,0,0,0,0,0,0,1,9,0,0,0,0,1,17,7,8,2,1,168,156,12,1,3,1,26,1,10,1,1,11,1,0,0,0,1,0,0,1,0,0,0,0,0,0,1,1,0,0,0,0,0,0,0,0,0,0,0.0,0.0,0.0,0,0,0,1,1,0,0,0,0,2,0,1,113,15,0,0,0,0,0,0,0,1.0,0.0002401910225073117,0.875,0.18367548779970894,0,,multi_full_20260502_195405_0001,2026-05-02T20:50:45.967665,https://www.apnic.net/about-apnic/service-updates/service-announcement-16-december-2020/,https://www.apnic.net/,False,https://www.apnic.net/about-apnic/service-updates/service-announcement-16-december-2020/,https://www.apnic.net/,https://www.apnic.net/about-apnic/service-updates/service-announcement-16-december-2020/,recon_page,2026-05-02T20:50:45.978928
87,1,3,0,0,0,0,1,0,13,0,net,200,2,70753,877.8340000000001,0,0,19,1,cloudflare,0,html,0,0,0,1,7,1,1,1,1,1,1,2,1,2,0,0,0,0,0,0,0,0,1,9,0,0,0,0,1,17,7,8,2,1,168,156,12,1,3,1,26,1,10,1,1,11,1,0,0,0,1,0,0,1,0,0,0,0,0,0,1,1,0,0,0,0,0,0,0,0,0,0,0.0,0.0,0.0,0,0,0,1,1,0,0,0,0,2,0,1,113,15,0,0,0,0,0,0,0,1.0,0.0002402724972792673,0.875,0.18373779203708676,0,,multi_full_20260502_195405_0001,2026-05-02T20:51:44.780598,https://www.apnic.net/about-apnic/service-updates/service-announcement-25-october-2018/,https://www.apnic.net/,False,https://www.apnic.net/about-apnic/service-updates/service-announcement-25-october-2018/,https://www.apnic.net/,https://www.apnic.net/about-apnic/service-updates/service-announcement-25-october-2018/,recon_page,2026-05-02T20:51:44.796114
88,1,3,0,0,0,0,1,0,13,0,net,200,2,70814,951.466,0,0,19,1,cloudflare,0,html,0,0,0,1,7,1,1,1,1,1,1,2,1,2,0,0,0,0,0,0,0,0,1,9,0,0,0,0,1,17,7,8,2,1,168,156,12,1,3,1,26,1,10,1,1,11,1,0,0,0,1,0,0,1,0,0,0,0,0,0,1,1,0,0,0,0,0,0,0,0,0,0,0.0,0.0,0.0,0,0,0,1,1,0,0,0,0,2,0,1,113,15,0,0,0,0,0,0,0,1.0,0.00024006552376648686,0.875,0.18357951817437232,0,,multi_full_20260502_195405_0001,2026-05-02T20:51:45.854225,https://www.apnic.net/about-apnic/service-updates/service-announcement-16-december-2015/,https://www.apnic.net/,False,https://www.apnic.net/about-apnic/service-updates/service-announcement-16-december-2015/,https://www.apnic.net/,https://www.apnic.net/about-apnic/service-updates/service-announcement-16-december-2015/,recon_page,2026-05-02T20:51:45.865152
75,1,3,0,0,0,0,1,0,13,0,net,200,2,70788,930.7860000000001,0,0,19,1,cloudflare,0,html,0,0,0,1,7,1,1,1,1,1,1,2,1,2,0,0,0,0,0,0,0,0,1,9,0,0,0,0,1,17,7,8,2,1,168,156,12,1,3,1,26,1,10,1,1,11,1,0,0,0,1,0,0,1,0,0,0,0,0,0,1,1,0,0,0,0,0,0,0,0,0,0,0.0,0.0,0.0,0,0,0,1,1,0,0,0,0,2,0,1,113,15,0,0,0,0,1,0,0,1.0,0.00024015369836695484,0.875,0.1836469458100243,0,,multi_full_20260502_195405_0001,2026-05-02T20:51:46.700149,https://www.apnic.net/about-apnic/service-updates/rdns-dnssec-key-rollover/,https://www.apnic.net/,False,https://www.apnic.net/about-apnic/service-updates/rdns-dnssec-key-rollover/,https://www.apnic.net/,https://www.apnic.net/about-apnic/service-updates/rdns-dnssec-key-rollover/,recon_page,2026-05-02T20:51:46.714082
84,1,3,0,0,0,0,1,0,13,0,net,200,2,70817,1368.363,0,0,19,1,cloudflare,0,html,0,0,0,1,7,1,1,1,1,1,1,2,1,2,0,0,0,0,0,0,0,0,1,9,0,0,0,0,1,17,7,8,2,1,168,156,12,1,3,1,26,1,10,1,1,11,1,0,0,0,1,0,0,1,0,0,0,0,0,0,1,1,0,0,0,0,0,0,0,0,0,0,0.0,0.0,0.0,0,0,0,1,1,0,0,0,0,2,0,1,113,15,0,0,0,0,0,0,0,1.0,0.00024005535394043803,0.875,0.18357174124857029,0,,multi_full_20260502_195405_0001,2026-05-02T20:52:43.129253,https://www.apnic.net/about-apnic/service-updates/service-announcement-7-april-2025/,https://www.apnic.net/,False,https://www.apnic.net/about-apnic/service-updates/service-announcement-7-april-2025/,https://www.apnic.net/,https://www.apnic.net/about-apnic/service-updates/service-announcement-7-april-2025/,recon_page,2026-05-02T20:52:43.134808
88,1,3,0,0,0,0,1,0,13,0,net,200,2,70911,1267.375,0,0,19,1,cloudflare,0,html,0,0,0,1,7,1,1,1,1,1,1,2,1,2,0,0,0,0,0,0,0,0,1,9,0,0,0,0,1,17,7,8,2,1,169,157,12,1,3,1,26,1,10,1,1,11,1,0,0,0,1,0,0,1,0,0,0,0,0,0,1,1,0,0,0,0,0,0,0,0,0,0,0.0,0.0,0.0,0,0,0,1,1,0,0,0,0,2,0,1,114,15,0,0,0,0,0,0,0,1.0,0.00023973713528225522,0.875,0.1833283975687834,0,,multi_full_20260502_195405_0001,2026-05-02T20:52:47.553701,https://www.apnic.net/about-apnic/service-updates/scheduled-maintenance-19-october-2017/,https://www.apnic.net/,False,https://www.apnic.net/about-apnic/service-updates/scheduled-maintenance-19-october-2017/,https://www.apnic.net/,https://www.apnic.net/about-apnic/service-updates/scheduled-maintenance-19-october-2017/,recon_page,2026-05-02T20:52:47.568765
79,1,3,0,0,0,0,1,0,13,0,net,200,2,70531,1077.4060000000002,0,0,19,1,cloudflare,0,html,0,0,0,1,7,1,1,1,1,1,1,2,1,2,0,0,0,0,0,0,0,0,1,9,0,0,0,0,1,17,7,8,2,1,168,156,12,1,3,1,26,1,10,1,1,11,1,0,0,0,1,0,0,1,0,0,0,0,0,0,1,1,0,0,0,0,0,0,0,0,0,0,0.0,0.0,0.0,0,0,0,1,1,0,0,0,0,2,0,1,113,15,0,0,0,0,0,0,0,1.0,0.00024102876749230835,0.875,0.18431611631764755,0,,multi_full_20260502_195405_0001,2026-05-02T20:52:47.876551,https://www.apnic.net/about-apnic/service-updates/service-announcement-20-june/,https://www.apnic.net/,False,https://www.apnic.net/about-apnic/service-updates/service-announcement-20-june/,https://www.apnic.net/,https://www.apnic.net/about-apnic/service-updates/service-announcement-20-june/,recon_page,2026-05-02T20:52:47.894659
84,1,3,0,0,0,0,1,0,13,0,net,200,2,70715,1508.318,0,0,19,1,cloudflare,0,html,0,0,0,1,7,1,1,1,1,1,1,2,1,2,0,0,0,0,0,0,0,0,1,9,0,0,0,0,1,17,7,8,2,1,170,156,14,1,3,1,26,1,10,1,1,11,1,0,0,0,1,0,0,1,0,0,0,0,0,0,1,1,0,0,0,0,0,0,0,0,0,0,0.0,0.0,0.0,0,0,0,1,1,0,0,0,0,2,0,1,114,15,0,0,0,0,0,0,0,1.0,0.00024040161210492824,0.875,0.18383652690376864,0,,multi_full_20260502_195405_0001,2026-05-02T20:53:19.084553,https://www.apnic.net/about-apnic/service-updates/service-announcement-31-july-2023/,https://www.apnic.net/,False,https://www.apnic.net/about-apnic/service-updates/service-announcement-31-july-2023/,https://www.apnic.net/,https://www.apnic.net/about-apnic/service-updates/service-announcement-31-july-2023/,recon_page,2026-05-02T20:53:19.092032
87,1,3,0,0,0,0,1,0,13,0,net,200,2,70779,1409.72,0,0,19,1,cloudflare,0,html,0,0,0,1,7,1,1,1,1,1,1,2,1,2,0,0,0,0,0,0,0,0,1,9,0,0,0,0,1,17,7,8,2,1,168,156,12,1,3,1,26,1,10,1,1,11,1,0,0,0,1,0,0,1,0,0,0,0,0,0,1,1,0,0,0,0,0,0,0,0,0,0,0.0,0.0,0.0,0,0,0,1,1,0,0,0,0,2,0,1,113,15,0,0,0,0,0,0,0,1.0,0.00024018423543706468,0.875,0.1836702976871671,0,,multi_full_20260502_195405_0001,2026-05-02T20:53:35.407073,https://www.apnic.net/about-apnic/service-updates/service-announcement-24-january-2023/,https://www.apnic.net/,False,https://www.apnic.net/about-apnic/service-updates/service-announcement-24-january-2023/,https://www.apnic.net/,https://www.apnic.net/about-apnic/service-updates/service-announcement-24-january-2023/,recon_page,2026-05-02T20:53:35.414809
82,1,3,0,0,0,0,1,0,13,0,net,200,2,70707,1463.071,0,0,19,1,cloudflare,0,html,0,0,0,1,7,1,1,1,1,1,1,2,1,2,0,0,0,0,0,0,0,0,1,9,0,0,0,0,1,17,7,8,2,1,168,156,12,1,3,1,26,1,10,1,1,11,1,0,0,0,1,0,0,1,0,0,0,0,0,0,1,1,0,0,0,0,0,0,0,0,0,0,0.0,0.0,0.0,0,0,0,1,1,0,0,0,0,2,0,1,113,15,0,0,0,0,0,0,0,1.0,0.0002404288118573833,0.875,0.18385732671446958,0,,multi_full_20260502_195405_0001,2026-05-02T20:53:38.624247,https://www.apnic.net/about-apnic/service-updates/service-announcement-24-january/,https://www.apnic.net/,False,https://www.apnic.net/about-apnic/service-updates/service-announcement-24-january/,https://www.apnic.net/,https://www.apnic.net/about-apnic/service-updates/service-announcement-24-january/,recon_page,2026-05-02T20:53:38.641300
79,1,3,0,0,0,0,1,0,13,0,net,200,2,70622,1746.5729999999999,0,0,19,1,cloudflare,0,html,0,0,0,1,7,1,1,1,1,1,1,2,1,2,0,0,0,0,0,0,0,0,1,9,0,0,0,0,1,17,7,8,2,1,168,156,12,1,3,1,26,1,10,1,1,11,1,0,0,0,1,0,0,1,0,0,0,0,0,0,1,1,0,0,0,0,0,0,0,0,0,0,0.0,0.0,0.0,0,0,0,1,1,0,0,0,0,2,0,1,113,15,0,0,0,0,0,0,0,1.0,0.0002407181897992127,0.875,0.1840786157288097,0,,multi_full_20260502_195405_0001,2026-05-02T20:53:40.846324,https://www.apnic.net/about-apnic/service-updates/service-announcement-19-sept/,https://www.apnic.net/,False,https://www.apnic.net/about-apnic/service-updates/service-announcement-19-sept/,https://www.apnic.net/,https://www.apnic.net/about-apnic/service-updates/service-announcement-19-sept/,recon_page,2026-05-02T20:53:40.868865
82,1,3,0,0,0,0,1,0,13,0,net,200,2,70828,1572.347,0,0,19,1,cloudflare,0,html,0,0,0,1,7,1,1,1,1,1,1,2,1,2,0,0,0,0,0,0,0,0,1,9,0,0,0,0,1,17,7,8,2,1,168,156,12,1,3,1,26,1,10,1,1,11,1,0,0,0,1,0,0,1,0,0,0,0,0,0,1,1,0,0,0,0,0,0,0,0,0,0,0.0,0.0,0.0,0,0,0,1,1,0,0,0,0,2,0,1,113,15,0,0,0,0,0,0,0,1.0,0.00024001807194894674,0.875,0.18354323149037102,0,,multi_full_20260502_195405_0001,2026-05-02T20:53:41.556034,https://www.apnic.net/about-apnic/service-updates/service-announcement-2-may-2013/,https://www.apnic.net/,False,https://www.apnic.net/about-apnic/service-updates/service-announcement-2-may-2013/,https://www.apnic.net/,https://www.apnic.net/about-apnic/service-updates/service-announcement-2-may-2013/,recon_page,2026-05-02T20:53:41.567383
85,1,3,0,0,0,0,1,0,13,0,net,200,2,70700,1351.2740000000001,0,0,19,1,cloudflare,0,html,0,0,0,1,7,1,1,1,1,1,1,2,1,2,0,0,0,0,0,0,0,0,1,9,0,0,0,0,1,17,7,8,2,1,168,156,12,1,3,1,26,1,10,1,1,11,1,0,0,0,1,0,0,1,0,0,0,0,0,0,1,1,0,0,0,0,0,0,0,0,0,0,0.0,0.0,0.0,0,0,0,1,1,0,0,0,0,2,0,1,113,15,0,0,0,0,0,0,0,1.0,0.00024045261669024045,0.875,0.18387553041018387,0,,multi_full_20260502_195405_0001,2026-05-02T20:53:43.549389,https://www.apnic.net/about-apnic/service-updates/service-announcement-17-april-2024/,https://www.apnic.net/,False,https://www.apnic.net/about-apnic/service-updates/service-announcement-17-april-2024/,https://www.apnic.net/,https://www.apnic.net/about-apnic/service-updates/service-announcement-17-april-2024/,recon_page,2026-05-02T20:53:43.557300
87,1,3,0,0,0,0,1,0,13,0,net,200,2,71593,1137.219,0,0,19,1,cloudflare,0,html,0,0,0,1,7,1,1,1,1,1,1,2,1,2,0,0,0,0,0,0,0,0,1,9,0,0,0,0,1,17,7,8,2,1,168,156,12,1,3,1,26,1,10,1,1,11,1,0,0,0,1,0,0,1,0,0,0,1,0,0,1,1,0,0,0,0,0,0,0,0,0,0,0.0,0.0,0.0,0,0,0,1,1,0,0,0,0,2,0,1,113,15,0,0,0,0,0,0,0,1.0,0.00023745338231391337,0.875,0.1815819982400514,0,,multi_full_20260502_195405_0001,2026-05-02T20:54:42.383757,https://www.apnic.net/about-apnic/service-updates/service-announcement-17-october-2017/,https://www.apnic.net/,False,https://www.apnic.net/about-apnic/service-updates/service-announcement-17-october-2017/,https://www.apnic.net/,https://www.apnic.net/about-apnic/service-updates/service-announcement-17-october-2017/,recon_page,2026-05-02T20:54:42.397968
84,1,3,0,0,0,0,1,0,13,0,net,200,2,70871,973.442,0,0,19,1,cloudflare,0,html,0,0,0,1,7,1,1,1,1,1,1,2,1,2,0,0,0,0,0,0,0,0,1,9,0,0,0,0,1,17,7,8,2,1,168,156,12,1,3,1,26,1,10,1,1,11,1,0,0,0,1,0,0,1,0,0,0,0,0,0,1,1,0,0,0,0,0,0,0,0,0,0,0.0,0.0,0.0,0,0,0,1,1,0,0,0,0,2,0,1,113,15,0,0,0,0,0,0,0,1.0,0.0002398724443002074,0.875,0.18343186917074686,0,,multi_full_20260502_195405_0001,2026-05-02T20:54:42.371028,https://www.apnic.net/about-apnic/service-updates/service-announcement-16-july-2019/,https://www.apnic.net/,False,https://www.apnic.net/about-apnic/service-updates/service-announcement-16-july-2019/,https://www.apnic.net/,https://www.apnic.net/about-apnic/service-updates/service-announcement-16-july-2019/,recon_page,2026-05-02T20:54:42.397790
88,1,3,0,0,0,0,1,0,13,0,net,200,2,72339,1268.305,0,0,19,1,cloudflare,0,html,0,0,0,1,7,1,1,1,1,1,1,2,1,2,0,0,0,0,0,0,0,0,1,9,0,0,0,0,1,17,7,8,2,1,171,159,12,1,3,1,26,1,10,1,1,11,1,0,0,0,1,0,0,1,0,0,0,0,0,0,1,1,0,0,0,0,0,0,0,0,0,0,0.0,0.0,0.0,0,0,0,1,1,0,0,0,0,2,0,1,116,15,0,0,0,0,0,0,0,1.0,0.00023500463097361036,0.875,0.17970942368570206,0,,multi_full_20260502_195405_0001,2026-05-02T20:54:43.146037,https://www.apnic.net/about-apnic/service-updates/service-announcement-23-december-2025/,https://www.apnic.net/,False,https://www.apnic.net/about-apnic/service-updates/service-announcement-23-december-2025/,https://www.apnic.net/,https://www.apnic.net/about-apnic/service-updates/service-announcement-23-december-2025/,recon_page,2026-05-02T20:54:43.362906
89,1,3,0,0,0,0,1,0,13,0,net,200,2,70735,1397.7740000000001,0,0,19,1,cloudflare,0,html,0,0,0,1,7,1,1,1,1,1,1,2,1,2,0,0,0,0,0,0,0,0,1,9,0,0,0,0,1,17,7,8,2,1,168,156,12,1,3,1,26,1,10,1,1,11,1,0,0,0,1,0,0,1,0,0,0,0,0,0,1,1,0,0,0,0,0,0,0,0,0,0,0.0,0.0,0.0,0,0,0,1,1,0,0,0,0,2,0,1,113,15,0,0,0,0,0,0,0,1.0,0.00024033363964091328,0.875,0.18378454796069837,0,,multi_full_20260502_195405_0001,2026-05-02T20:55:26.747274,https://www.apnic.net/about-apnic/service-updates/service-announcement-10-september-2024/,https://www.apnic.net/,False,https://www.apnic.net/about-apnic/service-updates/service-announcement-10-september-2024/,https://www.apnic.net/,https://www.apnic.net/about-apnic/service-updates/service-announcement-10-september-2024/,recon_page,2026-05-02T20:55:26.926172
131,1,3,0,0,0,0,1,0,13,0,net,200,2,71100,1654.281,0,0,19,1,cloudflare,0,html,0,0,0,1,7,1,1,1,1,1,1,2,1,2,0,0,0,0,0,0,0,0,1,9,0,0,0,0,1,17,7,8,2,1,170,158,12,1,3,1,26,1,10,1,1,11,1,0,0,0,1,0,0,1,0,0,0,0,0,0,1,1,0,0,0,0,0,0,0,0,0,0,0.0,0.0,0.0,0,0,0,1,1,0,0,0,0,2,0,1,115,15,0,0,0,0,0,0,0,1.0,0.0002390998593530239,0.875,0.1828410689170183,0,,multi_full_20260502_195405_0001,2026-05-02T20:55:40.414186,https://www.apnic.net/about-apnic/service-updates/service-announcement-database-maintenance-for-fellowship-and-submission-websites/,https://www.apnic.net/,False,https://www.apnic.net/about-apnic/service-updates/service-announcement-database-maintenance-for-fellowship-and-submission-websites/,https://www.apnic.net/,https://www.apnic.net/about-apnic/service-updates/service-announcement-database-maintenance-for-fellowship-and-submission-websites/,recon_page,2026-05-02T20:55:40.432267
84,1,3,0,0,0,0,1,0,13,0,net,200,2,70821,1429.946,0,0,19,1,cloudflare,0,html,0,0,0,1,7,1,1,1,1,1,1,2,1,2,0,0,0,0,0,0,0,0,1,9,0,0,0,0,1,17,7,8,2,1,168,156,12,1,3,1,26,1,10,1,1,11,1,0,0,0,1,0,0,1,0,0,0,0,0,0,1,1,0,0,0,0,0,0,0,0,0,0,0.0,0.0,0.0,0,0,0,1,1,0,0,0,0,2,0,1,113,15,0,0,0,0,0,0,0,1.0,0.00024004179551263043,0.875,0.18356137303907033,0,,multi_full_20260502_195405_0001,2026-05-02T20:55:40.800231,https://www.apnic.net/about-apnic/service-updates/service-announcement-31-july-2025/,https://www.apnic.net/,False,https://www.apnic.net/about-apnic/service-updates/service-announcement-31-july-2025/,https://www.apnic.net/,https://www.apnic.net/about-apnic/service-updates/service-announcement-31-july-2025/,recon_page,2026-05-02T20:55:40.810515
88,1,3,0,0,0,0,1,0,13,0,net,200,2,70759,1215.9199999999998,0,0,19,1,cloudflare,0,html,0,0,0,1,7,1,1,1,1,1,1,2,1,2,0,0,0,0,0,0,0,0,1,9,0,0,0,0,1,17,7,8,2,1,168,156,12,1,3,1,26,1,10,1,1,11,1,0,0,0,1,0,0,1,0,0,0,0,0,0,1,1,0,0,0,0,0,0,0,0,0,0,0.0,0.0,0.0,0,0,0,1,1,0,0,0,0,2,0,1,113,15,0,0,0,0,0,0,0,1.0,0.00024025212340479657,0.875,0.18372221201543268,0,,multi_full_20260502_195405_0001,2026-05-02T20:56:15.301879,https://www.apnic.net/about-apnic/service-updates/service-announcement-11-february-2021/,https://www.apnic.net/,False,https://www.apnic.net/about-apnic/service-updates/service-announcement-11-february-2021/,https://www.apnic.net/,https://www.apnic.net/about-apnic/service-updates/service-announcement-11-february-2021/,recon_page,2026-05-02T20:56:15.322655
87,1,3,0,0,0,0,1,0,13,0,net,200,2,70638,1608.639,0,0,19,1,cloudflare,0,html,0,0,0,1,7,1,1,1,1,1,1,2,1,2,0,0,0,0,0,0,0,0,1,9,0,0,0,0,1,17,7,8,2,1,168,156,12,1,3,1,26,1,10,1,1,11,1,0,0,0,1,0,0,1,0,0,0,0,0,0,1,1,0,0,0,0,0,0,0,0,0,0,0.0,0.0,0.0,0,0,0,1,1,0,0,0,0,2,0,1,113,15,0,0,0,0,0,0,0,1.0,0.00024066366544919166,0.875,0.18403692063761715,0,,multi_full_20260502_195405_0001,2026-05-02T20:56:22.902890,https://www.apnic.net/about-apnic/service-updates/service-announcement-23-october-2023/,https://www.apnic.net/,False,https://www.apnic.net/about-apnic/service-updates/service-announcement-23-october-2023/,https://www.apnic.net/,https://www.apnic.net/about-apnic/service-updates/service-announcement-23-october-2023/,recon_page,2026-05-02T20:56:22.917395
80,1,3,0,0,0,0,1,0,13,0,net,200,2,71068,1626.339,0,0,19,1,cloudflare,0,html,0,0,0,1,7,1,1,1,1,1,1,2,1,2,0,0,0,0,0,0,0,0,1,9,0,0,0,0,1,17,7,8,2,1,168,156,12,1,3,1,26,1,10,1,1,11,1,0,0,0,1,0,0,1,0,0,0,0,0,0,1,1,0,0,0,0,0,0,0,0,0,0,0.0,0.0,0.0,0,0,0,1,1,0,0,0,0,2,0,1,113,15,0,0,0,0,0,0,0,1.0,0.00023920751955873248,0.875,0.18292339730961896,0,,multi_full_20260502_195405_0001,2026-05-02T20:56:23.165736,https://www.apnic.net/about-apnic/service-updates/service-announcement-23-april/,https://www.apnic.net/,False,https://www.apnic.net/about-apnic/service-updates/service-announcement-23-april/,https://www.apnic.net/,https://www.apnic.net/about-apnic/service-updates/service-announcement-23-april/,recon_page,2026-05-02T20:56:23.174647
85,1,3,0,0,0,0,1,0,13,0,net,200,2,70956,2872.666,0,0,19,1,cloudflare,0,html,0,0,0,1,7,1,1,1,1,1,1,2,1,2,0,0,0,0,0,0,0,0,1,9,0,0,0,0,1,17,7,8,2,1,168,156,12,1,3,1,26,1,10,1,1,11,1,0,0,0,1,0,0,1,0,0,0,0,0,0,1,1,0,0,0,0,0,0,0,0,0,0,0.0,0.0,0.0,0,0,0,1,1,0,0,0,0,2,0,1,113,15,0,0,0,0,0,0,0,1.0,0.00023958509498844355,0.875,0.18321213146175094,0,,multi_full_20260502_195405_0001,2026-05-02T20:56:27.566447,https://www.apnic.net/about-apnic/service-updates/service-announcement-27-april-2017/,https://www.apnic.net/,False,https://www.apnic.net/about-apnic/service-updates/service-announcement-27-april-2017/,https://www.apnic.net/,https://www.apnic.net/about-apnic/service-updates/service-announcement-27-april-2017/,recon_page,2026-05-02T20:56:27.574116
84,1,3,0,0,0,0,1,0,13,0,net,200,2,70605,4087.4180000000006,0,0,19,1,cloudflare,0,html,0,0,0,1,7,1,1,1,1,1,1,2,1,2,0,0,0,0,0,0,0,0,1,9,0,0,0,0,1,17,7,8,2,1,168,156,12,1,3,1,26,1,10,1,1,11,1,0,0,0,1,0,0,1,0,0,0,0,0,0,1,1,0,0,0,0,0,0,0,0,0,0,0.0,0.0,0.0,0,0,0,1,1,0,0,0,0,2,0,1,113,15,0,0,0,0,0,0,0,1.0,0.00024077614899794633,0.875,0.18412293746901776,0,,multi_full_20260502_195405_0001,2026-05-02T20:56:27.830135,https://www.apnic.net/about-apnic/service-updates/service-announcement-25-july-2019/,https://www.apnic.net/,False,https://www.apnic.net/about-apnic/service-updates/service-announcement-25-july-2019/,https://www.apnic.net/,https://www.apnic.net/about-apnic/service-updates/service-announcement-25-july-2019/,recon_page,2026-05-02T20:56:27.835352
88,1,3,0,0,0,0,1,0,13,0,net,200,2,70872,3399.2650000000003,0,0,19,1,cloudflare,0,html,0,0,0,1,7,1,1,1,1,1,1,2,1,2,0,0,0,0,0,0,0,0,1,9,0,0,0,0,1,17,7,8,2,1,169,156,13,1,3,1,26,1,10,1,1,11,1,0,0,0,1,0,0,1,0,0,0,0,0,0,1,1,0,0,0,0,0,0,0,0,0,0,0.0,0.0,0.0,0,0,0,1,1,0,0,0,0,2,0,1,114,15,0,0,0,0,0,0,0,1.0,0.00023986905971328591,0.875,0.18342928095721864,0,,multi_full_20260502_195405_0001,2026-05-02T20:56:28.155460,https://www.apnic.net/about-apnic/service-updates/service-announcement-13-december-2010/,https://www.apnic.net/,False,https://www.apnic.net/about-apnic/service-updates/service-announcement-13-december-2010/,https://www.apnic.net/,https://www.apnic.net/about-apnic/service-updates/service-announcement-13-december-2010/,recon_page,2026-05-02T20:56:28.169615
85,1,3,0,0,0,0,1,0,13,0,net,200,2,71576,1361.675,0,0,19,1,cloudflare,0,html,0,0,0,1,7,1,1,1,1,1,1,2,1,2,0,0,0,0,0,0,0,0,1,9,0,0,0,0,1,17,7,8,2,1,170,156,14,1,3,1,26,1,10,1,1,11,1,0,0,0,1,0,0,1,0,0,0,0,0,0,1,1,0,0,0,0,0,0,0,0,0,0,0.0,0.0,0.0,0,0,0,1,1,0,0,0,0,2,0,1,115,15,0,0,0,0,0,0,0,1.0,0.00023750977981446295,0.875,0.18162512574047168,0,,multi_full_20260502_195405_0001,2026-05-02T20:57:20.605546,https://www.apnic.net/about-apnic/service-updates/service-announcement-13-april-2022/,https://www.apnic.net/,False,https://www.apnic.net/about-apnic/service-updates/service-announcement-13-april-2022/,https://www.apnic.net/,https://www.apnic.net/about-apnic/service-updates/service-announcement-13-april-2022/,recon_page,2026-05-02T20:57:20.639246
78,1,3,0,0,0,0,1,0,13,0,net,200,2,70628,1232.529,0,0,19,1,cloudflare,0,html,0,0,0,1,7,1,1,1,1,1,1,2,1,2,0,0,0,0,0,0,0,0,1,9,0,0,0,0,1,17,7,8,2,1,168,156,12,1,3,1,26,1,10,1,1,11,1,0,0,0,1,0,0,1,0,0,0,0,0,0,1,1,0,0,0,0,0,0,0,0,0,0,0.0,0.0,0.0,0,0,0,1,1,0,0,0,0,2,0,1,113,15,0,0,0,0,0,0,0,1.0,0.00024069774027297956,0.875,0.18406297785580789,0,,multi_full_20260502_195405_0001,2026-05-02T20:57:30.535818,https://www.apnic.net/about-apnic/service-updates/service-announcement-10-oct/,https://www.apnic.net/,False,https://www.apnic.net/about-apnic/service-updates/service-announcement-10-oct/,https://www.apnic.net/,https://www.apnic.net/about-apnic/service-updates/service-announcement-10-oct/,recon_page,2026-05-02T20:57:30.543355
84,1,3,0,0,0,0,1,0,13,0,net,200,2,70740,1099.528,0,0,19,1,cloudflare,0,html,0,0,0,1,7,1,1,1,1,1,1,2,1,2,0,0,0,0,0,0,0,0,1,9,0,0,0,0,1,17,7,8,2,1,168,156,12,1,3,1,26,1,10,1,1,11,1,0,0,0,1,0,0,1,0,0,0,0,0,0,1,1,0,0,0,0,0,0,0,0,0,0,0.0,0.0,0.0,0,0,0,1,1,0,0,0,0,2,0,1,113,15,0,0,0,0,0,0,0,1.0,0.000240316652530393,0.875,0.18377155781735935,0,,multi_full_20260502_195405_0001,2026-05-02T20:57:32.777835,https://www.apnic.net/about-apnic/service-updates/service-announcement-4-march-2026/,https://www.apnic.net/,False,https://www.apnic.net/about-apnic/service-updates/service-announcement-4-march-2026/,https://www.apnic.net/,https://www.apnic.net/about-apnic/service-updates/service-announcement-4-march-2026/,recon_page,2026-05-02T20:57:32.844299
83,1,3,0,0,0,0,1,0,13,0,net,200,2,70688,1257.3600000000001,0,0,19,1,cloudflare,0,html,0,0,0,1,7,1,1,1,1,1,1,2,1,2,0,0,0,0,0,0,0,0,1,9,0,0,0,0,1,17,7,8,2,1,168,156,12,1,3,1,26,1,10,1,1,11,1,0,0,0,1,0,0,1,0,0,0,0,0,0,1,1,0,0,0,0,0,0,0,0,0,0,0.0,0.0,0.0,0,0,0,1,1,0,0,0,0,2,0,1,113,15,0,0,0,0,0,0,0,1.0,0.000240493435943866,0.875,0.18390674513354457,0,,multi_full_20260502_195405_0001,2026-05-02T20:58:29.949145,https://www.apnic.net/about-apnic/service-updates/service-announcement-24-november/,https://www.apnic.net/,False,https://www.apnic.net/about-apnic/service-updates/service-announcement-24-november/,https://www.apnic.net/,https://www.apnic.net/about-apnic/service-updates/service-announcement-24-november/,recon_page,2026-05-02T20:58:30.258226
83,1,3,0,0,0,0,1,0,13,0,net,200,2,70791,1237.345,0,0,19,1,cloudflare,0,html,0,0,0,1,7,1,1,1,1,1,1,2,1,2,0,0,0,0,0,0,0,0,1,9,0,0,0,0,1,17,7,8,2,1,168,156,12,1,3,1,26,1,10,1,1,11,1,0,0,0,1,0,0,1,0,0,0,0,0,0,1,1,0,0,0,0,0,0,0,0,0,0,0.0,0.0,0.0,0,0,0,1,1,0,0,0,0,2,0,1,113,15,0,0,0,0,0,0,0,1.0,0.00024014352106906244,0.875,0.18363916317045953,0,,multi_full_20260502_195405_0001,2026-05-02T20:58:42.796439,https://www.apnic.net/about-apnic/service-updates/service-announcement-18-may-2017/,https://www.apnic.net/,False,https://www.apnic.net/about-apnic/service-updates/service-announcement-18-may-2017/,https://www.apnic.net/,https://www.apnic.net/about-apnic/service-updates/service-announcement-18-may-2017/,recon_page,2026-05-02T20:58:42.817299
83,1,3,0,0,0,0,1,0,13,0,net,200,2,70650,1039.915,0,0,19,1,cloudflare,0,html,0,0,0,1,7,1,1,1,1,1,1,2,1,2,0,0,0,0,0,0,0,0,1,9,0,0,0,0,1,17,7,8,2,1,168,156,12,1,3,1,26,1,10,1,1,11,1,0,0,0,1,0,0,1,0,0,0,1,0,0,1,1,0,0,0,0,0,0,0,0,0,0,0.0,0.0,0.0,0,0,0,1,1,0,0,0,0,2,0,1,113,15,0,0,0,0,0,0,0,1.0,0.00024062278839348904,0.875,0.18400566171266808,0,,multi_full_20260502_195405_0001,2026-05-02T20:58:45.933744,https://www.apnic.net/about-apnic/service-updates/service-announcement-26-feb-2010/,https://www.apnic.net/,False,https://www.apnic.net/about-apnic/service-updates/service-announcement-26-feb-2010/,https://www.apnic.net/,https://www.apnic.net/about-apnic/service-updates/service-announcement-26-feb-2010/,recon_page,2026-05-02T20:58:45.945040
84,1,3,0,0,0,0,1,0,13,0,net,200,2,70687,986.503,0,0,19,1,cloudflare,0,html,0,0,0,1,7,1,1,1,1,1,1,2,1,2,0,0,0,0,0,0,0,0,1,9,0,0,0,0,1,17,7,8,2,1,168,156,12,1,3,1,26,1,10,1,1,11,1,0,0,0,1,0,0,1,0,0,0,0,0,0,1,1,0,0,0,0,0,0,0,0,0,0,0.0,0.0,0.0,0,0,0,1,1,0,0,0,0,2,0,1,113,15,0,0,0,0,0,0,0,1.0,0.00024049683817392166,0.875,0.18390934683888127,0,,multi_full_20260502_195405_0001,2026-05-02T20:59:22.393436,https://www.apnic.net/about-apnic/service-updates/service-announcement-06-june-2024/,https://www.apnic.net/,False,https://www.apnic.net/about-apnic/service-updates/service-announcement-06-june-2024/,https://www.apnic.net/,https://www.apnic.net/about-apnic/service-updates/service-announcement-06-june-2024/,recon_page,2026-05-02T20:59:22.404152
86,1,3,0,0,0,0,1,0,13,0,net,200,2,70698,1505.869,0,0,19,1,cloudflare,0,html,0,0,0,1,7,1,1,1,1,1,1,2,1,2,0,0,0,0,0,0,0,0,1,9,0,0,0,0,1,17,7,8,2,1,168,156,12,1,3,1,26,1,10,1,1,11,1,0,0,0,1,0,0,1,0,0,0,0,0,0,1,1,0,0,0,0,0,0,0,0,0,0,0.0,0.0,0.0,0,0,0,1,1,0,0,0,0,2,0,1,113,15,0,0,0,0,0,0,0,1.0,0.00024045941893688648,0.875,0.18388073212820732,0,,multi_full_20260502_195405_0001,2026-05-02T20:59:29.888555,https://www.apnic.net/about-apnic/service-updates/service-announcement-25-august-2021/,https://www.apnic.net/,False,https://www.apnic.net/about-apnic/service-updates/service-announcement-25-august-2021/,https://www.apnic.net/,https://www.apnic.net/about-apnic/service-updates/service-announcement-25-august-2021/,recon_page,2026-05-02T20:59:29.895772
86,1,3,0,0,0,0,1,0,13,0,net,200,2,72254,908.486,0,0,19,1,cloudflare,0,html,0,0,0,1,7,1,1,1,1,1,1,2,1,2,0,0,0,0,0,0,0,0,1,9,0,0,0,0,1,17,7,8,2,1,168,156,12,1,3,1,26,1,10,1,1,11,1,0,0,0,1,0,0,1,0,0,0,0,0,0,1,1,0,0,0,0,0,0,0,0,0,0,0.0,0.0,0.0,0,0,0,1,1,0,0,0,0,2,0,1,113,15,0,0,0,0,0,0,0,1.0,0.00023528109170426552,0.875,0.1799208348326736,0,,multi_full_20260502_195405_0001,2026-05-02T20:59:30.785618,https://www.apnic.net/about-apnic/service-updates/service-announcement-9-january-2025/,https://www.apnic.net/,False,https://www.apnic.net/about-apnic/service-updates/service-announcement-9-january-2025/,https://www.apnic.net/,https://www.apnic.net/about-apnic/service-updates/service-announcement-9-january-2025/,recon_page,2026-05-02T20:59:30.793709
86,1,3,0,0,0,0,1,0,13,0,net,200,2,70835,1024.163,0,0,19,1,cloudflare,0,html,0,0,0,1,7,1,1,1,1,1,1,2,1,2,0,0,0,0,0,0,0,0,1,9,0,0,0,0,1,17,7,8,2,1,168,156,12,1,3,1,26,1,10,1,1,11,1,0,0,0,1,0,0,1,0,0,0,0,0,0,1,1,0,0,0,0,0,0,0,0,0,0,0.0,0.0,0.0,0,0,0,1,1,0,0,0,0,2,0,1,113,15,0,0,0,0,0,0,0,1.0,0.0002399943530740453,0.875,0.18352509352721114,0,,multi_full_20260502_195405_0001,2026-05-02T20:59:34.427584,https://www.apnic.net/about-apnic/service-updates/service-announcement-31-august-2023/,https://www.apnic.net/,False,https://www.apnic.net/about-apnic/service-updates/service-announcement-31-august-2023/,https://www.apnic.net/,https://www.apnic.net/about-apnic/service-updates/service-announcement-31-august-2023/,recon_page,2026-05-02T20:59:34.442205
86,1,3,0,0,0,0,1,0,13,0,net,200,2,70587,923.4219999999999,0,0,19,1,cloudflare,0,html,0,0,0,1,7,1,1,1,1,1,1,2,1,2,0,0,0,0,0,0,0,0,1,9,0,0,0,0,1,17,7,8,2,1,168,156,12,1,3,1,26,1,10,1,1,11,1,0,0,0,1,0,0,1,0,0,0,0,0,0,1,1,0,0,0,0,0,0,0,0,0,0,0.0,0.0,0.0,0,0,0,1,1,0,0,0,0,2,0,1,113,15,0,0,0,0,0,0,0,1.0,0.00024083754799042318,0.875,0.18416988963973535,0,,multi_full_20260502_195405_0001,2026-05-02T20:59:35.880803,https://www.apnic.net/about-apnic/service-updates/service-announcement-22-july-2014-1/,https://www.apnic.net/,False,https://www.apnic.net/about-apnic/service-updates/service-announcement-22-july-2014-1/,https://www.apnic.net/,https://www.apnic.net/about-apnic/service-updates/service-announcement-22-july-2014-1/,recon_page,2026-05-02T20:59:35.910080
85,1,3,0,0,0,0,1,0,13,0,net,200,2,70714,1171.7930000000001,0,0,19,1,cloudflare,0,html,0,0,0,1,7,1,1,1,1,1,1,2,1,2,0,0,0,0,0,0,0,0,1,9,0,0,0,0,1,17,7,8,2,1,168,156,12,1,3,1,26,1,10,1,1,11,1,0,0,0,1,0,0,1,0,0,0,0,0,0,1,1,0,0,0,0,0,0,0,0,0,0,0.0,0.0,0.0,0,0,0,1,1,0,0,0,0,2,0,1,113,15,0,0,0,0,0,0,0,1.0,0.00024040501173742116,0.875,0.18383912662273383,0,,multi_full_20260502_195405_0001,2026-05-02T20:59:36.441212,https://www.apnic.net/about-apnic/service-updates/service-announcement-12-march-2025/,https://www.apnic.net/,False,https://www.apnic.net/about-apnic/service-updates/service-announcement-12-march-2025/,https://www.apnic.net/,https://www.apnic.net/about-apnic/service-updates/service-announcement-12-march-2025/,recon_page,2026-05-02T20:59:36.467157
86,1,3,0,0,0,0,1,0,13,0,net,200,2,70616,921.354,0,0,19,1,cloudflare,0,html,0,0,0,1,7,1,1,1,1,1,1,2,1,2,0,0,0,0,0,0,0,0,1,9,0,0,0,0,1,17,7,8,2,1,168,156,12,1,3,1,26,1,10,1,1,11,1,0,0,0,1,0,0,1,0,0,0,0,0,0,1,1,0,0,0,0,0,0,0,0,0,0,0.0,0.0,0.0,0,0,0,1,1,0,0,0,0,2,0,1,113,15,0,0,0,0,0,0,0,1.0,0.00024073864280049848,0.875,0.18409425625920472,0,,multi_full_20260502_195405_0001,2026-05-02T21:00:32.275124,https://www.apnic.net/about-apnic/service-updates/service-announcement-5-october-2013/,https://www.apnic.net/,False,https://www.apnic.net/about-apnic/service-updates/service-announcement-5-october-2013/,https://www.apnic.net/,https://www.apnic.net/about-apnic/service-updates/service-announcement-5-october-2013/,recon_page,2026-05-02T21:00:32.287597
85,1,3,0,0,0,0,1,0,13,0,net,200,2,70690,866.368,0,0,19,1,cloudflare,0,html,0,0,0,1,7,1,1,1,1,1,1,2,1,2,0,0,0,0,0,0,0,0,1,9,0,0,0,0,1,17,7,8,2,1,168,156,12,1,3,1,26,1,10,1,1,11,1,0,0,0,1,0,0,1,0,0,0,0,0,0,1,1,0,0,0,0,0,0,0,0,0,0,0.0,0.0,0.0,0,0,0,1,1,0,0,0,0,2,0,1,113,15,0,0,0,0,0,0,0,1.0,0.00024048663177252794,0.875,0.18390154194369784,0,,multi_full_20260502_195405_0001,2026-05-02T21:00:42.409425,https://www.apnic.net/about-apnic/service-updates/service-announcement-01-april-2020/,https://www.apnic.net/,False,https://www.apnic.net/about-apnic/service-updates/service-announcement-01-april-2020/,https://www.apnic.net/,https://www.apnic.net/about-apnic/service-updates/service-announcement-01-april-2020/,recon_page,2026-05-02T21:00:42.455649
85,1,3,0,0,0,0,1,0,13,0,net,200,2,70628,1014.0400000000001,0,0,19,1,cloudflare,0,html,0,0,0,1,7,1,1,1,1,1,1,2,1,2,0,0,0,0,0,0,0,0,1,9,0,0,0,0,1,17,7,8,2,1,168,156,12,1,3,1,26,1,10,1,1,11,1,0,0,0,1,0,0,1,0,0,0,0,0,0,1,1,0,0,0,0,0,0,0,0,0,0,0.0,0.0,0.0,0,0,0,1,1,0,0,0,0,2,0,1,113,15,0,0,0,0,0,0,0,1.0,0.00024069774027297956,0.875,0.18406297785580789,0,,multi_full_20260502_195405_0001,2026-05-02T21:00:42.915270,https://www.apnic.net/about-apnic/service-updates/service-announcement-24-march-2025/,https://www.apnic.net/,False,https://www.apnic.net/about-apnic/service-updates/service-announcement-24-march-2025/,https://www.apnic.net/,https://www.apnic.net/about-apnic/service-updates/service-announcement-24-march-2025/,recon_page,2026-05-02T21:00:42.926213
86,1,3,0,0,0,0,1,0,13,0,net,200,2,70755,1181.731,0,0,19,1,cloudflare,0,html,0,0,0,1,7,1,1,1,1,1,1,2,1,2,0,0,0,0,0,0,0,0,1,9,0,0,0,0,1,17,7,8,2,1,168,156,12,1,3,1,26,1,10,1,1,11,1,0,0,0,1,0,0,1,0,0,0,0,0,0,1,1,0,0,0,0,0,0,0,0,0,0,0.0,0.0,0.0,0,0,0,1,1,0,0,0,0,2,0,1,113,15,0,0,0,0,0,0,0,1.0,0.00024026570560384424,0.875,0.18373259840293973,0,,multi_full_20260502_195405_0001,2026-05-02T21:01:40.398712,https://www.apnic.net/about-apnic/service-updates/service-announcement-05-august-2020/,https://www.apnic.net/,False,https://www.apnic.net/about-apnic/service-updates/service-announcement-05-august-2020/,https://www.apnic.net/,https://www.apnic.net/about-apnic/service-updates/service-announcement-05-august-2020/,recon_page,2026-05-02T21:01:40.851672
82,1,3,0,0,0,0,1,0,13,0,net,200,2,71704,1121.087,0,0,19,1,cloudflare,0,html,0,0,0,1,7,1,1,1,1,1,1,2,1,2,0,0,0,0,0,0,0,0,1,9,0,0,0,0,1,17,7,8,2,1,177,165,12,1,3,1,26,1,10,1,1,11,1,0,0,0,1,0,0,1,0,0,0,0,0,0,1,1,0,0,0,0,0,0,0,0,0,0,0.0,0.0,0.0,0,0,0,1,1,0,0,0,0,2,0,1,122,15,0,0,0,0,0,0,0,1.0,0.0002370857971661274,0.875,0.1813009037152739,0,,multi_full_20260502_195405_0001,2026-05-02T21:01:52.521001,https://www.apnic.net/about-apnic/service-updates/service-announcement-6-may-2020/,https://www.apnic.net/,False,https://www.apnic.net/about-apnic/service-updates/service-announcement-6-may-2020/,https://www.apnic.net/,https://www.apnic.net/about-apnic/service-updates/service-announcement-6-may-2020/,recon_page,2026-05-02T21:01:52.538312
86,1,3,0,0,0,0,1,0,13,0,net,200,2,70953,1004.9950000000001,0,0,19,1,cloudflare,0,html,0,0,0,1,7,1,1,1,1,1,1,2,1,2,0,0,0,0,0,0,0,0,1,9,0,0,0,0,1,17,7,8,2,1,168,156,12,1,3,1,26,1,10,1,1,11,1,0,0,0,1,0,0,1,0,0,0,0,0,0,1,1,0,0,0,0,0,0,0,0,0,0,0.0,0.0,0.0,0,0,0,1,1,0,0,0,0,2,0,1,113,15,0,0,0,0,0,0,0,1.0,0.00023959522500810394,0.875,0.1832198779473736,0,,multi_full_20260502_195405_0001,2026-05-02T21:01:55.137838,https://www.apnic.net/about-apnic/service-updates/service-announcement-24-august-2021/,https://www.apnic.net/,False,https://www.apnic.net/about-apnic/service-updates/service-announcement-24-august-2021/,https://www.apnic.net/,https://www.apnic.net/about-apnic/service-updates/service-announcement-24-august-2021/,recon_page,2026-05-02T21:01:55.169499
87,1,3,0,0,0,0,1,0,13,0,net,200,2,71255,1478.277,0,0,19,1,cloudflare,0,html,0,0,0,1,7,1,1,1,1,1,1,2,1,2,0,0,0,0,0,0,0,0,1,9,0,0,0,0,1,17,7,8,2,1,168,156,12,1,3,1,26,1,10,1,1,11,1,0,0,0,1,0,0,1,0,0,0,0,0,0,1,1,0,0,0,0,0,0,0,0,0,0,0.0,0.0,0.0,0,0,0,1,1,0,0,0,0,2,0,1,113,15,0,0,0,0,0,0,0,1.0,0.00023857974878955862,0.875,0.1824433373096625,0,,multi_full_20260502_195405_0001,2026-05-02T21:03:34.571384,https://www.apnic.net/about-apnic/service-updates/service-announcement-04-october-2017/,https://www.apnic.net/,False,https://www.apnic.net/about-apnic/service-updates/service-announcement-04-october-2017/,https://www.apnic.net/,https://www.apnic.net/about-apnic/service-updates/service-announcement-04-october-2017/,recon_page,2026-05-02T21:03:34.589973
88,1,3,0,0,0,0,1,0,13,0,net,200,2,71009,1195.065,0,0,19,1,cloudflare,0,html,0,0,0,1,7,1,1,1,1,1,1,2,1,2,0,0,0,0,0,0,0,0,1,9,0,0,0,0,1,17,7,8,2,1,168,156,12,1,3,1,26,1,10,1,1,11,1,0,0,0,1,0,0,1,0,0,0,0,0,0,1,1,0,0,0,0,0,0,0,0,0,0,0.0,0.0,0.0,0,0,0,1,1,0,0,0,0,2,0,1,113,15,0,0,0,0,0,0,0,1.0,0.00023940627244433804,0.875,0.18307538481037613,0,,multi_full_20260502_195405_0001,2026-05-02T21:03:45.315952,https://www.apnic.net/about-apnic/service-updates/service-announcement-2-september-2015/,https://www.apnic.net/,False,https://www.apnic.net/about-apnic/service-updates/service-announcement-2-september-2015/,https://www.apnic.net/,https://www.apnic.net/about-apnic/service-updates/service-announcement-2-september-2015/,recon_page,2026-05-02T21:03:46.094223
87,1,3,0,0,0,0,1,0,13,0,net,200,2,70934,1226.8799999999999,0,0,19,1,cloudflare,0,html,0,0,0,1,7,1,1,1,1,1,1,2,1,2,0,0,0,0,0,0,0,0,1,9,0,0,0,0,1,17,7,8,2,1,168,156,12,1,3,1,26,1,10,1,1,11,1,0,0,0,1,0,0,1,0,0,0,0,0,0,1,1,0,0,0,0,0,0,0,0,0,0,0.0,0.0,0.0,0,0,0,1,1,0,0,0,0,2,0,1,113,15,0,0,0,0,0,0,0,1.0,0.00023965940169735247,0.875,0.1832689542391519,0,,multi_full_20260502_195405_0001,2026-05-02T21:03:46.699561,https://www.apnic.net/about-apnic/service-updates/service-announcement-22-october-2024/,https://www.apnic.net/,False,https://www.apnic.net/about-apnic/service-updates/service-announcement-22-october-2024/,https://www.apnic.net/,https://www.apnic.net/about-apnic/service-updates/service-announcement-22-october-2024/,recon_page,2026-05-02T21:03:46.726770
83,1,3,0,0,0,0,1,0,13,0,net,200,2,70542,1527.7130000000002,0,0,19,1,cloudflare,0,html,0,0,0,1,7,1,1,1,1,1,1,2,1,2,0,0,0,0,0,0,0,0,1,9,0,0,0,0,1,17,7,8,2,1,168,156,12,1,3,1,26,1,10,1,1,11,1,0,0,0,1,0,0,1,0,0,0,0,0,0,1,1,0,0,0,0,0,0,0,0,0,0,0.0,0.0,0.0,0,0,0,1,1,0,0,0,0,2,0,1,113,15,0,0,0,0,0,0,0,1.0,0.00024099118255790876,0.875,0.18428737489722435,0,,multi_full_20260502_195405_0001,2026-05-02T21:03:55.402982,https://www.apnic.net/about-apnic/service-updates/service-announcement-3-july-2015/,https://www.apnic.net/,False,https://www.apnic.net/about-apnic/service-updates/service-announcement-3-july-2015/,https://www.apnic.net/,https://www.apnic.net/about-apnic/service-updates/service-announcement-3-july-2015/,recon_page,2026-05-02T21:03:55.426008
82,1,3,0,0,0,0,1,0,13,0,net,200,2,70666,1804.6180000000002,0,0,19,1,cloudflare,0,html,0,0,0,1,7,1,1,1,1,1,1,2,1,2,0,0,0,0,0,0,0,0,1,9,0,0,0,0,1,17,7,8,2,1,168,156,12,1,3,1,26,1,10,1,1,11,1,0,0,0,1,0,0,1,0,0,0,0,0,0,1,1,0,0,0,0,0,0,0,0,0,0,0.0,0.0,0.0,0,0,0,1,1,0,0,0,0,2,0,1,113,15,0,0,0,0,0,0,0,1.0,0.0002405683072481816,0.875,0.18396399966037416,0,,multi_full_20260502_195405_0001,2026-05-02T21:03:55.729858,https://www.apnic.net/about-apnic/service-updates/service-announcement-10-january/,https://www.apnic.net/,False,https://www.apnic.net/about-apnic/service-updates/service-announcement-10-january/,https://www.apnic.net/,https://www.apnic.net/about-apnic/service-updates/service-announcement-10-january/,recon_page,2026-05-02T21:03:55.754501
84,1,3,0,0,0,0,1,0,13,0,net,200,2,70522,887.74,0,0,19,1,cloudflare,0,html,0,0,0,1,7,1,1,1,1,1,1,2,1,2,0,0,0,0,0,0,0,0,1,9,0,0,0,0,1,17,7,8,2,1,168,156,12,1,3,1,26,1,10,1,1,11,1,0,0,0,1,0,0,1,0,0,0,0,0,0,1,1,0,0,0,0,0,0,0,0,0,0,0.0,0.0,0.0,0,0,0,1,1,0,0,0,0,2,0,1,113,15,0,0,0,0,0,0,0,1.0,0.00024105952752332606,0.875,0.18433963869430814,0,,multi_full_20260502_195405_0001,2026-05-02T21:03:56.520031,https://www.apnic.net/about-apnic/service-updates/service-announcement-03-june-2014/,https://www.apnic.net/,False,https://www.apnic.net/about-apnic/service-updates/service-announcement-03-june-2014/,https://www.apnic.net/,https://www.apnic.net/about-apnic/service-updates/service-announcement-03-june-2014/,recon_page,2026-05-02T21:03:56.539495
89,1,3,0,0,0,0,1,0,13,0,net,200,2,71755,2011.46,0,0,19,1,cloudflare,0,html,0,0,0,1,7,1,1,1,1,1,1,2,1,2,0,0,0,0,0,0,0,0,1,9,0,0,0,0,1,17,7,8,2,1,168,156,12,1,3,1,26,1,10,1,1,11,1,0,0,0,1,0,0,1,0,0,0,0,0,0,1,1,0,0,0,0,0,0,0,0,0,0,0.0,0.0,0.0,0,0,0,1,1,0,0,0,0,2,0,1,113,15,0,0,0,0,0,0,0,1.0,0.00023691728799386802,0.875,0.18117204376001675,0,,multi_full_20260502_195405_0001,2026-05-02T21:04:46.781500,https://www.apnic.net/about-apnic/service-updates/service-announcement-24-september-2024/,https://www.apnic.net/,False,https://www.apnic.net/about-apnic/service-updates/service-announcement-24-september-2024/,https://www.apnic.net/,https://www.apnic.net/about-apnic/service-updates/service-announcement-24-september-2024/,recon_page,2026-05-02T21:04:46.797671
89,1,3,0,0,0,0,1,0,13,0,net,200,2,70865,1146.291,0,0,19,1,cloudflare,0,html,0,0,0,1,7,1,1,1,1,1,1,2,1,2,0,0,0,0,0,0,0,0,1,9,0,0,0,0,1,17,7,8,2,1,168,156,12,1,3,1,26,1,10,1,1,11,1,0,0,0,1,0,0,1,0,0,0,0,0,0,1,1,0,0,0,0,0,0,0,0,0,0,0.0,0.0,0.0,0,0,0,1,1,0,0,0,0,2,0,1,113,15,0,0,0,0,0,0,0,1.0,0.00023989275382770055,0.875,0.1834473999858887,0,,multi_full_20260502_195405_0001,2026-05-02T21:05:01.207918,https://www.apnic.net/about-apnic/service-updates/service-announcement-10-september-2020/,https://www.apnic.net/,False,https://www.apnic.net/about-apnic/service-updates/service-announcement-10-september-2020/,https://www.apnic.net/,https://www.apnic.net/about-apnic/service-updates/service-announcement-10-september-2020/,recon_page,2026-05-02T21:05:01.231085
88,1,3,0,0,0,0,1,0,13,0,net,200,2,70625,1084.9789999999998,0,0,19,1,cloudflare,0,html,0,0,0,1,7,1,1,1,1,1,1,2,1,2,0,0,0,0,0,0,0,0,1,9,0,0,0,0,1,17,7,8,2,1,168,156,12,1,3,1,26,1,10,1,1,11,1,0,0,0,1,0,0,1,0,0,0,0,0,0,1,1,0,0,0,0,0,0,0,0,0,0,0.0,0.0,0.0,0,0,0,1,1,0,0,0,0,2,0,1,113,15,0,0,0,0,0,0,0,1.0,0.0002407079646017699,0.875,0.184070796460177,0,,multi_full_20260502_195405_0001,2026-05-02T21:05:02.569953,https://www.apnic.net/about-apnic/service-updates/service-announcement-21-february-2025/,https://www.apnic.net/,False,https://www.apnic.net/about-apnic/service-updates/service-announcement-21-february-2025/,https://www.apnic.net/,https://www.apnic.net/about-apnic/service-updates/service-announcement-21-february-2025/,recon_page,2026-05-02T21:05:02.578047
86,1,3,0,0,0,0,1,0,13,0,net,200,2,70690,1302.8319999999999,0,0,19,1,cloudflare,0,html,0,0,0,1,7,1,1,1,1,1,1,2,1,2,0,0,0,0,0,0,0,0,1,9,0,0,0,0,1,17,7,8,2,1,168,156,12,1,3,1,26,1,10,1,1,11,1,0,0,0,1,0,0,1,0,0,0,0,0,0,1,1,0,0,0,0,0,0,0,0,0,0,0.0,0.0,0.0,0,0,0,1,1,0,0,0,0,2,0,1,113,15,0,0,0,0,0,0,0,1.0,0.00024048663177252794,0.875,0.18390154194369784,0,,multi_full_20260502_195405_0001,2026-05-02T21:05:57.014660,https://www.apnic.net/about-apnic/service-updates/service-announcement-27-august-2022/,https://www.apnic.net/,False,https://www.apnic.net/about-apnic/service-updates/service-announcement-27-august-2022/,https://www.apnic.net/,https://www.apnic.net/about-apnic/service-updates/service-announcement-27-august-2022/,recon_page,2026-05-02T21:05:57.037329
86,1,3,0,0,0,0,1,0,13,0,net,200,2,70759,1244.406,0,0,19,1,cloudflare,0,html,0,0,0,1,7,1,1,1,1,1,1,2,1,2,0,0,0,0,0,0,0,0,1,9,0,0,0,0,1,17,7,8,2,1,168,156,12,1,3,1,26,1,10,1,1,11,1,0,0,0,1,0,0,1,0,0,0,0,0,0,1,1,0,0,0,0,0,0,0,0,0,0,0.0,0.0,0.0,0,0,0,1,1,0,0,0,0,2,0,1,113,15,0,0,0,0,0,0,0,1.0,0.00024025212340479657,0.875,0.18372221201543268,0,,multi_full_20260502_195405_0001,2026-05-02T21:06:13.051244,https://www.apnic.net/about-apnic/service-updates/service-announcement-27-august-2010/,https://www.apnic.net/,False,https://www.apnic.net/about-apnic/service-updates/service-announcement-27-august-2010/,https://www.apnic.net/,https://www.apnic.net/about-apnic/service-updates/service-announcement-27-august-2010/,recon_page,2026-05-02T21:06:13.058924
87,1,3,0,0,0,0,1,0,13,0,net,200,2,70821,1106.019,0,0,19,1,cloudflare,0,html,0,0,0,1,7,1,1,1,1,1,1,2,1,2,0,0,0,0,0,0,0,0,1,9,0,0,0,0,1,17,7,8,2,1,168,156,12,1,3,1,26,1,10,1,1,11,1,0,0,0,1,0,0,1,0,0,0,0,0,0,1,1,0,0,0,0,0,0,0,0,0,0,0.0,0.0,0.0,0,0,0,1,1,0,0,0,0,2,0,1,113,15,0,0,0,0,0,0,0,1.0,0.00024004179551263043,0.875,0.18356137303907033,0,,multi_full_20260502_195405_0001,2026-05-02T21:06:16.145448,https://www.apnic.net/about-apnic/service-updates/service-announcement-31-october-2019/,https://www.apnic.net/,False,https://www.apnic.net/about-apnic/service-updates/service-announcement-31-october-2019/,https://www.apnic.net/,https://www.apnic.net/about-apnic/service-updates/service-announcement-31-october-2019/,recon_page,2026-05-02T21:06:16.163578
87,1,3,0,0,0,0,1,0,13,0,net,200,2,70623,906.531,0,0,19,1,cloudflare,0,html,0,0,0,1,7,1,1,1,1,1,1,2,1,2,0,0,0,0,0,0,0,0,1,9,0,0,0,0,1,17,7,8,2,1,168,156,12,1,3,1,26,1,10,1,1,11,1,0,0,0,1,0,0,1,0,0,0,0,0,0,1,1,0,0,0,0,0,0,0,0,0,0,0.0,0.0,0.0,0,0,0,1,1,0,0,0,0,2,0,1,113,15,0,0,0,0,0,0,0,1.0,0.00024071478130354134,0.875,0.18407600923211984,0,,multi_full_20260502_195405_0001,2026-05-02T21:06:47.681516,https://www.apnic.net/about-apnic/service-updates/service-announcement-30-october-2014/,https://www.apnic.net/,False,https://www.apnic.net/about-apnic/service-updates/service-announcement-30-october-2014/,https://www.apnic.net/,https://www.apnic.net/about-apnic/service-updates/service-announcement-30-october-2014/,recon_page,2026-05-02T21:06:47.687665
86,1,3,0,0,0,0,1,0,13,0,net,200,2,70648,1909.969,0,0,19,1,cloudflare,0,html,0,0,0,1,7,1,1,1,1,1,1,2,1,2,0,0,0,0,0,0,0,0,1,9,0,0,0,0,1,17,7,8,2,1,168,156,12,1,3,1,26,1,10,1,1,11,1,0,0,0,1,0,0,1,0,0,0,0,0,0,1,1,0,0,0,0,0,0,0,0,0,0,0.0,0.0,0.0,0,0,0,1,1,0,0,0,0,2,0,1,113,15,0,0,0,0,0,0,0,1.0,0.0002406296002717699,0.875,0.18401087079605935,0,,multi_full_20260502_195405_0001,2026-05-02T21:06:58.478082,https://www.apnic.net/about-apnic/service-updates/service-announcement-7-january-2025/,https://www.apnic.net/,False,https://www.apnic.net/about-apnic/service-updates/service-announcement-7-january-2025/,https://www.apnic.net/,https://www.apnic.net/about-apnic/service-updates/service-announcement-7-january-2025/,recon_page,2026-05-02T21:06:58.487404
89,1,3,0,0,0,0,1,0,13,0,net,200,2,70852,949.232,0,0,19,1,cloudflare,0,html,0,0,0,1,7,1,1,1,1,1,1,2,1,2,0,0,0,0,0,0,0,0,1,9,0,0,0,0,1,17,7,8,2,1,168,156,12,1,3,1,26,1,10,1,1,11,1,0,0,0,1,0,0,1,0,0,0,0,0,0,1,1,0,0,0,0,0,0,0,0,0,0,0.0,0.0,0.0,0,0,0,1,1,0,0,0,0,2,0,1,113,15,0,0,0,0,0,0,0,1.0,0.00023993676960424546,0.875,0.18348105910912887,0,,multi_full_20260502_195405_0001,2026-05-02T21:06:59.397700,https://www.apnic.net/about-apnic/service-updates/service-announcement-28-september-2017/,https://www.apnic.net/,False,https://www.apnic.net/about-apnic/service-updates/service-announcement-28-september-2017/,https://www.apnic.net/,https://www.apnic.net/about-apnic/service-updates/service-announcement-28-september-2017/,recon_page,2026-05-02T21:06:59.412574
88,1,3,0,0,0,0,1,0,13,0,net,200,2,70849,1560.848,0,0,19,1,cloudflare,0,html,0,0,0,1,7,1,1,1,1,1,1,2,1,2,0,0,0,0,0,0,0,0,1,9,0,0,0,0,1,17,7,8,2,1,168,156,12,1,3,1,26,1,10,1,1,11,1,0,0,0,1,0,0,1,0,0,0,0,0,0,1,1,0,0,0,0,0,0,0,0,0,0,0.0,0.0,0.0,0,0,0,1,1,0,0,0,0,2,0,1,113,15,0,0,0,0,0,0,0,1.0,0.00023994692938503014,0.875,0.18348882835325833,0,,multi_full_20260502_195405_0001,2026-05-02T21:07:05.177579,https://www.apnic.net/about-apnic/service-updates/service-announcement-13-february-2024/,https://www.apnic.net/,False,https://www.apnic.net/about-apnic/service-updates/service-announcement-13-february-2024/,https://www.apnic.net/,https://www.apnic.net/about-apnic/service-updates/service-announcement-13-february-2024/,recon_page,2026-05-02T21:07:05.190949
79,1,3,0,0,0,0,1,0,13,0,net,200,2,70652,1243.0,0,0,19,1,cloudflare,0,html,0,0,0,1,7,1,1,1,1,1,1,2,1,2,0,0,0,0,0,0,0,0,1,9,0,0,0,0,1,17,7,8,2,1,168,156,12,1,3,1,26,1,10,1,1,11,1,0,0,0,1,0,0,1,0,0,0,0,0,0,1,1,0,0,0,0,0,0,0,0,0,0,0.0,0.0,0.0,0,0,0,1,1,0,0,0,0,2,0,1,113,15,0,0,0,0,0,0,0,1.0,0.00024061597690086623,0.875,0.18400045292419182,0,,multi_full_20260502_195405_0001,2026-05-02T21:07:05.605001,https://www.apnic.net/about-apnic/service-updates/service-announcement-17-june/,https://www.apnic.net/,False,https://www.apnic.net/about-apnic/service-updates/service-announcement-17-june/,https://www.apnic.net/,https://www.apnic.net/about-apnic/service-updates/service-announcement-17-june/,recon_page,2026-05-02T21:07:05.630537
88,1,3,0,0,0,0,1,0,13,0,net,200,2,70899,2648.0280000000002,0,0,19,1,cloudflare,0,html,0,0,0,1,7,1,1,1,1,1,1,2,1,2,0,0,0,0,0,0,0,0,1,9,0,0,0,0,1,17,7,8,2,1,168,156,12,1,3,1,26,1,10,1,1,11,1,0,0,0,1,0,0,1,0,0,0,0,0,0,1,1,0,0,0,0,0,0,0,0,0,0,0.0,0.0,0.0,0,0,0,1,1,0,0,0,0,2,0,1,113,15,0,0,0,0,0,0,0,1.0,0.00023977771195644507,0.875,0.1833594267902227,0,,multi_full_20260502_195405_0001,2026-05-02T21:07:08.161241,https://www.apnic.net/about-apnic/service-updates/service-announcement-7-january-2026-2/,https://www.apnic.net/,False,https://www.apnic.net/about-apnic/service-updates/service-announcement-7-january-2026-2/,https://www.apnic.net/,https://www.apnic.net/about-apnic/service-updates/service-announcement-7-january-2026-2/,recon_page,2026-05-02T21:07:08.177475
80,1,3,0,0,0,0,1,0,13,0,net,200,2,70901,1104.9450000000002,0,0,19,1,cloudflare,0,html,0,0,0,1,7,1,1,1,1,1,1,2,1,2,0,0,0,0,0,0,0,0,1,9,0,0,0,0,1,17,7,8,2,1,168,156,12,1,3,1,26,1,10,1,1,11,1,0,0,0,1,0,0,1,0,0,0,0,0,0,1,1,0,0,0,0,0,0,0,0,0,0,0.0,0.0,0.0,0,0,0,1,1,0,0,0,0,2,0,1,113,15,0,0,0,0,0,0,0,1.0,0.00023977094822357934,0.875,0.18335425452391363,0,,multi_full_20260502_195405_0001,2026-05-02T21:09:33.457374,https://www.apnic.net/about-apnic/service-updates/apnic-database-server-upgrade/,https://www.apnic.net/,False,https://www.apnic.net/about-apnic/service-updates/apnic-database-server-upgrade/,https://www.apnic.net/,https://www.apnic.net/about-apnic/service-updates/apnic-database-server-upgrade/,recon_page,2026-05-02T21:09:33.690107
78,1,3,0,0,0,0,1,0,13,0,net,200,2,70563,923.064,0,0,19,1,cloudflare,0,html,0,0,0,1,7,1,1,1,1,1,1,2,1,2,0,0,0,0,0,0,0,0,1,9,0,0,0,0,1,17,7,8,2,1,168,156,12,1,3,1,26,1,10,1,1,11,1,0,0,0,1,0,0,1,0,0,0,0,0,0,1,1,0,0,0,0,0,0,0,0,0,0,0.0,0.0,0.0,0,0,0,1,1,0,0,0,0,2,0,1,113,15,0,0,0,0,0,0,0,1.0,0.000240919462041013,0.875,0.18423252979606874,0,,multi_full_20260502_195405_0001,2026-05-02T21:09:46.409758,https://www.apnic.net/about-apnic/service-updates/service-announcement-10-jan/,https://www.apnic.net/,False,https://www.apnic.net/about-apnic/service-updates/service-announcement-10-jan/,https://www.apnic.net/,https://www.apnic.net/about-apnic/service-updates/service-announcement-10-jan/,recon_page,2026-05-02T21:09:46.449634
83,1,3,0,0,0,0,1,0,13,0,net,200,2,70824,988.845,0,0,19,1,cloudflare,0,html,0,0,0,1,7,1,1,1,1,1,1,2,1,2,0,0,0,0,0,0,0,0,1,9,0,0,0,0,1,17,7,8,2,1,168,156,12,1,3,1,26,1,10,1,1,11,1,0,0,0,1,0,0,1,0,0,0,0,0,0,1,1,0,0,0,0,0,0,0,0,0,0,0.0,0.0,0.0,0,0,0,1,1,0,0,0,0,2,0,1,113,15,0,0,0,0,0,0,0,1.0,0.00024003162769682595,0.875,0.18355359765051396,0,,multi_full_20260502_195405_0001,2026-05-02T21:09:47.823312,https://www.apnic.net/about-apnic/service-updates/service-announcement-07-may-2024/,https://www.apnic.net/,False,https://www.apnic.net/about-apnic/service-updates/service-announcement-07-may-2024/,https://www.apnic.net/,https://www.apnic.net/about-apnic/service-updates/service-announcement-07-may-2024/,recon_page,2026-05-02T21:09:47.847953
86,1,3,0,0,0,0,1,0,13,0,net,200,2,70817,928.421,0,0,19,1,cloudflare,0,html,0,0,0,1,7,1,1,1,1,1,1,2,1,2,0,0,0,0,0,0,0,0,1,9,0,0,0,0,1,17,7,8,2,1,168,156,12,1,3,1,26,1,10,1,1,11,1,0,0,0,1,0,0,1,0,0,0,0,0,0,1,1,0,0,0,0,0,0,0,0,0,0,0.0,0.0,0.0,0,0,0,1,1,0,0,0,0,2,0,1,113,15,0,0,0,0,0,0,0,1.0,0.00024005535394043803,0.875,0.18357174124857029,0,,multi_full_20260502_195405_0001,2026-05-02T21:10:43.324222,https://www.apnic.net/about-apnic/service-updates/service-announcement-29-august-2023/,https://www.apnic.net/,False,https://www.apnic.net/about-apnic/service-updates/service-announcement-29-august-2023/,https://www.apnic.net/,https://www.apnic.net/about-apnic/service-updates/service-announcement-29-august-2023/,recon_page,2026-05-02T21:10:43.331057
84,1,3,0,0,0,0,1,0,13,0,net,200,2,70569,1655.031,0,0,19,1,cloudflare,0,html,0,0,0,1,7,1,1,1,1,1,1,2,1,2,0,0,0,0,0,0,0,0,1,9,0,0,0,0,1,17,7,8,2,1,168,156,12,1,3,1,26,1,10,1,1,11,1,0,0,0,1,0,0,1,0,0,0,0,0,0,1,1,0,0,0,0,0,0,0,0,0,0,0.0,0.0,0.0,0,0,0,1,1,0,0,0,0,2,0,1,113,15,0,0,0,0,0,0,0,1.0,0.00024089897830492142,0.875,0.18421686576258697,0,,multi_full_20260502_195405_0001,2026-05-02T21:10:56.620510,https://www.apnic.net/about-apnic/service-updates/service-announcement-27-june-2023/,https://www.apnic.net/,False,https://www.apnic.net/about-apnic/service-updates/service-announcement-27-june-2023/,https://www.apnic.net/,https://www.apnic.net/about-apnic/service-updates/service-announcement-27-june-2023/,recon_page,2026-05-02T21:10:56.644140
88,1,3,0,0,0,0,1,0,13,0,net,200,2,70814,1381.0059999999999,0,0,19,1,cloudflare,0,html,0,0,0,1,7,1,1,1,1,1,1,2,1,2,0,0,0,0,0,0,0,0,1,9,0,0,0,0,1,17,7,8,2,1,168,156,12,1,3,1,26,1,10,1,1,11,1,0,0,0,1,0,0,1,0,0,0,0,0,0,1,1,0,0,0,0,0,0,0,0,0,0,0.0,0.0,0.0,0,0,0,1,1,0,0,0,0,2,0,1,113,15,0,0,0,0,0,0,0,1.0,0.00024006552376648686,0.875,0.18357951817437232,0,,multi_full_20260502_195405_0001,2026-05-02T21:10:57.024275,https://www.apnic.net/about-apnic/service-updates/service-announcement-27-february-2026/,https://www.apnic.net/,False,https://www.apnic.net/about-apnic/service-updates/service-announcement-27-february-2026/,https://www.apnic.net/,https://www.apnic.net/about-apnic/service-updates/service-announcement-27-february-2026/,recon_page,2026-05-02T21:10:57.038475
89,1,3,0,0,0,0,1,0,13,0,net,200,2,70752,970.53,0,0,19,1,cloudflare,0,html,0,0,0,1,7,1,1,1,1,1,1,2,1,2,0,0,0,0,0,0,0,0,1,9,0,0,0,0,1,17,7,8,2,1,168,156,12,1,3,1,26,1,10,1,1,11,1,0,0,0,1,0,0,1,0,0,0,0,0,0,1,1,0,0,0,0,0,0,0,0,0,0,0.0,0.0,0.0,0,0,0,1,1,0,0,0,0,2,0,1,113,15,0,0,0,0,0,0,0,1.0,0.00024027589326096788,0.875,0.18374038896426959,0,,multi_full_20260502_195405_0001,2026-05-02T21:11:33.232928,https://www.apnic.net/about-apnic/service-updates/service-announcement-18-september-2024/,https://www.apnic.net/,False,https://www.apnic.net/about-apnic/service-updates/service-announcement-18-september-2024/,https://www.apnic.net/,https://www.apnic.net/about-apnic/service-updates/service-announcement-18-september-2024/,recon_page,2026-05-02T21:11:33.244895
105,1,4,1,1,0,0,1,0,13,0,net,403,4,2515,911.377,0,0,18,1,cloudflare,0,html,0,0,0,1,7,1,1,1,1,1,0,0,0,0,0,0,0,0,0,0,0,0,0,0,0,0,0,0,0,0,0,0,0,0,0,0,0,0,0,1,3,0,0,0,0,0,1,0,0,0,0,0,0,1,0,0,0,1,0,0,1,1,0,0,0,0,0,0,0,0,0,0,0.0,0.0,0.0,0,0,0,0,0,0,0,0,0,0,0,0,0,0,0,0,0,0,0,0,0,0.0,0.0,0.875,0.0,0,,multi_full_20260502_195405_0001,2026-05-02T21:11:42.834177,https://www.apnic.net/wp-json/oembed/1.0/embed/?url=https%3A%2F%2Fwww.apnic.net%2Fcommunity%2Fsecurity%2F,https://www.apnic.net/,False,https://www.apnic.net/wp-json/oembed/1.0/embed/?url=https%3A%2F%2Fwww.apnic.net%2Fcommunity%2Fsecurity%2F,https://www.apnic.net/,https://www.apnic.net/wp-json/oembed/1.0/embed/?url=https%3A%2F%2Fwww.apnic.net%2Fcommunity%2Fsecurity%2F,recon_page,2026-05-02T21:11:42.846368
70,1,4,0,0,0,0,1,0,13,0,net,200,2,79470,1048.848,0,0,19,1,cloudflare,0,html,0,0,0,1,7,1,1,1,1,1,1,2,1,2,0,0,0,0,0,0,0,0,1,9,0,0,0,0,1,17,7,8,2,1,201,186,15,1,3,1,26,1,10,1,1,14,1,0,0,0,1,0,0,1,0,0,0,0,0,0,1,1,0,0,0,0,0,0,0,0,0,0,0.0,0.0,0.0,0,0,0,1,1,0,0,0,0,2,0,1,137,15,0,0,0,0,0,0,0,1.0,0.0002139172014596703,0.875,0.16358374229268907,0,,multi_full_20260502_195405_0001,2026-05-02T21:11:44.568203,https://www.apnic.net/community/participate/sigs/routing-security-sig/,https://www.apnic.net/,False,https://www.apnic.net/community/participate/sigs/routing-security-sig/,https://www.apnic.net/,https://www.apnic.net/community/participate/sigs/routing-security-sig/,recon_page,2026-05-02T21:11:44.594108
48,1,5,0,0,0,0,1,0,13,0,net,403,4,2515,953.153,0,0,18,1,cloudflare,0,html,0,0,0,1,7,1,1,1,1,1,0,0,0,0,0,0,0,0,0,0,0,0,0,0,0,0,0,0,0,0,0,0,0,0,0,0,0,0,0,1,3,0,0,0,0,0,1,0,0,0,0,0,0,1,0,0,0,1,0,0,1,1,0,0,0,0,0,0,0,0,0,0,0.0,0.0,0.0,0,0,0,0,0,0,0,0,0,0,0,0,0,0,0,0,0,0,0,0,0,0.0,0.0,0.875,0.0,0,,multi_full_20260502_195405_0001,2026-05-02T21:11:50.784719,https://www.apnic.net/wp-json/wp/v2/pages/16333/,https://www.apnic.net/,False,https://www.apnic.net/wp-json/wp/v2/pages/16333/,https://www.apnic.net/,https://www.apnic.net/wp-json/wp/v2/pages/16333/,recon_page,2026-05-02T21:11:50.833020
106,1,4,1,1,0,0,1,0,13,0,net,403,4,2515,897.454,0,0,18,1,cloudflare,0,html,0,0,0,1,7,1,1,1,1,1,0,0,0,0,0,0,0,0,0,0,0,0,0,0,0,0,0,0,0,0,0,0,0,0,0,0,0,0,0,1,3,0,0,0,0,0,1,0,0,0,0,0,0,1,0,0,0,1,0,0,1,1,0,0,0,0,0,0,0,0,0,0,0.0,0.0,0.0,0,0,0,0,0,0,0,0,0,0,0,0,0,0,0,0,0,0,0,0,0,0.0,0.0,0.875,0.0,0,,multi_full_20260502_195405_0001,2026-05-02T21:11:51.303995,https://www.apnic.net/wp-json/oembed/1.0/embed/?url=https%3A%2F%2Fwww.apnic.net%2Fcommunity%2Fsecurity%2F&,https://www.apnic.net/,False,https://www.apnic.net/wp-json/oembed/1.0/embed/?url=https%3A%2F%2Fwww.apnic.net%2Fcommunity%2Fsecurity%2F&,https://www.apnic.net/,https://www.apnic.net/wp-json/oembed/1.0/embed/?url=https%3A%2F%2Fwww.apnic.net%2Fcommunity%2Fsecurity%2F&,recon_page,2026-05-02T21:11:51.316003
116,1,4,1,2,0,0,1,0,13,0,net,403,4,2515,912.929,0,0,18,1,cloudflare,0,html,0,0,0,1,7,1,1,1,1,1,0,0,0,0,0,0,0,0,0,0,0,0,0,0,0,0,0,0,0,0,0,0,0,0,0,0,0,0,0,1,3,0,0,0,0,0,1,0,0,0,0,0,0,1,0,0,0,1,0,0,1,1,0,0,0,0,0,0,0,0,0,0,0.0,0.0,0.0,0,0,0,0,0,0,0,0,0,0,0,0,0,0,0,0,0,0,0,0,0,0.0,0.0,0.875,0.0,0,,multi_full_20260502_195405_0001,2026-05-02T21:11:52.999246,https://www.apnic.net/wp-json/oembed/1.0/embed/?url=https%3A%2F%2Fwww.apnic.net%2Fcommunity%2Fsecurity%2F&format=xml,https://www.apnic.net/,False,https://www.apnic.net/wp-json/oembed/1.0/embed/?url=https%3A%2F%2Fwww.apnic.net%2Fcommunity%2Fsecurity%2F&format=xml,https://www.apnic.net/,https://www.apnic.net/wp-json/oembed/1.0/embed/?url=https%3A%2F%2Fwww.apnic.net%2Fcommunity%2Fsecurity%2F&format=xml,recon_page,2026-05-02T21:11:53.013219
69,1,4,0,0,0,0,1,0,13,0,net,200,2,73172,1584.5739999999998,0,0,19,1,cloudflare,0,html,0,0,0,1,7,1,1,1,1,1,1,2,1,2,0,0,0,0,0,0,0,0,1,9,0,0,0,0,1,17,7,8,2,1,191,177,14,1,3,1,26,1,10,1,1,14,1,0,0,0,1,0,0,1,0,0,0,0,0,0,1,1,0,0,0,0,0,0,0,0,0,0,0.0,0.0,0.0,0,0,0,1,1,0,0,0,0,2,0,1,126,15,0,0,0,0,0,0,0,1.0,0.00023232930629202427,0.875,0.17766358716448916,0,,multi_full_20260502_195405_0001,2026-05-02T21:12:23.332734,https://www.apnic.net/community/support/root-servers/root-server-map/,https://www.apnic.net/,False,https://www.apnic.net/community/support/root-servers/root-server-map/,https://www.apnic.net/,https://www.apnic.net/community/support/root-servers/root-server-map/,recon_page,2026-05-02T21:12:23.337777
130,1,4,1,2,0,0,1,0,13,0,net,403,4,2515,965.997,0,0,18,1,cloudflare,0,html,0,0,0,1,7,1,1,1,1,1,0,0,0,0,0,0,0,0,0,0,0,0,0,0,0,0,0,0,0,0,0,0,0,0,0,0,0,0,0,1,3,0,0,0,0,0,1,0,0,0,0,0,0,1,0,0,0,1,0,0,1,1,0,0,0,0,0,0,0,0,0,0,0.0,0.0,0.0,0,0,0,0,0,0,0,0,0,0,0,0,0,0,0,0,0,0,0,0,0,0.0,0.0,0.875,0.0,0,,multi_full_20260502_195405_0001,2026-05-02T21:13:08.337283,https://www.apnic.net/wp-json/oembed/1.0/embed/?url=https%3A%2F%2Fwww.apnic.net%2Fcommunity%2Fsupport%2Froot-servers%2F&format=xml,https://www.apnic.net/,False,https://www.apnic.net/wp-json/oembed/1.0/embed/?url=https%3A%2F%2Fwww.apnic.net%2Fcommunity%2Fsupport%2Froot-servers%2F&format=xml,https://www.apnic.net/,https://www.apnic.net/wp-json/oembed/1.0/embed/?url=https%3A%2F%2Fwww.apnic.net%2Fcommunity%2Fsupport%2Froot-servers%2F&format=xml,recon_page,2026-05-02T21:13:08.346353
116,1,4,0,0,0,0,1,0,13,0,net,200,2,77886,1036.153,0,0,19,1,cloudflare,0,html,0,0,0,1,7,1,1,1,1,1,1,2,1,2,0,0,0,0,0,0,0,0,1,9,0,0,0,0,1,17,7,8,2,1,192,178,14,1,3,1,26,1,10,1,1,14,1,0,0,0,1,0,0,1,0,0,0,0,0,0,1,1,0,0,0,0,0,0,0,0,0,0,0.0,0.0,0.0,0,0,0,1,1,0,0,0,0,2,0,1,125,15,0,0,0,0,1,0,0,1.0,0.0002182677246231672,0.875,0.16691061294712786,0,,multi_full_20260502_195405_0001,2026-05-02T21:14:31.518346,https://www.apnic.net/community/support/root-servers/apnic-call-for-expressions-of-interest-for-root-server-hosting/,https://www.apnic.net/,False,https://www.apnic.net/community/support/root-servers/apnic-call-for-expressions-of-interest-for-root-server-hosting/,https://www.apnic.net/,https://www.apnic.net/community/support/root-servers/apnic-call-for-expressions-of-interest-for-root-server-hosting/,recon_page,2026-05-02T21:14:31.527839
120,1,4,1,1,0,0,1,0,13,0,net,403,4,2515,931.744,0,0,18,1,cloudflare,0,html,0,0,0,1,7,1,1,1,1,1,0,0,0,0,0,0,0,0,0,0,0,0,0,0,0,0,0,0,0,0,0,0,0,0,0,0,0,0,0,1,3,0,0,0,0,0,1,0,0,0,0,0,0,1,0,0,0,1,0,0,1,1,0,0,0,0,0,0,0,0,0,0,0.0,0.0,0.0,0,0,0,0,0,0,0,0,0,0,0,0,0,0,0,0,0,0,0,0,0,0.0,0.0,0.875,0.0,0,,multi_full_20260502_195405_0001,2026-05-02T21:15:34.919655,https://www.apnic.net/wp-json/oembed/1.0/embed/?url=https%3A%2F%2Fwww.apnic.net%2Fcommunity%2Fsupport%2Froot-servers%2F&,https://www.apnic.net/,False,https://www.apnic.net/wp-json/oembed/1.0/embed/?url=https%3A%2F%2Fwww.apnic.net%2Fcommunity%2Fsupport%2Froot-servers%2F&,https://www.apnic.net/,https://www.apnic.net/wp-json/oembed/1.0/embed/?url=https%3A%2F%2Fwww.apnic.net%2Fcommunity%2Fsupport%2Froot-servers%2F&,recon_page,2026-05-02T21:15:34.931447
69,1,3,0,0,0,0,1,0,13,0,net,200,2,139284,1147.2169999999999,0,0,19,1,cloudflare,0,html,0,0,0,1,7,1,1,1,1,1,1,2,1,2,0,0,0,0,0,0,0,0,1,9,0,0,0,0,1,17,7,8,2,1,392,243,149,1,76,1,26,1,10,1,1,14,1,0,0,0,1,1,1,1,0,0,1,0,0,0,1,1,0,0,0,0,0,0,0,0,0,0,0.0,0.0,0.0,0,0,0,1,1,0,0,0,0,2,0,1,255,17,0,0,0,0,0,0,0,1.0,0.00012205278423939577,0.875,0.0933344820654203,0,,multi_full_20260502_195405_0001,2026-05-02T21:15:35.547611,https://www.apnic.net/community/support/memberships-and-partnerships/,https://www.apnic.net/,False,https://www.apnic.net/community/support/memberships-and-partnerships/,https://www.apnic.net/,https://www.apnic.net/community/support/memberships-and-partnerships/,recon_page,2026-05-02T21:15:35.560009
119,1,4,1,1,0,0,1,0,13,0,net,403,4,2515,1357.6889999999999,0,0,18,1,cloudflare,0,html,0,0,0,1,7,1,1,1,1,1,0,0,0,0,0,0,0,0,0,0,0,0,0,0,0,0,0,0,0,0,0,0,0,0,0,0,0,0,0,1,3,0,0,0,0,0,1,0,0,0,0,0,0,1,0,0,0,1,0,0,1,1,0,0,0,0,0,0,0,0,0,0,0.0,0.0,0.0,0,0,0,0,0,0,0,0,0,0,0,0,0,0,0,0,0,0,0,0,0,0.0,0.0,0.875,0.0,0,,multi_full_20260502_195405_0001,2026-05-02T21:15:35.807802,https://www.apnic.net/wp-json/oembed/1.0/embed/?url=https%3A%2F%2Fwww.apnic.net%2Fcommunity%2Fcommunity-demographics%2F,https://www.apnic.net/,False,https://www.apnic.net/wp-json/oembed/1.0/embed/?url=https%3A%2F%2Fwww.apnic.net%2Fcommunity%2Fcommunity-demographics%2F,https://www.apnic.net/,https://www.apnic.net/wp-json/oembed/1.0/embed/?url=https%3A%2F%2Fwww.apnic.net%2Fcommunity%2Fcommunity-demographics%2F,recon_page,2026-05-02T21:15:35.819530
130,1,4,1,2,0,0,1,0,13,0,net,403,4,2515,1373.798,0,0,18,1,cloudflare,0,html,0,0,0,1,7,1,1,1,1,1,0,0,0,0,0,0,0,0,0,0,0,0,0,0,0,0,0,0,0,0,0,0,0,0,0,0,0,0,0,1,3,0,0,0,0,0,1,0,0,0,0,0,0,1,0,0,0,1,0,0,1,1,0,0,0,0,0,0,0,0,0,0,0.0,0.0,0.0,0,0,0,0,0,0,0,0,0,0,0,0,0,0,0,0,0,0,0,0,0,0.0,0.0,0.875,0.0,0,,multi_full_20260502_195405_0001,2026-05-02T21:15:36.353323,https://www.apnic.net/wp-json/oembed/1.0/embed/?url=https%3A%2F%2Fwww.apnic.net%2Fcommunity%2Fcommunity-demographics%2F&format=xml,https://www.apnic.net/,False,https://www.apnic.net/wp-json/oembed/1.0/embed/?url=https%3A%2F%2Fwww.apnic.net%2Fcommunity%2Fcommunity-demographics%2F&format=xml,https://www.apnic.net/,https://www.apnic.net/wp-json/oembed/1.0/embed/?url=https%3A%2F%2Fwww.apnic.net%2Fcommunity%2Fcommunity-demographics%2F&format=xml,recon_page,2026-05-02T21:15:36.367086
57,1,3,0,0,0,0,1,0,13,0,net,200,2,74672,1644.896,0,0,19,1,cloudflare,0,html,0,0,0,1,7,1,1,1,1,1,1,2,1,2,0,0,0,0,0,0,0,0,1,9,0,0,0,0,1,17,7,8,2,1,190,178,12,1,3,1,26,1,10,1,1,14,1,0,0,0,1,0,0,1,0,0,0,0,0,0,1,1,0,0,0,0,0,0,0,0,0,0,0.0,0.0,0.0,0,0,0,1,1,0,0,0,0,2,0,1,125,15,0,0,0,0,0,0,0,1.0,0.0002276623098350118,0.875,0.17409470752089137,0,,multi_full_20260502_195405_0001,2026-05-02T21:15:36.753487,https://www.apnic.net/community/support/apnic-hackathons/,https://www.apnic.net/,False,https://www.apnic.net/community/support/apnic-hackathons/,https://www.apnic.net/,https://www.apnic.net/community/support/apnic-hackathons/,recon_page,2026-05-02T21:15:36.759793
64,1,3,0,0,0,0,1,0,13,0,net,200,2,75664,1525.644,0,0,19,1,cloudflare,0,html,0,0,0,1,7,1,1,1,1,1,1,2,1,2,0,0,0,0,0,0,0,0,1,9,0,0,0,0,1,17,7,8,2,1,190,178,12,1,3,1,26,1,10,1,1,15,1,0,0,0,1,0,0,1,0,0,0,0,0,0,1,1,0,0,0,0,0,0,0,0,0,0,0.0,0.0,0.0,0,0,0,1,1,0,0,0,0,2,0,1,124,15,0,0,0,0,0,0,0,1.0,0.0002246775216747727,0.875,0.17181222245717911,0,,multi_full_20260502_195405_0001,2026-05-02T21:15:37.028861,https://www.apnic.net/community/support/internet-infrastructure/,https://www.apnic.net/,False,https://www.apnic.net/community/support/internet-infrastructure/,https://www.apnic.net/,https://www.apnic.net/community/support/internet-infrastructure/,recon_page,2026-05-02T21:15:37.042517
64,1,4,0,0,0,0,1,0,13,0,net,200,2,106350,1049.1999999999998,0,0,19,1,cloudflare,0,html,0,0,0,1,7,1,1,1,1,1,1,2,1,2,0,0,0,0,0,0,0,0,1,9,0,0,0,0,1,17,7,8,2,1,205,193,12,1,3,1,26,1,10,1,1,15,1,0,0,0,1,0,0,1,0,0,0,0,0,0,1,1,0,0,0,0,0,0,0,0,0,0,0.0,0.0,0.0,0,0,0,1,1,0,0,0,0,2,0,1,136,15,0,0,0,0,0,0,0,1.0,0.00015984955336154207,0.875,0.1222378937470616,0,,multi_full_20260502_195405_0001,2026-05-02T21:15:37.552733,https://www.apnic.net/community/participate/sigs/sig-guidelines/,https://www.apnic.net/,False,https://www.apnic.net/community/participate/sigs/sig-guidelines/,https://www.apnic.net/,https://www.apnic.net/community/participate/sigs/sig-guidelines/,recon_page,2026-05-02T21:15:37.564606
58,1,4,0,0,0,0,1,0,13,0,net,200,2,80534,1503.437,0,0,19,1,cloudflare,0,html,0,0,0,1,7,1,1,1,1,1,1,2,1,2,0,0,0,0,0,0,0,0,1,9,0,0,0,0,1,17,7,8,2,1,233,221,12,1,3,1,26,1,10,1,1,14,1,0,0,0,1,0,0,1,0,0,0,1,0,0,1,1,0,0,0,0,0,0,0,0,0,0,0.0,0.0,0.0,0,0,0,1,1,0,0,0,0,2,0,1,169,15,0,0,0,0,0,0,0,1.0,0.00021109096779000174,0.875,0.16142250478058956,0,,multi_full_20260502_195405_0001,2026-05-02T21:15:38.009093,https://www.apnic.net/community/policy/current/change-log/,https://www.apnic.net/,False,https://www.apnic.net/community/policy/current/change-log/,https://www.apnic.net/,https://www.apnic.net/community/policy/current/change-log/,recon_page,2026-05-02T21:15:38.014104
115,1,5,0,0,0,0,1,0,13,0,net,200,2,92483,1493.4080000000001,0,0,19,1,cloudflare,0,html,0,0,0,1,7,1,1,1,1,1,1,2,1,2,0,0,0,0,0,0,0,0,1,9,0,0,0,0,1,17,7,8,2,1,198,186,12,1,3,1,26,1,10,1,1,14,1,0,0,0,1,0,0,1,0,0,0,0,0,0,1,1,0,0,0,0,0,0,0,0,0,0,0.0,0.0,0.0,0,0,0,1,1,0,0,0,0,2,0,1,134,15,0,0,0,0,0,0,0,1.0,0.00018381756647167587,0.875,0.1405663743606933,0,,multi_full_20260502_195405_0001,2026-05-02T21:15:38.281589,https://www.apnic.net/about-apnic/corporate-documents/documents/resource-guidelines/rir-statistics-exchange-format/,https://www.apnic.net/,False,https://www.apnic.net/about-apnic/corporate-documents/documents/resource-guidelines/rir-statistics-exchange-format/,https://www.apnic.net/,https://www.apnic.net/about-apnic/corporate-documents/documents/resource-guidelines/rir-statistics-exchange-format/,recon_page,2026-05-02T21:15:38.287894
46,1,3,0,0,0,0,1,0,13,0,net,404,4,68157,1206.675,0,0,19,1,cloudflare,0,html,0,0,0,1,7,1,1,1,1,1,1,2,1,2,0,0,0,0,0,0,0,0,1,9,0,0,0,0,1,17,7,8,2,1,164,152,12,1,3,1,26,1,10,1,1,8,1,0,0,0,1,0,0,1,0,0,0,1,0,0,1,1,0,0,0,0,0,0,0,0,0,0,0.0,0.0,0.0,0,0,0,1,1,0,0,0,0,2,0,1,109,13,0,0,0,0,0,0,0,1.0,0.00024942412371436535,0.875,0.19073609460510293,0,,multi_full_20260502_195405_0001,2026-05-02T21:15:38.495962,https://www.apnic.net/community/support/certs/,https://www.apnic.net/,False,https://www.apnic.net/community/support/certs/,https://www.apnic.net/,https://www.apnic.net/community/support/certs/,recon_page,2026-05-02T21:15:38.505603
107,1,5,0,0,0,0,1,0,13,0,net,200,2,80988,1346.914,0,0,19,1,cloudflare,0,html,0,0,0,1,7,1,1,1,1,1,1,2,1,2,0,0,0,0,0,0,0,0,1,9,0,0,0,0,1,17,7,8,2,1,204,191,13,1,5,1,26,1,10,1,1,14,1,0,0,0,1,0,0,1,0,0,0,0,0,0,1,1,0,0,0,0,0,0,0,0,0,0,0.0,0.0,0.0,0,0,0,1,1,0,0,0,0,2,0,1,139,15,0,0,0,0,0,0,0,1.0,0.00020990764063811922,0.875,0.16051760754679706,0,,multi_full_20260502_195405_0001,2026-05-02T21:16:12.229965,https://www.apnic.net/about-apnic/corporate-documents/documents/resource-guidelines/historical-maintenance/,https://www.apnic.net/,False,https://www.apnic.net/about-apnic/corporate-documents/documents/resource-guidelines/historical-maintenance/,https://www.apnic.net/,https://www.apnic.net/about-apnic/corporate-documents/documents/resource-guidelines/historical-maintenance/,recon_page,2026-05-02T21:16:12.244054
113,1,4,1,1,0,0,1,0,13,0,net,403,4,2515,841.305,0,0,18,1,cloudflare,0,html,0,0,0,1,7,1,1,1,1,1,0,0,0,0,0,0,0,0,0,0,0,0,0,0,0,0,0,0,0,0,0,0,0,0,0,0,0,0,0,1,3,0,0,0,0,0,1,0,0,0,0,0,0,1,0,0,0,1,0,0,1,1,0,0,0,0,0,0,0,0,0,0,0.0,0.0,0.0,0,0,0,0,0,0,0,0,0,0,0,0,0,0,0,0,0,0,0,0,0,0.0,0.0,0.875,0.0,0,,multi_full_20260502_195405_0001,2026-05-02T21:17:26.379551,https://www.apnic.net/wp-json/oembed/1.0/embed/?url=https%3A%2F%2Fwww.apnic.net%2Fcommunity%2Fpolicy%2Fcurrent%2F,https://www.apnic.net/,False,https://www.apnic.net/wp-json/oembed/1.0/embed/?url=https%3A%2F%2Fwww.apnic.net%2Fcommunity%2Fpolicy%2Fcurrent%2F,https://www.apnic.net/,https://www.apnic.net/wp-json/oembed/1.0/embed/?url=https%3A%2F%2Fwww.apnic.net%2Fcommunity%2Fpolicy%2Fcurrent%2F,recon_page,2026-05-02T21:17:26.387387
100,1,5,0,0,0,0,1,0,13,0,net,200,2,91480,1079.456,0,0,19,1,cloudflare,0,html,0,0,0,1,7,1,1,1,1,1,1,2,1,2,0,0,0,0,0,0,0,0,1,9,0,0,0,0,1,17,7,8,2,1,205,192,13,1,3,1,26,1,10,1,1,14,1,0,0,0,1,0,0,1,0,0,0,0,0,0,1,1,0,0,0,0,0,0,0,0,0,0,0.0,0.0,0.0,0,0,0,1,1,0,0,0,0,2,0,1,140,15,0,0,0,0,0,0,0,1.0,0.00018583296895496282,0.875,0.14210756449497158,0,,multi_full_20260502_195405_0001,2026-05-02T21:17:26.705704,https://www.apnic.net/about-apnic/corporate-documents/documents/resource-guidelines/ipv4-guidelines/,https://www.apnic.net/,False,https://www.apnic.net/about-apnic/corporate-documents/documents/resource-guidelines/ipv4-guidelines/,https://www.apnic.net/,https://www.apnic.net/about-apnic/corporate-documents/documents/resource-guidelines/ipv4-guidelines/,recon_page,2026-05-02T21:17:26.713247
68,1,3,0,0,0,0,1,0,13,0,net,200,2,118719,1280.729,0,0,19,1,cloudflare,0,html,0,0,0,1,7,1,1,1,1,1,1,2,1,2,0,0,0,0,0,0,0,0,1,9,0,0,0,0,1,17,7,8,2,1,201,187,14,1,4,1,26,1,10,1,1,14,1,0,0,0,1,0,0,1,0,0,0,0,0,0,1,1,0,0,0,0,0,0,0,0,0,0,0.0,0.0,0.0,0,0,0,1,1,0,0,0,0,2,0,1,134,15,0,0,0,0,0,0,0,1.0,0.00014319527624053437,0.875,0.109502270066291,0,,multi_full_20260502_195405_0001,2026-05-02T21:17:26.991189,https://www.apnic.net/community/policy/ipv6-address-policy_obsolete/,https://www.apnic.net/,False,https://www.apnic.net/community/policy/ipv6-address-policy_obsolete/,https://www.apnic.net/,https://www.apnic.net/community/policy/ipv6-address-policy_obsolete/,recon_page,2026-05-02T21:17:27.000195
66,1,3,0,0,0,0,1,0,13,0,net,200,2,93915,1283.352,0,0,19,1,cloudflare,0,html,0,0,0,1,7,1,1,1,1,1,1,2,1,2,0,0,0,0,0,0,0,0,1,9,0,0,0,0,1,17,7,8,2,1,199,186,13,1,3,1,26,1,10,1,1,14,1,0,0,0,1,0,0,1,0,0,0,1,0,0,1,1,0,0,0,0,0,0,0,0,0,0,0.0,0.0,0.0,0,0,0,1,1,0,0,0,0,2,0,1,134,15,0,0,0,0,0,0,0,1.0,0.00018101474737794814,0.875,0.13842304211254858,0,,multi_full_20260502_195405_0001,2026-05-02T21:17:27.218725,https://www.apnic.net/community/policy/add-manage-policy_obsolete/,https://www.apnic.net/,False,https://www.apnic.net/community/policy/add-manage-policy_obsolete/,https://www.apnic.net/,https://www.apnic.net/community/policy/add-manage-policy_obsolete/,recon_page,2026-05-02T21:17:27.226518
67,1,3,0,0,0,0,1,0,13,0,net,200,2,82724,1385.222,0,0,19,1,cloudflare,0,html,0,0,0,1,7,1,1,1,1,1,1,2,1,2,0,0,0,0,0,0,0,0,1,9,0,0,0,0,1,17,7,8,2,1,193,181,12,1,3,1,26,1,10,1,1,14,1,0,0,0,1,0,0,1,0,0,0,0,0,0,1,1,0,0,0,0,0,0,0,0,0,0,0.0,0.0,0.0,0,0,0,1,1,0,0,0,0,2,0,1,129,15,0,0,0,0,0,0,0,1.0,0.00020550263526908756,0.875,0.15714907402930225,0,,multi_full_20260502_195405_0001,2026-05-02T21:17:53.558012,https://www.apnic.net/community/policy/experimental-alloc_obsolete/,https://www.apnic.net/,False,https://www.apnic.net/community/policy/experimental-alloc_obsolete/,https://www.apnic.net/,https://www.apnic.net/community/policy/experimental-alloc_obsolete/,recon_page,2026-05-02T21:17:53.567193
103,1,5,0,0,0,0,1,0,13,0,net,200,2,92859,1191.695,0,0,19,1,cloudflare,0,html,0,0,0,1,7,1,1,1,1,1,1,2,1,2,0,0,0,0,0,0,0,0,1,9,0,0,0,0,1,17,7,8,2,1,197,185,12,1,3,1,26,1,10,1,1,14,1,0,0,0,1,0,0,1,0,0,0,0,0,0,1,1,0,0,0,0,0,0,0,0,0,0,0.0,0.0,0.0,0,0,0,1,1,0,0,0,0,2,0,1,132,15,0,0,0,0,0,0,0,1.0,0.00018307326161169085,0.875,0.1399972000559989,0,,multi_full_20260502_195405_0001,2026-05-02T21:18:29.601117,https://www.apnic.net/about-apnic/corporate-documents/documents/policy-development/development-process/,https://www.apnic.net/,False,https://www.apnic.net/about-apnic/corporate-documents/documents/policy-development/development-process/,https://www.apnic.net/,https://www.apnic.net/about-apnic/corporate-documents/documents/policy-development/development-process/,recon_page,2026-05-02T21:18:29.607505
47,1,5,0,0,0,0,1,0,13,0,net,403,4,2515,1079.549,0,0,18,1,cloudflare,0,html,0,0,0,1,7,1,1,1,1,1,0,0,0,0,0,0,0,0,0,0,0,0,0,0,0,0,0,0,0,0,0,0,0,0,0,0,0,0,0,1,3,0,0,0,0,0,1,0,0,0,0,0,0,1,0,0,0,1,0,0,1,1,0,0,0,0,0,0,0,0,0,0,0.0,0.0,0.0,0,0,0,0,0,0,0,0,0,0,0,0,0,0,0,0,0,0,0,0,0,0.0,0.0,0.875,0.0,0,,multi_full_20260502_195405_0001,2026-05-02T21:18:29.751846,https://www.apnic.net/wp-json/wp/v2/pages/1309/,https://www.apnic.net/,False,https://www.apnic.net/wp-json/wp/v2/pages/1309/,https://www.apnic.net/,https://www.apnic.net/wp-json/wp/v2/pages/1309/,recon_page,2026-05-02T21:18:29.764486
65,1,3,0,0,0,0,1,0,13,0,net,200,2,89437,1386.588,0,0,19,1,cloudflare,0,html,0,0,0,1,7,1,1,1,1,1,1,2,1,2,0,0,0,0,0,0,0,0,1,9,0,0,0,0,1,17,7,8,2,1,197,185,12,1,3,1,26,1,10,1,1,14,1,0,0,0,1,0,0,1,0,0,0,1,0,0,1,1,0,0,0,0,0,0,0,0,0,0,0.0,0.0,0.0,0,0,0,1,1,0,0,0,0,2,0,1,132,15,0,0,0,0,0,0,0,1.0,0.00019007793195210037,0.875,0.14535371266925323,0,,multi_full_20260502_195405_0001,2026-05-02T21:18:30.141531,https://www.apnic.net/community/policy/operational-policies-nirs/,https://www.apnic.net/,False,https://www.apnic.net/community/policy/operational-policies-nirs/,https://www.apnic.net/,https://www.apnic.net/community/policy/operational-policies-nirs/,recon_page,2026-05-02T21:18:30.174566
97,1,5,0,0,0,0,1,0,13,0,net,200,2,80809,1417.98,0,0,19,1,cloudflare,0,html,0,0,0,1,7,1,1,1,1,1,1,2,1,2,0,0,0,0,0,0,0,0,1,9,0,0,0,0,1,17,7,8,2,1,201,189,12,1,3,1,26,1,10,1,1,14,1,0,0,0,1,0,0,1,0,0,0,0,0,0,1,1,0,0,0,0,0,0,0,0,0,0,0.0,0.0,0.0,0,0,0,1,1,0,0,0,0,2,0,1,137,15,0,0,0,0,0,0,0,1.0,0.00021037260701159524,0.875,0.16087317006769047,0,,multi_full_20260502_195405_0001,2026-05-02T21:18:30.411532,https://www.apnic.net/about-apnic/corporate-documents/documents/resource-guidelines/availability/,https://www.apnic.net/,False,https://www.apnic.net/about-apnic/corporate-documents/documents/resource-guidelines/availability/,https://www.apnic.net/,https://www.apnic.net/about-apnic/corporate-documents/documents/resource-guidelines/availability/,recon_page,2026-05-02T21:18:30.418185
52,1,3,0,0,0,0,1,0,13,0,net,200,2,88385,1460.207,0,0,19,1,cloudflare,0,html,0,0,0,1,7,1,1,1,1,1,1,2,1,2,0,0,0,0,0,0,0,0,1,9,0,0,0,0,1,17,7,8,2,1,197,184,13,1,3,1,26,1,10,1,1,14,1,0,0,0,1,0,0,1,0,0,0,0,0,0,1,1,0,0,0,0,0,0,0,0,0,0,0.0,0.0,0.0,0,0,0,1,1,0,0,0,0,2,0,1,133,15,0,0,0,0,0,0,0,1.0,0.0001923403292413871,0.875,0.14708378118459015,0,,multi_full_20260502_195405_0001,2026-05-02T21:18:30.722572,https://www.apnic.net/community/policy/nir-criteria/,https://www.apnic.net/,False,https://www.apnic.net/community/policy/nir-criteria/,https://www.apnic.net/,https://www.apnic.net/community/policy/nir-criteria/,recon_page,2026-05-02T21:18:30.726651
103,1,5,0,0,0,0,1,0,13,0,net,200,2,79764,1356.464,0,0,19,1,cloudflare,0,html,0,0,0,1,7,1,1,1,1,1,1,2,1,2,0,0,0,0,0,0,0,0,1,9,0,0,0,0,1,17,7,8,2,1,195,183,12,1,3,1,26,1,10,1,1,14,1,0,0,0,1,0,0,1,0,0,0,0,0,0,1,1,0,0,0,0,0,0,0,0,0,0,0.0,0.0,0.0,0,0,0,1,1,0,0,0,0,2,0,1,131,15,0,0,0,0,0,0,0,1.0,0.00021312872975277067,0.875,0.16298079334035406,0,,multi_full_20260502_195405_0001,2026-05-02T21:18:30.972087,https://www.apnic.net/about-apnic/corporate-documents/documents/policy-development/transfer-log-format/,https://www.apnic.net/,False,https://www.apnic.net/about-apnic/corporate-documents/documents/policy-development/transfer-log-format/,https://www.apnic.net/,https://www.apnic.net/about-apnic/corporate-documents/documents/policy-development/transfer-log-format/,recon_page,2026-05-02T21:18:30.982608
50,1,3,0,0,0,0,1,0,13,0,net,200,2,92202,1321.5030000000002,0,0,19,1,cloudflare,0,html,0,0,0,1,7,1,1,1,1,1,1,2,1,2,0,0,0,0,0,0,0,0,1,9,0,0,0,0,1,17,7,8,2,1,223,203,20,1,3,1,26,1,10,1,1,15,1,0,0,0,1,0,0,1,0,0,0,0,0,0,1,1,0,0,0,0,0,0,0,0,0,0,0.0,0.0,0.0,0,0,0,1,1,0,0,0,0,2,0,1,157,19,0,0,0,0,0,0,0,1.0,0.000184377779223878,0.875,0.1409947723476714,0,,multi_full_20260502_195405_0001,2026-05-02T21:18:31.371834,https://www.apnic.net/community/policy/policy-sig/,https://www.apnic.net/,False,https://www.apnic.net/community/policy/policy-sig/,https://www.apnic.net/,https://www.apnic.net/community/policy/policy-sig/,recon_page,2026-05-02T21:18:31.400278
106,1,4,0,0,0,0,1,0,13,0,net,200,2,79886,1370.9180000000001,0,0,19,1,cloudflare,0,html,0,0,0,1,7,1,1,1,1,1,1,2,1,2,0,0,0,0,0,0,0,0,1,9,0,0,0,0,1,17,7,8,2,1,225,213,12,1,3,1,26,1,10,1,1,14,1,0,0,0,1,0,0,1,0,0,0,0,0,0,1,1,0,0,0,0,0,0,0,0,0,0,0.0,0.0,0.0,0,0,0,1,1,0,0,0,0,2,0,1,145,15,0,0,0,0,0,0,0,1.0,0.00021280324462358863,0.875,0.16273189294745014,0,,multi_full_20260502_195405_0001,2026-05-02T21:18:31.397404,https://www.apnic.net/community/policy/drafts/editorial-comment-period-for-apnic-54-and-apnic-55-policies/,https://www.apnic.net/,False,https://www.apnic.net/community/policy/drafts/editorial-comment-period-for-apnic-54-and-apnic-55-policies/,https://www.apnic.net/,https://www.apnic.net/community/policy/drafts/editorial-comment-period-for-apnic-54-and-apnic-55-policies/,recon_page,2026-05-02T21:18:31.402708
64,1,3,0,0,0,0,1,0,13,0,net,200,2,91813,1002.277,0,0,19,1,cloudflare,0,html,0,0,0,1,7,1,1,1,1,1,1,2,1,2,0,0,0,0,0,0,0,0,1,9,0,0,0,0,1,17,7,8,2,1,198,186,12,1,3,1,26,1,10,1,1,14,1,0,0,0,1,0,0,1,0,0,0,0,0,0,1,1,0,0,0,0,0,0,0,0,0,0,0.0,0.0,0.0,0,0,0,1,1,0,0,0,0,2,0,1,133,15,0,0,0,0,0,0,0,1.0,0.00018515896441680373,0.875,0.14159214925990873,0,,multi_full_20260502_195405_0001,2026-05-02T21:19:11.959776,https://www.apnic.net/community/policy/transfer-policy_obsolete/,https://www.apnic.net/,False,https://www.apnic.net/community/policy/transfer-policy_obsolete/,https://www.apnic.net/,https://www.apnic.net/community/policy/transfer-policy_obsolete/,recon_page,2026-05-02T21:19:11.968543
51,1,3,0,0,0,0,1,0,13,0,net,200,2,80196,1298.086,0,0,19,1,cloudflare,0,html,0,0,0,1,7,1,1,1,1,1,1,2,1,2,0,0,0,0,0,0,0,0,1,9,0,0,0,0,1,17,7,8,2,1,194,182,12,1,11,1,26,1,10,1,1,14,1,0,0,0,1,0,0,1,0,0,0,0,0,0,1,1,0,0,0,0,0,0,0,0,0,0,0.0,0.0,0.0,0,0,0,1,1,0,0,0,0,2,0,1,130,16,0,0,0,0,0,0,0,1.0,0.0002119806474138361,0.875,0.16210284802234526,0,,multi_full_20260502_195405_0001,2026-05-02T21:19:41.773823,https://www.apnic.net/community/policy/participate/,https://www.apnic.net/,False,https://www.apnic.net/community/policy/participate/,https://www.apnic.net/,https://www.apnic.net/community/policy/participate/,recon_page,2026-05-02T21:19:41.783840
114,1,4,1,1,0,0,1,0,13,0,net,403,4,2515,954.0490000000001,0,0,18,1,cloudflare,0,html,0,0,0,1,7,1,1,1,1,1,0,0,0,0,0,0,0,0,0,0,0,0,0,0,0,0,0,0,0,0,0,0,0,0,0,0,0,0,0,1,3,0,0,0,0,0,1,0,0,0,0,0,0,1,0,0,0,1,0,0,1,1,0,0,0,0,0,0,0,0,0,0,0.0,0.0,0.0,0,0,0,0,0,0,0,0,0,0,0,0,0,0,0,0,0,0,0,0,0,0.0,0.0,0.875,0.0,0,,multi_full_20260502_195405_0001,2026-05-02T21:19:42.054814,https://www.apnic.net/wp-json/oembed/1.0/embed/?url=https%3A%2F%2Fwww.apnic.net%2Fcommunity%2Fpolicy%2Fcurrent%2F&,https://www.apnic.net/,False,https://www.apnic.net/wp-json/oembed/1.0/embed/?url=https%3A%2F%2Fwww.apnic.net%2Fcommunity%2Fpolicy%2Fcurrent%2F&,https://www.apnic.net/,https://www.apnic.net/wp-json/oembed/1.0/embed/?url=https%3A%2F%2Fwww.apnic.net%2Fcommunity%2Fpolicy%2Fcurrent%2F&,recon_page,2026-05-02T21:19:42.070892
104,1,5,0,0,0,0,1,0,13,0,net,200,2,82820,1176.0759999999998,0,0,19,1,cloudflare,0,html,0,0,0,1,7,1,1,1,1,1,1,2,1,2,0,0,0,0,0,0,0,0,1,9,0,0,0,0,1,17,7,8,2,1,208,191,17,1,5,1,26,1,10,1,1,14,1,0,0,0,1,0,0,1,0,0,0,0,0,0,1,1,0,0,0,0,0,0,0,0,0,0,0.0,0.0,0.0,0,0,0,1,1,0,0,0,0,2,0,1,140,15,0,0,0,0,0,0,0,1.0,0.00020526442888191257,0.875,0.1569669162038155,0,,multi_full_20260502_195405_0001,2026-05-02T21:19:42.381431,https://www.apnic.net/about-apnic/corporate-documents/documents/resource-guidelines/historical-transfer/,https://www.apnic.net/,False,https://www.apnic.net/about-apnic/corporate-documents/documents/resource-guidelines/historical-transfer/,https://www.apnic.net/,https://www.apnic.net/about-apnic/corporate-documents/documents/resource-guidelines/historical-transfer/,recon_page,2026-05-02T21:19:42.387245
67,1,3,0,0,0,0,1,0,13,0,net,200,2,106267,1062.7359999999999,0,0,19,1,cloudflare,0,html,0,0,0,1,7,1,1,1,1,1,1,2,1,2,0,0,0,0,0,0,0,0,1,9,0,0,0,0,1,17,7,8,2,1,195,183,12,1,4,1,26,1,10,1,1,14,1,0,0,0,1,0,0,1,0,0,0,1,0,0,1,1,0,0,0,0,0,0,0,0,0,0,0.0,0.0,0.0,0,0,0,1,1,0,0,0,0,2,0,1,131,15,0,0,0,0,0,0,0,1.0,0.00015997440409534473,0.875,0.12233336783761657,0,,multi_full_20260502_195405_0001,2026-05-02T21:19:43.868335,https://www.apnic.net/community/policy/policy-environment_obsolete/,https://www.apnic.net/,False,https://www.apnic.net/community/policy/policy-environment_obsolete/,https://www.apnic.net/,https://www.apnic.net/community/policy/policy-environment_obsolete/,recon_page,2026-05-02T21:19:43.874093
98,1,5,0,0,0,0,1,0,13,0,net,200,2,90142,1171.473,0,0,19,1,cloudflare,0,html,0,0,0,1,7,1,1,1,1,1,1,2,1,2,0,0,0,0,0,0,0,0,1,9,0,0,0,0,1,17,7,8,2,1,202,186,16,1,5,1,26,1,10,1,1,14,1,0,0,0,1,0,0,1,0,0,0,1,0,0,1,1,0,0,0,0,0,0,0,0,0,0,0.0,0.0,0.0,0,0,0,1,1,0,0,0,0,2,0,1,138,15,0,0,0,0,2,0,0,1.0,0.0001885913336735373,0.875,0.1442169022209403,0,,multi_full_20260502_195405_0001,2026-05-02T21:20:33.285216,https://www.apnic.net/about-apnic/corporate-documents/documents/resource-guidelines/reverse-zones/,https://www.apnic.net/,False,https://www.apnic.net/about-apnic/corporate-documents/documents/resource-guidelines/reverse-zones/,https://www.apnic.net/,https://www.apnic.net/about-apnic/corporate-documents/documents/resource-guidelines/reverse-zones/,recon_page,2026-05-02T21:20:33.291911
100,1,5,0,0,0,0,1,0,13,0,net,200,2,105701,1151.381,0,0,19,1,cloudflare,0,html,0,0,0,1,7,1,1,1,1,1,1,2,1,2,0,0,0,0,0,0,0,0,1,9,0,0,0,0,1,17,7,8,2,1,221,206,15,1,3,1,26,1,10,1,1,14,1,0,0,0,1,0,0,1,0,0,0,1,0,0,1,1,0,0,0,0,0,0,0,0,0,0,0.0,0.0,0.0,0,0,0,1,1,0,0,0,0,2,0,1,145,15,0,0,0,0,0,0,0,1.0,0.00016083102335834098,0.875,0.12298842962696664,0,,multi_full_20260502_195405_0001,2026-05-02T21:20:33.548079,https://www.apnic.net/about-apnic/corporate-documents/documents/resource-guidelines/ipv6-guidelines/,https://www.apnic.net/,False,https://www.apnic.net/about-apnic/corporate-documents/documents/resource-guidelines/ipv6-guidelines/,https://www.apnic.net/,https://www.apnic.net/about-apnic/corporate-documents/documents/resource-guidelines/ipv6-guidelines/,recon_page,2026-05-02T21:20:33.552369
64,1,3,0,0,0,0,1,0,13,0,net,200,2,73032,1118.806,0,0,19,1,cloudflare,0,html,0,0,0,1,7,1,1,1,1,1,1,2,1,2,0,0,0,0,0,0,0,0,1,9,0,0,0,0,1,17,7,8,2,1,189,177,12,1,4,1,26,1,10,1,1,14,1,0,0,0,1,0,0,1,0,0,0,0,0,0,1,1,0,0,0,0,0,0,0,0,0,0,0.0,0.0,0.0,0,0,0,1,1,0,0,0,0,2,0,1,124,15,0,0,0,0,0,0,0,1.0,0.00023277467411545624,0.875,0.1780041625588783,0,,multi_full_20260502_195405_0001,2026-05-02T21:20:33.798092,https://www.apnic.net/about-apnic/corporate-documents/brochures/,https://www.apnic.net/,False,https://www.apnic.net/about-apnic/corporate-documents/brochures/,https://www.apnic.net/,https://www.apnic.net/about-apnic/corporate-documents/brochures/,recon_page,2026-05-02T21:20:33.816001
100,1,5,0,0,0,0,1,0,13,0,net,200,2,81712,1102.411,0,0,19,1,cloudflare,0,html,0,0,0,1,7,1,1,1,1,1,1,2,1,2,0,0,0,0,0,0,0,0,1,9,0,0,0,0,1,17,7,8,2,1,196,184,12,1,3,1,26,1,10,1,1,14,1,0,0,0,1,0,0,1,0,0,0,1,0,0,1,1,0,0,0,0,0,0,0,0,0,0,0.0,0.0,0.0,0,0,0,1,1,0,0,0,0,2,0,1,131,15,0,0,0,0,0,0,0,1.0,0.00020804777756021147,0.875,0.15909535931074995,0,,multi_full_20260502_195405_0001,2026-05-02T21:20:33.808418,https://www.apnic.net/about-apnic/corporate-documents/documents/policy-development/editorial-policy/,https://www.apnic.net/,False,https://www.apnic.net/about-apnic/corporate-documents/documents/policy-development/editorial-policy/,https://www.apnic.net/,https://www.apnic.net/about-apnic/corporate-documents/documents/policy-development/editorial-policy/,recon_page,2026-05-02T21:20:33.818708
129,1,4,1,2,0,0,1,0,13,0,net,403,4,2515,825.3009999999999,0,0,18,1,cloudflare,0,html,0,0,0,1,7,1,1,1,1,1,0,0,0,0,0,0,0,0,0,0,0,0,0,0,0,0,0,0,0,0,0,0,0,0,0,0,0,0,0,1,3,0,0,0,0,0,1,0,0,0,0,0,0,1,0,0,0,1,0,0,1,1,0,0,0,0,0,0,0,0,0,0,0.0,0.0,0.0,0,0,0,0,0,0,0,0,0,0,0,0,0,0,0,0,0,0,0,0,0,0.0,0.0,0.875,0.0,0,,multi_full_20260502_195405_0001,2026-05-02T21:20:33.943805,https://www.apnic.net/wp-json/oembed/1.0/embed/?url=https%3A%2F%2Fwww.apnic.net%2Fabout-apnic%2Fcorporate-documents%2F&format=xml,https://www.apnic.net/,False,https://www.apnic.net/wp-json/oembed/1.0/embed/?url=https%3A%2F%2Fwww.apnic.net%2Fabout-apnic%2Fcorporate-documents%2F&format=xml,https://www.apnic.net/,https://www.apnic.net/wp-json/oembed/1.0/embed/?url=https%3A%2F%2Fwww.apnic.net%2Fabout-apnic%2Fcorporate-documents%2F&format=xml,recon_page,2026-05-02T21:20:33.967841
64,1,3,0,0,0,0,1,0,13,0,net,200,2,82240,1091.636,0,0,19,1,cloudflare,0,html,0,0,0,1,7,1,1,1,1,1,1,2,1,2,0,0,0,0,0,0,0,0,1,9,0,0,0,0,1,17,7,8,2,1,218,206,12,1,3,1,26,1,10,1,1,14,1,0,0,0,1,0,0,1,0,0,0,0,0,0,1,1,0,0,0,0,0,0,0,0,0,0,0.0,0.0,0.0,0,0,0,1,1,0,0,0,0,2,0,1,151,15,0,0,0,0,0,0,0,1.0,0.00020671206225680934,0.875,0.15807392996108952,0,,multi_full_20260502_195405_0001,2026-05-02T21:20:34.017107,https://www.apnic.net/about-apnic/corporate-documents/documents/,https://www.apnic.net/,False,https://www.apnic.net/about-apnic/corporate-documents/documents/,https://www.apnic.net/,https://www.apnic.net/about-apnic/corporate-documents/documents/,recon_page,2026-05-02T21:20:34.056249
46,1,3,0,0,0,0,1,0,13,0,net,200,2,82617,1462.5379999999998,0,0,19,1,cloudflare,0,html,0,0,0,1,7,1,1,1,1,1,1,2,1,2,0,0,0,0,0,0,0,0,1,9,0,0,0,0,1,17,7,8,2,1,231,219,12,1,3,1,26,1,10,1,1,15,1,0,0,0,1,0,0,1,0,0,0,0,0,0,1,1,0,0,0,0,0,0,0,0,0,0,0.0,0.0,0.0,0,0,0,1,1,0,0,0,0,2,0,1,167,15,0,0,0,0,0,0,0,1.0,0.00020576878850599756,0.875,0.1573526029751746,0,,multi_full_20260502_195405_0001,2026-05-02T21:20:34.273332,https://www.apnic.net/community/policy/drafts/,https://www.apnic.net/,False,https://www.apnic.net/community/policy/drafts/,https://www.apnic.net/,https://www.apnic.net/community/policy/drafts/,recon_page,2026-05-02T21:20:34.281143
75,1,3,0,0,0,0,1,0,13,0,net,200,2,76521,1056.019,0,0,19,1,cloudflare,0,html,0,0,0,1,7,1,1,1,1,1,1,2,1,2,0,0,0,0,0,0,0,0,1,9,0,0,0,0,1,17,7,8,2,1,207,195,12,1,3,1,26,1,10,1,1,15,1,0,0,0,1,0,0,1,0,0,0,0,0,0,1,1,0,0,0,0,0,0,0,0,0,0,0.0,0.0,0.0,0,0,0,1,1,0,0,0,0,2,0,1,143,16,0,0,0,0,0,0,0,1.0,0.00022216123678467348,0.875,0.16988800460004444,0,,multi_full_20260502_195405_0001,2026-05-02T21:20:34.511906,https://www.apnic.net/about-apnic/corporate-documents/plans-and-strategies/,https://www.apnic.net/,False,https://www.apnic.net/about-apnic/corporate-documents/plans-and-strategies/,https://www.apnic.net/,https://www.apnic.net/about-apnic/corporate-documents/plans-and-strategies/,recon_page,2026-05-02T21:20:34.516983
118,1,4,1,1,0,0,1,0,13,0,net,403,4,2515,850.792,0,0,18,1,cloudflare,0,html,0,0,0,1,7,1,1,1,1,1,0,0,0,0,0,0,0,0,0,0,0,0,0,0,0,0,0,0,0,0,0,0,0,0,0,0,0,0,0,1,3,0,0,0,0,0,1,0,0,0,0,0,0,1,0,0,0,1,0,0,1,1,0,0,0,0,0,0,0,0,0,0,0.0,0.0,0.0,0,0,0,0,0,0,0,0,0,0,0,0,0,0,0,0,0,0,0,0,0,0.0,0.0,0.875,0.0,0,,multi_full_20260502_195405_0001,2026-05-02T21:21:01.396376,https://www.apnic.net/wp-json/oembed/1.0/embed/?url=https%3A%2F%2Fwww.apnic.net%2Fabout-apnic%2Fcorporate-documents%2F,https://www.apnic.net/,False,https://www.apnic.net/wp-json/oembed/1.0/embed/?url=https%3A%2F%2Fwww.apnic.net%2Fabout-apnic%2Fcorporate-documents%2F,https://www.apnic.net/,https://www.apnic.net/wp-json/oembed/1.0/embed/?url=https%3A%2F%2Fwww.apnic.net%2Fabout-apnic%2Fcorporate-documents%2F,recon_page,2026-05-02T21:21:01.401682
47,1,5,0,0,0,0,1,0,13,0,net,403,4,2515,995.3720000000001,0,0,18,1,cloudflare,0,html,0,0,0,1,7,1,1,1,1,1,0,0,0,0,0,0,0,0,0,0,0,0,0,0,0,0,0,0,0,0,0,0,0,0,0,0,0,0,0,1,3,0,0,0,0,0,1,0,0,0,0,0,0,1,0,0,0,1,0,0,1,1,0,0,0,0,0,0,0,0,0,0,0.0,0.0,0.0,0,0,0,0,0,0,0,0,0,0,0,0,0,0,0,0,0,0,0,0,0,0.0,0.0,0.875,0.0,0,,multi_full_20260502_195405_0001,2026-05-02T21:21:02.866851,https://www.apnic.net/wp-json/wp/v2/pages/1322/,https://www.apnic.net/,False,https://www.apnic.net/wp-json/wp/v2/pages/1322/,https://www.apnic.net/,https://www.apnic.net/wp-json/wp/v2/pages/1322/,recon_page,2026-05-02T21:21:02.871721
119,1,4,1,1,0,0,1,0,13,0,net,403,4,2515,1468.041,0,0,18,1,cloudflare,0,html,0,0,0,1,7,1,1,1,1,1,0,0,0,0,0,0,0,0,0,0,0,0,0,0,0,0,0,0,0,0,0,0,0,0,0,0,0,0,0,1,3,0,0,0,0,0,1,0,0,0,0,0,0,1,0,0,0,1,0,0,1,1,0,0,0,0,0,0,0,0,0,0,0.0,0.0,0.0,0,0,0,0,0,0,0,0,0,0,0,0,0,0,0,0,0,0,0,0,0,0.0,0.0,0.875,0.0,0,,multi_full_20260502_195405_0001,2026-05-02T21:21:23.347749,https://www.apnic.net/wp-json/oembed/1.0/embed/?url=https%3A%2F%2Fwww.apnic.net%2Fabout-apnic%2Fcorporate-documents%2F&,https://www.apnic.net/,False,https://www.apnic.net/wp-json/oembed/1.0/embed/?url=https%3A%2F%2Fwww.apnic.net%2Fabout-apnic%2Fcorporate-documents%2F&,https://www.apnic.net/,https://www.apnic.net/wp-json/oembed/1.0/embed/?url=https%3A%2F%2Fwww.apnic.net%2Fabout-apnic%2Fcorporate-documents%2F&,recon_page,2026-05-02T21:21:23.355697
145,1,4,1,2,0,0,1,0,13,0,net,403,4,2515,979.579,0,0,18,1,cloudflare,0,html,0,0,0,1,7,1,1,1,1,1,0,0,0,0,0,0,0,0,0,0,0,0,0,0,0,0,0,0,0,0,0,0,0,0,0,0,0,0,0,1,3,0,0,0,0,0,1,0,0,0,0,0,0,1,0,0,0,1,0,0,1,1,0,0,0,0,0,0,0,0,0,0,0.0,0.0,0.0,0,0,0,0,0,0,0,0,0,0,0,0,0,0,0,0,0,0,0,0,0,0.0,0.0,0.875,0.0,0,,multi_full_20260502_195405_0001,2026-05-02T21:21:54.954689,https://www.apnic.net/wp-json/oembed/1.0/embed/?url=https%3A%2F%2Fwww.apnic.net%2Fmanage-ip%2Fmanage-resources%2Ftransfer-resources%2F&format=xml,https://www.apnic.net/,False,https://www.apnic.net/wp-json/oembed/1.0/embed/?url=https%3A%2F%2Fwww.apnic.net%2Fmanage-ip%2Fmanage-resources%2Ftransfer-resources%2F&format=xml,https://www.apnic.net/,https://www.apnic.net/wp-json/oembed/1.0/embed/?url=https%3A%2F%2Fwww.apnic.net%2Fmanage-ip%2Fmanage-resources%2Ftransfer-resources%2F&format=xml,recon_page,2026-05-02T21:21:54.958485
48,1,5,0,0,0,0,1,0,13,0,net,403,4,2515,1035.118,0,0,18,1,cloudflare,0,html,0,0,0,1,7,1,1,1,1,1,0,0,0,0,0,0,0,0,0,0,0,0,0,0,0,0,0,0,0,0,0,0,0,0,0,0,0,0,0,1,3,0,0,0,0,0,1,0,0,0,0,0,0,1,0,0,0,1,0,0,1,1,0,0,0,0,0,0,0,0,0,0,0.0,0.0,0.0,0,0,0,0,0,0,0,0,0,0,0,0,0,0,0,0,0,0,0,0,0,0.0,0.0,0.875,0.0,0,,multi_full_20260502_195405_0001,2026-05-02T21:21:55.455669,https://www.apnic.net/wp-json/wp/v2/pages/54736/,https://www.apnic.net/,False,https://www.apnic.net/wp-json/wp/v2/pages/54736/,https://www.apnic.net/,https://www.apnic.net/wp-json/wp/v2/pages/54736/,recon_page,2026-05-02T21:21:55.506092
80,1,3,0,0,0,0,1,0,13,0,net,200,2,72707,1081.402,0,0,19,1,cloudflare,0,html,0,0,0,1,7,1,1,1,1,1,1,2,1,2,0,0,0,0,0,0,0,0,1,9,0,0,0,0,1,17,7,8,2,1,186,174,12,1,3,1,26,1,10,1,1,14,1,0,0,0,1,0,0,1,0,0,0,0,0,0,1,1,0,0,0,0,0,0,0,0,0,0,0.0,0.0,0.0,0,0,0,1,1,0,0,0,0,2,0,1,122,15,0,0,0,0,0,0,0,1.0,0.0002338151759803045,0.875,0.178799840455527,0,,multi_full_20260502_195405_0001,2026-05-02T21:21:55.544518,https://www.apnic.net/about-apnic/corporate-documents/apnic-technical-documents/,https://www.apnic.net/,False,https://www.apnic.net/about-apnic/corporate-documents/apnic-technical-documents/,https://www.apnic.net/,https://www.apnic.net/about-apnic/corporate-documents/apnic-technical-documents/,recon_page,2026-05-02T21:21:55.575333
79,1,3,0,0,0,0,1,0,13,0,net,200,2,78155,1096.718,0,0,19,1,cloudflare,0,html,0,0,0,1,7,1,1,1,1,1,1,2,1,2,0,0,0,0,0,0,0,0,1,9,0,0,0,0,1,17,7,8,2,1,197,178,19,1,4,1,26,1,10,1,1,14,1,0,0,0,1,0,0,1,0,0,0,0,0,0,1,1,0,0,0,0,0,0,0,0,0,0,0.0,0.0,0.0,0,0,0,1,1,0,0,0,0,2,0,1,135,18,0,0,0,0,0,0,0,1.0,0.00021751647367410914,0.875,0.16633612692725994,0,,multi_full_20260502_195405_0001,2026-05-02T21:21:55.577159,https://www.apnic.net/manage-ip/manage-resources/address-management-objectives/,https://www.apnic.net/,False,https://www.apnic.net/manage-ip/manage-resources/address-management-objectives/,https://www.apnic.net/,https://www.apnic.net/manage-ip/manage-resources/address-management-objectives/,recon_page,2026-05-02T21:21:55.582464
81,1,3,0,0,0,0,1,0,13,0,net,200,2,73787,1066.9789999999998,0,0,19,1,cloudflare,0,html,0,0,0,1,7,1,1,1,1,1,1,2,1,2,0,0,0,0,0,0,0,0,1,9,0,0,0,0,1,17,7,8,2,1,180,168,12,1,3,1,26,1,10,1,1,14,1,0,0,0,1,0,0,1,0,0,0,0,0,0,1,1,0,0,0,0,0,0,0,0,0,0,0.0,0.0,0.0,0,0,0,1,1,0,0,0,0,2,0,1,121,15,0,0,0,0,0,0,0,1.0,0.00023039288763603344,0.875,0.17618279642755497,0,,multi_full_20260502_195405_0001,2026-05-02T21:22:11.361534,https://www.apnic.net/manage-ip/manage-resources/address-management-objectives-2/,https://www.apnic.net/,False,https://www.apnic.net/manage-ip/manage-resources/address-management-objectives-2/,https://www.apnic.net/,https://www.apnic.net/manage-ip/manage-resources/address-management-objectives-2/,recon_page,2026-05-02T21:22:11.397304
61,1,3,0,0,0,0,1,0,13,0,net,200,2,72745,1082.012,0,0,19,1,cloudflare,0,html,0,0,0,1,7,1,1,1,1,1,1,2,1,2,0,0,0,0,0,0,0,0,1,9,0,0,0,0,1,17,7,8,2,1,181,169,12,1,3,1,26,1,10,1,1,14,1,0,0,0,1,0,0,1,0,0,0,0,0,0,1,1,0,0,0,0,0,0,0,0,0,0,0.0,0.0,0.0,0,0,0,1,1,0,0,0,0,2,0,1,122,15,0,0,0,0,0,0,0,1.0,0.00023369303732215273,0.875,0.1787064403051756,0,,multi_full_20260502_195405_0001,2026-05-02T21:22:55.993197,https://www.apnic.net/manage-ip/manage-resources/name-change/,https://www.apnic.net/,False,https://www.apnic.net/manage-ip/manage-resources/name-change/,https://www.apnic.net/,https://www.apnic.net/manage-ip/manage-resources/name-change/,recon_page,2026-05-02T21:22:56.000916
64,1,3,0,0,0,0,1,0,13,0,net,200,2,75000,1112.875,0,0,19,1,cloudflare,0,html,0,0,0,1,7,1,1,1,1,1,1,2,1,2,0,0,0,0,0,0,0,0,1,9,0,0,0,0,1,17,7,8,2,1,187,174,13,1,3,1,26,1,10,1,1,14,1,0,0,0,1,0,0,1,0,0,0,0,0,0,1,1,0,0,0,0,0,0,0,0,0,0,0.0,0.0,0.0,0,0,0,1,1,0,0,0,0,2,0,1,127,15,0,0,0,0,0,0,0,1.0,0.00022666666666666666,0.875,0.17333333333333334,0,,multi_full_20260502_195405_0001,2026-05-02T21:22:56.496276,https://www.apnic.net/manage-ip/manage-resources/address-status/,https://www.apnic.net/,False,https://www.apnic.net/manage-ip/manage-resources/address-status/,https://www.apnic.net/,https://www.apnic.net/manage-ip/manage-resources/address-status/,recon_page,2026-05-02T21:22:56.521419
105,1,4,0,0,0,0,1,0,13,0,net,200,2,78888,1137.0020000000002,0,0,19,1,cloudflare,0,html,0,0,0,1,7,1,1,1,1,1,1,2,1,2,0,0,0,0,0,0,0,0,1,9,0,0,0,0,1,17,7,8,2,1,203,191,12,1,3,1,26,1,10,1,1,14,1,0,0,0,1,0,0,1,0,0,0,0,0,0,1,1,0,0,0,0,0,0,0,0,0,0,0.0,0.0,0.0,0,0,0,1,1,0,0,0,0,2,0,1,142,15,0,0,0,0,0,0,0,1.0,0.0002154953858635027,0.875,0.16479058918973735,0,,multi_full_20260502_195405_0001,2026-05-02T21:22:56.520329,https://www.apnic.net/manage-ip/manage-resources/transfer-resources/transfer-of-unused-ip-and-as-numbers/,https://www.apnic.net/,False,https://www.apnic.net/manage-ip/manage-resources/transfer-resources/transfer-of-unused-ip-and-as-numbers/,https://www.apnic.net/,https://www.apnic.net/manage-ip/manage-resources/transfer-resources/transfer-of-unused-ip-and-as-numbers/,recon_page,2026-05-02T21:22:56.543949
135,1,4,1,1,0,0,1,0,13,0,net,403,4,2515,982.523,0,0,18,1,cloudflare,0,html,0,0,0,1,7,1,1,1,1,1,0,0,0,0,0,0,0,0,0,0,0,0,0,0,0,0,0,0,0,0,0,0,0,0,0,0,0,0,0,1,3,0,0,0,0,0,1,0,0,0,0,0,0,1,0,0,0,1,0,0,1,1,0,0,0,0,0,0,0,0,0,0,0.0,0.0,0.0,0,0,0,0,0,0,0,0,0,0,0,0,0,0,0,0,0,0,0,0,0,0.0,0.0,0.875,0.0,0,,multi_full_20260502_195405_0001,2026-05-02T21:22:56.917621,https://www.apnic.net/wp-json/oembed/1.0/embed/?url=https%3A%2F%2Fwww.apnic.net%2Fmanage-ip%2Fmanage-resources%2Ftransfer-resources%2F&,https://www.apnic.net/,False,https://www.apnic.net/wp-json/oembed/1.0/embed/?url=https%3A%2F%2Fwww.apnic.net%2Fmanage-ip%2Fmanage-resources%2Ftransfer-resources%2F&,https://www.apnic.net/,https://www.apnic.net/wp-json/oembed/1.0/embed/?url=https%3A%2F%2Fwww.apnic.net%2Fmanage-ip%2Fmanage-resources%2Ftransfer-resources%2F&,recon_page,2026-05-02T21:22:56.934192
110,1,4,0,0,0,0,1,0,13,0,net,200,2,75536,1163.273,0,0,19,1,cloudflare,0,html,0,0,0,1,7,1,1,1,1,1,1,2,1,2,0,0,0,0,0,0,0,0,1,9,0,0,0,0,1,17,7,8,2,1,191,179,12,1,3,1,26,1,10,1,1,14,1,0,0,0,1,0,0,1,0,0,0,0,0,0,1,1,0,0,0,0,0,0,0,0,0,0,0.0,0.0,0.0,0,0,0,1,1,0,0,0,0,2,0,1,132,15,0,0,0,0,1,0,0,1.0,0.00022505825037068419,0.875,0.1721033679305232,0,,multi_full_20260502_195405_0001,2026-05-02T21:22:56.983446,https://www.apnic.net/manage-ip/manage-resources/transfer-resources/transfer-of-historical-internet-resources/,https://www.apnic.net/,False,https://www.apnic.net/manage-ip/manage-resources/transfer-resources/transfer-of-historical-internet-resources/,https://www.apnic.net/,https://www.apnic.net/manage-ip/manage-resources/transfer-resources/transfer-of-historical-internet-resources/,recon_page,2026-05-02T21:22:56.990346
94,1,4,0,0,0,0,1,0,13,0,net,200,2,76035,936.8290000000001,0,0,19,1,cloudflare,0,html,0,0,0,1,7,1,1,1,1,1,1,2,1,2,0,0,0,0,0,0,0,0,1,9,0,0,0,0,1,17,7,8,2,1,192,180,12,1,3,1,26,1,10,1,1,14,1,0,0,0,1,0,0,1,0,0,0,0,0,0,1,1,0,0,0,0,0,0,0,0,0,0,0.0,0.0,0.0,0,0,0,1,1,0,0,0,0,2,0,1,131,15,0,0,0,0,0,0,0,1.0,0.0002235812454790557,0.875,0.17097389360163084,0,,multi_full_20260502_195405_0001,2026-05-02T21:22:57.452851,https://www.apnic.net/manage-ip/manage-resources/transfer-resources/apnic-transfer-conditions/,https://www.apnic.net/,False,https://www.apnic.net/manage-ip/manage-resources/transfer-resources/apnic-transfer-conditions/,https://www.apnic.net/,https://www.apnic.net/manage-ip/manage-resources/transfer-resources/apnic-transfer-conditions/,recon_page,2026-05-02T21:22:57.474817
50,1,3,0,0,0,0,1,0,13,0,net,200,2,291869,2386.0139999999997,0,0,22,0,unknown,0,html,1,1,0,1,5,1,1,0,0,1,0,0,0,0,0,0,0,0,0,0,0,0,0,0,0,0,0,0,1,20,14,6,0,1,6,6,0,0,0,1,3,1,4,1,1,16,1,0,0,0,0,0,0,1,0,0,1,1,1,0,1,1,0,0,0,0,0,0,0,0,0,0,1.0,0.0,1.0,0,0,0,0,0,0,0,0,0,0,0,0,12,2,0,0,0,0,0,0,0,0.0,6.852389256824124e-05,0.625,0.0,0,,multi_full_20260502_195405_0001,2026-05-02T21:22:58.506094,https://www.apnic.net/get-ip/faqs/become-a-member/,https://www.apnic.net/,False,https://www.apnic.net/get-ip/faqs/become-a-member/,https://www.apnic.net/,https://www.apnic.net/get-ip/faqs/become-a-member/,recon_page,2026-05-02T21:22:58.518016
38,1,2,0,0,0,0,1,0,13,0,net,200,2,291869,2398.491,0,0,22,0,unknown,0,html,1,1,0,1,5,1,1,0,0,1,0,0,0,0,0,0,0,0,0,0,0,0,0,0,0,0,0,0,1,20,14,6,0,1,6,6,0,0,0,1,3,1,4,1,1,16,1,0,0,0,0,0,0,1,0,0,1,1,1,0,1,1,0,0,0,0,0,0,0,0,0,0,1.0,0.0,1.0,0,0,0,0,0,0,0,0,0,0,0,0,12,2,0,0,0,0,0,0,0,0.0,6.852389256824124e-05,0.625,0.0,0,,multi_full_20260502_195405_0001,2026-05-02T21:22:59.809714,https://www.apnic.net/get-ip/helpdesk/,https://www.apnic.net/,False,https://www.apnic.net/get-ip/helpdesk/,https://www.apnic.net/,https://www.apnic.net/get-ip/helpdesk/,recon_page,2026-05-02T21:22:59.814874
82,1,4,0,0,0,0,1,0,13,0,net,200,2,8430936,2767.205,0,0,19,1,cloudflare,0,html,0,0,0,1,7,1,1,1,1,1,1,2,1,2,0,0,0,0,0,0,0,0,1,9,0,0,0,0,1,6,3,2,1,1,1209,1205,4,1,3,1,26,1,10,1,1,8,1,0,0,0,1,0,0,1,0,0,0,1,1,0,1,1,0,0,0,0,0,0,0,0,0,0,0.0,0.0,0.0,0,0,0,1,1,0,0,0,0,2,0,1,1009,1073,0,0,0,0,0,0,1,1.0,7.116647546606925e-07,0.875,0.0015419403017648337,0,,multi_full_20260502_195405_0001,2026-05-02T21:23:03.997384,https://www.apnic.net/manage-ip/manage-resources/transfer-resources/transfer-logs/,https://www.apnic.net/,False,https://www.apnic.net/manage-ip/manage-resources/transfer-resources/transfer-logs/,https://www.apnic.net/,https://www.apnic.net/manage-ip/manage-resources/transfer-resources/transfer-logs/,recon_page,2026-05-02T21:23:04.003318
64,1,3,0,0,0,0,1,0,13,0,net,200,2,74486,994.307,0,0,19,1,cloudflare,0,html,0,0,0,1,7,1,1,1,1,1,1,2,1,2,0,0,0,0,0,0,0,0,1,9,0,0,0,0,1,17,7,8,2,1,187,173,14,1,3,1,26,1,10,1,1,14,1,0,0,0,1,0,0,1,0,0,0,0,0,0,1,1,0,0,0,0,0,0,0,0,0,0,0.0,0.0,0.0,0,0,0,1,1,0,0,0,0,2,0,1,124,15,0,0,0,0,0,0,0,1.0,0.00022823080847407567,0.875,0.17452944177429314,0,,multi_full_20260502_195405_0001,2026-05-02T21:24:03.796914,https://www.apnic.net/get-ip/apnic-membership/billing-procedure/,https://www.apnic.net/,False,https://www.apnic.net/get-ip/apnic-membership/billing-procedure/,https://www.apnic.net/,https://www.apnic.net/get-ip/apnic-membership/billing-procedure/,recon_page,2026-05-02T21:24:03.800972
52,1,3,0,0,0,0,1,0,13,0,net,200,2,72507,956.893,0,0,19,1,cloudflare,0,html,0,0,0,1,7,1,1,1,1,1,1,2,1,2,0,0,0,0,0,0,0,0,1,9,0,0,0,0,1,17,7,8,2,1,182,170,12,1,3,1,26,1,10,1,1,14,1,0,0,0,1,0,0,1,0,0,0,0,0,0,1,1,0,0,0,0,0,0,0,0,0,0,0.0,0.0,0.0,0,0,0,1,1,0,0,0,0,2,0,1,120,15,0,0,0,0,1,0,0,1.0,0.00023446012109175666,0.875,0.1792930337760492,0,,multi_full_20260502_195405_0001,2026-05-02T21:24:04.042975,https://www.apnic.net/get-ip/apnic-membership/guide/,https://www.apnic.net/,False,https://www.apnic.net/get-ip/apnic-membership/guide/,https://www.apnic.net/,https://www.apnic.net/get-ip/apnic-membership/guide/,recon_page,2026-05-02T21:24:04.049768
148,1,4,1,1,0,0,1,0,13,0,net,403,4,2515,847.934,0,0,18,1,cloudflare,0,html,0,0,0,1,7,1,1,1,1,1,0,0,0,0,0,0,0,0,0,0,0,0,0,0,0,0,0,0,0,0,0,0,0,0,0,0,0,0,0,1,3,0,0,0,0,0,1,0,0,0,0,0,0,1,0,0,0,1,0,0,1,1,0,0,0,0,0,0,0,0,0,0,0.0,0.0,0.0,0,0,0,0,0,0,0,0,0,0,0,0,0,0,0,0,0,0,0,0,0,0.0,0.0,0.875,0.0,0,,multi_full_20260502_195405_0001,2026-05-02T21:24:04.329452,https://www.apnic.net/wp-json/oembed/1.0/embed/?url=https%3A%2F%2Fwww.apnic.net%2Fget-ip%2Fapnic-membership%2Fbilling-procedure%2Fmake-a-payment%2F&,https://www.apnic.net/,False,https://www.apnic.net/wp-json/oembed/1.0/embed/?url=https%3A%2F%2Fwww.apnic.net%2Fget-ip%2Fapnic-membership%2Fbilling-procedure%2Fmake-a-payment%2F&,https://www.apnic.net/,https://www.apnic.net/wp-json/oembed/1.0/embed/?url=https%3A%2F%2Fwww.apnic.net%2Fget-ip%2Fapnic-membership%2Fbilling-procedure%2Fmake-a-payment%2F&,recon_page,2026-05-02T21:24:04.334946
121,1,4,0,0,0,0,1,0,13,0,net,200,2,77833,1571.69,0,0,19,1,cloudflare,0,html,0,0,0,1,7,1,1,1,1,1,1,2,1,2,0,0,0,0,0,0,0,0,1,9,0,0,0,0,1,17,7,8,2,1,194,180,14,1,4,1,26,1,10,1,1,14,1,0,0,0,1,0,0,1,0,0,0,0,0,0,1,1,0,0,0,0,0,0,0,0,0,0,0.0,0.0,0.0,0,0,0,1,1,0,0,0,0,2,0,1,134,15,0,0,0,0,0,0,0,1.0,0.0002184163529608264,0.875,0.16702426991122019,0,,multi_full_20260502_195405_0001,2026-05-02T21:24:04.684192,https://www.apnic.net/manage-ip/manage-resources/transfer-resources/transfer-due-to-merger-acquisition-or-reorganization/,https://www.apnic.net/,False,https://www.apnic.net/manage-ip/manage-resources/transfer-resources/transfer-due-to-merger-acquisition-or-reorganization/,https://www.apnic.net/,https://www.apnic.net/manage-ip/manage-resources/transfer-resources/transfer-due-to-merger-acquisition-or-reorganization/,recon_page,2026-05-02T21:24:04.692963
58,1,3,0,0,0,0,1,0,13,0,net,200,2,291869,922.7109999999999,0,0,22,0,unknown,0,html,1,1,0,1,5,1,1,0,0,1,0,0,0,0,0,0,0,0,0,0,0,0,0,0,0,0,0,0,1,20,14,6,0,1,6,6,0,0,0,1,3,1,4,1,1,16,1,0,0,0,0,0,0,1,0,0,1,1,1,0,1,1,0,0,0,0,0,0,0,0,0,0,1.0,0.0,1.0,0,0,0,0,0,0,0,0,0,0,0,0,12,2,0,0,0,0,0,0,0,0.0,6.852389256824124e-05,0.625,0.0,0,,multi_full_20260502_195405_0001,2026-05-02T21:24:04.915048,https://www.apnic.net/get-ip/faqs/how-do-i-make-a-payment/,https://www.apnic.net/,False,https://www.apnic.net/get-ip/faqs/how-do-i-make-a-payment/,https://www.apnic.net/,https://www.apnic.net/get-ip/faqs/how-do-i-make-a-payment/,recon_page,2026-05-02T21:24:04.924266
46,1,5,0,0,0,0,1,0,13,0,net,403,4,2515,846.9499999999999,0,0,18,1,cloudflare,0,html,0,0,0,1,7,1,1,1,1,1,0,0,0,0,0,0,0,0,0,0,0,0,0,0,0,0,0,0,0,0,0,0,0,0,0,0,0,0,0,1,3,0,0,0,0,0,1,0,0,0,0,0,0,1,0,0,0,1,0,0,1,1,0,0,0,0,0,0,0,0,0,0,0.0,0.0,0.0,0,0,0,0,0,0,0,0,0,0,0,0,0,0,0,0,0,0,0,0,0,0.0,0.0,0.875,0.0,0,,multi_full_20260502_195405_0001,2026-05-02T21:24:05.107926,https://www.apnic.net/wp-json/wp/v2/pages/201/,https://www.apnic.net/,False,https://www.apnic.net/wp-json/wp/v2/pages/201/,https://www.apnic.net/,https://www.apnic.net/wp-json/wp/v2/pages/201/,recon_page,2026-05-02T21:24:05.112638
77,1,4,0,0,0,0,1,0,13,0,net,200,2,76086,1030.203,0,0,19,1,cloudflare,0,html,0,0,0,1,7,1,1,1,1,1,1,2,1,2,0,0,0,0,0,0,0,0,1,9,0,0,0,0,1,17,7,8,2,1,182,170,12,1,3,1,26,1,10,1,1,14,1,0,0,0,1,0,0,1,0,0,0,0,0,0,1,1,0,0,0,0,0,0,0,0,0,0,0.0,0.0,0.0,0,0,0,1,1,0,0,0,0,2,0,1,123,15,0,0,0,0,1,0,0,1.0,0.00022343138028020924,0.875,0.17085929080251294,0,,multi_full_20260502_195405_0001,2026-05-02T21:24:38.481699,https://www.apnic.net/get-ip/apnic-membership/billing-procedure/late-payment/,https://www.apnic.net/,False,https://www.apnic.net/get-ip/apnic-membership/billing-procedure/late-payment/,https://www.apnic.net/,https://www.apnic.net/get-ip/apnic-membership/billing-procedure/late-payment/,recon_page,2026-05-02T21:24:38.491760
85,1,4,0,0,0,0,1,0,13,0,net,200,2,74042,973.4739999999999,0,0,19,1,cloudflare,0,html,0,0,0,1,7,1,1,1,1,1,1,2,1,2,0,0,0,0,0,0,0,0,1,9,0,0,0,0,1,17,7,8,2,1,180,168,12,1,3,1,26,1,10,1,1,14,1,0,0,0,1,0,0,1,0,0,0,0,0,0,1,1,0,0,0,0,0,0,0,0,0,0,0.0,0.0,0.0,0,0,0,1,1,0,0,0,0,2,0,1,121,15,0,0,0,0,0,0,0,1.0,0.000229599416547365,0.875,0.17557602441857323,0,,multi_full_20260502_195405_0001,2026-05-02T21:24:38.883218,https://www.apnic.net/get-ip/apnic-membership/billing-procedure/terms-and-conditions/,https://www.apnic.net/,False,https://www.apnic.net/get-ip/apnic-membership/billing-procedure/terms-and-conditions/,https://www.apnic.net/,https://www.apnic.net/get-ip/apnic-membership/billing-procedure/terms-and-conditions/,recon_page,2026-05-02T21:24:38.890845
66,1,3,0,0,0,0,1,0,13,0,net,200,2,74815,1332.373,0,0,19,1,cloudflare,0,html,0,0,0,1,7,1,1,1,1,1,1,3,1,3,0,0,0,0,0,0,1,1,1,11,0,0,0,0,1,18,8,8,2,1,193,166,27,1,3,1,26,1,10,1,1,13,1,0,0,0,1,0,0,1,0,0,0,0,0,0,1,1,0,0,0,0,0,0,0,0,0,0,0.0,0.0,0.0,0,0,0,2,1,0,0,0,0,3,0,2,135,17,0,0,0,0,0,0,0,1.0,0.00024059346387756466,0.875,0.22722716032881107,0,,multi_full_20260502_195405_0001,2026-05-02T21:24:39.177847,https://www.apnic.net/get-ip/apnic-membership/who-are-our-members/,https://www.apnic.net/,False,https://www.apnic.net/get-ip/apnic-membership/who-are-our-members/,https://www.apnic.net/,https://www.apnic.net/get-ip/apnic-membership/who-are-our-members/,recon_page,2026-05-02T21:24:39.186511
40,1,1,0,0,0,0,1,0,13,0,net,200,2,78106,908.0350000000001,0,0,19,1,cloudflare,0,html,0,0,0,1,7,1,1,1,1,1,1,2,1,2,0,0,0,0,0,0,0,0,1,9,0,0,0,0,1,17,7,8,2,1,200,186,14,1,6,1,26,1,10,1,1,15,1,0,0,0,1,0,0,1,0,0,0,0,0,0,1,1,0,0,0,0,0,0,0,0,0,0,0.0,0.0,0.0,0,0,0,1,1,0,0,0,0,2,0,1,136,15,0,0,0,0,2,0,0,1.0,0.00021765293319335263,0.875,0.16644047832432848,0,,multi_full_20260502_195405_0001,2026-05-02T21:25:20.061341,https://www.apnic.net/new-member-centre/,https://www.apnic.net/,False,https://www.apnic.net/new-member-centre/,https://www.apnic.net/,https://www.apnic.net/new-member-centre/,recon_page,2026-05-02T21:25:20.067477
158,1,4,1,2,0,0,1,0,13,0,net,403,4,2515,873.6519999999999,0,0,18,1,cloudflare,0,html,0,0,0,1,7,1,1,1,1,1,0,0,0,0,0,0,0,0,0,0,0,0,0,0,0,0,0,0,0,0,0,0,0,0,0,0,0,0,0,1,3,0,0,0,0,0,1,0,0,0,0,0,0,1,0,0,0,1,0,0,1,1,0,0,0,0,0,0,0,0,0,0,0.0,0.0,0.0,0,0,0,0,0,0,0,0,0,0,0,0,0,0,0,0,0,0,0,0,0,0.0,0.0,0.875,0.0,0,,multi_full_20260502_195405_0001,2026-05-02T21:25:20.262203,https://www.apnic.net/wp-json/oembed/1.0/embed/?url=https%3A%2F%2Fwww.apnic.net%2Fget-ip%2Fapnic-membership%2Fbilling-procedure%2Fmake-a-payment%2F&format=xml,https://www.apnic.net/,False,https://www.apnic.net/wp-json/oembed/1.0/embed/?url=https%3A%2F%2Fwww.apnic.net%2Fget-ip%2Fapnic-membership%2Fbilling-procedure%2Fmake-a-payment%2F&format=xml,https://www.apnic.net/,https://www.apnic.net/wp-json/oembed/1.0/embed/?url=https%3A%2F%2Fwww.apnic.net%2Fget-ip%2Fapnic-membership%2Fbilling-procedure%2Fmake-a-payment%2F&format=xml,recon_page,2026-05-02T21:25:20.269920
69,1,3,0,0,0,0,1,0,13,0,net,200,2,76528,949.961,0,0,19,1,cloudflare,0,html,0,0,0,1,7,1,1,1,1,1,1,2,1,2,0,0,0,0,0,0,0,0,1,9,0,0,0,0,1,17,7,8,2,1,185,171,14,1,3,1,26,1,10,1,1,14,1,0,0,0,1,0,0,1,0,0,0,0,0,0,1,1,0,0,0,0,0,0,0,0,0,0,0.0,0.0,0.0,0,0,0,1,1,0,0,0,0,2,0,1,124,15,0,0,0,0,4,0,0,1.0,0.00022214091574325736,0.875,0.16987246498013797,0,,multi_full_20260502_195405_0001,2026-05-02T21:25:20.810593,https://www.apnic.net/get-ip/apnic-membership/manage-your-membership/,https://www.apnic.net/,False,https://www.apnic.net/get-ip/apnic-membership/manage-your-membership/,https://www.apnic.net/,https://www.apnic.net/get-ip/apnic-membership/manage-your-membership/,recon_page,2026-05-02T21:25:20.820031
147,1,4,1,1,0,0,1,0,13,0,net,403,4,2515,917.997,0,0,18,1,cloudflare,0,html,0,0,0,1,7,1,1,1,1,1,0,0,0,0,0,0,0,0,0,0,0,0,0,0,0,0,0,0,0,0,0,0,0,0,0,0,0,0,0,1,3,0,0,0,0,0,1,0,0,0,0,0,0,1,0,0,0,1,0,0,1,1,0,0,0,0,0,0,0,0,0,0,0.0,0.0,0.0,0,0,0,0,0,0,0,0,0,0,0,0,0,0,0,0,0,0,0,0,0,0.0,0.0,0.875,0.0,0,,multi_full_20260502_195405_0001,2026-05-02T21:25:21.015615,https://www.apnic.net/wp-json/oembed/1.0/embed/?url=https%3A%2F%2Fwww.apnic.net%2Fget-ip%2Fapnic-membership%2Fbilling-procedure%2Fmake-a-payment%2F,https://www.apnic.net/,False,https://www.apnic.net/wp-json/oembed/1.0/embed/?url=https%3A%2F%2Fwww.apnic.net%2Fget-ip%2Fapnic-membership%2Fbilling-procedure%2Fmake-a-payment%2F,https://www.apnic.net/,https://www.apnic.net/wp-json/oembed/1.0/embed/?url=https%3A%2F%2Fwww.apnic.net%2Fget-ip%2Fapnic-membership%2Fbilling-procedure%2Fmake-a-payment%2F,recon_page,2026-05-02T21:25:21.019402
68,1,3,0,0,0,0,1,0,13,0,net,200,2,79390,1484.606,0,0,19,1,cloudflare,0,html,0,0,0,1,7,1,1,1,1,1,1,2,1,2,0,0,0,0,0,0,0,0,1,9,0,0,0,0,1,17,7,8,2,1,188,175,13,1,3,1,26,1,10,1,1,14,1,0,0,0,1,0,0,1,0,0,0,0,0,0,1,1,0,0,0,0,0,0,0,0,0,0,0.0,0.0,0.0,0,0,0,1,1,0,0,0,0,2,0,1,128,15,0,0,0,0,0,0,0,1.0,0.00021413276231263382,0.875,0.16374858294495528,0,,multi_full_20260502_195405_0001,2026-05-02T21:25:21.649337,https://www.apnic.net/get-ip/apnic-membership/how-much-does-it-cost/,https://www.apnic.net/,False,https://www.apnic.net/get-ip/apnic-membership/how-much-does-it-cost/,https://www.apnic.net/,https://www.apnic.net/get-ip/apnic-membership/how-much-does-it-cost/,recon_page,2026-05-02T21:25:21.673550
86,1,4,0,0,0,0,1,0,13,0,net,200,2,82125,1500.169,0,0,19,1,cloudflare,0,html,0,0,0,1,7,1,1,1,1,1,1,2,1,2,0,0,0,0,0,0,0,0,1,9,0,0,0,0,1,17,7,8,2,1,253,241,12,1,3,1,26,1,10,1,1,14,1,0,0,0,1,0,0,1,0,0,0,0,0,0,1,1,0,0,0,0,0,0,0,0,0,0,0.0,0.0,0.0,0,0,0,1,1,0,0,0,0,2,0,1,194,15,0,0,0,0,0,0,0,1.0,0.0002070015220700152,0.875,0.1582952815829528,0,,multi_full_20260502_195405_0001,2026-05-02T21:25:21.694769,https://www.apnic.net/get-ip/apnic-membership/billing-procedure/tax-related-documents/,https://www.apnic.net/,False,https://www.apnic.net/get-ip/apnic-membership/billing-procedure/tax-related-documents/,https://www.apnic.net/,https://www.apnic.net/get-ip/apnic-membership/billing-procedure/tax-related-documents/,recon_page,2026-05-02T21:25:21.701951
49,1,2,0,0,0,0,1,0,13,0,net,200,2,71213,989.742,0,0,19,1,cloudflare,0,html,0,0,0,1,7,1,1,1,1,1,1,2,1,2,0,0,0,0,0,0,0,0,1,9,0,0,0,0,1,17,7,8,2,1,173,161,12,1,3,1,26,1,10,1,1,14,1,0,0,0,1,0,0,1,0,0,0,0,0,0,1,1,0,0,0,0,0,0,0,0,0,0,0.0,0.0,0.0,0,0,0,1,1,0,0,0,0,2,0,1,115,15,0,0,0,0,0,0,0,1.0,0.00023872045834328001,0.875,0.1825509387330965,0,,multi_full_20260502_195405_0001,2026-05-02T21:25:46.630417,https://www.apnic.net/get-ip/application-process/,https://www.apnic.net/,False,https://www.apnic.net/get-ip/application-process/,https://www.apnic.net/,https://www.apnic.net/get-ip/application-process/,recon_page,2026-05-02T21:25:46.635458
61,1,3,0,0,0,0,1,0,13,0,net,200,2,291869,850.9219999999999,0,0,22,0,unknown,0,html,1,1,0,1,5,1,1,0,0,1,0,0,0,0,0,0,0,0,0,0,0,0,0,0,0,0,0,0,1,20,14,6,0,1,6,6,0,0,0,1,3,1,4,1,1,16,1,0,0,0,0,0,0,1,0,0,1,1,1,0,1,1,0,0,0,0,0,0,0,0,0,0,1.0,0.0,1.0,0,0,0,0,0,0,0,0,0,0,0,0,12,2,0,0,0,0,0,0,0,0.0,6.852389256824124e-05,0.625,0.0,0,,multi_full_20260502_195405_0001,2026-05-02T21:25:47.545926,https://www.apnic.net/about-apnic/organization/contact-APNIC/,https://www.apnic.net/,False,https://www.apnic.net/about-apnic/organization/contact-APNIC/,https://www.apnic.net/,https://www.apnic.net/about-apnic/organization/contact-APNIC/,recon_page,2026-05-02T21:25:47.550012
50,1,2,0,0,0,0,1,0,13,0,net,200,2,73723,962.006,0,0,19,1,cloudflare,0,html,0,0,0,1,7,1,1,1,1,1,1,2,1,2,0,0,0,0,0,0,0,0,1,9,0,0,0,0,1,17,7,8,2,1,178,166,12,1,5,1,26,1,10,1,1,15,1,0,0,0,1,0,0,1,0,0,0,0,0,0,1,1,0,0,0,0,0,0,0,0,0,0,0.0,0.0,0.0,0,0,0,1,1,0,0,0,0,2,0,1,118,15,0,0,0,0,1,0,0,1.0,0.00023059289502597562,0.875,0.17633574325515783,0,,multi_full_20260502_195405_0001,2026-05-02T21:26:31.982128,https://www.apnic.net/events/training-sponsorship/,https://www.apnic.net/,False,https://www.apnic.net/events/training-sponsorship/,https://www.apnic.net/,https://www.apnic.net/events/training-sponsorship/,recon_page,2026-05-02T21:26:31.989530
43,1,2,0,0,0,0,1,0,13,0,net,200,2,77365,992.2840000000001,0,0,19,1,cloudflare,0,html,0,0,0,1,7,1,1,1,1,1,1,2,1,2,0,0,0,0,0,0,0,0,1,9,0,0,0,0,1,17,7,8,2,1,177,164,13,1,3,1,26,1,10,1,1,15,1,0,0,0,1,0,0,1,0,0,0,0,0,0,1,1,0,0,0,0,0,0,0,0,0,0,0.0,0.0,0.0,0,0,0,1,1,0,0,0,0,2,0,1,115,15,0,0,0,0,1,0,0,1.0,0.00021973760744522716,0.875,0.16803464098752666,0,,multi_full_20260502_195405_0001,2026-05-02T21:26:32.247312,https://www.apnic.net/events/host-an-event/,https://www.apnic.net/,False,https://www.apnic.net/events/host-an-event/,https://www.apnic.net/,https://www.apnic.net/events/host-an-event/,recon_page,2026-05-02T21:26:32.274560
125,1,4,1,1,0,0,1,0,13,0,net,403,4,2515,910.205,0,0,18,1,cloudflare,0,html,0,0,0,1,7,1,1,1,1,1,0,0,0,0,0,0,0,0,0,0,0,0,0,0,0,0,0,0,0,0,0,0,0,0,0,0,0,0,0,1,3,0,0,0,0,0,1,0,0,0,0,0,0,1,0,0,0,1,0,0,1,1,0,0,0,0,0,0,0,0,0,0,0.0,0.0,0.0,0,0,0,0,0,0,0,0,0,0,0,0,0,0,0,0,0,0,0,0,0,0.0,0.0,0.875,0.0,0,,multi_full_20260502_195405_0001,2026-05-02T21:26:32.462246,https://www.apnic.net/wp-json/oembed/1.0/embed/?url=https%3A%2F%2Fwww.apnic.net%2Fevents%2Fapnic-community-code-of-conduct%2F,https://www.apnic.net/,False,https://www.apnic.net/wp-json/oembed/1.0/embed/?url=https%3A%2F%2Fwww.apnic.net%2Fevents%2Fapnic-community-code-of-conduct%2F,https://www.apnic.net/,https://www.apnic.net/wp-json/oembed/1.0/embed/?url=https%3A%2F%2Fwww.apnic.net%2Fevents%2Fapnic-community-code-of-conduct%2F,recon_page,2026-05-02T21:26:32.481351
76,1,3,0,0,0,0,1,0,13,0,net,200,2,74670,1042.884,0,0,19,1,cloudflare,0,html,0,0,0,1,7,1,1,1,1,1,1,2,1,2,0,0,0,0,0,0,0,0,1,9,0,0,0,0,1,17,7,8,2,1,175,163,12,1,3,1,26,1,10,1,1,14,1,0,0,0,1,0,0,1,0,0,0,0,0,0,1,1,0,0,0,0,0,0,0,0,0,0,0.0,0.0,0.0,0,0,0,1,1,0,0,0,0,2,0,1,114,15,0,0,0,0,0,0,0,1.0,0.0002276684076603723,0.875,0.1740993705638141,0,,multi_full_20260502_195405_0001,2026-05-02T21:26:32.989815,https://www.apnic.net/events/community-code-of-conduct/reporting-guidelines/,https://www.apnic.net/,False,https://www.apnic.net/events/community-code-of-conduct/reporting-guidelines/,https://www.apnic.net/,https://www.apnic.net/events/community-code-of-conduct/reporting-guidelines/,recon_page,2026-05-02T21:26:32.994082
47,1,5,0,0,0,0,1,0,13,0,net,403,4,2515,1007.895,0,0,18,1,cloudflare,0,html,0,0,0,1,7,1,1,1,1,1,0,0,0,0,0,0,0,0,0,0,0,0,0,0,0,0,0,0,0,0,0,0,0,0,0,0,0,0,0,1,3,0,0,0,0,0,1,0,0,0,0,0,0,1,0,0,0,1,0,0,1,1,0,0,0,0,0,0,0,0,0,0,0.0,0.0,0.0,0,0,0,0,0,0,0,0,0,0,0,0,0,0,0,0,0,0,0,0,0,0.0,0.0,0.875,0.0,0,,multi_full_20260502_195405_0001,2026-05-02T21:26:33.168456,https://www.apnic.net/wp-json/wp/v2/pages/5477/,https://www.apnic.net/,False,https://www.apnic.net/wp-json/wp/v2/pages/5477/,https://www.apnic.net/,https://www.apnic.net/wp-json/wp/v2/pages/5477/,recon_page,2026-05-02T21:26:33.180698
126,1,4,1,1,0,0,1,0,13,0,net,403,4,2515,962.953,0,0,18,1,cloudflare,0,html,0,0,0,1,7,1,1,1,1,1,0,0,0,0,0,0,0,0,0,0,0,0,0,0,0,0,0,0,0,0,0,0,0,0,0,0,0,0,0,1,3,0,0,0,0,0,1,0,0,0,0,0,0,1,0,0,0,1,0,0,1,1,0,0,0,0,0,0,0,0,0,0,0.0,0.0,0.0,0,0,0,0,0,0,0,0,0,0,0,0,0,0,0,0,0,0,0,0,0,0.0,0.0,0.875,0.0,0,,multi_full_20260502_195405_0001,2026-05-02T21:26:33.175118,https://www.apnic.net/wp-json/oembed/1.0/embed/?url=https%3A%2F%2Fwww.apnic.net%2Fevents%2Fapnic-community-code-of-conduct%2F&,https://www.apnic.net/,False,https://www.apnic.net/wp-json/oembed/1.0/embed/?url=https%3A%2F%2Fwww.apnic.net%2Fevents%2Fapnic-community-code-of-conduct%2F&,https://www.apnic.net/,https://www.apnic.net/wp-json/oembed/1.0/embed/?url=https%3A%2F%2Fwww.apnic.net%2Fevents%2Fapnic-community-code-of-conduct%2F&,recon_page,2026-05-02T21:26:33.184838
67,1,3,0,0,0,0,1,0,13,0,net,200,2,73442,219.053,0,0,19,1,cloudflare,0,html,0,0,0,1,7,1,1,1,1,1,1,2,1,2,0,0,0,0,0,0,0,0,1,9,0,0,0,0,1,17,7,8,2,1,181,165,16,1,3,1,26,1,10,1,1,13,1,0,0,0,1,0,0,1,0,0,0,0,0,0,1,1,0,0,0,0,0,0,0,0,0,0,0.0,0.0,0.0,0,0,0,1,1,0,0,0,0,2,0,1,121,15,0,0,0,0,0,0,0,1.0,0.00023147517769123936,0.875,0.17701042999918304,0,,multi_full_20260502_195405_0001,2026-05-02T21:27:01.864830,https://www.apnic.net/events/apnic-conferences/sub-regional-forums/,https://www.apnic.net/,False,https://www.apnic.net/events/apnic-conferences/sub-regional-forums/,https://www.apnic.net/,https://www.apnic.net/events/apnic-conferences/sub-regional-forums/,recon_page,2026-05-02T21:27:01.883470
79,1,3,0,0,0,0,1,0,13,0,net,200,2,91239,1059.278,0,0,19,1,cloudflare,0,html,0,0,0,1,7,1,1,1,1,1,1,2,1,2,0,0,0,0,0,0,0,0,1,9,0,0,0,0,1,17,7,8,2,1,188,175,13,1,10,1,26,1,10,1,1,14,1,0,0,0,1,0,0,1,0,0,0,0,0,0,1,1,0,0,0,0,0,0,0,0,0,0,0.0,0.0,0.0,0,0,0,1,1,0,0,0,0,2,0,1,124,15,0,0,0,0,0,0,0,1.0,0.0001863238308179616,0.875,0.14248292944902946,0,,multi_full_20260502_195405_0001,2026-05-02T21:27:01.886316,https://www.apnic.net/events/apnic-conferences/apnic-conference-attendee-guide/,https://www.apnic.net/,False,https://www.apnic.net/events/apnic-conferences/apnic-conference-attendee-guide/,https://www.apnic.net/,https://www.apnic.net/events/apnic-conferences/apnic-conference-attendee-guide/,recon_page,2026-05-02T21:27:01.897835
136,1,4,1,2,0,0,1,0,13,0,net,403,4,2515,1434.136,0,0,18,1,cloudflare,0,html,0,0,0,1,7,1,1,1,1,1,0,0,0,0,0,0,0,0,0,0,0,0,0,0,0,0,0,0,0,0,0,0,0,0,0,0,0,0,0,1,3,0,0,0,0,0,1,0,0,0,0,0,0,1,0,0,0,1,0,0,1,1,0,0,0,0,0,0,0,0,0,0,0.0,0.0,0.0,0,0,0,0,0,0,0,0,0,0,0,0,0,0,0,0,0,0,0,0,0,0.0,0.0,0.875,0.0,0,,multi_full_20260502_195405_0001,2026-05-02T21:27:02.058176,https://www.apnic.net/wp-json/oembed/1.0/embed/?url=https%3A%2F%2Fwww.apnic.net%2Fevents%2Fapnic-community-code-of-conduct%2F&format=xml,https://www.apnic.net/,False,https://www.apnic.net/wp-json/oembed/1.0/embed/?url=https%3A%2F%2Fwww.apnic.net%2Fevents%2Fapnic-community-code-of-conduct%2F&format=xml,https://www.apnic.net/,https://www.apnic.net/wp-json/oembed/1.0/embed/?url=https%3A%2F%2Fwww.apnic.net%2Fevents%2Fapnic-community-code-of-conduct%2F&format=xml,recon_page,2026-05-02T21:27:02.064769
116,1,4,1,2,0,0,1,0,13,0,net,403,4,2515,841.175,0,0,18,1,cloudflare,0,html,0,0,0,1,7,1,1,1,1,1,0,0,0,0,0,0,0,0,0,0,0,0,0,0,0,0,0,0,0,0,0,0,0,0,0,0,0,0,0,1,3,0,0,0,0,0,1,0,0,0,0,0,0,1,0,0,0,1,0,0,1,1,0,0,0,0,0,0,0,0,0,0,0.0,0.0,0.0,0,0,0,0,0,0,0,0,0,0,0,0,0,0,0,0,0,0,0,0,0,0.0,0.0,0.875,0.0,0,,multi_full_20260502_195405_0001,2026-05-02T21:27:38.442771,https://www.apnic.net/wp-json/oembed/1.0/embed/?url=https%3A%2F%2Fwww.apnic.net%2Fevents%2Fconferences%2F&format=xml,https://www.apnic.net/,False,https://www.apnic.net/wp-json/oembed/1.0/embed/?url=https%3A%2F%2Fwww.apnic.net%2Fevents%2Fconferences%2F&format=xml,https://www.apnic.net/,https://www.apnic.net/wp-json/oembed/1.0/embed/?url=https%3A%2F%2Fwww.apnic.net%2Fevents%2Fconferences%2F&format=xml,recon_page,2026-05-02T21:27:38.449295
47,1,5,0,0,0,0,1,0,13,0,net,403,4,2515,928.14,0,0,18,1,cloudflare,0,html,0,0,0,1,7,1,1,1,1,1,0,0,0,0,0,0,0,0,0,0,0,0,0,0,0,0,0,0,0,0,0,0,0,0,0,0,0,0,0,1,3,0,0,0,0,0,1,0,0,0,0,0,0,1,0,0,0,1,0,0,1,1,0,0,0,0,0,0,0,0,0,0,0.0,0.0,0.0,0,0,0,0,0,0,0,0,0,0,0,0,0,0,0,0,0,0,0,0,0,0.0,0.0,0.875,0.0,0,,multi_full_20260502_195405_0001,2026-05-02T21:28:09.301391,https://www.apnic.net/wp-json/wp/v2/pages/7096/,https://www.apnic.net/,False,https://www.apnic.net/wp-json/wp/v2/pages/7096/,https://www.apnic.net/,https://www.apnic.net/wp-json/wp/v2/pages/7096/,recon_page,2026-05-02T21:28:09.308600
93,1,3,0,0,0,0,1,0,13,0,net,200,2,75113,1178.832,0,0,19,1,cloudflare,0,html,0,0,0,1,7,1,1,1,1,1,1,2,1,2,0,0,0,0,0,0,0,0,1,9,0,0,0,0,1,17,7,8,2,1,180,168,12,1,4,1,26,1,10,1,1,14,1,0,0,0,1,0,0,1,0,0,0,0,0,0,1,1,0,0,0,0,0,0,0,0,0,0,0.0,0.0,0.0,0,0,0,1,1,0,0,0,0,2,0,1,118,15,0,0,0,0,2,0,0,1.0,0.00022632566932488383,0.875,0.1730725706602053,0,,multi_full_20260502_195405_0001,2026-05-02T21:28:10.380407,https://www.apnic.net/events/apnic-conferences/information-for-speakers-at-apnic-conferences/,https://www.apnic.net/,False,https://www.apnic.net/events/apnic-conferences/information-for-speakers-at-apnic-conferences/,https://www.apnic.net/,https://www.apnic.net/events/apnic-conferences/information-for-speakers-at-apnic-conferences/,recon_page,2026-05-02T21:28:10.386366
106,1,4,1,1,0,0,1,0,13,0,net,403,4,2515,837.234,0,0,18,1,cloudflare,0,html,0,0,0,1,7,1,1,1,1,1,0,0,0,0,0,0,0,0,0,0,0,0,0,0,0,0,0,0,0,0,0,0,0,0,0,0,0,0,0,1,3,0,0,0,0,0,1,0,0,0,0,0,0,1,0,0,0,1,0,0,1,1,0,0,0,0,0,0,0,0,0,0,0.0,0.0,0.0,0,0,0,0,0,0,0,0,0,0,0,0,0,0,0,0,0,0,0,0,0,0.0,0.0,0.875,0.0,0,,multi_full_20260502_195405_0001,2026-05-02T21:28:10.605133,https://www.apnic.net/wp-json/oembed/1.0/embed/?url=https%3A%2F%2Fwww.apnic.net%2Fevents%2Fconferences%2F&,https://www.apnic.net/,False,https://www.apnic.net/wp-json/oembed/1.0/embed/?url=https%3A%2F%2Fwww.apnic.net%2Fevents%2Fconferences%2F&,https://www.apnic.net/,https://www.apnic.net/wp-json/oembed/1.0/embed/?url=https%3A%2F%2Fwww.apnic.net%2Fevents%2Fconferences%2F&,recon_page,2026-05-02T21:28:10.609165
54,1,4,0,0,0,0,1,0,13,0,net,200,2,82266,1119.054,0,0,19,1,cloudflare,0,html,0,0,0,1,7,1,1,1,1,1,1,2,1,2,0,0,0,0,0,0,0,0,1,9,0,0,0,0,1,17,7,8,2,1,263,245,18,1,3,1,26,1,10,1,1,14,1,0,0,0,1,0,0,1,0,0,0,0,0,0,1,1,0,0,0,0,0,0,0,0,0,0,0.0,0.0,0.0,0,0,0,1,1,0,0,0,0,2,0,1,184,15,0,0,0,0,0,0,0,1.0,0.0002066467313349379,0.875,0.15802397102083485,0,,multi_full_20260502_195405_0001,2026-05-02T21:28:10.938792,https://www.apnic.net/community/participate/sigs/bofs/,https://www.apnic.net/,False,https://www.apnic.net/community/participate/sigs/bofs/,https://www.apnic.net/,https://www.apnic.net/community/participate/sigs/bofs/,recon_page,2026-05-02T21:28:10.943880
105,1,4,1,1,0,0,1,0,13,0,net,403,4,2515,2211.195,0,0,18,1,cloudflare,0,html,0,0,0,1,7,1,1,1,1,1,0,0,0,0,0,0,0,0,0,0,0,0,0,0,0,0,0,0,0,0,0,0,0,0,0,0,0,0,0,1,3,0,0,0,0,0,1,0,0,0,0,0,0,1,0,0,0,1,0,0,1,1,0,0,0,0,0,0,0,0,0,0,0.0,0.0,0.0,0,0,0,0,0,0,0,0,0,0,0,0,0,0,0,0,0,0,0,0,0,0.0,0.0,0.875,0.0,0,,multi_full_20260502_195405_0001,2026-05-02T21:28:11.147647,https://www.apnic.net/wp-json/oembed/1.0/embed/?url=https%3A%2F%2Fwww.apnic.net%2Fevents%2Fconferences%2F,https://www.apnic.net/,False,https://www.apnic.net/wp-json/oembed/1.0/embed/?url=https%3A%2F%2Fwww.apnic.net%2Fevents%2Fconferences%2F,https://www.apnic.net/,https://www.apnic.net/wp-json/oembed/1.0/embed/?url=https%3A%2F%2Fwww.apnic.net%2Fevents%2Fconferences%2F,recon_page,2026-05-02T21:28:11.162545
136,1,4,1,1,0,0,1,0,13,0,net,403,4,2515,933.513,0,0,18,1,cloudflare,0,html,0,0,0,1,7,1,1,1,1,1,0,0,0,0,0,0,0,0,0,0,0,0,0,0,0,0,0,0,0,0,0,0,0,0,0,0,0,0,0,1,3,0,0,0,0,0,1,0,0,0,0,0,0,1,0,0,0,1,0,0,1,1,0,0,0,0,0,0,0,0,0,0,0.0,0.0,0.0,0,0,0,0,0,0,0,0,0,0,0,0,0,0,0,0,0,0,0,0,0,0.0,0.0,0.875,0.0,0,,multi_full_20260502_195405_0001,2026-05-02T21:29:00.577247,https://www.apnic.net/wp-json/oembed/1.0/embed/?url=https%3A%2F%2Fwww.apnic.net%2Fabout-apnic%2Fcorporate-documents%2Fannual-reports%2F&,https://www.apnic.net/,False,https://www.apnic.net/wp-json/oembed/1.0/embed/?url=https%3A%2F%2Fwww.apnic.net%2Fabout-apnic%2Fcorporate-documents%2Fannual-reports%2F&,https://www.apnic.net/,https://www.apnic.net/wp-json/oembed/1.0/embed/?url=https%3A%2F%2Fwww.apnic.net%2Fabout-apnic%2Fcorporate-documents%2Fannual-reports%2F&,recon_page,2026-05-02T21:29:00.581202
47,1,5,0,0,0,0,1,0,13,0,net,403,4,2515,1223.671,0,0,18,1,cloudflare,0,html,0,0,0,1,7,1,1,1,1,1,0,0,0,0,0,0,0,0,0,0,0,0,0,0,0,0,0,0,0,0,0,0,0,0,0,0,0,0,0,1,3,0,0,0,0,0,1,0,0,0,0,0,0,1,0,0,0,1,0,0,1,1,0,0,0,0,0,0,0,0,0,0,0.0,0.0,0.0,0,0,0,0,0,0,0,0,0,0,0,0,0,0,0,0,0,0,0,0,0,0.0,0.0,0.875,0.0,0,,multi_full_20260502_195405_0001,2026-05-02T21:29:10.883632,https://www.apnic.net/wp-json/wp/v2/pages/1321/,https://www.apnic.net/,False,https://www.apnic.net/wp-json/wp/v2/pages/1321/,https://www.apnic.net/,https://www.apnic.net/wp-json/wp/v2/pages/1321/,recon_page,2026-05-02T21:29:10.887229
146,1,4,1,2,0,0,1,0,13,0,net,403,4,2515,1524.271,0,0,18,1,cloudflare,0,html,0,0,0,1,7,1,1,1,1,1,0,0,0,0,0,0,0,0,0,0,0,0,0,0,0,0,0,0,0,0,0,0,0,0,0,0,0,0,0,1,3,0,0,0,0,0,1,0,0,0,0,0,0,1,0,0,0,1,0,0,1,1,0,0,0,0,0,0,0,0,0,0,0.0,0.0,0.0,0,0,0,0,0,0,0,0,0,0,0,0,0,0,0,0,0,0,0,0,0,0.0,0.0,0.875,0.0,0,,multi_full_20260502_195405_0001,2026-05-02T21:29:33.429321,https://www.apnic.net/wp-json/oembed/1.0/embed/?url=https%3A%2F%2Fwww.apnic.net%2Fabout-apnic%2Fcorporate-documents%2Fannual-reports%2F&format=xml,https://www.apnic.net/,False,https://www.apnic.net/wp-json/oembed/1.0/embed/?url=https%3A%2F%2Fwww.apnic.net%2Fabout-apnic%2Fcorporate-documents%2Fannual-reports%2F&format=xml,https://www.apnic.net/,https://www.apnic.net/wp-json/oembed/1.0/embed/?url=https%3A%2F%2Fwww.apnic.net%2Fabout-apnic%2Fcorporate-documents%2Fannual-reports%2F&format=xml,recon_page,2026-05-02T21:29:33.433117
135,1,4,1,1,0,0,1,0,13,0,net,403,4,2515,1239.865,0,0,18,1,cloudflare,0,html,0,0,0,1,7,1,1,1,1,1,0,0,0,0,0,0,0,0,0,0,0,0,0,0,0,0,0,0,0,0,0,0,0,0,0,0,0,0,0,1,3,0,0,0,0,0,1,0,0,0,0,0,0,1,0,0,0,1,0,0,1,1,0,0,0,0,0,0,0,0,0,0,0.0,0.0,0.0,0,0,0,0,0,0,0,0,0,0,0,0,0,0,0,0,0,0,0,0,0,0.0,0.0,0.875,0.0,0,,multi_full_20260502_195405_0001,2026-05-02T21:30:19.447521,https://www.apnic.net/wp-json/oembed/1.0/embed/?url=https%3A%2F%2Fwww.apnic.net%2Fabout-apnic%2Fcorporate-documents%2Fannual-reports%2F,https://www.apnic.net/,False,https://www.apnic.net/wp-json/oembed/1.0/embed/?url=https%3A%2F%2Fwww.apnic.net%2Fabout-apnic%2Fcorporate-documents%2Fannual-reports%2F,https://www.apnic.net/,https://www.apnic.net/wp-json/oembed/1.0/embed/?url=https%3A%2F%2Fwww.apnic.net%2Fabout-apnic%2Fcorporate-documents%2Fannual-reports%2F,recon_page,2026-05-02T21:30:19.463587
168,1,2,1,1,0,0,1,0,13,0,net,404,4,68157,962.9069999999999,0,0,19,1,cloudflare,0,html,0,0,0,1,7,1,1,1,1,1,1,2,1,2,0,0,0,0,0,0,0,0,1,9,0,0,0,0,1,17,7,8,2,1,164,152,12,1,3,1,26,1,10,1,1,8,1,0,0,0,1,0,0,1,0,0,0,1,0,0,1,1,0,0,0,0,0,0,0,0,0,0,0.0,0.0,0.0,0,0,0,1,1,0,0,0,0,2,0,1,109,13,0,0,0,0,0,0,0,1.0,0.00024942412371436535,0.875,0.19073609460510293,0,,multi_full_20260502_195405_0001,2026-05-02T21:30:25.883230,https://www.apnic.net/en/technical-assistance/?__cf_chl_rt_tk=kk.XxxkWaz6gUQD.Dhf5jVooQKzy_YeAZdnOe0rkIZw-1777740898-1.0.1.1-p8u8HoQylt73bcj5L3T27_GaLV0cCshVh_LdyzjKqrA,https://www.apnic.net/,False,https://www.apnic.net/en/technical-assistance/?__cf_chl_rt_tk=kk.XxxkWaz6gUQD.Dhf5jVooQKzy_YeAZdnOe0rkIZw-1777740898-1.0.1.1-p8u8HoQylt73bcj5L3T27_GaLV0cCshVh_LdyzjKqrA,https://www.apnic.net/,https://www.apnic.net/en/technical-assistance/?__cf_chl_rt_tk=kk.XxxkWaz6gUQD.Dhf5jVooQKzy_YeAZdnOe0rkIZw-1777740898-1.0.1.1-p8u8HoQylt73bcj5L3T27_GaLV0cCshVh_LdyzjKqrA,recon_page,2026-05-02T21:30:25.892440
114,1,4,1,2,0,0,1,0,13,0,net,403,4,2515,905.9359999999999,0,0,18,1,cloudflare,0,html,0,0,0,1,7,1,1,1,1,1,0,0,0,0,0,0,0,0,0,0,0,0,0,0,0,0,0,0,0,0,0,0,0,0,0,0,0,0,0,1,3,0,0,0,0,0,1,0,0,0,0,0,0,1,0,0,0,1,0,0,1,1,0,0,0,0,0,0,0,0,0,0,0.0,0.0,0.0,0,0,0,0,0,0,0,0,0,0,0,0,0,0,0,0,0,0,0,0,0,0.0,0.0,0.875,0.0,0,,multi_full_20260502_195405_0001,2026-05-02T21:30:27.765329,https://www.apnic.net/wp-json/oembed/1.0/embed/?url=https%3A%2F%2Fwww.apnic.net%2Fcommunity%2Fpolicy%2F&format=xml,https://www.apnic.net/,False,https://www.apnic.net/wp-json/oembed/1.0/embed/?url=https%3A%2F%2Fwww.apnic.net%2Fcommunity%2Fpolicy%2F&format=xml,https://www.apnic.net/,https://www.apnic.net/wp-json/oembed/1.0/embed/?url=https%3A%2F%2Fwww.apnic.net%2Fcommunity%2Fpolicy%2F&format=xml,recon_page,2026-05-02T21:30:27.769539
167,1,2,1,1,0,0,1,0,13,0,net,404,4,68157,1161.492,0,0,19,1,cloudflare,0,html,0,0,0,1,7,1,1,1,1,1,1,2,1,2,0,0,0,0,0,0,0,0,1,9,0,0,0,0,1,17,7,8,2,1,164,152,12,1,3,1,26,1,10,1,1,8,1,0,0,0,1,0,0,1,0,0,0,1,0,0,1,1,0,0,0,0,0,0,0,0,0,0,0.0,0.0,0.0,0,0,0,1,1,0,0,0,0,2,0,1,109,13,0,0,0,0,0,0,0,1.0,0.00024942412371436535,0.875,0.19073609460510293,0,,multi_full_20260502_195405_0001,2026-05-02T21:30:28.308100,https://www.apnic.net/en/technical-assistance/?__cf_chl_f_tk=kk.XxxkWaz6gUQD.Dhf5jVooQKzy_YeAZdnOe0rkIZw-1777740898-1.0.1.1-p8u8HoQylt73bcj5L3T27_GaLV0cCshVh_LdyzjKqrA,https://www.apnic.net/,False,https://www.apnic.net/en/technical-assistance/?__cf_chl_f_tk=kk.XxxkWaz6gUQD.Dhf5jVooQKzy_YeAZdnOe0rkIZw-1777740898-1.0.1.1-p8u8HoQylt73bcj5L3T27_GaLV0cCshVh_LdyzjKqrA,https://www.apnic.net/,https://www.apnic.net/en/technical-assistance/?__cf_chl_f_tk=kk.XxxkWaz6gUQD.Dhf5jVooQKzy_YeAZdnOe0rkIZw-1777740898-1.0.1.1-p8u8HoQylt73bcj5L3T27_GaLV0cCshVh_LdyzjKqrA,recon_page,2026-05-02T21:30:28.314896
165,1,2,1,1,0,0,1,0,13,0,net,404,4,68157,921.855,0,0,19,1,cloudflare,0,html,0,0,0,1,7,1,1,1,1,1,1,2,1,2,0,0,0,0,0,0,0,0,1,9,0,0,0,0,1,17,7,8,2,1,164,152,12,1,3,1,26,1,10,1,1,8,1,0,0,0,1,0,0,1,0,0,0,1,0,0,1,1,0,0,0,0,0,0,0,0,0,0,0.0,0.0,0.0,0,0,0,1,1,0,0,0,0,2,0,1,109,13,0,0,0,0,0,0,0,1.0,0.00024942412371436535,0.875,0.19073609460510293,0,,multi_full_20260502_195405_0001,2026-05-02T21:30:28.633513,https://www.apnic.net/en/technical-assistance/?__cf_chl_tk=kk.XxxkWaz6gUQD.Dhf5jVooQKzy_YeAZdnOe0rkIZw-1777740898-1.0.1.1-p8u8HoQylt73bcj5L3T27_GaLV0cCshVh_LdyzjKqrA,https://www.apnic.net/,False,https://www.apnic.net/en/technical-assistance/?__cf_chl_tk=kk.XxxkWaz6gUQD.Dhf5jVooQKzy_YeAZdnOe0rkIZw-1777740898-1.0.1.1-p8u8HoQylt73bcj5L3T27_GaLV0cCshVh_LdyzjKqrA,https://www.apnic.net/,https://www.apnic.net/en/technical-assistance/?__cf_chl_tk=kk.XxxkWaz6gUQD.Dhf5jVooQKzy_YeAZdnOe0rkIZw-1777740898-1.0.1.1-p8u8HoQylt73bcj5L3T27_GaLV0cCshVh_LdyzjKqrA,recon_page,2026-05-02T21:30:28.643840
79,1,4,0,0,0,0,1,0,13,0,net,200,2,85800,1677.4009999999998,0,0,19,1,cloudflare,0,html,0,0,0,1,7,1,1,1,1,1,1,2,1,2,0,0,0,0,0,0,0,0,1,9,0,0,0,0,1,17,7,8,2,1,210,198,12,1,3,1,26,1,10,1,1,14,1,0,0,0,1,0,0,1,0,0,0,0,0,0,1,1,0,0,0,0,0,0,0,0,0,0,0.0,0.0,0.0,0,0,0,1,1,0,0,0,0,2,0,1,141,15,0,0,0,0,2,0,0,1.0,0.00019813519813519814,0.875,0.15151515151515152,0,,multi_full_20260502_195405_0001,2026-05-02T21:30:29.863882,https://www.apnic.net/community/policy/process/guidelines-for-proposal-authors/,https://www.apnic.net/,False,https://www.apnic.net/community/policy/process/guidelines-for-proposal-authors/,https://www.apnic.net/,https://www.apnic.net/community/policy/process/guidelines-for-proposal-authors/,recon_page,2026-05-02T21:30:29.869978
103,1,4,1,1,0,0,1,0,13,0,net,403,4,2515,957.159,0,0,18,1,cloudflare,0,html,0,0,0,1,7,1,1,1,1,1,0,0,0,0,0,0,0,0,0,0,0,0,0,0,0,0,0,0,0,0,0,0,0,0,0,0,0,0,0,1,3,0,0,0,0,0,1,0,0,0,0,0,0,1,0,0,0,1,0,0,1,1,0,0,0,0,0,0,0,0,0,0,0.0,0.0,0.0,0,0,0,0,0,0,0,0,0,0,0,0,0,0,0,0,0,0,0,0,0,0.0,0.0,0.875,0.0,0,,multi_full_20260502_195405_0001,2026-05-02T21:30:32.321855,https://www.apnic.net/wp-json/oembed/1.0/embed/?url=https%3A%2F%2Fwww.apnic.net%2Fcommunity%2Fpolicy%2F,https://www.apnic.net/,False,https://www.apnic.net/wp-json/oembed/1.0/embed/?url=https%3A%2F%2Fwww.apnic.net%2Fcommunity%2Fpolicy%2F,https://www.apnic.net/,https://www.apnic.net/wp-json/oembed/1.0/embed/?url=https%3A%2F%2Fwww.apnic.net%2Fcommunity%2Fpolicy%2F,recon_page,2026-05-02T21:30:32.332505
56,1,3,0,0,0,0,1,0,13,0,net,200,2,291869,1416.7240000000002,0,0,22,0,unknown,0,html,1,1,0,1,5,1,1,0,0,1,0,0,0,0,0,0,0,0,0,0,0,0,0,0,0,0,0,0,1,20,14,6,0,1,6,6,0,0,0,1,3,1,4,1,1,16,1,0,0,0,0,0,0,1,0,0,1,1,1,0,1,1,0,0,0,0,0,0,0,0,0,0,1.0,0.0,1.0,0,0,0,0,0,0,0,0,0,0,0,0,12,2,0,0,0,0,0,0,0,0.0,6.852389256824124e-05,0.625,0.0,0,,multi_full_20260502_195405_0001,2026-05-02T21:30:33.491751,https://www.apnic.net/get-ip/faqs/what-is-an-ip-address/,https://www.apnic.net/,False,https://www.apnic.net/get-ip/faqs/what-is-an-ip-address/,https://www.apnic.net/,https://www.apnic.net/get-ip/faqs/what-is-an-ip-address/,recon_page,2026-05-02T21:30:33.495886
74,1,4,0,0,0,0,1,0,13,0,net,200,2,76605,1077.223,0,0,19,1,cloudflare,0,html,0,0,0,1,7,1,1,1,1,1,1,2,1,2,0,0,0,0,0,0,0,0,1,9,0,0,0,0,1,17,7,8,2,1,199,187,12,1,4,1,26,1,10,1,1,14,1,0,0,0,1,0,0,1,0,0,0,0,0,0,1,1,0,0,0,0,0,0,0,0,0,0,0.0,0.0,0.0,0,0,0,1,1,0,0,0,0,2,0,1,135,15,0,0,0,0,0,0,0,1.0,0.00022191762939755892,0.875,0.16970171659813327,0,,multi_full_20260502_195405_0001,2026-05-02T21:30:34.328678,https://www.apnic.net/community/policy/process/policy-development-process/,https://www.apnic.net/,False,https://www.apnic.net/community/policy/process/policy-development-process/,https://www.apnic.net/,https://www.apnic.net/community/policy/process/policy-development-process/,recon_page,2026-05-02T21:30:34.639851
46,1,5,0,0,0,0,1,0,13,0,net,403,4,2515,977.7810000000001,0,0,18,1,cloudflare,0,html,0,0,0,1,7,1,1,1,1,1,0,0,0,0,0,0,0,0,0,0,0,0,0,0,0,0,0,0,0,0,0,0,0,0,0,0,0,0,0,1,3,0,0,0,0,0,1,0,0,0,0,0,0,1,0,0,0,1,0,0,1,1,0,0,0,0,0,0,0,0,0,0,0.0,0.0,0.0,0,0,0,0,0,0,0,0,0,0,0,0,0,0,0,0,0,0,0,0,0,0.0,0.0,0.875,0.0,0,,multi_full_20260502_195405_0001,2026-05-02T21:30:34.795087,https://www.apnic.net/wp-json/wp/v2/pages/165/,https://www.apnic.net/,False,https://www.apnic.net/wp-json/wp/v2/pages/165/,https://www.apnic.net/,https://www.apnic.net/wp-json/wp/v2/pages/165/,recon_page,2026-05-02T21:30:34.804338
104,1,4,1,1,0,0,1,0,13,0,net,403,4,2515,862.362,0,0,18,1,cloudflare,0,html,0,0,0,1,7,1,1,1,1,1,0,0,0,0,0,0,0,0,0,0,0,0,0,0,0,0,0,0,0,0,0,0,0,0,0,0,0,0,0,1,3,0,0,0,0,0,1,0,0,0,0,0,0,1,0,0,0,1,0,0,1,1,0,0,0,0,0,0,0,0,0,0,0.0,0.0,0.0,0,0,0,0,0,0,0,0,0,0,0,0,0,0,0,0,0,0,0,0,0,0.0,0.0,0.875,0.0,0,,multi_full_20260502_195405_0001,2026-05-02T21:30:37.901158,https://www.apnic.net/wp-json/oembed/1.0/embed/?url=https%3A%2F%2Fwww.apnic.net%2Fcommunity%2Fpolicy%2F&,https://www.apnic.net/,False,https://www.apnic.net/wp-json/oembed/1.0/embed/?url=https%3A%2F%2Fwww.apnic.net%2Fcommunity%2Fpolicy%2F&,https://www.apnic.net/,https://www.apnic.net/wp-json/oembed/1.0/embed/?url=https%3A%2F%2Fwww.apnic.net%2Fcommunity%2Fpolicy%2F&,recon_page,2026-05-02T21:30:37.904991
39,1,2,0,0,0,0,1,0,13,0,net,200,2,79342,1138.4019999999998,0,0,19,1,cloudflare,0,html,0,0,0,1,7,1,1,1,1,1,1,2,1,2,0,0,0,0,0,0,0,0,1,9,0,0,0,0,1,17,7,8,2,1,221,208,13,1,8,1,26,1,10,1,1,15,1,0,0,0,1,0,0,1,0,0,0,0,0,0,1,1,0,0,0,0,0,0,0,0,0,0,0.0,0.0,0.0,0,0,0,1,1,0,0,0,0,2,0,1,141,16,0,0,0,0,0,0,0,1.0,0.0002142623074790149,0.875,0.16384764689571726,0,,multi_full_20260502_195405_0001,2026-05-02T21:30:39.063482,https://www.apnic.net/policy/resources/,https://www.apnic.net/,False,https://www.apnic.net/policy/resources/,https://www.apnic.net/,https://www.apnic.net/policy/resources/,recon_page,2026-05-02T21:30:39.067423
125,1,4,1,2,0,0,1,0,13,0,net,403,4,2515,830.844,0,0,18,1,cloudflare,0,html,0,0,0,1,7,1,1,1,1,1,0,0,0,0,0,0,0,0,0,0,0,0,0,0,0,0,0,0,0,0,0,0,0,0,0,0,0,0,0,1,3,0,0,0,0,0,1,0,0,0,0,0,0,1,0,0,0,1,0,0,1,1,0,0,0,0,0,0,0,0,0,0,0.0,0.0,0.0,0,0,0,0,0,0,0,0,0,0,0,0,0,0,0,0,0,0,0,0,0,0.0,0.0,0.875,0.0,0,,multi_full_20260502_195405_0001,2026-05-02T21:31:27.268941,https://www.apnic.net/wp-json/oembed/1.0/embed/?url=https%3A%2F%2Fwww.apnic.net%2Fget-ip%2Fget-ip-addresses-asn%2F&format=xml,https://www.apnic.net/,False,https://www.apnic.net/wp-json/oembed/1.0/embed/?url=https%3A%2F%2Fwww.apnic.net%2Fget-ip%2Fget-ip-addresses-asn%2F&format=xml,https://www.apnic.net/,https://www.apnic.net/wp-json/oembed/1.0/embed/?url=https%3A%2F%2Fwww.apnic.net%2Fget-ip%2Fget-ip-addresses-asn%2F&format=xml,recon_page,2026-05-02T21:31:27.284985
94,1,4,0,0,0,0,1,0,13,0,net,200,2,76044,1017.809,0,0,19,1,cloudflare,0,html,0,0,0,1,7,1,1,1,1,1,1,2,1,2,0,0,0,0,0,0,0,0,1,9,0,0,0,0,1,17,7,8,2,1,187,175,12,1,3,1,26,1,10,1,1,14,1,0,0,0,1,0,0,1,0,0,0,0,0,0,1,1,0,0,0,0,0,0,0,0,0,0,0.0,0.0,0.0,0,0,0,1,1,0,0,0,0,2,0,1,127,15,0,0,0,0,0,0,0,1.0,0.00022355478407237915,0.875,0.17095365840828994,0,,multi_full_20260502_195405_0001,2026-05-02T21:32:03.591367,https://www.apnic.net/get-ip/get-ip-addresses-asn/check-your-eligibility/portable-assignments/,https://www.apnic.net/,False,https://www.apnic.net/get-ip/get-ip-addresses-asn/check-your-eligibility/portable-assignments/,https://www.apnic.net/,https://www.apnic.net/get-ip/get-ip-addresses-asn/check-your-eligibility/portable-assignments/,recon_page,2026-05-02T21:32:03.599247
71,1,3,0,0,0,0,1,0,13,0,net,200,2,83844,1494.918,0,0,19,1,cloudflare,0,html,0,0,0,1,7,1,1,1,1,1,1,2,1,2,0,0,0,0,0,0,0,0,1,9,0,0,0,0,1,17,7,8,2,1,177,165,12,1,4,1,26,1,10,1,1,14,1,0,0,0,1,0,0,1,0,0,0,0,0,0,1,1,0,0,0,0,0,0,0,0,0,0,0.0,0.0,0.0,0,0,0,1,1,0,0,0,0,2,0,1,118,15,0,0,0,0,0,0,0,1.0,0.00020275750202757503,0.875,0.15504985449167502,0,,multi_full_20260502_195405_0001,2026-05-02T21:32:03.872599,https://www.apnic.net/get-ip/get-ip-addresses-asn/refer-your-customers/,https://www.apnic.net/,False,https://www.apnic.net/get-ip/get-ip-addresses-asn/refer-your-customers/,https://www.apnic.net/,https://www.apnic.net/get-ip/get-ip-addresses-asn/refer-your-customers/,recon_page,2026-05-02T21:32:03.878402
91,1,4,0,0,0,0,1,0,13,0,net,200,2,75996,998.914,0,0,19,1,cloudflare,0,html,0,0,0,1,7,1,1,1,1,1,1,3,1,6,0,0,0,0,0,0,0,0,1,10,0,0,1,1,1,17,7,8,2,1,183,171,12,1,3,1,26,1,10,1,1,13,1,0,0,0,1,0,0,1,0,0,0,0,0,0,1,1,0,0,0,0,0,0,0,0,0,0,0.0,0.0,0.0,0,0,0,2,1,0,0,0,0,3,0,5,124,15,0,0,0,0,0,0,0,2.0,0.00022369598399915786,0.875,0.25001315858729406,0,,multi_full_20260502_195405_0001,2026-05-02T21:32:04.116656,https://www.apnic.net/get-ip/apnic-membership/how-much-does-it-cost/member-fees-calculator/,https://www.apnic.net/,False,https://www.apnic.net/get-ip/apnic-membership/how-much-does-it-cost/member-fees-calculator/,https://www.apnic.net/,https://www.apnic.net/get-ip/apnic-membership/how-much-does-it-cost/member-fees-calculator/,recon_page,2026-05-02T21:32:04.128740
95,1,5,0,0,0,0,1,0,13,0,net,200,2,79314,1172.7749999999999,0,0,19,1,cloudflare,0,html,0,0,0,1,7,1,1,1,1,1,1,2,1,2,0,0,0,0,0,0,0,0,1,9,0,0,0,0,1,17,7,8,2,1,199,187,12,1,3,1,26,1,10,1,1,14,1,0,0,0,1,0,0,1,0,0,0,0,0,0,1,1,0,0,0,0,0,0,0,0,0,0,0.0,0.0,0.0,0,0,0,1,1,0,0,0,0,2,0,1,134,15,0,0,0,0,0,0,0,1.0,0.00021433794790327054,0.875,0.16390548957308926,0,,multi_full_20260502_195405_0001,2026-05-02T21:32:04.377129,https://www.apnic.net/about-apnic/corporate-documents/documents/corporate/apnic-service-region/,https://www.apnic.net/,False,https://www.apnic.net/about-apnic/corporate-documents/documents/corporate/apnic-service-region/,https://www.apnic.net/,https://www.apnic.net/about-apnic/corporate-documents/documents/corporate/apnic-service-region/,recon_page,2026-05-02T21:32:04.383423
38,1,3,0,0,0,0,1,0,13,0,net,200,2,291869,903.631,0,0,22,0,unknown,0,html,1,1,0,1,5,1,1,0,0,1,0,0,0,0,0,0,0,0,0,0,0,0,0,0,0,0,0,0,1,20,14,6,0,1,6,6,0,0,0,1,3,1,4,1,1,16,1,0,0,0,0,0,0,1,0,0,1,1,1,0,1,1,0,0,0,0,0,0,0,0,0,0,1.0,0.0,1.0,0,0,0,0,0,0,0,0,0,0,0,0,12,2,0,0,0,0,0,0,0,0.0,6.852389256824124e-05,0.625,0.0,0,,multi_full_20260502_195405_0001,2026-05-02T21:32:04.670213,https://www.apnic.net/get-ip/faqs/asn/,https://www.apnic.net/,False,https://www.apnic.net/get-ip/faqs/asn/,https://www.apnic.net/,https://www.apnic.net/get-ip/faqs/asn/,recon_page,2026-05-02T21:32:04.677957
73,1,3,0,0,0,0,1,0,13,0,net,200,2,75144,1011.4870000000001,0,0,19,1,cloudflare,0,html,0,0,0,1,7,1,1,1,1,1,1,2,1,2,0,0,0,0,0,0,0,0,1,9,0,0,0,0,1,17,7,8,2,1,189,177,12,1,3,1,26,1,10,1,1,14,1,0,0,0,1,0,0,1,0,0,0,0,0,0,1,1,0,0,0,0,0,0,0,0,0,0,0.0,0.0,0.0,0,0,0,1,1,0,0,0,0,2,0,1,128,15,0,0,0,0,0,0,0,1.0,0.0002262323006494198,0.875,0.1730011710848504,0,,multi_full_20260502_195405_0001,2026-05-02T21:32:41.038340,https://www.apnic.net/get-ip/get-ip-addresses-asn/check-your-eligibility/,https://www.apnic.net/,False,https://www.apnic.net/get-ip/get-ip-addresses-asn/check-your-eligibility/,https://www.apnic.net/,https://www.apnic.net/get-ip/get-ip-addresses-asn/check-your-eligibility/,recon_page,2026-05-02T21:32:41.050755
114,1,4,1,1,0,0,1,0,13,0,net,403,4,2515,843.173,0,0,18,1,cloudflare,0,html,0,0,0,1,7,1,1,1,1,1,0,0,0,0,0,0,0,0,0,0,0,0,0,0,0,0,0,0,0,0,0,0,0,0,0,0,0,0,0,1,3,0,0,0,0,0,1,0,0,0,0,0,0,1,0,0,0,1,0,0,1,1,0,0,0,0,0,0,0,0,0,0,0.0,0.0,0.0,0,0,0,0,0,0,0,0,0,0,0,0,0,0,0,0,0,0,0,0,0,0.0,0.0,0.875,0.0,0,,multi_full_20260502_195405_0001,2026-05-02T21:32:41.240533,https://www.apnic.net/wp-json/oembed/1.0/embed/?url=https%3A%2F%2Fwww.apnic.net%2Fget-ip%2Fget-ip-addresses-asn%2F,https://www.apnic.net/,False,https://www.apnic.net/wp-json/oembed/1.0/embed/?url=https%3A%2F%2Fwww.apnic.net%2Fget-ip%2Fget-ip-addresses-asn%2F,https://www.apnic.net/,https://www.apnic.net/wp-json/oembed/1.0/embed/?url=https%3A%2F%2Fwww.apnic.net%2Fget-ip%2Fget-ip-addresses-asn%2F,recon_page,2026-05-02T21:32:41.248281
46,1,5,0,0,0,0,1,0,13,0,net,403,4,2515,883.605,0,0,18,1,cloudflare,0,html,0,0,0,1,7,1,1,1,1,1,0,0,0,0,0,0,0,0,0,0,0,0,0,0,0,0,0,0,0,0,0,0,0,0,0,0,0,0,0,1,3,0,0,0,0,0,1,0,0,0,0,0,0,1,0,0,0,1,0,0,1,1,0,0,0,0,0,0,0,0,0,0,0.0,0.0,0.0,0,0,0,0,0,0,0,0,0,0,0,0,0,0,0,0,0,0,0,0,0,0.0,0.0,0.875,0.0,0,,multi_full_20260502_195405_0001,2026-05-02T21:32:41.482991,https://www.apnic.net/wp-json/wp/v2/pages/317/,https://www.apnic.net/,False,https://www.apnic.net/wp-json/wp/v2/pages/317/,https://www.apnic.net/,https://www.apnic.net/wp-json/wp/v2/pages/317/,recon_page,2026-05-02T21:32:41.499392
104,1,4,0,0,0,0,1,0,13,0,net,200,2,75138,951.7370000000001,0,0,19,1,cloudflare,0,html,0,0,0,1,7,1,1,1,1,1,1,2,1,2,0,0,0,0,0,0,0,0,1,9,0,0,0,0,1,17,7,8,2,1,182,169,13,1,3,1,26,1,10,1,1,14,1,0,0,0,1,0,0,1,0,0,0,0,0,0,1,1,0,0,0,0,0,0,0,0,0,0,0.0,0.0,0.0,0,0,0,1,1,0,0,0,0,2,0,1,124,15,0,0,0,0,0,0,0,1.0,0.0002262503659932391,0.875,0.17301498575953578,0,,multi_full_20260502_195405_0001,2026-05-02T21:32:41.587068,https://www.apnic.net/get-ip/get-ip-addresses-asn/check-your-eligibility/subsequent-allocation-criteria/,https://www.apnic.net/,False,https://www.apnic.net/get-ip/get-ip-addresses-asn/check-your-eligibility/subsequent-allocation-criteria/,https://www.apnic.net/,https://www.apnic.net/get-ip/get-ip-addresses-asn/check-your-eligibility/subsequent-allocation-criteria/,recon_page,2026-05-02T21:32:41.612409
90,1,5,0,0,0,0,1,0,13,0,net,200,2,82240,162.257,0,0,20,1,cloudflare,0,html,0,0,0,1,7,1,1,1,1,1,1,2,1,2,0,0,0,0,0,0,0,0,1,9,0,0,0,0,1,17,7,8,2,1,218,206,12,1,3,1,26,1,10,1,1,14,1,0,0,0,1,0,0,1,0,0,0,0,0,0,1,1,0,0,0,0,0,0,0,0,0,0,0.0,0.0,0.0,0,0,0,1,1,0,0,0,0,2,0,1,151,15,0,0,0,0,0,0,0,1.0,0.00020671206225680934,0.875,0.15807392996108952,0,,multi_full_20260502_195405_0001,2026-05-02T21:32:41.619825,https://www.apnic.net/publications/media-library/documents/membership/member-fee-schedule/,https://www.apnic.net/,False,https://www.apnic.net/publications/media-library/documents/membership/member-fee-schedule/,https://www.apnic.net/,https://www.apnic.net/publications/media-library/documents/membership/member-fee-schedule/,recon_page,2026-05-02T21:32:41.623423
115,1,4,1,1,0,0,1,0,13,0,net,403,4,2515,886.812,0,0,18,1,cloudflare,0,html,0,0,0,1,7,1,1,1,1,1,0,0,0,0,0,0,0,0,0,0,0,0,0,0,0,0,0,0,0,0,0,0,0,0,0,0,0,0,0,1,3,0,0,0,0,0,1,0,0,0,0,0,0,1,0,0,0,1,0,0,1,1,0,0,0,0,0,0,0,0,0,0,0.0,0.0,0.0,0,0,0,0,0,0,0,0,0,0,0,0,0,0,0,0,0,0,0,0,0,0.0,0.0,0.875,0.0,0,,multi_full_20260502_195405_0001,2026-05-02T21:32:41.975365,https://www.apnic.net/wp-json/oembed/1.0/embed/?url=https%3A%2F%2Fwww.apnic.net%2Fget-ip%2Fget-ip-addresses-asn%2F&,https://www.apnic.net/,False,https://www.apnic.net/wp-json/oembed/1.0/embed/?url=https%3A%2F%2Fwww.apnic.net%2Fget-ip%2Fget-ip-addresses-asn%2F&,https://www.apnic.net/,https://www.apnic.net/wp-json/oembed/1.0/embed/?url=https%3A%2F%2Fwww.apnic.net%2Fget-ip%2Fget-ip-addresses-asn%2F&,recon_page,2026-05-02T21:32:41.995357
70,1,3,0,0,0,0,1,0,13,0,net,200,2,72774,925.4780000000001,0,0,19,1,cloudflare,0,html,0,0,0,1,7,1,1,1,1,1,1,2,1,2,0,0,0,0,0,0,0,0,1,9,0,0,0,0,1,18,7,9,2,1,177,165,12,1,3,1,26,1,11,1,1,14,1,0,0,0,1,0,0,1,0,0,0,0,0,0,1,1,0,0,0,0,0,0,0,0,0,0,0.0,0.0,0.0,0,0,0,1,1,0,0,0,0,2,0,1,120,15,0,0,0,0,0,0,0,1.0,0.0002473410833539451,0.875,0.1786352268667381,0,,multi_full_20260502_195405_0001,2026-05-02T21:32:42.276001,https://www.apnic.net/get-ip/get-ip-addresses-asn/unmet-ipv4-requests/,https://www.apnic.net/,False,https://www.apnic.net/get-ip/get-ip-addresses-asn/unmet-ipv4-requests/,https://www.apnic.net/,https://www.apnic.net/get-ip/get-ip-addresses-asn/unmet-ipv4-requests/,recon_page,2026-05-02T21:32:42.280965
100,1,4,1,1,0,0,1,0,13,0,net,403,4,2515,853.1659999999999,0,0,18,1,cloudflare,0,html,0,0,0,1,7,1,1,1,1,1,0,0,0,0,0,0,0,0,0,0,0,0,0,0,0,0,0,0,0,0,0,0,0,0,0,0,0,0,0,1,3,0,0,0,0,0,1,0,0,0,0,0,0,1,0,0,0,1,0,0,1,1,0,0,0,0,0,0,0,0,0,0,0.0,0.0,0.0,0,0,0,0,0,0,0,0,0,0,0,0,0,0,0,0,0,0,0,0,0,0.0,0.0,0.875,0.0,0,,multi_full_20260502_195405_0001,2026-05-02T21:33:04.394759,https://www.apnic.net/wp-json/oembed/1.0/embed/?url=https%3A%2F%2Fwww.apnic.net%2Fevents%2Fcalendar&,https://www.apnic.net/,False,https://www.apnic.net/wp-json/oembed/1.0/embed/?url=https%3A%2F%2Fwww.apnic.net%2Fevents%2Fcalendar&,https://www.apnic.net/,https://www.apnic.net/wp-json/oembed/1.0/embed/?url=https%3A%2F%2Fwww.apnic.net%2Fevents%2Fcalendar&,recon_page,2026-05-02T21:33:04.400609
48,1,5,0,0,0,0,1,0,13,0,net,403,4,2515,972.763,0,0,18,1,cloudflare,0,html,0,0,0,1,7,1,1,1,1,1,0,0,0,0,0,0,0,0,0,0,0,0,0,0,0,0,0,0,0,0,0,0,0,0,0,0,0,0,0,1,3,0,0,0,0,0,1,0,0,0,0,0,0,1,0,0,0,1,0,0,1,1,0,0,0,0,0,0,0,0,0,0,0.0,0.0,0.0,0,0,0,0,0,0,0,0,0,0,0,0,0,0,0,0,0,0,0,0,0,0.0,0.0,0.875,0.0,0,,multi_full_20260502_195405_0001,2026-05-02T21:33:24.279678,https://www.apnic.net/wp-json/wp/v2/pages/16699/,https://www.apnic.net/,False,https://www.apnic.net/wp-json/wp/v2/pages/16699/,https://www.apnic.net/,https://www.apnic.net/wp-json/wp/v2/pages/16699/,recon_page,2026-05-02T21:33:24.286696
99,1,4,1,1,0,0,1,0,13,0,net,403,4,2515,834.331,0,0,18,1,cloudflare,0,html,0,0,0,1,7,1,1,1,1,1,0,0,0,0,0,0,0,0,0,0,0,0,0,0,0,0,0,0,0,0,0,0,0,0,0,0,0,0,0,1,3,0,0,0,0,0,1,0,0,0,0,0,0,1,0,0,0,1,0,0,1,1,0,0,0,0,0,0,0,0,0,0,0.0,0.0,0.0,0,0,0,0,0,0,0,0,0,0,0,0,0,0,0,0,0,0,0,0,0,0.0,0.0,0.875,0.0,0,,multi_full_20260502_195405_0001,2026-05-02T21:34:15.563092,https://www.apnic.net/wp-json/oembed/1.0/embed/?url=https%3A%2F%2Fwww.apnic.net%2Fevents%2Fcalendar,https://www.apnic.net/,False,https://www.apnic.net/wp-json/oembed/1.0/embed/?url=https%3A%2F%2Fwww.apnic.net%2Fevents%2Fcalendar,https://www.apnic.net/,https://www.apnic.net/wp-json/oembed/1.0/embed/?url=https%3A%2F%2Fwww.apnic.net%2Fevents%2Fcalendar,recon_page,2026-05-02T21:34:15.574350
94,1,4,1,1,0,0,1,0,13,0,net,403,4,2515,850.946,0,0,18,1,cloudflare,0,html,0,0,0,1,7,1,1,1,1,1,0,0,0,0,0,0,0,0,0,0,0,0,0,0,0,0,0,0,0,0,0,0,0,0,0,0,0,0,0,1,3,0,0,0,0,0,1,0,0,0,0,0,0,1,0,0,0,1,0,0,1,1,0,0,0,0,0,0,0,0,0,0,0.0,0.0,0.0,0,0,0,0,0,0,0,0,0,0,0,0,0,0,0,0,0,0,0,0,0,0.0,0.0,0.875,0.0,0,,multi_full_20260502_195405_0001,2026-05-02T21:34:15.837982,https://www.apnic.net/wp-json/oembed/1.0/embed/?url=https%3A%2F%2Fwww.apnic.net%2Fmanage-ip%2F,https://www.apnic.net/,False,https://www.apnic.net/wp-json/oembed/1.0/embed/?url=https%3A%2F%2Fwww.apnic.net%2Fmanage-ip%2F,https://www.apnic.net/,https://www.apnic.net/wp-json/oembed/1.0/embed/?url=https%3A%2F%2Fwww.apnic.net%2Fmanage-ip%2F,recon_page,2026-05-02T21:34:15.841884
105,1,4,1,2,0,0,1,0,13,0,net,403,4,2515,877.169,0,0,18,1,cloudflare,0,html,0,0,0,1,7,1,1,1,1,1,0,0,0,0,0,0,0,0,0,0,0,0,0,0,0,0,0,0,0,0,0,0,0,0,0,0,0,0,0,1,3,0,0,0,0,0,1,0,0,0,0,0,0,1,0,0,0,1,0,0,1,1,0,0,0,0,0,0,0,0,0,0,0.0,0.0,0.0,0,0,0,0,0,0,0,0,0,0,0,0,0,0,0,0,0,0,0,0,0,0.0,0.0,0.875,0.0,0,,multi_full_20260502_195405_0001,2026-05-02T21:34:16.075428,https://www.apnic.net/wp-json/oembed/1.0/embed/?url=https%3A%2F%2Fwww.apnic.net%2Fmanage-ip%2F&format=xml,https://www.apnic.net/,False,https://www.apnic.net/wp-json/oembed/1.0/embed/?url=https%3A%2F%2Fwww.apnic.net%2Fmanage-ip%2F&format=xml,https://www.apnic.net/,https://www.apnic.net/wp-json/oembed/1.0/embed/?url=https%3A%2F%2Fwww.apnic.net%2Fmanage-ip%2F&format=xml,recon_page,2026-05-02T21:34:16.084492
110,1,4,1,2,0,0,1,0,13,0,net,403,4,2515,855.106,0,0,18,1,cloudflare,0,html,0,0,0,1,7,1,1,1,1,1,0,0,0,0,0,0,0,0,0,0,0,0,0,0,0,0,0,0,0,0,0,0,0,0,0,0,0,0,0,1,3,0,0,0,0,0,1,0,0,0,0,0,0,1,0,0,0,1,0,0,1,1,0,0,0,0,0,0,0,0,0,0,0.0,0.0,0.0,0,0,0,0,0,0,0,0,0,0,0,0,0,0,0,0,0,0,0,0,0,0.0,0.0,0.875,0.0,0,,multi_full_20260502_195405_0001,2026-05-02T21:34:16.082814,https://www.apnic.net/wp-json/oembed/1.0/embed/?url=https%3A%2F%2Fwww.apnic.net%2Fevents%2Fcalendar&format=xml,https://www.apnic.net/,False,https://www.apnic.net/wp-json/oembed/1.0/embed/?url=https%3A%2F%2Fwww.apnic.net%2Fevents%2Fcalendar&format=xml,https://www.apnic.net/,https://www.apnic.net/wp-json/oembed/1.0/embed/?url=https%3A%2F%2Fwww.apnic.net%2Fevents%2Fcalendar&format=xml,recon_page,2026-05-02T21:34:16.092157
46,1,5,0,0,0,0,1,0,13,0,net,403,4,2515,831.4540000000001,0,0,18,1,cloudflare,0,html,0,0,0,1,7,1,1,1,1,1,0,0,0,0,0,0,0,0,0,0,0,0,0,0,0,0,0,0,0,0,0,0,0,0,0,0,0,0,0,1,3,0,0,0,0,0,1,0,0,0,0,0,0,1,0,0,0,1,0,0,1,1,0,0,0,0,0,0,0,0,0,0,0.0,0.0,0.0,0,0,0,0,0,0,0,0,0,0,0,0,0,0,0,0,0,0,0,0,0,0.0,0.0,0.875,0.0,0,,multi_full_20260502_195405_0001,2026-05-02T21:34:16.631229,https://www.apnic.net/wp-json/wp/v2/pages/556/,https://www.apnic.net/,False,https://www.apnic.net/wp-json/wp/v2/pages/556/,https://www.apnic.net/,https://www.apnic.net/wp-json/wp/v2/pages/556/,recon_page,2026-05-02T21:34:16.639137
46,1,3,0,0,0,0,1,0,13,0,net,200,2,291869,926.009,0,0,22,0,unknown,0,html,1,1,0,1,5,1,1,0,0,1,0,0,0,0,0,0,0,0,0,0,0,0,0,0,0,0,0,0,1,20,14,6,0,1,6,6,0,0,0,1,3,1,4,1,1,16,1,0,0,0,0,0,0,1,0,0,1,1,1,0,1,1,0,0,0,0,0,0,0,0,0,0,1.0,0.0,1.0,0,0,0,0,0,0,0,0,0,0,0,0,12,2,0,0,0,0,0,0,0,0.0,6.852389256824124e-05,0.625,0.0,0,,multi_full_20260502_195405_0001,2026-05-02T21:34:17.034004,https://www.apnic.net/get-ip/faqs/geolocation/,https://www.apnic.net/,False,https://www.apnic.net/get-ip/faqs/geolocation/,https://www.apnic.net/,https://www.apnic.net/get-ip/faqs/geolocation/,recon_page,2026-05-02T21:34:17.040936
54,1,3,0,0,0,0,1,0,13,0,net,200,2,92161,964.083,0,0,19,1,cloudflare,0,html,0,0,0,1,7,1,1,1,1,1,1,2,1,2,0,0,0,0,0,0,0,0,1,9,0,0,0,0,1,17,7,8,2,1,191,176,15,1,3,1,26,1,11,1,1,14,1,0,0,0,1,0,0,1,0,0,0,0,0,0,1,1,0,0,0,0,0,0,0,0,0,0,0.0,0.0,0.0,0,0,0,1,1,0,0,0,0,2,0,1,127,15,0,0,0,0,0,0,0,1.0,0.00018445980403858464,0.875,0.1410574972059765,0,,multi_full_20260502_195405_0001,2026-05-02T21:34:17.615921,https://www.apnic.net/manage-ip/apnic-services/dnssec/,https://www.apnic.net/,False,https://www.apnic.net/manage-ip/apnic-services/dnssec/,https://www.apnic.net/,https://www.apnic.net/manage-ip/apnic-services/dnssec/,recon_page,2026-05-02T21:34:17.622966
70,1,3,0,0,0,0,1,0,13,0,net,200,2,90030,1083.998,0,0,19,1,cloudflare,0,html,0,0,0,1,7,1,1,1,1,1,1,2,1,2,0,0,0,0,0,0,0,0,1,9,0,0,0,0,1,17,7,8,2,1,200,186,14,1,3,1,26,1,11,1,1,14,1,0,0,0,1,0,0,1,0,0,0,0,0,0,1,1,0,0,0,0,0,0,0,0,0,0,0.0,0.0,0.0,0,0,0,1,1,0,0,0,0,2,0,1,131,15,0,0,0,0,0,0,0,1.0,0.0001888259469065867,0.875,0.144396312340331,0,,multi_full_20260502_195405_0001,2026-05-02T21:34:17.890361,https://www.apnic.net/manage-ip/apnic-services/resource-certification/,https://www.apnic.net/,False,https://www.apnic.net/manage-ip/apnic-services/resource-certification/,https://www.apnic.net/,https://www.apnic.net/manage-ip/apnic-services/resource-certification/,recon_page,2026-05-02T21:34:17.899736
95,1,4,1,1,0,0,1,0,13,0,net,403,4,2515,832.643,0,0,18,1,cloudflare,0,html,0,0,0,1,7,1,1,1,1,1,0,0,0,0,0,0,0,0,0,0,0,0,0,0,0,0,0,0,0,0,0,0,0,0,0,0,0,0,0,1,3,0,0,0,0,0,1,0,0,0,0,0,0,1,0,0,0,1,0,0,1,1,0,0,0,0,0,0,0,0,0,0,0.0,0.0,0.0,0,0,0,0,0,0,0,0,0,0,0,0,0,0,0,0,0,0,0,0,0,0.0,0.0,0.875,0.0,0,,multi_full_20260502_195405_0001,2026-05-02T21:34:36.826200,https://www.apnic.net/wp-json/oembed/1.0/embed/?url=https%3A%2F%2Fwww.apnic.net%2Fmanage-ip%2F&,https://www.apnic.net/,False,https://www.apnic.net/wp-json/oembed/1.0/embed/?url=https%3A%2F%2Fwww.apnic.net%2Fmanage-ip%2F&,https://www.apnic.net/,https://www.apnic.net/wp-json/oembed/1.0/embed/?url=https%3A%2F%2Fwww.apnic.net%2Fmanage-ip%2F&,recon_page,2026-05-02T21:34:36.830997
102,1,4,1,2,0,0,1,0,13,0,net,403,4,2515,866.634,0,0,18,1,cloudflare,0,html,0,0,0,1,7,1,1,1,1,1,0,0,0,0,0,0,0,0,0,0,0,0,0,0,0,0,0,0,0,0,0,0,0,0,0,0,0,0,0,1,3,0,0,0,0,0,1,0,0,0,0,0,0,1,0,0,0,1,0,0,1,1,0,0,0,0,0,0,0,0,0,0,0.0,0.0,0.0,0,0,0,0,0,0,0,0,0,0,0,0,0,0,0,0,0,0,0,0,0,0.0,0.0,0.875,0.0,0,,multi_full_20260502_195405_0001,2026-05-02T21:34:37.558473,https://www.apnic.net/wp-json/oembed/1.0/embed/?url=https%3A%2F%2Fwww.apnic.net%2Fget-ip%2F&format=xml,https://www.apnic.net/,False,https://www.apnic.net/wp-json/oembed/1.0/embed/?url=https%3A%2F%2Fwww.apnic.net%2Fget-ip%2F&format=xml,https://www.apnic.net/,https://www.apnic.net/wp-json/oembed/1.0/embed/?url=https%3A%2F%2Fwww.apnic.net%2Fget-ip%2F&format=xml,recon_page,2026-05-02T21:34:37.562249
52,1,3,0,0,0,0,1,0,13,0,net,200,2,291869,990.261,0,0,22,0,unknown,0,html,1,1,0,1,5,1,1,0,0,1,0,0,0,0,0,0,0,0,0,0,0,0,0,0,0,0,0,0,1,20,14,6,0,1,6,6,0,0,0,1,3,1,4,1,1,16,1,0,0,0,0,0,0,1,0,0,1,1,1,0,1,1,0,0,0,0,0,0,0,0,0,0,1.0,0.0,1.0,0,0,0,0,0,0,0,0,0,0,0,0,12,2,0,0,0,0,0,0,0,0.0,6.852389256824124e-05,0.625,0.0,0,,multi_full_20260502_195405_0001,2026-05-02T21:34:37.868951,https://www.apnic.net/get-ip/faqs/ipv4-request-tips/,https://www.apnic.net/,False,https://www.apnic.net/get-ip/faqs/ipv4-request-tips/,https://www.apnic.net/,https://www.apnic.net/get-ip/faqs/ipv4-request-tips/,recon_page,2026-05-02T21:34:37.873151
41,1,1,0,0,0,0,1,0,13,0,net,200,2,73758,1012.3679999999999,0,0,19,1,cloudflare,0,html,0,0,0,1,7,1,1,1,1,1,1,2,1,2,0,0,0,0,0,0,0,0,1,9,0,0,0,0,1,17,7,8,2,1,183,171,12,1,3,1,26,1,10,1,1,14,1,0,0,0,1,0,0,1,0,0,0,0,0,0,1,1,0,0,0,0,0,0,0,0,0,0,0.0,0.0,0.0,0,0,0,1,1,0,0,0,0,2,0,1,123,15,0,0,0,0,2,0,0,1.0,0.00023048347297920227,0.875,0.17625206757233114,0,,multi_full_20260502_195405_0001,2026-05-02T21:34:38.121914,https://www.apnic.net/corporate-contacts/,https://www.apnic.net/,False,https://www.apnic.net/corporate-contacts/,https://www.apnic.net/,https://www.apnic.net/corporate-contacts/,recon_page,2026-05-02T21:34:38.126663
58,1,3,0,0,0,0,1,0,13,0,net,200,2,291869,1135.735,0,0,22,0,unknown,0,html,1,1,0,1,5,1,1,0,0,1,0,0,0,0,0,0,0,0,0,0,0,0,0,0,0,0,0,0,1,20,14,6,0,1,6,6,0,0,0,1,3,1,4,1,1,16,1,0,0,0,0,0,0,1,0,0,1,1,1,0,1,1,0,0,0,0,0,0,0,0,0,0,1.0,0.0,1.0,0,0,0,0,0,0,0,0,0,0,0,0,12,2,0,0,0,0,0,0,0,0.0,6.852389256824124e-05,0.625,0.0,0,,multi_full_20260502_195405_0001,2026-05-02T21:35:22.829777,https://www.apnic.net/get-ip/faqs/how-do-I-make-a-payment/,https://www.apnic.net/,False,https://www.apnic.net/get-ip/faqs/how-do-I-make-a-payment/,https://www.apnic.net/,https://www.apnic.net/get-ip/faqs/how-do-I-make-a-payment/,recon_page,2026-05-02T21:35:22.834489
91,1,4,1,1,0,0,1,0,13,0,net,403,4,2515,960.957,0,0,18,1,cloudflare,0,html,0,0,0,1,7,1,1,1,1,1,0,0,0,0,0,0,0,0,0,0,0,0,0,0,0,0,0,0,0,0,0,0,0,0,0,0,0,0,0,1,3,0,0,0,0,0,1,0,0,0,0,0,0,1,0,0,0,1,0,0,1,1,0,0,0,0,0,0,0,0,0,0,0.0,0.0,0.0,0,0,0,0,0,0,0,0,0,0,0,0,0,0,0,0,0,0,0,0,0,0.0,0.0,0.875,0.0,0,,multi_full_20260502_195405_0001,2026-05-02T21:36:08.630995,https://www.apnic.net/wp-json/oembed/1.0/embed/?url=https%3A%2F%2Fwww.apnic.net%2Fget-ip%2F,https://www.apnic.net/,False,https://www.apnic.net/wp-json/oembed/1.0/embed/?url=https%3A%2F%2Fwww.apnic.net%2Fget-ip%2F,https://www.apnic.net/,https://www.apnic.net/wp-json/oembed/1.0/embed/?url=https%3A%2F%2Fwww.apnic.net%2Fget-ip%2F,recon_page,2026-05-02T21:36:08.642322
121,1,4,1,2,0,0,1,0,13,0,net,403,4,2515,875.128,0,0,18,1,cloudflare,0,html,0,0,0,1,7,1,1,1,1,1,0,0,0,0,0,0,0,0,0,0,0,0,0,0,0,0,0,0,0,0,0,0,0,0,0,0,0,0,0,1,3,0,0,0,0,0,1,0,0,0,0,0,0,1,0,0,0,1,0,0,1,1,0,0,0,0,0,0,0,0,0,0,0.0,0.0,0.0,0,0,0,0,0,0,0,0,0,0,0,0,0,0,0,0,0,0,0,0,0,0.0,0.0,0.875,0.0,0,,multi_full_20260502_195405_0001,2026-05-02T21:36:08.898747,https://www.apnic.net/wp-json/oembed/1.0/embed/?url=https%3A%2F%2Fwww.apnic.net%2Fget-ip%2Fapnic-membership%2F&format=xml,https://www.apnic.net/,False,https://www.apnic.net/wp-json/oembed/1.0/embed/?url=https%3A%2F%2Fwww.apnic.net%2Fget-ip%2Fapnic-membership%2F&format=xml,https://www.apnic.net/,https://www.apnic.net/wp-json/oembed/1.0/embed/?url=https%3A%2F%2Fwww.apnic.net%2Fget-ip%2Fapnic-membership%2F&format=xml,recon_page,2026-05-02T21:36:08.903002
110,1,4,1,1,0,0,1,0,13,0,net,403,4,2515,965.693,0,0,18,1,cloudflare,0,html,0,0,0,1,7,1,1,1,1,1,0,0,0,0,0,0,0,0,0,0,0,0,0,0,0,0,0,0,0,0,0,0,0,0,0,0,0,0,0,1,3,0,0,0,0,0,1,0,0,0,0,0,0,1,0,0,0,1,0,0,1,1,0,0,0,0,0,0,0,0,0,0,0.0,0.0,0.0,0,0,0,0,0,0,0,0,0,0,0,0,0,0,0,0,0,0,0,0,0,0.0,0.0,0.875,0.0,0,,multi_full_20260502_195405_0001,2026-05-02T21:36:09.152074,https://www.apnic.net/wp-json/oembed/1.0/embed/?url=https%3A%2F%2Fwww.apnic.net%2Fget-ip%2Fapnic-membership%2F,https://www.apnic.net/,False,https://www.apnic.net/wp-json/oembed/1.0/embed/?url=https%3A%2F%2Fwww.apnic.net%2Fget-ip%2Fapnic-membership%2F,https://www.apnic.net/,https://www.apnic.net/wp-json/oembed/1.0/embed/?url=https%3A%2F%2Fwww.apnic.net%2Fget-ip%2Fapnic-membership%2F,recon_page,2026-05-02T21:36:09.155978
111,1,4,1,1,0,0,1,0,13,0,net,403,4,2515,961.487,0,0,18,1,cloudflare,0,html,0,0,0,1,7,1,1,1,1,1,0,0,0,0,0,0,0,0,0,0,0,0,0,0,0,0,0,0,0,0,0,0,0,0,0,0,0,0,0,1,3,0,0,0,0,0,1,0,0,0,0,0,0,1,0,0,0,1,0,0,1,1,0,0,0,0,0,0,0,0,0,0,0.0,0.0,0.0,0,0,0,0,0,0,0,0,0,0,0,0,0,0,0,0,0,0,0,0,0,0.0,0.0,0.875,0.0,0,,multi_full_20260502_195405_0001,2026-05-02T21:36:09.143622,https://www.apnic.net/wp-json/oembed/1.0/embed/?url=https%3A%2F%2Fwww.apnic.net%2Fget-ip%2Fapnic-membership%2F&,https://www.apnic.net/,False,https://www.apnic.net/wp-json/oembed/1.0/embed/?url=https%3A%2F%2Fwww.apnic.net%2Fget-ip%2Fapnic-membership%2F&,https://www.apnic.net/,https://www.apnic.net/wp-json/oembed/1.0/embed/?url=https%3A%2F%2Fwww.apnic.net%2Fget-ip%2Fapnic-membership%2F&,recon_page,2026-05-02T21:36:09.148087
48,1,5,0,0,0,0,1,0,13,0,net,403,4,2515,960.488,0,0,18,1,cloudflare,0,html,0,0,0,1,7,1,1,1,1,1,0,0,0,0,0,0,0,0,0,0,0,0,0,0,0,0,0,0,0,0,0,0,0,0,0,0,0,0,0,1,3,0,0,0,0,0,1,0,0,0,0,0,0,1,0,0,0,1,0,0,1,1,0,0,0,0,0,0,0,0,0,0,0.0,0.0,0.0,0,0,0,0,0,0,0,0,0,0,0,0,0,0,0,0,0,0,0,0,0,0.0,0.0,0.875,0.0,0,,multi_full_20260502_195405_0001,2026-05-02T21:36:09.670928,https://www.apnic.net/wp-json/wp/v2/pages/34709/,https://www.apnic.net/,False,https://www.apnic.net/wp-json/wp/v2/pages/34709/,https://www.apnic.net/,https://www.apnic.net/wp-json/wp/v2/pages/34709/,recon_page,2026-05-02T21:36:09.676520
92,1,4,1,1,0,0,1,0,13,0,net,403,4,2515,974.169,0,0,18,1,cloudflare,0,html,0,0,0,1,7,1,1,1,1,1,0,0,0,0,0,0,0,0,0,0,0,0,0,0,0,0,0,0,0,0,0,0,0,0,0,0,0,0,0,1,3,0,0,0,0,0,1,0,0,0,0,0,0,1,0,0,0,1,0,0,1,1,0,0,0,0,0,0,0,0,0,0,0.0,0.0,0.0,0,0,0,0,0,0,0,0,0,0,0,0,0,0,0,0,0,0,0,0,0,0.0,0.0,0.875,0.0,0,,multi_full_20260502_195405_0001,2026-05-02T21:36:09.922718,https://www.apnic.net/wp-json/oembed/1.0/embed/?url=https%3A%2F%2Fwww.apnic.net%2Fget-ip%2F&,https://www.apnic.net/,False,https://www.apnic.net/wp-json/oembed/1.0/embed/?url=https%3A%2F%2Fwww.apnic.net%2Fget-ip%2F&,https://www.apnic.net/,https://www.apnic.net/wp-json/oembed/1.0/embed/?url=https%3A%2F%2Fwww.apnic.net%2Fget-ip%2F&,recon_page,2026-05-02T21:36:09.956747
46,1,5,0,0,0,0,1,0,13,0,net,403,4,2515,1080.9869999999999,0,0,18,1,cloudflare,0,html,0,0,0,1,7,1,1,1,1,1,0,0,0,0,0,0,0,0,0,0,0,0,0,0,0,0,0,0,0,0,0,0,0,0,0,0,0,0,0,1,3,0,0,0,0,0,1,0,0,0,0,0,0,1,0,0,0,1,0,0,1,1,0,0,0,0,0,0,0,0,0,0,0.0,0.0,0.0,0,0,0,0,0,0,0,0,0,0,0,0,0,0,0,0,0,0,0,0,0,0.0,0.0,0.875,0.0,0,,multi_full_20260502_195405_0001,2026-05-02T21:36:09.925525,https://www.apnic.net/wp-json/wp/v2/pages/193/,https://www.apnic.net/,False,https://www.apnic.net/wp-json/wp/v2/pages/193/,https://www.apnic.net/,https://www.apnic.net/wp-json/wp/v2/pages/193/,recon_page,2026-05-02T21:36:09.964696
51,1,3,0,0,0,0,1,0,13,0,net,200,2,77002,1061.3790000000001,0,0,19,1,cloudflare,0,html,0,0,0,1,7,1,1,1,1,1,1,2,1,2,0,0,0,0,0,0,0,0,1,9,0,0,0,0,1,17,7,8,2,1,192,180,12,1,3,1,26,1,10,1,1,14,1,0,0,0,1,0,0,1,0,0,0,0,0,0,1,1,0,0,0,0,0,0,0,0,0,0,0.0,0.0,0.0,0,0,0,1,1,0,0,0,0,2,0,1,129,15,0,0,0,0,0,0,0,1.0,0.00022077348640295059,0.875,0.1688267837199034,0,,multi_full_20260502_195405_0001,2026-05-02T21:36:10.247592,https://www.apnic.net/community/fellowship/fs-2022/,https://www.apnic.net/,False,https://www.apnic.net/community/fellowship/fs-2022/,https://www.apnic.net/,https://www.apnic.net/community/fellowship/fs-2022/,recon_page,2026-05-02T21:36:10.253696
53,1,3,0,0,0,0,1,0,13,0,net,200,2,79552,900.651,0,0,19,1,cloudflare,0,html,0,0,0,1,7,1,1,1,1,1,1,2,1,2,0,0,0,0,0,0,0,0,1,9,0,0,0,0,1,17,7,8,2,1,192,179,13,1,3,1,26,1,10,1,1,14,1,0,0,0,1,0,0,1,0,0,0,0,0,0,1,1,0,0,0,0,0,0,0,0,0,0,0.0,0.0,0.0,0,0,0,1,1,0,0,0,0,2,0,1,129,15,0,0,0,0,0,0,0,1.0,0.00021369670152855994,0.875,0.16341512469831052,0,,multi_full_20260502_195405_0001,2026-05-02T21:36:10.488050,https://www.apnic.net/community/fellowship/fs-policy/,https://www.apnic.net/,False,https://www.apnic.net/community/fellowship/fs-policy/,https://www.apnic.net/,https://www.apnic.net/community/fellowship/fs-policy/,recon_page,2026-05-02T21:36:10.496997
51,1,3,0,0,0,0,1,0,13,0,net,200,2,48331,638.222,0,0,26,1,cloudflare,0,html,0,0,0,1,6,0,1,1,1,1,0,0,0,0,0,0,0,0,0,0,0,0,0,0,0,0,0,0,1,12,5,6,1,1,91,70,21,1,17,1,22,1,8,1,1,39,1,0,0,0,0,0,1,0,0,0,0,0,0,0,1,1,0,0,0,0,0,0,0,0,0,0,0.0,0.0,0.0,0,0,0,0,0,0,0,0,0,0,0,0,90,2,1,70,0,0,1,1,0,0.0,0.00024828784837888725,0.75,0.0,0,,multi_full_20260502_195405_0001,2026-05-02T21:36:27.921312,https://www.apnic.net/community/fellowship/fs-2021/,https://www.apnic.net/,False,https://www.apnic.net/community/fellowship/fs-2021/,https://www.apnic.net/,https://www.apnic.net/community/fellowship/fs-2021/,recon_page,2026-05-02T21:36:27.925873
56,1,3,0,0,0,0,1,0,13,0,net,200,2,76350,1109.5049999999999,0,0,19,1,cloudflare,0,html,0,0,0,1,7,1,1,1,1,1,1,2,1,2,0,0,0,0,0,0,0,0,1,9,0,0,0,0,1,17,7,8,2,1,187,175,12,1,4,1,26,1,10,1,1,14,1,0,0,0,1,0,0,1,0,0,0,0,0,0,1,1,0,0,0,0,0,0,0,0,0,0,0.0,0.0,0.0,0,0,0,1,1,0,0,0,0,2,0,1,124,15,0,0,0,0,0,0,0,1.0,0.00022265880812049772,0.875,0.17026850032743943,0,,multi_full_20260502_195405_0001,2026-05-02T21:36:28.225074,https://www.apnic.net/community/fellowship/fs-volunteer/,https://www.apnic.net/,False,https://www.apnic.net/community/fellowship/fs-volunteer/,https://www.apnic.net/,https://www.apnic.net/community/fellowship/fs-volunteer/,recon_page,2026-05-02T21:36:28.445680
118,1,4,1,2,0,0,1,0,13,0,net,403,4,2515,864.82,0,0,18,1,cloudflare,0,html,0,0,0,1,7,1,1,1,1,1,0,0,0,0,0,0,0,0,0,0,0,0,0,0,0,0,0,0,0,0,0,0,0,0,0,0,0,0,0,1,3,0,0,0,0,0,1,0,0,0,0,0,0,1,0,0,0,1,0,0,1,1,0,0,0,0,0,0,0,0,0,0,0.0,0.0,0.0,0,0,0,0,0,0,0,0,0,0,0,0,0,0,0,0,0,0,0,0,0,0.0,0.0,0.875,0.0,0,,multi_full_20260502_195405_0001,2026-05-02T21:37:15.414992,https://www.apnic.net/wp-json/oembed/1.0/embed/?url=https%3A%2F%2Fwww.apnic.net%2Fcommunity%2Ffellowship%2F&format=xml,https://www.apnic.net/,False,https://www.apnic.net/wp-json/oembed/1.0/embed/?url=https%3A%2F%2Fwww.apnic.net%2Fcommunity%2Ffellowship%2F&format=xml,https://www.apnic.net/,https://www.apnic.net/wp-json/oembed/1.0/embed/?url=https%3A%2F%2Fwww.apnic.net%2Fcommunity%2Ffellowship%2F&format=xml,recon_page,2026-05-02T21:37:15.428368
108,1,4,1,1,0,0,1,0,13,0,net,403,4,2515,882.937,0,0,18,1,cloudflare,0,html,0,0,0,1,7,1,1,1,1,1,0,0,0,0,0,0,0,0,0,0,0,0,0,0,0,0,0,0,0,0,0,0,0,0,0,0,0,0,0,1,3,0,0,0,0,0,1,0,0,0,0,0,0,1,0,0,0,1,0,0,1,1,0,0,0,0,0,0,0,0,0,0,0.0,0.0,0.0,0,0,0,0,0,0,0,0,0,0,0,0,0,0,0,0,0,0,0,0,0,0.0,0.0,0.875,0.0,0,,multi_full_20260502_195405_0001,2026-05-02T21:37:49.951016,https://www.apnic.net/wp-json/oembed/1.0/embed/?url=https%3A%2F%2Fwww.apnic.net%2Fcommunity%2Ffellowship%2F&,https://www.apnic.net/,False,https://www.apnic.net/wp-json/oembed/1.0/embed/?url=https%3A%2F%2Fwww.apnic.net%2Fcommunity%2Ffellowship%2F&,https://www.apnic.net/,https://www.apnic.net/wp-json/oembed/1.0/embed/?url=https%3A%2F%2Fwww.apnic.net%2Fcommunity%2Ffellowship%2F&,recon_page,2026-05-02T21:37:49.954791
48,1,5,0,0,0,0,1,0,13,0,net,403,4,2515,910.6999999999999,0,0,18,1,cloudflare,0,html,0,0,0,1,7,1,1,1,1,1,0,0,0,0,0,0,0,0,0,0,0,0,0,0,0,0,0,0,0,0,0,0,0,0,0,0,0,0,0,1,3,0,0,0,0,0,1,0,0,0,0,0,0,1,0,0,0,1,0,0,1,1,0,0,0,0,0,0,0,0,0,0,0.0,0.0,0.0,0,0,0,0,0,0,0,0,0,0,0,0,0,0,0,0,0,0,0,0,0,0.0,0.0,0.875,0.0,0,,multi_full_20260502_195405_0001,2026-05-02T21:37:50.218194,https://www.apnic.net/wp-json/wp/v2/pages/58755/,https://www.apnic.net/,False,https://www.apnic.net/wp-json/wp/v2/pages/58755/,https://www.apnic.net/,https://www.apnic.net/wp-json/wp/v2/pages/58755/,recon_page,2026-05-02T21:37:50.226638
107,1,4,1,1,0,0,1,0,13,0,net,403,4,2515,861.5500000000001,0,0,18,1,cloudflare,0,html,0,0,0,1,7,1,1,1,1,1,0,0,0,0,0,0,0,0,0,0,0,0,0,0,0,0,0,0,0,0,0,0,0,0,0,0,0,0,0,1,3,0,0,0,0,0,1,0,0,0,0,0,0,1,0,0,0,1,0,0,1,1,0,0,0,0,0,0,0,0,0,0,0.0,0.0,0.0,0,0,0,0,0,0,0,0,0,0,0,0,0,0,0,0,0,0,0,0,0,0.0,0.0,0.875,0.0,0,,multi_full_20260502_195405_0001,2026-05-02T21:37:50.472288,https://www.apnic.net/wp-json/oembed/1.0/embed/?url=https%3A%2F%2Fwww.apnic.net%2Fcommunity%2Ffellowship%2F,https://www.apnic.net/,False,https://www.apnic.net/wp-json/oembed/1.0/embed/?url=https%3A%2F%2Fwww.apnic.net%2Fcommunity%2Ffellowship%2F,https://www.apnic.net/,https://www.apnic.net/wp-json/oembed/1.0/embed/?url=https%3A%2F%2Fwww.apnic.net%2Fcommunity%2Ffellowship%2F,recon_page,2026-05-02T21:37:50.477632
60,1,4,0,0,0,0,1,0,13,0,net,200,2,79237,1304.586,0,0,19,1,cloudflare,0,html,0,0,0,1,7,1,1,1,1,1,1,2,1,2,0,0,0,0,0,0,0,0,1,9,0,0,0,0,1,17,7,8,2,1,195,182,13,1,5,1,26,1,10,1,1,14,1,0,0,0,1,0,0,1,0,0,0,0,0,0,1,1,0,0,0,0,0,0,0,0,0,0,0.0,0.0,0.0,0,0,0,1,1,0,0,0,0,2,0,1,131,15,0,0,0,0,0,0,0,1.0,0.00021454623471358077,0.875,0.16406476772215,0,,multi_full_20260502_195405_0001,2026-05-02T21:37:50.793213,https://www.apnic.net/community/fellowship/fs-2026/overview/,https://www.apnic.net/,False,https://www.apnic.net/community/fellowship/fs-2026/overview/,https://www.apnic.net/,https://www.apnic.net/community/fellowship/fs-2026/overview/,recon_page,2026-05-02T21:37:50.797920
51,1,3,0,0,0,0,1,0,13,0,net,200,2,76787,1013.2570000000001,0,0,19,1,cloudflare,0,html,0,0,0,1,7,1,1,1,1,1,1,2,1,2,0,0,0,0,0,0,0,0,1,9,0,0,0,0,1,17,7,8,2,1,191,179,12,1,3,1,26,1,10,1,1,14,1,0,0,0,1,0,0,1,0,0,0,0,0,0,1,1,0,0,0,0,0,0,0,0,0,0,0.0,0.0,0.0,0,0,0,1,1,0,0,0,0,2,0,1,128,15,0,0,0,0,0,0,0,1.0,0.00022139164181436962,0.875,0.16929949079922382,0,,multi_full_20260502_195405_0001,2026-05-02T21:37:51.045694,https://www.apnic.net/community/fellowship/fs-2024/,https://www.apnic.net/,False,https://www.apnic.net/community/fellowship/fs-2024/,https://www.apnic.net/,https://www.apnic.net/community/fellowship/fs-2024/,recon_page,2026-05-02T21:37:51.059250
51,1,3,0,0,0,0,1,0,13,0,net,200,2,77112,934.227,0,0,19,1,cloudflare,0,html,0,0,0,1,7,1,1,1,1,1,1,2,1,2,0,0,0,0,0,0,0,0,1,9,0,0,0,0,1,17,7,8,2,1,190,178,12,1,3,1,26,1,10,1,1,14,1,0,0,0,1,0,0,1,0,0,0,0,0,0,1,1,0,0,0,0,0,0,0,0,0,0,0.0,0.0,0.0,0,0,0,1,1,0,0,0,0,2,0,1,127,15,0,0,0,0,0,0,0,1.0,0.0002204585537918871,0.875,0.1685859528996784,0,,multi_full_20260502_195405_0001,2026-05-02T21:37:51.086803,https://www.apnic.net/community/fellowship/fs-2023/,https://www.apnic.net/,False,https://www.apnic.net/community/fellowship/fs-2023/,https://www.apnic.net/,https://www.apnic.net/community/fellowship/fs-2023/,recon_page,2026-05-02T21:37:51.095192
51,1,3,0,0,0,0,1,0,13,0,net,200,2,77083,953.6210000000001,0,0,19,1,cloudflare,0,html,0,0,0,1,7,1,1,1,1,1,1,2,1,2,0,0,0,0,0,0,0,0,1,9,0,0,0,0,1,17,7,8,2,1,195,180,15,1,6,1,26,1,10,1,1,14,1,0,0,0,1,0,0,1,0,0,0,0,0,0,1,1,0,0,0,0,0,0,0,0,0,0,0.0,0.0,0.0,0,0,0,1,1,0,0,0,0,2,0,1,132,15,0,0,0,0,0,0,0,1.0,0.00022054149423348857,0.875,0.16864937794325596,0,,multi_full_20260502_195405_0001,2026-05-02T21:37:51.488267,https://www.apnic.net/community/fellowship/fs-2025/,https://www.apnic.net/,False,https://www.apnic.net/community/fellowship/fs-2025/,https://www.apnic.net/,https://www.apnic.net/community/fellowship/fs-2025/,recon_page,2026-05-02T21:37:51.493778
51,1,3,0,0,0,0,1,0,13,0,net,200,2,79237,897.698,0,0,19,1,cloudflare,0,html,0,0,0,1,7,1,1,1,1,1,1,2,1,2,0,0,0,0,0,0,0,0,1,9,0,0,0,0,1,17,7,8,2,1,195,182,13,1,5,1,26,1,10,1,1,14,1,0,0,0,1,0,0,1,0,0,0,0,0,0,1,1,0,0,0,0,0,0,0,0,0,0,0.0,0.0,0.0,0,0,0,1,1,0,0,0,0,2,0,1,131,15,0,0,0,0,0,0,0,1.0,0.00021454623471358077,0.875,0.16406476772215,0,,multi_full_20260502_195405_0001,2026-05-02T21:37:51.753914,https://www.apnic.net/community/fellowship/fs-2026/,https://www.apnic.net/,False,https://www.apnic.net/community/fellowship/fs-2026/,https://www.apnic.net/,https://www.apnic.net/community/fellowship/fs-2026/,recon_page,2026-05-02T21:37:51.760422
35,1,2,0,0,0,0,1,0,13,0,net,404,4,68157,930.0580000000001,0,0,19,1,cloudflare,0,html,0,0,0,1,7,1,1,1,1,1,1,2,1,2,0,0,0,0,0,0,0,0,1,9,0,0,0,0,1,17,7,8,2,1,164,152,12,1,3,1,26,1,10,1,1,8,1,0,0,0,1,0,0,1,0,0,0,1,0,0,1,1,0,0,0,0,0,0,0,0,0,0,0.0,0.0,0.0,0,0,0,1,1,0,0,0,0,2,0,1,109,13,0,0,0,0,0,0,0,1.0,0.00024942412371436535,0.875,0.19073609460510293,0,,multi_full_20260502_195405_0001,2026-05-02T21:38:22.172154,https://www.apnic.net/wp-content/*/,https://www.apnic.net/,False,https://www.apnic.net/wp-content/*/,https://www.apnic.net/,https://www.apnic.net/wp-content/*/,recon_page,2026-05-02T21:38:22.177062
62,1,3,0,0,0,0,1,0,13,0,net,200,2,100685,1129.311,0,0,19,1,cloudflare,0,html,0,0,0,1,7,1,1,1,1,1,1,2,1,2,0,0,0,0,0,0,0,0,1,9,0,0,0,0,1,17,7,8,2,1,191,172,19,1,3,1,26,1,10,1,1,14,1,0,0,0,1,0,0,1,0,0,0,1,0,0,1,1,0,0,0,0,0,0,0,0,0,0,0.0,0.0,0.0,0,0,0,1,1,0,0,0,0,2,0,1,128,15,0,0,0,0,3,0,0,1.0,0.00016884342255549486,0.875,0.1291155584247902,0,,multi_full_20260502_195405_0001,2026-05-02T21:38:54.425797,https://www.apnic.net/about-apnic/transparency/whistleblowing/,https://www.apnic.net/,False,https://www.apnic.net/about-apnic/transparency/whistleblowing/,https://www.apnic.net/,https://www.apnic.net/about-apnic/transparency/whistleblowing/,recon_page,2026-05-02T21:38:54.432443
33,1,2,0,0,0,0,1,0,13,0,net,200,2,31665,821.631,0,0,16,1,cloudflare,0,html,1,1,0,0,6,1,1,1,1,1,0,0,0,0,0,0,0,0,0,0,0,0,0,0,0,0,0,0,1,3,3,0,0,1,1,0,1,1,1,1,3,0,0,1,1,1,1,0,0,0,0,0,0,0,0,0,0,1,0,0,1,1,0,0,0,0,0,0,0,0,0,0,1.0,1.0,1.0,0,0,0,0,0,0,0,0,0,0,0,0,1,1,0,1,0,0,0,0,0,0.0,9.474182851729038e-05,0.75,0.0,0,,multi_full_20260502_195405_0001,2026-05-02T21:38:54.645987,https://www.apnic.net/wp-admin/*/,https://www.apnic.net/,False,https://www.apnic.net/wp-admin/*/,https://www.apnic.net/,https://www.apnic.net/wp-admin/*/,recon_page,2026-05-02T21:38:54.668497
43,1,3,0,0,0,0,1,0,13,0,net,404,4,68157,985.375,0,0,19,1,cloudflare,0,html,0,0,0,1,7,1,1,1,1,1,1,2,1,2,0,0,0,0,0,0,0,0,1,9,0,0,0,0,1,17,7,8,2,1,164,152,12,1,3,1,26,1,10,1,1,8,1,0,0,0,1,0,0,1,0,0,0,1,0,0,1,1,0,0,0,0,0,0,0,0,0,0,0.0,0.0,0.0,0,0,0,1,1,0,0,0,0,2,0,1,109,13,0,0,0,0,0,0,0,1.0,0.00024942412371436535,0.875,0.19073609460510293,0,,multi_full_20260502_195405_0001,2026-05-02T21:38:54.693437,https://www.apnic.net/wp-content/plugins/*/,https://www.apnic.net/,False,https://www.apnic.net/wp-content/plugins/*/,https://www.apnic.net/,https://www.apnic.net/wp-content/plugins/*/,recon_page,2026-05-02T21:38:54.699190
38,1,1,0,0,0,0,1,0,13,0,net,404,4,68157,892.0409999999999,0,0,19,1,cloudflare,0,html,0,0,0,1,7,1,1,1,1,1,1,2,1,2,0,0,0,0,0,0,0,0,1,9,0,0,0,0,1,17,7,8,2,1,164,152,12,1,3,1,26,1,10,1,1,8,1,0,0,0,1,0,0,1,0,0,0,1,0,0,1,1,0,0,0,0,0,0,0,0,0,0,0.0,0.0,0.0,0,0,0,1,1,0,0,0,0,2,0,1,109,13,0,0,0,0,0,0,0,1.0,0.00024942412371436535,0.875,0.19073609460510293,0,,multi_full_20260502_195405_0001,2026-05-02T21:38:55.172382,https://www.apnic.net/about-ian-peter/,https://www.apnic.net/,False,https://www.apnic.net/about-ian-peter/,https://www.apnic.net/,https://www.apnic.net/about-ian-peter/,recon_page,2026-05-02T21:38:55.180183
30,1,1,0,0,0,0,1,0,13,0,net,200,2,291869,982.562,0,0,22,0,unknown,0,html,1,1,0,1,5,1,1,0,0,1,0,0,0,0,0,0,0,0,0,0,0,0,0,0,0,0,0,0,1,20,14,6,0,1,6,6,0,0,0,1,3,1,4,1,1,16,1,0,0,0,0,0,0,1,0,0,1,1,1,0,1,1,0,0,0,0,0,0,0,0,0,0,1.0,0.0,1.0,0,0,0,0,0,0,0,0,0,0,0,0,12,2,0,0,0,0,0,0,0,0.0,6.852389256824124e-05,0.625,0.0,0,,multi_full_20260502_195405_0001,2026-05-02T21:38:56.078771,https://www.apnic.net/contact/,https://www.apnic.net/,False,https://www.apnic.net/contact/,https://www.apnic.net/,https://www.apnic.net/contact/,recon_page,2026-05-02T21:38:56.082996
30,1,1,0,0,0,0,1,0,13,0,net,200,2,92704,1066.2549999999999,0,0,19,1,cloudflare,0,html,0,0,0,1,7,1,1,1,1,1,1,2,1,2,0,0,0,0,0,0,0,0,1,9,0,0,0,0,1,17,7,8,2,1,202,189,13,1,3,1,26,1,10,1,1,15,1,0,0,0,1,0,0,1,0,0,0,0,0,0,1,1,0,0,0,0,0,0,0,0,0,0,0.0,0.0,0.0,0,0,0,1,1,0,0,0,0,2,0,1,136,15,0,0,0,0,1,0,0,1.0,0.00018337935795650673,0.875,0.14023127373144634,0,,multi_full_20260502_195405_0001,2026-05-02T21:38:56.408325,https://www.apnic.net/privacy/,https://www.apnic.net/,False,https://www.apnic.net/privacy/,https://www.apnic.net/,https://www.apnic.net/privacy/,recon_page,2026-05-02T21:38:56.418955
31,1,1,1,1,0,0,1,0,13,0,net,404,4,68157,873.719,0,0,19,1,cloudflare,0,html,0,0,0,1,7,1,1,1,1,1,1,2,1,2,0,0,0,0,0,0,0,0,1,9,0,0,0,0,1,17,7,8,2,1,164,152,12,1,3,1,26,1,10,1,1,8,1,0,0,0,1,0,0,1,0,0,0,1,0,0,1,1,0,0,0,0,0,0,0,0,0,0,0.0,0.0,0.0,0,0,0,1,1,0,0,0,0,2,0,1,109,13,0,0,0,0,0,0,0,1.0,0.00024942412371436535,0.875,0.19073609460510293,0,,multi_full_20260502_195405_0001,2026-05-02T21:39:31.701621,https://www.apnic.net/*\\/?(.+),https://www.apnic.net/,False,https://www.apnic.net/*\\/?(.+),https://www.apnic.net/,https://www.apnic.net/*\\/?(.+),recon_page,2026-05-02T21:39:31.710679
43,1,3,0,0,0,0,1,0,13,0,net,404,4,68157,1562.75,0,0,19,1,cloudflare,0,html,0,0,0,1,7,1,1,1,1,1,1,2,1,2,0,0,0,0,0,0,0,0,1,9,0,0,0,0,1,17,7,8,2,1,164,152,12,1,3,1,26,1,10,1,1,8,1,0,0,0,1,0,0,1,0,0,0,1,0,0,1,1,0,0,0,0,0,0,0,0,0,0,0.0,0.0,0.0,0,0,0,1,1,0,0,0,0,2,0,1,109,13,0,0,0,0,0,0,0,1.0,0.00024942412371436535,0.875,0.19073609460510293,0,,multi_full_20260502_195405_0001,2026-05-02T21:39:33.198016,https://www.apnic.net/wp-content/uploads/*/,https://www.apnic.net/,False,https://www.apnic.net/wp-content/uploads/*/,https://www.apnic.net/,https://www.apnic.net/wp-content/uploads/*/,recon_page,2026-05-02T21:39:33.204973
54,1,4,0,0,0,0,1,0,13,0,net,404,4,68157,1005.2099999999999,0,0,19,1,cloudflare,0,html,0,0,0,1,7,1,1,1,1,1,1,2,1,2,0,0,0,0,0,0,0,0,1,9,0,0,0,0,1,17,7,8,2,1,164,152,12,1,3,1,26,1,10,1,1,8,1,0,0,0,1,0,0,1,0,0,0,1,0,0,1,1,0,0,0,0,0,0,0,0,0,0,0.0,0.0,0.0,0,0,0,1,1,0,0,0,0,2,0,1,109,13,0,0,0,0,0,0,0,1.0,0.00024942412371436535,0.875,0.19073609460510293,0,,multi_full_20260502_195405_0001,2026-05-02T21:40:03.484722,https://www.apnic.net/wp-content/themes/hummingbird/*/,https://www.apnic.net/,False,https://www.apnic.net/wp-content/themes/hummingbird/*/,https://www.apnic.net/,https://www.apnic.net/wp-content/themes/hummingbird/*/,recon_page,2026-05-02T21:40:03.493545
30,1,1,0,0,0,0,1,0,13,0,net,404,4,68157,904.436,0,0,19,1,cloudflare,0,html,0,0,0,1,7,1,1,1,1,1,1,2,1,2,0,0,0,0,0,0,0,0,1,9,0,0,0,0,1,17,7,8,2,1,164,152,12,1,3,1,26,1,10,1,1,8,1,0,0,0,1,0,0,1,0,0,0,1,0,0,1,1,0,0,0,0,0,0,0,0,0,0,0.0,0.0,0.0,0,0,0,1,1,0,0,0,0,2,0,1,109,13,0,0,0,0,0,0,0,1.0,0.00024942412371436535,0.875,0.19073609460510293,0,,multi_full_20260502_195405_0001,2026-05-02T21:40:03.790517,https://www.apnic.net/wp-*.php,https://www.apnic.net/,False,https://www.apnic.net/wp-*.php,https://www.apnic.net/,https://www.apnic.net/wp-*.php,recon_page,2026-05-02T21:40:03.808184
24,1,1,0,0,0,0,1,0,13,0,net,404,4,68157,914.263,0,0,19,1,cloudflare,0,html,0,0,0,1,7,1,1,1,1,1,1,2,1,2,0,0,0,0,0,0,0,0,1,9,0,0,0,0,1,17,7,8,2,1,164,152,12,1,3,1,26,1,10,1,1,8,1,0,0,0,1,0,0,1,0,0,0,1,0,0,1,1,0,0,0,0,0,0,0,0,0,0,0.0,0.0,0.0,0,0,0,1,1,0,0,0,0,2,0,1,109,13,0,0,0,0,0,0,0,1.0,0.00024942412371436535,0.875,0.19073609460510293,0,,multi_full_20260502_195405_0001,2026-05-02T21:40:03.808969,https://www.apnic.net/*/,https://www.apnic.net/,False,https://www.apnic.net/*/,https://www.apnic.net/,https://www.apnic.net/*/,recon_page,2026-05-02T21:40:03.814771
59,1,4,0,0,0,0,1,0,13,0,net,404,4,68157,925.169,0,0,19,1,cloudflare,0,html,0,0,0,1,7,1,1,1,1,1,1,2,1,2,0,0,0,0,0,0,0,0,1,9,0,0,0,0,1,17,7,8,2,1,164,152,12,1,3,1,26,1,10,1,1,8,1,0,0,0,1,0,0,1,0,0,0,1,0,0,1,1,0,0,0,0,0,0,0,0,0,0,0.0,0.0,0.0,0,0,0,1,1,0,0,0,0,2,0,1,109,13,0,0,0,0,0,0,0,1.0,0.00024942412371436535,0.875,0.19073609460510293,0,,multi_full_20260502_195405_0001,2026-05-02T21:40:04.001877,https://www.apnic.net/wp-content/themes/apnic-foundation/*/,https://www.apnic.net/,False,https://www.apnic.net/wp-content/themes/apnic-foundation/*/,https://www.apnic.net/,https://www.apnic.net/wp-content/themes/apnic-foundation/*/,recon_page,2026-05-02T21:40:04.015989
121,1,4,1,2,0,0,1,0,13,0,net,403,4,2515,913.396,0,0,18,1,cloudflare,0,html,0,0,0,1,7,1,1,1,1,1,0,0,0,0,0,0,0,0,0,0,0,0,0,0,0,0,0,0,0,0,0,0,0,0,0,0,0,0,0,1,3,0,0,0,0,0,1,0,0,0,0,0,0,1,0,0,0,1,0,0,1,1,0,0,0,0,0,0,0,0,0,0,0.0,0.0,0.0,0,0,0,0,0,0,0,0,0,0,0,0,0,0,0,0,0,0,0,0,0,0.0,0.0,0.875,0.0,0,,multi_full_20260502_195405_0001,2026-05-02T21:40:04.204839,https://www.apnic.net/wp-json/oembed/1.0/embed/?url=https%3A%2F%2Fwww.apnic.net%2Fcommunity%2Fsend-us-feedback&format=xml,https://www.apnic.net/,False,https://www.apnic.net/wp-json/oembed/1.0/embed/?url=https%3A%2F%2Fwww.apnic.net%2Fcommunity%2Fsend-us-feedback&format=xml,https://www.apnic.net/,https://www.apnic.net/wp-json/oembed/1.0/embed/?url=https%3A%2F%2Fwww.apnic.net%2Fcommunity%2Fsend-us-feedback&format=xml,recon_page,2026-05-02T21:40:04.212320
110,1,4,1,1,0,0,1,0,13,0,net,403,4,2515,1061.4859999999999,0,0,18,1,cloudflare,0,html,0,0,0,1,7,1,1,1,1,1,0,0,0,0,0,0,0,0,0,0,0,0,0,0,0,0,0,0,0,0,0,0,0,0,0,0,0,0,0,1,3,0,0,0,0,0,1,0,0,0,0,0,0,1,0,0,0,1,0,0,1,1,0,0,0,0,0,0,0,0,0,0,0.0,0.0,0.0,0,0,0,0,0,0,0,0,0,0,0,0,0,0,0,0,0,0,0,0,0,0.0,0.0,0.875,0.0,0,,multi_full_20260502_195405_0001,2026-05-02T21:40:08.232517,https://www.apnic.net/wp-json/oembed/1.0/embed/?url=https%3A%2F%2Fwww.apnic.net%2Fcommunity%2Fsend-us-feedback,https://www.apnic.net/,False,https://www.apnic.net/wp-json/oembed/1.0/embed/?url=https%3A%2F%2Fwww.apnic.net%2Fcommunity%2Fsend-us-feedback,https://www.apnic.net/,https://www.apnic.net/wp-json/oembed/1.0/embed/?url=https%3A%2F%2Fwww.apnic.net%2Fcommunity%2Fsend-us-feedback,recon_page,2026-05-02T21:40:08.240187
111,1,4,1,1,0,0,1,0,13,0,net,403,4,2515,906.692,0,0,18,1,cloudflare,0,html,0,0,0,1,7,1,1,1,1,1,0,0,0,0,0,0,0,0,0,0,0,0,0,0,0,0,0,0,0,0,0,0,0,0,0,0,0,0,0,1,3,0,0,0,0,0,1,0,0,0,0,0,0,1,0,0,0,1,0,0,1,1,0,0,0,0,0,0,0,0,0,0,0.0,0.0,0.0,0,0,0,0,0,0,0,0,0,0,0,0,0,0,0,0,0,0,0,0,0,0.0,0.0,0.875,0.0,0,,multi_full_20260502_195405_0001,2026-05-02T21:40:25.061861,https://www.apnic.net/wp-json/oembed/1.0/embed/?url=https%3A%2F%2Fwww.apnic.net%2Fcommunity%2Fsend-us-feedback&,https://www.apnic.net/,False,https://www.apnic.net/wp-json/oembed/1.0/embed/?url=https%3A%2F%2Fwww.apnic.net%2Fcommunity%2Fsend-us-feedback&,https://www.apnic.net/,https://www.apnic.net/wp-json/oembed/1.0/embed/?url=https%3A%2F%2Fwww.apnic.net%2Fcommunity%2Fsend-us-feedback&,recon_page,2026-05-02T21:40:25.065066
45,1,5,0,0,0,0,1,0,13,0,net,403,4,2515,1010.051,0,0,18,1,cloudflare,0,html,0,0,0,1,7,1,1,1,1,1,0,0,0,0,0,0,0,0,0,0,0,0,0,0,0,0,0,0,0,0,0,0,0,0,0,0,0,0,0,1,3,0,0,0,0,0,1,0,0,0,0,0,0,1,0,0,0,1,0,0,1,1,0,0,0,0,0,0,0,0,0,0,0.0,0.0,0.0,0,0,0,0,0,0,0,0,0,0,0,0,0,0,0,0,0,0,0,0,0,0.0,0.0,0.875,0.0,0,,multi_full_20260502_195405_0001,2026-05-02T21:41:30.773692,https://www.apnic.net/wp-json/wp/v2/pages/24/,https://www.apnic.net/,False,https://www.apnic.net/wp-json/wp/v2/pages/24/,https://www.apnic.net/,https://www.apnic.net/wp-json/wp/v2/pages/24/,recon_page,2026-05-02T21:41:30.779429
107,1,4,1,2,0,0,1,0,13,0,net,403,4,2515,854.105,0,0,18,1,cloudflare,0,html,0,0,0,1,7,1,1,1,1,1,0,0,0,0,0,0,0,0,0,0,0,0,0,0,0,0,0,0,0,0,0,0,0,0,0,0,0,0,0,1,3,0,0,0,0,0,1,0,0,0,0,0,0,1,0,0,0,1,0,0,1,1,0,0,0,0,0,0,0,0,0,0,0.0,0.0,0.0,0,0,0,0,0,0,0,0,0,0,0,0,0,0,0,0,0,0,0,0,0,0.0,0.0,0.875,0.0,0,,multi_full_20260502_195405_0001,2026-05-02T21:41:31.130293,https://www.apnic.net/wp-json/oembed/1.0/embed/?url=https%3A%2F%2Fwww.apnic.net%2Fabout-apnic%2F&format=xml,https://www.apnic.net/,False,https://www.apnic.net/wp-json/oembed/1.0/embed/?url=https%3A%2F%2Fwww.apnic.net%2Fabout-apnic%2F&format=xml,https://www.apnic.net/,https://www.apnic.net/wp-json/oembed/1.0/embed/?url=https%3A%2F%2Fwww.apnic.net%2Fabout-apnic%2F&format=xml,recon_page,2026-05-02T21:41:31.177902
97,1,4,1,1,0,0,1,0,13,0,net,403,4,2515,884.4119999999999,0,0,18,1,cloudflare,0,html,0,0,0,1,7,1,1,1,1,1,0,0,0,0,0,0,0,0,0,0,0,0,0,0,0,0,0,0,0,0,0,0,0,0,0,0,0,0,0,1,3,0,0,0,0,0,1,0,0,0,0,0,0,1,0,0,0,1,0,0,1,1,0,0,0,0,0,0,0,0,0,0,0.0,0.0,0.0,0,0,0,0,0,0,0,0,0,0,0,0,0,0,0,0,0,0,0,0,0,0.0,0.0,0.875,0.0,0,,multi_full_20260502_195405_0001,2026-05-02T21:41:31.408782,https://www.apnic.net/wp-json/oembed/1.0/embed/?url=https%3A%2F%2Fwww.apnic.net%2Fabout-apnic%2F&,https://www.apnic.net/,False,https://www.apnic.net/wp-json/oembed/1.0/embed/?url=https%3A%2F%2Fwww.apnic.net%2Fabout-apnic%2F&,https://www.apnic.net/,https://www.apnic.net/wp-json/oembed/1.0/embed/?url=https%3A%2F%2Fwww.apnic.net%2Fabout-apnic%2F&,recon_page,2026-05-02T21:41:31.415367
48,1,5,0,0,0,0,1,0,13,0,net,403,4,2515,1635.942,0,0,18,1,cloudflare,0,html,0,0,0,1,7,1,1,1,1,1,0,0,0,0,0,0,0,0,0,0,0,0,0,0,0,0,0,0,0,0,0,0,0,0,0,0,0,0,0,1,3,0,0,0,0,0,1,0,0,0,0,0,0,1,0,0,0,1,0,0,1,1,0,0,0,0,0,0,0,0,0,0,0.0,0.0,0.0,0,0,0,0,0,0,0,0,0,0,0,0,0,0,0,0,0,0,0,0,0,0.0,0.0,0.875,0.0,0,,multi_full_20260502_195405_0001,2026-05-02T21:41:31.682758,https://www.apnic.net/wp-json/wp/v2/pages/67243/,https://www.apnic.net/,False,https://www.apnic.net/wp-json/wp/v2/pages/67243/,https://www.apnic.net/,https://www.apnic.net/wp-json/wp/v2/pages/67243/,recon_page,2026-05-02T21:41:31.691356
58,1,3,0,0,0,0,1,0,13,0,net,404,4,68157,970.326,0,0,19,1,cloudflare,0,html,0,0,0,1,7,1,1,1,1,1,1,2,1,2,0,0,0,0,0,0,0,0,1,9,0,0,0,0,1,17,7,8,2,1,164,152,12,1,3,1,26,1,10,1,1,8,1,0,0,0,1,0,0,1,0,0,0,1,0,0,1,1,0,0,0,0,0,0,0,0,0,0,0.0,0.0,0.0,0,0,0,1,1,0,0,0,0,2,0,1,109,13,0,0,0,0,0,0,0,1.0,0.00024942412371436535,0.875,0.19073609460510293,0,,multi_full_20260502_195405_0001,2026-05-02T21:41:32.449184,https://www.apnic.net/events/apnic-speakers/presentations/,https://www.apnic.net/,False,https://www.apnic.net/events/apnic-speakers/presentations/,https://www.apnic.net/,https://www.apnic.net/events/apnic-speakers/presentations/,recon_page,2026-05-02T21:41:32.457271
81,1,4,0,0,0,0,1,0,13,0,net,200,2,74331,950.8330000000001,0,0,19,1,cloudflare,0,html,0,0,0,1,7,1,1,1,1,1,1,2,1,2,0,0,0,0,0,0,0,0,1,9,0,0,0,0,1,17,7,8,2,1,196,184,12,1,8,1,26,1,10,1,1,14,1,0,0,0,1,0,0,1,0,0,0,0,0,0,1,1,0,0,0,0,0,0,0,0,0,0,0.0,0.0,0.0,0,0,0,1,1,0,0,0,0,2,0,1,125,15,0,0,0,0,0,0,0,1.0,0.00022870673070455127,0.875,0.17489338230348037,0,,multi_full_20260502_195405_0001,2026-05-02T21:41:32.903136,https://www.apnic.net/services/services-apnic-provides/training/support-training/,https://www.apnic.net/,False,https://www.apnic.net/services/services-apnic-provides/training/support-training/,https://www.apnic.net/,https://www.apnic.net/services/services-apnic-provides/training/support-training/,recon_page,2026-05-02T21:41:32.907869
96,1,4,1,1,0,0,1,0,13,0,net,403,4,2515,1451.557,0,0,18,1,cloudflare,0,html,0,0,0,1,7,1,1,1,1,1,0,0,0,0,0,0,0,0,0,0,0,0,0,0,0,0,0,0,0,0,0,0,0,0,0,0,0,0,0,1,3,0,0,0,0,0,1,0,0,0,0,0,0,1,0,0,0,1,0,0,1,1,0,0,0,0,0,0,0,0,0,0,0.0,0.0,0.0,0,0,0,0,0,0,0,0,0,0,0,0,0,0,0,0,0,0,0,0,0,0.0,0.0,0.875,0.0,0,,multi_full_20260502_195405_0001,2026-05-02T21:41:33.154202,https://www.apnic.net/wp-json/oembed/1.0/embed/?url=https%3A%2F%2Fwww.apnic.net%2Fabout-apnic%2F,https://www.apnic.net/,False,https://www.apnic.net/wp-json/oembed/1.0/embed/?url=https%3A%2F%2Fwww.apnic.net%2Fabout-apnic%2F,https://www.apnic.net/,https://www.apnic.net/wp-json/oembed/1.0/embed/?url=https%3A%2F%2Fwww.apnic.net%2Fabout-apnic%2F,recon_page,2026-05-02T21:41:33.163661
84,1,5,0,0,0,0,1,0,13,0,net,200,2,78885,1155.953,0,0,19,1,cloudflare,0,html,0,0,0,1,7,1,1,1,1,1,1,2,1,2,0,0,0,0,0,0,0,0,1,9,0,0,0,0,1,17,7,8,2,1,199,187,12,1,4,1,26,1,10,1,1,14,1,0,0,0,1,0,0,1,0,0,0,0,0,0,1,1,0,0,0,0,0,0,0,0,0,0,0.0,0.0,0.0,0,0,0,1,1,0,0,0,0,2,0,1,134,15,0,0,0,0,0,0,0,1.0,0.00021550358116245166,0.875,0.16479685618305126,0,,multi_full_20260502_195405_0001,2026-05-02T21:41:33.527549,https://www.apnic.net/about-apnic/corporate-documents/documents/corporate/apnic-nda/,https://www.apnic.net/,False,https://www.apnic.net/about-apnic/corporate-documents/documents/corporate/apnic-nda/,https://www.apnic.net/,https://www.apnic.net/about-apnic/corporate-documents/documents/corporate/apnic-nda/,recon_page,2026-05-02T21:41:33.533965
39,1,2,0,0,0,0,1,0,13,0,net,404,4,68157,1713.649,0,0,19,1,cloudflare,0,html,0,0,0,1,7,1,1,1,1,1,1,2,1,2,0,0,0,0,0,0,0,0,1,9,0,0,0,0,1,17,7,8,2,1,164,152,12,1,3,1,26,1,10,1,1,8,1,0,0,0,1,0,0,1,0,0,0,1,0,0,1,1,0,0,0,0,0,0,0,0,0,0,0.0,0.0,0.0,0,0,0,1,1,0,0,0,0,2,0,1,109,13,0,0,0,0,0,0,0,1.0,0.00024942412371436535,0.875,0.19073609460510293,0,,multi_full_20260502_195405_0001,2026-05-02T21:41:33.516142,https://www.apnic.net/about-apnic/logo/,https://www.apnic.net/,False,https://www.apnic.net/about-apnic/logo/,https://www.apnic.net/,https://www.apnic.net/about-apnic/logo/,recon_page,2026-05-02T21:41:33.533332
92,1,5,0,0,0,0,1,0,13,0,net,200,2,82092,1060.718,0,0,19,1,cloudflare,0,html,0,0,0,1,7,1,1,1,1,1,1,2,1,2,0,0,0,0,0,0,0,0,1,9,0,0,0,0,1,17,7,8,2,1,215,203,12,1,11,1,26,1,10,1,1,14,1,0,0,0,1,0,0,1,0,0,0,0,0,0,1,1,0,0,0,0,0,0,0,0,0,0,0.0,0.0,0.0,0,0,0,1,1,0,0,0,0,2,0,1,142,15,0,0,0,0,0,0,0,1.0,0.00020708473420065292,0.875,0.1583589143887346,0,,multi_full_20260502_195405_0001,2026-05-02T21:41:34.015771,https://www.apnic.net/about-apnic/organization/structure/apnic-executive-council/ec-members/,https://www.apnic.net/,False,https://www.apnic.net/about-apnic/organization/structure/apnic-executive-council/ec-members/,https://www.apnic.net/,https://www.apnic.net/about-apnic/organization/structure/apnic-executive-council/ec-members/,recon_page,2026-05-02T21:41:34.020883
92,1,5,0,0,0,0,1,0,13,0,net,200,2,109351,1168.395,0,0,19,1,cloudflare,0,html,0,0,0,1,7,1,1,1,1,1,1,2,1,2,0,0,0,0,0,0,0,0,1,9,0,0,0,0,1,19,7,8,4,1,415,403,12,1,3,1,26,1,10,1,1,16,1,0,0,0,1,0,0,1,0,0,0,0,0,0,1,1,0,0,0,0,0,0,0,0,0,0,0.0,0.0,0.0,0,0,0,1,1,0,0,0,0,2,0,1,352,15,0,0,0,0,0,0,0,1.0,0.0001737524119578239,0.875,0.11888322923430056,0,,multi_full_20260502_195405_0001,2026-05-02T21:41:34.389969,https://www.apnic.net/about-apnic/organization/structure/apnic-executive-council/ec-minutes/,https://www.apnic.net/,False,https://www.apnic.net/about-apnic/organization/structure/apnic-executive-council/ec-minutes/,https://www.apnic.net/,https://www.apnic.net/about-apnic/organization/structure/apnic-executive-council/ec-minutes/,recon_page,2026-05-02T21:41:34.394603
106,1,5,0,0,0,0,1,0,13,0,net,200,2,80788,1063.145,0,0,19,1,cloudflare,0,html,0,0,0,1,7,1,1,1,1,1,1,2,1,2,0,0,0,0,0,0,0,0,1,9,0,0,0,0,1,17,7,8,2,1,199,187,12,1,3,1,26,1,10,1,1,14,1,0,0,0,1,0,0,1,0,0,0,0,0,0,1,1,0,0,0,0,0,0,0,0,0,0,0.0,0.0,0.0,0,0,0,1,1,0,0,0,0,2,0,1,133,15,0,0,0,0,0,0,0,1.0,0.0002104272911818587,0.875,0.16091498737436252,0,,multi_full_20260502_195405_0001,2026-05-02T21:41:36.318032,https://www.apnic.net/about-apnic/organization/structure/apnic-executive-council/EC-roles-and-obligations/,https://www.apnic.net/,False,https://www.apnic.net/about-apnic/organization/structure/apnic-executive-council/EC-roles-and-obligations/,https://www.apnic.net/,https://www.apnic.net/about-apnic/organization/structure/apnic-executive-council/EC-roles-and-obligations/,recon_page,2026-05-02T21:41:36.321421
109,1,5,0,0,0,0,1,0,13,0,net,200,2,109235,1006.432,0,0,19,1,cloudflare,0,html,0,0,0,1,7,1,1,1,1,1,1,2,1,2,0,0,0,0,0,0,0,0,1,9,0,0,0,0,1,56,41,12,3,1,199,187,12,1,3,1,26,1,12,1,1,16,1,0,0,0,1,0,0,1,0,0,1,1,0,0,1,1,0,0,0,0,0,0,0,0,0,0,0.0,0.0,0.0,0,0,0,1,1,0,0,0,0,2,0,1,139,17,0,0,0,0,0,0,0,1.0,0.000512656199935918,0.875,0.11900947498512382,0,,multi_full_20260502_195405_0001,2026-05-02T21:41:46.230121,https://www.apnic.net/about-apnic/organization/structure/apnic-executive-council/apnic-management-escalation/,https://www.apnic.net/,False,https://www.apnic.net/about-apnic/organization/structure/apnic-executive-council/apnic-management-escalation/,https://www.apnic.net/,https://www.apnic.net/about-apnic/organization/structure/apnic-executive-council/apnic-management-escalation/,recon_page,2026-05-02T21:41:46.233578
47,1,5,0,0,0,0,1,0,13,0,net,403,4,2515,1399.991,0,0,18,1,cloudflare,0,html,0,0,0,1,7,1,1,1,1,1,0,0,0,0,0,0,0,0,0,0,0,0,0,0,0,0,0,0,0,0,0,0,0,0,0,0,0,0,0,1,3,0,0,0,0,0,1,0,0,0,0,0,0,1,0,0,0,1,0,0,1,1,0,0,0,0,0,0,0,0,0,0,0.0,0.0,0.0,0,0,0,0,0,0,0,0,0,0,0,0,0,0,0,0,0,0,0,0,0,0.0,0.0,0.875,0.0,0,,multi_full_20260502_195405_0001,2026-05-02T21:42:39.764014,https://www.apnic.net/wp-json/wp/v2/pages/1509/,https://www.apnic.net/,False,https://www.apnic.net/wp-json/wp/v2/pages/1509/,https://www.apnic.net/,https://www.apnic.net/wp-json/wp/v2/pages/1509/,recon_page,2026-05-02T21:42:39.770704
65,1,4,0,0,0,0,1,0,13,0,net,200,2,77037,1666.5339999999999,0,0,19,1,cloudflare,0,html,0,0,0,1,7,1,1,1,1,1,1,3,1,3,0,0,0,0,0,0,1,1,1,11,0,0,0,0,1,18,8,8,2,1,207,180,27,1,3,1,26,1,10,1,1,13,1,0,0,0,1,0,0,1,0,0,0,0,0,0,1,1,0,0,0,0,0,0,0,0,0,0,0.0,0.0,0.0,0,0,0,2,1,0,0,0,0,3,0,2,142,17,0,0,0,0,0,0,0,1.0,0.00023365395848748004,0.875,0.22067318301595334,0,,multi_full_20260502_195405_0001,2026-05-02T21:42:40.131609,https://www.apnic.net/about-apnic/organization/structure/members/,https://www.apnic.net/,False,https://www.apnic.net/about-apnic/organization/structure/members/,https://www.apnic.net/,https://www.apnic.net/about-apnic/organization/structure/members/,recon_page,2026-05-02T21:42:40.140406
81,1,3,0,0,0,0,1,0,13,0,net,200,2,76441,1118.963,0,0,19,1,cloudflare,0,html,0,0,0,1,7,1,1,1,1,1,1,2,1,2,0,0,0,0,0,0,0,0,1,9,0,0,0,0,1,17,7,8,2,1,193,177,16,1,3,1,26,1,10,1,1,14,1,0,0,0,1,0,0,1,0,0,0,0,0,0,1,1,0,0,0,0,0,0,0,0,0,0,0.0,0.0,0.0,0,0,0,1,1,0,0,0,0,2,0,1,130,18,0,0,0,0,0,0,0,1.0,0.00022239374157847228,0.875,0.17006580238353763,0,,multi_full_20260502_195405_0001,2026-05-02T21:42:40.135776,https://www.apnic.net/about-apnic/transparency/resource-delegation-audit-program/,https://www.apnic.net/,False,https://www.apnic.net/about-apnic/transparency/resource-delegation-audit-program/,https://www.apnic.net/,https://www.apnic.net/about-apnic/transparency/resource-delegation-audit-program/,recon_page,2026-05-02T21:42:40.144161
75,1,4,0,0,0,0,1,0,13,0,net,200,2,78334,969.8290000000001,0,0,19,1,cloudflare,0,html,0,0,0,1,7,1,1,1,1,1,1,2,1,2,0,0,0,0,0,0,0,0,1,9,0,0,0,0,1,17,7,8,2,1,194,182,12,1,3,1,26,1,10,1,1,14,1,0,0,0,1,0,0,1,0,0,0,0,0,0,1,1,0,0,0,0,0,0,0,0,0,0,0.0,0.0,0.0,0,0,0,1,1,0,0,0,0,2,0,1,128,15,0,0,0,0,0,0,0,1.0,0.00021701942962187555,0.875,0.16595603441672835,0,,multi_full_20260502_195405_0001,2026-05-02T21:42:41.451856,https://www.apnic.net/about-apnic/organization/structure/apnic-secretariat/,https://www.apnic.net/,False,https://www.apnic.net/about-apnic/organization/structure/apnic-secretariat/,https://www.apnic.net/,https://www.apnic.net/about-apnic/organization/structure/apnic-secretariat/,recon_page,2026-05-02T21:42:41.462030
122,1,4,1,2,0,0,1,0,13,0,net,403,4,2515,863.83,0,0,18,1,cloudflare,0,html,0,0,0,1,7,1,1,1,1,1,0,0,0,0,0,0,0,0,0,0,0,0,0,0,0,0,0,0,0,0,0,0,0,0,0,0,0,0,0,1,3,0,0,0,0,0,1,0,0,0,0,0,0,1,0,0,0,1,0,0,1,1,0,0,0,0,0,0,0,0,0,0,0.0,0.0,0.0,0,0,0,0,0,0,0,0,0,0,0,0,0,0,0,0,0,0,0,0,0,0.0,0.0,0.875,0.0,0,,multi_full_20260502_195405_0001,2026-05-02T21:43:14.847504,https://www.apnic.net/wp-json/oembed/1.0/embed/?url=https%3A%2F%2Fwww.apnic.net%2Fabout-apnic%2Ftransparency%2F&format=xml,https://www.apnic.net/,False,https://www.apnic.net/wp-json/oembed/1.0/embed/?url=https%3A%2F%2Fwww.apnic.net%2Fabout-apnic%2Ftransparency%2F&format=xml,https://www.apnic.net/,https://www.apnic.net/wp-json/oembed/1.0/embed/?url=https%3A%2F%2Fwww.apnic.net%2Fabout-apnic%2Ftransparency%2F&format=xml,recon_page,2026-05-02T21:43:14.853380
108,1,6,0,0,0,0,1,0,13,0,net,200,2,86348,1283.695,0,0,19,1,cloudflare,0,html,0,0,0,1,7,1,1,1,1,1,1,2,1,2,0,0,0,0,0,0,0,0,1,9,0,0,0,0,1,17,7,8,2,1,205,193,12,1,3,1,26,1,10,1,1,14,1,0,0,0,1,0,0,1,0,0,0,0,0,0,1,1,0,0,0,0,0,0,0,0,0,0,0.0,0.0,0.0,0,0,0,1,1,0,0,0,0,2,0,1,140,15,0,0,0,0,0,0,0,1.0,0.0001968777504979849,0.875,0.15055357391022375,0,,multi_full_20260502_195405_0001,2026-05-02T21:43:16.472124,https://www.apnic.net/about-apnic/organization/structure/apnic-executive-council/ec-members/past-ec-members/,https://www.apnic.net/,False,https://www.apnic.net/about-apnic/organization/structure/apnic-executive-council/ec-members/past-ec-members/,https://www.apnic.net/,https://www.apnic.net/about-apnic/organization/structure/apnic-executive-council/ec-members/past-ec-members/,recon_page,2026-05-02T21:43:16.480261
105,1,4,0,0,0,0,1,0,13,0,net,200,2,117943,1017.115,0,0,19,1,cloudflare,0,html,0,0,0,1,7,1,1,1,1,1,1,2,1,2,0,0,0,0,0,0,0,0,1,9,0,0,0,0,1,17,7,8,2,1,193,181,12,1,7,1,26,1,10,1,1,14,1,0,0,0,1,0,0,1,0,0,0,0,0,0,1,1,0,0,0,0,0,0,0,0,0,0,0.0,0.0,0.0,0,0,0,1,1,0,0,0,0,2,0,1,126,15,0,0,0,0,0,0,0,1.0,0.0001441374223141687,0.875,0.1102227347108349,0,,multi_full_20260502_195405_0001,2026-05-02T21:43:19.794558,https://www.apnic.net/about-apnic/corporate-documents/plans-and-strategies/activity-plan-and-budget-2024/,https://www.apnic.net/,False,https://www.apnic.net/about-apnic/corporate-documents/plans-and-strategies/activity-plan-and-budget-2024/,https://www.apnic.net/,https://www.apnic.net/about-apnic/corporate-documents/plans-and-strategies/activity-plan-and-budget-2024/,recon_page,2026-05-02T21:43:19.802080
112,1,4,1,1,0,0,1,0,13,0,net,403,4,2515,830.917,0,0,18,1,cloudflare,0,html,0,0,0,1,7,1,1,1,1,1,0,0,0,0,0,0,0,0,0,0,0,0,0,0,0,0,0,0,0,0,0,0,0,0,0,0,0,0,0,1,3,0,0,0,0,0,1,0,0,0,0,0,0,1,0,0,0,1,0,0,1,1,0,0,0,0,0,0,0,0,0,0,0.0,0.0,0.0,0,0,0,0,0,0,0,0,0,0,0,0,0,0,0,0,0,0,0,0,0,0.0,0.0,0.875,0.0,0,,multi_full_20260502_195405_0001,2026-05-02T21:43:37.126415,https://www.apnic.net/wp-json/oembed/1.0/embed/?url=https%3A%2F%2Fwww.apnic.net%2Fabout-apnic%2Ftransparency%2F&,https://www.apnic.net/,False,https://www.apnic.net/wp-json/oembed/1.0/embed/?url=https%3A%2F%2Fwww.apnic.net%2Fabout-apnic%2Ftransparency%2F&,https://www.apnic.net/,https://www.apnic.net/wp-json/oembed/1.0/embed/?url=https%3A%2F%2Fwww.apnic.net%2Fabout-apnic%2Ftransparency%2F&,recon_page,2026-05-02T21:43:37.132629
111,1,4,1,1,0,0,1,0,13,0,net,403,4,2515,849.05,0,0,18,1,cloudflare,0,html,0,0,0,1,7,1,1,1,1,1,0,0,0,0,0,0,0,0,0,0,0,0,0,0,0,0,0,0,0,0,0,0,0,0,0,0,0,0,0,1,3,0,0,0,0,0,1,0,0,0,0,0,0,1,0,0,0,1,0,0,1,1,0,0,0,0,0,0,0,0,0,0,0.0,0.0,0.0,0,0,0,0,0,0,0,0,0,0,0,0,0,0,0,0,0,0,0,0,0,0.0,0.0,0.875,0.0,0,,multi_full_20260502_195405_0001,2026-05-02T21:43:37.413796,https://www.apnic.net/wp-json/oembed/1.0/embed/?url=https%3A%2F%2Fwww.apnic.net%2Fabout-apnic%2Ftransparency%2F,https://www.apnic.net/,False,https://www.apnic.net/wp-json/oembed/1.0/embed/?url=https%3A%2F%2Fwww.apnic.net%2Fabout-apnic%2Ftransparency%2F,https://www.apnic.net/,https://www.apnic.net/wp-json/oembed/1.0/embed/?url=https%3A%2F%2Fwww.apnic.net%2Fabout-apnic%2Ftransparency%2F,recon_page,2026-05-02T21:43:37.420672
84,1,5,0,0,0,0,1,0,13,0,net,200,2,81398,1007.045,0,0,19,1,cloudflare,0,html,0,0,0,1,7,1,1,1,1,1,1,2,1,2,0,0,0,0,0,0,0,0,1,9,0,0,0,0,1,17,7,8,2,1,199,187,12,1,3,1,26,1,10,1,1,14,1,0,0,0,1,0,0,1,0,0,0,0,0,0,1,1,0,0,0,0,0,0,0,0,0,0,0.0,0.0,0.0,0,0,0,1,1,0,0,0,0,2,0,1,134,15,0,0,0,0,0,0,0,1.0,0.00020885034030320156,0.875,0.15970908376127177,0,,multi_full_20260502_195405_0001,2026-05-02T21:43:37.785220,https://www.apnic.net/about-apnic/corporate-documents/documents/corporate/apnic-moa/,https://www.apnic.net/,False,https://www.apnic.net/about-apnic/corporate-documents/documents/corporate/apnic-moa/,https://www.apnic.net/,https://www.apnic.net/about-apnic/corporate-documents/documents/corporate/apnic-moa/,recon_page,2026-05-02T21:43:37.811429
91,1,5,0,0,0,0,1,0,13,0,net,200,2,77246,1130.212,0,0,19,1,cloudflare,0,html,0,0,0,1,7,1,1,1,1,1,1,2,1,2,0,0,0,0,0,0,0,0,1,9,0,0,0,0,1,17,7,8,2,1,201,189,12,1,4,1,26,1,10,1,1,16,1,0,0,0,1,0,0,1,0,0,0,0,0,0,1,1,0,0,0,0,0,0,0,0,0,0,0.0,0.0,0.0,0,0,0,1,1,0,0,0,0,2,0,1,130,15,0,0,0,0,0,0,0,1.0,0.00022007612044636616,0.875,0.1682935038707506,0,,multi_full_20260502_195405_0001,2026-05-02T21:43:37.811081,https://www.apnic.net/community/participate/elections/ec/about-the-apnic-executive-council/,https://www.apnic.net/,False,https://www.apnic.net/community/participate/elections/ec/about-the-apnic-executive-council/,https://www.apnic.net/,https://www.apnic.net/community/participate/elections/ec/about-the-apnic-executive-council/,recon_page,2026-05-02T21:43:37.816514
82,1,5,0,0,0,0,1,0,13,0,net,200,2,125507,1196.9289999999999,0,0,19,1,cloudflare,0,html,0,0,0,1,7,1,1,1,1,1,1,2,1,2,0,0,0,0,0,0,0,0,1,9,0,0,0,0,1,17,7,8,2,1,199,187,12,1,3,1,26,1,10,1,1,14,1,0,0,0,1,0,0,1,0,0,0,1,0,0,1,1,0,0,0,0,0,0,0,0,0,0,0.0,0.0,0.0,0,0,0,1,1,0,0,0,0,2,0,1,134,15,0,0,0,0,0,0,0,1.0,0.0001354506123164445,0.875,0.10357988000669285,0,,multi_full_20260502_195405_0001,2026-05-02T21:43:38.379774,https://www.apnic.net/about-apnic/corporate-documents/documents/corporate/by-laws/,https://www.apnic.net/,False,https://www.apnic.net/about-apnic/corporate-documents/documents/corporate/by-laws/,https://www.apnic.net/,https://www.apnic.net/about-apnic/corporate-documents/documents/corporate/by-laws/,recon_page,2026-05-02T21:43:38.384816
95,1,5,0,0,0,0,1,0,13,0,net,200,2,128130,1092.133,0,0,19,1,cloudflare,0,html,0,0,0,1,7,1,1,1,1,1,1,2,1,2,0,0,0,0,0,0,0,0,1,9,0,0,0,0,1,17,7,8,2,1,199,187,12,1,3,1,26,1,10,1,1,14,1,0,0,0,1,0,0,1,0,0,0,0,0,0,1,1,0,0,0,0,0,0,0,0,0,0,0.0,0.0,0.0,0,0,0,1,1,0,0,0,0,2,0,1,134,15,0,0,0,0,0,0,0,1.0,0.00013267774916100834,0.875,0.1014594552407711,0,,multi_full_20260502_195405_0001,2026-05-02T21:44:03.060170,https://www.apnic.net/about-apnic/corporate-documents/documents/corporate/articles-association/,https://www.apnic.net/,False,https://www.apnic.net/about-apnic/corporate-documents/documents/corporate/articles-association/,https://www.apnic.net/,https://www.apnic.net/about-apnic/corporate-documents/documents/corporate/articles-association/,recon_page,2026-05-02T21:44:03.064317
61,1,3,0,0,0,0,1,0,13,0,net,200,2,75410,1111.912,0,0,19,1,cloudflare,0,html,0,0,0,1,7,1,1,1,1,1,1,2,1,2,0,0,0,0,0,0,0,0,1,9,0,0,0,0,1,17,7,8,2,1,193,181,12,1,4,1,26,1,10,1,1,16,1,0,0,0,1,0,0,1,0,0,0,0,0,0,1,1,0,0,0,0,0,0,0,0,0,0,0.0,0.0,0.0,0,0,0,1,1,0,0,0,0,2,0,1,125,15,0,0,0,0,0,0,0,1.0,0.00022543429253414667,0.875,0.17239092958493568,0,,multi_full_20260502_195405_0001,2026-05-02T21:44:03.274749,https://www.apnic.net/about-apnic/organization/apnics-region/,https://www.apnic.net/,False,https://www.apnic.net/about-apnic/organization/apnics-region/,https://www.apnic.net/,https://www.apnic.net/about-apnic/organization/apnics-region/,recon_page,2026-05-02T21:44:03.279207
47,1,5,0,0,0,0,1,0,13,0,net,403,4,2515,944.3589999999999,0,0,18,1,cloudflare,0,html,0,0,0,1,7,1,1,1,1,1,0,0,0,0,0,0,0,0,0,0,0,0,0,0,0,0,0,0,0,0,0,0,0,0,0,0,0,0,0,1,3,0,0,0,0,0,1,0,0,0,0,0,0,1,0,0,0,1,0,0,1,1,0,0,0,0,0,0,0,0,0,0,0.0,0.0,0.0,0,0,0,0,0,0,0,0,0,0,0,0,0,0,0,0,0,0,0,0,0,0.0,0.0,0.875,0.0,0,,multi_full_20260502_195405_0001,2026-05-02T21:44:57.907478,https://www.apnic.net/wp-json/wp/v2/pages/1518/,https://www.apnic.net/,False,https://www.apnic.net/wp-json/wp/v2/pages/1518/,https://www.apnic.net/,https://www.apnic.net/wp-json/wp/v2/pages/1518/,recon_page,2026-05-02T21:44:57.912298
57,1,3,0,0,0,0,1,0,13,0,net,200,2,76995,1008.202,0,0,19,1,cloudflare,0,html,0,0,0,1,7,1,1,1,1,1,1,2,1,2,0,0,0,0,0,0,0,0,1,9,0,0,0,0,1,17,7,8,2,1,199,186,13,1,3,1,26,1,10,1,1,14,1,0,0,0,1,0,0,1,0,0,0,0,0,0,1,1,0,0,0,0,0,0,0,0,0,0,0.0,0.0,0.0,0,0,0,1,1,0,0,0,0,2,0,1,129,15,0,0,0,0,0,0,0,1.0,0.00022079355802324827,0.875,0.16884213260601336,0,,multi_full_20260502_195405_0001,2026-05-02T21:44:58.259790,https://www.apnic.net/about-apnic/organization/structure/,https://www.apnic.net/,False,https://www.apnic.net/about-apnic/organization/structure/,https://www.apnic.net/,https://www.apnic.net/about-apnic/organization/structure/,recon_page,2026-05-02T21:44:58.267493
112,1,4,1,1,0,0,1,0,13,0,net,403,4,2515,859.486,0,0,18,1,cloudflare,0,html,0,0,0,1,7,1,1,1,1,1,0,0,0,0,0,0,0,0,0,0,0,0,0,0,0,0,0,0,0,0,0,0,0,0,0,0,0,0,0,1,3,0,0,0,0,0,1,0,0,0,0,0,0,1,0,0,0,1,0,0,1,1,0,0,0,0,0,0,0,0,0,0,0.0,0.0,0.0,0,0,0,0,0,0,0,0,0,0,0,0,0,0,0,0,0,0,0,0,0,0.0,0.0,0.875,0.0,0,,multi_full_20260502_195405_0001,2026-05-02T21:44:58.486168,https://www.apnic.net/wp-json/oembed/1.0/embed/?url=https%3A%2F%2Fwww.apnic.net%2Fabout-apnic%2Forganization%2F&,https://www.apnic.net/,False,https://www.apnic.net/wp-json/oembed/1.0/embed/?url=https%3A%2F%2Fwww.apnic.net%2Fabout-apnic%2Forganization%2F&,https://www.apnic.net/,https://www.apnic.net/wp-json/oembed/1.0/embed/?url=https%3A%2F%2Fwww.apnic.net%2Fabout-apnic%2Forganization%2F&,recon_page,2026-05-02T21:44:58.506982
86,1,5,0,0,0,0,1,0,13,0,net,200,2,93752,963.545,0,0,19,1,cloudflare,0,html,0,0,0,1,7,1,1,1,1,1,1,2,1,2,0,0,0,0,0,0,0,0,1,9,0,0,0,0,1,17,7,8,2,1,201,189,12,1,3,1,26,1,10,1,1,14,1,0,0,0,1,0,0,1,0,0,0,0,0,0,1,1,0,0,0,0,0,0,0,0,0,0,0.0,0.0,0.0,0,0,0,1,1,0,0,0,0,2,0,1,136,15,0,0,0,0,0,0,0,1.0,0.00018132946497141395,0.875,0.13866370850755186,0,,multi_full_20260502_195405_0001,2026-05-02T21:44:58.861803,https://www.apnic.net/about-apnic/corporate-documents/documents/corporate/definitions/,https://www.apnic.net/,False,https://www.apnic.net/about-apnic/corporate-documents/documents/corporate/definitions/,https://www.apnic.net/,https://www.apnic.net/about-apnic/corporate-documents/documents/corporate/definitions/,recon_page,2026-05-02T21:44:58.869550
64,1,3,0,0,0,0,1,0,13,0,net,200,2,110541,949.177,0,0,19,1,cloudflare,0,html,0,0,0,1,7,1,1,1,1,1,1,2,1,2,0,0,0,0,0,0,0,0,1,9,0,0,0,0,1,18,8,8,2,1,209,194,15,1,3,1,26,1,11,1,1,14,1,0,0,0,1,0,0,1,0,0,0,0,0,1,1,1,0,0,0,0,0,0,0,0,0,0,0.0,0.0,0.0,0,0,0,1,1,0,0,0,0,2,0,1,137,17,0,0,0,0,0,0,0,1.0,0.00016283550899666188,0.875,0.1176034231642558,0,,multi_full_20260502_195405_0001,2026-05-02T21:45:36.237133,https://www.apnic.net/about-apnic/organization/apnic-activities/,https://www.apnic.net/,False,https://www.apnic.net/about-apnic/organization/apnic-activities/,https://www.apnic.net/,https://www.apnic.net/about-apnic/organization/apnic-activities/,recon_page,2026-05-02T21:45:36.255674
73,1,3,0,0,0,0,1,0,13,0,net,200,2,82228,1195.232,0,0,19,1,cloudflare,0,html,0,0,0,1,7,1,1,1,1,1,1,2,1,2,0,0,0,0,0,0,0,0,1,9,0,0,0,0,1,17,7,8,2,1,192,179,13,1,3,1,26,1,11,1,1,15,1,0,0,0,1,0,0,1,0,0,0,0,0,0,1,1,0,0,0,0,0,0,0,0,0,0,0.0,0.0,0.0,0,0,0,1,1,0,0,0,0,2,0,1,126,15,0,0,0,0,0,0,0,1.0,0.00020674222892445396,0.875,0.15809699858928833,0,,multi_full_20260502_195405_0001,2026-05-02T21:45:36.274365,https://www.apnic.net/about-apnic/organization/vision-mission-objectives/,https://www.apnic.net/,False,https://www.apnic.net/about-apnic/organization/vision-mission-objectives/,https://www.apnic.net/,https://www.apnic.net/about-apnic/organization/vision-mission-objectives/,recon_page,2026-05-02T21:45:36.278764
122,1,4,1,2,0,0,1,0,13,0,net,403,4,2515,928.4970000000001,0,0,18,1,cloudflare,0,html,0,0,0,1,7,1,1,1,1,1,0,0,0,0,0,0,0,0,0,0,0,0,0,0,0,0,0,0,0,0,0,0,0,0,0,0,0,0,0,1,3,0,0,0,0,0,1,0,0,0,0,0,0,1,0,0,0,1,0,0,1,1,0,0,0,0,0,0,0,0,0,0,0.0,0.0,0.0,0,0,0,0,0,0,0,0,0,0,0,0,0,0,0,0,0,0,0,0,0,0.0,0.0,0.875,0.0,0,,multi_full_20260502_195405_0001,2026-05-02T21:45:37.068273,https://www.apnic.net/wp-json/oembed/1.0/embed/?url=https%3A%2F%2Fwww.apnic.net%2Fabout-apnic%2Forganization%2F&format=xml,https://www.apnic.net/,False,https://www.apnic.net/wp-json/oembed/1.0/embed/?url=https%3A%2F%2Fwww.apnic.net%2Fabout-apnic%2Forganization%2F&format=xml,https://www.apnic.net/,https://www.apnic.net/wp-json/oembed/1.0/embed/?url=https%3A%2F%2Fwww.apnic.net%2Fabout-apnic%2Forganization%2F&format=xml,recon_page,2026-05-02T21:45:37.072253
111,1,4,1,1,0,0,1,0,13,0,net,403,4,2515,806.648,0,0,18,1,cloudflare,0,html,0,0,0,1,7,1,1,1,1,1,0,0,0,0,0,0,0,0,0,0,0,0,0,0,0,0,0,0,0,0,0,0,0,0,0,0,0,0,0,1,3,0,0,0,0,0,1,0,0,0,0,0,0,1,0,0,0,1,0,0,1,1,0,0,0,0,0,0,0,0,0,0,0.0,0.0,0.0,0,0,0,0,0,0,0,0,0,0,0,0,0,0,0,0,0,0,0,0,0,0.0,0.0,0.875,0.0,0,,multi_full_20260502_195405_0001,2026-05-02T21:45:37.900230,https://www.apnic.net/wp-json/oembed/1.0/embed/?url=https%3A%2F%2Fwww.apnic.net%2Fabout-apnic%2Forganization%2F,https://www.apnic.net/,False,https://www.apnic.net/wp-json/oembed/1.0/embed/?url=https%3A%2F%2Fwww.apnic.net%2Fabout-apnic%2Forganization%2F,https://www.apnic.net/,https://www.apnic.net/wp-json/oembed/1.0/embed/?url=https%3A%2F%2Fwww.apnic.net%2Fabout-apnic%2Forganization%2F,recon_page,2026-05-02T21:45:37.907246
69,1,3,0,0,0,0,1,0,13,0,net,200,2,75905,1004.45,0,0,19,1,cloudflare,0,html,0,0,0,1,7,1,1,1,1,1,1,2,1,2,0,0,0,0,0,0,0,0,1,9,0,0,0,0,1,17,7,8,2,1,199,186,13,1,3,1,26,1,10,1,1,14,1,0,0,0,1,0,0,1,0,0,0,0,0,0,1,1,0,0,0,0,0,0,0,0,0,0,0.0,0.0,0.0,0,0,0,1,1,0,0,0,0,2,0,1,132,15,0,0,0,0,0,0,0,1.0,0.00022396416573348266,0.875,0.1712667149726632,0,,multi_full_20260502_195405_0001,2026-05-02T21:46:14.490534,https://www.apnic.net/manage-ip/apnic-services/registration-services/,https://www.apnic.net/,False,https://www.apnic.net/manage-ip/apnic-services/registration-services/,https://www.apnic.net/,https://www.apnic.net/manage-ip/apnic-services/registration-services/,recon_page,2026-05-02T21:46:14.512262
74,1,5,0,0,0,0,1,0,13,0,net,200,2,78211,960.778,0,0,19,1,cloudflare,0,html,0,0,0,1,7,1,1,1,1,1,1,2,1,2,0,0,0,0,0,0,0,0,1,9,0,0,0,0,1,17,7,8,2,1,194,180,14,1,3,1,26,1,10,1,1,14,1,0,0,0,1,0,0,1,0,0,0,0,0,0,1,1,0,0,0,0,0,0,0,0,0,0,0.0,0.0,0.0,0,0,0,1,1,0,0,0,0,2,0,1,131,15,0,0,0,0,0,0,0,1.0,0.00021736072930917647,0.875,0.1662170282952526,0,,multi_full_20260502_195405_0001,2026-05-02T21:46:14.519055,https://www.apnic.net/about-apnic/whois_search/about/what-is-in-whois/IRR/,https://www.apnic.net/,False,https://www.apnic.net/about-apnic/whois_search/about/what-is-in-whois/IRR/,https://www.apnic.net/,https://www.apnic.net/about-apnic/whois_search/about/what-is-in-whois/IRR/,recon_page,2026-05-02T21:46:14.522395
131,1,4,1,1,0,0,1,0,13,0,net,403,4,2515,843.143,0,0,18,1,cloudflare,0,html,0,0,0,1,7,1,1,1,1,1,0,0,0,0,0,0,0,0,0,0,0,0,0,0,0,0,0,0,0,0,0,0,0,0,0,0,0,0,0,1,3,0,0,0,0,0,1,0,0,0,0,0,0,1,0,0,0,1,0,0,1,1,0,0,0,0,0,0,0,0,0,0,0.0,0.0,0.0,0,0,0,0,0,0,0,0,0,0,0,0,0,0,0,0,0,0,0,0,0,0.0,0.0,0.875,0.0,0,,multi_full_20260502_195405_0001,2026-05-02T21:46:15.324467,https://www.apnic.net/wp-json/oembed/1.0/embed/?url=https%3A%2F%2Fwww.apnic.net%2Fmanage-ip%2Fapnic-services%2Frouting-registry%2F&,https://www.apnic.net/,False,https://www.apnic.net/wp-json/oembed/1.0/embed/?url=https%3A%2F%2Fwww.apnic.net%2Fmanage-ip%2Fapnic-services%2Frouting-registry%2F&,https://www.apnic.net/,https://www.apnic.net/wp-json/oembed/1.0/embed/?url=https%3A%2F%2Fwww.apnic.net%2Fmanage-ip%2Fapnic-services%2Frouting-registry%2F&,recon_page,2026-05-02T21:46:15.360838
46,1,5,0,0,0,0,1,0,13,0,net,403,4,2515,934.936,0,0,18,1,cloudflare,0,html,0,0,0,1,7,1,1,1,1,1,0,0,0,0,0,0,0,0,0,0,0,0,0,0,0,0,0,0,0,0,0,0,0,0,0,0,0,0,0,1,3,0,0,0,0,0,1,0,0,0,0,0,0,1,0,0,0,1,0,0,1,1,0,0,0,0,0,0,0,0,0,0,0.0,0.0,0.0,0,0,0,0,0,0,0,0,0,0,0,0,0,0,0,0,0,0,0,0,0,0.0,0.0,0.875,0.0,0,,multi_full_20260502_195405_0001,2026-05-02T21:46:15.360199,https://www.apnic.net/wp-json/wp/v2/pages/698/,https://www.apnic.net/,False,https://www.apnic.net/wp-json/wp/v2/pages/698/,https://www.apnic.net/,https://www.apnic.net/wp-json/wp/v2/pages/698/,recon_page,2026-05-02T21:46:15.386175
64,1,3,0,0,0,0,1,0,13,0,net,200,2,74888,1118.825,0,0,19,1,cloudflare,0,html,0,0,0,1,7,1,1,1,1,1,1,2,1,2,0,0,0,0,0,0,0,0,1,9,0,0,0,0,1,17,7,8,2,1,193,181,12,1,3,1,26,1,10,1,1,15,1,0,0,0,1,0,0,1,0,0,0,0,0,0,1,1,0,0,0,0,0,0,0,0,0,0,0.0,0.0,0.0,0,0,0,1,1,0,0,0,0,2,0,1,126,15,0,0,0,0,0,0,0,1.0,0.0002270056617882705,0.875,0.17359256489691272,0,,multi_full_20260502_195405_0001,2026-05-02T21:46:15.368782,https://www.apnic.net/about-apnic/organization/history-of-apnic/,https://www.apnic.net/,False,https://www.apnic.net/about-apnic/organization/history-of-apnic/,https://www.apnic.net/,https://www.apnic.net/about-apnic/organization/history-of-apnic/,recon_page,2026-05-02T21:46:15.387221
105,1,4,0,0,0,0,1,0,13,0,net,200,2,77329,1562.2450000000001,0,0,19,1,cloudflare,0,html,0,0,0,1,7,1,1,1,1,1,1,2,1,2,0,0,0,0,0,0,0,0,1,9,0,0,0,0,1,17,7,8,2,1,188,173,15,1,3,1,26,1,10,1,1,15,1,0,0,0,1,0,0,1,0,0,0,0,0,0,1,1,0,0,0,0,0,0,0,0,0,0,0.0,0.0,0.0,0,0,0,1,1,0,0,0,0,2,0,1,125,15,0,0,0,0,1,0,0,1.0,0.00021983990482225298,0.875,0.16811286839348757,0,,multi_full_20260502_195405_0001,2026-05-02T21:46:15.397415,https://www.apnic.net/manage-ip/apnic-services/routing-registry/importing-route-objects-from-another-irr/,https://www.apnic.net/,False,https://www.apnic.net/manage-ip/apnic-services/routing-registry/importing-route-objects-from-another-irr/,https://www.apnic.net/,https://www.apnic.net/manage-ip/apnic-services/routing-registry/importing-route-objects-from-another-irr/,recon_page,2026-05-02T21:46:15.401652
141,1,4,1,2,0,0,1,0,13,0,net,403,4,2515,842.6179999999999,0,0,18,1,cloudflare,0,html,0,0,0,1,7,1,1,1,1,1,0,0,0,0,0,0,0,0,0,0,0,0,0,0,0,0,0,0,0,0,0,0,0,0,0,0,0,0,0,1,3,0,0,0,0,0,1,0,0,0,0,0,0,1,0,0,0,1,0,0,1,1,0,0,0,0,0,0,0,0,0,0,0.0,0.0,0.0,0,0,0,0,0,0,0,0,0,0,0,0,0,0,0,0,0,0,0,0,0,0.0,0.0,0.875,0.0,0,,multi_full_20260502_195405_0001,2026-05-02T21:46:47.838435,https://www.apnic.net/wp-json/oembed/1.0/embed/?url=https%3A%2F%2Fwww.apnic.net%2Fmanage-ip%2Fapnic-services%2Frouting-registry%2F&format=xml,https://www.apnic.net/,False,https://www.apnic.net/wp-json/oembed/1.0/embed/?url=https%3A%2F%2Fwww.apnic.net%2Fmanage-ip%2Fapnic-services%2Frouting-registry%2F&format=xml,https://www.apnic.net/,https://www.apnic.net/wp-json/oembed/1.0/embed/?url=https%3A%2F%2Fwww.apnic.net%2Fmanage-ip%2Fapnic-services%2Frouting-registry%2F&format=xml,recon_page,2026-05-02T21:46:47.842634
130,1,4,1,1,0,0,1,0,13,0,net,403,4,2515,1416.698,0,0,18,1,cloudflare,0,html,0,0,0,1,7,1,1,1,1,1,0,0,0,0,0,0,0,0,0,0,0,0,0,0,0,0,0,0,0,0,0,0,0,0,0,0,0,0,0,1,3,0,0,0,0,0,1,0,0,0,0,0,0,1,0,0,0,1,0,0,1,1,0,0,0,0,0,0,0,0,0,0,0.0,0.0,0.0,0,0,0,0,0,0,0,0,0,0,0,0,0,0,0,0,0,0,0,0,0,0.0,0.0,0.875,0.0,0,,multi_full_20260502_195405_0001,2026-05-02T21:47:11.084158,https://www.apnic.net/wp-json/oembed/1.0/embed/?url=https%3A%2F%2Fwww.apnic.net%2Fmanage-ip%2Fapnic-services%2Frouting-registry%2F,https://www.apnic.net/,False,https://www.apnic.net/wp-json/oembed/1.0/embed/?url=https%3A%2F%2Fwww.apnic.net%2Fmanage-ip%2Fapnic-services%2Frouting-registry%2F,https://www.apnic.net/,https://www.apnic.net/wp-json/oembed/1.0/embed/?url=https%3A%2F%2Fwww.apnic.net%2Fmanage-ip%2Fapnic-services%2Frouting-registry%2F,recon_page,2026-05-02T21:47:11.105237
64,1,3,0,0,0,0,1,0,13,0,net,200,2,97557,1097.732,0,0,19,1,cloudflare,0,html,0,0,0,1,7,1,1,1,1,1,1,2,1,2,0,0,0,0,0,0,0,0,1,9,0,0,0,0,1,17,7,8,2,1,190,172,18,1,3,1,26,1,10,1,1,14,1,0,0,0,1,0,0,1,0,0,0,0,0,0,1,1,0,0,0,0,0,0,0,0,0,0,0.0,0.0,0.0,0,0,0,1,1,0,0,0,0,2,0,1,128,17,0,0,0,0,0,0,0,1.0,0.00017425710097686482,0.875,0.13325543015877897,0,,multi_full_20260502_195405_0001,2026-05-02T21:47:11.154512,https://www.apnic.net/manage-ip/apnic-services/services-roadmap/,https://www.apnic.net/,False,https://www.apnic.net/manage-ip/apnic-services/services-roadmap/,https://www.apnic.net/,https://www.apnic.net/manage-ip/apnic-services/services-roadmap/,recon_page,2026-05-02T21:47:11.158341
47,1,5,0,0,0,0,1,0,13,0,net,403,4,2515,907.0160000000001,0,0,18,1,cloudflare,0,html,0,0,0,1,7,1,1,1,1,1,0,0,0,0,0,0,0,0,0,0,0,0,0,0,0,0,0,0,0,0,0,0,0,0,0,0,0,0,0,1,3,0,0,0,0,0,1,0,0,0,0,0,0,1,0,0,0,1,0,0,1,1,0,0,0,0,0,0,0,0,0,0,0.0,0.0,0.0,0,0,0,0,0,0,0,0,0,0,0,0,0,0,0,0,0,0,0,0,0,0.0,0.0,0.875,0.0,0,,multi_full_20260502_195405_0001,2026-05-02T21:47:29.726982,https://www.apnic.net/wp-json/wp/v2/pages/1325/,https://www.apnic.net/,False,https://www.apnic.net/wp-json/wp/v2/pages/1325/,https://www.apnic.net/,https://www.apnic.net/wp-json/wp/v2/pages/1325/,recon_page,2026-05-02T21:47:29.734256
103,1,4,1,1,0,0,1,0,13,0,net,403,4,2515,903.636,0,0,18,1,cloudflare,0,html,0,0,0,1,7,1,1,1,1,1,0,0,0,0,0,0,0,0,0,0,0,0,0,0,0,0,0,0,0,0,0,0,0,0,0,0,0,0,0,1,3,0,0,0,0,0,1,0,0,0,0,0,0,1,0,0,0,1,0,0,1,1,0,0,0,0,0,0,0,0,0,0,0.0,0.0,0.0,0,0,0,0,0,0,0,0,0,0,0,0,0,0,0,0,0,0,0,0,0,0.0,0.0,0.875,0.0,0,,multi_full_20260502_195405_0001,2026-05-02T21:47:29.994461,https://www.apnic.net/wp-json/oembed/1.0/embed/?url=https%3A%2F%2Fwww.apnic.net%2Fabout-apnic%2Fteam%2F,https://www.apnic.net/,False,https://www.apnic.net/wp-json/oembed/1.0/embed/?url=https%3A%2F%2Fwww.apnic.net%2Fabout-apnic%2Fteam%2F,https://www.apnic.net/,https://www.apnic.net/wp-json/oembed/1.0/embed/?url=https%3A%2F%2Fwww.apnic.net%2Fabout-apnic%2Fteam%2F,recon_page,2026-05-02T21:47:29.998468
52,1,3,0,0,0,0,1,0,13,0,net,200,2,72995,964.24,0,0,19,1,cloudflare,0,html,0,0,0,1,7,1,1,1,1,1,1,2,1,2,0,0,0,0,0,0,0,0,1,9,0,0,0,0,1,17,7,8,2,1,181,169,12,1,4,1,26,1,10,1,1,14,1,0,0,0,1,0,0,1,0,0,0,0,0,0,1,1,0,0,0,0,0,0,0,0,0,0,0.0,0.0,0.0,0,0,0,1,1,0,0,0,0,2,0,1,118,15,0,0,0,0,0,0,0,1.0,0.00023289266388108775,0.875,0.17809439002671415,0,,multi_full_20260502_195405_0001,2026-05-02T21:47:45.546872,https://www.apnic.net/about-apnic/team/jia-rong-low/,https://www.apnic.net/,False,https://www.apnic.net/about-apnic/team/jia-rong-low/,https://www.apnic.net/,https://www.apnic.net/about-apnic/team/jia-rong-low/,recon_page,2026-05-02T21:47:45.550382
104,1,4,1,1,0,0,1,0,13,0,net,403,4,2515,964.004,0,0,18,1,cloudflare,0,html,0,0,0,1,7,1,1,1,1,1,0,0,0,0,0,0,0,0,0,0,0,0,0,0,0,0,0,0,0,0,0,0,0,0,0,0,0,0,0,1,3,0,0,0,0,0,1,0,0,0,0,0,0,1,0,0,0,1,0,0,1,1,0,0,0,0,0,0,0,0,0,0,0.0,0.0,0.0,0,0,0,0,0,0,0,0,0,0,0,0,0,0,0,0,0,0,0,0,0,0.0,0.0,0.875,0.0,0,,multi_full_20260502_195405_0001,2026-05-02T21:48:21.601601,https://www.apnic.net/wp-json/oembed/1.0/embed/?url=https%3A%2F%2Fwww.apnic.net%2Fabout-apnic%2Fteam%2F&,https://www.apnic.net/,False,https://www.apnic.net/wp-json/oembed/1.0/embed/?url=https%3A%2F%2Fwww.apnic.net%2Fabout-apnic%2Fteam%2F&,https://www.apnic.net/,https://www.apnic.net/wp-json/oembed/1.0/embed/?url=https%3A%2F%2Fwww.apnic.net%2Fabout-apnic%2Fteam%2F&,recon_page,2026-05-02T21:48:21.611125
114,1,4,1,2,0,0,1,0,13,0,net,403,4,2515,899.2,0,0,18,1,cloudflare,0,html,0,0,0,1,7,1,1,1,1,1,0,0,0,0,0,0,0,0,0,0,0,0,0,0,0,0,0,0,0,0,0,0,0,0,0,0,0,0,0,1,3,0,0,0,0,0,1,0,0,0,0,0,0,1,0,0,0,1,0,0,1,1,0,0,0,0,0,0,0,0,0,0,0.0,0.0,0.0,0,0,0,0,0,0,0,0,0,0,0,0,0,0,0,0,0,0,0,0,0,0.0,0.0,0.875,0.0,0,,multi_full_20260502_195405_0001,2026-05-02T21:48:24.918593,https://www.apnic.net/wp-json/oembed/1.0/embed/?url=https%3A%2F%2Fwww.apnic.net%2Fabout-apnic%2Fteam%2F&format=xml,https://www.apnic.net/,False,https://www.apnic.net/wp-json/oembed/1.0/embed/?url=https%3A%2F%2Fwww.apnic.net%2Fabout-apnic%2Fteam%2F&format=xml,https://www.apnic.net/,https://www.apnic.net/wp-json/oembed/1.0/embed/?url=https%3A%2F%2Fwww.apnic.net%2Fabout-apnic%2Fteam%2F&format=xml,recon_page,2026-05-02T21:48:24.929275
47,1,5,0,0,0,0,1,0,13,0,net,403,4,2515,874.3910000000001,0,0,18,1,cloudflare,0,html,0,0,0,1,7,1,1,1,1,1,0,0,0,0,0,0,0,0,0,0,0,0,0,0,0,0,0,0,0,0,0,0,0,0,0,0,0,0,0,1,3,0,0,0,0,0,1,0,0,0,0,0,0,1,0,0,0,1,0,0,1,1,0,0,0,0,0,0,0,0,0,0,0.0,0.0,0.0,0,0,0,0,0,0,0,0,0,0,0,0,0,0,0,0,0,0,0,0,0,0.0,0.0,0.875,0.0,0,,multi_full_20260502_195405_0001,2026-05-02T21:48:25.401613,https://www.apnic.net/wp-json/wp/v2/pages/4435/,https://www.apnic.net/,False,https://www.apnic.net/wp-json/wp/v2/pages/4435/,https://www.apnic.net/,https://www.apnic.net/wp-json/wp/v2/pages/4435/,recon_page,2026-05-02T21:48:25.408131
101,1,4,1,1,0,0,1,0,13,0,net,403,4,2515,905.655,0,0,18,1,cloudflare,0,html,0,0,0,1,7,1,1,1,1,1,0,0,0,0,0,0,0,0,0,0,0,0,0,0,0,0,0,0,0,0,0,0,0,0,0,0,0,0,0,1,3,0,0,0,0,0,1,0,0,0,0,0,0,1,0,0,0,1,0,0,1,1,0,0,0,0,0,0,0,0,0,0,0.0,0.0,0.0,0,0,0,0,0,0,0,0,0,0,0,0,0,0,0,0,0,0,0,0,0,0.0,0.0,0.875,0.0,0,,multi_full_20260502_195405_0001,2026-05-02T21:48:25.692963,https://www.apnic.net/wp-json/oembed/1.0/embed/?url=https%3A%2F%2Fwww.apnic.net%2Fcommunity%2Fipv6%2F,https://www.apnic.net/,False,https://www.apnic.net/wp-json/oembed/1.0/embed/?url=https%3A%2F%2Fwww.apnic.net%2Fcommunity%2Fipv6%2F,https://www.apnic.net/,https://www.apnic.net/wp-json/oembed/1.0/embed/?url=https%3A%2F%2Fwww.apnic.net%2Fcommunity%2Fipv6%2F,recon_page,2026-05-02T21:48:25.703345
112,1,4,1,2,0,0,1,0,13,0,net,403,4,2515,1006.813,0,0,18,1,cloudflare,0,html,0,0,0,1,7,1,1,1,1,1,0,0,0,0,0,0,0,0,0,0,0,0,0,0,0,0,0,0,0,0,0,0,0,0,0,0,0,0,0,1,3,0,0,0,0,0,1,0,0,0,0,0,0,1,0,0,0,1,0,0,1,1,0,0,0,0,0,0,0,0,0,0,0.0,0.0,0.0,0,0,0,0,0,0,0,0,0,0,0,0,0,0,0,0,0,0,0,0,0,0.0,0.0,0.875,0.0,0,,multi_full_20260502_195405_0001,2026-05-02T21:48:25.697951,https://www.apnic.net/wp-json/oembed/1.0/embed/?url=https%3A%2F%2Fwww.apnic.net%2Fcommunity%2Fipv6%2F&format=xml,https://www.apnic.net/,False,https://www.apnic.net/wp-json/oembed/1.0/embed/?url=https%3A%2F%2Fwww.apnic.net%2Fcommunity%2Fipv6%2F&format=xml,https://www.apnic.net/,https://www.apnic.net/wp-json/oembed/1.0/embed/?url=https%3A%2F%2Fwww.apnic.net%2Fcommunity%2Fipv6%2F&format=xml,recon_page,2026-05-02T21:48:25.707877
102,1,4,1,1,0,0,1,0,13,0,net,403,4,2515,778.773,0,0,18,1,cloudflare,0,html,0,0,0,1,7,1,1,1,1,1,0,0,0,0,0,0,0,0,0,0,0,0,0,0,0,0,0,0,0,0,0,0,0,0,0,0,0,0,0,1,3,0,0,0,0,0,1,0,0,0,0,0,0,1,0,0,0,1,0,0,1,1,0,0,0,0,0,0,0,0,0,0,0.0,0.0,0.0,0,0,0,0,0,0,0,0,0,0,0,0,0,0,0,0,0,0,0,0,0,0.0,0.0,0.875,0.0,0,,multi_full_20260502_195405_0001,2026-05-02T21:48:26.000309,https://www.apnic.net/wp-json/oembed/1.0/embed/?url=https%3A%2F%2Fwww.apnic.net%2Fcommunity%2Fipv6%2F&,https://www.apnic.net/,False,https://www.apnic.net/wp-json/oembed/1.0/embed/?url=https%3A%2F%2Fwww.apnic.net%2Fcommunity%2Fipv6%2F&,https://www.apnic.net/,https://www.apnic.net/wp-json/oembed/1.0/embed/?url=https%3A%2F%2Fwww.apnic.net%2Fcommunity%2Fipv6%2F&,recon_page,2026-05-02T21:48:26.020156
49,1,3,0,0,0,0,1,0,13,0,net,200,2,181559,1010.1329999999999,0,0,19,1,cloudflare,0,html,0,0,0,1,7,1,1,1,1,1,1,2,1,2,0,0,0,0,0,0,0,0,1,9,0,0,0,0,1,20,9,8,3,1,318,237,81,1,47,1,26,1,12,1,1,16,1,0,0,0,1,0,0,1,0,0,1,0,0,0,1,1,0,0,0,0,0,0,0,0,0,0,0.0,0.0,0.0,0,0,0,1,1,0,0,0,0,2,0,1,241,32,0,0,0,0,0,0,0,1.0,0.000110157028844618,0.875,0.0716020687490017,0,,multi_full_20260502_195405_0001,2026-05-02T21:48:26.200534,https://www.apnic.net/community/ipv6/deploy-ipv6/,https://www.apnic.net/,False,https://www.apnic.net/community/ipv6/deploy-ipv6/,https://www.apnic.net/,https://www.apnic.net/community/ipv6/deploy-ipv6/,recon_page,2026-05-02T21:48:26.212818
65,1,3,0,0,0,0,1,0,13,0,net,200,2,98288,1106.498,0,0,19,1,cloudflare,0,html,0,0,0,1,7,1,1,1,1,1,1,2,1,2,0,0,0,0,0,0,0,0,1,9,0,0,0,0,1,18,8,8,2,1,188,175,13,1,3,1,26,1,11,1,1,16,1,0,0,0,1,0,0,1,0,0,0,0,0,0,1,1,0,0,0,0,0,0,0,0,0,0,0.0,0.0,0.0,0,0,0,1,1,0,0,0,0,2,0,1,121,15,0,0,0,0,0,0,0,1.0,0.00018313527592381574,0.875,0.13226436594497804,0,,multi_full_20260502_195405_0001,2026-05-02T21:48:26.611932,https://www.apnic.net/community/ipv6/network-address-translation/,https://www.apnic.net/,False,https://www.apnic.net/community/ipv6/network-address-translation/,https://www.apnic.net/,https://www.apnic.net/community/ipv6/network-address-translation/,recon_page,2026-05-02T21:48:26.622011
46,1,3,0,0,0,0,1,0,13,0,net,200,2,97310,969.1659999999999,0,0,19,1,cloudflare,0,html,0,0,0,1,7,1,1,1,1,1,1,2,1,2,0,0,0,0,0,0,0,0,1,9,0,0,0,0,1,18,8,8,2,1,190,176,14,1,3,1,26,1,11,1,1,16,1,0,0,0,1,0,0,1,0,0,0,0,0,0,1,1,0,0,0,0,0,0,0,0,0,0,0.0,0.0,0.0,0,0,0,1,1,0,0,0,0,2,0,1,122,15,0,0,0,0,0,0,0,1.0,0.0001849758503750899,0.875,0.13359366971534273,0,,multi_full_20260502_195405_0001,2026-05-02T21:48:27.235721,https://www.apnic.net/community/ipv6/get-ipv6/,https://www.apnic.net/,False,https://www.apnic.net/community/ipv6/get-ipv6/,https://www.apnic.net/,https://www.apnic.net/community/ipv6/get-ipv6/,recon_page,2026-05-02T21:48:27.243999
47,1,5,0,0,0,0,1,0,13,0,net,403,4,5628,382.295,0,0,22,1,cloudflare,0,html,0,0,0,0,6,1,1,0,1,1,0,0,0,0,0,0,0,0,0,0,0,0,0,0,0,0,0,0,1,1,1,0,0,0,0,0,0,0,0,1,6,0,0,1,0,0,1,0,0,0,0,0,0,0,0,0,0,1,0,0,1,1,0,0,0,0,0,0,0,0,0,0,0.0,0.0,0.0,0,0,0,0,0,0,0,0,0,0,0,0,0,0,0,0,0,0,0,0,0,0.0,0.00017768301350390902,0.75,0.0,0,,multi_full_20260502_195405_0001,2026-05-02T21:48:28.874621,https://www.apnic.net/wp-json/wp/v2/pages/5484/,https://www.apnic.net/,False,https://www.apnic.net/wp-json/wp/v2/pages/5484/,https://www.apnic.net/,https://www.apnic.net/wp-json/wp/v2/pages/5484/,recon_page,2026-05-02T21:48:28.881983
84,1,3,0,0,0,0,1,0,13,0,net,403,4,5803,430.76300000000003,0,0,22,1,cloudflare,0,html,0,0,0,0,6,1,1,0,1,1,0,0,0,0,0,0,0,0,0,0,0,0,0,0,0,0,0,0,1,1,1,0,0,0,0,0,0,0,0,1,6,0,0,1,0,0,1,0,0,0,0,0,0,0,0,0,0,1,0,0,1,1,0,0,0,0,0,0,0,0,0,0,0.0,0.0,0.0,0,0,0,0,0,0,0,0,0,0,0,0,0,0,0,0,0,0,0,0,0,0.0,0.00017232465965879716,0.75,0.0,0,,multi_full_20260502_195405_0001,2026-05-02T21:48:35.400754,https://www.apnic.net/about-apnic/publications-archive/internet-governance-archives/,https://www.apnic.net/,False,https://www.apnic.net/about-apnic/publications-archive/internet-governance-archives/,https://www.apnic.net/,https://www.apnic.net/about-apnic/publications-archive/internet-governance-archives/,recon_page,2026-05-02T21:48:35.405567
62,1,3,0,0,0,0,1,0,13,0,net,403,4,5694,395.194,0,0,22,1,cloudflare,0,html,0,0,0,0,6,1,1,0,1,1,0,0,0,0,0,0,0,0,0,0,0,0,0,0,0,0,0,0,1,1,1,0,0,0,0,0,0,0,0,1,6,0,0,1,0,0,1,0,0,0,0,0,0,0,0,0,0,1,0,0,1,1,0,0,0,0,0,0,0,0,0,0,0.0,0.0,0.0,0,0,0,0,0,0,0,0,0,0,0,0,0,0,0,0,0,0,0,0,0,0.0,0.00017562346329469617,0.75,0.0,0,,multi_full_20260502_195405_0001,2026-05-02T21:49:03.014208,https://www.apnic.net/about-apnic/publications-archive/apster/,https://www.apnic.net/,False,https://www.apnic.net/about-apnic/publications-archive/apster/,https://www.apnic.net/,https://www.apnic.net/about-apnic/publications-archive/apster/,recon_page,2026-05-02T21:49:03.017959
130,1,4,1,2,0,0,1,0,13,0,net,403,4,6005,140.52200000000002,0,0,22,1,cloudflare,0,html,0,0,0,0,6,1,1,0,1,1,0,0,0,0,0,0,0,0,0,0,0,0,0,0,0,0,0,0,1,1,1,0,0,0,0,0,0,0,0,1,6,0,0,1,0,0,1,0,0,0,0,0,0,0,0,0,0,1,0,0,1,1,0,0,1,0,0,0,0,0,0,0,0.0,0.0,0.0,0,0,0,0,0,0,0,0,0,0,0,0,0,0,0,0,0,0,0,0,0,0.0,0.00016652789342214822,0.75,0.0,0,,multi_full_20260502_195405_0001,2026-05-02T21:49:56.076826,https://www.apnic.net/wp-json/oembed/1.0/embed/?url=https%3A%2F%2Fwww.apnic.net%2Fabout-apnic%2Fpublications-archive%2F&format=xml,https://www.apnic.net/,False,https://www.apnic.net/wp-json/oembed/1.0/embed/?url=https%3A%2F%2Fwww.apnic.net%2Fabout-apnic%2Fpublications-archive%2F&format=xml,https://www.apnic.net/,https://www.apnic.net/wp-json/oembed/1.0/embed/?url=https%3A%2F%2Fwww.apnic.net%2Fabout-apnic%2Fpublications-archive%2F&format=xml,recon_page,2026-05-02T21:49:56.100400
72,1,3,0,0,0,0,1,0,13,0,net,403,4,5746,135.44400000000002,0,0,22,1,cloudflare,0,html,0,0,0,0,6,1,1,0,1,1,0,0,0,0,0,0,0,0,0,0,0,0,0,0,0,0,0,0,1,1,1,0,0,0,0,0,0,0,0,1,6,0,0,1,0,0,1,0,0,0,0,0,0,0,0,0,0,1,0,0,1,1,0,0,0,0,0,0,0,0,0,0,0.0,0.0,0.0,0,0,0,0,0,0,0,0,0,0,0,0,0,0,0,0,0,0,0,0,0,0.0,0.0001740341106856944,0.75,0.0,0,,multi_full_20260502_195405_0001,2026-05-02T21:49:56.318371,https://www.apnic.net/about-apnic/publications-archive/services-archive/,https://www.apnic.net/,False,https://www.apnic.net/about-apnic/publications-archive/services-archive/,https://www.apnic.net/,https://www.apnic.net/about-apnic/publications-archive/services-archive/,recon_page,2026-05-02T21:49:56.325734
66,1,5,0,0,0,0,1,0,13,0,net,403,4,5728,120.437,0,0,22,1,cloudflare,0,html,0,0,0,0,6,1,1,0,1,1,0,0,0,0,0,0,0,0,0,0,0,0,0,0,0,0,0,0,1,1,1,0,0,0,0,0,0,0,0,1,6,0,0,1,0,0,1,0,0,0,0,0,0,1,0,0,0,1,0,0,1,1,0,0,0,0,0,0,0,0,0,0,0.0,0.0,0.0,0,0,0,0,0,0,0,0,0,0,0,0,0,0,0,0,0,0,0,0,0,0.0,0.00017458100558659218,0.75,0.0,0,,multi_full_20260502_195405_0001,2026-05-02T21:49:56.590938,https://www.apnic.net/wp-content/uploads/2016/11/APNIC_Offices.jpg,https://www.apnic.net/,False,https://www.apnic.net/wp-content/uploads/2016/11/APNIC_Offices.jpg,https://www.apnic.net/,https://www.apnic.net/wp-content/uploads/2016/11/APNIC_Offices.jpg,recon_page,2026-05-02T21:49:56.602680
72,1,3,0,0,0,0,1,0,13,0,net,403,4,5746,125.62799999999999,0,0,22,1,cloudflare,0,html,0,0,0,0,6,1,1,0,1,1,0,0,0,0,0,0,0,0,0,0,0,0,0,0,0,0,0,0,1,1,1,0,0,0,0,0,0,0,0,1,6,0,0,1,0,0,1,0,0,0,0,0,0,0,0,0,0,1,0,0,1,1,0,0,0,0,0,0,0,0,0,0,0.0,0.0,0.0,0,0,0,0,0,0,0,0,0,0,0,0,0,0,0,0,0,0,0,0,0,0.0,0.0001740341106856944,0.75,0.0,0,,multi_full_20260502_195405_0001,2026-05-02T21:49:56.640128,https://www.apnic.net/about-apnic/publications-archive/meeting-archives/,https://www.apnic.net/,False,https://www.apnic.net/about-apnic/publications-archive/meeting-archives/,https://www.apnic.net/,https://www.apnic.net/about-apnic/publications-archive/meeting-archives/,recon_page,2026-05-02T21:49:56.644637
59,1,5,0,0,0,0,1,0,13,0,net,403,4,5685,168.789,0,0,22,1,cloudflare,0,html,0,0,0,0,6,1,1,0,1,1,0,0,0,0,0,0,0,0,0,0,0,0,0,0,0,0,0,0,1,1,1,0,0,0,0,0,0,0,0,1,6,0,0,1,0,0,1,0,0,0,0,0,0,1,0,0,0,1,0,0,1,1,0,0,0,0,0,0,0,0,0,0,0.0,0.0,0.0,0,0,0,0,0,0,0,0,0,0,0,0,0,0,0,0,0,0,0,0,0,0.0,0.00017590149516270889,0.75,0.0,0,,multi_full_20260502_195405_0001,2026-05-02T21:49:57.114618,https://www.apnic.net/wp-content/uploads/2016/11/news_1.jpg,https://www.apnic.net/,False,https://www.apnic.net/wp-content/uploads/2016/11/news_1.jpg,https://www.apnic.net/,https://www.apnic.net/wp-content/uploads/2016/11/news_1.jpg,recon_page,2026-05-02T21:49:57.128092
81,1,5,0,0,0,0,1,0,13,0,net,403,4,5773,398.634,0,0,22,1,cloudflare,0,html,0,0,0,0,6,1,1,0,1,1,0,0,0,0,0,0,0,0,0,0,0,0,0,0,0,0,0,0,1,1,1,0,0,0,0,0,0,0,0,1,6,0,0,1,0,0,1,0,0,0,0,0,0,1,0,0,0,1,0,0,1,1,0,0,0,0,0,0,0,0,0,0,0.0,0.0,0.0,0,0,0,0,0,0,0,0,0,0,0,0,0,0,0,0,0,0,0,0,0,0.0,0.00017322016282695306,0.75,0.0,0,,multi_full_20260502_195405_0001,2026-05-02T21:49:57.117532,https://www.apnic.net/wp-content/uploads/2023/11/Internet-Governance-Archives.jpg,https://www.apnic.net/,False,https://www.apnic.net/wp-content/uploads/2023/11/Internet-Governance-Archives.jpg,https://www.apnic.net/,https://www.apnic.net/wp-content/uploads/2023/11/Internet-Governance-Archives.jpg,recon_page,2026-05-02T21:49:57.124497
119,1,4,1,1,0,0,1,0,13,0,net,403,4,5951,167.971,0,0,22,1,cloudflare,0,html,0,0,0,0,6,1,1,0,1,1,0,0,0,0,0,0,0,0,0,0,0,0,0,0,0,0,0,0,1,1,1,0,0,0,0,0,0,0,0,1,6,0,0,1,0,0,1,0,0,0,0,0,0,0,0,0,0,1,0,0,1,1,0,0,0,0,0,0,0,0,0,0,0.0,0.0,0.0,0,0,0,0,0,0,0,0,0,0,0,0,0,0,0,0,0,0,0,0,0,0.0,0.00016803898504453034,0.75,0.0,0,,multi_full_20260502_195405_0001,2026-05-02T21:49:57.136618,https://www.apnic.net/wp-json/oembed/1.0/embed/?url=https%3A%2F%2Fwww.apnic.net%2Fabout-apnic%2Fpublications-archive%2F,https://www.apnic.net/,False,https://www.apnic.net/wp-json/oembed/1.0/embed/?url=https%3A%2F%2Fwww.apnic.net%2Fabout-apnic%2Fpublications-archive%2F,https://www.apnic.net/,https://www.apnic.net/wp-json/oembed/1.0/embed/?url=https%3A%2F%2Fwww.apnic.net%2Fabout-apnic%2Fpublications-archive%2F,recon_page,2026-05-02T21:49:57.142462
69,1,3,0,0,0,0,1,0,13,0,net,403,4,5737,121.58800000000001,0,0,22,1,cloudflare,0,html,0,0,0,0,6,1,1,0,1,1,0,0,0,0,0,0,0,0,0,0,0,0,0,0,0,0,0,0,1,1,1,0,0,0,0,0,0,0,0,1,6,0,0,1,0,0,1,0,0,0,0,0,0,0,0,0,0,1,0,0,1,1,0,0,0,0,0,0,0,0,0,0,0.0,0.0,0.0,0,0,0,0,0,0,0,0,0,0,0,0,0,0,0,0,0,0,0,0,0,0.0,0.0001743071291615827,0.75,0.0,0,,multi_full_20260502_195405_0001,2026-05-02T21:49:57.403609,https://www.apnic.net/about-apnic/publications-archive/news-archives/,https://www.apnic.net/,False,https://www.apnic.net/about-apnic/publications-archive/news-archives/,https://www.apnic.net/,https://www.apnic.net/about-apnic/publications-archive/news-archives/,recon_page,2026-05-02T21:49:57.414881
65,1,3,0,0,0,0,1,0,13,0,net,403,4,5703,166.917,0,0,22,1,cloudflare,0,html,0,0,0,0,6,1,1,0,1,1,0,0,0,0,0,0,0,0,0,0,0,0,0,0,0,0,0,0,1,1,1,0,0,0,0,0,0,0,0,1,6,0,0,1,0,0,1,0,0,0,0,0,0,0,0,0,0,1,0,0,1,1,0,0,0,0,0,0,0,0,0,0,0.0,0.0,0.0,0,0,0,0,0,0,0,0,0,0,0,0,0,0,0,0,0,0,0,0,0,0.0,0.0001753463089601964,0.75,0.0,0,,multi_full_20260502_195405_0001,2026-05-02T21:49:57.937421,https://www.apnic.net/about-apnic/publications-archive/brochures/,https://www.apnic.net/,False,https://www.apnic.net/about-apnic/publications-archive/brochures/,https://www.apnic.net/,https://www.apnic.net/about-apnic/publications-archive/brochures/,recon_page,2026-05-02T21:49:57.947259
47,1,5,0,0,0,0,1,0,13,0,net,403,4,5628,356.182,0,0,22,1,cloudflare,0,html,0,0,0,0,6,1,1,0,1,1,0,0,0,0,0,0,0,0,0,0,0,0,0,0,0,0,0,0,1,1,1,0,0,0,0,0,0,0,0,1,6,0,0,1,0,0,1,0,0,0,0,0,0,0,0,0,0,1,0,0,1,1,0,0,0,0,0,0,0,0,0,0,0.0,0.0,0.0,0,0,0,0,0,0,0,0,0,0,0,0,0,0,0,0,0,0,0,0,0,0.0,0.00017768301350390902,0.75,0.0,0,,multi_full_20260502_195405_0001,2026-05-02T21:50:30.888650,https://www.apnic.net/wp-json/wp/v2/pages/4677/,https://www.apnic.net/,False,https://www.apnic.net/wp-json/wp/v2/pages/4677/,https://www.apnic.net/,https://www.apnic.net/wp-json/wp/v2/pages/4677/,recon_page,2026-05-02T21:50:30.893505
61,1,5,0,0,0,0,1,0,13,0,net,403,4,5691,828.386,0,0,22,1,cloudflare,0,html,0,0,0,0,6,1,1,0,1,1,0,0,0,0,0,0,0,0,0,0,0,0,0,0,0,0,0,0,1,1,1,0,0,0,0,0,0,0,0,1,6,0,0,1,0,0,1,0,0,0,0,0,0,1,0,0,0,1,0,0,1,1,0,0,0,0,0,0,0,0,0,0,0.0,0.0,0.0,0,0,0,0,0,0,0,0,0,0,0,0,0,0,0,0,0,0,0,0,0,0.0,0.00017571604287471446,0.75,0.0,0,,multi_full_20260502_195405_0001,2026-05-02T21:51:07.633758,https://www.apnic.net/wp-content/uploads/2016/11/brochure.jpg,https://www.apnic.net/,False,https://www.apnic.net/wp-content/uploads/2016/11/brochure.jpg,https://www.apnic.net/,https://www.apnic.net/wp-content/uploads/2016/11/brochure.jpg,recon_page,2026-05-02T21:51:07.651011
65,1,3,0,0,0,0,1,0,13,0,net,403,4,5703,840.699,0,0,22,1,cloudflare,0,html,0,0,0,0,6,1,1,0,1,1,0,0,0,0,0,0,0,0,0,0,0,0,0,0,0,0,0,0,1,1,1,0,0,0,0,0,0,0,0,1,6,0,0,1,0,0,1,0,0,0,0,0,0,0,0,0,0,1,0,0,1,1,0,0,0,0,0,0,0,0,0,0,0.0,0.0,0.0,0,0,0,0,0,0,0,0,0,0,0,0,0,0,0,0,0,0,0,0,0,0.0,0.0001753463089601964,0.75,0.0,0,,multi_full_20260502_195405_0001,2026-05-02T21:51:07.960612,https://www.apnic.net/about-apnic/publications-archive/bulletins/,https://www.apnic.net/,False,https://www.apnic.net/about-apnic/publications-archive/bulletins/,https://www.apnic.net/,https://www.apnic.net/about-apnic/publications-archive/bulletins/,recon_page,2026-05-02T21:51:07.966234
69,1,5,0,0,0,0,1,0,13,0,net,403,4,5737,850.444,0,0,22,1,cloudflare,0,html,0,0,0,0,6,1,1,0,1,1,0,0,0,0,0,0,0,0,0,0,0,0,0,0,0,0,0,0,1,1,1,0,0,0,0,0,0,0,0,1,6,0,0,1,0,0,1,0,0,0,0,0,0,1,0,0,0,1,0,0,1,1,0,0,0,0,0,0,0,0,0,0,0.0,0.0,0.0,0,0,0,0,0,0,0,0,0,0,0,0,0,0,0,0,0,0,0,0,0,0.0,0.0001743071291615827,0.75,0.0,0,,multi_full_20260502_195405_0001,2026-05-02T21:51:08.379053,https://www.apnic.net/wp-content/uploads/2023/11/Meeting-Archives.jpg,https://www.apnic.net/,False,https://www.apnic.net/wp-content/uploads/2023/11/Meeting-Archives.jpg,https://www.apnic.net/,https://www.apnic.net/wp-content/uploads/2023/11/Meeting-Archives.jpg,recon_page,2026-05-02T21:51:08.391772
70,1,5,0,0,0,0,1,0,13,0,net,403,4,5740,862.0889999999999,0,0,22,1,cloudflare,0,html,0,0,0,0,6,1,1,0,1,1,0,0,0,0,0,0,0,0,0,0,0,0,0,0,0,0,0,0,1,1,1,0,0,0,0,0,0,0,0,1,6,0,0,1,0,0,1,0,0,0,0,0,0,1,0,0,0,1,0,0,1,1,0,0,0,0,0,0,0,0,0,0,0.0,0.0,0.0,0,0,0,0,0,0,0,0,0,0,0,0,0,0,0,0,0,0,0,0,0,0.0,0.00017421602787456446,0.75,0.0,0,,multi_full_20260502_195405_0001,2026-05-02T21:51:08.388593,https://www.apnic.net/wp-content/uploads/2023/11/Services-Archives.jpg,https://www.apnic.net/,False,https://www.apnic.net/wp-content/uploads/2023/11/Services-Archives.jpg,https://www.apnic.net/,https://www.apnic.net/wp-content/uploads/2023/11/Services-Archives.jpg,recon_page,2026-05-02T21:51:08.404460
108,1,4,1,1,0,0,1,0,13,0,net,403,4,5893,598.992,0,0,22,1,cloudflare,0,html,0,0,0,0,6,1,1,0,1,1,0,0,0,0,0,0,0,0,0,0,0,0,0,0,0,0,0,0,1,1,1,0,0,0,0,0,0,0,0,1,6,0,0,1,0,0,1,0,0,0,0,0,0,0,0,0,0,1,0,0,1,1,0,0,0,0,0,0,0,0,0,0,0.0,0.0,0.0,0,0,0,0,0,0,0,0,0,0,0,0,0,0,0,0,0,0,0,0,0,0.0,0.00016969285593076533,0.75,0.0,0,,multi_full_20260502_195405_0001,2026-05-02T21:51:08.384422,https://www.apnic.net/wp-json/oembed/1.0/embed/?url=https%3A%2F%2Fwww.apnic.net%2Fevents%2Fsponsor-an-event&,https://www.apnic.net/,False,https://www.apnic.net/wp-json/oembed/1.0/embed/?url=https%3A%2F%2Fwww.apnic.net%2Fevents%2Fsponsor-an-event&,https://www.apnic.net/,https://www.apnic.net/wp-json/oembed/1.0/embed/?url=https%3A%2F%2Fwww.apnic.net%2Fevents%2Fsponsor-an-event&,recon_page,2026-05-02T21:51:08.402358
120,1,4,1,1,0,0,1,0,13,0,net,403,4,5951,843.837,0,0,22,1,cloudflare,0,html,0,0,0,0,6,1,1,0,1,1,0,0,0,0,0,0,0,0,0,0,0,0,0,0,0,0,0,0,1,1,1,0,0,0,0,0,0,0,0,1,6,0,0,1,0,0,1,0,0,0,0,0,0,0,0,0,0,1,0,0,1,1,0,0,0,0,0,0,0,0,0,0,0.0,0.0,0.0,0,0,0,0,0,0,0,0,0,0,0,0,0,0,0,0,0,0,0,0,0,0.0,0.00016803898504453034,0.75,0.0,0,,multi_full_20260502_195405_0001,2026-05-02T21:51:08.679495,https://www.apnic.net/wp-json/oembed/1.0/embed/?url=https%3A%2F%2Fwww.apnic.net%2Fabout-apnic%2Fpublications-archive%2F&,https://www.apnic.net/,False,https://www.apnic.net/wp-json/oembed/1.0/embed/?url=https%3A%2F%2Fwww.apnic.net%2Fabout-apnic%2Fpublications-archive%2F&,https://www.apnic.net/,https://www.apnic.net/wp-json/oembed/1.0/embed/?url=https%3A%2F%2Fwww.apnic.net%2Fabout-apnic%2Fpublications-archive%2F&,recon_page,2026-05-02T21:51:08.687787
107,1,4,1,1,0,0,1,0,13,0,net,403,4,5893,831.425,0,0,22,1,cloudflare,0,html,0,0,0,0,6,1,1,0,1,1,0,0,0,0,0,0,0,0,0,0,0,0,0,0,0,0,0,0,1,1,1,0,0,0,0,0,0,0,0,1,6,0,0,1,0,0,1,0,0,0,0,0,0,0,0,0,0,1,0,0,1,1,0,0,0,0,0,0,0,0,0,0,0.0,0.0,0.0,0,0,0,0,0,0,0,0,0,0,0,0,0,0,0,0,0,0,0,0,0,0.0,0.00016969285593076533,0.75,0.0,0,,multi_full_20260502_195405_0001,2026-05-02T21:51:08.671989,https://www.apnic.net/wp-json/oembed/1.0/embed/?url=https%3A%2F%2Fwww.apnic.net%2Fevents%2Fsponsor-an-event,https://www.apnic.net/,False,https://www.apnic.net/wp-json/oembed/1.0/embed/?url=https%3A%2F%2Fwww.apnic.net%2Fevents%2Fsponsor-an-event,https://www.apnic.net/,https://www.apnic.net/wp-json/oembed/1.0/embed/?url=https%3A%2F%2Fwww.apnic.net%2Fevents%2Fsponsor-an-event,recon_page,2026-05-02T21:51:08.680912
70,1,3,0,0,0,0,1,0,13,0,net,403,4,5740,965.591,0,0,22,1,cloudflare,0,html,0,0,0,0,6,1,1,0,1,1,0,0,0,0,0,0,0,0,0,0,0,0,0,0,0,0,0,0,1,1,1,0,0,0,0,0,0,0,0,1,6,0,0,1,0,0,1,0,0,0,0,0,0,0,0,0,0,1,0,0,1,1,0,0,0,0,0,0,0,0,0,0,0.0,0.0,0.0,0,0,0,0,0,0,0,0,0,0,0,0,0,0,0,0,0,0,0,0,0,0.0,0.00017421602787456446,0.75,0.0,0,,multi_full_20260502_195405_0001,2026-05-02T21:51:08.676281,https://www.apnic.net/about-apnic/publications-archive/apnic-articles/,https://www.apnic.net/,False,https://www.apnic.net/about-apnic/publications-archive/apnic-articles/,https://www.apnic.net/,https://www.apnic.net/about-apnic/publications-archive/apnic-articles/,recon_page,2026-05-02T21:51:08.683294
118,1,4,1,2,0,0,1,0,13,0,net,403,4,5948,839.9720000000001,0,0,22,1,cloudflare,0,html,0,0,0,0,6,1,1,0,1,1,0,0,0,0,0,0,0,0,0,0,0,0,0,0,0,0,0,0,1,1,1,0,0,0,0,0,0,0,0,1,6,0,0,1,0,0,1,0,0,0,0,0,0,0,0,0,0,1,0,0,1,1,0,0,1,0,0,0,0,0,0,0,0.0,0.0,0.0,0,0,0,0,0,0,0,0,0,0,0,0,0,0,0,0,0,0,0,0,0,0.0,0.00016812373907195696,0.75,0.0,0,,multi_full_20260502_195405_0001,2026-05-02T21:51:08.685950,https://www.apnic.net/wp-json/oembed/1.0/embed/?url=https%3A%2F%2Fwww.apnic.net%2Fevents%2Fsponsor-an-event&format=xml,https://www.apnic.net/,False,https://www.apnic.net/wp-json/oembed/1.0/embed/?url=https%3A%2F%2Fwww.apnic.net%2Fevents%2Fsponsor-an-event&format=xml,https://www.apnic.net/,https://www.apnic.net/wp-json/oembed/1.0/embed/?url=https%3A%2F%2Fwww.apnic.net%2Fevents%2Fsponsor-an-event&format=xml,recon_page,2026-05-02T21:51:08.769098
83,1,5,0,0,0,0,1,0,13,0,net,403,4,5800,958.601,0,0,22,1,cloudflare,0,html,0,0,0,0,6,1,1,0,1,1,0,0,0,0,0,0,0,0,0,0,0,0,0,0,0,0,0,0,1,1,1,0,0,0,0,0,0,0,0,1,6,0,0,1,0,0,1,0,0,0,0,0,0,1,0,0,0,1,0,0,1,1,0,0,0,0,0,0,0,0,0,0,0.0,0.0,0.0,0,0,0,0,0,0,0,0,0,0,0,0,0,0,0,0,0,0,0,0,0,0.0,0.00017241379310344826,0.75,0.0,0,,multi_full_20260502_195405_0001,2026-05-02T21:51:08.885464,https://www.apnic.net/wp-content/uploads/2016/11/Apster-Newsletter-Button_small.png,https://www.apnic.net/,False,https://www.apnic.net/wp-content/uploads/2016/11/Apster-Newsletter-Button_small.png,https://www.apnic.net/,https://www.apnic.net/wp-content/uploads/2016/11/Apster-Newsletter-Button_small.png,recon_page,2026-05-02T21:51:08.892631
70,1,5,0,0,0,0,1,0,13,0,net,403,4,5740,795.945,0,0,22,1,cloudflare,0,html,0,0,0,0,6,1,1,0,1,1,0,0,0,0,0,0,0,0,0,0,0,0,0,0,0,0,0,0,1,1,1,0,0,0,0,0,0,0,0,1,6,0,0,1,0,0,1,0,0,0,0,0,0,1,0,0,0,1,0,0,1,1,0,0,0,0,0,0,0,0,0,0,0.0,0.0,0.0,0,0,0,0,0,0,0,0,0,0,0,0,0,0,0,0,0,0,0,0,0,0.0,0.00017421602787456446,0.75,0.0,0,,multi_full_20260502_195405_0001,2026-05-02T21:51:08.879931,https://www.apnic.net/wp-content/uploads/2016/12/previous_sponsors.jpg,https://www.apnic.net/,False,https://www.apnic.net/wp-content/uploads/2016/12/previous_sponsors.jpg,https://www.apnic.net/,https://www.apnic.net/wp-content/uploads/2016/12/previous_sponsors.jpg,recon_page,2026-05-02T21:51:08.904855
93,1,5,0,0,0,0,1,0,13,0,net,403,4,5842,481.396,0,0,22,1,cloudflare,0,html,0,0,0,0,6,1,1,0,1,1,0,0,0,0,0,0,0,0,0,0,0,0,0,0,0,0,0,0,1,1,1,0,0,0,0,0,0,0,0,1,6,0,0,1,0,0,1,0,0,0,0,0,0,1,0,0,0,1,0,0,1,1,0,0,0,0,0,0,0,0,0,0,0.0,0.0,0.0,0,0,0,0,0,0,0,0,0,0,0,0,0,0,0,0,0,0,0,0,0,0.0,0.00017117425539198904,0.75,0.0,0,,multi_full_20260502_195405_0001,2026-05-02T21:51:10.538646,https://www.apnic.net/wp-content/uploads/APNIC Executive Council/images/EC-Diagram-02-011.png,https://www.apnic.net/,False,https://www.apnic.net/wp-content/uploads/APNIC Executive Council/images/EC-Diagram-02-011.png,https://www.apnic.net/,https://www.apnic.net/wp-content/uploads/APNIC Executive Council/images/EC-Diagram-02-011.png,recon_page,2026-05-02T21:51:10.548002
85,1,4,0,0,0,0,1,0,13,0,net,403,4,5806,428.284,0,0,22,1,cloudflare,0,html,0,0,0,0,6,1,1,0,1,1,0,0,0,0,0,0,0,0,0,0,0,0,0,0,0,0,0,0,1,1,1,0,0,0,0,0,0,0,0,1,6,0,0,1,0,0,1,0,0,0,0,0,0,0,0,0,0,1,0,0,1,1,0,0,0,0,0,0,0,0,0,0,0.0,0.0,0.0,0,0,0,0,0,0,0,0,0,0,0,0,0,0,0,0,0,0,0,0,0,0.0,0.0001722356183258698,0.75,0.0,0,,multi_full_20260502_195405_0001,2026-05-02T21:51:26.539924,https://www.apnic.net/about-apnic/organization/structure/proposed-by-law-reform-2023/,https://www.apnic.net/,False,https://www.apnic.net/about-apnic/organization/structure/proposed-by-law-reform-2023/,https://www.apnic.net/,https://www.apnic.net/about-apnic/organization/structure/proposed-by-law-reform-2023/,recon_page,2026-05-02T21:51:26.544652
98,1,5,0,0,0,0,1,0,13,0,net,403,4,5866,354.883,0,0,22,1,cloudflare,0,html,0,0,0,0,6,1,1,0,1,1,0,0,0,0,0,0,0,0,0,0,0,0,0,0,0,0,0,0,1,1,1,0,0,0,0,0,0,0,0,1,6,0,0,1,0,0,1,0,0,0,0,0,0,0,0,0,0,1,0,0,1,1,0,0,0,0,0,0,0,0,0,0,0.0,0.0,0.0,0,0,0,0,0,0,0,0,0,0,0,0,0,0,0,0,0,0,0,0,0,0.0,0.00017047391749062393,0.75,0.0,0,,multi_full_20260502_195405_0001,2026-05-02T21:51:26.835453,https://www.apnic.net/about-apnic/organization/structure/apnic-executive-council/contact-apnic-ec/,https://www.apnic.net/,False,https://www.apnic.net/about-apnic/organization/structure/apnic-executive-council/contact-apnic-ec/,https://www.apnic.net/,https://www.apnic.net/about-apnic/organization/structure/apnic-executive-council/contact-apnic-ec/,recon_page,2026-05-02T21:51:26.846888
150,1,4,1,1,0,0,1,0,13,0,net,403,4,6083,349.33,0,0,22,1,cloudflare,0,html,0,0,0,0,6,1,1,0,1,1,0,0,0,0,0,0,0,0,0,0,0,0,0,0,0,0,0,0,1,1,1,0,0,0,0,0,0,0,0,1,6,0,0,1,0,0,1,0,0,0,0,0,0,0,0,0,0,1,0,0,1,1,0,0,0,0,0,0,0,0,0,0,0.0,0.0,0.0,0,0,0,0,0,0,0,0,0,0,0,0,0,0,0,0,0,0,0,0,0,0.0,0.0001643925694558606,0.75,0.0,0,,multi_full_20260502_195405_0001,2026-05-02T21:51:26.846175,https://www.apnic.net/wp-json/oembed/1.0/embed/?url=https%3A%2F%2Fwww.apnic.net%2Fabout-apnic%2Forganization%2Fstructure%2Fapnic-executive-council%2F&,https://www.apnic.net/,False,https://www.apnic.net/wp-json/oembed/1.0/embed/?url=https%3A%2F%2Fwww.apnic.net%2Fabout-apnic%2Forganization%2Fstructure%2Fapnic-executive-council%2F&,https://www.apnic.net/,https://www.apnic.net/wp-json/oembed/1.0/embed/?url=https%3A%2F%2Fwww.apnic.net%2Fabout-apnic%2Forganization%2Fstructure%2Fapnic-executive-council%2F&,recon_page,2026-05-02T21:51:26.851047
92,1,5,0,0,0,0,1,0,13,0,net,403,4,5827,434.303,0,0,22,1,cloudflare,0,html,0,0,0,0,6,1,1,0,1,1,0,0,0,0,0,0,0,0,0,0,0,0,0,0,0,0,0,0,1,1,1,0,0,0,0,0,0,0,0,1,6,0,0,1,0,0,1,0,0,0,0,0,0,0,0,0,0,1,0,0,1,1,0,0,0,0,0,0,0,0,0,0,0.0,0.0,0.0,0,0,0,0,0,0,0,0,0,0,0,0,0,0,0,0,0,0,0,0,0,0.0,0.00017161489617298782,0.75,0.0,0,,multi_full_20260502_195405_0001,2026-05-02T21:51:47.787868,https://www.apnic.net/community/participate/elections/ec/nominations-for-apnic-ec-elections/,https://www.apnic.net/,False,https://www.apnic.net/community/participate/elections/ec/nominations-for-apnic-ec-elections/,https://www.apnic.net/,https://www.apnic.net/community/participate/elections/ec/nominations-for-apnic-ec-elections/,recon_page,2026-05-02T21:51:47.791359
103,1,5,0,0,0,0,1,0,13,0,net,403,4,5881,1127.6200000000001,0,0,22,1,cloudflare,0,html,0,0,0,0,6,1,1,0,1,1,0,0,0,0,0,0,0,0,0,0,0,0,0,0,0,0,0,0,1,1,1,0,0,0,0,0,0,0,0,1,6,0,0,1,0,0,1,0,0,0,0,0,0,0,0,0,0,1,0,0,1,1,0,0,0,0,0,0,0,0,0,0,0.0,0.0,0.0,0,0,0,0,0,0,0,0,0,0,0,0,0,0,0,0,0,0,0,0,0,0.0,0.00017003910899506886,0.75,0.0,0,,multi_full_20260502_195405_0001,2026-05-02T21:52:45.232948,https://www.apnic.net/about-apnic/organization/structure/apnic-executive-council/ec-meeting-attendance/,https://www.apnic.net/,False,https://www.apnic.net/about-apnic/organization/structure/apnic-executive-council/ec-meeting-attendance/,https://www.apnic.net/,https://www.apnic.net/about-apnic/organization/structure/apnic-executive-council/ec-meeting-attendance/,recon_page,2026-05-02T21:52:45.240269
106,1,5,0,0,0,0,1,0,13,0,net,403,4,5890,1014.7790000000001,0,0,22,1,cloudflare,0,html,0,0,0,0,6,1,1,0,1,1,0,0,0,0,0,0,0,0,0,0,0,0,0,0,0,0,0,0,1,1,1,0,0,0,0,0,0,0,0,1,6,0,0,1,0,0,1,0,0,0,0,0,0,0,0,0,0,1,0,0,1,1,0,0,0,0,0,0,0,0,0,0,0.0,0.0,0.0,0,0,0,0,0,0,0,0,0,0,0,0,0,0,0,0,0,0,0,0,0,0.0,0.00016977928692699492,0.75,0.0,0,,multi_full_20260502_195405_0001,2026-05-02T21:52:45.536014,https://www.apnic.net/about-apnic/organization/structure/apnic-executive-council/ec-roles-and-obligations/,https://www.apnic.net/,False,https://www.apnic.net/about-apnic/organization/structure/apnic-executive-council/ec-roles-and-obligations/,https://www.apnic.net/,https://www.apnic.net/about-apnic/organization/structure/apnic-executive-council/ec-roles-and-obligations/,recon_page,2026-05-02T21:52:45.544540
149,1,4,1,1,0,0,1,0,13,0,net,403,4,6083,1172.6680000000001,0,0,22,1,cloudflare,0,html,0,0,0,0,6,1,1,0,1,1,0,0,0,0,0,0,0,0,0,0,0,0,0,0,0,0,0,0,1,1,1,0,0,0,0,0,0,0,0,1,6,0,0,1,0,0,1,0,0,0,0,0,0,0,0,0,0,1,0,0,1,1,0,0,0,0,0,0,0,0,0,0,0.0,0.0,0.0,0,0,0,0,0,0,0,0,0,0,0,0,0,0,0,0,0,0,0,0,0,0.0,0.0001643925694558606,0.75,0.0,0,,multi_full_20260502_195405_0001,2026-05-02T21:52:45.808175,https://www.apnic.net/wp-json/oembed/1.0/embed/?url=https%3A%2F%2Fwww.apnic.net%2Fabout-apnic%2Forganization%2Fstructure%2Fapnic-executive-council%2F,https://www.apnic.net/,False,https://www.apnic.net/wp-json/oembed/1.0/embed/?url=https%3A%2F%2Fwww.apnic.net%2Fabout-apnic%2Forganization%2Fstructure%2Fapnic-executive-council%2F,https://www.apnic.net/,https://www.apnic.net/wp-json/oembed/1.0/embed/?url=https%3A%2F%2Fwww.apnic.net%2Fabout-apnic%2Forganization%2Fstructure%2Fapnic-executive-council%2F,recon_page,2026-05-02T21:52:45.813080
160,1,4,1,2,0,0,1,0,13,0,net,403,4,6116,1110.375,0,0,22,1,cloudflare,0,html,0,0,0,0,6,1,1,0,1,1,0,0,0,0,0,0,0,0,0,0,0,0,0,0,0,0,0,0,1,1,1,0,0,0,0,0,0,0,0,1,6,0,0,1,0,0,1,0,0,0,0,0,0,0,0,0,0,1,0,0,1,1,0,0,1,0,0,0,0,0,0,0,0.0,0.0,0.0,0,0,0,0,0,0,0,0,0,0,0,0,0,0,0,0,0,0,0,0,0,0.0,0.00016350555918901244,0.75,0.0,0,,multi_full_20260502_195405_0001,2026-05-02T21:52:45.804042,https://www.apnic.net/wp-json/oembed/1.0/embed/?url=https%3A%2F%2Fwww.apnic.net%2Fabout-apnic%2Forganization%2Fstructure%2Fapnic-executive-council%2F&format=xml,https://www.apnic.net/,False,https://www.apnic.net/wp-json/oembed/1.0/embed/?url=https%3A%2F%2Fwww.apnic.net%2Fabout-apnic%2Forganization%2Fstructure%2Fapnic-executive-council%2F&format=xml,https://www.apnic.net/,https://www.apnic.net/wp-json/oembed/1.0/embed/?url=https%3A%2F%2Fwww.apnic.net%2Fabout-apnic%2Forganization%2Fstructure%2Fapnic-executive-council%2F&format=xml,recon_page,2026-05-02T21:52:45.812707
58,1,3,0,0,0,0,1,0,13,0,net,403,4,5682,1064.663,0,0,22,1,cloudflare,0,html,0,0,0,0,6,1,1,0,1,1,0,0,0,0,0,0,0,0,0,0,0,0,0,0,0,0,0,0,1,1,1,0,0,0,0,0,0,0,0,1,6,0,0,1,0,0,1,0,0,0,0,0,0,0,0,0,0,1,0,0,1,1,0,0,0,0,0,0,0,0,0,0,0.0,0.0,0.0,0,0,0,0,0,0,0,0,0,0,0,0,0,0,0,0,0,0,0,0,0,0.0,0.00017599436818021823,0.75,0.0,0,,multi_full_20260502_195405_0001,2026-05-02T21:52:45.799277,https://www.apnic.net/community/ecosystem/iana-transition/,https://www.apnic.net/,False,https://www.apnic.net/community/ecosystem/iana-transition/,https://www.apnic.net/,https://www.apnic.net/community/ecosystem/iana-transition/,recon_page,2026-05-02T21:52:45.810823
103,1,5,0,0,0,0,1,0,13,0,net,403,4,5881,917.8929999999999,0,0,22,1,cloudflare,0,html,0,0,0,0,6,1,1,0,1,1,0,0,0,0,0,0,0,0,0,0,0,0,0,0,0,0,0,0,1,1,1,0,0,0,0,0,0,0,0,1,6,0,0,1,0,0,1,0,0,0,0,0,0,1,0,0,0,1,0,0,1,1,0,0,0,0,0,0,0,0,0,0,0.0,0.0,0.0,0,0,0,0,0,0,0,0,0,0,0,0,0,0,0,0,0,0,0,0,0,0.0,0.00017003910899506886,0.75,0.0,0,,multi_full_20260502_195405_0001,2026-05-02T21:52:46.298941,https://www.apnic.net/wp-content/uploads/2017/01/Internet-ecosystem_static_1000px_Alt_Colours_13-01.png,https://www.apnic.net/,False,https://www.apnic.net/wp-content/uploads/2017/01/Internet-ecosystem_static_1000px_Alt_Colours_13-01.png,https://www.apnic.net/,https://www.apnic.net/wp-content/uploads/2017/01/Internet-ecosystem_static_1000px_Alt_Colours_13-01.png,recon_page,2026-05-02T21:52:46.303551
47,1,5,0,0,0,0,1,0,13,0,net,403,4,5628,1166.7320000000002,0,0,22,1,cloudflare,0,html,0,0,0,0,6,1,1,0,1,1,0,0,0,0,0,0,0,0,0,0,0,0,0,0,0,0,0,0,1,1,1,0,0,0,0,0,0,0,0,1,6,0,0,1,0,0,1,0,0,0,0,0,0,0,0,0,0,1,0,0,1,1,0,0,0,0,0,0,0,0,0,0,0.0,0.0,0.0,0,0,0,0,0,0,0,0,0,0,0,0,0,0,0,0,0,0,0,0,0,0.0,0.00017768301350390902,0.75,0.0,0,,multi_full_20260502_195405_0001,2026-05-02T21:52:46.364649,https://www.apnic.net/wp-json/wp/v2/pages/1521/,https://www.apnic.net/,False,https://www.apnic.net/wp-json/wp/v2/pages/1521/,https://www.apnic.net/,https://www.apnic.net/wp-json/wp/v2/pages/1521/,recon_page,2026-05-02T21:52:46.380292
46,1,3,0,0,0,0,1,0,13,0,net,403,4,5625,1057.135,0,0,22,1,cloudflare,0,html,0,0,0,0,6,1,1,0,1,1,0,0,0,0,0,0,0,0,0,0,0,0,0,0,0,0,0,0,1,1,1,0,0,0,0,0,0,0,0,1,6,0,0,1,0,0,1,0,0,0,0,0,0,0,0,0,0,1,0,0,1,1,0,0,0,0,0,0,0,0,0,0,0.0,0.0,0.0,0,0,0,0,0,0,0,0,0,0,0,0,0,0,0,0,0,0,0,0,0,0.0,0.00017777777777777779,0.75,0.0,0,,multi_full_20260502_195405_0001,2026-05-02T21:52:46.358669,https://www.apnic.net/community/ecosystem/igf/,https://www.apnic.net/,False,https://www.apnic.net/community/ecosystem/igf/,https://www.apnic.net/,https://www.apnic.net/community/ecosystem/igf/,recon_page,2026-05-02T21:52:46.382002
111,1,5,0,0,0,0,1,0,13,0,net,403,4,5905,1101.1,0,0,22,1,cloudflare,0,html,0,0,0,0,6,1,1,0,1,1,0,0,0,0,0,0,0,0,0,0,0,0,0,0,0,0,0,0,1,1,1,0,0,0,0,0,0,0,0,1,6,0,0,1,0,0,1,0,0,0,0,0,0,1,0,0,0,1,0,0,1,1,0,0,0,0,0,0,0,0,0,0,0.0,0.0,0.0,0,0,0,0,0,0,0,0,0,0,0,0,0,0,0,0,0,0,0,0,0,0.0,0.00016934801016088062,0.75,0.0,0,,multi_full_20260502_195405_0001,2026-05-02T21:52:46.367922,https://www.apnic.net/wp-content/uploads/2025/02/Finance-Risk-Audit-Committee-Charter-v1.0-10-December-2024.pdf,https://www.apnic.net/,False,https://www.apnic.net/wp-content/uploads/2025/02/Finance-Risk-Audit-Committee-Charter-v1.0-10-December-2024.pdf,https://www.apnic.net/,https://www.apnic.net/wp-content/uploads/2025/02/Finance-Risk-Audit-Committee-Charter-v1.0-10-December-2024.pdf,recon_page,2026-05-02T21:52:46.385367
85,1,4,0,0,0,0,1,0,13,0,net,403,4,5806,1152.163,0,0,22,1,cloudflare,0,html,0,0,0,0,6,1,1,0,1,1,0,0,0,0,0,0,0,0,0,0,0,0,0,0,0,0,0,0,1,1,1,0,0,0,0,0,0,0,0,1,6,0,0,1,0,0,1,0,0,0,0,0,0,0,0,0,0,1,0,0,1,1,0,0,0,0,0,0,0,0,0,0,0.0,0.0,0.0,0,0,0,0,0,0,0,0,0,0,0,0,0,0,0,0,0,0,0,0,0,0.0,0.0001722356183258698,0.75,0.0,0,,multi_full_20260502_195405_0001,2026-05-02T21:52:46.356512,https://www.apnic.net/about-apnic/organization/structure/proposed-by-law-reform-2026/,https://www.apnic.net/,False,https://www.apnic.net/about-apnic/organization/structure/proposed-by-law-reform-2026/,https://www.apnic.net/,https://www.apnic.net/about-apnic/organization/structure/proposed-by-law-reform-2026/,recon_page,2026-05-02T21:52:46.382784
137,1,6,0,0,0,0,1,0,13,0,net,403,4,6026,1074.341,0,0,22,1,cloudflare,0,html,0,0,0,0,6,1,1,0,1,1,0,0,0,0,0,0,0,0,0,0,0,0,0,0,0,0,0,0,1,1,1,0,0,0,0,0,0,0,0,1,6,0,0,1,0,0,1,0,0,0,0,0,0,0,0,0,0,1,0,0,1,1,0,0,0,0,0,0,0,0,0,0,0.0,0.0,0.0,0,0,0,0,0,0,0,0,0,0,0,0,0,0,0,0,0,0,0,0,0,0.0,0.00016594756057085962,0.75,0.0,0,,multi_full_20260502_195405_0001,2026-05-02T21:52:46.379547,https://www.apnic.net/about-apnic/organization/structure/apnic-executive-council/ec-roles-and-obligations/ec-correspondence-and-feedback/,https://www.apnic.net/,False,https://www.apnic.net/about-apnic/organization/structure/apnic-executive-council/ec-roles-and-obligations/ec-correspondence-and-feedback/,https://www.apnic.net/,https://www.apnic.net/about-apnic/organization/structure/apnic-executive-council/ec-roles-and-obligations/ec-correspondence-and-feedback/,recon_page,2026-05-02T21:52:46.388450
105,1,5,0,0,0,0,1,0,13,0,net,403,4,5887,1108.173,0,0,22,1,cloudflare,0,html,0,0,0,0,6,1,1,0,1,1,0,0,0,0,0,0,0,0,0,0,0,0,0,0,0,0,0,0,1,1,1,0,0,0,0,0,0,0,0,1,6,0,0,1,0,0,1,0,0,0,0,0,0,1,0,0,0,1,0,0,1,1,0,0,0,0,0,0,0,0,0,0,0.0,0.0,0.0,0,0,0,0,0,0,0,0,0,0,0,0,0,0,0,0,0,0,0,0,0,0.0,0.00016986580601324953,0.75,0.0,0,,multi_full_20260502_195405_0001,2026-05-02T21:52:46.375021,https://www.apnic.net/wp-content/uploads/2025/02/Remuneration-Committee-Charter-v1.0-10-December-2024.pdf,https://www.apnic.net/,False,https://www.apnic.net/wp-content/uploads/2025/02/Remuneration-Committee-Charter-v1.0-10-December-2024.pdf,https://www.apnic.net/,https://www.apnic.net/wp-content/uploads/2025/02/Remuneration-Committee-Charter-v1.0-10-December-2024.pdf,recon_page,2026-05-02T21:52:46.391094
47,1,5,0,0,0,0,1,0,13,0,net,403,4,5628,362.719,0,0,22,1,cloudflare,0,html,0,0,0,0,6,1,1,0,1,1,0,0,0,0,0,0,0,0,0,0,0,0,0,0,0,0,0,0,1,1,1,0,0,0,0,0,0,0,0,1,6,0,0,1,0,0,1,0,0,0,0,0,0,0,0,0,0,1,0,0,1,1,0,0,0,0,0,0,0,0,0,0,0.0,0.0,0.0,0,0,0,0,0,0,0,0,0,0,0,0,0,0,0,0,0,0,0,0,0,0.0,0.00017768301350390902,0.75,0.0,0,,multi_full_20260502_195405_0001,2026-05-02T21:53:04.063750,https://www.apnic.net/wp-json/wp/v2/pages/1086/,https://www.apnic.net/,False,https://www.apnic.net/wp-json/wp/v2/pages/1086/,https://www.apnic.net/,https://www.apnic.net/wp-json/wp/v2/pages/1086/,recon_page,2026-05-02T21:53:04.070164
117,1,4,1,2,0,0,1,0,13,0,net,403,4,5945,427.832,0,0,22,1,cloudflare,0,html,0,0,0,0,6,1,1,0,1,1,0,0,0,0,0,0,0,0,0,0,0,0,0,0,0,0,0,0,1,1,1,0,0,0,0,0,0,0,0,1,6,0,0,1,0,0,1,0,0,0,0,0,0,0,0,0,0,1,0,0,1,1,0,0,1,0,0,0,0,0,0,0,0.0,0.0,0.0,0,0,0,0,0,0,0,0,0,0,0,0,0,0,0,0,0,0,0,0,0,0.0,0.0001682085786375105,0.75,0.0,0,,multi_full_20260502_195405_0001,2026-05-02T21:53:04.320476,https://www.apnic.net/wp-json/oembed/1.0/embed/?url=https%3A%2F%2Fwww.apnic.net%2Fcommunity%2Fecosystem%2F&format=xml,https://www.apnic.net/,False,https://www.apnic.net/wp-json/oembed/1.0/embed/?url=https%3A%2F%2Fwww.apnic.net%2Fcommunity%2Fecosystem%2F&format=xml,https://www.apnic.net/,https://www.apnic.net/wp-json/oembed/1.0/embed/?url=https%3A%2F%2Fwww.apnic.net%2Fcommunity%2Fecosystem%2F&format=xml,recon_page,2026-05-02T21:53:04.332757
107,1,4,1,1,0,0,1,0,13,0,net,403,4,2515,1625.083,0,0,18,1,cloudflare,0,html,0,0,0,1,7,1,1,1,1,1,0,0,0,0,0,0,0,0,0,0,0,0,0,0,0,0,0,0,0,0,0,0,0,0,0,0,0,0,0,1,3,0,0,0,0,0,1,0,0,0,0,0,0,1,0,0,0,1,0,0,1,1,0,0,0,0,0,0,0,0,0,0,0.0,0.0,0.0,0,0,0,0,0,0,0,0,0,0,0,0,0,0,0,0,0,0,0,0,0,0.0,0.0,0.875,0.0,0,,multi_full_20260502_195405_0001,2026-05-02T21:53:30.828590,https://www.apnic.net/wp-json/oembed/1.0/embed/?url=https%3A%2F%2Fwww.apnic.net%2Fcommunity%2Fecosystem%2F&,https://www.apnic.net/,False,https://www.apnic.net/wp-json/oembed/1.0/embed/?url=https%3A%2F%2Fwww.apnic.net%2Fcommunity%2Fecosystem%2F&,https://www.apnic.net/,https://www.apnic.net/wp-json/oembed/1.0/embed/?url=https%3A%2F%2Fwww.apnic.net%2Fcommunity%2Fecosystem%2F&,recon_page,2026-05-02T21:53:30.833761
153,1,4,1,1,0,0,1,0,13,0,net,403,4,2515,945.177,0,0,18,1,cloudflare,0,html,0,0,0,1,7,1,1,1,1,1,0,0,0,0,0,0,0,0,0,0,0,0,0,0,0,0,0,0,0,0,0,0,0,0,0,0,0,0,0,1,3,0,0,0,0,0,1,0,0,0,0,0,0,1,0,0,0,1,0,0,1,1,0,0,0,0,0,0,0,0,0,0,0.0,0.0,0.0,0,0,0,0,0,0,0,0,0,0,0,0,0,0,0,0,0,0,0,0,0,0.0,0.0,0.875,0.0,0,,multi_full_20260502_195405_0001,2026-05-02T21:54:04.084167,https://www.apnic.net/wp-json/oembed/1.0/embed/?url=https%3A%2F%2Fwww.apnic.net%2Fabout-apnic%2Fcorporate-documents%2Fdocuments%2Fcorporate%2Fprivacy%2F&,https://www.apnic.net/,False,https://www.apnic.net/wp-json/oembed/1.0/embed/?url=https%3A%2F%2Fwww.apnic.net%2Fabout-apnic%2Fcorporate-documents%2Fdocuments%2Fcorporate%2Fprivacy%2F&,https://www.apnic.net/,https://www.apnic.net/wp-json/oembed/1.0/embed/?url=https%3A%2F%2Fwww.apnic.net%2Fabout-apnic%2Fcorporate-documents%2Fdocuments%2Fcorporate%2Fprivacy%2F&,recon_page,2026-05-02T21:54:04.093898
152,1,4,1,1,0,0,1,0,13,0,net,403,4,2515,1478.302,0,0,18,1,cloudflare,0,html,0,0,0,1,7,1,1,1,1,1,0,0,0,0,0,0,0,0,0,0,0,0,0,0,0,0,0,0,0,0,0,0,0,0,0,0,0,0,0,1,3,0,0,0,0,0,1,0,0,0,0,0,0,1,0,0,0,1,0,0,1,1,0,0,0,0,0,0,0,0,0,0,0.0,0.0,0.0,0,0,0,0,0,0,0,0,0,0,0,0,0,0,0,0,0,0,0,0,0,0.0,0.0,0.875,0.0,0,,multi_full_20260502_195405_0001,2026-05-02T21:54:05.203469,https://www.apnic.net/wp-json/oembed/1.0/embed/?url=https%3A%2F%2Fwww.apnic.net%2Fabout-apnic%2Fcorporate-documents%2Fdocuments%2Fcorporate%2Fprivacy%2F,https://www.apnic.net/,False,https://www.apnic.net/wp-json/oembed/1.0/embed/?url=https%3A%2F%2Fwww.apnic.net%2Fabout-apnic%2Fcorporate-documents%2Fdocuments%2Fcorporate%2Fprivacy%2F,https://www.apnic.net/,https://www.apnic.net/wp-json/oembed/1.0/embed/?url=https%3A%2F%2Fwww.apnic.net%2Fabout-apnic%2Fcorporate-documents%2Fdocuments%2Fcorporate%2Fprivacy%2F,recon_page,2026-05-02T21:54:05.214804
47,1,5,0,0,0,0,1,0,13,0,net,403,4,2515,1633.18,0,0,18,1,cloudflare,0,html,0,0,0,1,7,1,1,1,1,1,0,0,0,0,0,0,0,0,0,0,0,0,0,0,0,0,0,0,0,0,0,0,0,0,0,0,0,0,0,1,3,0,0,0,0,0,1,0,0,0,0,0,0,1,0,0,0,1,0,0,1,1,0,0,0,0,0,0,0,0,0,0,0.0,0.0,0.0,0,0,0,0,0,0,0,0,0,0,0,0,0,0,0,0,0,0,0,0,0,0.0,0.0,0.875,0.0,0,,multi_full_20260502_195405_0001,2026-05-02T21:54:05.609385,https://www.apnic.net/wp-json/wp/v2/pages/4757/,https://www.apnic.net/,False,https://www.apnic.net/wp-json/wp/v2/pages/4757/,https://www.apnic.net/,https://www.apnic.net/wp-json/wp/v2/pages/4757/,recon_page,2026-05-02T21:54:05.614509
54,1,3,0,0,0,0,1,0,13,0,net,200,2,87782,1721.947,0,0,19,1,cloudflare,0,html,0,0,0,1,7,1,1,1,1,1,1,2,1,2,0,0,0,0,0,0,0,0,1,9,0,0,0,0,1,17,7,8,2,1,212,182,30,1,3,1,26,1,10,1,1,15,1,0,0,0,1,1,0,1,0,0,0,0,0,0,1,1,0,0,0,0,0,0,0,0,0,0,0.0,0.0,0.0,0,0,0,1,1,0,0,0,0,2,0,1,141,19,0,0,0,0,0,0,0,1.0,0.00019366157070925704,0.875,0.1480941423070789,0,,multi_full_20260502_195405_0001,2026-05-02T21:54:05.969446,https://www.apnic.net/community/ecosystem/icp2-review/,https://www.apnic.net/,False,https://www.apnic.net/community/ecosystem/icp2-review/,https://www.apnic.net/,https://www.apnic.net/community/ecosystem/icp2-review/,recon_page,2026-05-02T21:54:05.984196
106,1,4,1,1,0,0,1,0,13,0,net,403,4,2515,1646.76,0,0,18,1,cloudflare,0,html,0,0,0,1,7,1,1,1,1,1,0,0,0,0,0,0,0,0,0,0,0,0,0,0,0,0,0,0,0,0,0,0,0,0,0,0,0,0,0,1,3,0,0,0,0,0,1,0,0,0,0,0,0,1,0,0,0,1,0,0,1,1,0,0,0,0,0,0,0,0,0,0,0.0,0.0,0.0,0,0,0,0,0,0,0,0,0,0,0,0,0,0,0,0,0,0,0,0,0,0.0,0.0,0.875,0.0,0,,multi_full_20260502_195405_0001,2026-05-02T21:54:06.148097,https://www.apnic.net/wp-json/oembed/1.0/embed/?url=https%3A%2F%2Fwww.apnic.net%2Fcommunity%2Fecosystem%2F,https://www.apnic.net/,False,https://www.apnic.net/wp-json/oembed/1.0/embed/?url=https%3A%2F%2Fwww.apnic.net%2Fcommunity%2Fecosystem%2F,https://www.apnic.net/,https://www.apnic.net/wp-json/oembed/1.0/embed/?url=https%3A%2F%2Fwww.apnic.net%2Fcommunity%2Fecosystem%2F,recon_page,2026-05-02T21:54:06.153254
74,1,4,0,0,0,0,1,0,13,0,net,200,2,92704,126.85,0,0,20,1,cloudflare,0,html,0,0,0,1,7,1,1,1,1,1,1,2,1,2,0,0,0,0,0,0,0,0,1,9,0,0,0,0,1,17,7,8,2,1,202,189,13,1,3,1,26,1,10,1,1,15,1,0,0,0,1,0,0,1,0,0,0,0,0,0,1,1,0,0,0,0,0,0,0,0,0,0,0.0,0.0,0.0,0,0,0,1,1,0,0,0,0,2,0,1,136,15,0,0,0,0,1,0,0,1.0,0.00018337935795650673,0.875,0.14023127373144634,0,,multi_full_20260502_195405_0001,2026-05-02T21:54:06.292915,https://www.apnic.net/about-apnic/corporate-documents/documents/corporate/,https://www.apnic.net/,False,https://www.apnic.net/about-apnic/corporate-documents/documents/corporate/,https://www.apnic.net/,https://www.apnic.net/about-apnic/corporate-documents/documents/corporate/,recon_page,2026-05-02T21:54:06.300701
45,1,3,0,0,0,0,1,0,13,0,net,200,2,90586,1901.8319999999999,0,0,19,1,cloudflare,0,html,0,0,0,1,7,1,1,1,1,1,1,2,1,2,0,0,0,0,0,0,0,0,1,9,0,0,0,0,1,17,7,8,2,1,203,180,23,1,5,1,26,1,11,1,1,14,1,0,0,0,1,1,0,1,0,0,0,0,0,0,1,1,0,0,0,0,0,0,0,0,0,0,0.0,0.0,0.0,0,0,0,1,1,0,0,0,0,2,0,1,137,17,0,0,0,0,0,0,0,1.0,0.0001876669684057139,0.875,0.14351003466319298,0,,multi_full_20260502_195405_0001,2026-05-02T21:54:06.295612,https://www.apnic.net/community/ecosystem/ig/,https://www.apnic.net/,False,https://www.apnic.net/community/ecosystem/ig/,https://www.apnic.net/,https://www.apnic.net/community/ecosystem/ig/,recon_page,2026-05-02T21:54:06.306667
112,1,5,0,0,0,0,1,0,13,0,net,200,2,76802,1905.364,0,0,19,1,cloudflare,0,html,0,0,0,1,7,1,1,1,1,1,1,2,1,2,0,0,0,0,0,0,0,0,1,9,0,0,0,0,1,17,7,8,2,1,199,187,12,1,3,1,26,1,10,1,1,14,1,0,0,0,1,0,0,1,0,0,0,0,0,0,1,1,0,0,0,0,0,0,0,0,0,0,0.0,0.0,0.0,0,0,0,1,1,0,0,0,0,2,0,1,134,15,0,0,0,0,0,0,0,1.0,0.00022134840238535454,0.875,0.16926642535350642,0,,multi_full_20260502_195405_0001,2026-05-02T21:54:06.825681,https://www.apnic.net/about-apnic/corporate-documents/documents/corporate/information-security-policy-statement/,https://www.apnic.net/,False,https://www.apnic.net/about-apnic/corporate-documents/documents/corporate/information-security-policy-statement/,https://www.apnic.net/,https://www.apnic.net/about-apnic/corporate-documents/documents/corporate/information-security-policy-statement/,recon_page,2026-05-02T21:54:06.837835
83,1,4,0,0,0,0,1,0,13,0,net,200,2,92859,916.0930000000001,0,0,19,1,cloudflare,0,html,0,0,0,1,7,1,1,1,1,1,1,2,1,2,0,0,0,0,0,0,0,0,1,9,0,0,0,0,1,17,7,8,2,1,197,185,12,1,3,1,26,1,10,1,1,14,1,0,0,0,1,0,0,1,0,0,0,0,0,0,1,1,0,0,0,0,0,0,0,0,0,0,0.0,0.0,0.0,0,0,0,1,1,0,0,0,0,2,0,1,132,15,0,0,0,0,0,0,0,1.0,0.00018307326161169085,0.875,0.1399972000559989,0,,multi_full_20260502_195405_0001,2026-05-02T21:54:06.840682,https://www.apnic.net/about-apnic/corporate-documents/documents/policy-development/,https://www.apnic.net/,False,https://www.apnic.net/about-apnic/corporate-documents/documents/policy-development/,https://www.apnic.net/,https://www.apnic.net/about-apnic/corporate-documents/documents/policy-development/,recon_page,2026-05-02T21:54:06.845900
84,1,4,0,0,0,0,1,0,13,0,net,200,2,91480,1021.46,0,0,19,1,cloudflare,0,html,0,0,0,1,7,1,1,1,1,1,1,2,1,2,0,0,0,0,0,0,0,0,1,9,0,0,0,0,1,17,7,8,2,1,205,192,13,1,3,1,26,1,10,1,1,14,1,0,0,0,1,0,0,1,0,0,0,0,0,0,1,1,0,0,0,0,0,0,0,0,0,0,0.0,0.0,0.0,0,0,0,1,1,0,0,0,0,2,0,1,140,15,0,0,0,0,0,0,0,1.0,0.00018583296895496282,0.875,0.14210756449497158,0,,multi_full_20260502_195405_0001,2026-05-02T21:54:07.401785,https://www.apnic.net/about-apnic/corporate-documents/documents/resource-guidelines/,https://www.apnic.net/,False,https://www.apnic.net/about-apnic/corporate-documents/documents/resource-guidelines/,https://www.apnic.net/,https://www.apnic.net/about-apnic/corporate-documents/documents/resource-guidelines/,recon_page,2026-05-02T21:54:07.408079
85,1,4,0,0,0,0,1,0,13,0,net,200,2,76521,946.549,0,0,19,1,cloudflare,0,html,0,0,0,1,7,1,1,1,1,1,1,2,1,2,0,0,0,0,0,0,0,0,1,9,0,0,0,0,1,17,7,8,2,1,207,195,12,1,3,1,26,1,10,1,1,15,1,0,0,0,1,0,0,1,0,0,0,0,0,0,1,1,0,0,0,0,0,0,0,0,0,0,0.0,0.0,0.0,0,0,0,1,1,0,0,0,0,2,0,1,143,16,0,0,0,0,0,0,0,1.0,0.00022216123678467348,0.875,0.16988800460004444,0,,multi_full_20260502_195405_0001,2026-05-02T21:54:07.404050,https://www.apnic.net/about-apnic/corporate-documents/documents/plans-and-strategies/,https://www.apnic.net/,False,https://www.apnic.net/about-apnic/corporate-documents/documents/plans-and-strategies/,https://www.apnic.net/,https://www.apnic.net/about-apnic/corporate-documents/documents/plans-and-strategies/,recon_page,2026-05-02T21:54:07.409604
75,1,4,0,0,0,0,1,0,13,0,net,200,2,84817,1072.171,0,0,19,1,cloudflare,0,html,0,0,0,1,7,1,1,1,1,1,1,2,1,2,0,0,0,0,0,0,0,0,1,9,0,0,0,0,1,17,7,8,2,1,199,185,14,1,3,1,26,1,10,1,1,14,1,0,0,0,1,0,0,1,0,0,0,1,0,0,1,1,0,0,0,0,0,0,0,0,0,0,0.0,0.0,0.0,0,0,0,1,1,0,0,0,0,2,0,1,135,15,0,0,0,0,0,0,0,1.0,0.0002004315172665857,0.875,0.1532711602626832,0,,multi_full_20260502_195405_0001,2026-05-02T21:54:51.141097,https://www.apnic.net/about-apnic/corporate-documents/documents/membership/,https://www.apnic.net/,False,https://www.apnic.net/about-apnic/corporate-documents/documents/membership/,https://www.apnic.net/,https://www.apnic.net/about-apnic/corporate-documents/documents/membership/,recon_page,2026-05-02T21:54:51.151442
127,1,4,1,1,0,0,1,0,13,0,net,403,4,2515,848.8019999999999,0,0,18,1,cloudflare,0,html,0,0,0,1,7,1,1,1,1,1,0,0,0,0,0,0,0,0,0,0,0,0,0,0,0,0,0,0,0,0,0,0,0,0,0,0,0,0,0,1,3,0,0,0,0,0,1,0,0,0,0,0,0,1,0,0,0,1,0,0,1,1,0,0,0,0,0,0,0,0,0,0,0.0,0.0,0.0,0,0,0,0,0,0,0,0,0,0,0,0,0,0,0,0,0,0,0,0,0,0.0,0.0,0.875,0.0,0,,multi_full_20260502_195405_0001,2026-05-02T21:55:17.611912,https://www.apnic.net/wp-json/oembed/1.0/embed/?url=https%3A%2F%2Fwww.apnic.net%2Fabout-apnic%2Forganization%2Fapnic-region%2F&,https://www.apnic.net/,False,https://www.apnic.net/wp-json/oembed/1.0/embed/?url=https%3A%2F%2Fwww.apnic.net%2Fabout-apnic%2Forganization%2Fapnic-region%2F&,https://www.apnic.net/,https://www.apnic.net/wp-json/oembed/1.0/embed/?url=https%3A%2F%2Fwww.apnic.net%2Fabout-apnic%2Forganization%2Fapnic-region%2F&,recon_page,2026-05-02T21:55:17.622296
47,1,5,0,0,0,0,1,0,13,0,net,403,4,2515,859.712,0,0,18,1,cloudflare,0,html,0,0,0,1,7,1,1,1,1,1,0,0,0,0,0,0,0,0,0,0,0,0,0,0,0,0,0,0,0,0,0,0,0,0,0,0,0,0,0,1,3,0,0,0,0,0,1,0,0,0,0,0,0,1,0,0,0,1,0,0,1,1,0,0,0,0,0,0,0,0,0,0,0.0,0.0,0.0,0,0,0,0,0,0,0,0,0,0,0,0,0,0,0,0,0,0,0,0,0,0.0,0.0,0.875,0.0,0,,multi_full_20260502_195405_0001,2026-05-02T21:55:17.919769,https://www.apnic.net/wp-json/wp/v2/pages/1510/,https://www.apnic.net/,False,https://www.apnic.net/wp-json/wp/v2/pages/1510/,https://www.apnic.net/,https://www.apnic.net/wp-json/wp/v2/pages/1510/,recon_page,2026-05-02T21:55:18.009819
163,1,4,1,2,0,0,1,0,13,0,net,403,4,2515,855.2149999999999,0,0,18,1,cloudflare,0,html,0,0,0,1,7,1,1,1,1,1,0,0,0,0,0,0,0,0,0,0,0,0,0,0,0,0,0,0,0,0,0,0,0,0,0,0,0,0,0,1,3,0,0,0,0,0,1,0,0,0,0,0,0,1,0,0,0,1,0,0,1,1,0,0,0,0,0,0,0,0,0,0,0.0,0.0,0.0,0,0,0,0,0,0,0,0,0,0,0,0,0,0,0,0,0,0,0,0,0,0.0,0.0,0.875,0.0,0,,multi_full_20260502_195405_0001,2026-05-02T21:55:17.926412,https://www.apnic.net/wp-json/oembed/1.0/embed/?url=https%3A%2F%2Fwww.apnic.net%2Fabout-apnic%2Fcorporate-documents%2Fdocuments%2Fcorporate%2Fprivacy%2F&format=xml,https://www.apnic.net/,False,https://www.apnic.net/wp-json/oembed/1.0/embed/?url=https%3A%2F%2Fwww.apnic.net%2Fabout-apnic%2Fcorporate-documents%2Fdocuments%2Fcorporate%2Fprivacy%2F&format=xml,https://www.apnic.net/,https://www.apnic.net/wp-json/oembed/1.0/embed/?url=https%3A%2F%2Fwww.apnic.net%2Fabout-apnic%2Fcorporate-documents%2Fdocuments%2Fcorporate%2Fprivacy%2F&format=xml,recon_page,2026-05-02T21:55:18.003484
74,1,4,0,0,0,0,1,0,13,0,net,200,2,78345,1013.204,0,0,19,1,cloudflare,0,html,0,0,0,1,7,1,1,1,1,1,1,2,1,2,0,0,0,0,0,0,0,0,1,9,0,0,0,0,1,17,7,8,2,1,194,176,18,1,3,1,26,1,10,1,1,15,1,0,0,0,1,0,0,1,0,0,0,1,0,0,1,1,0,0,0,0,0,0,0,0,0,0,0.0,0.0,0.0,0,0,0,1,1,0,0,0,0,2,0,1,128,15,0,0,0,0,0,0,0,1.0,0.0002169889590911992,0.875,0.16593273342268172,0,,multi_full_20260502_195405_0001,2026-05-02T21:55:18.299687,https://www.apnic.net/about-apnic/organization/apnic-region/date-and-time/,https://www.apnic.net/,False,https://www.apnic.net/about-apnic/organization/apnic-region/date-and-time/,https://www.apnic.net/,https://www.apnic.net/about-apnic/organization/apnic-region/date-and-time/,recon_page,2026-05-02T21:55:18.306060
126,1,4,1,1,0,0,1,0,13,0,net,403,4,2515,922.038,0,0,18,1,cloudflare,0,html,0,0,0,1,7,1,1,1,1,1,0,0,0,0,0,0,0,0,0,0,0,0,0,0,0,0,0,0,0,0,0,0,0,0,0,0,0,0,0,1,3,0,0,0,0,0,1,0,0,0,0,0,0,1,0,0,0,1,0,0,1,1,0,0,0,0,0,0,0,0,0,0,0.0,0.0,0.0,0,0,0,0,0,0,0,0,0,0,0,0,0,0,0,0,0,0,0,0,0,0.0,0.0,0.875,0.0,0,,multi_full_20260502_195405_0001,2026-05-02T21:56:35.299918,https://www.apnic.net/wp-json/oembed/1.0/embed/?url=https%3A%2F%2Fwww.apnic.net%2Fabout-apnic%2Forganization%2Fapnic-region%2F,https://www.apnic.net/,False,https://www.apnic.net/wp-json/oembed/1.0/embed/?url=https%3A%2F%2Fwww.apnic.net%2Fabout-apnic%2Forganization%2Fapnic-region%2F,https://www.apnic.net/,https://www.apnic.net/wp-json/oembed/1.0/embed/?url=https%3A%2F%2Fwww.apnic.net%2Fabout-apnic%2Forganization%2Fapnic-region%2F,recon_page,2026-05-02T21:56:35.312664
137,1,4,1,2,0,0,1,0,13,0,net,403,4,2515,919.369,0,0,18,1,cloudflare,0,html,0,0,0,1,7,1,1,1,1,1,0,0,0,0,0,0,0,0,0,0,0,0,0,0,0,0,0,0,0,0,0,0,0,0,0,0,0,0,0,1,3,0,0,0,0,0,1,0,0,0,0,0,0,1,0,0,0,1,0,0,1,1,0,0,0,0,0,0,0,0,0,0,0.0,0.0,0.0,0,0,0,0,0,0,0,0,0,0,0,0,0,0,0,0,0,0,0,0,0,0.0,0.0,0.875,0.0,0,,multi_full_20260502_195405_0001,2026-05-02T21:56:35.593284,https://www.apnic.net/wp-json/oembed/1.0/embed/?url=https%3A%2F%2Fwww.apnic.net%2Fabout-apnic%2Forganization%2Fapnic-region%2F&format=xml,https://www.apnic.net/,False,https://www.apnic.net/wp-json/oembed/1.0/embed/?url=https%3A%2F%2Fwww.apnic.net%2Fabout-apnic%2Forganization%2Fapnic-region%2F&format=xml,https://www.apnic.net/,https://www.apnic.net/wp-json/oembed/1.0/embed/?url=https%3A%2F%2Fwww.apnic.net%2Fabout-apnic%2Forganization%2Fapnic-region%2F&format=xml,recon_page,2026-05-02T21:56:35.602310
46,1,5,0,0,0,0,1,0,13,0,net,403,4,2515,926.765,0,0,18,1,cloudflare,0,html,0,0,0,1,7,1,1,1,1,1,0,0,0,0,0,0,0,0,0,0,0,0,0,0,0,0,0,0,0,0,0,0,0,0,0,0,0,0,0,1,3,0,0,0,0,0,1,0,0,0,0,0,0,1,0,0,0,1,0,0,1,1,0,0,0,0,0,0,0,0,0,0,0.0,0.0,0.0,0,0,0,0,0,0,0,0,0,0,0,0,0,0,0,0,0,0,0,0,0,0.0,0.0,0.875,0.0,0,,multi_full_20260502_195405_0001,2026-05-02T21:56:35.908745,https://www.apnic.net/wp-json/wp/v2/pages/703/,https://www.apnic.net/,False,https://www.apnic.net/wp-json/wp/v2/pages/703/,https://www.apnic.net/,https://www.apnic.net/wp-json/wp/v2/pages/703/,recon_page,2026-05-02T21:56:35.915629
47,1,3,0,0,0,0,1,0,13,0,net,200,2,81038,1080.617,0,0,19,1,cloudflare,0,html,0,0,0,1,7,1,1,1,1,1,1,2,1,2,0,0,0,0,0,0,0,0,1,9,0,0,0,0,1,17,7,8,2,1,193,168,25,1,16,1,26,1,10,1,1,14,1,0,0,0,1,0,0,1,0,0,1,0,0,0,1,1,0,0,0,0,0,0,0,0,0,0,0.0,0.0,0.0,0,0,0,1,1,0,0,0,0,2,0,1,134,28,0,0,0,0,0,0,0,1.0,0.0002097781287790913,0.875,0.16041856906636393,0,,multi_full_20260502_195405_0001,2026-05-02T21:56:36.314196,https://www.apnic.net/manage-ip/myapnic/guides/,https://www.apnic.net/,False,https://www.apnic.net/manage-ip/myapnic/guides/,https://www.apnic.net/,https://www.apnic.net/manage-ip/myapnic/guides/,recon_page,2026-05-02T21:56:36.328148
67,1,3,0,0,0,0,1,0,13,0,net,200,2,72838,1087.334,0,0,19,1,cloudflare,0,html,0,0,0,1,7,1,1,1,1,1,1,2,1,2,0,0,0,0,0,0,0,0,1,9,0,0,0,0,1,17,7,8,2,1,184,172,12,1,3,1,26,1,10,1,1,14,1,0,0,0,1,0,0,1,0,0,0,0,0,0,1,1,0,0,0,0,0,0,0,0,0,0,0.0,0.0,0.0,0,0,0,1,1,0,0,0,0,2,0,1,123,15,0,0,0,0,0,0,0,1.0,0.0002333946566352728,0.875,0.17847826683873805,0,,multi_full_20260502_195405_0001,2026-05-02T21:56:36.322138,https://www.apnic.net/manage-ip/myapnic/multifactor-authentication/,https://www.apnic.net/,False,https://www.apnic.net/manage-ip/myapnic/multifactor-authentication/,https://www.apnic.net/,https://www.apnic.net/manage-ip/myapnic/multifactor-authentication/,recon_page,2026-05-02T21:56:36.332991
89,1,4,0,0,0,0,1,0,13,0,net,200,2,76430,1122.598,0,0,19,1,cloudflare,0,html,0,0,0,1,7,1,1,1,1,1,1,2,1,2,0,0,0,0,0,0,0,0,1,9,0,0,0,0,1,17,7,8,2,1,202,182,20,1,4,1,26,1,10,1,1,14,1,0,0,0,1,0,0,1,0,0,0,0,0,0,1,1,0,0,0,0,0,0,0,0,0,0,0.0,0.0,0.0,0,0,0,1,1,0,0,0,0,2,0,1,137,16,0,0,0,0,0,0,0,1.0,0.0002224257490514196,0.875,0.1700902786863797,0,,multi_full_20260502_195405_0001,2026-05-02T21:56:36.882239,https://www.apnic.net/about-apnic/organization/apnic-region/national-internet-registries/,https://www.apnic.net/,False,https://www.apnic.net/about-apnic/organization/apnic-region/national-internet-registries/,https://www.apnic.net/,https://www.apnic.net/about-apnic/organization/apnic-region/national-internet-registries/,recon_page,2026-05-02T21:56:36.894191
105,1,4,1,1,0,0,1,0,13,0,net,403,4,2515,803.206,0,0,18,1,cloudflare,0,html,0,0,0,1,7,1,1,1,1,1,0,0,0,0,0,0,0,0,0,0,0,0,0,0,0,0,0,0,0,0,0,0,0,0,0,0,0,0,0,1,3,0,0,0,0,0,1,0,0,0,0,0,0,1,0,0,0,1,0,0,1,1,0,0,0,0,0,0,0,0,0,0,0.0,0.0,0.0,0,0,0,0,0,0,0,0,0,0,0,0,0,0,0,0,0,0,0,0,0,0.0,0.0,0.875,0.0,0,,multi_full_20260502_195405_0001,2026-05-02T21:56:37.103294,https://www.apnic.net/wp-json/oembed/1.0/embed/?url=https%3A%2F%2Fwww.apnic.net%2Fmanage-ip%2Fmyapnic%2F&,https://www.apnic.net/,False,https://www.apnic.net/wp-json/oembed/1.0/embed/?url=https%3A%2F%2Fwww.apnic.net%2Fmanage-ip%2Fmyapnic%2F&,https://www.apnic.net/,https://www.apnic.net/wp-json/oembed/1.0/embed/?url=https%3A%2F%2Fwww.apnic.net%2Fmanage-ip%2Fmyapnic%2F&,recon_page,2026-05-02T21:56:37.141233
61,1,3,0,0,0,0,1,0,13,0,net,200,2,73345,1078.0140000000001,0,0,19,1,cloudflare,0,html,0,0,0,1,7,1,1,1,1,1,1,2,1,2,0,0,0,0,0,0,0,0,1,9,0,0,0,0,1,17,7,8,2,1,184,172,12,1,3,1,26,1,10,1,1,14,1,0,0,0,1,0,0,1,0,0,0,0,0,0,1,1,0,0,0,0,0,0,0,0,0,0,0.0,0.0,0.0,0,0,0,1,1,0,0,0,0,2,0,1,125,15,0,0,0,0,0,0,0,1.0,0.0002317813075192583,0.875,0.17724452927943282,0,,multi_full_20260502_195405_0001,2026-05-02T21:56:37.144617,https://www.apnic.net/manage-ip/myapnic/digital-certificates/,https://www.apnic.net/,False,https://www.apnic.net/manage-ip/myapnic/digital-certificates/,https://www.apnic.net/,https://www.apnic.net/manage-ip/myapnic/digital-certificates/,recon_page,2026-05-02T21:56:37.150439
58,1,3,0,0,0,0,1,0,13,0,net,200,2,71580,1460.118,0,0,19,1,cloudflare,0,html,0,0,0,1,7,1,1,1,1,1,1,2,1,2,0,0,0,0,0,0,0,0,1,9,0,0,0,0,1,17,7,8,2,1,180,168,12,1,3,1,26,1,10,1,1,14,1,0,0,0,1,0,0,1,0,0,0,0,0,0,1,1,0,0,0,0,0,0,0,0,0,0,0.0,0.0,0.0,0,0,0,1,1,0,0,0,0,2,0,1,120,15,0,0,0,0,0,0,0,1.0,0.0002374965074043029,0.875,0.18161497625034925,0,,multi_full_20260502_195405_0001,2026-05-02T21:56:37.683895,https://www.apnic.net/manage-ip/myapnic/voting-in-myapnic/,https://www.apnic.net/,False,https://www.apnic.net/manage-ip/myapnic/voting-in-myapnic/,https://www.apnic.net/,https://www.apnic.net/manage-ip/myapnic/voting-in-myapnic/,recon_page,2026-05-02T21:56:37.689900
115,1,4,1,2,0,0,1,0,13,0,net,403,4,2515,1038.113,0,0,18,1,cloudflare,0,html,0,0,0,1,7,1,1,1,1,1,0,0,0,0,0,0,0,0,0,0,0,0,0,0,0,0,0,0,0,0,0,0,0,0,0,0,0,0,0,1,3,0,0,0,0,0,1,0,0,0,0,0,0,1,0,0,0,1,0,0,1,1,0,0,0,0,0,0,0,0,0,0,0.0,0.0,0.0,0,0,0,0,0,0,0,0,0,0,0,0,0,0,0,0,0,0,0,0,0,0.0,0.0,0.875,0.0,0,,multi_full_20260502_195405_0001,2026-05-02T21:56:39.533527,https://www.apnic.net/wp-json/oembed/1.0/embed/?url=https%3A%2F%2Fwww.apnic.net%2Fmanage-ip%2Fmyapnic%2F&format=xml,https://www.apnic.net/,False,https://www.apnic.net/wp-json/oembed/1.0/embed/?url=https%3A%2F%2Fwww.apnic.net%2Fmanage-ip%2Fmyapnic%2F&format=xml,https://www.apnic.net/,https://www.apnic.net/wp-json/oembed/1.0/embed/?url=https%3A%2F%2Fwww.apnic.net%2Fmanage-ip%2Fmyapnic%2F&format=xml,recon_page,2026-05-02T21:56:39.538738
104,1,4,1,1,0,0,1,0,13,0,net,403,4,2515,815.578,0,0,18,1,cloudflare,0,html,0,0,0,1,7,1,1,1,1,1,0,0,0,0,0,0,0,0,0,0,0,0,0,0,0,0,0,0,0,0,0,0,0,0,0,0,0,0,0,1,3,0,0,0,0,0,1,0,0,0,0,0,0,1,0,0,0,1,0,0,1,1,0,0,0,0,0,0,0,0,0,0,0.0,0.0,0.0,0,0,0,0,0,0,0,0,0,0,0,0,0,0,0,0,0,0,0,0,0,0.0,0.0,0.875,0.0,0,,multi_full_20260502_195405_0001,2026-05-02T21:56:52.924167,https://www.apnic.net/wp-json/oembed/1.0/embed/?url=https%3A%2F%2Fwww.apnic.net%2Fmanage-ip%2Fmyapnic%2F,https://www.apnic.net/,False,https://www.apnic.net/wp-json/oembed/1.0/embed/?url=https%3A%2F%2Fwww.apnic.net%2Fmanage-ip%2Fmyapnic%2F,https://www.apnic.net/,https://www.apnic.net/wp-json/oembed/1.0/embed/?url=https%3A%2F%2Fwww.apnic.net%2Fmanage-ip%2Fmyapnic%2F,recon_page,2026-05-02T21:56:52.928916
74,1,5,0,0,0,0,1,0,13,0,net,200,2,78211,1094.984,0,0,19,1,cloudflare,0,html,0,0,0,1,7,1,1,1,1,1,1,2,1,2,0,0,0,0,0,0,0,0,1,9,0,0,0,0,1,17,7,8,2,1,194,180,14,1,3,1,26,1,10,1,1,14,1,0,0,0,1,0,0,1,0,0,0,0,0,0,1,1,0,0,0,0,0,0,0,0,0,0,0.0,0.0,0.0,0,0,0,1,1,0,0,0,0,2,0,1,131,15,0,0,0,0,0,0,0,1.0,0.00021736072930917647,0.875,0.1662170282952526,0,,multi_full_20260502_195405_0001,2026-05-02T21:58:29.940985,https://www.apnic.net/about-apnic/whois_search/about/what-is-in-whois/irr/,https://www.apnic.net/,False,https://www.apnic.net/about-apnic/whois_search/about/what-is-in-whois/irr/,https://www.apnic.net/,https://www.apnic.net/about-apnic/whois_search/about/what-is-in-whois/irr/,recon_page,2026-05-02T21:58:29.945920
58,1,4,0,0,0,0,1,0,13,0,net,200,2,74864,1037.342,0,0,19,1,cloudflare,0,html,0,0,0,1,7,1,1,1,1,1,1,2,1,2,0,0,0,0,0,0,0,0,1,9,0,0,0,0,1,17,7,8,2,1,192,179,13,1,3,1,26,1,10,1,1,14,1,0,0,0,1,0,0,1,0,0,0,0,0,0,1,1,0,0,0,0,0,0,0,0,0,0,0.0,0.0,0.0,0,0,0,1,1,0,0,0,0,2,0,1,127,15,0,0,0,0,0,0,0,1.0,0.00022707843556315452,0.875,0.17364821543064757,0,,multi_full_20260502_195405_0001,2026-05-02T21:58:30.215443,https://www.apnic.net/about-apnic/whois_search/about/rdap/,https://www.apnic.net/,False,https://www.apnic.net/about-apnic/whois_search/about/rdap/,https://www.apnic.net/,https://www.apnic.net/about-apnic/whois_search/about/rdap/,recon_page,2026-05-02T21:58:30.221438
122,1,4,1,2,0,0,1,0,13,0,net,403,4,2515,961.586,0,0,18,1,cloudflare,0,html,0,0,0,1,7,1,1,1,1,1,0,0,0,0,0,0,0,0,0,0,0,0,0,0,0,0,0,0,0,0,0,0,0,0,0,0,0,0,0,1,3,0,0,0,0,0,1,0,0,0,0,0,0,1,0,0,0,1,0,0,1,1,0,0,0,0,0,0,0,0,0,0,0.0,0.0,0.0,0,0,0,0,0,0,0,0,0,0,0,0,0,0,0,0,0,0,0,0,0,0.0,0.0,0.875,0.0,0,,multi_full_20260502_195405_0001,2026-05-02T21:58:30.424620,https://www.apnic.net/wp-json/oembed/1.0/embed/?url=https%3A%2F%2Fwww.apnic.net%2Fabout-apnic%2Fa-z-glossary%2F&format=xml,https://www.apnic.net/,False,https://www.apnic.net/wp-json/oembed/1.0/embed/?url=https%3A%2F%2Fwww.apnic.net%2Fabout-apnic%2Fa-z-glossary%2F&format=xml,https://www.apnic.net/,https://www.apnic.net/wp-json/oembed/1.0/embed/?url=https%3A%2F%2Fwww.apnic.net%2Fabout-apnic%2Fa-z-glossary%2F&format=xml,recon_page,2026-05-02T21:58:30.430827
112,1,4,1,1,0,0,1,0,13,0,net,403,4,2515,969.26,0,0,18,1,cloudflare,0,html,0,0,0,1,7,1,1,1,1,1,0,0,0,0,0,0,0,0,0,0,0,0,0,0,0,0,0,0,0,0,0,0,0,0,0,0,0,0,0,1,3,0,0,0,0,0,1,0,0,0,0,0,0,1,0,0,0,1,0,0,1,1,0,0,0,0,0,0,0,0,0,0,0.0,0.0,0.0,0,0,0,0,0,0,0,0,0,0,0,0,0,0,0,0,0,0,0,0,0,0.0,0.0,0.875,0.0,0,,multi_full_20260502_195405_0001,2026-05-02T21:58:30.705003,https://www.apnic.net/wp-json/oembed/1.0/embed/?url=https%3A%2F%2Fwww.apnic.net%2Fabout-apnic%2Fa-z-glossary%2F&,https://www.apnic.net/,False,https://www.apnic.net/wp-json/oembed/1.0/embed/?url=https%3A%2F%2Fwww.apnic.net%2Fabout-apnic%2Fa-z-glossary%2F&,https://www.apnic.net/,https://www.apnic.net/wp-json/oembed/1.0/embed/?url=https%3A%2F%2Fwww.apnic.net%2Fabout-apnic%2Fa-z-glossary%2F&,recon_page,2026-05-02T21:58:30.719016
47,1,5,0,0,0,0,1,0,13,0,net,403,4,2515,1070.107,0,0,18,1,cloudflare,0,html,0,0,0,1,7,1,1,1,1,1,0,0,0,0,0,0,0,0,0,0,0,0,0,0,0,0,0,0,0,0,0,0,0,0,0,0,0,0,0,1,3,0,0,0,0,0,1,0,0,0,0,0,0,1,0,0,0,1,0,0,1,1,0,0,0,0,0,0,0,0,0,0,0.0,0.0,0.0,0,0,0,0,0,0,0,0,0,0,0,0,0,0,0,0,0,0,0,0,0,0.0,0.0,0.875,0.0,0,,multi_full_20260502_195405_0001,2026-05-02T21:58:30.714616,https://www.apnic.net/wp-json/wp/v2/pages/7536/,https://www.apnic.net/,False,https://www.apnic.net/wp-json/wp/v2/pages/7536/,https://www.apnic.net/,https://www.apnic.net/wp-json/wp/v2/pages/7536/,recon_page,2026-05-02T21:58:30.722796
111,1,4,1,1,0,0,1,0,13,0,net,403,4,2515,844.401,0,0,18,1,cloudflare,0,html,0,0,0,1,7,1,1,1,1,1,0,0,0,0,0,0,0,0,0,0,0,0,0,0,0,0,0,0,0,0,0,0,0,0,0,0,0,0,0,1,3,0,0,0,0,0,1,0,0,0,0,0,0,1,0,0,0,1,0,0,1,1,0,0,0,0,0,0,0,0,0,0,0.0,0.0,0.0,0,0,0,0,0,0,0,0,0,0,0,0,0,0,0,0,0,0,0,0,0,0.0,0.0,0.875,0.0,0,,multi_full_20260502_195405_0001,2026-05-02T21:58:31.037792,https://www.apnic.net/wp-json/oembed/1.0/embed/?url=https%3A%2F%2Fwww.apnic.net%2Fabout-apnic%2Fa-z-glossary%2F,https://www.apnic.net/,False,https://www.apnic.net/wp-json/oembed/1.0/embed/?url=https%3A%2F%2Fwww.apnic.net%2Fabout-apnic%2Fa-z-glossary%2F,https://www.apnic.net/,https://www.apnic.net/wp-json/oembed/1.0/embed/?url=https%3A%2F%2Fwww.apnic.net%2Fabout-apnic%2Fa-z-glossary%2F,recon_page,2026-05-02T21:58:31.053069
53,1,3,0,0,0,0,1,0,13,0,net,200,2,74128,1521.659,0,0,19,1,cloudflare,0,html,0,0,0,1,7,1,1,1,1,1,1,2,1,2,0,0,0,0,0,0,0,0,1,9,0,0,0,0,1,17,7,8,2,1,188,175,13,1,3,1,26,1,10,1,1,14,1,0,0,0,1,0,0,1,0,0,0,0,0,0,1,1,0,0,0,0,0,0,0,0,0,0,0.0,0.0,0.0,0,0,0,1,1,0,0,0,0,2,0,1,125,15,0,0,0,0,0,0,0,1.0,0.0002293330455428448,0.875,0.1753723289445284,0,,multi_full_20260502_195405_0001,2026-05-02T21:58:31.099917,https://www.apnic.net/about-apnic/whois_search/about/,https://www.apnic.net/,False,https://www.apnic.net/about-apnic/whois_search/about/,https://www.apnic.net/,https://www.apnic.net/about-apnic/whois_search/about/,recon_page,2026-05-02T21:58:31.107065
