url_length,has_https,path_depth,has_query_params,num_query_params,has_fragment,has_port,subdomain_count,is_ip_address,domain_length,domain_has_hyphens,domain_tld,status_code,status_category,response_size,response_time_ms,is_redirect,redirect_chain_len,total_headers,server_header_present,server_header,x_powered_by_present,content_type,has_cookies,num_cookies,has_cors,cache_control,security_headers_count,has_csp,has_hsts,has_xss_protection,has_frame_options,has_content_type_options,has_forms,form_count,has_inputs,input_count,has_password_input,password_count,has_hidden_input,hidden_count,has_file_upload,file_upload_count,has_search_input,search_count,has_buttons,button_count,has_textarea,textarea_count,has_select,select_count,has_scripts,script_count,inline_script_count,internal_script_count,external_script_count,has_links,link_count,internal_link_count,external_link_count,has_images,image_count,has_meta_tags,meta_count,has_stylesheets,stylesheet_count,has_javascript,has_comments,comment_count,has_title,server_apache,server_nginx,server_iis,tech_php,tech_aspnet,tech_jsp,tech_wordpress,tech_drupal,tech_joomla,has_debug_info,has_error_messages,has_sql_errors,has_file_paths,has_waf,waf_cloudflare,waf_aws,waf_imperva,reflection_detected,csp_header_reflection_detected,has_jwt,jwt_count,has_api_keys,api_key_count,cookie_count,session_cookies,secure_cookie_ratio,httponly_cookie_ratio,samesite_cookie_ratio,redirect_count,has_redirect_chain,final_https,get_form_count,post_form_count,has_login_form,login_form_count,csrf_token_input_count,has_csrf_token,same_origin_form_count,external_form_count,unique_input_names,unique_endpoint_count,parameterized_link_count,api_like_endpoint_count,inline_event_handler_count,email_input_count,url_input_count,mailto_link_count,tel_link_count,body_truncated_for_analysis,input_to_form_ratio,script_to_content_ratio,security_score,interactivity_score,is_vulnerable,vulnerability_type,scan_id,timestamp,target_url,original_url,is_redirect_response,final_url,target_root,page_url,dataset_record_type,saved_at,url,domain,total_vulnerabilities,has_sql_injection,has_xss,has_command_injection,has_path_traversal,has_file_inclusion,vulnerability_score,critical_vuln_count,high_vuln_count,sqlmap_vulns_found,dalfox_vulns_found,commix_vulns_found,tools_used_count,sqlmap_confidence_avg,dalfox_confidence_avg,commix_confidence_avg,used_previous_scan,previous_scan_indicators,scan_hour,scan_day_of_week,prev_has_forms,prev_has_inputs,prev_form_count,prev_input_count,prev_has_debug_info,prev_has_error_messages,prev_technology_php,prev_technology_aspnet,prev_technology_wordpress,prev_security_headers_count,prev_response_size,days_since_last_scan,vuln_density,tool_effectiveness,security_risk_score,input_vulnerability_ratio,previous_scan_accuracy,total_issues,issue_density,has_idor
29,1,0,0,0,0,0,1,0,20,0,com,403,4,5453,1063.205,1,1,18,1,cloudflare,0,html,0,0,0,0,5,1,0,0,1,1,0,0,0,0,0,0,0,0,0,0,0,0,0,0,0,0,0,0,1,1,1,0,0,0,0,0,0,0,0,1,6,0,0,1,0,0,1,0,0,0,0,0,0,0,0,0,0,1,0,0,1,1,0,0,0,0,0,0,0,0,0,0,0.0,0.0,0.0,0,0,0,0,0,0,0,0,0,0,0,0,0,0,0,0,0,0,0,0,0,0.0,0.0001833852924995,0.625,0.0,0,,multi_full_20260502_195223_0001,2026-05-02T19:52:26.706435,https://www.expediagroup.com/,https://www.expediagroup.com/,True,https://www.expediagroup.com/,https://www.expediagroup.com/,https://www.expediagroup.com/,recon_redirect_hop,2026-05-02T19:52:26.712044,0,0,0,0,0,0,0,0,0,0,0,0,0,0,0,0,0,0,0,0,0,0,0,0,0,0,0,0,0,0,0,0,0,0,0,0,0,0,0,0,0,0
29,1,0,0,0,0,0,1,0,20,0,com,403,4,5453,1063.205,0,3,18,1,cloudflare,0,html,0,0,0,0,5,1,0,0,1,1,0,0,0,0,0,0,0,0,0,0,0,0,0,0,0,0,0,0,1,1,1,0,0,0,0,0,0,0,0,1,6,0,0,1,0,0,1,0,0,0,0,0,0,0,0,0,0,1,0,0,1,1,0,0,0,0,0,0,0,0,0,0,0.0,0.0,0.0,2,1,1,0,0,0,0,0,0,0,0,0,0,0,0,0,0,0,0,0,0,0.0,0.0001833852924995,0.625,0.0,0,,multi_full_20260502_195223_0001,2026-05-02T19:52:26.767170,https://www.expediagroup.com/,https://www.expediagroup.com/,False,https://www.expediagroup.com/,https://www.expediagroup.com/,https://www.expediagroup.com/,recon_page,2026-05-02T19:52:26.770324,0,0,0,0,0,0,0,0,0,0,0,0,0,0,0,0,0,0,0,0,0,0,0,0,0,0,0,0,0,0,0,0,0,0,0,0,0,0,0,0,0,0
29,1,0,0,0,0,0,1,0,20,0,com,200,2,70876,253.181,0,0,16,1,cloudflare,0,html,0,0,0,1,4,0,1,1,0,1,1,1,1,7,0,0,1,7,0,0,0,0,0,0,0,0,0,0,1,27,14,9,4,1,117,102,15,1,22,1,7,1,7,1,1,7,1,0,0,0,0,1,0,0,0,0,0,1,0,0,1,1,0,0,0,0,1,3,0,0,0,0,0.0,0.0,0.0,0,0,0,0,1,0,0,2,1,1,0,6,66,5,0,0,0,0,0,0,0,7.0,0.0003809470060387,0.5,0.1128731869744342,0,,multi_full_20260502_195223_0001,2026-05-02T19:54:26.295663,https://www.expediagroup.com/,https://www.expediagroup.com/,False,https://www.expediagroup.com/,https://www.expediagroup.com/,https://www.expediagroup.com/,recon_page,2026-05-02T19:54:26.300814,0,0,0,0,0,0,0,0,0,0,0,0,0,0,0,0,0,0,0,0,0,0,0,0,0,0,0,0,0,0,0,0,0,0,0,0,0,0,0,0,0,0
62,1,3,0,0,0,0,1,0,20,0,com,200,2,79799,497.692,0,0,16,1,cloudflare,0,html,0,0,0,1,4,0,1,1,0,1,1,1,1,7,0,0,1,7,0,0,0,0,0,0,0,0,0,0,1,27,12,9,6,1,115,100,15,1,23,1,6,1,7,1,1,3,1,0,0,0,0,1,0,0,0,0,0,1,0,0,1,1,0,0,0,0,1,3,0,0,0,0,0.0,0.0,0.0,0,0,0,0,1,0,0,2,1,1,0,6,66,5,0,0,0,0,0,0,0,7.0,0.0003383501046379,0.5,0.1002518828556748,0,,multi_full_20260502_195223_0001,2026-05-02T19:54:43.790943,https://www.expediagroup.com/who-we-are/our-story/default.aspx,https://www.expediagroup.com/,False,https://www.expediagroup.com/who-we-are/our-story/default.aspx,https://www.expediagroup.com/,https://www.expediagroup.com/who-we-are/our-story/default.aspx,recon_page,2026-05-02T19:54:43.813771,0,0,0,0,0,0,0,0,0,0,0,0,0,0,0,0,0,0,0,0,0,0,0,0,0,0,0,0,0,0,0,0,0,0,0,0,0,0,0,0,0,0
63,1,3,0,0,0,0,1,0,20,0,com,200,2,142402,443.362,0,0,16,1,cloudflare,0,html,0,0,0,1,4,0,1,1,0,1,1,1,1,7,0,0,1,7,0,0,0,0,1,21,0,0,0,0,1,25,12,9,4,1,123,105,18,1,49,1,6,1,7,1,1,2,1,0,0,0,0,1,0,0,0,0,0,1,0,0,1,1,0,0,0,0,1,3,0,0,0,0,0.0,0.0,0.0,0,0,0,0,1,0,0,2,1,1,0,6,72,5,0,0,0,0,0,0,0,7.0,0.0001755593320318,0.5,0.20364882515695,0,,multi_full_20260502_195223_0001,2026-05-02T19:54:44.108886,https://www.expediagroup.com/who-we-are/leadership/default.aspx,https://www.expediagroup.com/,False,https://www.expediagroup.com/who-we-are/leadership/default.aspx,https://www.expediagroup.com/,https://www.expediagroup.com/who-we-are/leadership/default.aspx,recon_page,2026-05-02T19:54:44.135556,0,0,0,0,0,0,0,0,0,0,0,0,0,0,0,0,0,0,0,0,0,0,0,0,0,0,0,0,0,0,0,0,0,0,0,0,0,0,0,0,0,0
93,1,4,0,0,0,0,1,0,20,0,com,200,2,66449,610.235,0,0,16,1,cloudflare,0,html,0,0,0,1,4,0,1,1,0,1,1,1,1,7,0,0,1,7,0,0,0,0,0,0,0,0,0,0,1,26,13,9,4,1,115,100,15,1,9,1,6,1,7,1,1,2,1,0,0,0,0,1,0,0,0,0,0,1,0,0,1,1,0,0,0,0,1,3,0,0,0,0,0.0,0.0,0.0,0,0,0,0,1,0,0,2,1,1,0,6,64,5,0,0,0,0,0,0,0,7.0,0.0003912775211064,0.5,0.1203930834173576,0,,multi_full_20260502_195223_0001,2026-05-02T19:54:44.281305,https://www.expediagroup.com/investors/corporate-governance/governance-documents/default.aspx,https://www.expediagroup.com/,False,https://www.expediagroup.com/investors/corporate-governance/governance-documents/default.aspx,https://www.expediagroup.com/,https://www.expediagroup.com/investors/corporate-governance/governance-documents/default.aspx,recon_page,2026-05-02T19:54:44.290115,0,0,0,0,0,0,0,0,0,0,0,0,0,0,0,0,0,0,0,0,0,0,0,0,0,0,0,0,0,0,0,0,0,0,0,0,0,0,0,0,0,0
85,1,4,0,0,0,0,1,0,20,0,com,200,2,66921,808.625,0,0,16,1,cloudflare,0,html,0,0,0,1,4,0,1,1,0,1,1,1,1,9,0,0,1,7,0,0,0,0,0,0,0,0,1,2,1,25,12,9,4,1,115,100,15,1,7,1,6,1,7,1,1,2,1,0,0,0,0,1,0,0,0,0,0,1,0,0,1,1,0,0,0,0,1,3,0,0,0,0,0.0,0.0,0.0,0,0,0,0,1,0,0,2,1,1,0,6,64,5,0,0,0,0,0,0,0,9.0,0.0003735748120918,0.5,0.1494299248367478,0,,multi_full_20260502_195223_0001,2026-05-02T19:54:44.425793,https://www.expediagroup.com/investors/financial-information/sec-filings/default.aspx,https://www.expediagroup.com/,False,https://www.expediagroup.com/investors/financial-information/sec-filings/default.aspx,https://www.expediagroup.com/,https://www.expediagroup.com/investors/financial-information/sec-filings/default.aspx,recon_page,2026-05-02T19:54:44.448157,0,0,0,0,0,0,0,0,0,0,0,0,0,0,0,0,0,0,0,0,0,0,0,0,0,0,0,0,0,0,0,0,0,0,0,0,0,0,0,0,0,0
69,1,3,0,0,0,0,1,0,20,0,com,200,2,75193,825.067,0,0,16,1,cloudflare,0,html,0,0,0,1,4,0,1,1,0,1,1,1,1,7,0,0,1,7,0,0,0,0,0,0,0,0,0,0,1,31,14,9,8,1,115,100,15,1,7,1,6,1,7,1,1,2,1,0,0,0,0,1,0,0,0,0,0,1,0,0,1,1,0,0,0,0,1,3,0,0,0,0,0.0,0.0,0.0,0,0,0,0,1,0,0,2,1,1,0,6,68,5,0,0,0,0,0,0,0,7.0,0.0004122724189751,0.5,0.106392882316173,0,,multi_full_20260502_195223_0001,2026-05-02T19:54:44.597173,https://www.expediagroup.com/investors/stock-information/default.aspx,https://www.expediagroup.com/,False,https://www.expediagroup.com/investors/stock-information/default.aspx,https://www.expediagroup.com/,https://www.expediagroup.com/investors/stock-information/default.aspx,recon_page,2026-05-02T19:54:44.636990,0,0,0,0,0,0,0,0,0,0,0,0,0,0,0,0,0,0,0,0,0,0,0,0,0,0,0,0,0,0,0,0,0,0,0,0,0,0,0,0,0,0
94,1,4,0,0,0,0,1,0,20,0,com,200,2,63847,808.255,0,0,16,1,cloudflare,0,html,0,0,0,1,4,0,1,1,0,1,1,1,1,7,0,0,1,7,0,0,0,0,0,0,0,0,0,0,1,26,12,9,5,1,115,100,15,1,7,1,6,1,7,1,1,2,1,0,0,0,0,1,0,0,0,0,0,1,0,0,1,1,0,0,0,0,1,3,0,0,0,0,0.0,0.0,0.0,0,0,0,0,1,0,0,2,1,1,0,6,65,5,0,0,0,0,0,0,0,7.0,0.0004072235187244,0.5,0.1252995442229079,0,,multi_full_20260502_195223_0001,2026-05-02T19:54:44.676021,https://www.expediagroup.com/investors/corporate-governance/committee-composition/default.aspx,https://www.expediagroup.com/,False,https://www.expediagroup.com/investors/corporate-governance/committee-composition/default.aspx,https://www.expediagroup.com/,https://www.expediagroup.com/investors/corporate-governance/committee-composition/default.aspx,recon_page,2026-05-02T19:54:44.683914,0,0,0,0,0,0,0,0,0,0,0,0,0,0,0,0,0,0,0,0,0,0,0,0,0,0,0,0,0,0,0,0,0,0,0,0,0,0,0,0,0,0
54,1,2,0,0,0,0,1,0,20,0,com,200,2,67534,997.522,0,0,16,1,cloudflare,0,html,0,0,0,1,4,0,1,1,0,1,1,1,1,7,0,0,1,7,0,0,0,0,0,0,0,0,0,0,1,24,11,9,4,1,116,101,15,1,7,1,6,1,7,1,1,2,1,0,0,0,0,1,0,0,0,0,0,1,0,0,1,1,0,0,0,0,1,3,0,0,0,0,0.0,0.0,0.0,0,0,0,0,1,0,0,2,1,1,0,6,65,5,0,0,0,0,0,0,0,7.0,0.0003553765510705,0.5,0.1184588503568572,0,,multi_full_20260502_195223_0001,2026-05-02T19:54:45.032562,https://www.expediagroup.com/terms-of-use/default.aspx,https://www.expediagroup.com/,False,https://www.expediagroup.com/terms-of-use/default.aspx,https://www.expediagroup.com/,https://www.expediagroup.com/terms-of-use/default.aspx,recon_page,2026-05-02T19:54:45.108595,0,0,0,0,0,0,0,0,0,0,0,0,0,0,0,0,0,0,0,0,0,0,0,0,0,0,0,0,0,0,0,0,0,0,0,0,0,0,0,0,0,0
64,1,2,0,0,0,0,1,0,20,0,com,200,2,78729,956.217,0,0,16,1,cloudflare,0,html,0,0,0,1,4,0,1,1,0,1,1,1,1,7,0,0,1,7,0,0,0,0,0,0,0,0,0,0,1,26,13,9,4,1,123,102,21,1,31,1,6,1,7,1,1,2,1,0,0,0,0,1,0,0,0,0,0,1,0,0,1,1,0,0,0,0,1,3,0,0,0,0,0.0,0.0,0.0,0,0,0,0,1,0,0,2,1,1,0,6,72,5,0,0,0,0,0,0,0,7.0,0.0003302467959709,0.5,0.1016143987603043,0,,multi_full_20260502_195223_0001,2026-05-02T19:54:45.119016,https://www.expediagroup.com/open-world-accelerator/default.aspx,https://www.expediagroup.com/,False,https://www.expediagroup.com/open-world-accelerator/default.aspx,https://www.expediagroup.com/,https://www.expediagroup.com/open-world-accelerator/default.aspx,recon_page,2026-05-02T19:54:45.146833,0,0,0,0,0,0,0,0,0,0,0,0,0,0,0,0,0,0,0,0,0,0,0,0,0,0,0,0,0,0,0,0,0,0,0,0,0,0,0,0,0,0
56,1,2,0,0,0,0,1,0,20,0,com,200,2,95654,818.9119999999999,0,0,16,1,cloudflare,0,html,0,0,0,1,4,0,1,1,0,1,1,1,1,7,0,0,1,7,0,0,0,0,0,0,0,0,0,0,1,28,15,9,4,1,137,104,33,1,50,1,7,1,7,1,1,13,1,0,0,0,0,1,0,0,0,0,0,1,0,0,1,1,0,0,0,0,1,3,0,0,0,0,0.0,0.0,0.0,0,0,0,0,1,0,0,2,1,1,0,6,83,5,0,0,0,0,0,0,0,7.0,0.0002927216844042,0.5,0.0836347669726305,0,,multi_full_20260502_195223_0001,2026-05-02T19:54:45.688937,https://www.expediagroup.com/travel-with-us/default.aspx,https://www.expediagroup.com/,False,https://www.expediagroup.com/travel-with-us/default.aspx,https://www.expediagroup.com/,https://www.expediagroup.com/travel-with-us/default.aspx,recon_page,2026-05-02T19:54:45.743520,0,0,0,0,0,0,0,0,0,0,0,0,0,0,0,0,0,0,0,0,0,0,0,0,0,0,0,0,0,0,0,0,0,0,0,0,0,0,0,0,0,0
88,1,4,0,0,0,0,1,0,20,0,com,200,2,84571,305.74800000000005,0,0,16,1,cloudflare,0,html,0,0,0,1,4,0,1,1,0,1,1,1,1,20,0,0,1,10,0,0,0,0,1,2,0,0,0,0,1,34,18,11,5,1,117,102,15,1,7,1,6,1,7,1,1,2,1,0,0,0,0,1,0,0,0,0,1,1,0,0,1,1,0,0,0,0,1,3,0,0,0,0,0.0,0.0,0.0,0,0,0,0,1,1,1,3,1,1,0,19,68,5,0,2,2,0,1,0,0,20.0,0.0004020290643364,0.5,0.2719608376393799,0,,multi_full_20260502_195223_0001,2026-05-02T19:54:46.259624,https://www.expediagroup.com/investors/resources/contact-investor-relations/default.aspx,https://www.expediagroup.com/,False,https://www.expediagroup.com/investors/resources/contact-investor-relations/default.aspx,https://www.expediagroup.com/,https://www.expediagroup.com/investors/resources/contact-investor-relations/default.aspx,recon_page,2026-05-02T19:54:46.318393,0,0,0,0,0,0,0,0,0,0,0,0,0,0,0,0,0,0,0,0,0,0,0,0,0,0,0,0,0,0,0,0,0,0,0,0,0,0,0,0,0,0
70,1,3,0,0,0,0,1,0,20,0,com,200,2,95476,261.503,0,0,16,1,cloudflare,0,html,0,0,0,1,4,0,1,1,0,1,1,1,1,18,0,0,1,10,0,0,0,0,1,1,0,0,0,0,1,37,20,11,6,1,122,107,15,1,21,1,6,1,7,1,1,7,1,0,0,0,0,1,0,0,0,0,1,1,0,0,1,1,0,0,0,0,1,3,0,0,0,0,0.0,0.0,0.0,0,0,0,0,1,1,1,3,1,1,0,17,69,5,0,1,1,0,1,0,0,18.0,0.0003875319452008,0.5,0.2094767271356152,0,,multi_full_20260502_195223_0001,2026-05-02T19:54:46.475816,https://www.expediagroup.com/investors/investors-overview/default.aspx,https://www.expediagroup.com/,False,https://www.expediagroup.com/investors/investors-overview/default.aspx,https://www.expediagroup.com/,https://www.expediagroup.com/investors/investors-overview/default.aspx,recon_page,2026-05-02T19:54:46.502639,0,0,0,0,0,0,0,0,0,0,0,0,0,0,0,0,0,0,0,0,0,0,0,0,0,0,0,0,0,0,0,0,0,0,0,0,0,0,0,0,0,0
86,1,4,0,0,0,0,1,0,20,0,com,200,2,66785,1564.21,0,0,16,1,cloudflare,0,html,0,0,0,1,4,0,1,1,0,1,1,1,1,7,0,0,1,7,0,0,0,0,0,0,0,0,0,0,1,28,12,9,7,1,115,100,15,1,7,1,6,1,7,1,1,2,1,0,0,0,0,1,0,0,0,0,0,1,0,0,1,1,0,0,0,0,1,3,0,0,0,0,0.0,0.0,0.0,0,0,0,0,1,0,0,2,1,1,0,6,67,5,0,0,0,0,0,0,0,7.0,0.0004192558209178,0.5,0.1197873774051059,0,,multi_full_20260502_195223_0001,2026-05-02T19:54:47.519222,https://www.expediagroup.com/investors/stock-information/dividend-history/default.aspx,https://www.expediagroup.com/,False,https://www.expediagroup.com/investors/stock-information/dividend-history/default.aspx,https://www.expediagroup.com/,https://www.expediagroup.com/investors/stock-information/dividend-history/default.aspx,recon_page,2026-05-02T19:54:47.532895,0,0,0,0,0,0,0,0,0,0,0,0,0,0,0,0,0,0,0,0,0,0,0,0,0,0,0,0,0,0,0,0,0,0,0,0,0,0,0,0,0,0
75,1,3,0,0,0,0,1,0,20,0,com,200,2,83180,339.324,0,0,16,1,cloudflare,0,html,0,0,0,1,4,0,1,1,0,1,1,1,1,7,0,0,1,7,0,0,0,0,0,0,0,0,0,0,1,26,13,9,4,1,118,101,17,1,17,1,6,1,7,1,1,14,1,0,0,0,0,1,0,0,0,0,0,1,0,0,1,1,0,0,0,0,1,3,0,0,0,0,0.0,0.0,0.0,0,0,0,0,1,0,0,2,1,1,0,6,67,5,0,0,0,0,0,0,0,7.0,0.0003125751382543,0.5,0.0961769656167347,0,,multi_full_20260502_195223_0001,2026-05-02T19:55:18.630690,https://www.expediagroup.com/who-we-are/Impact--Sustainability/default.aspx,https://www.expediagroup.com/,False,https://www.expediagroup.com/who-we-are/Impact--Sustainability/default.aspx,https://www.expediagroup.com/,https://www.expediagroup.com/who-we-are/Impact--Sustainability/default.aspx,recon_page,2026-05-02T19:55:18.638224,0,0,0,0,0,0,0,0,0,0,0,0,0,0,0,0,0,0,0,0,0,0,0,0,0,0,0,0,0,0,0,0,0,0,0,0,0,0,0,0,0,0
73,1,3,0,0,0,0,1,0,20,0,com,200,2,68704,1133.077,0,0,16,1,cloudflare,0,html,0,0,0,1,4,0,1,1,0,1,1,1,1,7,0,0,1,7,0,0,0,0,0,0,0,0,0,0,1,26,13,9,4,1,115,100,15,1,12,1,6,1,7,1,1,4,1,0,0,0,0,1,0,0,0,0,1,1,0,0,1,1,0,0,0,0,1,3,0,0,0,0,0.0,0.0,0.0,0,0,0,0,1,0,0,2,1,1,0,6,64,5,0,0,0,0,0,0,0,7.0,0.0003784350256171,0.5,0.1164415463437354,0,,multi_full_20260502_195223_0001,2026-05-02T19:55:21.884798,https://www.expediagroup.com/open-world-accelerator/programs/default.aspx,https://www.expediagroup.com/,False,https://www.expediagroup.com/open-world-accelerator/programs/default.aspx,https://www.expediagroup.com/,https://www.expediagroup.com/open-world-accelerator/programs/default.aspx,recon_page,2026-05-02T19:55:21.993311,0,0,0,0,0,0,0,0,0,0,0,0,0,0,0,0,0,0,0,0,0,0,0,0,0,0,0,0,0,0,0,0,0,0,0,0,0,0,0,0,0,0
83,1,4,0,0,0,0,1,0,20,0,com,200,2,77438,306.301,0,0,16,1,cloudflare,0,html,0,0,0,1,4,0,1,1,0,1,1,1,1,8,0,0,1,7,0,0,0,0,0,0,0,0,1,1,1,27,14,9,4,1,115,100,15,1,7,1,6,1,7,1,1,2,1,0,0,0,0,1,0,0,0,0,0,1,0,0,1,1,0,0,0,0,1,3,0,0,0,0,0.0,0.0,0.0,0,0,0,0,1,0,0,2,1,1,0,6,64,5,0,0,0,0,0,0,0,8.0,0.0003486660295978,0.5,0.1162220098659572,0,,multi_full_20260502_195223_0001,2026-05-02T19:55:21.684536,https://www.expediagroup.com/investors/news-and-events/investor-events/default.aspx,https://www.expediagroup.com/,False,https://www.expediagroup.com/investors/news-and-events/investor-events/default.aspx,https://www.expediagroup.com/,https://www.expediagroup.com/investors/news-and-events/investor-events/default.aspx,recon_page,2026-05-02T19:55:21.813160,0,0,0,0,0,0,0,0,0,0,0,0,0,0,0,0,0,0,0,0,0,0,0,0,0,0,0,0,0,0,0,0,0,0,0,0,0,0,0,0,0,0
72,1,4,0,0,0,0,1,0,20,0,com,200,2,63774,265.629,0,0,16,1,cloudflare,0,html,0,0,0,1,4,0,1,1,0,1,1,1,1,8,0,0,1,7,0,0,0,0,0,0,0,0,1,1,1,26,12,9,5,1,115,100,15,1,7,1,6,1,7,1,1,2,1,0,0,0,0,1,0,0,0,0,0,1,0,0,1,1,0,0,0,0,1,3,0,0,0,0,0.0,0.0,0.0,0,0,0,0,1,0,0,2,1,1,0,6,65,5,0,0,0,0,0,0,0,8.0,0.000407689654091,0.5,0.1411233418007338,0,,multi_full_20260502_195223_0001,2026-05-02T19:55:21.919544,https://www.expediagroup.com/investors/news-and-events/news/default.aspx,https://www.expediagroup.com/,False,https://www.expediagroup.com/investors/news-and-events/news/default.aspx,https://www.expediagroup.com/,https://www.expediagroup.com/investors/news-and-events/news/default.aspx,recon_page,2026-05-02T19:55:22.349433,0,0,0,0,0,0,0,0,0,0,0,0,0,0,0,0,0,0,0,0,0,0,0,0,0,0,0,0,0,0,0,0,0,0,0,0,0,0,0,0,0,0
39,1,2,0,0,0,0,1,0,20,0,com,404,4,64290,254.979,0,0,14,1,cloudflare,0,html,0,0,0,1,4,0,1,1,0,1,1,1,1,2,0,0,1,2,0,0,0,0,0,0,0,0,0,0,1,21,8,9,4,1,157,141,16,1,7,1,6,1,7,1,1,2,1,0,0,0,0,1,0,0,0,0,0,1,0,0,1,1,0,0,0,0,0,0,0,0,0,0,0.0,0.0,0.0,0,0,0,0,1,0,0,1,1,1,0,2,65,5,0,0,0,0,1,0,0,2.0,0.0003266448903406,0.5,0.0466635557629491,0,,multi_full_20260502_195223_0001,2026-05-02T19:55:21.962722,https://www.expediagroup.com/e6c1b/xc9/,https://www.expediagroup.com/,False,https://www.expediagroup.com/e6c1b/xc9/,https://www.expediagroup.com/,https://www.expediagroup.com/e6c1b/xc9/,recon_page,2026-05-02T19:55:22.349973,0,0,0,0,0,0,0,0,0,0,0,0,0,0,0,0,0,0,0,0,0,0,0,0,0,0,0,0,0,0,0,0,0,0,0,0,0,0,0,0,0,0
86,1,4,0,0,0,0,1,0,20,0,com,200,2,72266,596.746,0,0,16,1,cloudflare,0,html,0,0,0,1,4,0,1,1,0,1,1,1,1,7,0,0,1,7,0,0,0,0,0,0,0,0,0,0,1,24,11,9,4,1,115,100,15,1,7,1,6,1,7,1,1,48,1,0,0,0,0,1,0,0,0,0,0,1,0,0,1,1,0,0,0,0,1,3,0,0,0,0,0.0,0.0,0.0,0,0,0,0,1,0,0,2,1,1,0,6,64,5,0,0,0,0,0,0,0,7.0,0.0003321063847452,0.5,0.1107021282484155,0,,multi_full_20260502_195223_0001,2026-05-02T19:55:22.283706,https://www.expediagroup.com/investors/stock-information/analyst-coverage/default.aspx,https://www.expediagroup.com/,False,https://www.expediagroup.com/investors/stock-information/analyst-coverage/default.aspx,https://www.expediagroup.com/,https://www.expediagroup.com/investors/stock-information/analyst-coverage/default.aspx,recon_page,2026-05-02T19:55:22.398943,0,0,0,0,0,0,0,0,0,0,0,0,0,0,0,0,0,0,0,0,0,0,0,0,0,0,0,0,0,0,0,0,0,0,0,0,0,0,0,0,0,0
75,1,4,0,0,0,0,1,0,20,0,com,200,2,71963,300.081,0,0,16,1,cloudflare,0,html,0,0,0,1,4,0,1,1,0,1,1,1,1,7,0,0,1,7,0,0,0,0,0,0,0,0,0,0,1,25,12,9,4,1,121,104,17,1,7,1,6,1,7,1,1,2,1,0,0,0,0,1,0,0,0,0,0,1,0,0,1,1,0,0,0,0,1,3,0,0,0,0,0.0,0.0,0.0,0,0,0,0,1,0,0,2,1,1,0,6,66,5,0,0,0,0,0,0,0,7.0,0.0003474007476064,0.5,0.1111682392340508,0,,multi_full_20260502_195223_0001,2026-05-02T19:55:22.119039,https://www.expediagroup.com/investors/resources/investor-faqs/default.aspx,https://www.expediagroup.com/,False,https://www.expediagroup.com/investors/resources/investor-faqs/default.aspx,https://www.expediagroup.com/,https://www.expediagroup.com/investors/resources/investor-faqs/default.aspx,recon_page,2026-05-02T19:55:22.398164,0,0,0,0,0,0,0,0,0,0,0,0,0,0,0,0,0,0,0,0,0,0,0,0,0,0,0,0,0,0,0,0,0,0,0,0,0,0,0,0,0,0
93,1,4,0,0,0,0,1,0,20,0,com,200,2,61908,262.805,0,0,16,1,cloudflare,0,html,0,0,0,1,4,0,1,1,0,1,1,1,1,7,0,0,1,7,0,0,0,0,0,0,0,0,0,0,1,24,11,9,4,1,118,100,18,1,7,1,6,1,7,1,1,2,1,0,0,0,0,1,0,0,0,0,0,1,0,0,1,1,0,0,0,0,1,3,0,0,0,0,0.0,0.0,0.0,0,0,0,0,1,0,0,2,1,1,0,6,67,5,0,0,0,0,0,0,0,7.0,0.000387672029463,0.5,0.1292240098210247,0,,multi_full_20260502_195223_0001,2026-05-02T19:55:21.891948,https://www.expediagroup.com/investors/resources/Expedia-Stockholders-Litigation/default.aspx,https://www.expediagroup.com/,False,https://www.expediagroup.com/investors/resources/Expedia-Stockholders-Litigation/default.aspx,https://www.expediagroup.com/,https://www.expediagroup.com/investors/resources/Expedia-Stockholders-Litigation/default.aspx,recon_page,2026-05-02T19:55:22.424855,0,0,0,0,0,0,0,0,0,0,0,0,0,0,0,0,0,0,0,0,0,0,0,0,0,0,0,0,0,0,0,0,0,0,0,0,0,0,0,0,0,0
47,1,2,0,0,0,0,1,0,20,0,com,200,2,114378,341.069,0,0,16,1,cloudflare,0,html,0,0,0,1,4,0,1,1,0,1,1,1,1,10,0,0,1,7,0,0,0,0,0,0,0,0,1,3,1,32,14,9,9,1,123,101,22,1,11,1,6,1,7,1,1,5,1,0,0,0,0,1,0,0,0,0,1,1,0,0,1,1,0,0,0,0,1,3,0,0,0,0,0.0,0.0,0.0,0,0,0,0,1,0,0,2,1,1,0,6,75,5,0,0,0,0,1,0,0,10.0,0.0002797740824284,0.5,0.0961723408347759,0,,multi_full_20260502_195223_0001,2026-05-02T19:55:22.387404,https://www.expediagroup.com/media/default.aspx,https://www.expediagroup.com/,False,https://www.expediagroup.com/media/default.aspx,https://www.expediagroup.com/,https://www.expediagroup.com/media/default.aspx,recon_page,2026-05-02T19:55:22.424592,0,0,0,0,0,0,0,0,0,0,0,0,0,0,0,0,0,0,0,0,0,0,0,0,0,0,0,0,0,0,0,0,0,0,0,0,0,0,0,0,0,0
34,1,1,0,0,0,0,1,0,20,0,com,200,2,70849,290.559,0,0,16,1,cloudflare,0,html,0,0,0,1,4,0,1,1,0,1,1,1,1,7,0,0,1,7,0,0,0,0,0,0,0,0,0,0,1,27,14,9,4,1,117,102,15,1,22,1,7,1,7,1,1,7,1,0,0,0,0,1,0,0,0,0,0,1,0,0,1,1,0,0,0,0,1,3,0,0,0,0,0.0,0.0,0.0,0,0,0,0,1,0,0,2,1,1,0,6,66,5,0,0,0,0,0,0,0,7.0,0.0003810921819644,0.5,0.1129162020635435,0,,multi_full_20260502_195223_0001,2026-05-02T19:55:22.390384,https://www.expediagroup.com/home/,https://www.expediagroup.com/,False,https://www.expediagroup.com/home/,https://www.expediagroup.com/,https://www.expediagroup.com/home/,recon_page,2026-05-02T19:55:22.422516,0,0,0,0,0,0,0,0,0,0,0,0,0,0,0,0,0,0,0,0,0,0,0,0,0,0,0,0,0,0,0,0,0,0,0,0,0,0,0,0,0,0
69,1,3,0,0,0,0,1,0,20,0,com,200,2,78956,639.445,0,0,16,1,cloudflare,0,html,0,0,0,1,4,0,1,1,0,1,1,1,1,18,0,0,1,10,0,0,0,0,1,1,0,0,0,0,1,34,18,11,5,1,116,101,15,1,7,1,6,1,7,1,1,2,1,0,0,0,0,1,0,0,0,0,1,1,0,0,1,1,0,0,0,0,1,3,0,0,0,0,0.0,0.0,0.0,0,0,0,0,1,1,1,3,1,1,0,17,67,5,0,1,1,0,0,0,0,18.0,0.0004306195855919,0.5,0.2533056385835148,0,,multi_full_20260502_195223_0001,2026-05-02T19:55:22.348626,https://www.expediagroup.com/media/subscribe-to-the-news/default.aspx,https://www.expediagroup.com/,False,https://www.expediagroup.com/media/subscribe-to-the-news/default.aspx,https://www.expediagroup.com/,https://www.expediagroup.com/media/subscribe-to-the-news/default.aspx,recon_page,2026-05-02T19:55:22.424699,0,0,0,0,0,0,0,0,0,0,0,0,0,0,0,0,0,0,0,0,0,0,0,0,0,0,0,0,0,0,0,0,0,0,0,0,0,0,0,0,0,0
90,1,4,0,0,0,0,1,0,20,0,com,200,2,62500,263.939,0,0,16,1,cloudflare,0,html,0,0,0,1,4,0,1,1,0,1,1,1,1,7,0,0,1,7,0,0,0,0,0,0,0,0,0,0,1,24,11,9,4,1,115,100,15,1,7,1,6,1,7,1,1,2,1,0,0,0,0,1,0,0,0,0,0,1,0,0,1,1,0,0,0,0,1,3,0,0,0,0,0.0,0.0,0.0,0,0,0,0,1,0,0,2,1,1,0,6,64,5,0,0,0,0,0,0,0,7.0,0.000384,0.5,0.128,0,,multi_full_20260502_195223_0001,2026-05-02T19:55:22.392833,https://www.expediagroup.com/investors/corporate-governance/contact-the-board/default.aspx,https://www.expediagroup.com/,False,https://www.expediagroup.com/investors/corporate-governance/contact-the-board/default.aspx,https://www.expediagroup.com/,https://www.expediagroup.com/investors/corporate-governance/contact-the-board/default.aspx,recon_page,2026-05-02T19:55:22.424443,0,0,0,0,0,0,0,0,0,0,0,0,0,0,0,0,0,0,0,0,0,0,0,0,0,0,0,0,0,0,0,0,0,0,0,0,0,0,0,0,0,0
92,1,4,0,0,0,0,1,0,20,0,com,200,2,63133,298.97,0,0,16,1,cloudflare,0,html,0,0,0,1,4,0,1,1,0,1,1,1,1,7,0,0,1,7,0,0,0,0,0,0,0,0,0,0,1,25,12,9,4,1,115,100,15,1,7,1,6,1,7,1,1,2,1,0,0,0,0,1,0,0,0,0,0,1,0,0,1,1,0,0,0,0,1,3,0,0,0,0,0.0,0.0,0.0,0,0,0,0,1,0,0,2,1,1,0,6,64,5,0,0,0,0,0,0,0,7.0,0.0003959894191627,0.5,0.1267166141320704,0,,multi_full_20260502_195223_0001,2026-05-02T19:55:47.021169,https://www.expediagroup.com/investors/resources/us-irc-section-6045B-reporting/default.aspx,https://www.expediagroup.com/,False,https://www.expediagroup.com/investors/resources/us-irc-section-6045B-reporting/default.aspx,https://www.expediagroup.com/,https://www.expediagroup.com/investors/resources/us-irc-section-6045B-reporting/default.aspx,recon_page,2026-05-02T19:55:47.063894,0,0,0,0,0,0,0,0,0,0,0,0,0,0,0,0,0,0,0,0,0,0,0,0,0,0,0,0,0,0,0,0,0,0,0,0,0,0,0,0,0,0
88,1,4,0,0,0,0,1,0,20,0,com,200,2,63942,282.16,0,0,16,1,cloudflare,0,html,0,0,0,1,4,0,1,1,0,1,1,1,1,7,0,0,1,7,0,0,0,0,0,0,0,0,0,0,1,26,12,9,5,1,115,100,15,1,7,1,6,1,7,1,1,4,1,0,0,0,0,1,0,0,0,0,0,1,0,0,1,1,0,0,0,0,1,3,0,0,0,0,0.0,0.0,0.0,0,0,0,0,1,0,0,2,1,1,0,6,65,5,0,0,0,0,0,0,0,7.0,0.0004066184980138,0.5,0.1251133840042538,0,,multi_full_20260502_195223_0001,2026-05-02T19:55:58.588143,https://www.expediagroup.com/investors/financial-information/annual-reports/default.aspx,https://www.expediagroup.com/,False,https://www.expediagroup.com/investors/financial-information/annual-reports/default.aspx,https://www.expediagroup.com/,https://www.expediagroup.com/investors/financial-information/annual-reports/default.aspx,recon_page,2026-05-02T19:55:58.681820,0,0,0,0,0,0,0,0,0,0,0,0,0,0,0,0,0,0,0,0,0,0,0,0,0,0,0,0,0,0,0,0,0,0,0,0,0,0,0,0,0,0
73,1,3,0,0,0,0,1,0,20,0,com,200,2,67955,336.676,0,0,16,1,cloudflare,0,html,0,0,0,1,4,0,1,1,0,1,1,1,1,7,0,0,1,7,0,0,0,0,0,0,0,0,0,0,1,24,11,9,4,1,133,116,17,1,7,1,6,1,7,1,1,2,1,0,0,0,0,1,0,0,0,0,0,1,0,0,1,1,0,0,0,0,1,3,0,0,0,0,0.0,0.0,0.0,0,0,0,0,1,0,0,2,1,1,0,6,82,5,0,0,0,0,0,0,0,7.0,0.0003531748951512,0.5,0.117724965050401,0,,multi_full_20260502_195223_0001,2026-05-02T19:55:58.651207,https://www.expediagroup.com/who-we-are/marketplace-policies/default.aspx,https://www.expediagroup.com/,False,https://www.expediagroup.com/who-we-are/marketplace-policies/default.aspx,https://www.expediagroup.com/,https://www.expediagroup.com/who-we-are/marketplace-policies/default.aspx,recon_page,2026-05-02T19:55:58.731765,0,0,0,0,0,0,0,0,0,0,0,0,0,0,0,0,0,0,0,0,0,0,0,0,0,0,0,0,0,0,0,0,0,0,0,0,0,0,0,0,0,0
76,1,3,0,0,0,0,1,0,20,0,com,200,2,122721,324.161,0,0,16,1,cloudflare,0,html,0,0,0,1,4,0,1,1,0,1,1,1,1,7,0,0,1,7,0,0,0,0,1,16,0,0,0,0,1,27,14,9,4,1,126,105,21,1,43,1,6,1,7,1,1,16,1,0,0,0,0,1,0,0,0,0,0,1,0,0,1,1,0,0,0,0,1,3,0,0,0,0,0.0,0.0,0.0,0,0,0,0,1,0,0,2,1,1,0,6,71,5,0,0,0,0,0,0,0,7.0,0.0002200112450191,0.5,0.1955655511281687,0,,multi_full_20260502_195223_0001,2026-05-02T19:55:58.806738,https://www.expediagroup.com/who-we-are/inclusion-and-diversity/default.aspx,https://www.expediagroup.com/,False,https://www.expediagroup.com/who-we-are/inclusion-and-diversity/default.aspx,https://www.expediagroup.com/,https://www.expediagroup.com/who-we-are/inclusion-and-diversity/default.aspx,recon_page,2026-05-02T19:55:58.820978,0,0,0,0,0,0,0,0,0,0,0,0,0,0,0,0,0,0,0,0,0,0,0,0,0,0,0,0,0,0,0,0,0,0,0,0,0,0,0,0,0,0
72,1,3,0,0,0,0,1,0,20,0,com,200,2,62679,686.187,0,0,16,1,cloudflare,0,html,0,0,0,1,4,0,1,1,0,1,1,1,1,7,0,0,1,7,0,0,0,0,0,0,0,0,0,0,1,25,12,9,4,1,115,100,15,1,8,1,6,1,7,1,1,2,1,0,0,0,0,1,0,0,0,0,0,1,0,0,1,1,0,0,0,0,1,3,0,0,0,0,0.0,0.0,0.0,0,0,0,0,1,0,0,2,1,1,0,6,64,5,0,0,0,0,0,0,0,7.0,0.0003988576716284,0.5,0.1276344549211059,0,,multi_full_20260502_195223_0001,2026-05-02T19:55:58.767366,https://www.expediagroup.com/who-we-are/corporate-standards/default.aspx,https://www.expediagroup.com/,False,https://www.expediagroup.com/who-we-are/corporate-standards/default.aspx,https://www.expediagroup.com/,https://www.expediagroup.com/who-we-are/corporate-standards/default.aspx,recon_page,2026-05-02T19:55:58.808688,0,0,0,0,0,0,0,0,0,0,0,0,0,0,0,0,0,0,0,0,0,0,0,0,0,0,0,0,0,0,0,0,0,0,0,0,0,0,0,0,0,0
91,1,4,0,0,0,0,1,0,20,0,com,200,2,64115,551.984,0,0,16,1,cloudflare,0,html,0,0,0,1,4,0,1,1,0,1,1,1,1,8,0,0,1,7,0,0,0,0,0,0,0,0,1,1,1,25,12,9,4,1,115,100,15,1,7,1,6,1,7,1,1,2,1,0,0,0,0,1,0,0,0,0,0,1,0,0,1,1,0,0,0,0,1,3,0,0,0,0,0.0,0.0,0.0,0,0,0,0,1,0,0,2,1,1,0,6,64,5,0,0,0,0,0,0,0,8.0,0.0003899243546751,0.5,0.1403727676830695,0,,multi_full_20260502_195223_0001,2026-05-02T19:55:58.815365,https://www.expediagroup.com/investors/financial-information/quarterly-results/default.aspx,https://www.expediagroup.com/,False,https://www.expediagroup.com/investors/financial-information/quarterly-results/default.aspx,https://www.expediagroup.com/,https://www.expediagroup.com/investors/financial-information/quarterly-results/default.aspx,recon_page,2026-05-02T19:55:58.825266,0,0,0,0,0,0,0,0,0,0,0,0,0,0,0,0,0,0,0,0,0,0,0,0,0,0,0,0,0,0,0,0,0,0,0,0,0,0,0,0,0,0
57,1,2,0,0,0,0,1,0,20,0,com,200,2,183618,636.5020000000001,0,0,23,1,Apache,0,html,1,2,0,1,5,0,1,1,1,1,0,0,0,0,0,0,0,0,0,0,0,0,1,33,0,0,0,0,1,13,5,7,1,1,215,188,27,1,71,1,24,1,3,1,1,116,1,1,0,0,1,0,0,0,0,0,0,1,0,0,1,0,1,0,0,0,0,0,0,0,0,0,1.0,0.0,1.0,0,0,0,0,0,0,0,0,0,0,0,0,95,10,0,7,0,0,0,0,0,0.0,7.079915912383318e-05,0.625,0.1797209423912688,0,,multi_full_20260502_195223_0001,2026-05-02T19:56:02.857658,https://www.expediagroup.com/partner-with-us/default.aspx,https://www.expediagroup.com/,False,https://www.expediagroup.com/partner-with-us/default.aspx,https://www.expediagroup.com/,https://www.expediagroup.com/partner-with-us/default.aspx,recon_page,2026-05-02T19:56:02.866873,0,0,0,0,0,0,0,0,0,0,0,0,0,0,0,0,0,0,0,0,0,0,0,0,0,0,0,0,0,0,0,0,0,0,0,0,0,0,0,0,0,0
38,1,1,0,0,0,0,1,0,20,0,com,403,4,5654,115.404,0,0,20,1,cloudflare,0,html,0,0,0,0,5,1,0,0,1,1,0,0,0,0,0,0,0,0,0,0,0,0,0,0,0,0,0,0,1,1,1,0,0,0,0,0,0,0,0,1,6,0,0,1,0,0,1,0,0,0,0,0,0,0,0,0,0,1,0,0,1,1,0,0,0,0,0,0,0,0,0,0,0.0,0.0,0.0,0,0,0,0,0,0,0,0,0,0,0,0,0,0,0,0,0,0,0,0,0,0.0,0.0001768659356207,0.625,0.0,0,,multi_full_20260502_195223_0001,2026-05-02T19:56:05.571293,https://www.expediagroup.com/{{icon}}/,https://www.expediagroup.com/,False,https://www.expediagroup.com/{{icon}}/,https://www.expediagroup.com/,https://www.expediagroup.com/{{icon}}/,recon_page,2026-05-02T19:56:05.590540,0,0,0,0,0,0,0,0,0,0,0,0,0,0,0,0,0,0,0,0,0,0,0,0,0,0,0,0,0,0,0,0,0,0,0,0,0,0,0,0,0,0
44,1,1,0,0,0,0,1,0,20,0,com,200,2,72115,304.62600000000003,0,0,16,1,cloudflare,0,html,0,0,0,1,4,0,1,1,0,1,1,1,1,7,0,0,1,7,0,0,0,0,0,0,0,0,0,0,1,24,11,9,4,1,120,101,19,1,7,1,6,1,7,1,1,2,1,0,0,0,0,1,0,0,0,0,0,1,0,0,1,1,0,0,0,0,1,3,0,0,0,0,0.0,0.0,0.0,0,0,0,0,1,0,0,2,1,1,0,6,69,5,0,0,0,0,0,0,0,7.0,0.0003328017749427,0.5,0.1109339249809332,0,,multi_full_20260502_195223_0001,2026-05-02T19:56:05.724960,https://www.expediagroup.com/privacy-policy/,https://www.expediagroup.com/,False,https://www.expediagroup.com/privacy-policy/,https://www.expediagroup.com/,https://www.expediagroup.com/privacy-policy/,recon_page,2026-05-02T19:56:05.835442,0,0,0,0,0,0,0,0,0,0,0,0,0,0,0,0,0,0,0,0,0,0,0,0,0,0,0,0,0,0,0,0,0,0,0,0,0,0,0,0,0,0
86,1,4,0,0,0,0,1,0,20,0,com,200,2,63774,304.547,0,0,16,1,cloudflare,0,html,0,0,0,1,4,0,1,1,0,1,1,1,1,8,0,0,1,7,0,0,0,0,0,0,0,0,1,1,1,26,12,9,5,1,115,100,15,1,7,1,6,1,7,1,1,2,1,0,0,0,0,1,0,0,0,0,0,1,0,0,1,1,0,0,0,0,1,3,0,0,0,0,0.0,0.0,0.0,0,0,0,0,1,0,0,2,1,1,0,6,66,5,0,0,0,0,0,0,0,8.0,0.000407689654091,0.5,0.1411233418007338,0,,multi_full_20260502_195223_0001,2026-05-02T19:56:05.719282,https://www.expediagroup.com/investors/news-and-events/financial-releases/default.aspx,https://www.expediagroup.com/,False,https://www.expediagroup.com/investors/news-and-events/financial-releases/default.aspx,https://www.expediagroup.com/,https://www.expediagroup.com/investors/news-and-events/financial-releases/default.aspx,recon_page,2026-05-02T19:56:05.809125,0,0,0,0,0,0,0,0,0,0,0,0,0,0,0,0,0,0,0,0,0,0,0,0,0,0,0,0,0,0,0,0,0,0,0,0,0,0,0,0,0,0
61,1,2,0,0,0,0,1,0,20,0,com,200,2,68677,735.116,0,0,16,1,cloudflare,0,html,0,0,0,1,4,0,1,1,0,1,1,1,1,7,0,0,1,7,0,0,0,0,0,0,0,0,0,0,1,26,13,9,4,1,115,100,15,1,12,1,6,1,7,1,1,4,1,0,0,0,0,1,0,0,0,0,1,1,0,0,1,1,0,0,0,0,1,3,0,0,0,0,0.0,0.0,0.0,0,0,0,0,1,0,0,2,1,1,0,6,64,5,0,0,0,0,0,0,0,7.0,0.0003785838053496,0.5,0.1164873247229785,0,,multi_full_20260502_195223_0001,2026-05-02T19:56:05.793464,https://www.expediagroup.com/open-world-accelerator/programs/,https://www.expediagroup.com/,False,https://www.expediagroup.com/open-world-accelerator/programs/,https://www.expediagroup.com/,https://www.expediagroup.com/open-world-accelerator/programs/,recon_page,2026-05-02T19:56:05.841517,0,0,0,0,0,0,0,0,0,0,0,0,0,0,0,0,0,0,0,0,0,0,0,0,0,0,0,0,0,0,0,0,0,0,0,0,0,0,0,0,0,0
56,1,2,0,0,0,0,1,0,20,0,com,200,2,72142,316.337,0,0,16,1,cloudflare,0,html,0,0,0,1,4,0,1,1,0,1,1,1,1,7,0,0,1,7,0,0,0,0,0,0,0,0,0,0,1,24,11,9,4,1,120,101,19,1,7,1,6,1,7,1,1,2,1,0,0,0,0,1,0,0,0,0,0,1,0,0,1,1,0,0,0,0,1,3,0,0,0,0,0.0,0.0,0.0,0,0,0,0,1,0,0,2,1,1,0,6,69,5,0,0,0,0,0,0,0,7.0,0.0003326772199273,0.5,0.1108924066424551,0,,multi_full_20260502_195223_0001,2026-05-02T19:56:05.840070,https://www.expediagroup.com/privacy-policy/default.aspx,https://www.expediagroup.com/,False,https://www.expediagroup.com/privacy-policy/default.aspx,https://www.expediagroup.com/,https://www.expediagroup.com/privacy-policy/default.aspx,recon_page,2026-05-02T19:56:05.872064,0,0,0,0,0,0,0,0,0,0,0,0,0,0,0,0,0,0,0,0,0,0,0,0,0,0,0,0,0,0,0,0,0,0,0,0,0,0,0,0,0,0
56,1,1,1,1,0,0,1,0,20,0,com,403,4,5729,66.326,0,0,20,1,cloudflare,0,html,0,0,0,0,5,1,0,0,1,1,0,0,0,0,0,0,0,0,0,0,0,0,0,0,0,0,0,0,1,1,1,0,0,0,0,0,0,0,0,1,6,0,0,1,0,0,1,0,0,0,0,1,0,0,0,0,0,1,0,0,1,1,0,0,0,0,0,0,0,0,0,0,0.0,0.0,0.0,0,0,0,0,0,0,0,0,0,0,0,0,0,0,0,0,0,0,0,0,0,0.0,0.0001745505323791,0.625,0.0,0,,multi_full_20260502_195223_0001,2026-05-02T19:56:33.587045,https://www.expediagroup.com/DownloadICal.aspx?id={{id}},https://www.expediagroup.com/,False,https://www.expediagroup.com/DownloadICal.aspx?id={{id}},https://www.expediagroup.com/,https://www.expediagroup.com/DownloadICal.aspx?id={{id}},recon_page,2026-05-02T19:56:33.608751,0,0,0,0,0,0,0,0,0,0,0,0,0,0,0,0,0,0,0,0,0,0,0,0,0,0,0,0,0,0,0,0,0,0,0,0,0,0,0,0,0,0
46,1,1,0,0,0,0,1,0,20,0,com,404,4,64290,378.585,0,0,14,1,cloudflare,0,html,0,0,0,1,4,0,1,1,0,1,1,1,1,2,0,0,1,2,0,0,0,0,0,0,0,0,0,0,1,21,8,9,4,1,157,141,16,1,7,1,6,1,7,1,1,2,1,0,0,0,0,1,0,0,0,0,0,1,0,0,1,1,0,0,0,0,0,0,0,0,0,0,0.0,0.0,0.0,0,0,0,0,1,0,0,1,1,1,0,2,65,5,0,0,0,0,1,0,0,2.0,0.0003266448903406,0.5,0.0466635557629491,0,,multi_full_20260502_195223_0001,2026-05-02T19:56:33.620432,https://www.expediagroup.com/PageNotFound.aspx,https://www.expediagroup.com/,False,https://www.expediagroup.com/PageNotFound.aspx,https://www.expediagroup.com/,https://www.expediagroup.com/PageNotFound.aspx,recon_page,2026-05-02T19:56:33.651109,0,0,0,0,0,0,0,0,0,0,0,0,0,0,0,0,0,0,0,0,0,0,0,0,0,0,0,0,0,0,0,0,0,0,0,0,0,0,0,0,0,0
80,1,1,1,2,0,0,1,0,20,0,com,403,4,5822,70.415,0,0,20,1,cloudflare,0,html,0,0,0,0,5,1,0,0,1,1,0,0,0,0,0,0,0,0,0,0,0,0,0,0,0,0,0,0,1,1,1,0,0,0,0,0,0,0,0,1,6,0,0,1,0,0,1,0,0,0,0,1,0,0,0,0,0,1,0,0,1,1,0,0,1,0,0,0,0,0,0,0,0.0,0.0,0.0,0,0,0,0,0,0,0,0,0,0,0,0,0,0,0,0,0,0,0,0,0,0.0,0.000171762281003,0.625,0.0,0,,multi_full_20260502_195223_0001,2026-05-02T19:56:34.034968,https://www.expediagroup.com/DownloadICal.aspx?id={{id}}&platform=GoogleCalendar,https://www.expediagroup.com/,False,https://www.expediagroup.com/DownloadICal.aspx?id={{id}}&platform=GoogleCalendar,https://www.expediagroup.com/,https://www.expediagroup.com/DownloadICal.aspx?id={{id}}&platform=GoogleCalendar,recon_page,2026-05-02T19:56:34.057703,0,0,0,0,0,0,0,0,0,0,0,0,0,0,0,0,0,0,0,0,0,0,0,0,0,0,0,0,0,0,0,0,0,0,0,0,0,0,0,0,0,0
94,1,2,0,0,0,0,1,0,20,0,com,404,4,64290,674.648,0,0,14,1,cloudflare,0,html,0,0,0,1,4,0,1,1,0,1,1,1,1,2,0,0,1,2,0,0,0,0,0,0,0,0,0,0,1,21,8,9,4,1,157,141,16,1,7,1,6,1,7,1,1,2,1,0,0,0,0,1,0,0,0,0,0,1,0,0,1,1,0,0,0,0,0,0,0,0,0,0,0.0,0.0,0.0,0,0,0,0,1,0,0,1,1,1,0,2,65,5,0,0,0,0,1,0,0,2.0,0.0003266448903406,0.5,0.0466635557629491,0,,multi_full_20260502_195223_0001,2026-05-02T19:56:34.068854,https://www.expediagroup.com/about/privacy%E2%80%90data%E2%80%90handling%E2%80%90requirements/,https://www.expediagroup.com/,False,https://www.expediagroup.com/about/privacy%E2%80%90data%E2%80%90handling%E2%80%90requirements/,https://www.expediagroup.com/,https://www.expediagroup.com/about/privacy%E2%80%90data%E2%80%90handling%E2%80%90requirements/,recon_page,2026-05-02T19:56:34.081490,0,0,0,0,0,0,0,0,0,0,0,0,0,0,0,0,0,0,0,0,0,0,0,0,0,0,0,0,0,0,0,0,0,0,0,0,0,0,0,0,0,0
83,1,3,0,0,0,0,1,0,20,0,com,404,4,64290,361.882,0,0,14,1,cloudflare,0,html,0,0,0,1,4,0,1,1,0,1,1,1,1,2,0,0,1,2,0,0,0,0,0,0,0,0,0,0,1,21,8,9,4,1,157,141,16,1,7,1,6,1,7,1,1,2,1,0,0,0,0,1,0,0,0,0,0,1,0,0,1,1,0,0,0,0,0,0,0,0,0,0,0.0,0.0,0.0,0,0,0,0,1,0,0,1,1,1,0,2,65,5,0,0,0,0,1,0,0,2.0,0.0003266448903406,0.5,0.0466635557629491,0,,multi_full_20260502_195223_0001,2026-05-02T19:56:34.533605,https://www.expediagroup.com/en-us/partner-support/expedia-accessibility-statement/,https://www.expediagroup.com/,False,https://www.expediagroup.com/en-us/partner-support/expedia-accessibility-statement/,https://www.expediagroup.com/,https://www.expediagroup.com/en-us/partner-support/expedia-accessibility-statement/,recon_page,2026-05-02T19:56:34.553652,0,0,0,0,0,0,0,0,0,0,0,0,0,0,0,0,0,0,0,0,0,0,0,0,0,0,0,0,0,0,0,0,0,0,0,0,0,0,0,0,0,0
52,1,3,0,0,0,0,1,0,20,0,com,404,4,64290,2064.6710000000003,0,0,14,1,cloudflare,0,html,0,0,0,1,4,0,1,1,0,1,1,1,1,2,0,0,1,2,0,0,0,0,0,0,0,0,0,0,1,21,8,9,4,1,157,141,16,1,7,1,6,1,7,1,1,2,1,0,0,0,0,1,0,0,0,0,0,1,0,0,1,1,0,0,0,0,0,0,0,0,0,0,0.0,0.0,0.0,0,0,0,0,1,0,0,1,1,1,0,2,65,5,0,0,0,0,1,0,0,2.0,0.0003266448903406,0.5,0.0466635557629491,0,,multi_full_20260502_195223_0001,2026-05-02T19:56:35.219146,https://www.expediagroup.com/en-us/resources/events/,https://www.expediagroup.com/,False,https://www.expediagroup.com/en-us/resources/events/,https://www.expediagroup.com/,https://www.expediagroup.com/en-us/resources/events/,recon_page,2026-05-02T19:56:35.516768,0,0,0,0,0,0,0,0,0,0,0,0,0,0,0,0,0,0,0,0,0,0,0,0,0,0,0,0,0,0,0,0,0,0,0,0,0,0,0,0,0,0
107,1,8,0,0,0,0,1,0,20,0,com,404,4,1286,1879.219,0,0,15,1,cloudflare,0,html,0,0,0,1,4,0,1,1,0,1,0,0,0,0,0,0,0,0,0,0,0,0,0,0,0,0,0,0,0,0,0,0,0,1,3,2,1,1,1,1,1,1,1,0,0,0,1,0,0,0,0,1,0,0,0,0,0,1,0,0,1,1,0,0,0,0,0,0,0,0,0,0,0.0,0.0,0.0,0,0,0,0,0,0,0,0,0,0,0,0,3,0,0,0,0,0,1,0,0,0.0,0.0,0.5,0.0,0,,multi_full_20260502_195223_0001,2026-05-02T19:56:35.685715,https://www.expediagroup.com/content/dam/unified/partner/images/iconography/system/monetization-on-blue.svg,https://www.expediagroup.com/,False,https://www.expediagroup.com/content/dam/unified/partner/images/iconography/system/monetization-on-blue.svg,https://www.expediagroup.com/,https://www.expediagroup.com/content/dam/unified/partner/images/iconography/system/monetization-on-blue.svg,recon_page,2026-05-02T19:56:35.706206,0,0,0,0,0,0,0,0,0,0,0,0,0,0,0,0,0,0,0,0,0,0,0,0,0,0,0,0,0,0,0,0,0,0,0,0,0,0,0,0,0,0
98,1,7,0,0,0,0,1,0,20,0,com,500,5,3373,362.581,0,0,15,1,cloudflare,0,html,0,0,0,1,4,0,1,1,0,1,1,1,1,1,0,0,1,1,0,0,0,0,0,0,0,0,0,0,1,2,1,1,0,1,4,3,1,1,1,1,1,1,1,1,0,0,1,0,0,0,0,1,0,0,0,0,0,1,0,0,1,1,0,0,0,0,0,0,0,0,0,0,0.0,0.0,0.0,0,0,0,1,0,0,0,0,0,1,0,1,6,0,0,0,0,0,0,0,0,1.0,0.0005929439667951,0.5,0.5929439667951378,0,,multi_full_20260502_195223_0001,2026-05-02T19:56:38.558646,https://www.expediagroup.com/content/unified/partner/live-copies/en-us/resources/case-studies.html,https://www.expediagroup.com/,False,https://www.expediagroup.com/content/unified/partner/live-copies/en-us/resources/case-studies.html,https://www.expediagroup.com/,https://www.expediagroup.com/content/unified/partner/live-copies/en-us/resources/case-studies.html,recon_page,2026-05-02T19:56:38.569178,0,0,0,0,0,0,0,0,0,0,0,0,0,0,0,0,0,0,0,0,0,0,0,0,0,0,0,0,0,0,0,0,0,0,0,0,0,0,0,0,0,0
97,1,8,0,0,0,0,1,0,20,0,com,404,4,1286,297.942,0,0,15,1,cloudflare,0,html,0,0,0,1,4,0,1,1,0,1,0,0,0,0,0,0,0,0,0,0,0,0,0,0,0,0,0,0,0,0,0,0,0,1,3,2,1,1,1,1,1,1,1,0,0,0,1,0,0,0,0,1,0,0,0,0,0,1,0,0,1,1,0,0,0,0,0,0,0,0,0,0,0.0,0.0,0.0,0,0,0,0,0,0,0,0,0,0,0,0,3,0,0,0,0,0,1,0,0,0.0,0.0,0.5,0.0,0,,multi_full_20260502_195223_0001,2026-05-02T19:56:47.938267,https://www.expediagroup.com/content/dam/unified/partner/images/logos/partner/walmart-logo@2x.png,https://www.expediagroup.com/,False,https://www.expediagroup.com/content/dam/unified/partner/images/logos/partner/walmart-logo@2x.png,https://www.expediagroup.com/,https://www.expediagroup.com/content/dam/unified/partner/images/logos/partner/walmart-logo@2x.png,recon_page,2026-05-02T19:56:47.948954,0,0,0,0,0,0,0,0,0,0,0,0,0,0,0,0,0,0,0,0,0,0,0,0,0,0,0,0,0,0,0,0,0,0,0,0,0,0,0,0,0,0
104,1,8,0,0,0,0,1,0,20,0,com,404,4,1286,316.121,0,0,15,1,cloudflare,0,html,0,0,0,1,4,0,1,1,0,1,0,0,0,0,0,0,0,0,0,0,0,0,0,0,0,0,0,0,0,0,0,0,0,1,3,2,1,1,1,1,1,1,1,0,0,0,1,0,0,0,0,1,0,0,0,0,0,1,0,0,1,1,0,0,0,0,0,0,0,0,0,0,0.0,0.0,0.0,0,0,0,0,0,0,0,0,0,0,0,0,3,0,0,0,0,0,1,0,0,0.0,0.0,0.5,0.0,0,,multi_full_20260502_195223_0001,2026-05-02T19:56:48.213992,https://www.expediagroup.com/content/dam/unified/partner/images/iconography/system/beach-access-blue.svg,https://www.expediagroup.com/,False,https://www.expediagroup.com/content/dam/unified/partner/images/iconography/system/beach-access-blue.svg,https://www.expediagroup.com/,https://www.expediagroup.com/content/dam/unified/partner/images/iconography/system/beach-access-blue.svg,recon_page,2026-05-02T19:56:48.222304,0,0,0,0,0,0,0,0,0,0,0,0,0,0,0,0,0,0,0,0,0,0,0,0,0,0,0,0,0,0,0,0,0,0,0,0,0,0,0,0,0,0
119,1,8,0,0,0,0,1,0,20,0,com,404,4,1286,352.397,0,0,15,1,cloudflare,0,html,0,0,0,1,4,0,1,1,0,1,0,0,0,0,0,0,0,0,0,0,0,0,0,0,0,0,0,0,0,0,0,0,0,1,3,2,1,1,1,1,1,1,1,0,0,0,1,0,0,0,0,1,0,0,0,0,0,1,0,0,1,1,0,0,0,0,0,0,0,0,0,0,0.0,0.0,0.0,0,0,0,0,0,0,0,0,0,0,0,0,3,0,0,0,0,0,1,0,0,0.0,0.0,0.5,0.0,0,,multi_full_20260502_195223_0001,2026-05-02T19:56:48.661445,https://www.expediagroup.com/content/dam/unified/partner/images/photography/owned/woman-smiling-ruins-background-2x.png,https://www.expediagroup.com/,False,https://www.expediagroup.com/content/dam/unified/partner/images/photography/owned/woman-smiling-ruins-background-2x.png,https://www.expediagroup.com/,https://www.expediagroup.com/content/dam/unified/partner/images/photography/owned/woman-smiling-ruins-background-2x.png,recon_page,2026-05-02T19:56:48.671282,0,0,0,0,0,0,0,0,0,0,0,0,0,0,0,0,0,0,0,0,0,0,0,0,0,0,0,0,0,0,0,0,0,0,0,0,0,0,0,0,0,0
71,1,3,0,0,0,0,1,0,20,0,com,404,4,64290,382.021,0,0,14,1,cloudflare,0,html,0,0,0,1,4,0,1,1,0,1,1,1,1,2,0,0,1,2,0,0,0,0,0,0,0,0,0,0,1,21,8,9,4,1,157,141,16,1,7,1,6,1,7,1,1,2,1,0,0,0,0,1,0,0,0,0,0,1,0,0,1,1,0,0,0,0,0,0,0,0,0,0,0.0,0.0,0.0,0,0,0,0,1,0,0,1,1,1,0,2,65,5,0,0,0,0,1,0,0,2.0,0.0003266448903406,0.5,0.0466635557629491,0,,multi_full_20260502_195223_0001,2026-05-02T19:56:48.789724,https://www.expediagroup.com/en-us/solutions/distribute-your-inventory/,https://www.expediagroup.com/,False,https://www.expediagroup.com/en-us/solutions/distribute-your-inventory/,https://www.expediagroup.com/,https://www.expediagroup.com/en-us/solutions/distribute-your-inventory/,recon_page,2026-05-02T19:56:48.807621,0,0,0,0,0,0,0,0,0,0,0,0,0,0,0,0,0,0,0,0,0,0,0,0,0,0,0,0,0,0,0,0,0,0,0,0,0,0,0,0,0,0
109,1,8,0,0,0,0,1,0,20,0,com,404,4,1286,599.567,0,0,15,1,cloudflare,0,html,0,0,0,1,4,0,1,1,0,1,0,0,0,0,0,0,0,0,0,0,0,0,0,0,0,0,0,0,0,0,0,0,0,1,3,2,1,1,1,1,1,1,1,0,0,0,1,0,0,0,0,1,0,0,0,0,0,1,0,0,1,1,0,0,0,0,0,0,0,0,0,0,0.0,0.0,0.0,0,0,0,0,0,0,0,0,0,0,0,0,3,0,0,0,0,0,1,0,0,0.0,0.0,0.5,0.0,0,,multi_full_20260502_195223_0001,2026-05-02T19:56:54.967832,https://www.expediagroup.com/content/dam/unified/partner/images/logos/partner/united-mileage-plus-logo@2x.png,https://www.expediagroup.com/,False,https://www.expediagroup.com/content/dam/unified/partner/images/logos/partner/united-mileage-plus-logo@2x.png,https://www.expediagroup.com/,https://www.expediagroup.com/content/dam/unified/partner/images/logos/partner/united-mileage-plus-logo@2x.png,recon_page,2026-05-02T19:56:54.980092,0,0,0,0,0,0,0,0,0,0,0,0,0,0,0,0,0,0,0,0,0,0,0,0,0,0,0,0,0,0,0,0,0,0,0,0,0,0,0,0,0,0
225,1,16,0,0,0,0,1,0,20,0,com,404,4,1286,425.815,0,0,15,1,cloudflare,0,html,0,0,0,1,4,0,1,1,0,1,0,0,0,0,0,0,0,0,0,0,0,0,0,0,0,0,0,0,0,0,0,0,0,1,3,2,1,1,1,1,1,1,1,0,0,0,1,0,0,0,0,1,0,0,0,0,0,1,0,0,1,1,0,0,0,0,0,0,0,0,0,0,0.0,0.0,0.0,0,0,0,0,0,0,0,0,0,0,0,0,3,0,0,0,0,0,1,0,0,0.0,0.0,0.5,0.0,0,,multi_full_20260502_195223_0001,2026-05-02T19:56:55.922743,https://www.expediagroup.com/content/experience-fragments/unified/partner/live-copies/en-us/global-footer/master/_jcr_content/root/footer_container/third-group/container_copy/image_copy.coreimg.svg/1747427558525/instagram.svg,https://www.expediagroup.com/,False,https://www.expediagroup.com/content/experience-fragments/unified/partner/live-copies/en-us/global-footer/master/_jcr_content/root/footer_container/third-group/container_copy/image_copy.coreimg.svg/1747427558525/instagram.svg,https://www.expediagroup.com/,https://www.expediagroup.com/content/experience-fragments/unified/partner/live-copies/en-us/global-footer/master/_jcr_content/root/footer_container/third-group/container_copy/image_copy.coreimg.svg/1747427558525/instagram.svg,recon_page,2026-05-02T19:56:55.927071,0,0,0,0,0,0,0,0,0,0,0,0,0,0,0,0,0,0,0,0,0,0,0,0,0,0,0,0,0,0,0,0,0,0,0,0,0,0,0,0,0,0
47,1,2,0,0,0,0,1,0,20,0,com,404,4,64290,733.0219999999999,0,0,14,1,cloudflare,0,html,0,0,0,1,4,0,1,1,0,1,1,1,1,2,0,0,1,2,0,0,0,0,0,0,0,0,0,0,1,21,8,9,4,1,157,141,16,1,7,1,6,1,7,1,1,2,1,0,0,0,0,1,0,0,0,0,0,1,0,0,1,1,0,0,0,0,0,0,0,0,0,0,0.0,0.0,0.0,0,0,0,0,1,0,0,1,1,1,0,2,65,5,0,0,0,0,1,0,0,2.0,0.0003266448903406,0.5,0.0466635557629491,0,,multi_full_20260502_195223_0001,2026-05-02T19:56:56.035285,https://www.expediagroup.com/en-us/partnership/,https://www.expediagroup.com/,False,https://www.expediagroup.com/en-us/partnership/,https://www.expediagroup.com/,https://www.expediagroup.com/en-us/partnership/,recon_page,2026-05-02T19:56:56.067123,0,0,0,0,0,0,0,0,0,0,0,0,0,0,0,0,0,0,0,0,0,0,0,0,0,0,0,0,0,0,0,0,0,0,0,0,0,0,0,0,0,0
45,1,2,0,0,0,0,1,0,20,0,com,404,4,64290,286.581,0,0,14,1,cloudflare,0,html,0,0,0,1,4,0,1,1,0,1,1,1,1,2,0,0,1,2,0,0,0,0,0,0,0,0,0,0,1,21,8,9,4,1,157,141,16,1,7,1,6,1,7,1,1,2,1,0,0,0,0,1,0,0,0,0,0,1,0,0,1,1,0,0,0,0,0,0,0,0,0,0,0.0,0.0,0.0,0,0,0,0,1,0,0,1,1,1,0,2,65,5,0,0,0,0,1,0,0,2.0,0.0003266448903406,0.5,0.0466635557629491,0,,multi_full_20260502_195223_0001,2026-05-02T19:57:09.412066,https://www.expediagroup.com/en-us/solutions/,https://www.expediagroup.com/,False,https://www.expediagroup.com/en-us/solutions/,https://www.expediagroup.com/,https://www.expediagroup.com/en-us/solutions/,recon_page,2026-05-02T19:57:09.425471,0,0,0,0,0,0,0,0,0,0,0,0,0,0,0,0,0,0,0,0,0,0,0,0,0,0,0,0,0,0,0,0,0,0,0,0,0,0,0,0,0,0
105,1,4,0,0,0,0,1,0,20,0,com,404,4,64290,384.812,0,0,14,1,cloudflare,0,html,0,0,0,1,4,0,1,1,0,1,1,1,1,2,0,0,1,2,0,0,0,0,0,0,0,0,0,0,1,21,8,9,4,1,157,141,16,1,7,1,6,1,7,1,1,2,1,0,0,0,0,1,0,0,0,0,0,1,0,0,1,1,0,0,0,0,0,0,0,0,0,0,0.0,0.0,0.0,0,0,0,0,1,0,0,1,1,1,0,2,65,5,0,0,0,0,1,0,0,2.0,0.0003266448903406,0.5,0.0466635557629491,0,,multi_full_20260502_195223_0001,2026-05-02T19:57:09.723789,https://www.expediagroup.com/en-us/solutions/build-your-travel-experience/travel-agent-affiliate-program/,https://www.expediagroup.com/,False,https://www.expediagroup.com/en-us/solutions/build-your-travel-experience/travel-agent-affiliate-program/,https://www.expediagroup.com/,https://www.expediagroup.com/en-us/solutions/build-your-travel-experience/travel-agent-affiliate-program/,recon_page,2026-05-02T19:57:09.754159,0,0,0,0,0,0,0,0,0,0,0,0,0,0,0,0,0,0,0,0,0,0,0,0,0,0,0,0,0,0,0,0,0,0,0,0,0,0,0,0,0,0
99,1,8,0,0,0,0,1,0,20,0,com,404,4,1286,524.7330000000001,0,0,15,1,cloudflare,0,html,0,0,0,1,4,0,1,1,0,1,0,0,0,0,0,0,0,0,0,0,0,0,0,0,0,0,0,0,0,0,0,0,0,1,3,2,1,1,1,1,1,1,1,0,0,0,1,0,0,0,0,1,0,0,0,0,0,1,0,0,1,1,0,0,0,0,0,0,0,0,0,0,0.0,0.0,0.0,0,0,0,0,0,0,0,0,0,0,0,0,3,0,0,0,0,0,1,0,0,0.0,0.0,0.5,0.0,0,,multi_full_20260502_195223_0001,2026-05-02T19:57:10.776838,https://www.expediagroup.com/content/dam/unified/partner/images/iconography/system/arlines-blue.svg,https://www.expediagroup.com/,False,https://www.expediagroup.com/content/dam/unified/partner/images/iconography/system/arlines-blue.svg,https://www.expediagroup.com/,https://www.expediagroup.com/content/dam/unified/partner/images/iconography/system/arlines-blue.svg,recon_page,2026-05-02T19:57:10.785556,0,0,0,0,0,0,0,0,0,0,0,0,0,0,0,0,0,0,0,0,0,0,0,0,0,0,0,0,0,0,0,0,0,0,0,0,0,0,0,0,0,0
35,1,1,0,0,0,0,1,0,20,0,com,404,4,64290,398.527,0,0,14,1,cloudflare,0,html,0,0,0,1,4,0,1,1,0,1,1,1,1,2,0,0,1,2,0,0,0,0,0,0,0,0,0,0,1,21,8,9,4,1,157,141,16,1,7,1,6,1,7,1,1,2,1,0,0,0,0,1,0,0,0,0,0,1,0,0,1,1,0,0,0,0,0,0,0,0,0,0,0.0,0.0,0.0,0,0,0,0,1,0,0,1,1,1,0,2,65,5,0,0,0,0,1,0,0,2.0,0.0003266448903406,0.5,0.0466635557629491,0,,multi_full_20260502_195223_0001,2026-05-02T19:57:10.903385,https://www.expediagroup.com/ja-jp/,https://www.expediagroup.com/,False,https://www.expediagroup.com/ja-jp/,https://www.expediagroup.com/,https://www.expediagroup.com/ja-jp/,recon_page,2026-05-02T19:57:10.921025,0,0,0,0,0,0,0,0,0,0,0,0,0,0,0,0,0,0,0,0,0,0,0,0,0,0,0,0,0,0,0,0,0,0,0,0,0,0,0,0,0,0
107,1,8,0,0,0,0,1,0,20,0,com,404,4,1286,349.937,0,0,15,1,cloudflare,0,html,0,0,0,1,4,0,1,1,0,1,0,0,0,0,0,0,0,0,0,0,0,0,0,0,0,0,0,0,0,0,0,0,0,1,3,2,1,1,1,1,1,1,1,0,0,0,1,0,0,0,0,1,0,0,0,0,0,1,0,0,1,1,0,0,0,0,0,0,0,0,0,0,0.0,0.0,0.0,0,0,0,0,0,0,0,0,0,0,0,0,3,0,0,0,0,0,1,0,0,0.0,0.0,0.5,0.0,0,,multi_full_20260502_195223_0001,2026-05-02T19:57:11.256890,https://www.expediagroup.com/content/dam/unified/partner/images/iconography/system/business-center-blue.svg,https://www.expediagroup.com/,False,https://www.expediagroup.com/content/dam/unified/partner/images/iconography/system/business-center-blue.svg,https://www.expediagroup.com/,https://www.expediagroup.com/content/dam/unified/partner/images/iconography/system/business-center-blue.svg,recon_page,2026-05-02T19:57:11.283198,0,0,0,0,0,0,0,0,0,0,0,0,0,0,0,0,0,0,0,0,0,0,0,0,0,0,0,0,0,0,0,0,0,0,0,0,0,0,0,0,0,0
105,1,8,0,0,0,0,1,0,20,0,com,404,4,1286,355.133,0,0,15,1,cloudflare,0,html,0,0,0,1,4,0,1,1,0,1,0,0,0,0,0,0,0,0,0,0,0,0,0,0,0,0,0,0,0,0,0,0,0,1,3,2,1,1,1,1,1,1,1,0,0,0,1,0,0,0,0,1,0,0,0,0,0,1,0,0,1,1,0,0,0,0,0,0,0,0,0,0,0.0,0.0,0.0,0,0,0,0,0,0,0,0,0,0,0,0,3,0,0,0,0,0,1,0,0,0.0,0.0,0.5,0.0,0,,multi_full_20260502_195223_0001,2026-05-02T19:57:12.635781,https://www.expediagroup.com/content/dam/unified/partner/images/logos/partner/royal-carribean-logo@2x.png,https://www.expediagroup.com/,False,https://www.expediagroup.com/content/dam/unified/partner/images/logos/partner/royal-carribean-logo@2x.png,https://www.expediagroup.com/,https://www.expediagroup.com/content/dam/unified/partner/images/logos/partner/royal-carribean-logo@2x.png,recon_page,2026-05-02T19:57:12.642165,0,0,0,0,0,0,0,0,0,0,0,0,0,0,0,0,0,0,0,0,0,0,0,0,0,0,0,0,0,0,0,0,0,0,0,0,0,0,0,0,0,0
112,1,4,0,0,0,0,1,0,20,0,com,404,4,64290,402.143,0,0,14,1,cloudflare,0,html,0,0,0,1,4,0,1,1,0,1,1,1,1,2,0,0,1,2,0,0,0,0,0,0,0,0,0,0,1,21,8,9,4,1,157,141,16,1,7,1,6,1,7,1,1,2,1,0,0,0,0,1,0,0,0,0,0,1,0,0,1,1,0,0,0,0,0,0,0,0,0,0,0.0,0.0,0.0,0,0,0,0,1,0,0,1,1,1,0,2,65,5,0,0,0,0,1,0,0,2.0,0.0003266448903406,0.5,0.0466635557629491,0,,multi_full_20260502_195223_0001,2026-05-02T19:57:13.035852,https://www.expediagroup.com/en-us/resources/case-studies/multi-channel-full-funnel-advertising-campaign-greece/,https://www.expediagroup.com/,False,https://www.expediagroup.com/en-us/resources/case-studies/multi-channel-full-funnel-advertising-campaign-greece/,https://www.expediagroup.com/,https://www.expediagroup.com/en-us/resources/case-studies/multi-channel-full-funnel-advertising-campaign-greece/,recon_page,2026-05-02T19:57:13.039659,0,0,0,0,0,0,0,0,0,0,0,0,0,0,0,0,0,0,0,0,0,0,0,0,0,0,0,0,0,0,0,0,0,0,0,0,0,0,0,0,0,0
107,1,8,0,0,0,0,1,0,20,0,com,404,4,1286,620.201,0,0,15,1,cloudflare,0,html,0,0,0,1,4,0,1,1,0,1,0,0,0,0,0,0,0,0,0,0,0,0,0,0,0,0,0,0,0,0,0,0,0,1,3,2,1,1,1,1,1,1,1,0,0,0,1,0,0,0,0,1,0,0,0,0,0,1,0,0,1,1,0,0,0,0,0,0,0,0,0,0,0.0,0.0,0.0,0,0,0,0,0,0,0,0,0,0,0,0,3,0,0,0,0,0,1,0,0,0.0,0.0,0.5,0.0,0,,multi_full_20260502_195223_0001,2026-05-02T19:57:15.730967,https://www.expediagroup.com/content/dam/unified/partner/images/logos/partner/celebrity-cruises-logo@2x.png,https://www.expediagroup.com/,False,https://www.expediagroup.com/content/dam/unified/partner/images/logos/partner/celebrity-cruises-logo@2x.png,https://www.expediagroup.com/,https://www.expediagroup.com/content/dam/unified/partner/images/logos/partner/celebrity-cruises-logo@2x.png,recon_page,2026-05-02T19:57:15.745390,0,0,0,0,0,0,0,0,0,0,0,0,0,0,0,0,0,0,0,0,0,0,0,0,0,0,0,0,0,0,0,0,0,0,0,0,0,0,0,0,0,0
108,1,8,0,0,0,0,1,0,20,0,com,404,4,1286,305.083,0,0,15,1,cloudflare,0,html,0,0,0,1,4,0,1,1,0,1,0,0,0,0,0,0,0,0,0,0,0,0,0,0,0,0,0,0,0,0,0,0,0,1,3,2,1,1,1,1,1,1,1,0,0,0,1,0,0,0,0,1,0,0,0,0,0,1,0,0,1,1,0,0,0,0,0,0,0,0,0,0,0.0,0.0,0.0,0,0,0,0,0,0,0,0,0,0,0,0,3,0,0,0,0,0,1,0,0,0.0,0.0,0.5,0.0,0,,multi_full_20260502_195223_0001,2026-05-02T19:57:16.974304,https://www.expediagroup.com/content/dam/unified/partner/images/iconography/system/data-exploration-blue.svg,https://www.expediagroup.com/,False,https://www.expediagroup.com/content/dam/unified/partner/images/iconography/system/data-exploration-blue.svg,https://www.expediagroup.com/,https://www.expediagroup.com/content/dam/unified/partner/images/iconography/system/data-exploration-blue.svg,recon_page,2026-05-02T19:57:16.985453,0,0,0,0,0,0,0,0,0,0,0,0,0,0,0,0,0,0,0,0,0,0,0,0,0,0,0,0,0,0,0,0,0,0,0,0,0,0,0,0,0,0
58,1,3,0,0,0,0,1,0,20,0,com,404,4,64290,524.394,0,0,14,1,cloudflare,0,html,0,0,0,1,4,0,1,1,0,1,1,1,1,2,0,0,1,2,0,0,0,0,0,0,0,0,0,0,1,21,8,9,4,1,157,141,16,1,7,1,6,1,7,1,1,2,1,0,0,0,0,1,0,0,0,0,0,1,0,0,1,1,0,0,0,0,0,0,0,0,0,0,0.0,0.0,0.0,0,0,0,0,1,0,0,1,1,1,0,2,65,5,0,0,0,0,1,0,0,2.0,0.0003266448903406,0.5,0.0466635557629491,0,,multi_full_20260502_195223_0001,2026-05-02T19:57:17.083770,https://www.expediagroup.com/en-us/resources/case-studies/,https://www.expediagroup.com/,False,https://www.expediagroup.com/en-us/resources/case-studies/,https://www.expediagroup.com/,https://www.expediagroup.com/en-us/resources/case-studies/,recon_page,2026-05-02T19:57:17.115207,0,0,0,0,0,0,0,0,0,0,0,0,0,0,0,0,0,0,0,0,0,0,0,0,0,0,0,0,0,0,0,0,0,0,0,0,0,0,0,0,0,0
107,1,7,0,0,0,0,1,0,20,0,com,404,4,1286,311.946,0,0,15,1,cloudflare,0,html,0,0,0,1,4,0,1,1,0,1,0,0,0,0,0,0,0,0,0,0,0,0,0,0,0,0,0,0,0,0,0,0,0,1,3,2,1,1,1,1,1,1,1,0,0,0,1,0,0,0,0,1,0,0,0,0,0,1,0,0,1,1,0,0,0,0,0,0,0,0,0,0,0.0,0.0,0.0,0,0,0,0,0,0,0,0,0,0,0,0,3,0,0,0,0,0,1,0,0,0.0,0.0,0.5,0.0,0,,multi_full_20260502_195223_0001,2026-05-02T19:57:25.565168,https://www.expediagroup.com/content/dam/unified/partner/images/product-graphics/casabrisa-mexico-ad-2x.png,https://www.expediagroup.com/,False,https://www.expediagroup.com/content/dam/unified/partner/images/product-graphics/casabrisa-mexico-ad-2x.png,https://www.expediagroup.com/,https://www.expediagroup.com/content/dam/unified/partner/images/product-graphics/casabrisa-mexico-ad-2x.png,recon_page,2026-05-02T19:57:25.581746,0,0,0,0,0,0,0,0,0,0,0,0,0,0,0,0,0,0,0,0,0,0,0,0,0,0,0,0,0,0,0,0,0,0,0,0,0,0,0,0,0,0
208,1,14,0,0,0,0,1,0,20,0,com,404,4,1286,357.572,0,0,15,1,cloudflare,0,html,0,0,0,1,4,0,1,1,0,1,0,0,0,0,0,0,0,0,0,0,0,0,0,0,0,0,0,0,0,0,0,0,0,1,3,2,1,1,1,1,1,1,1,0,0,0,1,0,0,0,0,1,0,0,0,0,0,1,0,0,1,1,0,0,0,0,0,0,0,0,0,0,0.0,0.0,0.0,0,0,0,0,0,0,0,0,0,0,0,0,3,0,0,0,0,0,1,0,0,0.0,0.0,0.5,0.0,0,,multi_full_20260502_195223_0001,2026-05-02T19:57:31.899648,https://www.expediagroup.com/content/experience-fragments/unified/partner/live-copies/en-us/global-header/master/_jcr_content/root/header/logo.coreimg.svg/1707938123631/eg-wordmarklogo-blue-on-transparent.svg,https://www.expediagroup.com/,False,https://www.expediagroup.com/content/experience-fragments/unified/partner/live-copies/en-us/global-header/master/_jcr_content/root/header/logo.coreimg.svg/1707938123631/eg-wordmarklogo-blue-on-transparent.svg,https://www.expediagroup.com/,https://www.expediagroup.com/content/experience-fragments/unified/partner/live-copies/en-us/global-header/master/_jcr_content/root/header/logo.coreimg.svg/1707938123631/eg-wordmarklogo-blue-on-transparent.svg,recon_page,2026-05-02T19:57:31.932950,0,0,0,0,0,0,0,0,0,0,0,0,0,0,0,0,0,0,0,0,0,0,0,0,0,0,0,0,0,0,0,0,0,0,0,0,0,0,0,0,0,0
42,1,2,0,0,0,0,1,0,20,0,com,404,4,64290,656.601,0,0,14,1,cloudflare,0,html,0,0,0,1,4,0,1,1,0,1,1,1,1,2,0,0,1,2,0,0,0,0,0,0,0,0,0,0,1,21,8,9,4,1,157,141,16,1,7,1,6,1,7,1,1,2,1,0,0,0,0,1,0,0,0,0,0,1,0,0,1,1,0,0,0,0,0,0,0,0,0,0,0.0,0.0,0.0,0,0,0,0,1,0,0,1,1,1,0,2,65,5,0,0,0,0,1,0,0,2.0,0.0003266448903406,0.5,0.0466635557629491,0,,multi_full_20260502_195223_0001,2026-05-02T19:57:32.465797,https://www.expediagroup.com/en-us/log-in/,https://www.expediagroup.com/,False,https://www.expediagroup.com/en-us/log-in/,https://www.expediagroup.com/,https://www.expediagroup.com/en-us/log-in/,recon_page,2026-05-02T19:57:32.477451,0,0,0,0,0,0,0,0,0,0,0,0,0,0,0,0,0,0,0,0,0,0,0,0,0,0,0,0,0,0,0,0,0,0,0,0,0,0,0,0,0,0
124,1,4,0,0,0,0,1,0,20,0,com,404,4,1286,415.182,0,0,15,1,cloudflare,0,html,0,0,0,1,4,0,1,1,0,1,0,0,0,0,0,0,0,0,0,0,0,0,0,0,0,0,0,0,0,0,0,0,0,1,3,2,1,1,1,1,1,1,1,0,0,0,1,0,0,0,0,1,0,0,0,0,0,1,0,0,1,1,0,0,0,0,0,0,0,0,0,0,0.0,0.0,0.0,0,0,0,0,0,0,0,0,0,0,0,0,3,0,0,0,0,0,1,0,0,0.0,0.0,0.5,0.0,0,,multi_full_20260502_195223_0001,2026-05-02T19:57:32.603471,https://www.expediagroup.com/etc.clientlibs/unified/clientlibs/clientlib-base.min.ACSHASH33f56f08011f780565ee2f8e1cd80825.js,https://www.expediagroup.com/,False,https://www.expediagroup.com/etc.clientlibs/unified/clientlibs/clientlib-base.min.ACSHASH33f56f08011f780565ee2f8e1cd80825.js,https://www.expediagroup.com/,https://www.expediagroup.com/etc.clientlibs/unified/clientlibs/clientlib-base.min.ACSHASH33f56f08011f780565ee2f8e1cd80825.js,recon_page,2026-05-02T19:57:32.617920,0,0,0,0,0,0,0,0,0,0,0,0,0,0,0,0,0,0,0,0,0,0,0,0,0,0,0,0,0,0,0,0,0,0,0,0,0,0,0,0,0,0
46,1,2,0,0,0,0,1,0,20,0,com,404,4,64290,309.552,0,0,14,1,cloudflare,0,html,0,0,0,1,4,0,1,1,0,1,1,1,1,2,0,0,1,2,0,0,0,0,0,0,0,0,0,0,1,21,8,9,4,1,157,141,16,1,7,1,6,1,7,1,1,2,1,0,0,0,0,1,0,0,0,0,0,1,0,0,1,1,0,0,0,0,0,0,0,0,0,0,0.0,0.0,0.0,0,0,0,0,1,0,0,1,1,1,0,2,65,5,0,0,0,0,1,0,0,2.0,0.0003266448903406,0.5,0.0466635557629491,0,,multi_full_20260502_195223_0001,2026-05-02T19:57:33.985877,https://www.expediagroup.com/en-us/industries/,https://www.expediagroup.com/,False,https://www.expediagroup.com/en-us/industries/,https://www.expediagroup.com/,https://www.expediagroup.com/en-us/industries/,recon_page,2026-05-02T19:57:34.116740,0,0,0,0,0,0,0,0,0,0,0,0,0,0,0,0,0,0,0,0,0,0,0,0,0,0,0,0,0,0,0,0,0,0,0,0,0,0,0,0,0,0
111,1,8,0,0,0,0,1,0,20,0,com,404,4,1286,338.55800000000005,0,0,15,1,cloudflare,0,html,0,0,0,1,4,0,1,1,0,1,0,0,0,0,0,0,0,0,0,0,0,0,0,0,0,0,0,0,0,0,0,0,0,1,3,2,1,1,1,1,1,1,1,0,0,0,1,0,0,0,0,1,0,0,0,0,0,1,0,0,1,1,0,0,0,0,0,0,0,0,0,0,0.0,0.0,0.0,0,0,0,0,0,0,0,0,0,0,0,0,3,0,0,0,0,0,1,0,0,0.0,0.0,0.5,0.0,0,,multi_full_20260502_195223_0001,2026-05-02T19:57:36.418779,https://www.expediagroup.com/content/dam/unified/partner/images/photography/owned/events-promo-card-home-2x.png,https://www.expediagroup.com/,False,https://www.expediagroup.com/content/dam/unified/partner/images/photography/owned/events-promo-card-home-2x.png,https://www.expediagroup.com/,https://www.expediagroup.com/content/dam/unified/partner/images/photography/owned/events-promo-card-home-2x.png,recon_page,2026-05-02T19:57:36.434286,0,0,0,0,0,0,0,0,0,0,0,0,0,0,0,0,0,0,0,0,0,0,0,0,0,0,0,0,0,0,0,0,0,0,0,0,0,0,0,0,0,0
119,1,4,0,0,0,0,1,0,20,0,com,404,4,64290,809.409,0,0,14,1,cloudflare,0,html,0,0,0,1,4,0,1,1,0,1,1,1,1,2,0,0,1,2,0,0,0,0,0,0,0,0,0,0,1,21,8,9,4,1,157,141,16,1,7,1,6,1,7,1,1,2,1,0,0,0,0,1,0,0,0,0,0,1,0,0,1,1,0,0,0,0,0,0,0,0,0,0,0.0,0.0,0.0,0,0,0,0,1,0,0,1,1,1,0,2,65,5,0,0,0,0,1,0,0,2.0,0.0003266448903406,0.5,0.0466635557629491,0,,multi_full_20260502_195223_0001,2026-05-02T19:57:38.912849,https://www.expediagroup.com/en-us/resources/case-studies/disney-resorts-attract-guests-with-packages-and-ad-campaigns/,https://www.expediagroup.com/,False,https://www.expediagroup.com/en-us/resources/case-studies/disney-resorts-attract-guests-with-packages-and-ad-campaigns/,https://www.expediagroup.com/,https://www.expediagroup.com/en-us/resources/case-studies/disney-resorts-attract-guests-with-packages-and-ad-campaigns/,recon_page,2026-05-02T19:57:38.921031,0,0,0,0,0,0,0,0,0,0,0,0,0,0,0,0,0,0,0,0,0,0,0,0,0,0,0,0,0,0,0,0,0,0,0,0,0,0,0,0,0,0
107,1,8,0,0,0,0,1,0,20,0,com,404,4,1286,304.36800000000005,0,0,15,1,cloudflare,0,html,0,0,0,1,4,0,1,1,0,1,0,0,0,0,0,0,0,0,0,0,0,0,0,0,0,0,0,0,0,0,0,0,0,1,3,2,1,1,1,1,1,1,1,0,0,0,1,0,0,0,0,1,0,0,0,0,0,1,0,0,1,1,0,0,0,0,0,0,0,0,0,0,0.0,0.0,0.0,0,0,0,0,0,0,0,0,0,0,0,0,3,0,0,0,0,0,1,0,0,0.0,0.0,0.5,0.0,0,,multi_full_20260502_195223_0001,2026-05-02T19:57:45.815673,https://www.expediagroup.com/content/dam/unified/partner/images/iconography/system/directions-boat-blue.svg,https://www.expediagroup.com/,False,https://www.expediagroup.com/content/dam/unified/partner/images/iconography/system/directions-boat-blue.svg,https://www.expediagroup.com/,https://www.expediagroup.com/content/dam/unified/partner/images/iconography/system/directions-boat-blue.svg,recon_page,2026-05-02T19:57:45.831592,0,0,0,0,0,0,0,0,0,0,0,0,0,0,0,0,0,0,0,0,0,0,0,0,0,0,0,0,0,0,0,0,0,0,0,0,0,0,0,0,0,0
35,1,1,0,0,0,0,1,0,20,0,com,404,4,64290,287.96500000000003,0,0,14,1,cloudflare,0,html,0,0,0,1,4,0,1,1,0,1,1,1,1,2,0,0,1,2,0,0,0,0,0,0,0,0,0,0,1,21,8,9,4,1,157,141,16,1,7,1,6,1,7,1,1,2,1,0,0,0,0,1,0,0,0,0,0,1,0,0,1,1,0,0,0,0,0,0,0,0,0,0,0.0,0.0,0.0,0,0,0,0,1,0,0,1,1,1,0,2,65,5,0,0,0,0,1,0,0,2.0,0.0003266448903406,0.5,0.0466635557629491,0,,multi_full_20260502_195223_0001,2026-05-02T19:57:46.167027,https://www.expediagroup.com/en-gb/,https://www.expediagroup.com/,False,https://www.expediagroup.com/en-gb/,https://www.expediagroup.com/,https://www.expediagroup.com/en-gb/,recon_page,2026-05-02T19:57:46.172942,0,0,0,0,0,0,0,0,0,0,0,0,0,0,0,0,0,0,0,0,0,0,0,0,0,0,0,0,0,0,0,0,0,0,0,0,0,0,0,0,0,0
133,1,4,0,0,0,0,1,0,20,0,com,404,4,1286,519.313,0,0,15,1,cloudflare,0,html,0,0,0,1,4,0,1,1,0,1,0,0,0,0,0,0,0,0,0,0,0,0,0,0,0,0,0,0,0,0,0,0,0,1,3,2,1,1,1,1,1,1,1,0,0,0,1,0,0,0,0,1,0,0,0,0,0,1,0,0,1,1,0,0,0,0,0,0,0,0,0,0,0.0,0.0,0.0,0,0,0,0,0,0,0,0,0,0,0,0,3,0,0,0,0,0,1,0,0,0.0,0.0,0.5,0.0,0,,multi_full_20260502_195223_0001,2026-05-02T19:57:46.534810,https://www.expediagroup.com/etc.clientlibs/unified/clientlibs/clientlib-dependencies.min.ACSHASHd41d8cd98f00b204e9800998ecf8427e.css,https://www.expediagroup.com/,False,https://www.expediagroup.com/etc.clientlibs/unified/clientlibs/clientlib-dependencies.min.ACSHASHd41d8cd98f00b204e9800998ecf8427e.css,https://www.expediagroup.com/,https://www.expediagroup.com/etc.clientlibs/unified/clientlibs/clientlib-dependencies.min.ACSHASHd41d8cd98f00b204e9800998ecf8427e.css,recon_page,2026-05-02T19:57:46.567277,0,0,0,0,0,0,0,0,0,0,0,0,0,0,0,0,0,0,0,0,0,0,0,0,0,0,0,0,0,0,0,0,0,0,0,0,0,0,0,0,0,0
72,1,4,0,0,0,0,1,0,20,0,com,404,4,64290,322.28200000000004,0,0,14,1,cloudflare,0,html,0,0,0,1,4,0,1,1,0,1,1,1,1,2,0,0,1,2,0,0,0,0,0,0,0,0,0,0,1,21,8,9,4,1,157,141,16,1,7,1,6,1,7,1,1,2,1,0,0,0,0,1,0,0,0,0,0,1,0,0,1,1,0,0,0,0,0,0,0,0,0,0,0.0,0.0,0.0,0,0,0,0,1,0,0,1,1,1,0,2,65,5,0,0,0,0,1,0,0,2.0,0.0003266448903406,0.5,0.0466635557629491,0,,multi_full_20260502_195223_0001,2026-05-02T19:57:47.405590,https://www.expediagroup.com/en-us/solutions/advertise-with-us/e-studio/,https://www.expediagroup.com/,False,https://www.expediagroup.com/en-us/solutions/advertise-with-us/e-studio/,https://www.expediagroup.com/,https://www.expediagroup.com/en-us/solutions/advertise-with-us/e-studio/,recon_page,2026-05-02T19:57:47.420355,0,0,0,0,0,0,0,0,0,0,0,0,0,0,0,0,0,0,0,0,0,0,0,0,0,0,0,0,0,0,0,0,0,0,0,0,0,0,0,0,0,0
176,1,8,0,0,0,0,1,0,20,0,com,404,4,1286,433.861,0,0,15,1,cloudflare,0,html,0,0,0,1,4,0,1,1,0,1,0,0,0,0,0,0,0,0,0,0,0,0,0,0,0,0,0,0,0,0,0,0,0,1,3,2,1,1,1,1,1,1,1,0,0,0,1,0,0,0,0,1,0,0,0,0,0,1,0,0,1,1,0,0,0,0,0,0,0,0,0,0,0.0,0.0,0.0,0,0,0,0,0,0,0,0,0,0,0,0,3,0,0,0,0,0,1,0,0,0.0,0.0,0.5,0.0,0,,multi_full_20260502_195223_0001,2026-05-02T19:57:50.237355,https://www.expediagroup.com/etc.clientlibs/core/wcm/components/commons/datalayer/acdl/core.wcm.components.commons.datalayer.acdl.min.ACSHASHbf921af342fd2c40139671dbf0920a1f.js,https://www.expediagroup.com/,False,https://www.expediagroup.com/etc.clientlibs/core/wcm/components/commons/datalayer/acdl/core.wcm.components.commons.datalayer.acdl.min.ACSHASHbf921af342fd2c40139671dbf0920a1f.js,https://www.expediagroup.com/,https://www.expediagroup.com/etc.clientlibs/core/wcm/components/commons/datalayer/acdl/core.wcm.components.commons.datalayer.acdl.min.ACSHASHbf921af342fd2c40139671dbf0920a1f.js,recon_page,2026-05-02T19:57:50.256841,0,0,0,0,0,0,0,0,0,0,0,0,0,0,0,0,0,0,0,0,0,0,0,0,0,0,0,0,0,0,0,0,0,0,0,0,0,0,0,0,0,0
132,1,4,0,0,0,0,1,0,20,0,com,404,4,1286,347.348,0,0,15,1,cloudflare,0,html,0,0,0,1,4,0,1,1,0,1,0,0,0,0,0,0,0,0,0,0,0,0,0,0,0,0,0,0,0,0,0,0,0,1,3,2,1,1,1,1,1,1,1,0,0,0,1,0,0,0,0,1,0,0,0,0,0,1,0,0,1,1,0,0,0,0,0,0,0,0,0,0,0.0,0.0,0.0,0,0,0,0,0,0,0,0,0,0,0,0,3,0,0,0,0,0,1,0,0,0.0,0.0,0.5,0.0,0,,multi_full_20260502_195223_0001,2026-05-02T19:57:57.665213,https://www.expediagroup.com/etc.clientlibs/unified/clientlibs/clientlib-dependencies.min.ACSHASHd41d8cd98f00b204e9800998ecf8427e.js,https://www.expediagroup.com/,False,https://www.expediagroup.com/etc.clientlibs/unified/clientlibs/clientlib-dependencies.min.ACSHASHd41d8cd98f00b204e9800998ecf8427e.js,https://www.expediagroup.com/,https://www.expediagroup.com/etc.clientlibs/unified/clientlibs/clientlib-dependencies.min.ACSHASHd41d8cd98f00b204e9800998ecf8427e.js,recon_page,2026-05-02T19:57:57.675892,0,0,0,0,0,0,0,0,0,0,0,0,0,0,0,0,0,0,0,0,0,0,0,0,0,0,0,0,0,0,0,0,0,0,0,0,0,0,0,0,0,0
58,1,3,0,0,0,0,1,0,20,0,com,404,4,64290,300.598,0,0,14,1,cloudflare,0,html,0,0,0,1,4,0,1,1,0,1,1,1,1,2,0,0,1,2,0,0,0,0,0,0,0,0,0,0,1,21,8,9,4,1,157,141,16,1,7,1,6,1,7,1,1,2,1,0,0,0,0,1,0,0,0,0,0,1,0,0,1,1,0,0,0,0,0,0,0,0,0,0,0.0,0.0,0.0,0,0,0,0,1,0,0,1,1,1,0,2,65,5,0,0,0,0,1,0,0,2.0,0.0003266448903406,0.5,0.0466635557629491,0,,multi_full_20260502_195223_0001,2026-05-02T19:57:57.793219,https://www.expediagroup.com/en-us/join-us/eg-advertising/,https://www.expediagroup.com/,False,https://www.expediagroup.com/en-us/join-us/eg-advertising/,https://www.expediagroup.com/,https://www.expediagroup.com/en-us/join-us/eg-advertising/,recon_page,2026-05-02T19:57:57.833804,0,0,0,0,0,0,0,0,0,0,0,0,0,0,0,0,0,0,0,0,0,0,0,0,0,0,0,0,0,0,0,0,0,0,0,0,0,0,0,0,0,0
102,1,4,0,0,0,0,1,0,20,0,com,404,4,64290,508.142,0,0,14,1,cloudflare,0,html,0,0,0,1,4,0,1,1,0,1,1,1,1,2,0,0,1,2,0,0,0,0,0,0,0,0,0,0,1,21,8,9,4,1,157,141,16,1,7,1,6,1,7,1,1,2,1,0,0,0,0,1,0,0,0,0,0,1,0,0,1,1,0,0,0,0,0,0,0,0,0,0,0.0,0.0,0.0,0,0,0,0,1,0,0,1,1,1,0,2,65,5,0,0,0,0,1,0,0,2.0,0.0003266448903406,0.5,0.0466635557629491,0,,multi_full_20260502_195223_0001,2026-05-02T19:57:58.084994,https://www.expediagroup.com/en-us/solutions/build-your-travel-experience/white-label-travel-platform/,https://www.expediagroup.com/,False,https://www.expediagroup.com/en-us/solutions/build-your-travel-experience/white-label-travel-platform/,https://www.expediagroup.com/,https://www.expediagroup.com/en-us/solutions/build-your-travel-experience/white-label-travel-platform/,recon_page,2026-05-02T19:57:58.104556,0,0,0,0,0,0,0,0,0,0,0,0,0,0,0,0,0,0,0,0,0,0,0,0,0,0,0,0,0,0,0,0,0,0,0,0,0,0,0,0,0,0
119,1,8,0,0,0,0,1,0,20,0,com,404,4,1286,348.934,0,0,15,1,cloudflare,0,html,0,0,0,1,4,0,1,1,0,1,0,0,0,0,0,0,0,0,0,0,0,0,0,0,0,0,0,0,0,0,0,0,0,1,3,2,1,1,1,1,1,1,1,0,0,0,1,0,0,0,0,1,0,0,0,0,0,1,0,0,1,1,0,0,0,0,0,0,0,0,0,0,0.0,0.0,0.0,0,0,0,0,0,0,0,0,0,0,0,0,3,0,0,0,0,0,1,0,0,0.0,0.0,0.5,0.0,0,,multi_full_20260502_195223_0001,2026-05-02T19:58:01.866057,https://www.expediagroup.com/content/dam/unified/partner/images/photography/stock/cinemagraph-people-coffee-shop-2x.png,https://www.expediagroup.com/,False,https://www.expediagroup.com/content/dam/unified/partner/images/photography/stock/cinemagraph-people-coffee-shop-2x.png,https://www.expediagroup.com/,https://www.expediagroup.com/content/dam/unified/partner/images/photography/stock/cinemagraph-people-coffee-shop-2x.png,recon_page,2026-05-02T19:58:01.886584,0,0,0,0,0,0,0,0,0,0,0,0,0,0,0,0,0,0,0,0,0,0,0,0,0,0,0,0,0,0,0,0,0,0,0,0,0,0,0,0,0,0
63,1,3,0,0,0,0,1,0,20,0,com,404,4,64290,482.738,0,0,14,1,cloudflare,0,html,0,0,0,1,4,0,1,1,0,1,1,1,1,2,0,0,1,2,0,0,0,0,0,0,0,0,0,0,1,21,8,9,4,1,157,141,16,1,7,1,6,1,7,1,1,2,1,0,0,0,0,1,0,0,0,0,0,1,0,0,1,1,0,0,0,0,0,0,0,0,0,0,0.0,0.0,0.0,0,0,0,0,1,0,0,1,1,1,0,2,65,5,0,0,0,0,1,0,0,2.0,0.0003266448903406,0.5,0.0466635557629491,0,,multi_full_20260502_195223_0001,2026-05-02T19:58:10.376278,https://www.expediagroup.com/en-us/resources/research-insights/,https://www.expediagroup.com/,False,https://www.expediagroup.com/en-us/resources/research-insights/,https://www.expediagroup.com/,https://www.expediagroup.com/en-us/resources/research-insights/,recon_page,2026-05-02T19:58:10.383234,0,0,0,0,0,0,0,0,0,0,0,0,0,0,0,0,0,0,0,0,0,0,0,0,0,0,0,0,0,0,0,0,0,0,0,0,0,0,0,0,0,0
107,1,8,0,0,0,0,1,0,20,0,com,404,4,1286,396.988,0,0,15,1,cloudflare,0,html,0,0,0,1,4,0,1,1,0,1,0,0,0,0,0,0,0,0,0,0,0,0,0,0,0,0,0,0,0,0,0,0,0,1,3,2,1,1,1,1,1,1,1,0,0,0,1,0,0,0,0,1,0,0,0,0,0,1,0,0,1,1,0,0,0,0,0,0,0,0,0,0,0.0,0.0,0.0,0,0,0,0,0,0,0,0,0,0,0,0,3,0,0,0,0,0,1,0,0,0.0,0.0,0.5,0.0,0,,multi_full_20260502_195223_0001,2026-05-02T19:58:10.529581,https://www.expediagroup.com/content/dam/unified/partner/images/iconography/system/chevron-forward-blue.svg,https://www.expediagroup.com/,False,https://www.expediagroup.com/content/dam/unified/partner/images/iconography/system/chevron-forward-blue.svg,https://www.expediagroup.com/,https://www.expediagroup.com/content/dam/unified/partner/images/iconography/system/chevron-forward-blue.svg,recon_page,2026-05-02T19:58:10.551798,0,0,0,0,0,0,0,0,0,0,0,0,0,0,0,0,0,0,0,0,0,0,0,0,0,0,0,0,0,0,0,0,0,0,0,0,0,0,0,0,0,0
42,1,2,0,0,0,0,1,0,20,0,com,404,4,64290,339.976,0,0,14,1,cloudflare,0,html,0,0,0,1,4,0,1,1,0,1,1,1,1,2,0,0,1,2,0,0,0,0,0,0,0,0,0,0,1,21,8,9,4,1,157,141,16,1,7,1,6,1,7,1,1,2,1,0,0,0,0,1,0,0,0,0,0,1,0,0,1,1,0,0,0,0,0,0,0,0,0,0,0.0,0.0,0.0,0,0,0,0,1,0,0,1,1,1,0,2,65,5,0,0,0,0,1,0,0,2.0,0.0003266448903406,0.5,0.0466635557629491,0,,multi_full_20260502_195223_0001,2026-05-02T19:58:10.887855,https://www.expediagroup.com/en-us/search/,https://www.expediagroup.com/,False,https://www.expediagroup.com/en-us/search/,https://www.expediagroup.com/,https://www.expediagroup.com/en-us/search/,recon_page,2026-05-02T19:58:10.896986,0,0,0,0,0,0,0,0,0,0,0,0,0,0,0,0,0,0,0,0,0,0,0,0,0,0,0,0,0,0,0,0,0,0,0,0,0,0,0,0,0,0
129,1,6,0,0,0,0,1,0,20,0,com,404,4,1286,381.117,0,0,15,1,cloudflare,0,html,0,0,0,1,4,0,1,1,0,1,0,0,0,0,0,0,0,0,0,0,0,0,0,0,0,0,0,0,0,0,0,0,0,1,3,2,1,1,1,1,1,1,1,0,0,0,1,0,0,0,0,1,0,0,0,0,0,1,0,0,1,1,0,0,0,0,0,0,0,0,0,0,0.0,0.0,0.0,0,0,0,0,0,0,0,0,0,0,0,0,3,0,0,0,0,0,1,0,0,0.0,0.0,0.5,0.0,0,,multi_full_20260502_195223_0001,2026-05-02T19:58:12.268507,https://www.expediagroup.com/etc.clientlibs/clientlibs/granite/jquery/granite/csrf.min.ACSHASH56934e461ff6c436f962a5990541a527.js,https://www.expediagroup.com/,False,https://www.expediagroup.com/etc.clientlibs/clientlibs/granite/jquery/granite/csrf.min.ACSHASH56934e461ff6c436f962a5990541a527.js,https://www.expediagroup.com/,https://www.expediagroup.com/etc.clientlibs/clientlibs/granite/jquery/granite/csrf.min.ACSHASH56934e461ff6c436f962a5990541a527.js,recon_page,2026-05-02T19:58:12.279041,0,0,0,0,0,0,0,0,0,0,0,0,0,0,0,0,0,0,0,0,0,0,0,0,0,0,0,0,0,0,0,0,0,0,0,0,0,0,0,0,0,0
75,1,3,0,0,0,0,1,0,20,0,com,404,4,64290,471.582,0,0,14,1,cloudflare,0,html,0,0,0,1,4,0,1,1,0,1,1,1,1,2,0,0,1,2,0,0,0,0,0,0,0,0,0,0,1,21,8,9,4,1,157,141,16,1,7,1,6,1,7,1,1,2,1,0,0,0,0,1,0,0,0,0,0,1,0,0,1,1,0,0,0,0,0,0,0,0,0,0,0.0,0.0,0.0,0,0,0,0,1,0,0,1,1,1,0,2,65,5,0,0,0,0,1,0,0,2.0,0.0003266448903406,0.5,0.0466635557629491,0,,multi_full_20260502_195223_0001,2026-05-02T19:58:14.904961,https://www.expediagroup.com/en-us/solutions/explore-our-affiliate-program/,https://www.expediagroup.com/,False,https://www.expediagroup.com/en-us/solutions/explore-our-affiliate-program/,https://www.expediagroup.com/,https://www.expediagroup.com/en-us/solutions/explore-our-affiliate-program/,recon_page,2026-05-02T19:58:14.914259,0,0,0,0,0,0,0,0,0,0,0,0,0,0,0,0,0,0,0,0,0,0,0,0,0,0,0,0,0,0,0,0,0,0,0,0,0,0,0,0,0,0
35,1,1,0,0,0,0,1,0,20,0,com,404,4,64290,439.225,0,0,14,1,cloudflare,0,html,0,0,0,1,4,0,1,1,0,1,1,1,1,2,0,0,1,2,0,0,0,0,0,0,0,0,0,0,1,21,8,9,4,1,157,141,16,1,7,1,6,1,7,1,1,2,1,0,0,0,0,1,0,0,0,0,0,1,0,0,1,1,0,0,0,0,0,0,0,0,0,0,0.0,0.0,0.0,0,0,0,0,1,0,0,1,1,1,0,2,65,5,0,0,0,0,1,0,0,2.0,0.0003266448903406,0.5,0.0466635557629491,0,,multi_full_20260502_195223_0001,2026-05-02T19:58:19.664719,https://www.expediagroup.com/en-au/,https://www.expediagroup.com/,False,https://www.expediagroup.com/en-au/,https://www.expediagroup.com/,https://www.expediagroup.com/en-au/,recon_page,2026-05-02T19:58:19.680982,0,0,0,0,0,0,0,0,0,0,0,0,0,0,0,0,0,0,0,0,0,0,0,0,0,0,0,0,0,0,0,0,0,0,0,0,0,0,0,0,0,0
71,1,3,0,0,0,0,1,0,20,0,com,404,4,64288,284.161,0,0,14,1,cloudflare,0,html,0,0,0,1,4,0,1,1,0,1,1,1,1,2,0,0,1,2,0,0,0,0,0,0,0,0,0,0,1,21,8,9,4,1,157,141,16,1,7,1,6,1,7,1,1,2,1,0,0,0,0,1,0,0,0,0,0,1,0,0,1,1,0,0,0,0,0,0,0,0,0,0,0.0,0.0,0.0,0,0,0,0,1,0,0,1,1,1,0,2,65,5,0,0,0,0,1,0,0,2.0,0.0003266550522648,0.5,0.0466650074664012,0,,multi_full_20260502_195223_0001,2026-05-02T19:58:20.964929,https://www.expediagroup.com/en-us/join-us/white-label-travel-platform/,https://www.expediagroup.com/,False,https://www.expediagroup.com/en-us/join-us/white-label-travel-platform/,https://www.expediagroup.com/,https://www.expediagroup.com/en-us/join-us/white-label-travel-platform/,recon_page,2026-05-02T19:58:20.972033,0,0,0,0,0,0,0,0,0,0,0,0,0,0,0,0,0,0,0,0,0,0,0,0,0,0,0,0,0,0,0,0,0,0,0,0,0,0,0,0,0,0
124,1,8,0,0,0,0,1,0,20,0,com,404,4,1286,480.042,0,0,15,1,cloudflare,0,html,0,0,0,1,4,0,1,1,0,1,0,0,0,0,0,0,0,0,0,0,0,0,0,0,0,0,0,0,0,0,0,0,0,1,3,2,1,1,1,1,1,1,1,0,0,0,1,0,0,0,0,1,0,0,0,0,0,1,0,0,1,1,0,0,0,0,0,0,0,0,0,0,0.0,0.0,0.0,0,0,0,0,0,0,0,0,0,0,0,0,3,0,0,0,0,0,1,0,0,0.0,0.0,0.5,0.0,0,,multi_full_20260502_195223_0001,2026-05-02T19:58:25.451809,https://www.expediagroup.com/content/dam/unified/partner/images/logos/partner/walt-disney-world-swan-and-dolphin-logo-2x.png,https://www.expediagroup.com/,False,https://www.expediagroup.com/content/dam/unified/partner/images/logos/partner/walt-disney-world-swan-and-dolphin-logo-2x.png,https://www.expediagroup.com/,https://www.expediagroup.com/content/dam/unified/partner/images/logos/partner/walt-disney-world-swan-and-dolphin-logo-2x.png,recon_page,2026-05-02T19:58:25.509540,0,0,0,0,0,0,0,0,0,0,0,0,0,0,0,0,0,0,0,0,0,0,0,0,0,0,0,0,0,0,0,0,0,0,0,0,0,0,0,0,0,0
97,1,8,0,0,0,0,1,0,20,0,com,404,4,1286,623.984,0,0,15,1,cloudflare,0,html,0,0,0,1,4,0,1,1,0,1,0,0,0,0,0,0,0,0,0,0,0,0,0,0,0,0,0,0,0,0,0,0,0,1,3,2,1,1,1,1,1,1,1,0,0,0,1,0,0,0,0,1,0,0,0,0,0,1,0,0,1,1,0,0,0,0,0,0,0,0,0,0,0.0,0.0,0.0,0,0,0,0,0,0,0,0,0,0,0,0,3,0,0,0,0,0,1,0,0,0.0,0.0,0.5,0.0,0,,multi_full_20260502_195223_0001,2026-05-02T19:58:28.140073,https://www.expediagroup.com/content/dam/unified/partner/images/iconography/system/menu-black.svg,https://www.expediagroup.com/,False,https://www.expediagroup.com/content/dam/unified/partner/images/iconography/system/menu-black.svg,https://www.expediagroup.com/,https://www.expediagroup.com/content/dam/unified/partner/images/iconography/system/menu-black.svg,recon_page,2026-05-02T19:58:28.156178,0,0,0,0,0,0,0,0,0,0,0,0,0,0,0,0,0,0,0,0,0,0,0,0,0,0,0,0,0,0,0,0,0,0,0,0,0,0,0,0,0,0
107,1,8,0,0,0,0,1,0,20,0,com,404,4,1286,334.309,0,0,15,1,cloudflare,0,html,0,0,0,1,4,0,1,1,0,1,0,0,0,0,0,0,0,0,0,0,0,0,0,0,0,0,0,0,0,0,0,0,0,1,3,2,1,1,1,1,1,1,1,0,0,0,1,0,0,0,0,1,0,0,0,0,0,1,0,0,1,1,0,0,0,0,0,0,0,0,0,0,0.0,0.0,0.0,0,0,0,0,0,0,0,0,0,0,0,0,3,0,0,0,0,0,1,0,0,0.0,0.0,0.5,0.0,0,,multi_full_20260502_195223_0001,2026-05-02T19:58:28.439882,https://www.expediagroup.com/content/dam/unified/partner/images/photography/owned/homepage-blog-card@2x.jpg,https://www.expediagroup.com/,False,https://www.expediagroup.com/content/dam/unified/partner/images/photography/owned/homepage-blog-card@2x.jpg,https://www.expediagroup.com/,https://www.expediagroup.com/content/dam/unified/partner/images/photography/owned/homepage-blog-card@2x.jpg,recon_page,2026-05-02T19:58:28.469715,0,0,0,0,0,0,0,0,0,0,0,0,0,0,0,0,0,0,0,0,0,0,0,0,0,0,0,0,0,0,0,0,0,0,0,0,0,0,0,0,0,0
104,1,8,0,0,0,0,1,0,20,0,com,404,4,1286,355.939,0,0,15,1,cloudflare,0,html,0,0,0,1,4,0,1,1,0,1,0,0,0,0,0,0,0,0,0,0,0,0,0,0,0,0,0,0,0,0,0,0,0,1,3,2,1,1,1,1,1,1,1,0,0,0,1,0,0,0,0,1,0,0,0,0,0,1,0,0,1,1,0,0,0,0,0,0,0,0,0,0,0.0,0.0,0.0,0,0,0,0,0,0,0,0,0,0,0,0,3,0,0,0,0,0,1,0,0,0.0,0.0,0.5,0.0,0,,multi_full_20260502_195223_0001,2026-05-02T19:58:34.038433,https://www.expediagroup.com/content/dam/unified/partner/images/photography/stock/affiliates-hero@2x.jpg,https://www.expediagroup.com/,False,https://www.expediagroup.com/content/dam/unified/partner/images/photography/stock/affiliates-hero@2x.jpg,https://www.expediagroup.com/,https://www.expediagroup.com/content/dam/unified/partner/images/photography/stock/affiliates-hero@2x.jpg,recon_page,2026-05-02T19:58:34.051948,0,0,0,0,0,0,0,0,0,0,0,0,0,0,0,0,0,0,0,0,0,0,0,0,0,0,0,0,0,0,0,0,0,0,0,0,0,0,0,0,0,0
54,1,3,0,0,0,0,1,0,20,0,com,404,4,64290,240.936,0,0,14,1,cloudflare,0,html,0,0,0,1,4,0,1,1,0,1,1,1,1,2,0,0,1,2,0,0,0,0,0,0,0,0,0,0,1,21,8,9,4,1,157,141,16,1,7,1,6,1,7,1,1,2,1,0,0,0,0,1,0,0,0,0,0,1,0,0,1,1,0,0,0,0,0,0,0,0,0,0,0.0,0.0,0.0,0,0,0,0,1,0,0,1,1,1,0,2,65,5,0,0,0,0,1,0,0,2.0,0.0003266448903406,0.5,0.0466635557629491,0,,multi_full_20260502_195223_0001,2026-05-02T19:58:35.489129,https://www.expediagroup.com/en-us/industries/cruises/,https://www.expediagroup.com/,False,https://www.expediagroup.com/en-us/industries/cruises/,https://www.expediagroup.com/,https://www.expediagroup.com/en-us/industries/cruises/,recon_page,2026-05-02T19:58:35.511665,0,0,0,0,0,0,0,0,0,0,0,0,0,0,0,0,0,0,0,0,0,0,0,0,0,0,0,0,0,0,0,0,0,0,0,0,0,0,0,0,0,0
51,1,2,0,0,0,0,1,0,20,0,com,404,4,64290,383.185,0,0,14,1,cloudflare,0,html,0,0,0,1,4,0,1,1,0,1,1,1,1,2,0,0,1,2,0,0,0,0,0,0,0,0,0,0,1,21,8,9,4,1,157,141,16,1,7,1,6,1,7,1,1,2,1,0,0,0,0,1,0,0,0,0,0,1,0,0,1,1,0,0,0,0,0,0,0,0,0,0,0.0,0.0,0.0,0,0,0,0,1,0,0,1,1,1,0,2,65,5,0,0,0,0,1,0,0,2.0,0.0003266448903406,0.5,0.0466635557629491,0,,multi_full_20260502_195223_0001,2026-05-02T19:58:39.019439,https://www.expediagroup.com/en-us/partner-support/,https://www.expediagroup.com/,False,https://www.expediagroup.com/en-us/partner-support/,https://www.expediagroup.com/,https://www.expediagroup.com/en-us/partner-support/,recon_page,2026-05-02T19:58:39.026150,0,0,0,0,0,0,0,0,0,0,0,0,0,0,0,0,0,0,0,0,0,0,0,0,0,0,0,0,0,0,0,0,0,0,0,0,0,0,0,0,0,0
114,1,8,0,0,0,0,1,0,20,0,com,404,4,1286,521.606,0,0,15,1,cloudflare,0,html,0,0,0,1,4,0,1,1,0,1,0,0,0,0,0,0,0,0,0,0,0,0,0,0,0,0,0,0,0,0,0,0,0,1,3,2,1,1,1,1,1,1,1,0,0,0,1,0,0,0,0,1,0,0,0,0,0,1,0,0,1,1,0,0,0,0,0,0,0,0,0,0,0.0,0.0,0.0,0,0,0,0,0,0,0,0,0,0,0,0,3,0,0,0,0,0,1,0,0,0.0,0.0,0.5,0.0,0,,multi_full_20260502_195223_0001,2026-05-02T19:58:39.200783,https://www.expediagroup.com/content/dam/unified/partner/images/photography/stock/distribute-inventory-hero@2x.jpg,https://www.expediagroup.com/,False,https://www.expediagroup.com/content/dam/unified/partner/images/photography/stock/distribute-inventory-hero@2x.jpg,https://www.expediagroup.com/,https://www.expediagroup.com/content/dam/unified/partner/images/photography/stock/distribute-inventory-hero@2x.jpg,recon_page,2026-05-02T19:58:39.213455,0,0,0,0,0,0,0,0,0,0,0,0,0,0,0,0,0,0,0,0,0,0,0,0,0,0,0,0,0,0,0,0,0,0,0,0,0,0,0,0,0,0
43,1,2,0,0,0,0,1,0,20,0,com,404,4,64290,259.546,0,0,14,1,cloudflare,0,html,0,0,0,1,4,0,1,1,0,1,1,1,1,2,0,0,1,2,0,0,0,0,0,0,0,0,0,0,1,21,8,9,4,1,157,141,16,1,7,1,6,1,7,1,1,2,1,0,0,0,0,1,0,0,0,0,0,1,0,0,1,1,0,0,0,0,0,0,0,0,0,0,0.0,0.0,0.0,0,0,0,0,1,0,0,1,1,1,0,2,65,5,0,0,0,0,1,0,0,2.0,0.0003266448903406,0.5,0.0466635557629491,0,,multi_full_20260502_195223_0001,2026-05-02T19:58:49.512655,https://www.expediagroup.com/en-us/join-us/,https://www.expediagroup.com/,False,https://www.expediagroup.com/en-us/join-us/,https://www.expediagroup.com/,https://www.expediagroup.com/en-us/join-us/,recon_page,2026-05-02T19:58:49.525159,0,0,0,0,0,0,0,0,0,0,0,0,0,0,0,0,0,0,0,0,0,0,0,0,0,0,0,0,0,0,0,0,0,0,0,0,0,0,0,0,0,0
35,1,1,0,0,0,0,1,0,20,0,com,404,4,64288,282.566,0,0,14,1,cloudflare,0,html,0,0,0,1,4,0,1,1,0,1,1,1,1,2,0,0,1,2,0,0,0,0,0,0,0,0,0,0,1,21,8,9,4,1,157,141,16,1,7,1,6,1,7,1,1,2,1,0,0,0,0,1,0,0,0,0,0,1,0,0,1,1,0,0,0,0,0,0,0,0,0,0,0.0,0.0,0.0,0,0,0,0,1,0,0,1,1,1,0,2,65,5,0,0,0,0,1,0,0,2.0,0.0003266550522648,0.5,0.0466650074664012,0,,multi_full_20260502_195223_0001,2026-05-02T19:58:51.768683,https://www.expediagroup.com/it-it/,https://www.expediagroup.com/,False,https://www.expediagroup.com/it-it/,https://www.expediagroup.com/,https://www.expediagroup.com/it-it/,recon_page,2026-05-02T19:58:51.780244,0,0,0,0,0,0,0,0,0,0,0,0,0,0,0,0,0,0,0,0,0,0,0,0,0,0,0,0,0,0,0,0,0,0,0,0,0,0,0,0,0,0
84,1,4,0,0,0,0,1,0,20,0,com,404,4,64290,669.6959999999999,0,0,14,1,cloudflare,0,html,0,0,0,1,4,0,1,1,0,1,1,1,1,2,0,0,1,2,0,0,0,0,0,0,0,0,0,0,1,21,8,9,4,1,157,141,16,1,7,1,6,1,7,1,1,2,1,0,0,0,0,1,0,0,0,0,0,1,0,0,1,1,0,0,0,0,0,0,0,0,0,0,0.0,0.0,0.0,0,0,0,0,1,0,0,1,1,1,0,2,65,5,0,0,0,0,1,0,0,2.0,0.0003266448903406,0.5,0.0466635557629491,0,,multi_full_20260502_195223_0001,2026-05-02T19:58:53.254271,https://www.expediagroup.com/en-us/solutions/build-your-travel-experience/rapid-api/,https://www.expediagroup.com/,False,https://www.expediagroup.com/en-us/solutions/build-your-travel-experience/rapid-api/,https://www.expediagroup.com/,https://www.expediagroup.com/en-us/solutions/build-your-travel-experience/rapid-api/,recon_page,2026-05-02T19:58:53.278744,0,0,0,0,0,0,0,0,0,0,0,0,0,0,0,0,0,0,0,0,0,0,0,0,0,0,0,0,0,0,0,0,0,0,0,0,0,0,0,0,0,0
96,1,8,0,0,0,0,1,0,20,0,com,404,4,1286,579.005,0,0,15,1,cloudflare,0,html,0,0,0,1,4,0,1,1,0,1,0,0,0,0,0,0,0,0,0,0,0,0,0,0,0,0,0,0,0,0,0,0,0,1,3,2,1,1,1,1,1,1,1,0,0,0,1,0,0,0,0,1,0,0,0,0,0,1,0,0,1,1,0,0,0,0,0,0,0,0,0,0,0.0,0.0,0.0,0,0,0,0,0,0,0,0,0,0,0,0,3,0,0,0,0,0,1,0,0,0.0,0.0,0.5,0.0,0,,multi_full_20260502_195223_0001,2026-05-02T19:58:54.413011,https://www.expediagroup.com/content/dam/unified/partner/images/logos/partner/vacasa-logo@2x.png,https://www.expediagroup.com/,False,https://www.expediagroup.com/content/dam/unified/partner/images/logos/partner/vacasa-logo@2x.png,https://www.expediagroup.com/,https://www.expediagroup.com/content/dam/unified/partner/images/logos/partner/vacasa-logo@2x.png,recon_page,2026-05-02T19:58:54.424031,0,0,0,0,0,0,0,0,0,0,0,0,0,0,0,0,0,0,0,0,0,0,0,0,0,0,0,0,0,0,0,0,0,0,0,0,0,0,0,0,0,0
63,1,3,0,0,0,0,1,0,20,0,com,404,4,64290,832.746,0,0,14,1,cloudflare,0,html,0,0,0,1,4,0,1,1,0,1,1,1,1,2,0,0,1,2,0,0,0,0,0,0,0,0,0,0,1,21,8,9,4,1,157,141,16,1,7,1,6,1,7,1,1,2,1,0,0,0,0,1,0,0,0,0,0,1,0,0,1,1,0,0,0,0,0,0,0,0,0,0,0.0,0.0,0.0,0,0,0,0,1,0,0,1,1,1,0,2,65,5,0,0,0,0,1,0,0,2.0,0.0003266448903406,0.5,0.0466635557629491,0,,multi_full_20260502_195223_0001,2026-05-02T19:58:54.741860,https://www.expediagroup.com/en-us/industries/vacation-rentals/,https://www.expediagroup.com/,False,https://www.expediagroup.com/en-us/industries/vacation-rentals/,https://www.expediagroup.com/,https://www.expediagroup.com/en-us/industries/vacation-rentals/,recon_page,2026-05-02T19:58:54.752074,0,0,0,0,0,0,0,0,0,0,0,0,0,0,0,0,0,0,0,0,0,0,0,0,0,0,0,0,0,0,0,0,0,0,0,0,0,0,0,0,0,0
82,1,4,0,0,0,0,1,0,20,0,com,404,4,64290,622.069,0,0,14,1,cloudflare,0,html,0,0,0,1,4,0,1,1,0,1,1,1,1,2,0,0,1,2,0,0,0,0,0,0,0,0,0,0,1,21,8,9,4,1,157,141,16,1,7,1,6,1,7,1,1,2,1,0,0,0,0,1,0,0,0,0,0,1,0,0,1,1,0,0,0,0,0,0,0,0,0,0,0.0,0.0,0.0,0,0,0,0,1,0,0,1,1,1,0,2,65,5,0,0,0,0,1,0,0,2.0,0.0003266448903406,0.5,0.0466635557629491,0,,multi_full_20260502_195223_0001,2026-05-02T19:58:58.258887,https://www.expediagroup.com/en-us/solutions/advertise-with-us/sponsored-listings/,https://www.expediagroup.com/,False,https://www.expediagroup.com/en-us/solutions/advertise-with-us/sponsored-listings/,https://www.expediagroup.com/,https://www.expediagroup.com/en-us/solutions/advertise-with-us/sponsored-listings/,recon_page,2026-05-02T19:58:58.280174,0,0,0,0,0,0,0,0,0,0,0,0,0,0,0,0,0,0,0,0,0,0,0,0,0,0,0,0,0,0,0,0,0,0,0,0,0,0,0,0,0,0
111,1,8,0,0,0,0,1,0,20,0,com,404,4,1286,490.488,0,0,15,1,cloudflare,0,html,0,0,0,1,4,0,1,1,0,1,0,0,0,0,0,0,0,0,0,0,0,0,0,0,0,0,0,0,0,0,0,0,0,1,3,2,1,1,1,1,1,1,1,0,0,0,1,0,0,0,0,1,0,0,0,0,0,1,0,0,1,1,0,0,0,0,0,0,0,0,0,0,0.0,0.0,0.0,0,0,0,0,0,0,0,0,0,0,0,0,3,0,0,0,0,0,1,0,0,0.0,0.0,0.5,0.0,0,,multi_full_20260502_195223_0001,2026-05-02T19:59:01.012491,https://www.expediagroup.com/content/dam/unified/partner/images/photography/owned/research-insights-hero-2x.jpg,https://www.expediagroup.com/,False,https://www.expediagroup.com/content/dam/unified/partner/images/photography/owned/research-insights-hero-2x.jpg,https://www.expediagroup.com/,https://www.expediagroup.com/content/dam/unified/partner/images/photography/owned/research-insights-hero-2x.jpg,recon_page,2026-05-02T19:59:01.022216,0,0,0,0,0,0,0,0,0,0,0,0,0,0,0,0,0,0,0,0,0,0,0,0,0,0,0,0,0,0,0,0,0,0,0,0,0,0,0,0,0,0
110,1,8,0,0,0,0,1,0,20,0,com,404,4,1286,343.52500000000003,0,0,15,1,cloudflare,0,html,0,0,0,1,4,0,1,1,0,1,0,0,0,0,0,0,0,0,0,0,0,0,0,0,0,0,0,0,0,0,0,0,0,1,3,2,1,1,1,1,1,1,1,0,0,0,1,0,0,0,0,1,0,0,0,0,0,1,0,0,1,1,0,0,0,0,0,0,0,0,0,0,0.0,0.0,0.0,0,0,0,0,0,0,0,0,0,0,0,0,3,0,0,0,0,0,1,0,0,0.0,0.0,0.5,0.0,0,,multi_full_20260502_195223_0001,2026-05-02T19:59:01.536560,https://www.expediagroup.com/content/dam/unified/partner/images/logos/partner/capital-one-shopping-logo@2x.png,https://www.expediagroup.com/,False,https://www.expediagroup.com/content/dam/unified/partner/images/logos/partner/capital-one-shopping-logo@2x.png,https://www.expediagroup.com/,https://www.expediagroup.com/content/dam/unified/partner/images/logos/partner/capital-one-shopping-logo@2x.png,recon_page,2026-05-02T19:59:01.552059,0,0,0,0,0,0,0,0,0,0,0,0,0,0,0,0,0,0,0,0,0,0,0,0,0,0,0,0,0,0,0,0,0,0,0,0,0,0,0,0,0,0
125,1,4,0,0,0,0,1,0,20,0,com,404,4,1286,371.973,0,0,15,1,cloudflare,0,html,0,0,0,1,4,0,1,1,0,1,0,0,0,0,0,0,0,0,0,0,0,0,0,0,0,0,0,0,0,0,0,0,0,1,3,2,1,1,1,1,1,1,1,0,0,0,1,0,0,0,0,1,0,0,0,0,0,1,0,0,1,1,0,0,0,0,0,0,0,0,0,0,0.0,0.0,0.0,0,0,0,0,0,0,0,0,0,0,0,0,3,0,0,0,0,0,1,0,0,0.0,0.0,0.5,0.0,0,,multi_full_20260502_195223_0001,2026-05-02T19:59:02.941857,https://www.expediagroup.com/etc.clientlibs/unified/clientlibs/clientlib-base.min.ACSHASH07545f2c89f1eac0f26c35ddc12fd7cf.css,https://www.expediagroup.com/,False,https://www.expediagroup.com/etc.clientlibs/unified/clientlibs/clientlib-base.min.ACSHASH07545f2c89f1eac0f26c35ddc12fd7cf.css,https://www.expediagroup.com/,https://www.expediagroup.com/etc.clientlibs/unified/clientlibs/clientlib-base.min.ACSHASH07545f2c89f1eac0f26c35ddc12fd7cf.css,recon_page,2026-05-02T19:59:02.979489,0,0,0,0,0,0,0,0,0,0,0,0,0,0,0,0,0,0,0,0,0,0,0,0,0,0,0,0,0,0,0,0,0,0,0,0,0,0,0,0,0,0
98,1,8,0,0,0,0,1,0,20,0,com,404,4,1286,571.3580000000001,0,0,15,1,cloudflare,0,html,0,0,0,1,4,0,1,1,0,1,0,0,0,0,0,0,0,0,0,0,0,0,0,0,0,0,0,0,0,0,0,0,0,1,3,2,1,1,1,1,1,1,1,0,0,0,1,0,0,0,0,1,0,0,0,0,0,1,0,0,1,1,0,0,0,0,0,0,0,0,0,0,0.0,0.0,0.0,0,0,0,0,0,0,0,0,0,0,0,0,3,0,0,0,0,0,1,0,0,0.0,0.0,0.5,0.0,0,,multi_full_20260502_195223_0001,2026-05-02T19:59:04.905804,https://www.expediagroup.com/content/dam/unified/partner/images/iconography/system/close-black.svg,https://www.expediagroup.com/,False,https://www.expediagroup.com/content/dam/unified/partner/images/iconography/system/close-black.svg,https://www.expediagroup.com/,https://www.expediagroup.com/content/dam/unified/partner/images/iconography/system/close-black.svg,recon_page,2026-05-02T19:59:04.917902,0,0,0,0,0,0,0,0,0,0,0,0,0,0,0,0,0,0,0,0,0,0,0,0,0,0,0,0,0,0,0,0,0,0,0,0,0,0,0,0,0,0
113,1,8,0,0,0,0,1,0,20,0,com,404,4,1286,468.708,0,0,15,1,cloudflare,0,html,0,0,0,1,4,0,1,1,0,1,0,0,0,0,0,0,0,0,0,0,0,0,0,0,0,0,0,0,0,0,0,0,0,1,3,2,1,1,1,1,1,1,1,0,0,0,1,0,0,0,0,1,0,0,0,0,0,1,0,0,1,1,0,0,0,0,0,0,0,0,0,0,0.0,0.0,0.0,0,0,0,0,0,0,0,0,0,0,0,0,3,0,0,0,0,0,1,0,0,0.0,0.0,0.5,0.0,0,,multi_full_20260502_195223_0001,2026-05-02T19:59:18.199130,https://www.expediagroup.com/content/dam/unified/partner/images/photography/stock/two-people-walking-beach-2x.jpg,https://www.expediagroup.com/,False,https://www.expediagroup.com/content/dam/unified/partner/images/photography/stock/two-people-walking-beach-2x.jpg,https://www.expediagroup.com/,https://www.expediagroup.com/content/dam/unified/partner/images/photography/stock/two-people-walking-beach-2x.jpg,recon_page,2026-05-02T19:59:18.211452,0,0,0,0,0,0,0,0,0,0,0,0,0,0,0,0,0,0,0,0,0,0,0,0,0,0,0,0,0,0,0,0,0,0,0,0,0,0,0,0,0,0
35,1,1,0,0,0,0,1,0,20,0,com,404,4,64290,405.206,0,0,14,1,cloudflare,0,html,0,0,0,1,4,0,1,1,0,1,1,1,1,2,0,0,1,2,0,0,0,0,0,0,0,0,0,0,1,21,8,9,4,1,157,141,16,1,7,1,6,1,7,1,1,2,1,0,0,0,0,1,0,0,0,0,0,1,0,0,1,1,0,0,0,0,0,0,0,0,0,0,0.0,0.0,0.0,0,0,0,0,1,0,0,1,1,1,0,2,65,5,0,0,0,0,1,0,0,2.0,0.0003266448903406,0.5,0.0466635557629491,0,,multi_full_20260502_195223_0001,2026-05-02T19:59:20.730983,https://www.expediagroup.com/es-es/,https://www.expediagroup.com/,False,https://www.expediagroup.com/es-es/,https://www.expediagroup.com/,https://www.expediagroup.com/es-es/,recon_page,2026-05-02T19:59:20.998168,0,0,0,0,0,0,0,0,0,0,0,0,0,0,0,0,0,0,0,0,0,0,0,0,0,0,0,0,0,0,0,0,0,0,0,0,0,0,0,0,0,0
59,1,3,0,0,0,0,1,0,20,0,com,404,4,64290,464.788,0,0,14,1,cloudflare,0,html,0,0,0,1,4,0,1,1,0,1,1,1,1,2,0,0,1,2,0,0,0,0,0,0,0,0,0,0,1,21,8,9,4,1,157,141,16,1,7,1,6,1,7,1,1,2,1,0,0,0,0,1,0,0,0,0,0,1,0,0,1,1,0,0,0,0,0,0,0,0,0,0,0.0,0.0,0.0,0,0,0,0,1,0,0,1,1,1,0,2,65,5,0,0,0,0,1,0,0,2.0,0.0003266448903406,0.5,0.0466635557629491,0,,multi_full_20260502_195223_0001,2026-05-02T19:59:24.546876,https://www.expediagroup.com/en-us/industries/destinations/,https://www.expediagroup.com/,False,https://www.expediagroup.com/en-us/industries/destinations/,https://www.expediagroup.com/,https://www.expediagroup.com/en-us/industries/destinations/,recon_page,2026-05-02T19:59:24.584812,0,0,0,0,0,0,0,0,0,0,0,0,0,0,0,0,0,0,0,0,0,0,0,0,0,0,0,0,0,0,0,0,0,0,0,0,0,0,0,0,0,0
35,1,1,0,0,0,0,1,0,20,0,com,404,4,64290,345.63300000000004,0,0,14,1,cloudflare,0,html,0,0,0,1,4,0,1,1,0,1,1,1,1,2,0,0,1,2,0,0,0,0,0,0,0,0,0,0,1,21,8,9,4,1,157,141,16,1,7,1,6,1,7,1,1,2,1,0,0,0,0,1,0,0,0,0,0,1,0,0,1,1,0,0,0,0,0,0,0,0,0,0,0.0,0.0,0.0,0,0,0,0,1,0,0,1,1,1,0,2,65,5,0,0,0,0,1,0,0,2.0,0.0003266448903406,0.5,0.0466635557629491,0,,multi_full_20260502_195223_0001,2026-05-02T19:59:25.849156,https://www.expediagroup.com/en-us/,https://www.expediagroup.com/,False,https://www.expediagroup.com/en-us/,https://www.expediagroup.com/,https://www.expediagroup.com/en-us/,recon_page,2026-05-02T19:59:25.865317,0,0,0,0,0,0,0,0,0,0,0,0,0,0,0,0,0,0,0,0,0,0,0,0,0,0,0,0,0,0,0,0,0,0,0,0,0,0,0,0,0,0
124,1,4,0,0,0,0,1,0,20,0,com,404,4,1286,404.065,0,0,15,1,cloudflare,0,html,0,0,0,1,4,0,1,1,0,1,0,0,0,0,0,0,0,0,0,0,0,0,0,0,0,0,0,0,0,0,0,0,0,1,3,2,1,1,1,1,1,1,1,0,0,0,1,0,0,0,0,1,0,0,0,0,0,1,0,0,1,1,0,0,0,0,0,0,0,0,0,0,0.0,0.0,0.0,0,0,0,0,0,0,0,0,0,0,0,0,3,0,0,0,0,0,1,0,0,0.0,0.0,0.5,0.0,0,,multi_full_20260502_195223_0001,2026-05-02T19:59:30.393128,https://www.expediagroup.com/etc.clientlibs/unified/clientlibs/clientlib-site.min.ACSHASH6cc53ecad3c965e6fcd805d4882d1088.js,https://www.expediagroup.com/,False,https://www.expediagroup.com/etc.clientlibs/unified/clientlibs/clientlib-site.min.ACSHASH6cc53ecad3c965e6fcd805d4882d1088.js,https://www.expediagroup.com/,https://www.expediagroup.com/etc.clientlibs/unified/clientlibs/clientlib-site.min.ACSHASH6cc53ecad3c965e6fcd805d4882d1088.js,recon_page,2026-05-02T19:59:30.419692,0,0,0,0,0,0,0,0,0,0,0,0,0,0,0,0,0,0,0,0,0,0,0,0,0,0,0,0,0,0,0,0,0,0,0,0,0,0,0,0,0,0
51,1,3,0,0,0,0,1,0,20,0,com,404,4,64290,650.246,0,0,14,1,cloudflare,0,html,0,0,0,1,4,0,1,1,0,1,1,1,1,2,0,0,1,2,0,0,0,0,0,0,0,0,0,0,1,21,8,9,4,1,157,141,16,1,7,1,6,1,7,1,1,2,1,0,0,0,0,1,0,0,0,0,0,1,0,0,1,1,0,0,0,0,0,0,0,0,0,0,0.0,0.0,0.0,0,0,0,0,1,0,0,1,1,1,0,2,65,5,0,0,0,0,1,0,0,2.0,0.0003266448903406,0.5,0.0466635557629491,0,,multi_full_20260502_195223_0001,2026-05-02T19:59:30.638058,https://www.expediagroup.com/en-us/join-us/cruises/,https://www.expediagroup.com/,False,https://www.expediagroup.com/en-us/join-us/cruises/,https://www.expediagroup.com/,https://www.expediagroup.com/en-us/join-us/cruises/,recon_page,2026-05-02T19:59:30.677249,0,0,0,0,0,0,0,0,0,0,0,0,0,0,0,0,0,0,0,0,0,0,0,0,0,0,0,0,0,0,0,0,0,0,0,0,0,0,0,0,0,0
54,1,3,0,0,0,0,1,0,20,0,com,404,4,64290,259.785,0,0,14,1,cloudflare,0,html,0,0,0,1,4,0,1,1,0,1,1,1,1,2,0,0,1,2,0,0,0,0,0,0,0,0,0,0,1,21,8,9,4,1,157,141,16,1,7,1,6,1,7,1,1,2,1,0,0,0,0,1,0,0,0,0,0,1,0,0,1,1,0,0,0,0,0,0,0,0,0,0,0.0,0.0,0.0,0,0,0,0,1,0,0,1,1,1,0,2,65,5,0,0,0,0,1,0,0,2.0,0.0003266448903406,0.5,0.0466635557629491,0,,multi_full_20260502_195223_0001,2026-05-02T19:59:30.680961,https://www.expediagroup.com/en-us/join-us/activities/,https://www.expediagroup.com/,False,https://www.expediagroup.com/en-us/join-us/activities/,https://www.expediagroup.com/,https://www.expediagroup.com/en-us/join-us/activities/,recon_page,2026-05-02T19:59:30.706091,0,0,0,0,0,0,0,0,0,0,0,0,0,0,0,0,0,0,0,0,0,0,0,0,0,0,0,0,0,0,0,0,0,0,0,0,0,0,0,0,0,0
55,1,3,0,0,0,0,1,0,20,0,com,404,4,64290,399.716,0,0,14,1,cloudflare,0,html,0,0,0,1,4,0,1,1,0,1,1,1,1,2,0,0,1,2,0,0,0,0,0,0,0,0,0,0,1,21,8,9,4,1,157,141,16,1,7,1,6,1,7,1,1,2,1,0,0,0,0,1,0,0,0,0,0,1,0,0,1,1,0,0,0,0,0,0,0,0,0,0,0.0,0.0,0.0,0,0,0,0,1,0,0,1,1,1,0,2,65,5,0,0,0,0,1,0,0,2.0,0.0003266448903406,0.5,0.0466635557629491,0,,multi_full_20260502_195223_0001,2026-05-02T19:59:34.025545,https://www.expediagroup.com/en-us/join-us/car-rentals/,https://www.expediagroup.com/,False,https://www.expediagroup.com/en-us/join-us/car-rentals/,https://www.expediagroup.com/,https://www.expediagroup.com/en-us/join-us/car-rentals/,recon_page,2026-05-02T19:59:34.034478,0,0,0,0,0,0,0,0,0,0,0,0,0,0,0,0,0,0,0,0,0,0,0,0,0,0,0,0,0,0,0,0,0,0,0,0,0,0,0,0,0,0
114,1,4,0,0,0,0,1,0,20,0,com,404,4,64290,403.258,0,0,14,1,cloudflare,0,html,0,0,0,1,4,0,1,1,0,1,1,1,1,2,0,0,1,2,0,0,0,0,0,0,0,0,0,0,1,21,8,9,4,1,157,141,16,1,7,1,6,1,7,1,1,2,1,0,0,0,0,1,0,0,0,0,0,1,0,0,1,1,0,0,0,0,0,0,0,0,0,0,0.0,0.0,0.0,0,0,0,0,1,0,0,1,1,1,0,2,65,5,0,0,0,0,1,0,0,2.0,0.0003266448903406,0.5,0.0466635557629491,0,,multi_full_20260502_195223_0001,2026-05-02T19:59:34.056290,https://www.expediagroup.com/en-us/resources/case-studies/hawaiian-airlines-boosts-loyalty-member-package-revenue/,https://www.expediagroup.com/,False,https://www.expediagroup.com/en-us/resources/case-studies/hawaiian-airlines-boosts-loyalty-member-package-revenue/,https://www.expediagroup.com/,https://www.expediagroup.com/en-us/resources/case-studies/hawaiian-airlines-boosts-loyalty-member-package-revenue/,recon_page,2026-05-02T19:59:34.074964,0,0,0,0,0,0,0,0,0,0,0,0,0,0,0,0,0,0,0,0,0,0,0,0,0,0,0,0,0,0,0,0,0,0,0,0,0,0,0,0,0,0
125,1,4,0,0,0,0,1,0,20,0,com,404,4,1286,397.517,0,0,15,1,cloudflare,0,html,0,0,0,1,4,0,1,1,0,1,0,0,0,0,0,0,0,0,0,0,0,0,0,0,0,0,0,0,0,0,0,0,0,1,3,2,1,1,1,1,1,1,1,0,0,0,1,0,0,0,0,1,0,0,0,0,0,1,0,0,1,1,0,0,0,0,0,0,0,0,0,0,0.0,0.0,0.0,0,0,0,0,0,0,0,0,0,0,0,0,3,0,0,0,0,0,1,0,0,0.0,0.0,0.5,0.0,0,,multi_full_20260502_195223_0001,2026-05-02T19:59:38.776575,https://www.expediagroup.com/etc.clientlibs/unified/clientlibs/clientlib-site.min.ACSHASHd09f0c1c7212fdee4d3a1f22e42e7553.css,https://www.expediagroup.com/,False,https://www.expediagroup.com/etc.clientlibs/unified/clientlibs/clientlib-site.min.ACSHASHd09f0c1c7212fdee4d3a1f22e42e7553.css,https://www.expediagroup.com/,https://www.expediagroup.com/etc.clientlibs/unified/clientlibs/clientlib-site.min.ACSHASHd09f0c1c7212fdee4d3a1f22e42e7553.css,recon_page,2026-05-02T19:59:38.802563,0,0,0,0,0,0,0,0,0,0,0,0,0,0,0,0,0,0,0,0,0,0,0,0,0,0,0,0,0,0,0,0,0,0,0,0,0,0,0,0,0,0
183,1,9,0,0,0,0,1,0,20,0,com,404,4,1286,359.085,0,0,15,1,cloudflare,0,html,0,0,0,1,4,0,1,1,0,1,0,0,0,0,0,0,0,0,0,0,0,0,0,0,0,0,0,0,0,0,0,0,0,1,3,2,1,1,1,1,1,1,1,0,0,0,1,0,0,0,0,1,0,0,0,0,0,1,0,0,1,1,0,0,0,0,0,0,0,0,0,0,0.0,0.0,0.0,0,0,0,0,0,0,0,0,0,0,0,0,3,0,0,0,0,0,1,0,0,0.0,0.0,0.5,0.0,0,,multi_full_20260502_195223_0001,2026-05-02T19:59:39.076710,https://www.expediagroup.com/etc.clientlibs/core/wcm/components/commons/datalayer/v2/clientlibs/core.wcm.components.commons.datalayer.v2.min.ACSHASH1e0136bad0acfb78be509234578e44f9.js,https://www.expediagroup.com/,False,https://www.expediagroup.com/etc.clientlibs/core/wcm/components/commons/datalayer/v2/clientlibs/core.wcm.components.commons.datalayer.v2.min.ACSHASH1e0136bad0acfb78be509234578e44f9.js,https://www.expediagroup.com/,https://www.expediagroup.com/etc.clientlibs/core/wcm/components/commons/datalayer/v2/clientlibs/core.wcm.components.commons.datalayer.v2.min.ACSHASH1e0136bad0acfb78be509234578e44f9.js,recon_page,2026-05-02T19:59:39.084215,0,0,0,0,0,0,0,0,0,0,0,0,0,0,0,0,0,0,0,0,0,0,0,0,0,0,0,0,0,0,0,0,0,0,0,0,0,0,0,0,0,0
93,1,8,0,0,0,0,1,0,20,0,com,404,4,1286,606.0020000000001,0,0,15,1,cloudflare,0,html,0,0,0,1,4,0,1,1,0,1,0,0,0,0,0,0,0,0,0,0,0,0,0,0,0,0,0,0,0,0,0,0,0,1,3,2,1,1,1,1,1,1,1,0,0,0,1,0,0,0,0,1,0,0,0,0,0,1,0,0,1,1,0,0,0,0,0,0,0,0,0,0,0.0,0.0,0.0,0,0,0,0,0,0,0,0,0,0,0,0,3,0,0,0,0,0,1,0,0,0.0,0.0,0.5,0.0,0,,multi_full_20260502_195223_0001,2026-05-02T19:59:40.345761,https://www.expediagroup.com/content/dam/unified/partner/images/logos/partner/tsd-logo@2x.png,https://www.expediagroup.com/,False,https://www.expediagroup.com/content/dam/unified/partner/images/logos/partner/tsd-logo@2x.png,https://www.expediagroup.com/,https://www.expediagroup.com/content/dam/unified/partner/images/logos/partner/tsd-logo@2x.png,recon_page,2026-05-02T19:59:40.365532,0,0,0,0,0,0,0,0,0,0,0,0,0,0,0,0,0,0,0,0,0,0,0,0,0,0,0,0,0,0,0,0,0,0,0,0,0,0,0,0,0,0
234,1,16,0,0,0,0,1,0,20,0,com,404,4,1286,367.701,0,0,15,1,cloudflare,0,html,0,0,0,1,4,0,1,1,0,1,0,0,0,0,0,0,0,0,0,0,0,0,0,0,0,0,0,0,0,0,0,0,0,1,3,2,1,1,1,1,1,1,1,0,0,0,1,0,0,0,0,1,0,0,0,0,0,1,0,0,1,1,0,0,0,0,0,0,0,0,0,0,0.0,0.0,0.0,0,0,0,0,0,0,0,0,0,0,0,0,3,0,0,0,0,0,1,0,0,0.0,0.0,0.5,0.0,0,,multi_full_20260502_195223_0001,2026-05-02T19:59:45.933294,https://www.expediagroup.com/content/experience-fragments/unified/partner/live-copies/en-us/global-footer/master/_jcr_content/root/footer_container/third-group/container_copy/image_copy_279381410.coreimg.svg/1768590818411/linkedin.svg,https://www.expediagroup.com/,False,https://www.expediagroup.com/content/experience-fragments/unified/partner/live-copies/en-us/global-footer/master/_jcr_content/root/footer_container/third-group/container_copy/image_copy_279381410.coreimg.svg/1768590818411/linkedin.svg,https://www.expediagroup.com/,https://www.expediagroup.com/content/experience-fragments/unified/partner/live-copies/en-us/global-footer/master/_jcr_content/root/footer_container/third-group/container_copy/image_copy_279381410.coreimg.svg/1768590818411/linkedin.svg,recon_page,2026-05-02T19:59:45.943020,0,0,0,0,0,0,0,0,0,0,0,0,0,0,0,0,0,0,0,0,0,0,0,0,0,0,0,0,0,0,0,0,0,0,0,0,0,0,0,0,0,0
124,1,5,0,0,0,0,1,0,20,0,com,404,4,1286,371.396,0,0,15,1,cloudflare,0,html,0,0,0,1,4,0,1,1,0,1,0,0,0,0,0,0,0,0,0,0,0,0,0,0,0,0,0,0,0,0,0,0,0,1,3,2,1,1,1,1,1,1,1,0,0,0,1,0,0,0,0,1,0,0,0,0,0,1,0,0,1,1,0,0,0,0,0,0,0,0,0,0,0.0,0.0,0.0,0,0,0,0,0,0,0,0,0,0,0,0,3,0,0,0,0,0,1,0,0,0.0,0.0,0.5,0.0,0,,multi_full_20260502_195223_0001,2026-05-02T20:00:03.218656,https://www.expediagroup.com/etc.clientlibs/unified/global/marketo/mktoForms2.min.ACSHASHbb6659e3317482038dcba5233f62951b.js,https://www.expediagroup.com/,False,https://www.expediagroup.com/etc.clientlibs/unified/global/marketo/mktoForms2.min.ACSHASHbb6659e3317482038dcba5233f62951b.js,https://www.expediagroup.com/,https://www.expediagroup.com/etc.clientlibs/unified/global/marketo/mktoForms2.min.ACSHASHbb6659e3317482038dcba5233f62951b.js,recon_page,2026-05-02T20:00:03.229578,0,0,0,0,0,0,0,0,0,0,0,0,0,0,0,0,0,0,0,0,0,0,0,0,0,0,0,0,0,0,0,0,0,0,0,0,0,0,0,0,0,0
110,1,8,0,0,0,0,1,0,20,0,com,404,4,1286,330.559,0,0,15,1,cloudflare,0,html,0,0,0,1,4,0,1,1,0,1,0,0,0,0,0,0,0,0,0,0,0,0,0,0,0,0,0,0,0,0,0,0,0,1,3,2,1,1,1,1,1,1,1,0,0,0,1,0,0,0,0,1,0,0,0,0,0,1,0,0,1,1,0,0,0,0,0,0,0,0,0,0,0.0,0.0,0.0,0,0,0,0,0,0,0,0,0,0,0,0,3,0,0,0,0,0,1,0,0,0.0,0.0,0.5,0.0,0,,multi_full_20260502_195223_0001,2026-05-02T20:00:16.444888,https://www.expediagroup.com/content/dam/unified/partner/images/photography/owned/homepage-ariane-gorin-2x.jpg,https://www.expediagroup.com/,False,https://www.expediagroup.com/content/dam/unified/partner/images/photography/owned/homepage-ariane-gorin-2x.jpg,https://www.expediagroup.com/,https://www.expediagroup.com/content/dam/unified/partner/images/photography/owned/homepage-ariane-gorin-2x.jpg,recon_page,2026-05-02T20:00:16.449553,0,0,0,0,0,0,0,0,0,0,0,0,0,0,0,0,0,0,0,0,0,0,0,0,0,0,0,0,0,0,0,0,0,0,0,0,0,0,0,0,0,0
63,1,3,0,0,0,0,1,0,20,0,com,404,4,64290,713.149,0,0,14,1,cloudflare,0,html,0,0,0,1,4,0,1,1,0,1,1,1,1,2,0,0,1,2,0,0,0,0,0,0,0,0,0,0,1,21,8,9,4,1,157,141,16,1,7,1,6,1,7,1,1,2,1,0,0,0,0,1,0,0,0,0,0,1,0,0,1,1,0,0,0,0,0,0,0,0,0,0,0.0,0.0,0.0,0,0,0,0,1,0,0,1,1,1,0,2,65,5,0,0,0,0,1,0,0,2.0,0.0003266448903406,0.5,0.0466635557629491,0,,multi_full_20260502_195223_0001,2026-05-02T20:00:17.321661,https://www.expediagroup.com/en-us/solutions/advertise-with-us/,https://www.expediagroup.com/,False,https://www.expediagroup.com/en-us/solutions/advertise-with-us/,https://www.expediagroup.com/,https://www.expediagroup.com/en-us/solutions/advertise-with-us/,recon_page,2026-05-02T20:00:17.352495,0,0,0,0,0,0,0,0,0,0,0,0,0,0,0,0,0,0,0,0,0,0,0,0,0,0,0,0,0,0,0,0,0,0,0,0,0,0,0,0,0,0
50,1,3,0,0,0,0,1,0,20,0,com,404,4,64290,481.869,0,0,14,1,cloudflare,0,html,0,0,0,1,4,0,1,1,0,1,1,1,1,2,0,0,1,2,0,0,0,0,0,0,0,0,0,0,1,21,8,9,4,1,157,141,16,1,7,1,6,1,7,1,1,2,1,0,0,0,0,1,0,0,0,0,0,1,0,0,1,1,0,0,0,0,0,0,0,0,0,0,0.0,0.0,0.0,0,0,0,0,1,0,0,1,1,1,0,2,65,5,0,0,0,0,1,0,0,2.0,0.0003266448903406,0.5,0.0466635557629491,0,,multi_full_20260502_195223_0001,2026-05-02T20:00:17.347536,https://www.expediagroup.com/en-us/resources/blog/,https://www.expediagroup.com/,False,https://www.expediagroup.com/en-us/resources/blog/,https://www.expediagroup.com/,https://www.expediagroup.com/en-us/resources/blog/,recon_page,2026-05-02T20:00:17.357085,0,0,0,0,0,0,0,0,0,0,0,0,0,0,0,0,0,0,0,0,0,0,0,0,0,0,0,0,0,0,0,0,0,0,0,0,0,0,0,0,0,0
52,1,3,0,0,0,0,1,0,20,0,com,404,4,64290,287.948,0,0,14,1,cloudflare,0,html,0,0,0,1,4,0,1,1,0,1,1,1,1,2,0,0,1,2,0,0,0,0,0,0,0,0,0,0,1,21,8,9,4,1,157,141,16,1,7,1,6,1,7,1,1,2,1,0,0,0,0,1,0,0,0,0,0,1,0,0,1,1,0,0,0,0,0,0,0,0,0,0,0.0,0.0,0.0,0,0,0,0,1,0,0,1,1,1,0,2,65,5,0,0,0,0,1,0,0,2.0,0.0003266448903406,0.5,0.0466635557629491,0,,multi_full_20260502_195223_0001,2026-05-02T20:00:18.076290,https://www.expediagroup.com/en-us/join-us/airlines/,https://www.expediagroup.com/,False,https://www.expediagroup.com/en-us/join-us/airlines/,https://www.expediagroup.com/,https://www.expediagroup.com/en-us/join-us/airlines/,recon_page,2026-05-02T20:00:18.104032,0,0,0,0,0,0,0,0,0,0,0,0,0,0,0,0,0,0,0,0,0,0,0,0,0,0,0,0,0,0,0,0,0,0,0,0,0,0,0,0,0,0
35,1,1,0,0,0,0,1,0,20,0,com,404,4,64290,306.04900000000004,0,0,14,1,cloudflare,0,html,0,0,0,1,4,0,1,1,0,1,1,1,1,2,0,0,1,2,0,0,0,0,0,0,0,0,0,0,1,21,8,9,4,1,157,141,16,1,7,1,6,1,7,1,1,2,1,0,0,0,0,1,0,0,0,0,0,1,0,0,1,1,0,0,0,0,0,0,0,0,0,0,0.0,0.0,0.0,0,0,0,0,1,0,0,1,1,1,0,2,65,5,0,0,0,0,1,0,0,2.0,0.0003266448903406,0.5,0.0466635557629491,0,,multi_full_20260502_195223_0001,2026-05-02T20:00:19.466384,https://www.expediagroup.com/fr-fr/,https://www.expediagroup.com/,False,https://www.expediagroup.com/fr-fr/,https://www.expediagroup.com/,https://www.expediagroup.com/fr-fr/,recon_page,2026-05-02T20:00:19.489940,0,0,0,0,0,0,0,0,0,0,0,0,0,0,0,0,0,0,0,0,0,0,0,0,0,0,0,0,0,0,0,0,0,0,0,0,0,0,0,0,0,0
53,1,3,0,0,0,0,1,0,20,0,com,404,4,64290,321.51,0,0,14,1,cloudflare,0,html,0,0,0,1,4,0,1,1,0,1,1,1,1,2,0,0,1,2,0,0,0,0,0,0,0,0,0,0,1,21,8,9,4,1,157,141,16,1,7,1,6,1,7,1,1,2,1,0,0,0,0,1,0,0,0,0,0,1,0,0,1,1,0,0,0,0,0,0,0,0,0,0,0.0,0.0,0.0,0,0,0,0,1,0,0,1,1,1,0,2,65,5,0,0,0,0,1,0,0,2.0,0.0003266448903406,0.5,0.0466635557629491,0,,multi_full_20260502_195223_0001,2026-05-02T20:00:19.567805,https://www.expediagroup.com/en-us/resources/podcast/,https://www.expediagroup.com/,False,https://www.expediagroup.com/en-us/resources/podcast/,https://www.expediagroup.com/,https://www.expediagroup.com/en-us/resources/podcast/,recon_page,2026-05-02T20:00:19.580677,0,0,0,0,0,0,0,0,0,0,0,0,0,0,0,0,0,0,0,0,0,0,0,0,0,0,0,0,0,0,0,0,0,0,0,0,0,0,0,0,0,0
35,1,1,0,0,0,0,1,0,20,0,com,404,4,64290,617.794,0,0,14,1,cloudflare,0,html,0,0,0,1,4,0,1,1,0,1,1,1,1,2,0,0,1,2,0,0,0,0,0,0,0,0,0,0,1,21,8,9,4,1,157,141,16,1,7,1,6,1,7,1,1,2,1,0,0,0,0,1,0,0,0,0,0,1,0,0,1,1,0,0,0,0,0,0,0,0,0,0,0.0,0.0,0.0,0,0,0,0,1,0,0,1,1,1,0,2,65,5,0,0,0,0,1,0,0,2.0,0.0003266448903406,0.5,0.0466635557629491,0,,multi_full_20260502_195223_0001,2026-05-02T20:00:25.194821,https://www.expediagroup.com/de-de/,https://www.expediagroup.com/,False,https://www.expediagroup.com/de-de/,https://www.expediagroup.com/,https://www.expediagroup.com/de-de/,recon_page,2026-05-02T20:00:25.201725,0,0,0,0,0,0,0,0,0,0,0,0,0,0,0,0,0,0,0,0,0,0,0,0,0,0,0,0,0,0,0,0,0,0,0,0,0,0,0,0,0,0
99,1,8,0,0,0,0,1,0,20,0,com,404,4,1286,368.391,0,0,15,1,cloudflare,0,html,0,0,0,1,4,0,1,1,0,1,0,0,0,0,0,0,0,0,0,0,0,0,0,0,0,0,0,0,0,0,0,0,0,1,3,2,1,1,1,1,1,1,1,0,0,0,1,0,0,0,0,1,0,0,0,0,0,1,0,0,1,1,0,0,0,0,0,0,0,0,0,0,0.0,0.0,0.0,0,0,0,0,0,0,0,0,0,0,0,0,3,0,0,0,0,0,1,0,0,0.0,0.0,0.5,0.0,0,,multi_full_20260502_195223_0001,2026-05-02T20:00:25.350451,https://www.expediagroup.com/content/dam/unified/partner/images/logos/partner/las-vegas-logo@2x.png,https://www.expediagroup.com/,False,https://www.expediagroup.com/content/dam/unified/partner/images/logos/partner/las-vegas-logo@2x.png,https://www.expediagroup.com/,https://www.expediagroup.com/content/dam/unified/partner/images/logos/partner/las-vegas-logo@2x.png,recon_page,2026-05-02T20:00:25.356094,0,0,0,0,0,0,0,0,0,0,0,0,0,0,0,0,0,0,0,0,0,0,0,0,0,0,0,0,0,0,0,0,0,0,0,0,0,0,0,0,0,0
99,1,8,0,0,0,0,1,0,20,0,com,404,4,1286,589.662,0,0,15,1,cloudflare,0,html,0,0,0,1,4,0,1,1,0,1,0,0,0,0,0,0,0,0,0,0,0,0,0,0,0,0,0,0,0,0,0,0,0,1,3,2,1,1,1,1,1,1,1,0,0,0,1,0,0,0,0,1,0,0,0,0,0,1,0,0,1,1,0,0,0,0,0,0,0,0,0,0,0.0,0.0,0.0,0,0,0,0,0,0,0,0,0,0,0,0,3,0,0,0,0,0,1,0,0,0.0,0.0,0.5,0.0,0,,multi_full_20260502_195223_0001,2026-05-02T20:00:25.395900,https://www.expediagroup.com/content/dam/unified/partner/images/iconography/system/search-black.svg,https://www.expediagroup.com/,False,https://www.expediagroup.com/content/dam/unified/partner/images/iconography/system/search-black.svg,https://www.expediagroup.com/,https://www.expediagroup.com/content/dam/unified/partner/images/iconography/system/search-black.svg,recon_page,2026-05-02T20:00:25.403868,0,0,0,0,0,0,0,0,0,0,0,0,0,0,0,0,0,0,0,0,0,0,0,0,0,0,0,0,0,0,0,0,0,0,0,0,0,0,0,0,0,0
53,1,3,0,0,0,0,1,0,20,0,com,404,4,64288,375.759,0,0,14,1,cloudflare,0,html,0,0,0,1,4,0,1,1,0,1,1,1,1,2,0,0,1,2,0,0,0,0,0,0,0,0,0,0,1,21,8,9,4,1,157,141,16,1,7,1,6,1,7,1,1,2,1,0,0,0,0,1,0,0,0,0,0,1,0,0,1,1,0,0,0,0,0,0,0,0,0,0,0.0,0.0,0.0,0,0,0,0,1,0,0,1,1,1,0,2,65,5,0,0,0,0,1,0,0,2.0,0.0003266550522648,0.5,0.0466650074664012,0,,multi_full_20260502_195223_0001,2026-05-02T20:00:29.342252,https://www.expediagroup.com/en-us/join-us/rapid-api/,https://www.expediagroup.com/,False,https://www.expediagroup.com/en-us/join-us/rapid-api/,https://www.expediagroup.com/,https://www.expediagroup.com/en-us/join-us/rapid-api/,recon_page,2026-05-02T20:00:29.349444,0,0,0,0,0,0,0,0,0,0,0,0,0,0,0,0,0,0,0,0,0,0,0,0,0,0,0,0,0,0,0,0,0,0,0,0,0,0,0,0,0,0
69,1,3,0,0,0,0,1,0,20,0,com,404,4,64290,455.995,0,0,14,1,cloudflare,0,html,0,0,0,1,4,0,1,1,0,1,1,1,1,2,0,0,1,2,0,0,0,0,0,0,0,0,0,0,1,21,8,9,4,1,157,141,16,1,7,1,6,1,7,1,1,2,1,0,0,0,0,1,0,0,0,0,0,1,0,0,1,1,0,0,0,0,0,0,0,0,0,0,0.0,0.0,0.0,0,0,0,0,1,0,0,1,1,1,0,2,65,5,0,0,0,0,1,0,0,2.0,0.0003266448903406,0.5,0.0466635557629491,0,,multi_full_20260502_195223_0001,2026-05-02T20:00:32.610050,https://www.expediagroup.com/en-us/partner-support/privacy-statement/,https://www.expediagroup.com/,False,https://www.expediagroup.com/en-us/partner-support/privacy-statement/,https://www.expediagroup.com/,https://www.expediagroup.com/en-us/partner-support/privacy-statement/,recon_page,2026-05-02T20:00:32.618112,0,0,0,0,0,0,0,0,0,0,0,0,0,0,0,0,0,0,0,0,0,0,0,0,0,0,0,0,0,0,0,0,0,0,0,0,0,0,0,0,0,0
97,1,8,0,0,0,0,1,0,20,0,com,404,4,1286,349.116,0,0,15,1,cloudflare,0,html,0,0,0,1,4,0,1,1,0,1,0,0,0,0,0,0,0,0,0,0,0,0,0,0,0,0,0,0,0,0,0,0,0,1,3,2,1,1,1,1,1,1,1,0,0,0,1,0,0,0,0,1,0,0,0,0,0,1,0,0,1,1,0,0,0,0,0,0,0,0,0,0,0.0,0.0,0.0,0,0,0,0,0,0,0,0,0,0,0,0,3,0,0,0,0,0,1,0,0,0.0,0.0,0.5,0.0,0,,multi_full_20260502_195223_0001,2026-05-02T20:00:33.324626,https://www.expediagroup.com/content/dam/unified/partner/images/logos/partner/rakuten-logo@2x.png,https://www.expediagroup.com/,False,https://www.expediagroup.com/content/dam/unified/partner/images/logos/partner/rakuten-logo@2x.png,https://www.expediagroup.com/,https://www.expediagroup.com/content/dam/unified/partner/images/logos/partner/rakuten-logo@2x.png,recon_page,2026-05-02T20:00:33.336722,0,0,0,0,0,0,0,0,0,0,0,0,0,0,0,0,0,0,0,0,0,0,0,0,0,0,0,0,0,0,0,0,0,0,0,0,0,0,0,0,0,0
102,1,8,0,0,0,0,1,0,20,0,com,404,4,1286,386.255,0,0,15,1,cloudflare,0,html,0,0,0,1,4,0,1,1,0,1,0,0,0,0,0,0,0,0,0,0,0,0,0,0,0,0,0,0,0,0,0,0,0,1,3,2,1,1,1,1,1,1,1,0,0,0,1,0,0,0,0,1,0,0,0,0,0,1,0,0,1,1,0,0,0,0,0,0,0,0,0,0,0.0,0.0,0.0,0,0,0,0,0,0,0,0,0,0,0,0,3,0,0,0,0,0,1,0,0,0.0,0.0,0.5,0.0,0,,multi_full_20260502_195223_0001,2026-05-02T20:00:42.260950,https://www.expediagroup.com/content/dam/unified/partner/images/iconography/system/car-rental-blue.svg,https://www.expediagroup.com/,False,https://www.expediagroup.com/content/dam/unified/partner/images/iconography/system/car-rental-blue.svg,https://www.expediagroup.com/,https://www.expediagroup.com/content/dam/unified/partner/images/iconography/system/car-rental-blue.svg,recon_page,2026-05-02T20:00:42.265310,0,0,0,0,0,0,0,0,0,0,0,0,0,0,0,0,0,0,0,0,0,0,0,0,0,0,0,0,0,0,0,0,0,0,0,0,0,0,0,0,0,0
107,1,4,0,0,0,0,1,0,20,0,com,404,4,64290,413.692,0,0,14,1,cloudflare,0,html,0,0,0,1,4,0,1,1,0,1,1,1,1,2,0,0,1,2,0,0,0,0,0,0,0,0,0,0,1,21,8,9,4,1,157,141,16,1,7,1,6,1,7,1,1,2,1,0,0,0,0,1,0,0,0,0,0,1,0,0,1,1,0,0,0,0,0,0,0,0,0,0,0.0,0.0,0.0,0,0,0,0,1,0,0,1,1,1,0,2,65,5,0,0,0,0,1,0,0,2.0,0.0003266448903406,0.5,0.0466635557629491,0,,multi_full_20260502_195223_0001,2026-05-02T20:00:48.779800,https://www.expediagroup.com/en-us/resources/case-studies/how-tsd-inc-helped-increase-sales-with-rapid-api/,https://www.expediagroup.com/,False,https://www.expediagroup.com/en-us/resources/case-studies/how-tsd-inc-helped-increase-sales-with-rapid-api/,https://www.expediagroup.com/,https://www.expediagroup.com/en-us/resources/case-studies/how-tsd-inc-helped-increase-sales-with-rapid-api/,recon_page,2026-05-02T20:00:48.786847,0,0,0,0,0,0,0,0,0,0,0,0,0,0,0,0,0,0,0,0,0,0,0,0,0,0,0,0,0,0,0,0,0,0,0,0,0,0,0,0,0,0
69,1,3,0,0,0,0,1,0,20,0,com,404,4,64290,338.45399999999995,0,0,14,1,cloudflare,0,html,0,0,0,1,4,0,1,1,0,1,1,1,1,2,0,0,1,2,0,0,0,0,0,0,0,0,0,0,1,21,8,9,4,1,157,141,16,1,7,1,6,1,7,1,1,2,1,0,0,0,0,1,0,0,0,0,0,1,0,0,1,1,0,0,0,0,0,0,0,0,0,0,0.0,0.0,0.0,0,0,0,0,1,0,0,1,1,1,0,2,65,5,0,0,0,0,1,0,0,2.0,0.0003266448903406,0.5,0.0466635557629491,0,,multi_full_20260502_195223_0001,2026-05-02T20:00:49.271463,https://www.expediagroup.com/en-us/industries/financial-institutions/,https://www.expediagroup.com/,False,https://www.expediagroup.com/en-us/industries/financial-institutions/,https://www.expediagroup.com/,https://www.expediagroup.com/en-us/industries/financial-institutions/,recon_page,2026-05-02T20:00:49.301126,0,0,0,0,0,0,0,0,0,0,0,0,0,0,0,0,0,0,0,0,0,0,0,0,0,0,0,0,0,0,0,0,0,0,0,0,0,0,0,0,0,0
55,1,3,0,0,0,0,1,0,20,0,com,404,4,64290,357.272,0,0,14,1,cloudflare,0,html,0,0,0,1,4,0,1,1,0,1,1,1,1,2,0,0,1,2,0,0,0,0,0,0,0,0,0,0,1,21,8,9,4,1,157,141,16,1,7,1,6,1,7,1,1,2,1,0,0,0,0,1,0,0,0,0,0,1,0,0,1,1,0,0,0,0,0,0,0,0,0,0,0.0,0.0,0.0,0,0,0,0,1,0,0,1,1,1,0,2,65,5,0,0,0,0,1,0,0,2.0,0.0003266448903406,0.5,0.0466635557629491,0,,multi_full_20260502_195223_0001,2026-05-02T20:00:54.532508,https://www.expediagroup.com/en-us/industries/airlines/,https://www.expediagroup.com/,False,https://www.expediagroup.com/en-us/industries/airlines/,https://www.expediagroup.com/,https://www.expediagroup.com/en-us/industries/airlines/,recon_page,2026-05-02T20:00:54.539666,0,0,0,0,0,0,0,0,0,0,0,0,0,0,0,0,0,0,0,0,0,0,0,0,0,0,0,0,0,0,0,0,0,0,0,0,0,0,0,0,0,0
118,1,8,0,0,0,0,1,0,20,0,com,404,4,1286,533.678,0,0,15,1,cloudflare,0,html,0,0,0,1,4,0,1,1,0,1,0,0,0,0,0,0,0,0,0,0,0,0,0,0,0,0,0,0,0,0,0,0,0,1,3,2,1,1,1,1,1,1,1,0,0,0,1,0,0,0,0,1,0,0,0,0,0,1,0,0,1,1,0,0,0,0,0,0,0,0,0,0,0.0,0.0,0.0,0,0,0,0,0,0,0,0,0,0,0,0,3,0,0,0,0,0,1,0,0,0.0,0.0,0.5,0.0,0,,multi_full_20260502_195223_0001,2026-05-02T20:00:57.028683,https://www.expediagroup.com/content/dam/unified/partner/images/photography/stock/two-traveler-walking-suitcase-2x.jpg,https://www.expediagroup.com/,False,https://www.expediagroup.com/content/dam/unified/partner/images/photography/stock/two-traveler-walking-suitcase-2x.jpg,https://www.expediagroup.com/,https://www.expediagroup.com/content/dam/unified/partner/images/photography/stock/two-traveler-walking-suitcase-2x.jpg,recon_page,2026-05-02T20:00:57.032974,0,0,0,0,0,0,0,0,0,0,0,0,0,0,0,0,0,0,0,0,0,0,0,0,0,0,0,0,0,0,0,0,0,0,0,0,0,0,0,0,0,0
48,1,3,0,0,0,0,1,0,20,0,com,404,4,64290,519.7610000000001,0,0,14,1,cloudflare,0,html,0,0,0,1,4,0,1,1,0,1,1,1,1,2,0,0,1,2,0,0,0,0,0,0,0,0,0,0,1,21,8,9,4,1,157,141,16,1,7,1,6,1,7,1,1,2,1,0,0,0,0,1,0,0,0,0,0,1,0,0,1,1,0,0,0,0,0,0,0,0,0,0,0.0,0.0,0.0,0,0,0,0,1,0,0,1,1,1,0,2,65,5,0,0,0,0,1,0,0,2.0,0.0003266448903406,0.5,0.0466635557629491,0,,multi_full_20260502_195223_0001,2026-05-02T20:00:57.234922,https://www.expediagroup.com/en-us/join-us/taap/,https://www.expediagroup.com/,False,https://www.expediagroup.com/en-us/join-us/taap/,https://www.expediagroup.com/,https://www.expediagroup.com/en-us/join-us/taap/,recon_page,2026-05-02T20:00:57.265535,0,0,0,0,0,0,0,0,0,0,0,0,0,0,0,0,0,0,0,0,0,0,0,0,0,0,0,0,0,0,0,0,0,0,0,0,0,0,0,0,0,0
82,1,3,0,0,0,0,1,0,20,0,com,404,4,64290,538.489,0,0,14,1,cloudflare,0,html,0,0,0,1,4,0,1,1,0,1,1,1,1,2,0,0,1,2,0,0,0,0,0,0,0,0,0,0,1,21,8,9,4,1,157,141,16,1,7,1,6,1,7,1,1,2,1,0,0,0,0,1,0,0,0,0,0,1,0,0,1,1,0,0,0,0,0,0,0,0,0,0,0.0,0.0,0.0,0,0,0,0,1,0,0,1,1,1,0,2,65,5,0,0,0,0,1,0,0,2.0,0.0003266448903406,0.5,0.0466635557629491,0,,multi_full_20260502_195223_0001,2026-05-02T20:00:57.241757,https://www.expediagroup.com/en-us/partner-support/expedia-group-cookie-statement/,https://www.expediagroup.com/,False,https://www.expediagroup.com/en-us/partner-support/expedia-group-cookie-statement/,https://www.expediagroup.com/,https://www.expediagroup.com/en-us/partner-support/expedia-group-cookie-statement/,recon_page,2026-05-02T20:00:57.267431,0,0,0,0,0,0,0,0,0,0,0,0,0,0,0,0,0,0,0,0,0,0,0,0,0,0,0,0,0,0,0,0,0,0,0,0,0,0,0,0,0,0
93,1,8,0,0,0,0,1,0,20,0,com,404,4,1286,331.65,0,0,15,1,cloudflare,0,html,0,0,0,1,4,0,1,1,0,1,0,0,0,0,0,0,0,0,0,0,0,0,0,0,0,0,0,0,0,0,0,0,0,1,3,2,1,1,1,1,1,1,1,0,0,0,1,0,0,0,0,1,0,0,0,0,0,1,0,0,1,1,0,0,0,0,0,0,0,0,0,0,0.0,0.0,0.0,0,0,0,0,0,0,0,0,0,0,0,0,3,0,0,0,0,0,1,0,0,0.0,0.0,0.5,0.0,0,,multi_full_20260502_195223_0001,2026-05-02T20:00:57.966038,https://www.expediagroup.com/content/dam/unified/partner/images/logos/partner/riu-logo@2x.png,https://www.expediagroup.com/,False,https://www.expediagroup.com/content/dam/unified/partner/images/logos/partner/riu-logo@2x.png,https://www.expediagroup.com/,https://www.expediagroup.com/content/dam/unified/partner/images/logos/partner/riu-logo@2x.png,recon_page,2026-05-02T20:00:57.976328,0,0,0,0,0,0,0,0,0,0,0,0,0,0,0,0,0,0,0,0,0,0,0,0,0,0,0,0,0,0,0,0,0,0,0,0,0,0,0,0,0,0
83,1,4,0,0,0,0,1,0,20,0,com,404,4,64290,810.102,0,0,14,1,cloudflare,0,html,0,0,0,1,4,0,1,1,0,1,1,1,1,2,0,0,1,2,0,0,0,0,0,0,0,0,0,0,1,21,8,9,4,1,157,141,16,1,7,1,6,1,7,1,1,2,1,0,0,0,0,1,0,0,0,0,0,1,0,0,1,1,0,0,0,0,0,0,0,0,0,0,0.0,0.0,0.0,0,0,0,0,1,0,0,1,1,1,0,2,65,5,0,0,0,0,1,0,0,2.0,0.0003266448903406,0.5,0.0466635557629491,0,,multi_full_20260502_195223_0001,2026-05-02T20:00:58.593715,https://www.expediagroup.com/en-us/solutions/advertise-with-us/offsite-advertising/,https://www.expediagroup.com/,False,https://www.expediagroup.com/en-us/solutions/advertise-with-us/offsite-advertising/,https://www.expediagroup.com/,https://www.expediagroup.com/en-us/solutions/advertise-with-us/offsite-advertising/,recon_page,2026-05-02T20:00:58.602380,0,0,0,0,0,0,0,0,0,0,0,0,0,0,0,0,0,0,0,0,0,0,0,0,0,0,0,0,0,0,0,0,0,0,0,0,0,0,0,0,0,0
235,1,16,0,0,0,0,1,0,20,0,com,404,4,1286,353.44100000000003,0,0,15,1,cloudflare,0,html,0,0,0,1,4,0,1,1,0,1,0,0,0,0,0,0,0,0,0,0,0,0,0,0,0,0,0,0,0,0,0,0,0,1,3,2,1,1,1,1,1,1,1,0,0,0,1,0,0,0,0,1,0,0,0,0,0,1,0,0,1,1,0,0,0,0,0,0,0,0,0,0,0.0,0.0,0.0,0,0,0,0,0,0,0,0,0,0,0,0,3,0,0,0,0,0,1,0,0,0.0,0.0,0.5,0.0,0,,multi_full_20260502_195223_0001,2026-05-02T20:00:59.346958,https://www.expediagroup.com/content/experience-fragments/unified/partner/live-copies/en-us/global-footer/master/_jcr_content/root/footer_container/third-group/container_copy/image_copy_710941745.coreimg.svg/1747428254826/faceboook.svg,https://www.expediagroup.com/,False,https://www.expediagroup.com/content/experience-fragments/unified/partner/live-copies/en-us/global-footer/master/_jcr_content/root/footer_container/third-group/container_copy/image_copy_710941745.coreimg.svg/1747428254826/faceboook.svg,https://www.expediagroup.com/,https://www.expediagroup.com/content/experience-fragments/unified/partner/live-copies/en-us/global-footer/master/_jcr_content/root/footer_container/third-group/container_copy/image_copy_710941745.coreimg.svg/1747428254826/faceboook.svg,recon_page,2026-05-02T20:00:59.353961,0,0,0,0,0,0,0,0,0,0,0,0,0,0,0,0,0,0,0,0,0,0,0,0,0,0,0,0,0,0,0,0,0,0,0,0,0,0,0,0,0,0
35,1,1,0,0,0,0,1,0,20,0,com,404,4,64290,316.387,0,0,14,1,cloudflare,0,html,0,0,0,1,4,0,1,1,0,1,1,1,1,2,0,0,1,2,0,0,0,0,0,0,0,0,0,0,1,21,8,9,4,1,157,141,16,1,7,1,6,1,7,1,1,2,1,0,0,0,0,1,0,0,0,0,0,1,0,0,1,1,0,0,0,0,0,0,0,0,0,0,0.0,0.0,0.0,0,0,0,0,1,0,0,1,1,1,0,2,65,5,0,0,0,0,1,0,0,2.0,0.0003266448903406,0.5,0.0466635557629491,0,,multi_full_20260502_195223_0001,2026-05-02T20:01:00.752319,https://www.expediagroup.com/pt-br/,https://www.expediagroup.com/,False,https://www.expediagroup.com/pt-br/,https://www.expediagroup.com/,https://www.expediagroup.com/pt-br/,recon_page,2026-05-02T20:01:00.766145,0,0,0,0,0,0,0,0,0,0,0,0,0,0,0,0,0,0,0,0,0,0,0,0,0,0,0,0,0,0,0,0,0,0,0,0,0,0,0,0,0,0
95,1,8,0,0,0,0,1,0,20,0,com,404,4,1286,256.401,0,0,15,1,cloudflare,0,html,0,0,0,1,4,0,1,1,0,1,0,0,0,0,0,0,0,0,0,0,0,0,0,0,0,0,0,0,0,0,0,0,0,1,3,2,1,1,1,1,1,1,1,0,0,0,1,0,0,0,0,1,0,0,0,0,0,1,0,0,1,1,0,0,0,0,0,0,0,0,0,0,0.0,0.0,0.0,0,0,0,0,0,0,0,0,0,0,0,0,3,0,0,0,0,0,1,0,0,0.0,0.0,0.5,0.0,0,,multi_full_20260502_195223_0001,2026-05-02T20:01:03.622478,https://www.expediagroup.com/content/dam/unified/partner/images/logos/partner/hertz-logo@2x.png,https://www.expediagroup.com/,False,https://www.expediagroup.com/content/dam/unified/partner/images/logos/partner/hertz-logo@2x.png,https://www.expediagroup.com/,https://www.expediagroup.com/content/dam/unified/partner/images/logos/partner/hertz-logo@2x.png,recon_page,2026-05-02T20:01:03.627950,0,0,0,0,0,0,0,0,0,0,0,0,0,0,0,0,0,0,0,0,0,0,0,0,0,0,0,0,0,0,0,0,0,0,0,0,0,0,0,0,0,0
72,1,3,0,0,0,0,1,0,20,0,com,404,4,64290,477.592,0,0,14,1,cloudflare,0,html,0,0,0,1,4,0,1,1,0,1,1,1,1,2,0,0,1,2,0,0,0,0,0,0,0,0,0,0,1,21,8,9,4,1,157,141,16,1,7,1,6,1,7,1,1,2,1,0,0,0,0,1,0,0,0,0,0,1,0,0,1,1,0,0,0,0,0,0,0,0,0,0,0.0,0.0,0.0,0,0,0,0,1,0,0,1,1,1,0,2,65,5,0,0,0,0,1,0,0,2.0,0.0003266448903406,0.5,0.0466635557629491,0,,multi_full_20260502_195223_0001,2026-05-02T20:01:06.246744,https://www.expediagroup.com/en-us/partner-support/website-terms-of-use/,https://www.expediagroup.com/,False,https://www.expediagroup.com/en-us/partner-support/website-terms-of-use/,https://www.expediagroup.com/,https://www.expediagroup.com/en-us/partner-support/website-terms-of-use/,recon_page,2026-05-02T20:01:06.257164,0,0,0,0,0,0,0,0,0,0,0,0,0,0,0,0,0,0,0,0,0,0,0,0,0,0,0,0,0,0,0,0,0,0,0,0,0,0,0,0,0,0
74,1,3,0,0,0,0,1,0,20,0,com,404,4,64290,598.194,0,0,14,1,cloudflare,0,html,0,0,0,1,4,0,1,1,0,1,1,1,1,2,0,0,1,2,0,0,0,0,0,0,0,0,0,0,1,21,8,9,4,1,157,141,16,1,7,1,6,1,7,1,1,2,1,0,0,0,0,1,0,0,0,0,0,1,0,0,1,1,0,0,0,0,0,0,0,0,0,0,0.0,0.0,0.0,0,0,0,0,1,0,0,1,1,1,0,2,65,5,0,0,0,0,1,0,0,2.0,0.0003266448903406,0.5,0.0466635557629491,0,,multi_full_20260502_195223_0001,2026-05-02T20:01:11.880731,https://www.expediagroup.com/en-us/solutions/build-your-travel-experience/,https://www.expediagroup.com/,False,https://www.expediagroup.com/en-us/solutions/build-your-travel-experience/,https://www.expediagroup.com/,https://www.expediagroup.com/en-us/solutions/build-your-travel-experience/,recon_page,2026-05-02T20:01:11.888443,0,0,0,0,0,0,0,0,0,0,0,0,0,0,0,0,0,0,0,0,0,0,0,0,0,0,0,0,0,0,0,0,0,0,0,0,0,0,0,0,0,0
102,1,8,0,0,0,0,1,0,20,0,com,404,4,1286,393.078,0,0,15,1,cloudflare,0,html,0,0,0,1,4,0,1,1,0,1,0,0,0,0,0,0,0,0,0,0,0,0,0,0,0,0,0,0,0,0,0,0,0,1,3,2,1,1,1,1,1,1,1,0,0,0,1,0,0,0,0,1,0,0,0,0,0,1,0,0,1,1,0,0,0,0,0,0,0,0,0,0,0.0,0.0,0.0,0,0,0,0,0,0,0,0,0,0,0,0,3,0,0,0,0,0,1,0,0,0.0,0.0,0.5,0.0,0,,multi_full_20260502_195223_0001,2026-05-02T20:01:12.296438,https://www.expediagroup.com/content/dam/unified/partner/images/logos/partner/visit-greece-logo-2x.png,https://www.expediagroup.com/,False,https://www.expediagroup.com/content/dam/unified/partner/images/logos/partner/visit-greece-logo-2x.png,https://www.expediagroup.com/,https://www.expediagroup.com/content/dam/unified/partner/images/logos/partner/visit-greece-logo-2x.png,recon_page,2026-05-02T20:01:12.303913,0,0,0,0,0,0,0,0,0,0,0,0,0,0,0,0,0,0,0,0,0,0,0,0,0,0,0,0,0,0,0,0,0,0,0,0,0,0,0,0,0,0
83,1,4,0,0,0,0,1,0,20,0,com,404,4,64290,331.73900000000003,0,0,14,1,cloudflare,0,html,0,0,0,1,4,0,1,1,0,1,1,1,1,2,0,0,1,2,0,0,0,0,0,0,0,0,0,0,1,21,8,9,4,1,157,141,16,1,7,1,6,1,7,1,1,2,1,0,0,0,0,1,0,0,0,0,0,1,0,0,1,1,0,0,0,0,0,0,0,0,0,0,0.0,0.0,0.0,0,0,0,0,1,0,0,1,1,1,0,2,65,5,0,0,0,0,1,0,0,2.0,0.0003266448903406,0.5,0.0466635557629491,0,,multi_full_20260502_195223_0001,2026-05-02T20:01:14.558020,https://www.expediagroup.com/en-us/solutions/advertise-with-us/display-advertising/,https://www.expediagroup.com/,False,https://www.expediagroup.com/en-us/solutions/advertise-with-us/display-advertising/,https://www.expediagroup.com/,https://www.expediagroup.com/en-us/solutions/advertise-with-us/display-advertising/,recon_page,2026-05-02T20:01:14.565095,0,0,0,0,0,0,0,0,0,0,0,0,0,0,0,0,0,0,0,0,0,0,0,0,0,0,0,0,0,0,0,0,0,0,0,0,0,0,0,0,0,0
95,1,8,0,0,0,0,1,0,20,0,com,404,4,1286,571.903,0,0,15,1,cloudflare,0,html,0,0,0,1,4,0,1,1,0,1,0,0,0,0,0,0,0,0,0,0,0,0,0,0,0,0,0,0,0,0,0,0,0,1,3,2,1,1,1,1,1,1,1,0,0,0,1,0,0,0,0,1,0,0,0,0,0,1,0,0,1,1,0,0,0,0,0,0,0,0,0,0,0.0,0.0,0.0,0,0,0,0,0,0,0,0,0,0,0,0,3,0,0,0,0,0,1,0,0,0.0,0.0,0.5,0.0,0,,multi_full_20260502_195223_0001,2026-05-02T20:01:15.489247,https://www.expediagroup.com/content/dam/unified/partner/images/logos/partner/accor-logo@2x.png,https://www.expediagroup.com/,False,https://www.expediagroup.com/content/dam/unified/partner/images/logos/partner/accor-logo@2x.png,https://www.expediagroup.com/,https://www.expediagroup.com/content/dam/unified/partner/images/logos/partner/accor-logo@2x.png,recon_page,2026-05-02T20:01:15.497033,0,0,0,0,0,0,0,0,0,0,0,0,0,0,0,0,0,0,0,0,0,0,0,0,0,0,0,0,0,0,0,0,0,0,0,0,0,0,0,0,0,0
53,1,3,0,0,0,0,1,0,20,0,com,404,4,64290,609.881,0,0,14,1,cloudflare,0,html,0,0,0,1,4,0,1,1,0,1,1,1,1,2,0,0,1,2,0,0,0,0,0,0,0,0,0,0,1,21,8,9,4,1,157,141,16,1,7,1,6,1,7,1,1,2,1,0,0,0,0,1,0,0,0,0,0,1,0,0,1,1,0,0,0,0,0,0,0,0,0,0,0.0,0.0,0.0,0,0,0,0,1,0,0,1,1,1,0,2,65,5,0,0,0,0,1,0,0,2.0,0.0003266448903406,0.5,0.0466635557629491,0,,multi_full_20260502_195223_0001,2026-05-02T20:01:16.181186,https://www.expediagroup.com/en-us/industries/hotels/,https://www.expediagroup.com/,False,https://www.expediagroup.com/en-us/industries/hotels/,https://www.expediagroup.com/,https://www.expediagroup.com/en-us/industries/hotels/,recon_page,2026-05-02T20:01:16.186801,0,0,0,0,0,0,0,0,0,0,0,0,0,0,0,0,0,0,0,0,0,0,0,0,0,0,0,0,0,0,0,0,0,0,0,0,0,0,0,0,0,0
194,1,14,0,0,0,0,1,0,20,0,com,404,4,1286,385.564,0,0,15,1,cloudflare,0,html,0,0,0,1,4,0,1,1,0,1,0,0,0,0,0,0,0,0,0,0,0,0,0,0,0,0,0,0,0,0,0,0,0,1,3,2,1,1,1,1,1,1,1,0,0,0,1,0,0,0,0,1,0,0,0,0,0,1,0,0,1,1,0,0,0,0,0,0,0,0,0,0,0.0,0.0,0.0,0,0,0,0,0,0,0,0,0,0,0,0,3,0,0,0,0,0,1,0,0,0.0,0.0,0.5,0.0,0,,multi_full_20260502_195223_0001,2026-05-02T20:01:18.809087,https://www.expediagroup.com/content/experience-fragments/unified/partner/live-copies/en-us/global-footer/master/_jcr_content/root/footer_container/logo.coreimg.svg/1770315987975/footer-logo.svg,https://www.expediagroup.com/,False,https://www.expediagroup.com/content/experience-fragments/unified/partner/live-copies/en-us/global-footer/master/_jcr_content/root/footer_container/logo.coreimg.svg/1770315987975/footer-logo.svg,https://www.expediagroup.com/,https://www.expediagroup.com/content/experience-fragments/unified/partner/live-copies/en-us/global-footer/master/_jcr_content/root/footer_container/logo.coreimg.svg/1770315987975/footer-logo.svg,recon_page,2026-05-02T20:01:18.814603,0,0,0,0,0,0,0,0,0,0,0,0,0,0,0,0,0,0,0,0,0,0,0,0,0,0,0,0,0,0,0,0,0,0,0,0,0,0,0,0,0,0
238,1,16,0,0,0,0,1,0,20,0,com,404,4,1286,658.5680000000001,0,0,15,1,cloudflare,0,html,0,0,0,1,4,0,1,1,0,1,0,0,0,0,0,0,0,0,0,0,0,0,0,0,0,0,0,0,0,0,0,0,0,1,3,2,1,1,1,1,1,1,1,0,0,0,1,0,0,0,0,1,0,0,0,0,0,1,0,0,1,1,0,0,0,0,0,0,0,0,0,0,0.0,0.0,0.0,0,0,0,0,0,0,0,0,0,0,0,0,3,0,0,0,0,0,1,0,0,0.0,0.0,0.5,0.0,0,,multi_full_20260502_195223_0001,2026-05-02T20:01:21.161634,https://www.expediagroup.com/content/experience-fragments/unified/partner/live-copies/en-us/global-footer/master/_jcr_content/root/footer_container/third-group/container_copy/image_copy_135314236.coreimg.svg/1747427938740/x-logo-white.svg,https://www.expediagroup.com/,False,https://www.expediagroup.com/content/experience-fragments/unified/partner/live-copies/en-us/global-footer/master/_jcr_content/root/footer_container/third-group/container_copy/image_copy_135314236.coreimg.svg/1747427938740/x-logo-white.svg,https://www.expediagroup.com/,https://www.expediagroup.com/content/experience-fragments/unified/partner/live-copies/en-us/global-footer/master/_jcr_content/root/footer_container/third-group/container_copy/image_copy_135314236.coreimg.svg/1747427938740/x-logo-white.svg,recon_page,2026-05-02T20:01:21.165243,0,0,0,0,0,0,0,0,0,0,0,0,0,0,0,0,0,0,0,0,0,0,0,0,0,0,0,0,0,0,0,0,0,0,0,0,0,0,0,0,0,0
45,1,2,0,0,0,0,1,0,20,0,com,404,4,64290,334.15099999999995,0,0,14,1,cloudflare,0,html,0,0,0,1,4,0,1,1,0,1,1,1,1,2,0,0,1,2,0,0,0,0,0,0,0,0,0,0,1,21,8,9,4,1,157,141,16,1,7,1,6,1,7,1,1,2,1,0,0,0,0,1,0,0,0,0,0,1,0,0,1,1,0,0,0,0,0,0,0,0,0,0,0.0,0.0,0.0,0,0,0,0,1,0,0,1,1,1,0,2,65,5,0,0,0,0,1,0,0,2.0,0.0003266448903406,0.5,0.0466635557629491,0,,multi_full_20260502_195223_0001,2026-05-02T20:01:23.881575,https://www.expediagroup.com/en-us/resources/,https://www.expediagroup.com/,False,https://www.expediagroup.com/en-us/resources/,https://www.expediagroup.com/,https://www.expediagroup.com/en-us/resources/,recon_page,2026-05-02T20:01:23.888307,0,0,0,0,0,0,0,0,0,0,0,0,0,0,0,0,0,0,0,0,0,0,0,0,0,0,0,0,0,0,0,0,0,0,0,0,0,0,0,0,0,0
58,1,3,0,0,0,0,1,0,20,0,com,404,4,64290,476.924,0,0,14,1,cloudflare,0,html,0,0,0,1,4,0,1,1,0,1,1,1,1,2,0,0,1,2,0,0,0,0,0,0,0,0,0,0,1,21,8,9,4,1,157,141,16,1,7,1,6,1,7,1,1,2,1,0,0,0,0,1,0,0,0,0,0,1,0,0,1,1,0,0,0,0,0,0,0,0,0,0,0.0,0.0,0.0,0,0,0,0,1,0,0,1,1,1,0,2,65,5,0,0,0,0,1,0,0,2.0,0.0003266448903406,0.5,0.0466635557629491,0,,multi_full_20260502_195223_0001,2026-05-02T20:01:24.209033,https://www.expediagroup.com/en-us/industries/car-rentals/,https://www.expediagroup.com/,False,https://www.expediagroup.com/en-us/industries/car-rentals/,https://www.expediagroup.com/,https://www.expediagroup.com/en-us/industries/car-rentals/,recon_page,2026-05-02T20:01:24.235317,0,0,0,0,0,0,0,0,0,0,0,0,0,0,0,0,0,0,0,0,0,0,0,0,0,0,0,0,0,0,0,0,0,0,0,0,0,0,0,0,0,0
97,1,8,0,0,0,0,1,0,20,0,com,404,4,1286,284.339,0,0,15,1,cloudflare,0,html,0,0,0,1,4,0,1,1,0,1,0,0,0,0,0,0,0,0,0,0,0,0,0,0,0,0,0,0,0,0,0,0,0,1,3,2,1,1,1,1,1,1,1,0,0,0,1,0,0,0,0,1,0,0,0,0,0,1,0,0,1,1,0,0,0,0,0,0,0,0,0,0,0.0,0.0,0.0,0,0,0,0,0,0,0,0,0,0,0,0,3,0,0,0,0,0,1,0,0,0.0,0.0,0.5,0.0,0,,multi_full_20260502_195223_0001,2026-05-02T20:01:24.842517,https://www.expediagroup.com/content/dam/unified/partner/images/iconography/system/hotel-blue.svg,https://www.expediagroup.com/,False,https://www.expediagroup.com/content/dam/unified/partner/images/iconography/system/hotel-blue.svg,https://www.expediagroup.com/,https://www.expediagroup.com/content/dam/unified/partner/images/iconography/system/hotel-blue.svg,recon_page,2026-05-02T20:01:24.847123,0,0,0,0,0,0,0,0,0,0,0,0,0,0,0,0,0,0,0,0,0,0,0,0,0,0,0,0,0,0,0,0,0,0,0,0,0,0,0,0,0,0
101,1,8,0,0,0,0,1,0,20,0,com,404,4,1286,339.093,0,0,15,1,cloudflare,0,html,0,0,0,1,4,0,1,1,0,1,0,0,0,0,0,0,0,0,0,0,0,0,0,0,0,0,0,0,0,0,0,0,0,1,3,2,1,1,1,1,1,1,1,0,0,0,1,0,0,0,0,1,0,0,0,0,0,1,0,0,1,1,0,0,0,0,0,0,0,0,0,0,0.0,0.0,0.0,0,0,0,0,0,0,0,0,0,0,0,0,3,0,0,0,0,0,1,0,0,0.0,0.0,0.5,0.0,0,,multi_full_20260502_195223_0001,2026-05-02T20:01:26.772969,https://www.expediagroup.com/content/dam/unified/partner/images/logos/partner/mgm-resorts-logo@2x.png,https://www.expediagroup.com/,False,https://www.expediagroup.com/content/dam/unified/partner/images/logos/partner/mgm-resorts-logo@2x.png,https://www.expediagroup.com/,https://www.expediagroup.com/content/dam/unified/partner/images/logos/partner/mgm-resorts-logo@2x.png,recon_page,2026-05-02T20:01:26.791171,0,0,0,0,0,0,0,0,0,0,0,0,0,0,0,0,0,0,0,0,0,0,0,0,0,0,0,0,0,0,0,0,0,0,0,0,0,0,0,0,0,0
57,1,3,0,0,0,0,1,0,20,0,com,404,4,64290,289.918,0,0,14,1,cloudflare,0,html,0,0,0,1,4,0,1,1,0,1,1,1,1,2,0,0,1,2,0,0,0,0,0,0,0,0,0,0,1,21,8,9,4,1,157,141,16,1,7,1,6,1,7,1,1,2,1,0,0,0,0,1,0,0,0,0,0,1,0,0,1,1,0,0,0,0,0,0,0,0,0,0,0.0,0.0,0.0,0,0,0,0,1,0,0,1,1,1,0,2,65,5,0,0,0,0,1,0,0,2.0,0.0003266448903406,0.5,0.0466635557629491,0,,multi_full_20260502_195223_0001,2026-05-02T20:01:26.862397,https://www.expediagroup.com/en-us/industries/activities/,https://www.expediagroup.com/,False,https://www.expediagroup.com/en-us/industries/activities/,https://www.expediagroup.com/,https://www.expediagroup.com/en-us/industries/activities/,recon_page,2026-05-02T20:01:26.866350,0,0,0,0,0,0,0,0,0,0,0,0,0,0,0,0,0,0,0,0,0,0,0,0,0,0,0,0,0,0,0,0,0,0,0,0,0,0,0,0,0,0
93,1,8,0,0,0,0,1,0,20,0,com,404,4,1286,308.586,0,0,15,1,cloudflare,0,html,0,0,0,1,4,0,1,1,0,1,0,0,0,0,0,0,0,0,0,0,0,0,0,0,0,0,0,0,0,0,0,0,0,1,3,2,1,1,1,1,1,1,1,0,0,0,1,0,0,0,0,1,0,0,0,0,0,1,0,0,1,1,0,0,0,0,0,0,0,0,0,0,0.0,0.0,0.0,0,0,0,0,0,0,0,0,0,0,0,0,3,0,0,0,0,0,1,0,0,0.0,0.0,0.5,0.0,0,,multi_full_20260502_195223_0001,2026-05-02T20:01:29.001499,https://www.expediagroup.com/content/dam/unified/partner/images/logos/partner/abg-logo@2x.png,https://www.expediagroup.com/,False,https://www.expediagroup.com/content/dam/unified/partner/images/logos/partner/abg-logo@2x.png,https://www.expediagroup.com/,https://www.expediagroup.com/content/dam/unified/partner/images/logos/partner/abg-logo@2x.png,recon_page,2026-05-02T20:01:29.009477,0,0,0,0,0,0,0,0,0,0,0,0,0,0,0,0,0,0,0,0,0,0,0,0,0,0,0,0,0,0,0,0,0,0,0,0,0,0,0,0,0,0
111,1,8,0,0,0,0,1,0,20,0,com,404,4,1286,321.383,0,0,15,1,cloudflare,0,html,0,0,0,1,4,0,1,1,0,1,0,0,0,0,0,0,0,0,0,0,0,0,0,0,0,0,0,0,0,0,0,0,0,1,3,2,1,1,1,1,1,1,1,0,0,0,1,0,0,0,0,1,0,0,0,0,0,1,0,0,1,1,0,0,0,0,0,0,0,0,0,0,0.0,0.0,0.0,0,0,0,0,0,0,0,0,0,0,0,0,3,0,0,0,0,0,1,0,0,0.0,0.0,0.5,0.0,0,,multi_full_20260502_195223_0001,2026-05-02T20:01:31.456120,https://www.expediagroup.com/content/dam/unified/partner/images/logos/partner/excellence-collection-logo@2x.png,https://www.expediagroup.com/,False,https://www.expediagroup.com/content/dam/unified/partner/images/logos/partner/excellence-collection-logo@2x.png,https://www.expediagroup.com/,https://www.expediagroup.com/content/dam/unified/partner/images/logos/partner/excellence-collection-logo@2x.png,recon_page,2026-05-02T20:01:31.495037,0,0,0,0,0,0,0,0,0,0,0,0,0,0,0,0,0,0,0,0,0,0,0,0,0,0,0,0,0,0,0,0,0,0,0,0,0,0,0,0,0,0
100,1,8,0,0,0,0,1,0,20,0,com,404,4,1286,458.347,0,0,15,1,cloudflare,0,html,0,0,0,1,4,0,1,1,0,1,0,0,0,0,0,0,0,0,0,0,0,0,0,0,0,0,0,0,0,0,0,0,0,1,3,2,1,1,1,1,1,1,1,0,0,0,1,0,0,0,0,1,0,0,0,0,0,1,0,0,1,1,0,0,0,0,0,0,0,0,0,0,0.0,0.0,0.0,0,0,0,0,0,0,0,0,0,0,0,0,3,0,0,0,0,0,1,0,0,0.0,0.0,0.5,0.0,0,,multi_full_20260502_195223_0001,2026-05-02T20:01:32.233966,https://www.expediagroup.com/content/dam/unified/partner/images/logos/partner/enterprise-logo@2x.png,https://www.expediagroup.com/,False,https://www.expediagroup.com/content/dam/unified/partner/images/logos/partner/enterprise-logo@2x.png,https://www.expediagroup.com/,https://www.expediagroup.com/content/dam/unified/partner/images/logos/partner/enterprise-logo@2x.png,recon_page,2026-05-02T20:01:32.239733,0,0,0,0,0,0,0,0,0,0,0,0,0,0,0,0,0,0,0,0,0,0,0,0,0,0,0,0,0,0,0,0,0,0,0,0,0,0,0,0,0,0
62,1,3,0,0,0,0,1,0,20,0,com,404,4,64290,314.386,0,0,14,1,cloudflare,0,html,0,0,0,1,4,0,1,1,0,1,1,1,1,2,0,0,1,2,0,0,0,0,0,0,0,0,0,0,1,21,8,9,4,1,157,141,16,1,7,1,6,1,7,1,1,2,1,0,0,0,0,1,0,0,0,0,0,1,0,0,1,1,0,0,0,0,0,0,0,0,0,0,0.0,0.0,0.0,0,0,0,0,1,0,0,1,1,1,0,2,65,5,0,0,0,0,1,0,0,2.0,0.0003266448903406,0.5,0.0466635557629491,0,,multi_full_20260502_195223_0001,2026-05-02T20:01:33.719281,https://www.expediagroup.com/en-us/industries/travel-agencies/,https://www.expediagroup.com/,False,https://www.expediagroup.com/en-us/industries/travel-agencies/,https://www.expediagroup.com/,https://www.expediagroup.com/en-us/industries/travel-agencies/,recon_page,2026-05-02T20:01:33.722834,0,0,0,0,0,0,0,0,0,0,0,0,0,0,0,0,0,0,0,0,0,0,0,0,0,0,0,0,0,0,0,0,0,0,0,0,0,0,0,0,0,0
104,1,8,0,0,0,0,1,0,20,0,com,404,4,1286,340.857,0,0,15,1,cloudflare,0,html,0,0,0,1,4,0,1,1,0,1,0,0,0,0,0,0,0,0,0,0,0,0,0,0,0,0,0,0,0,0,0,0,0,1,3,2,1,1,1,1,1,1,1,0,0,0,1,0,0,0,0,1,0,0,0,0,0,1,0,0,1,1,0,0,0,0,0,0,0,0,0,0,0.0,0.0,0.0,0,0,0,0,0,0,0,0,0,0,0,0,3,0,0,0,0,0,1,0,0,0.0,0.0,0.5,0.0,0,,multi_full_20260502_195223_0001,2026-05-02T20:01:35.263364,https://www.expediagroup.com/content/dam/unified/partner/images/logos/partner/tesco-clubcard-logo@2x.png,https://www.expediagroup.com/,False,https://www.expediagroup.com/content/dam/unified/partner/images/logos/partner/tesco-clubcard-logo@2x.png,https://www.expediagroup.com/,https://www.expediagroup.com/content/dam/unified/partner/images/logos/partner/tesco-clubcard-logo@2x.png,recon_page,2026-05-02T20:01:35.267308,0,0,0,0,0,0,0,0,0,0,0,0,0,0,0,0,0,0,0,0,0,0,0,0,0,0,0,0,0,0,0,0,0,0,0,0,0,0,0,0,0,0
85,1,4,0,0,0,0,1,0,20,0,com,404,4,64290,425.739,0,0,14,1,cloudflare,0,html,0,0,0,1,4,0,1,1,0,1,1,1,1,2,0,0,1,2,0,0,0,0,0,0,0,0,0,0,1,21,8,9,4,1,157,141,16,1,7,1,6,1,7,1,1,2,1,0,0,0,0,1,0,0,0,0,0,1,0,0,1,1,0,0,0,0,0,0,0,0,0,0,0.0,0.0,0.0,0,0,0,0,1,0,0,1,1,1,0,2,65,5,0,0,0,0,1,0,0,2.0,0.0003266448903406,0.5,0.0466635557629491,0,,multi_full_20260502_195223_0001,2026-05-02T20:01:36.568634,https://www.expediagroup.com/en-us/resources/podcast/ariane-gorin-2024-travel-trends/,https://www.expediagroup.com/,False,https://www.expediagroup.com/en-us/resources/podcast/ariane-gorin-2024-travel-trends/,https://www.expediagroup.com/,https://www.expediagroup.com/en-us/resources/podcast/ariane-gorin-2024-travel-trends/,recon_page,2026-05-02T20:01:36.572048,0,0,0,0,0,0,0,0,0,0,0,0,0,0,0,0,0,0,0,0,0,0,0,0,0,0,0,0,0,0,0,0,0,0,0,0,0,0,0,0,0,0
107,1,8,0,0,0,0,1,0,20,0,com,404,4,1286,355.372,0,0,15,1,cloudflare,0,html,0,0,0,1,4,0,1,1,0,1,0,0,0,0,0,0,0,0,0,0,0,0,0,0,0,0,0,0,0,0,0,0,0,1,3,2,1,1,1,1,1,1,1,0,0,0,1,0,0,0,0,1,0,0,0,0,0,1,0,0,1,1,0,0,0,0,0,0,0,0,0,0,0.0,0.0,0.0,0,0,0,0,0,0,0,0,0,0,0,0,3,0,0,0,0,0,1,0,0,0.0,0.0,0.5,0.0,0,,multi_full_20260502_195223_0001,2026-05-02T20:01:37.216884,https://www.expediagroup.com/content/dam/unified/partner/images/logos/partner/hawaiian-airlines-logo@2x.png,https://www.expediagroup.com/,False,https://www.expediagroup.com/content/dam/unified/partner/images/logos/partner/hawaiian-airlines-logo@2x.png,https://www.expediagroup.com/,https://www.expediagroup.com/content/dam/unified/partner/images/logos/partner/hawaiian-airlines-logo@2x.png,recon_page,2026-05-02T20:01:37.220077,0,0,0,0,0,0,0,0,0,0,0,0,0,0,0,0,0,0,0,0,0,0,0,0,0,0,0,0,0,0,0,0,0,0,0,0,0,0,0,0,0,0
101,1,8,0,0,0,0,1,0,20,0,com,404,4,1286,495.32,0,0,15,1,cloudflare,0,html,0,0,0,1,4,0,1,1,0,1,0,0,0,0,0,0,0,0,0,0,0,0,0,0,0,0,0,0,0,0,0,0,0,1,3,2,1,1,1,1,1,1,1,0,0,0,1,0,0,0,0,1,0,0,0,0,0,1,0,0,1,1,0,0,0,0,0,0,0,0,0,0,0.0,0.0,0.0,0,0,0,0,0,0,0,0,0,0,0,0,3,0,0,0,0,0,1,0,0,0.0,0.0,0.5,0.0,0,,multi_full_20260502_195223_0001,2026-05-02T20:01:37.225341,https://www.expediagroup.com/content/dam/unified/partner/images/iconography/system/local-activity.svg,https://www.expediagroup.com/,False,https://www.expediagroup.com/content/dam/unified/partner/images/iconography/system/local-activity.svg,https://www.expediagroup.com/,https://www.expediagroup.com/content/dam/unified/partner/images/iconography/system/local-activity.svg,recon_page,2026-05-02T20:01:37.228776,0,0,0,0,0,0,0,0,0,0,0,0,0,0,0,0,0,0,0,0,0,0,0,0,0,0,0,0,0,0,0,0,0,0,0,0,0,0,0,0,0,0
29,1,0,0,0,0,0,1,0,0,0,0,0,0,0,0,0,0,0,0,0,0,0,0,0,0,0,0,0,0,0,0,0,0,0,0,0,0,0,0,0,0,0,0,0,0,0,0,0,0,0,0,0,0,0,0,0,0,0,0,0,0,0,0,0,0,0,0,0,0,0,0,0,0,0,0,0,0,0,0,0,0,0,0,0,0,0,0,0,0,0,0,0,0,0,0,0,0,0,0,0,0,0,0,0,0,0,0,0,0,0,0,0,0,0,0,0,0,0,0,0,0,0,0,0,multi_full_20260502_195223_0001,2026-05-02T19:52:26.767170,0,0,0,0,https://www.expediagroup.com/,,vulnerability_summary,2026-05-02T20:01:41.430880,https://www.expediagroup.com/,www.expediagroup.com,0,0,0,0,0,0,0.0,0,0,0,0,0,0,0.0,0.0,0.0,0,multi_target=1|pages=190|params=1|recon_params=0|subdomains=3|endpoints=128884|crawl=1|pwntraverse=0,20,5,0,0,0,194,0,1,0,0,0,5,5453,0,0.0,0.0,0.75,0.0,0.0,0,0.0,0
