url_length,has_https,path_depth,has_query_params,num_query_params,has_fragment,has_port,subdomain_count,is_ip_address,domain_length,domain_has_hyphens,domain_tld,status_code,status_category,response_size,response_time_ms,is_redirect,redirect_chain_len,total_headers,server_header_present,server_header,x_powered_by_present,content_type,has_cookies,num_cookies,has_cors,cache_control,security_headers_count,has_csp,has_hsts,has_xss_protection,has_frame_options,has_content_type_options,has_forms,form_count,has_inputs,input_count,has_password_input,password_count,has_hidden_input,hidden_count,has_file_upload,file_upload_count,has_search_input,search_count,has_buttons,button_count,has_textarea,textarea_count,has_select,select_count,has_scripts,script_count,inline_script_count,internal_script_count,external_script_count,has_links,link_count,internal_link_count,external_link_count,has_images,image_count,has_meta_tags,meta_count,has_stylesheets,stylesheet_count,has_javascript,has_comments,comment_count,has_title,server_apache,server_nginx,server_iis,tech_php,tech_aspnet,tech_jsp,tech_wordpress,tech_drupal,tech_joomla,has_debug_info,has_error_messages,has_sql_errors,has_file_paths,has_waf,waf_cloudflare,waf_aws,waf_imperva,reflection_detected,csp_header_reflection_detected,has_jwt,jwt_count,has_api_keys,api_key_count,cookie_count,session_cookies,secure_cookie_ratio,httponly_cookie_ratio,samesite_cookie_ratio,redirect_count,has_redirect_chain,final_https,get_form_count,post_form_count,has_login_form,login_form_count,csrf_token_input_count,has_csrf_token,same_origin_form_count,external_form_count,unique_input_names,unique_endpoint_count,parameterized_link_count,api_like_endpoint_count,inline_event_handler_count,email_input_count,url_input_count,mailto_link_count,tel_link_count,body_truncated_for_analysis,input_to_form_ratio,script_to_content_ratio,security_score,interactivity_score,is_vulnerable,vulnerability_type,scan_id,timestamp,target_url,original_url,is_redirect_response,final_url,target_root,page_url,dataset_record_type,saved_at
22,0,0,0,0,0,0,1,0,14,0,com,301,3,0,781.0279999999999,1,1,18,1,nginx,0,html,0,0,0,0,4,0,0,1,1,1,0,0,0,0,0,0,0,0,0,0,0,0,0,0,0,0,0,0,0,0,0,0,0,0,0,0,0,0,0,0,0,0,0,0,0,0,0,0,1,0,0,0,0,0,0,0,0,0,0,0,0,0,0,0,0,0,0,0,0,0,0,0,0.0,0.0,0.0,0,0,0,0,0,0,0,0,0,0,0,0,0,0,0,0,0,0,0,0,0,0.0,0.0,0.5,0.0,0,,multi_full_20260502_195038_0001,2026-05-02T19:50:41.004860,http://www.sidefx.com/,http://www.sidefx.com/,True,http://www.sidefx.com/,http://www.sidefx.com/,http://www.sidefx.com/,recon_redirect_hop,2026-05-02T19:50:41.013591
23,1,0,0,0,0,0,1,0,14,0,com,200,2,68922,871.275,1,2,20,1,nginx,0,html,1,1,0,0,5,0,1,1,1,1,1,3,1,9,1,1,1,3,0,0,1,1,1,5,0,0,1,1,1,25,8,14,3,1,175,162,13,1,7,1,7,1,6,1,1,8,1,0,1,0,0,0,0,0,0,0,0,1,0,1,0,0,0,0,0,0,0,0,0,0,1,0,1.0,1.0,1.0,1,1,0,1,2,1,1,2,1,3,0,6,170,5,0,0,0,0,0,0,0,3.0,0.00036272888192449436,0.625,0.24665563970865617,0,,multi_full_20260502_195038_0001,2026-05-02T19:50:42.146736,https://www.sidefx.com/,http://www.sidefx.com/,True,https://www.sidefx.com/,http://www.sidefx.com/,https://www.sidefx.com/,recon_redirect_hop,2026-05-02T19:50:42.149070
23,1,0,0,0,0,0,1,0,14,0,com,200,2,68922,871.275,0,4,20,1,nginx,0,html,1,1,0,0,5,0,1,1,1,1,1,3,1,9,1,1,1,3,0,0,1,1,1,5,0,0,1,1,1,25,8,14,3,1,175,162,13,1,7,1,7,1,6,1,1,8,1,0,1,0,0,0,0,0,0,0,0,1,0,1,0,0,0,0,0,0,0,0,0,0,1,0,1.0,1.0,1.0,3,1,1,1,2,1,1,2,1,3,0,6,170,5,0,0,0,0,0,0,0,3.0,0.00036272888192449436,0.625,0.24665563970865617,0,,multi_full_20260502_195038_0001,2026-05-02T19:50:42.231529,https://www.sidefx.com/,http://www.sidefx.com/,False,https://www.sidefx.com/,http://www.sidefx.com/,https://www.sidefx.com/,recon_page,2026-05-02T19:50:42.234170
23,1,0,0,0,0,0,1,0,14,0,com,200,2,68922,943.391,0,0,21,1,nginx,0,html,1,1,0,0,5,0,1,1,1,1,1,3,1,9,1,1,1,3,0,0,1,1,1,5,0,0,1,1,1,25,8,14,3,1,175,162,13,1,7,1,7,1,6,1,1,8,1,0,1,0,0,0,0,0,0,0,0,1,0,1,0,0,0,0,0,0,0,0,0,0,0,0,1.0,1.0,1.0,0,0,0,1,2,1,1,2,1,3,0,6,170,5,0,0,0,0,0,0,0,3.0,0.00036272888192449436,0.625,0.24665563970865617,0,,multi_full_20260502_195038_0001,2026-05-02T19:51:40.817775,https://www.sidefx.com/,https://www.sidefx.com/,False,https://www.sidefx.com/,https://www.sidefx.com/,https://www.sidefx.com/,recon_page,2026-05-02T19:51:40.820582
37,1,2,0,0,0,0,1,0,14,0,com,200,2,40012,292.631,0,0,20,1,nginx,0,html,1,1,0,0,5,0,1,1,1,1,1,3,1,9,1,1,1,3,0,0,1,1,1,5,0,0,1,1,1,17,8,7,2,1,134,119,15,1,21,1,7,1,3,1,1,7,1,0,1,0,1,0,0,0,0,0,0,1,0,0,0,0,0,0,0,0,0,0,0,0,0,0,1.0,1.0,1.0,0,0,0,1,2,1,1,2,1,3,0,6,115,6,0,3,0,0,1,0,0,3.0,0.0004248725382385284,0.625,0.42487253823852844,0,,multi_full_20260502_195038_0001,2026-05-02T19:51:42.806456,https://www.sidefx.com/company/press/,https://www.sidefx.com/,False,https://www.sidefx.com/company/press/,https://www.sidefx.com/,https://www.sidefx.com/company/press/,recon_page,2026-05-02T19:51:42.809866
49,1,2,0,0,0,0,1,0,14,0,com,200,2,45929,842.644,0,0,20,1,nginx,0,html,1,1,0,0,5,0,1,1,1,1,1,3,1,9,1,1,1,3,0,0,1,1,1,5,0,0,1,1,1,20,8,10,2,1,138,126,12,1,9,1,7,1,7,1,1,14,1,0,1,0,0,0,0,0,0,0,0,1,0,0,0,0,0,0,0,0,0,0,0,0,0,0,1.0,1.0,1.0,0,0,0,1,2,1,1,2,1,3,0,6,125,5,0,0,0,0,0,0,0,3.0,0.0004354547235951142,0.625,0.37013651505584705,0,,multi_full_20260502_195038_0001,2026-05-02T19:51:44.132773,https://www.sidefx.com/products/whats-new-in-h21/,https://www.sidefx.com/,False,https://www.sidefx.com/products/whats-new-in-h21/,https://www.sidefx.com/,https://www.sidefx.com/products/whats-new-in-h21/,recon_page,2026-05-02T19:51:44.139054
65,1,3,0,0,0,0,1,0,14,0,com,200,2,31158,846.23,0,0,21,1,nginx,0,html,1,1,0,0,5,0,1,1,1,1,1,3,1,9,1,1,1,3,0,0,1,1,1,5,0,0,1,1,1,16,8,6,2,1,107,97,10,1,6,1,7,1,2,1,1,7,1,0,1,0,0,0,0,0,0,0,0,1,0,0,0,0,0,0,0,0,0,0,0,0,0,0,1.0,1.0,1.0,0,0,0,1,2,1,1,2,1,3,0,6,105,3,0,0,0,0,0,0,0,3.0,0.0005135117786764234,0.625,0.5456062648436998,0,,multi_full_20260502_195038_0001,2026-05-02T19:51:44.214064,https://www.sidefx.com/learn/talks/familiar-obsessions-new-forms/,https://www.sidefx.com/,False,https://www.sidefx.com/learn/talks/familiar-obsessions-new-forms/,https://www.sidefx.com/,https://www.sidefx.com/learn/talks/familiar-obsessions-new-forms/,recon_page,2026-05-02T19:51:44.221238
47,1,2,0,0,0,0,1,0,14,0,com,200,2,40729,832.866,0,0,20,1,nginx,0,html,1,1,0,0,5,0,1,1,1,1,1,3,1,9,1,1,1,3,0,0,1,1,1,5,0,0,1,1,1,17,7,8,2,1,119,109,10,1,14,1,7,1,5,1,1,13,1,0,1,0,0,0,0,0,0,0,0,1,0,0,0,0,0,0,0,0,0,0,0,0,0,0,1.0,1.0,1.0,0,0,0,1,2,1,1,2,1,3,0,6,114,3,0,0,0,0,0,0,0,3.0,0.0004173930123499227,0.625,0.41739301234992265,0,,multi_full_20260502_195038_0001,2026-05-02T19:51:44.274567,https://www.sidefx.com/products/houdini-engine/,https://www.sidefx.com/,False,https://www.sidefx.com/products/houdini-engine/,https://www.sidefx.com/,https://www.sidefx.com/products/houdini-engine/,recon_page,2026-05-02T19:51:44.368290
50,1,3,0,0,0,0,1,0,14,0,com,200,2,31208,763.633,0,0,21,1,nginx,0,html,1,1,0,0,5,0,1,1,1,1,1,3,1,9,1,1,1,3,0,0,1,1,1,5,0,0,1,1,1,16,8,6,2,1,107,97,10,1,6,1,7,1,2,1,1,7,1,0,1,0,0,0,0,0,0,0,0,1,0,0,0,0,0,0,0,0,0,0,0,0,0,0,1.0,1.0,1.0,0,0,0,1,2,1,1,2,1,3,0,6,105,3,0,0,0,0,0,0,0,3.0,0.0005126890540886952,0.625,0.5447321199692386,0,,multi_full_20260502_195038_0001,2026-05-02T19:51:44.367860,https://www.sidefx.com/learn/talks/designed-chaos/,https://www.sidefx.com/,False,https://www.sidefx.com/learn/talks/designed-chaos/,https://www.sidefx.com/,https://www.sidefx.com/learn/talks/designed-chaos/,recon_page,2026-05-02T19:51:44.393497
51,1,2,0,0,0,0,1,0,14,0,com,200,2,50768,840.3159999999999,0,0,20,1,nginx,0,html,1,1,0,0,5,0,1,1,1,1,1,3,1,9,1,1,1,3,0,0,1,1,1,5,0,0,1,1,1,20,8,10,2,1,120,105,15,1,7,1,7,1,8,1,1,13,1,0,1,0,0,0,0,0,0,0,0,1,0,0,0,0,0,0,0,0,0,0,0,0,0,0,1.0,1.0,1.0,0,0,0,1,2,1,1,2,1,3,0,6,121,3,0,0,0,0,0,0,0,3.0,0.0003939489442168295,0.625,0.33485660258430505,0,,multi_full_20260502_195038_0001,2026-05-02T19:51:44.320801,https://www.sidefx.com/Support/system-requirements/,https://www.sidefx.com/,False,https://www.sidefx.com/Support/system-requirements/,https://www.sidefx.com/,https://www.sidefx.com/Support/system-requirements/,recon_page,2026-05-02T19:51:44.392274
53,1,3,0,0,0,0,1,0,14,0,com,200,2,204657,916.599,0,0,20,1,nginx,0,html,1,1,0,0,5,0,1,1,1,1,1,3,1,9,1,1,1,3,0,0,1,1,1,11,0,0,1,1,1,23,11,10,2,1,133,109,24,1,21,1,7,1,7,1,1,14,1,0,1,0,0,0,0,0,0,0,0,1,0,0,0,0,0,0,0,0,0,0,0,0,0,0,1.0,1.0,1.0,0,0,0,1,2,1,1,2,1,3,0,6,128,3,0,0,0,0,0,0,0,3.0,0.00011238315816219333,0.625,0.11238315816219333,0,,multi_full_20260502_195038_0001,2026-05-02T19:51:44.389110,https://www.sidefx.com/products/whats-new-in-h21/vfx/,https://www.sidefx.com/,False,https://www.sidefx.com/products/whats-new-in-h21/vfx/,https://www.sidefx.com/,https://www.sidefx.com/products/whats-new-in-h21/vfx/,recon_page,2026-05-02T19:51:44.395250
52,1,3,0,0,0,0,1,0,14,0,com,200,2,45146,846.463,0,0,20,1,nginx,0,html,1,1,0,0,5,0,1,1,1,1,1,3,1,9,1,1,1,3,0,0,1,1,1,5,0,0,1,1,1,20,8,10,2,1,123,113,10,1,13,1,7,1,7,1,1,17,1,0,1,0,0,0,0,0,0,0,0,1,0,0,0,0,0,0,0,0,0,0,0,0,0,0,1.0,1.0,1.0,0,0,0,1,2,1,1,2,1,3,0,6,117,3,0,0,0,0,0,0,0,3.0,0.0004430071324148319,0.625,0.3765560625526071,0,,multi_full_20260502_195038_0001,2026-05-02T19:51:44.498281,https://www.sidefx.com/Support/licensing/commercial/,https://www.sidefx.com/,False,https://www.sidefx.com/Support/licensing/commercial/,https://www.sidefx.com/,https://www.sidefx.com/Support/licensing/commercial/,recon_page,2026-05-02T19:51:44.561986
58,1,2,0,0,0,0,1,0,14,0,com,200,2,41274,783.141,0,0,21,1,nginx,0,html,1,1,0,0,5,0,1,1,1,1,1,3,1,9,1,1,1,3,0,0,1,1,1,6,0,0,1,1,1,21,11,8,2,1,117,107,10,1,7,1,7,1,3,1,1,19,1,0,1,0,1,0,0,0,0,0,0,1,0,0,0,0,0,0,0,0,0,0,0,0,0,0,1.0,1.0,1.0,0,0,0,1,2,1,1,2,1,3,0,6,114,3,0,0,0,0,0,0,0,3.0,0.000508794882977177,0.625,0.4361098996947231,0,,multi_full_20260502_195038_0001,2026-05-02T19:51:44.514624,https://www.sidefx.com/tutorials/usd-render-prims-in-lops/,https://www.sidefx.com/,False,https://www.sidefx.com/tutorials/usd-render-prims-in-lops/,https://www.sidefx.com/,https://www.sidefx.com/tutorials/usd-render-prims-in-lops/,recon_page,2026-05-02T19:51:44.551007
61,1,2,0,0,0,0,1,0,14,0,com,200,2,78784,890.046,0,0,21,1,nginx,0,html,1,1,0,0,5,0,1,1,1,1,1,14,1,152,1,1,1,113,0,0,1,1,1,17,1,11,1,1,1,21,11,8,2,1,143,132,11,1,18,1,7,1,3,1,1,19,1,0,1,0,1,0,0,0,0,0,0,1,0,0,0,0,0,0,0,0,0,0,0,0,0,0,1.0,1.0,1.0,0,0,0,1,13,1,12,13,1,14,0,17,146,4,0,0,0,0,0,0,0,10.857142857142858,0.0002665515840779854,0.625,2.322806661251015,0,,multi_full_20260502_195038_0001,2026-05-02T19:51:44.550606,https://www.sidefx.com/tutorials/loose-moose-character-build/,https://www.sidefx.com/,False,https://www.sidefx.com/tutorials/loose-moose-character-build/,https://www.sidefx.com/,https://www.sidefx.com/tutorials/loose-moose-character-build/,recon_page,2026-05-02T19:51:44.579649
39,1,2,0,0,0,0,1,0,14,0,com,200,2,116180,1042.668,0,0,20,1,nginx,0,html,1,1,0,0,5,0,1,1,1,1,1,3,1,9,1,1,1,3,0,0,1,1,1,7,0,0,1,1,1,22,9,10,3,1,112,102,10,1,10,1,7,1,8,1,1,12,1,0,1,0,0,0,0,0,0,0,0,1,0,0,0,0,0,0,0,0,0,0,0,0,0,0,1.0,1.0,1.0,0,0,0,1,2,1,1,2,1,3,0,6,115,3,0,0,0,0,0,0,0,3.0,0.00018936133585815114,0.625,0.1635393355138578,0,,multi_full_20260502_195038_0001,2026-05-02T19:51:44.619483,https://www.sidefx.com/company/careers/,https://www.sidefx.com/,False,https://www.sidefx.com/company/careers/,https://www.sidefx.com/,https://www.sidefx.com/company/careers/,recon_page,2026-05-02T19:51:44.644521
60,1,2,0,0,0,0,1,0,14,0,com,200,2,67208,885.565,0,0,21,1,nginx,0,html,1,1,0,0,5,0,1,1,1,1,1,8,1,74,1,1,1,53,0,0,1,1,1,11,1,5,1,1,1,21,11,8,2,1,128,118,10,1,12,1,7,1,3,1,1,19,1,0,1,0,1,0,0,0,0,0,0,1,0,0,0,0,0,0,0,0,0,0,0,0,0,0,1.0,1.0,1.0,0,0,0,1,7,1,6,7,1,8,0,17,129,3,0,0,0,0,0,0,0,9.25,0.0003124628020473753,0.625,1.3837638376383765,0,,multi_full_20260502_195038_0001,2026-05-02T19:51:44.644175,https://www.sidefx.com/tutorials/12-principles-of-animation/,https://www.sidefx.com/,False,https://www.sidefx.com/tutorials/12-principles-of-animation/,https://www.sidefx.com/,https://www.sidefx.com/tutorials/12-principles-of-animation/,recon_page,2026-05-02T19:51:44.653944
53,1,3,0,0,0,0,1,0,14,0,com,200,2,150506,534.9939999999999,0,0,20,1,nginx,0,html,1,1,0,0,5,0,1,1,1,1,1,3,1,9,1,1,1,3,0,0,1,1,1,9,0,0,1,1,1,22,10,10,2,1,131,108,23,1,20,1,7,1,7,1,1,14,1,0,1,0,0,0,0,0,0,0,0,1,0,0,0,0,0,0,0,0,0,0,0,0,0,0,1.0,1.0,1.0,0,0,0,1,2,1,1,2,1,3,0,6,126,3,0,0,0,0,0,0,0,3.0,0.0001461735744754362,0.625,0.1395293210901891,0,,multi_full_20260502_195038_0001,2026-05-02T19:51:50.144963,https://www.sidefx.com/products/whats-new-in-h21/cfx/,https://www.sidefx.com/,False,https://www.sidefx.com/products/whats-new-in-h21/cfx/,https://www.sidefx.com/,https://www.sidefx.com/products/whats-new-in-h21/cfx/,recon_page,2026-05-02T19:51:50.154673
40,1,2,0,0,0,0,1,0,14,0,com,200,2,70107,402.726,0,0,20,1,nginx,0,html,1,1,0,0,5,0,1,1,1,1,1,3,1,9,1,1,1,3,0,0,1,1,1,5,0,0,1,1,1,17,7,8,2,1,110,100,10,1,8,1,7,1,5,1,1,18,1,0,1,0,0,0,0,0,0,0,0,1,0,0,0,0,0,0,0,0,0,0,0,0,0,0,1.0,1.0,1.0,0,0,0,1,2,1,1,2,1,3,0,6,110,3,0,0,0,0,0,0,0,3.0,0.00024248648494444206,0.625,0.24248648494444208,0,,multi_full_20260502_195038_0001,2026-05-02T19:51:51.082385,https://www.sidefx.com/products/compare/,https://www.sidefx.com/,False,https://www.sidefx.com/products/compare/,https://www.sidefx.com/,https://www.sidefx.com/products/compare/,recon_page,2026-05-02T19:51:51.124341
101,1,2,0,0,0,0,1,0,14,0,com,200,2,41625,312.78099999999995,0,0,21,1,nginx,0,html,1,1,0,0,5,0,1,1,1,1,1,3,1,9,1,1,1,3,0,0,1,1,1,5,0,0,1,1,1,19,10,7,2,1,116,104,12,1,10,1,7,1,3,1,1,14,1,0,1,0,0,0,0,0,0,0,0,1,0,0,0,0,0,0,0,0,0,0,0,0,0,0,1.0,1.0,1.0,0,0,0,1,2,1,1,2,1,3,0,6,113,3,0,0,0,0,0,0,0,3.0,0.00045645645645645645,0.625,0.4084084084084084,0,,multi_full_20260502_195038_0001,2026-05-02T19:51:51.634777,https://www.sidefx.com/gallery/realistic-fire-simulation-in-houdini-205-axiom-karma-gpu-sim-render-1/,https://www.sidefx.com/,False,https://www.sidefx.com/gallery/realistic-fire-simulation-in-houdini-205-axiom-karma-gpu-sim-render-1/,https://www.sidefx.com/,https://www.sidefx.com/gallery/realistic-fire-simulation-in-houdini-205-axiom-karma-gpu-sim-render-1/,recon_page,2026-05-02T19:51:51.654470
56,1,2,0,0,0,0,1,0,14,0,com,200,2,35463,272.822,0,0,21,1,nginx,0,html,1,1,0,0,5,0,1,1,1,1,1,3,1,9,1,1,1,3,0,0,1,1,1,5,0,0,1,1,1,17,8,7,2,1,113,99,14,1,8,1,7,1,3,1,1,7,1,0,1,0,1,0,0,0,0,0,0,1,0,0,0,0,0,0,0,0,0,0,0,0,0,0,1.0,1.0,1.0,0,0,0,1,2,1,1,2,1,3,0,6,110,7,0,3,0,0,0,0,0,3.0,0.0004793728674956997,0.625,0.47937286749569974,0,,multi_full_20260502_195038_0001,2026-05-02T19:51:51.791438,https://www.sidefx.com/community/ignite-workshop-london/,https://www.sidefx.com/,False,https://www.sidefx.com/community/ignite-workshop-london/,https://www.sidefx.com/,https://www.sidefx.com/community/ignite-workshop-london/,recon_page,2026-05-02T19:51:51.795668
39,1,2,0,0,0,0,1,0,14,0,com,200,2,38231,300.86899999999997,0,0,20,1,nginx,0,html,1,1,0,0,5,0,1,1,1,1,1,3,1,9,1,1,1,3,0,0,1,1,1,5,0,0,1,1,1,20,8,10,2,1,115,105,10,1,8,1,7,1,8,1,1,12,1,0,1,0,0,0,0,0,0,0,0,1,0,0,0,0,0,0,0,0,0,0,0,0,0,0,1.0,1.0,1.0,0,0,0,1,2,1,1,2,1,3,0,6,115,3,0,0,0,0,0,0,0,3.0,0.0005231356752373728,0.625,0.4446653239517669,0,,multi_full_20260502_195038_0001,2026-05-02T19:51:52.093287,https://www.sidefx.com/get/try-houdini/,https://www.sidefx.com/,False,https://www.sidefx.com/get/try-houdini/,https://www.sidefx.com/,https://www.sidefx.com/get/try-houdini/,recon_page,2026-05-02T19:51:52.099266
40,1,1,0,0,0,0,1,0,14,0,com,200,2,41391,337.041,0,0,20,1,nginx,0,html,1,1,0,0,5,0,1,1,1,1,1,3,1,9,1,1,1,3,0,0,1,1,1,5,0,0,1,1,1,20,8,10,2,1,118,107,11,1,7,1,7,1,8,1,1,13,1,0,1,0,0,0,0,0,0,0,0,1,0,0,0,0,0,0,0,0,0,0,0,0,0,0,1.0,1.0,1.0,0,0,0,1,2,1,1,2,1,3,0,6,117,3,0,0,0,0,3,0,0,3.0,0.00048319683022879367,0.625,0.4107173056944747,0,,multi_full_20260502_195038_0001,2026-05-02T19:51:52.228550,https://www.sidefx.com/support-programs/,https://www.sidefx.com/,False,https://www.sidefx.com/support-programs/,https://www.sidefx.com/,https://www.sidefx.com/support-programs/,recon_page,2026-05-02T19:51:52.242088
49,1,3,0,0,0,0,1,0,14,0,com,200,2,37653,325.04499999999996,0,0,21,1,nginx,0,html,1,1,0,0,5,0,1,1,1,1,1,3,1,12,1,1,1,3,0,0,1,1,1,6,0,0,1,3,1,17,8,7,2,1,113,103,10,1,11,1,7,1,2,1,1,10,1,0,1,0,0,0,0,0,0,0,0,1,0,0,0,0,0,0,0,0,0,0,0,0,0,0,1.0,1.0,1.0,0,0,0,1,2,1,1,2,1,3,0,6,108,3,0,0,0,0,0,0,0,4.0,0.0004514912490372613,0.625,0.5577244841048522,0,,multi_full_20260502_195038_0001,2026-05-02T19:51:52.260526,https://www.sidefx.com/community/section/contest/,https://www.sidefx.com/,False,https://www.sidefx.com/community/section/contest/,https://www.sidefx.com/,https://www.sidefx.com/community/section/contest/,recon_page,2026-05-02T19:51:52.267858
54,1,2,0,0,0,0,1,0,14,0,com,200,2,70922,555.701,0,0,21,1,nginx,0,html,1,1,0,0,5,0,1,1,1,1,1,9,1,87,1,1,1,63,0,0,1,1,1,11,1,6,1,1,1,19,10,7,2,1,135,124,11,1,24,1,7,1,3,1,1,14,1,0,1,0,0,0,0,0,0,0,0,1,0,0,0,0,0,0,0,0,0,0,0,0,0,0,1.0,1.0,1.0,0,0,0,1,8,1,7,8,1,9,0,17,135,3,0,0,0,0,0,0,0,9.666666666666666,0.0002678999464200107,0.625,1.5086996982600605,0,,multi_full_20260502_195038_0001,2026-05-02T19:51:52.505790,https://www.sidefx.com/gallery/the-deathveil-magic-fx/,https://www.sidefx.com/,False,https://www.sidefx.com/gallery/the-deathveil-magic-fx/,https://www.sidefx.com/,https://www.sidefx.com/gallery/the-deathveil-magic-fx/,recon_page,2026-05-02T19:51:52.511343
41,1,2,0,0,0,0,1,0,14,0,com,200,2,72252,576.0849999999999,0,0,20,1,nginx,0,html,1,1,0,0,5,0,1,1,1,1,1,3,1,9,1,1,1,3,0,0,1,1,1,5,0,0,1,1,1,20,8,10,2,1,113,100,13,1,16,1,7,1,7,1,1,11,1,0,1,0,0,0,0,0,0,0,0,1,0,0,0,0,0,0,0,0,0,0,0,0,0,0,1.0,1.0,1.0,0,0,0,1,2,1,1,2,1,3,0,6,116,4,0,0,0,0,0,0,0,3.0,0.00027680894646514977,0.625,0.2352876044953773,0,,multi_full_20260502_195038_0001,2026-05-02T19:51:52.989734,https://www.sidefx.com/community/moana-2/,https://www.sidefx.com/,False,https://www.sidefx.com/community/moana-2/,https://www.sidefx.com/,https://www.sidefx.com/community/moana-2/,recon_page,2026-05-02T19:51:52.994469
52,1,2,1,1,0,0,1,0,14,0,com,200,2,23175,834.928,0,0,20,0,unknown,0,html,1,5,0,1,5,0,1,1,0,1,0,0,0,0,0,0,0,0,0,0,0,0,0,0,0,0,0,0,1,5,4,0,1,0,0,0,0,0,0,1,10,0,0,1,1,1,1,0,0,0,0,1,0,0,0,0,1,1,0,0,0,0,0,0,0,0,0,0,0,0,0,0,1.0,1.0,1.0,0,0,0,0,0,0,0,0,0,0,0,0,1,0,0,0,0,0,0,0,0,0.0,0.0002157497303128371,0.625,0.0,0,,multi_full_20260502_195038_0001,2026-05-02T19:51:53.207770,https://www.sidefx.com/login/microsoft-graph/?next=/,https://www.sidefx.com/,False,https://www.sidefx.com/login/microsoft-graph/?next=/,https://www.sidefx.com/,https://www.sidefx.com/login/microsoft-graph/?next=/,recon_page,2026-05-02T19:51:53.214039
27,1,1,0,0,0,0,1,0,14,0,com,200,2,41248,334.11800000000005,0,0,21,1,nginx,0,html,1,1,0,0,5,0,1,1,1,1,1,4,1,14,1,1,1,8,0,0,1,1,1,6,0,0,1,1,1,17,8,7,2,1,118,108,10,1,6,1,7,1,3,1,1,7,1,0,1,0,0,0,0,0,0,0,0,1,0,0,0,0,0,0,0,0,0,0,0,0,0,0,1.0,1.0,1.0,0,0,0,2,2,1,1,2,1,4,0,11,116,3,0,0,0,0,0,0,0,3.5,0.0004121411947245927,0.625,0.5818463925523663,0,,multi_full_20260502_195038_0001,2026-05-02T19:52:02.673701,https://www.sidefx.com/faq/,https://www.sidefx.com/,False,https://www.sidefx.com/faq/,https://www.sidefx.com/,https://www.sidefx.com/faq/,recon_page,2026-05-02T19:52:02.678799
48,1,2,0,0,0,0,1,0,14,0,com,200,2,49821,550.778,0,0,21,1,nginx,0,html,1,1,0,0,5,0,1,1,1,1,1,5,1,35,1,1,1,23,0,0,1,1,1,7,1,2,1,1,1,19,10,7,2,1,118,108,10,1,14,1,7,1,3,1,1,14,1,0,1,0,0,0,0,0,0,0,0,1,0,0,0,0,0,0,0,0,0,0,0,0,0,0,1.0,1.0,1.0,0,0,0,1,4,1,3,4,1,5,0,17,118,4,0,0,0,0,0,0,0,7.0,0.00038136528773007365,0.625,0.9433772907007085,0,,multi_full_20260502_195038_0001,2026-05-02T19:52:03.340200,https://www.sidefx.com/contentlibrary/wood-worm/,https://www.sidefx.com/,False,https://www.sidefx.com/contentlibrary/wood-worm/,https://www.sidefx.com/,https://www.sidefx.com/contentlibrary/wood-worm/,recon_page,2026-05-02T19:52:03.344678
49,1,2,1,1,0,0,1,0,14,0,com,200,2,54318,928.067,0,0,20,1,ATS,0,html,1,1,0,1,7,1,1,1,1,1,0,0,0,0,0,0,0,0,0,0,0,0,0,0,0,0,0,0,1,38,14,0,24,1,14,0,14,0,0,1,7,1,6,1,1,4,1,0,0,0,0,0,0,0,0,0,0,1,0,0,0,0,0,0,0,0,0,0,0,0,0,0,1.0,1.0,0.0,0,0,0,0,0,0,0,0,0,0,0,0,36,0,0,0,0,0,0,0,0,0.0,0.000699583931661696,0.875,0.0,0,,multi_full_20260502_195038_0001,2026-05-02T19:52:05.410912,https://www.sidefx.com/login/yahoo-oauth2/?next=/,https://www.sidefx.com/,False,https://www.sidefx.com/login/yahoo-oauth2/?next=/,https://www.sidefx.com/,https://www.sidefx.com/login/yahoo-oauth2/?next=/,recon_page,2026-05-02T19:52:05.430569
44,1,2,0,0,0,0,1,0,14,0,com,200,2,47289,288.90900000000005,0,0,20,1,nginx,0,html,1,1,0,0,5,0,1,1,1,1,1,3,1,9,1,1,1,3,0,0,1,1,1,5,0,0,1,1,1,20,8,10,2,1,121,106,15,1,13,1,7,1,8,1,1,13,1,0,1,0,0,0,0,0,0,0,0,1,0,0,0,0,0,0,0,0,0,0,0,0,0,0,1.0,1.0,1.0,0,0,0,1,2,1,1,2,1,3,0,6,122,5,0,0,0,0,0,0,0,3.0,0.0004229313370974222,0.625,0.3594916365328089,0,,multi_full_20260502_195038_0001,2026-05-02T19:52:05.447257,https://www.sidefx.com/products/sidefx-labs/,https://www.sidefx.com/,False,https://www.sidefx.com/products/sidefx-labs/,https://www.sidefx.com/,https://www.sidefx.com/products/sidefx-labs/,recon_page,2026-05-02T19:52:05.454058
51,1,2,0,0,0,0,1,0,14,0,com,200,2,37956,251.08599999999998,0,0,21,1,nginx,0,html,1,1,0,0,5,0,1,1,1,1,1,3,1,9,1,1,1,3,0,0,1,1,1,5,0,0,1,1,1,19,10,7,2,1,114,101,13,1,7,1,7,1,3,1,1,14,1,0,1,0,0,0,0,0,0,0,0,1,0,0,0,0,0,0,0,0,0,0,0,0,0,0,1.0,1.0,1.0,0,0,0,1,2,1,1,2,1,3,0,6,111,3,0,0,0,0,0,0,0,3.0,0.0005005796185056381,0.625,0.447887027083992,0,,multi_full_20260502_195038_0001,2026-05-02T19:52:05.531868,https://www.sidefx.com/gallery/rbd-destruction-sim/,https://www.sidefx.com/,False,https://www.sidefx.com/gallery/rbd-destruction-sim/,https://www.sidefx.com/,https://www.sidefx.com/gallery/rbd-destruction-sim/,recon_page,2026-05-02T19:52:05.538900
54,1,3,0,0,0,0,1,0,14,0,com,200,2,67452,429.047,0,0,21,1,nginx,0,html,1,1,0,0,5,0,1,1,1,1,1,3,1,45,1,1,1,3,0,0,1,1,1,8,0,0,1,1,1,19,9,8,2,1,115,105,10,1,8,1,7,1,3,1,1,17,1,0,1,0,0,0,0,0,0,0,0,1,0,0,0,0,0,0,0,0,0,0,0,0,0,0,1.0,1.0,1.0,0,0,0,1,2,1,1,2,1,3,0,6,110,3,0,0,0,0,0,0,0,15.0,0.0002816817885311036,0.625,0.8302200083022001,0,,multi_full_20260502_195038_0001,2026-05-02T19:52:05.680169,https://www.sidefx.com/learn/learning-library/content/,https://www.sidefx.com/,False,https://www.sidefx.com/learn/learning-library/content/,https://www.sidefx.com/,https://www.sidefx.com/learn/learning-library/content/,recon_page,2026-05-02T19:52:05.729537
61,1,2,0,0,0,0,1,0,14,0,com,200,2,44342,515.602,0,0,21,1,nginx,0,html,1,1,0,0,5,0,1,1,1,1,1,4,1,22,1,1,1,13,0,0,1,1,1,7,1,1,1,1,1,21,11,8,2,1,118,108,10,1,8,1,7,1,3,1,1,19,1,0,1,0,1,0,0,0,0,0,0,1,0,0,0,0,0,0,0,0,0,0,0,0,0,0,1.0,1.0,1.0,0,0,0,1,3,1,2,3,1,4,0,17,116,3,0,0,0,0,0,0,0,5.5,0.0004735916287041631,0.625,0.7442154165351135,0,,multi_full_20260502_195038_0001,2026-05-02T19:52:05.834828,https://www.sidefx.com/tutorials/introduction-to-particles-1/,https://www.sidefx.com/,False,https://www.sidefx.com/tutorials/introduction-to-particles-1/,https://www.sidefx.com/,https://www.sidefx.com/tutorials/introduction-to-particles-1/,recon_page,2026-05-02T19:52:05.862671
30,1,1,0,0,0,0,1,0,14,0,com,200,2,76143,647.962,0,0,21,1,nginx,0,html,1,1,0,0,5,0,1,1,1,1,1,3,1,16,1,1,1,3,0,0,1,1,1,6,0,0,1,4,1,19,9,7,3,1,106,96,10,1,6,1,7,1,2,1,1,15,1,0,1,0,0,0,0,0,0,0,1,1,0,0,0,0,0,0,0,0,0,0,0,0,0,0,1.0,1.0,1.0,0,0,0,1,2,1,1,2,1,3,0,6,106,3,0,0,0,0,0,0,0,5.333333333333333,0.0002495304886857623,0.625,0.32832959037600307,0,,multi_full_20260502_195038_0001,2026-05-02T19:52:06.839499,https://www.sidefx.com/search/,https://www.sidefx.com/,False,https://www.sidefx.com/search/,https://www.sidefx.com/,https://www.sidefx.com/search/,recon_page,2026-05-02T19:52:06.853775
65,1,2,0,0,0,0,1,0,14,0,com,200,2,47423,566.861,0,0,21,1,nginx,0,html,1,1,0,0,5,0,1,1,1,1,1,4,1,22,1,1,1,13,0,0,1,1,1,7,1,1,1,1,1,21,11,8,2,1,120,110,10,1,8,1,7,1,3,1,1,19,1,0,1,0,1,0,0,0,0,0,0,1,0,0,0,0,0,0,0,0,0,0,0,0,0,0,1.0,1.0,1.0,0,0,0,1,3,1,2,3,1,4,0,17,118,3,0,0,0,0,0,0,0,5.5,0.000442823102713873,0.625,0.695864875693229,0,,multi_full_20260502_195038_0001,2026-05-02T19:52:06.874555,https://www.sidefx.com/tutorials/create-a-working-tars-character/,https://www.sidefx.com/,False,https://www.sidefx.com/tutorials/create-a-working-tars-character/,https://www.sidefx.com/,https://www.sidefx.com/tutorials/create-a-working-tars-character/,recon_page,2026-05-02T19:52:06.880530
70,1,2,0,0,0,0,1,0,14,0,com,200,2,50979,298.391,0,0,21,1,nginx,0,html,1,1,0,0,5,0,1,1,1,1,1,4,1,22,1,1,1,13,0,0,1,1,1,6,1,1,1,1,1,19,10,7,2,1,118,108,10,1,15,1,7,1,3,1,1,14,1,0,1,0,0,0,0,0,0,0,0,1,0,0,0,0,0,0,0,0,0,0,0,0,0,0,1.0,1.0,1.0,0,0,0,1,3,1,2,3,1,4,0,17,117,6,0,0,0,0,0,0,0,5.5,0.0003727024853370996,0.625,0.6277094489887993,0,,multi_full_20260502_195038_0001,2026-05-02T19:52:06.949823,https://www.sidefx.com/contentlibrary/hexmine-hexagonal-map-generator/,https://www.sidefx.com/,False,https://www.sidefx.com/contentlibrary/hexmine-hexagonal-map-generator/,https://www.sidefx.com/,https://www.sidefx.com/contentlibrary/hexmine-hexagonal-map-generator/,recon_page,2026-05-02T19:52:06.954802
31,1,1,0,0,0,0,1,0,14,0,com,200,2,35241,305.20599999999996,0,0,21,1,nginx,0,html,1,1,0,0,5,0,1,1,1,1,1,3,1,11,1,1,1,3,0,0,1,1,1,6,0,0,1,2,1,17,8,7,2,1,107,97,10,1,7,1,7,1,2,1,1,12,1,0,1,0,0,0,0,0,0,0,0,1,0,0,0,0,0,0,0,0,0,0,0,0,0,0,1.0,1.0,1.0,0,0,0,1,2,1,1,2,1,3,0,6,106,3,0,0,0,0,0,0,0,3.6666666666666665,0.000482392667631452,0.625,0.567520785448767,0,,multi_full_20260502_195038_0001,2026-05-02T19:52:10.947257,https://www.sidefx.com/gallery/,https://www.sidefx.com/,False,https://www.sidefx.com/gallery/,https://www.sidefx.com/,https://www.sidefx.com/gallery/,recon_page,2026-05-02T19:52:10.954264
66,1,3,0,0,0,0,1,0,14,0,com,200,2,45975,293.556,0,0,20,1,nginx,0,html,1,1,0,0,5,0,1,1,1,1,1,3,1,9,1,1,1,3,0,0,1,1,1,5,0,0,1,1,1,19,9,8,2,1,130,119,11,1,12,1,7,1,5,1,1,13,1,0,1,0,0,0,0,0,0,0,0,1,0,0,0,0,0,0,0,0,0,0,0,0,0,0,1.0,1.0,1.0,0,0,0,1,2,1,1,2,1,3,0,6,116,3,0,0,0,0,0,0,0,3.0,0.00041326808047852093,0.625,0.36976617727025557,0,,multi_full_20260502_195038_0001,2026-05-02T19:52:17.720777,https://www.sidefx.com/learn-main-menu/academic-programs/students/,https://www.sidefx.com/,False,https://www.sidefx.com/learn-main-menu/academic-programs/students/,https://www.sidefx.com/,https://www.sidefx.com/learn-main-menu/academic-programs/students/,recon_page,2026-05-02T19:52:17.725281
50,1,2,0,0,0,0,1,0,14,0,com,200,2,43054,285.895,0,0,20,1,nginx,0,html,1,1,0,0,5,0,1,1,1,1,1,3,1,9,1,1,1,3,0,0,1,1,1,5,0,0,1,1,1,17,7,8,2,1,123,107,16,1,17,1,7,1,5,1,1,10,1,0,1,0,0,0,0,0,0,0,0,1,0,0,0,0,0,0,0,0,0,0,0,0,0,0,1.0,1.0,1.0,0,0,0,1,2,1,1,2,1,3,0,6,121,3,0,0,0,0,0,0,0,3.0,0.00039485297533330236,0.625,0.3948529753333023,0,,multi_full_20260502_195038_0001,2026-05-02T19:52:17.719540,https://www.sidefx.com/industries/virtual-reality/,https://www.sidefx.com/,False,https://www.sidefx.com/industries/virtual-reality/,https://www.sidefx.com/,https://www.sidefx.com/industries/virtual-reality/,recon_page,2026-05-02T19:52:17.724046
44,1,2,0,0,0,0,1,0,14,0,com,200,2,46250,490.135,0,0,21,1,nginx,0,html,1,1,0,0,5,0,1,1,1,1,1,3,1,9,1,1,1,3,0,0,1,1,1,7,0,0,1,1,1,16,8,6,2,1,111,98,13,1,6,1,7,1,2,1,1,10,1,0,1,0,0,0,0,0,0,0,0,1,0,0,0,0,0,0,0,0,0,0,0,0,0,0,1.0,1.0,1.0,0,0,0,1,2,1,1,2,1,3,0,6,108,3,0,1,0,0,3,0,0,3.0,0.00034594594594594593,0.625,0.41081081081081083,0,,multi_full_20260502_195038_0001,2026-05-02T19:52:19.774320,https://www.sidefx.com/legal/privacy-policy/,https://www.sidefx.com/,False,https://www.sidefx.com/legal/privacy-policy/,https://www.sidefx.com/,https://www.sidefx.com/legal/privacy-policy/,recon_page,2026-05-02T19:52:19.778057
52,1,2,0,0,0,0,1,0,14,0,com,200,2,44849,273.422,0,0,21,1,nginx,0,html,1,1,0,0,5,0,1,1,1,1,1,3,1,9,1,1,1,3,0,0,1,1,1,5,0,0,1,1,1,19,10,7,2,1,114,104,10,1,12,1,7,1,3,1,1,14,1,0,1,0,0,0,0,0,0,0,0,1,0,0,0,0,0,0,0,0,0,0,0,0,0,0,1.0,1.0,1.0,0,0,0,1,2,1,1,2,1,3,0,6,112,4,0,0,0,0,0,0,0,3.0,0.00042364378247006625,0.625,0.3790497001047961,0,,multi_full_20260502_195038_0001,2026-05-02T19:52:21.319915,https://www.sidefx.com/contentlibrary/painted-dunes/,https://www.sidefx.com/,False,https://www.sidefx.com/contentlibrary/painted-dunes/,https://www.sidefx.com/,https://www.sidefx.com/contentlibrary/painted-dunes/,recon_page,2026-05-02T19:52:21.330214
38,1,2,0,0,0,0,1,0,14,0,com,200,2,30233,252.336,0,0,21,1,nginx,0,html,1,1,0,0,5,0,1,1,1,1,1,4,1,12,1,1,1,4,0,0,1,1,1,6,0,0,1,1,1,16,7,6,3,1,106,96,10,1,6,1,7,1,2,1,1,7,1,0,1,0,0,0,0,0,0,0,0,1,0,0,0,0,0,0,0,0,0,0,0,0,0,0,1.0,1.0,1.0,0,0,0,1,3,1,2,3,1,4,0,7,105,3,0,0,0,0,0,0,0,3.0,0.0005292230344325737,0.625,0.7276816723447888,0,,multi_full_20260502_195038_0001,2026-05-02T19:52:21.503253,https://www.sidefx.com/password/reset/,https://www.sidefx.com/,False,https://www.sidefx.com/password/reset/,https://www.sidefx.com/,https://www.sidefx.com/password/reset/,recon_page,2026-05-02T19:52:21.514040
60,1,3,0,0,0,0,1,0,14,0,com,200,2,31441,257.15700000000004,0,0,21,1,nginx,0,html,1,1,0,0,5,0,1,1,1,1,1,3,1,9,1,1,1,3,0,0,1,1,1,5,0,0,1,1,1,16,8,6,2,1,107,97,10,1,6,1,7,1,2,1,1,7,1,0,1,0,0,0,0,0,0,0,0,1,0,0,0,0,0,0,0,0,0,0,0,0,0,0,1.0,1.0,1.0,0,0,0,1,2,1,1,2,1,3,0,6,105,3,0,0,0,0,0,0,0,3.0,0.0005088896663592125,0.625,0.5406952705066633,0,,multi_full_20260502_195038_0001,2026-05-02T19:52:21.677250,https://www.sidefx.com/learn/talks/red-one-and-fallout-rise/,https://www.sidefx.com/,False,https://www.sidefx.com/learn/talks/red-one-and-fallout-rise/,https://www.sidefx.com/,https://www.sidefx.com/learn/talks/red-one-and-fallout-rise/,recon_page,2026-05-02T19:52:21.684286
55,1,2,0,0,0,0,1,0,14,0,com,200,2,43947,288.49399999999997,0,0,21,1,nginx,0,html,1,1,0,0,5,0,1,1,1,1,1,3,1,9,1,1,1,3,0,0,1,1,1,5,0,0,1,1,1,19,10,7,2,1,115,105,10,1,12,1,7,1,3,1,1,14,1,0,1,0,0,0,0,0,0,0,0,1,0,0,0,0,0,0,0,0,0,0,0,0,0,0,1.0,1.0,1.0,0,0,0,1,2,1,1,2,1,3,0,6,113,5,0,0,0,0,0,0,0,3.0,0.00043233895373973193,0.625,0.3868295901881812,0,,multi_full_20260502_195038_0001,2026-05-02T19:52:21.756302,https://www.sidefx.com/contentlibrary/pyro-trail-curve/,https://www.sidefx.com/,False,https://www.sidefx.com/contentlibrary/pyro-trail-curve/,https://www.sidefx.com/,https://www.sidefx.com/contentlibrary/pyro-trail-curve/,recon_page,2026-05-02T19:52:21.772906
44,1,2,0,0,0,0,1,0,14,0,com,200,2,38951,297.208,0,0,21,1,nginx,0,html,1,1,0,0,5,0,1,1,1,1,1,3,1,9,1,1,1,3,0,0,1,1,1,5,0,0,1,1,1,19,10,7,2,1,111,101,10,1,7,1,7,1,3,1,1,14,1,0,1,0,0,0,0,0,0,0,0,1,0,0,0,0,0,0,0,0,0,0,0,0,0,0,1.0,1.0,1.0,0,0,0,1,2,1,1,2,1,3,0,6,108,3,0,0,0,0,0,0,0,3.0,0.0004877923544966753,0.625,0.4364457908654463,0,,multi_full_20260502_195038_0001,2026-05-02T19:52:21.808123,https://www.sidefx.com/gallery/ancient-city/,https://www.sidefx.com/,False,https://www.sidefx.com/gallery/ancient-city/,https://www.sidefx.com/,https://www.sidefx.com/gallery/ancient-city/,recon_page,2026-05-02T19:52:21.812351
32,1,1,0,0,0,0,1,0,14,0,com,200,2,34767,265.258,0,0,23,1,nginx,0,html,1,1,0,1,6,0,1,1,1,1,1,4,1,20,1,3,1,4,0,0,1,1,1,6,0,0,1,1,1,17,8,6,3,1,108,98,10,1,6,1,7,1,2,1,1,7,1,0,1,0,0,0,0,0,0,0,0,1,0,0,0,0,0,0,0,0,0,0,0,0,0,0,1.0,1.0,1.0,0,0,0,1,3,1,2,3,1,4,0,15,105,3,0,0,1,0,0,0,0,5.0,0.000488969425029482,0.75,0.8628872206402622,0,,multi_full_20260502_195038_0001,2026-05-02T19:52:22.531438,https://www.sidefx.com/register/,https://www.sidefx.com/,False,https://www.sidefx.com/register/,https://www.sidefx.com/,https://www.sidefx.com/register/,recon_page,2026-05-02T19:52:22.537964
48,1,2,0,0,0,0,1,0,14,0,com,200,2,84512,552.643,0,0,21,1,nginx,0,html,1,1,0,0,5,0,1,1,1,1,1,16,1,178,1,1,1,133,0,0,1,1,1,18,1,13,1,1,1,19,10,7,2,1,142,132,10,1,24,1,7,1,3,1,1,14,1,0,1,0,0,0,0,0,0,0,0,1,0,0,0,0,0,0,0,0,0,0,0,0,0,0,1.0,1.0,1.0,0,0,0,1,15,1,14,15,1,16,0,17,143,4,0,0,0,0,0,0,0,11.125,0.0002248201438848921,0.625,2.508519500189322,0,,multi_full_20260502_195038_0001,2026-05-02T19:52:22.702500,https://www.sidefx.com/contentlibrary/earthworm/,https://www.sidefx.com/,False,https://www.sidefx.com/contentlibrary/earthworm/,https://www.sidefx.com/,https://www.sidefx.com/contentlibrary/earthworm/,recon_page,2026-05-02T19:52:22.706312
71,1,2,0,0,0,0,1,0,14,0,com,200,2,41799,471.60699999999997,0,0,21,1,nginx,0,html,1,1,0,0,5,0,1,1,1,1,1,3,1,9,1,1,1,3,0,0,1,1,1,6,0,0,1,1,1,21,11,8,2,1,118,108,10,1,7,1,7,1,3,1,1,19,1,0,1,0,1,0,0,0,0,0,0,1,0,0,0,0,0,0,0,0,0,0,0,0,0,0,1.0,1.0,1.0,0,0,0,1,2,1,1,2,1,3,0,6,115,3,0,0,0,0,0,0,0,3.0,0.0005024043637407593,0.625,0.4306323117777937,0,,multi_full_20260502_195038_0001,2026-05-02T19:52:25.287917,https://www.sidefx.com/tutorials/building-a-fluid-solver-in-copernicus/,https://www.sidefx.com/,False,https://www.sidefx.com/tutorials/building-a-fluid-solver-in-copernicus/,https://www.sidefx.com/,https://www.sidefx.com/tutorials/building-a-fluid-solver-in-copernicus/,recon_page,2026-05-02T19:52:25.291070
40,1,2,0,0,0,0,1,0,14,0,com,200,2,62191,595.443,0,0,20,1,nginx,0,html,1,1,0,0,5,0,1,1,1,1,1,3,1,9,1,1,1,3,0,0,1,1,1,5,0,0,1,1,1,17,7,8,2,1,164,115,49,1,50,1,7,1,5,1,1,10,1,0,1,0,0,0,0,0,0,0,0,1,0,1,0,0,0,0,0,0,0,0,0,0,0,0,1.0,1.0,1.0,0,0,0,1,2,1,1,2,1,3,0,6,161,4,0,0,0,0,0,0,0,3.0,0.0002733514495666576,0.625,0.2733514495666575,0,,multi_full_20260502_195038_0001,2026-05-02T19:52:25.432881,https://www.sidefx.com/industries/games/,https://www.sidefx.com/,False,https://www.sidefx.com/industries/games/,https://www.sidefx.com/,https://www.sidefx.com/industries/games/,recon_page,2026-05-02T19:52:25.436177
57,1,3,0,0,0,0,1,0,14,0,com,200,2,31103,326.786,0,0,21,1,nginx,0,html,1,1,0,0,5,0,1,1,1,1,1,3,1,9,1,1,1,3,0,0,1,1,1,5,0,0,1,1,1,16,8,6,2,1,107,97,10,1,6,1,7,1,2,1,1,7,1,0,1,0,0,0,0,0,0,0,0,1,0,0,0,0,0,0,0,0,0,0,0,0,0,0,1.0,1.0,1.0,0,0,0,1,2,1,1,2,1,3,0,6,105,3,0,0,0,0,0,0,0,3.0,0.0005144198308844806,0.625,0.5465710703147606,0,,multi_full_20260502_195038_0001,2026-05-02T19:52:33.405630,https://www.sidefx.com/learn/talks/equinox-worldwide-hug/,https://www.sidefx.com/,False,https://www.sidefx.com/learn/talks/equinox-worldwide-hug/,https://www.sidefx.com/,https://www.sidefx.com/learn/talks/equinox-worldwide-hug/,recon_page,2026-05-02T19:52:33.413571
75,1,3,0,0,0,0,1,0,14,0,com,200,2,31469,314.593,0,0,21,1,nginx,0,html,1,1,0,0,5,0,1,1,1,1,1,3,1,9,1,1,1,3,0,0,1,1,1,5,0,0,1,1,1,16,8,6,2,1,107,97,10,1,6,1,7,1,2,1,1,7,1,0,1,0,0,0,0,0,0,0,0,1,0,0,0,0,0,0,0,0,0,0,0,0,0,0,1.0,1.0,1.0,0,0,0,1,2,1,1,2,1,3,0,6,105,3,0,0,0,0,0,0,0,3.0,0.0005084368743843148,0.625,0.5402141790333344,0,,multi_full_20260502_195038_0001,2026-05-02T19:52:33.411318,https://www.sidefx.com/learn/talks/call-the-cops-my-terrain-is-rocking-out/,https://www.sidefx.com/,False,https://www.sidefx.com/learn/talks/call-the-cops-my-terrain-is-rocking-out/,https://www.sidefx.com/,https://www.sidefx.com/learn/talks/call-the-cops-my-terrain-is-rocking-out/,recon_page,2026-05-02T19:52:33.415026
43,1,2,0,0,0,0,1,0,14,0,com,200,2,35143,252.996,0,0,20,1,nginx,0,html,1,1,0,0,5,0,1,1,1,1,1,3,1,9,1,1,1,3,0,0,1,1,1,5,0,0,1,1,1,17,8,7,2,1,112,99,13,1,6,1,7,1,3,1,1,7,1,0,1,0,1,0,0,0,0,0,0,1,0,0,0,0,0,0,0,0,0,0,0,0,0,0,1.0,1.0,1.0,0,0,0,1,2,1,1,2,1,3,0,6,111,6,0,3,0,0,0,0,0,3.0,0.0004837378709842643,0.625,0.4837378709842643,0,,multi_full_20260502_195038_0001,2026-05-02T19:52:36.681414,https://www.sidefx.com/company/internships/,https://www.sidefx.com/,False,https://www.sidefx.com/company/internships/,https://www.sidefx.com/,https://www.sidefx.com/company/internships/,recon_page,2026-05-02T19:52:36.684874
39,1,2,0,0,0,0,1,0,14,0,com,200,2,32586,238.833,0,0,21,1,nginx,0,html,1,1,0,0,5,0,1,1,1,1,1,3,1,9,1,1,1,3,0,0,1,1,1,5,0,0,1,1,1,21,8,11,2,1,111,99,12,1,6,1,7,1,5,1,1,7,1,0,1,0,0,0,0,0,0,0,0,1,0,0,0,0,0,0,0,0,0,0,1,1,0,0,1.0,1.0,1.0,0,0,0,1,2,1,1,2,1,3,0,6,114,4,0,0,0,0,0,0,0,3.0,0.0006444485361811821,0.625,0.5216964340514332,0,,multi_full_20260502_195038_0001,2026-05-02T19:52:36.862487,https://www.sidefx.com/events/calendar/,https://www.sidefx.com/,False,https://www.sidefx.com/events/calendar/,https://www.sidefx.com/,https://www.sidefx.com/events/calendar/,recon_page,2026-05-02T19:52:36.870141
50,1,2,1,1,0,0,1,0,14,0,com,200,2,1230397,224.723,0,0,23,1,ESF,0,html,0,0,0,1,7,1,1,1,1,1,0,0,0,0,0,0,0,0,0,0,0,0,0,0,0,0,0,0,1,4,4,0,0,1,1,0,1,0,0,1,1,0,0,1,0,0,0,0,0,0,0,0,0,0,0,0,0,1,0,0,0,0,0,0,0,0,0,0,0,0,0,0,0.0,0.0,0.0,0,0,0,0,0,0,0,0,0,0,0,0,1,0,0,0,0,0,0,0,1,0.0,3.250983219237368e-06,0.875,0.0,0,,multi_full_20260502_195038_0001,2026-05-02T19:52:37.668797,https://www.sidefx.com/login/google-oauth2/?next=/,https://www.sidefx.com/,False,https://www.sidefx.com/login/google-oauth2/?next=/,https://www.sidefx.com/,https://www.sidefx.com/login/google-oauth2/?next=/,recon_page,2026-05-02T19:52:37.674029
49,1,2,0,0,0,0,1,0,14,0,com,200,2,45236,476.089,0,0,21,1,nginx,0,html,1,1,0,0,5,0,1,1,1,1,1,3,1,9,1,1,1,3,0,0,1,1,1,5,0,0,1,1,1,19,10,7,2,1,120,105,15,1,11,1,7,1,3,1,1,14,1,0,1,0,0,0,0,0,0,0,0,1,0,0,0,0,0,0,0,0,0,0,0,0,0,0,1.0,1.0,1.0,0,0,0,1,2,1,1,2,1,3,0,6,117,3,0,0,0,0,0,0,0,3.0,0.0004200194535325847,0.625,0.37580687947652314,0,,multi_full_20260502_195038_0001,2026-05-02T19:52:41.310067,https://www.sidefx.com/gallery/the-playful-deity/,https://www.sidefx.com/,False,https://www.sidefx.com/gallery/the-playful-deity/,https://www.sidefx.com/,https://www.sidefx.com/gallery/the-playful-deity/,recon_page,2026-05-02T19:52:41.342936
42,1,2,0,0,0,0,1,0,14,0,com,200,2,39502,239.498,0,0,20,1,nginx,0,html,1,1,0,0,5,0,1,1,1,1,1,3,1,9,1,1,1,3,0,0,1,1,1,5,0,0,1,1,1,20,8,10,2,1,115,105,10,1,7,1,7,1,7,1,1,12,1,0,1,0,0,0,0,0,0,0,0,1,0,0,0,0,0,0,0,0,0,0,0,0,0,0,1.0,1.0,1.0,0,0,0,1,2,1,1,2,1,3,0,6,116,3,0,0,0,0,1,0,0,3.0,0.000506303478304896,0.625,0.43035795655916154,0,,multi_full_20260502_195038_0001,2026-05-02T19:52:41.392742,https://www.sidefx.com/company/contact-us/,https://www.sidefx.com/,False,https://www.sidefx.com/company/contact-us/,https://www.sidefx.com/,https://www.sidefx.com/company/contact-us/,recon_page,2026-05-02T19:52:41.435491
38,1,2,0,0,0,0,1,0,14,0,com,200,2,49009,270.27,0,0,20,1,nginx,0,html,1,1,0,0,5,0,1,1,1,1,1,3,1,9,1,1,1,3,0,0,1,1,1,5,0,0,1,1,1,17,7,8,2,1,123,104,19,1,13,1,7,1,5,1,1,13,1,0,1,0,0,0,0,0,0,0,0,1,0,0,0,0,0,0,0,0,0,0,0,0,0,0,1.0,1.0,1.0,0,0,0,1,2,1,1,2,1,3,0,6,118,3,0,0,0,0,0,0,0,3.0,0.0003468750637637985,0.625,0.3468750637637985,0,,multi_full_20260502_195038_0001,2026-05-02T19:52:41.429257,https://www.sidefx.com/products/karma/,https://www.sidefx.com/,False,https://www.sidefx.com/products/karma/,https://www.sidefx.com/,https://www.sidefx.com/products/karma/,recon_page,2026-05-02T19:52:41.449689
28,1,1,0,0,0,0,1,0,14,0,com,200,2,46588,236.53,0,0,21,1,nginx,0,html,1,1,0,0,5,0,1,1,1,1,1,3,1,9,1,1,1,3,0,0,1,1,1,5,0,0,1,1,1,15,7,6,2,1,181,171,10,1,15,1,7,1,2,1,1,7,1,0,1,0,0,0,0,0,0,0,0,1,0,0,0,0,0,0,0,0,0,0,0,0,0,0,1.0,1.0,1.0,0,0,0,1,2,1,1,2,1,3,0,6,179,3,1,0,0,0,0,0,0,3.0,0.00032197132308749035,0.625,0.36490083283248903,0,,multi_full_20260502_195038_0001,2026-05-02T19:52:41.418787,https://www.sidefx.com/docs/,https://www.sidefx.com/,False,https://www.sidefx.com/docs/,https://www.sidefx.com/,https://www.sidefx.com/docs/,recon_page,2026-05-02T19:52:41.442104
56,1,2,0,0,0,0,1,0,14,0,com,200,2,66749,581.831,0,0,21,1,nginx,0,html,1,1,0,0,5,0,1,1,1,1,1,7,1,61,1,1,1,43,0,0,1,1,1,10,1,4,1,1,1,21,11,8,2,1,125,115,10,1,11,1,7,1,3,1,1,19,1,0,1,0,1,0,0,0,0,0,1,1,0,0,0,0,0,0,0,0,0,0,0,0,0,0,1.0,1.0,1.0,0,0,0,1,6,1,5,6,1,7,0,17,125,3,0,0,0,0,0,0,0,8.714285714285714,0.0003146114548532562,0.625,1.1685568323120947,0,,multi_full_20260502_195038_0001,2026-05-02T19:52:41.427460,https://www.sidefx.com/tutorials/apex-apex-script-intro/,https://www.sidefx.com/,False,https://www.sidefx.com/tutorials/apex-apex-script-intro/,https://www.sidefx.com/,https://www.sidefx.com/tutorials/apex-apex-script-intro/,recon_page,2026-05-02T19:52:41.448135
59,1,2,0,0,0,0,1,0,14,0,com,200,2,42637,322.584,0,0,20,1,nginx,0,html,1,1,0,0,5,0,1,1,1,1,1,3,1,9,1,1,1,3,0,0,1,1,1,5,0,0,1,1,1,17,7,8,2,1,116,106,10,1,11,1,7,1,5,1,1,12,1,0,1,0,0,0,0,0,0,0,0,1,0,0,0,0,0,0,0,0,0,0,0,0,0,0,1.0,1.0,1.0,0,0,0,1,2,1,1,2,1,3,0,6,117,3,0,0,0,0,0,0,0,3.0,0.0003987147313366325,0.625,0.3987147313366325,0,,multi_full_20260502_195038_0001,2026-05-02T19:52:41.447102,https://www.sidefx.com/learn-main-menu/production-projects/,https://www.sidefx.com/,False,https://www.sidefx.com/learn-main-menu/production-projects/,https://www.sidefx.com/,https://www.sidefx.com/learn-main-menu/production-projects/,recon_page,2026-05-02T19:52:41.451933
51,1,3,0,0,0,0,1,0,14,0,com,200,2,43887,266.593,0,0,20,1,nginx,0,html,1,1,0,0,5,0,1,1,1,1,1,3,1,9,1,1,1,3,0,0,1,1,1,5,0,0,1,1,1,20,8,10,2,1,122,112,10,1,12,1,7,1,8,1,1,17,1,0,1,0,0,0,0,0,0,0,0,1,0,0,0,0,0,0,0,0,0,0,0,0,0,0,1.0,1.0,1.0,0,0,0,1,2,1,1,2,1,3,0,6,118,3,0,0,0,0,0,0,0,3.0,0.000455715815617381,0.625,0.38735844327477387,0,,multi_full_20260502_195038_0001,2026-05-02T19:52:46.477931,https://www.sidefx.com/Support/licensing/education/,https://www.sidefx.com/,False,https://www.sidefx.com/Support/licensing/education/,https://www.sidefx.com/,https://www.sidefx.com/Support/licensing/education/,recon_page,2026-05-02T19:52:46.483066
77,1,2,0,0,0,0,1,0,14,0,com,200,2,41093,288.53299999999996,0,0,21,1,nginx,0,html,1,1,0,0,5,0,1,1,1,1,1,4,1,22,1,1,1,13,0,0,1,1,1,6,1,1,1,1,1,19,10,7,2,1,118,103,15,1,8,1,7,1,3,1,1,14,1,0,1,0,0,0,0,0,0,0,0,1,0,0,0,0,0,0,0,0,0,0,0,0,0,0,1.0,1.0,1.0,0,0,0,1,3,1,2,3,1,4,0,17,116,3,0,0,0,0,0,0,0,5.5,0.0004623658530649989,0.625,0.7787214367410508,0,,multi_full_20260502_195038_0001,2026-05-02T19:52:46.621449,https://www.sidefx.com/gallery/procedural-grape-growth-simulation-time-lapse/,https://www.sidefx.com/,False,https://www.sidefx.com/gallery/procedural-grape-growth-simulation-time-lapse/,https://www.sidefx.com/,https://www.sidefx.com/gallery/procedural-grape-growth-simulation-time-lapse/,recon_page,2026-05-02T19:52:46.625343
69,1,3,0,0,0,0,1,0,14,0,com,200,2,31709,232.806,0,0,21,1,nginx,0,html,1,1,0,0,5,0,1,1,1,1,1,3,1,9,1,1,1,3,0,0,1,1,1,5,0,0,1,1,1,16,8,6,2,1,107,97,10,1,6,1,7,1,2,1,1,7,1,0,1,0,0,0,0,0,0,0,0,1,0,0,0,0,0,0,0,0,0,0,0,0,0,0,1.0,1.0,1.0,0,0,0,1,2,1,1,2,1,3,0,6,105,3,0,0,0,0,0,0,0,3.0,0.0005045886026049386,0.625,0.5361253902677473,0,,multi_full_20260502_195038_0001,2026-05-02T19:52:50.170140,https://www.sidefx.com/learn/talks/hyper-light-breaker-heart-machine/,https://www.sidefx.com/,False,https://www.sidefx.com/learn/talks/hyper-light-breaker-heart-machine/,https://www.sidefx.com/,https://www.sidefx.com/learn/talks/hyper-light-breaker-heart-machine/,recon_page,2026-05-02T19:52:50.174223
47,1,3,0,0,0,0,1,0,14,0,com,200,2,31022,270.262,0,0,21,1,nginx,0,html,1,1,0,0,5,0,1,1,1,1,1,3,1,9,1,1,1,3,0,0,1,1,1,5,0,0,1,1,1,16,8,6,2,1,107,97,10,1,6,1,7,1,2,1,1,7,1,0,1,0,0,0,0,0,0,0,0,1,0,0,0,0,0,0,0,0,0,0,0,0,0,0,1.0,1.0,1.0,0,0,0,1,2,1,1,2,1,3,0,6,105,3,0,0,0,0,0,0,0,3.0,0.0005157630068983302,0.625,0.5479981948294759,0,,multi_full_20260502_195038_0001,2026-05-02T19:52:55.288862,https://www.sidefx.com/learn/talks/aplat-rocky/,https://www.sidefx.com/,False,https://www.sidefx.com/learn/talks/aplat-rocky/,https://www.sidefx.com/,https://www.sidefx.com/learn/talks/aplat-rocky/,recon_page,2026-05-02T19:52:55.293411
69,1,3,0,0,0,0,1,0,14,0,com,200,2,40734,301.71999999999997,0,0,20,1,nginx,0,html,1,1,0,0,5,0,1,1,1,1,1,3,1,9,1,1,1,3,0,0,1,1,1,5,0,0,1,1,1,18,7,8,3,1,119,109,10,1,7,1,7,1,5,1,1,13,1,0,1,0,0,0,0,0,0,0,0,1,0,0,0,0,0,0,0,0,0,0,0,0,0,0,1.0,1.0,1.0,0,0,0,1,2,1,1,2,1,3,0,6,114,3,0,0,0,0,0,0,0,3.0,0.0004418912947414936,0.625,0.4173417783669662,0,,multi_full_20260502_195038_0001,2026-05-02T19:53:00.517274,https://www.sidefx.com/learn-main-menu/academic-programs/instructors/,https://www.sidefx.com/,False,https://www.sidefx.com/learn-main-menu/academic-programs/instructors/,https://www.sidefx.com/,https://www.sidefx.com/learn-main-menu/academic-programs/instructors/,recon_page,2026-05-02T19:53:00.520933
49,1,3,0,0,0,0,1,0,14,0,com,200,2,37650,379.457,0,0,21,1,nginx,0,html,1,1,0,0,5,0,1,1,1,1,1,3,1,12,1,1,1,3,0,0,1,1,1,6,0,0,1,3,1,17,8,7,2,1,113,103,10,1,11,1,7,1,2,1,1,10,1,0,1,0,0,0,0,0,0,0,0,1,0,0,0,0,0,0,0,0,0,0,0,0,0,0,1.0,1.0,1.0,0,0,0,1,2,1,1,2,1,3,0,6,108,3,0,0,0,0,0,0,0,4.0,0.00045152722443559095,0.625,0.5577689243027889,0,,multi_full_20260502_195038_0001,2026-05-02T19:53:02.665169,https://www.sidefx.com/community/section/stories/,https://www.sidefx.com/,False,https://www.sidefx.com/community/section/stories/,https://www.sidefx.com/,https://www.sidefx.com/community/section/stories/,recon_page,2026-05-02T19:53:02.678866
47,1,3,0,0,0,0,1,0,14,0,com,200,2,41497,305.127,0,0,20,1,nginx,0,html,1,1,0,0,5,0,1,1,1,1,1,3,1,9,1,1,1,3,0,0,1,1,1,5,0,0,1,1,1,20,8,10,2,1,121,111,10,1,11,1,7,1,8,1,1,18,1,0,1,0,0,0,0,0,0,0,0,1,0,0,0,0,0,0,0,0,0,0,0,0,0,0,1.0,1.0,1.0,0,0,0,1,2,1,1,2,1,3,0,6,117,3,0,0,0,0,0,0,0,3.0,0.0004819625515097477,0.625,0.40966816878328555,0,,multi_full_20260502_195038_0001,2026-05-02T19:53:02.792193,https://www.sidefx.com/Support/licensing/indie/,https://www.sidefx.com/,False,https://www.sidefx.com/Support/licensing/indie/,https://www.sidefx.com/,https://www.sidefx.com/Support/licensing/indie/,recon_page,2026-05-02T19:53:02.802887
51,1,3,0,0,0,0,1,0,14,0,com,200,2,94497,540.8309999999999,0,0,20,1,nginx,0,html,1,1,0,0,5,0,1,1,1,1,1,3,1,9,1,1,1,3,0,0,1,1,1,7,0,0,1,1,1,21,9,10,2,1,130,120,10,1,14,1,7,1,7,1,1,14,1,0,1,0,0,0,0,0,0,0,0,1,0,0,0,0,0,0,0,0,0,0,0,0,0,0,1.0,1.0,1.0,0,0,0,1,2,1,1,2,1,3,0,6,120,3,0,0,0,0,0,0,0,3.0,0.00022222927711990857,0.625,0.20106458406086966,0,,multi_full_20260502_195038_0001,2026-05-02T19:53:02.911352,https://www.sidefx.com/products/houdini/characters/,https://www.sidefx.com/,False,https://www.sidefx.com/products/houdini/characters/,https://www.sidefx.com/,https://www.sidefx.com/products/houdini/characters/,recon_page,2026-05-02T19:53:02.925008
52,1,3,0,0,0,0,1,0,14,0,com,200,2,38672,264.735,0,0,20,1,nginx,0,html,1,1,0,0,5,0,1,1,1,1,1,3,1,9,1,1,1,3,0,0,1,1,1,5,0,0,1,1,1,20,8,10,2,1,121,111,10,1,7,1,7,1,8,1,1,14,1,0,1,0,0,0,0,0,0,0,0,1,0,0,0,0,0,0,0,0,0,0,0,0,0,0,1.0,1.0,1.0,0,0,0,1,2,1,1,2,1,3,0,6,117,3,0,0,0,0,0,0,0,3.0,0.000517170045510964,0.625,0.4395945386843194,0,,multi_full_20260502_195038_0001,2026-05-02T19:53:03.081602,https://www.sidefx.com/products/houdini/pipeline-ai/,https://www.sidefx.com/,False,https://www.sidefx.com/products/houdini/pipeline-ai/,https://www.sidefx.com/,https://www.sidefx.com/products/houdini/pipeline-ai/,recon_page,2026-05-02T19:53:03.091569
40,1,2,0,0,0,0,1,0,14,0,com,200,2,49769,330.583,0,0,20,1,nginx,0,html,1,1,0,0,5,0,1,1,1,1,1,3,1,9,1,1,1,3,0,0,1,1,1,5,0,0,1,1,1,20,8,10,2,1,135,125,10,1,16,1,7,1,7,1,1,14,1,0,1,0,0,0,0,0,0,0,0,1,0,0,0,0,0,0,0,0,0,0,0,0,0,0,1.0,1.0,1.0,0,0,0,1,2,1,1,2,1,3,0,6,116,3,0,0,0,0,0,0,0,3.0,0.0004018565773875304,0.625,0.3415780907794008,0,,multi_full_20260502_195038_0001,2026-05-02T19:53:03.088464,https://www.sidefx.com/products/houdini/,https://www.sidefx.com/,False,https://www.sidefx.com/products/houdini/,https://www.sidefx.com/,https://www.sidefx.com/products/houdini/,recon_page,2026-05-02T19:53:03.092922
56,1,3,0,0,0,0,1,0,14,0,com,200,2,41895,298.515,0,0,20,1,nginx,0,html,1,1,0,0,5,0,1,1,1,1,1,3,1,9,1,1,1,3,0,0,1,1,1,5,0,0,1,1,1,17,7,8,2,1,124,111,13,1,19,1,7,1,5,1,1,13,1,0,1,0,0,0,0,0,0,0,0,1,0,0,0,0,0,0,0,0,0,0,0,0,0,0,1.0,1.0,1.0,0,0,0,1,2,1,1,2,1,3,0,6,120,3,0,0,0,0,0,0,0,3.0,0.0004057763456259697,0.625,0.40577634562596965,0,,multi_full_20260502_195038_0001,2026-05-02T19:53:08.558831,https://www.sidefx.com/products/houdini-engine/plug-ins/,https://www.sidefx.com/,False,https://www.sidefx.com/products/houdini-engine/plug-ins/,https://www.sidefx.com/,https://www.sidefx.com/products/houdini-engine/plug-ins/,recon_page,2026-05-02T19:53:08.571104
43,1,2,0,0,0,0,1,0,14,0,com,200,2,67415,669.038,0,0,20,1,nginx,0,html,1,1,0,0,5,0,1,1,1,1,1,3,1,9,1,1,1,3,0,0,1,1,1,5,0,0,1,1,1,20,8,10,2,1,119,100,19,1,30,1,7,1,8,1,1,19,1,0,1,0,0,0,0,0,0,0,0,1,0,0,0,0,0,0,0,0,0,0,0,0,0,0,1.0,1.0,1.0,0,0,0,1,2,1,1,2,1,3,0,6,122,4,0,0,0,0,0,0,0,3.0,0.0002966698805903731,0.625,0.2521693985018171,0,,multi_full_20260502_195038_0001,2026-05-02T19:53:10.637833,https://www.sidefx.com/community/offf-2026/,https://www.sidefx.com/,False,https://www.sidefx.com/community/offf-2026/,https://www.sidefx.com/,https://www.sidefx.com/community/offf-2026/,recon_page,2026-05-02T19:53:10.660062
55,1,3,0,0,0,0,1,0,14,0,com,200,2,38513,301.921,0,0,20,1,nginx,0,html,1,1,0,0,5,0,1,1,1,1,1,3,1,9,1,1,1,3,0,0,1,1,1,5,0,0,1,1,1,20,8,10,2,1,125,115,10,1,11,1,7,1,7,1,1,14,1,0,1,0,0,0,0,0,0,0,0,1,0,0,0,0,0,0,0,0,0,0,0,0,0,0,1.0,1.0,1.0,0,0,0,1,2,1,1,2,1,3,0,6,117,3,0,0,0,0,0,0,0,3.0,0.0005193051696829641,0.625,0.4414093942305196,0,,multi_full_20260502_195038_0001,2026-05-02T19:53:16.883308,https://www.sidefx.com/products/houdini/world-building/,https://www.sidefx.com/,False,https://www.sidefx.com/products/houdini/world-building/,https://www.sidefx.com/,https://www.sidefx.com/products/houdini/world-building/,recon_page,2026-05-02T19:53:16.887884
60,1,3,0,0,0,0,1,0,14,0,com,200,2,261523,547.0120000000001,0,0,20,1,nginx,0,html,1,1,0,0,5,0,1,1,1,1,1,3,1,9,1,1,1,3,0,0,1,1,1,13,0,0,1,1,1,24,12,10,2,1,140,111,29,1,26,1,7,1,8,1,1,14,1,0,1,0,0,0,0,0,0,0,0,1,0,0,0,0,0,0,0,0,0,0,0,0,0,0,1.0,1.0,1.0,0,0,0,1,2,1,1,2,1,3,0,6,135,3,0,0,0,0,0,0,0,3.0,9.177013111657483e-05,0.625,0.09559388657976545,0,,multi_full_20260502_195038_0001,2026-05-02T19:53:17.024913,https://www.sidefx.com/products/whats-new-in-h21/copernicus/,https://www.sidefx.com/,False,https://www.sidefx.com/products/whats-new-in-h21/copernicus/,https://www.sidefx.com/,https://www.sidefx.com/products/whats-new-in-h21/copernicus/,recon_page,2026-05-02T19:53:17.036620
100,1,3,0,0,0,0,1,0,14,0,com,200,2,32045,385.551,0,0,21,1,nginx,0,html,1,1,0,0,5,0,1,1,1,1,1,3,1,9,1,1,1,3,0,0,1,1,1,5,0,0,1,1,1,16,8,6,2,1,107,97,10,1,6,1,7,1,2,1,1,7,1,0,1,0,0,0,0,0,0,0,0,1,0,0,0,0,0,0,0,0,0,0,0,0,0,0,1.0,1.0,1.0,0,0,0,1,2,1,1,2,1,3,0,6,105,3,0,0,0,0,0,0,0,3.0,0.0004992978623810267,0.625,0.5305039787798408,0,,multi_full_20260502_195038_0001,2026-05-02T19:53:17.104658,https://www.sidefx.com/learn/talks/gdc-2026-freedom-through-structure-character-pipelines-at-embark/,https://www.sidefx.com/,False,https://www.sidefx.com/learn/talks/gdc-2026-freedom-through-structure-character-pipelines-at-embark/,https://www.sidefx.com/,https://www.sidefx.com/learn/talks/gdc-2026-freedom-through-structure-character-pipelines-at-embark/,recon_page,2026-05-02T19:53:17.115447
42,1,2,0,0,0,0,1,0,14,0,com,200,2,38601,289.808,0,0,21,1,nginx,0,html,1,1,0,0,5,0,1,1,1,1,1,3,1,9,1,1,1,3,0,0,1,1,1,5,0,0,1,1,1,19,10,7,2,1,116,101,15,1,7,1,7,1,3,1,1,14,1,0,1,0,0,0,0,0,0,0,0,1,0,0,0,0,0,0,0,0,0,0,0,0,0,0,1.0,1.0,1.0,0,0,0,1,2,1,1,2,1,3,0,6,113,3,0,0,0,0,0,0,0,3.0,0.0004922152275847776,0.625,0.4404030983653273,0,,multi_full_20260502_195038_0001,2026-05-02T19:53:21.142072,https://www.sidefx.com/gallery/feather-rd/,https://www.sidefx.com/,False,https://www.sidefx.com/gallery/feather-rd/,https://www.sidefx.com/,https://www.sidefx.com/gallery/feather-rd/,recon_page,2026-05-02T19:53:21.164676
49,1,3,0,0,0,0,1,0,14,0,com,200,2,179643,623.5110000000001,0,0,20,1,nginx,0,html,1,1,0,0,5,0,1,1,1,1,1,3,1,9,1,1,1,3,0,0,1,1,1,9,0,0,1,1,1,22,10,10,2,1,121,111,10,1,12,1,7,1,8,1,1,14,1,0,1,0,0,0,0,0,0,0,0,1,0,0,0,0,0,0,0,0,0,0,0,0,0,0,1.0,1.0,1.0,0,0,0,1,2,1,1,2,1,3,0,6,117,3,0,0,0,0,0,0,0,3.0,0.0001224651113597524,0.625,0.11689851538885455,0,,multi_full_20260502_195038_0001,2026-05-02T19:53:21.201157,https://www.sidefx.com/products/houdini/modeling/,https://www.sidefx.com/,False,https://www.sidefx.com/products/houdini/modeling/,https://www.sidefx.com/,https://www.sidefx.com/products/houdini/modeling/,recon_page,2026-05-02T19:53:21.226992
53,1,3,0,0,0,0,1,0,14,0,com,200,2,40268,350.616,0,0,20,1,nginx,0,html,1,1,0,0,5,0,1,1,1,1,1,3,1,9,1,1,1,3,0,0,1,1,1,5,0,0,1,1,1,17,7,8,2,1,115,105,10,1,17,1,7,1,5,1,1,13,1,0,1,0,0,0,0,0,0,0,0,1,0,0,0,0,0,0,0,0,0,0,0,0,0,0,1.0,1.0,1.0,0,0,0,1,2,1,1,2,1,3,0,6,112,3,0,0,0,0,0,0,0,3.0,0.0004221714512764478,0.625,0.4221714512764478,0,,multi_full_20260502_195038_0001,2026-05-02T19:53:23.137130,https://www.sidefx.com/products/houdini-engine/batch/,https://www.sidefx.com/,False,https://www.sidefx.com/products/houdini-engine/batch/,https://www.sidefx.com/,https://www.sidefx.com/products/houdini-engine/batch/,recon_page,2026-05-02T19:53:23.150952
41,1,2,0,0,0,0,1,0,14,0,com,200,2,80602,445.527,0,0,21,1,nginx,0,html,1,1,0,0,5,0,1,1,1,1,1,3,1,16,1,1,1,3,0,0,1,1,1,7,0,0,1,6,1,18,8,8,2,1,107,97,10,1,9,1,7,1,3,1,1,8,1,0,1,0,0,0,0,0,0,0,0,1,0,0,0,0,0,0,0,0,0,0,0,0,0,0,1.0,1.0,1.0,0,0,0,1,2,1,1,2,1,3,0,7,107,3,0,0,0,0,0,0,0,5.333333333333333,0.0002233195206074291,0.625,0.32257264087739757,0,,multi_full_20260502_195038_0001,2026-05-02T19:53:23.160780,https://www.sidefx.com/profile/directory/,https://www.sidefx.com/,False,https://www.sidefx.com/profile/directory/,https://www.sidefx.com/,https://www.sidefx.com/profile/directory/,recon_page,2026-05-02T19:53:23.163358
35,1,1,0,0,0,0,1,0,14,0,com,200,2,96776,1013.266,0,0,19,0,unknown,0,html,1,2,0,1,6,1,1,1,1,1,1,1,1,4,0,0,0,0,0,0,0,0,1,20,0,0,0,0,1,24,6,18,0,1,65,11,54,1,4,1,35,1,2,1,1,5,1,0,0,0,0,0,0,0,0,0,0,0,0,0,0,0,0,0,0,0,0,0,0,0,0,0,1.0,0.0,1.0,0,0,0,1,0,0,0,0,0,1,0,1,78,7,0,0,0,0,2,0,0,4.0,0.00024799537075307927,0.75,0.25832851120112427,0,,multi_full_20260502_195038_0001,2026-05-02T19:53:23.647886,https://www.sidefx.com/user-groups/,https://www.sidefx.com/,False,https://www.sidefx.com/user-groups/,https://www.sidefx.com/,https://www.sidefx.com/user-groups/,recon_page,2026-05-02T19:53:23.652787
65,1,2,0,0,0,0,1,0,14,0,com,200,2,46252,492.27700000000004,0,0,21,1,nginx,0,html,1,1,0,0,5,0,1,1,1,1,1,3,1,9,1,1,1,3,0,0,1,1,1,5,0,0,1,1,1,19,10,7,2,1,119,106,13,1,12,1,7,1,3,1,1,14,1,0,1,0,0,0,0,0,0,0,0,1,0,0,0,0,0,0,0,0,0,0,0,0,0,0,1.0,1.0,1.0,0,0,0,1,2,1,1,2,1,3,0,6,116,3,0,0,0,0,0,0,0,3.0,0.00041079304678716595,0.625,0.3675516734411485,0,,multi_full_20260502_195038_0001,2026-05-02T19:53:31.986899,https://www.sidefx.com/gallery/procedural-cinematic-environments/,https://www.sidefx.com/,False,https://www.sidefx.com/gallery/procedural-cinematic-environments/,https://www.sidefx.com/,https://www.sidefx.com/gallery/procedural-cinematic-environments/,recon_page,2026-05-02T19:53:32.004351
54,1,3,0,0,0,0,1,0,14,0,com,200,2,31552,367.84,0,0,21,1,nginx,0,html,1,1,0,0,5,0,1,1,1,1,1,3,1,9,1,1,1,3,0,0,1,1,1,5,0,0,1,1,1,16,8,6,2,1,107,97,10,1,6,1,7,1,2,1,1,7,1,0,1,0,0,0,0,0,0,0,0,1,0,0,0,0,0,0,0,0,0,0,0,0,0,0,1.0,1.0,1.0,0,0,0,1,2,1,1,2,1,3,0,6,105,3,0,0,0,0,0,0,0,3.0,0.0005070993914807302,0.625,0.5387931034482759,0,,multi_full_20260502_195038_0001,2026-05-02T19:53:31.985644,https://www.sidefx.com/learn/talks/real-moon-historia/,https://www.sidefx.com/,False,https://www.sidefx.com/learn/talks/real-moon-historia/,https://www.sidefx.com/,https://www.sidefx.com/learn/talks/real-moon-historia/,recon_page,2026-05-02T19:53:32.005946
47,1,3,0,0,0,0,1,0,14,0,com,200,2,37643,300.254,0,0,21,1,nginx,0,html,1,1,0,0,5,0,1,1,1,1,1,3,1,12,1,1,1,3,0,0,1,1,1,6,0,0,1,3,1,17,8,7,2,1,113,103,10,1,11,1,7,1,2,1,1,10,1,0,1,0,0,0,0,0,0,0,0,1,0,0,0,0,0,0,0,0,0,0,0,0,0,0,1.0,1.0,1.0,0,0,0,1,2,1,1,2,1,3,0,6,108,3,0,0,0,0,0,0,0,4.0,0.0004516111893313498,0.625,0.5578726456446086,0,,multi_full_20260502_195038_0001,2026-05-02T19:53:32.005747,https://www.sidefx.com/community/section/event/,https://www.sidefx.com/,False,https://www.sidefx.com/community/section/event/,https://www.sidefx.com/,https://www.sidefx.com/community/section/event/,recon_page,2026-05-02T19:53:32.009230
42,1,2,0,0,0,0,1,0,14,0,com,200,2,34951,297.45300000000003,0,0,21,1,nginx,0,html,1,1,0,0,5,0,1,1,1,1,1,3,1,9,1,1,1,3,0,0,1,1,1,5,0,0,1,1,1,17,8,7,2,1,113,99,14,1,7,1,7,1,3,1,1,7,1,0,1,0,1,0,0,0,0,0,0,1,0,0,0,0,0,0,0,0,0,0,0,0,0,0,1.0,1.0,1.0,0,0,0,1,2,1,1,2,1,3,0,6,110,6,0,3,0,0,0,0,0,3.0,0.0004863952390489543,0.625,0.48639523904895426,0,,multi_full_20260502_195038_0001,2026-05-02T19:53:53.682036,https://www.sidefx.com/community/bfx-2026/,https://www.sidefx.com/,False,https://www.sidefx.com/community/bfx-2026/,https://www.sidefx.com/,https://www.sidefx.com/community/bfx-2026/,recon_page,2026-05-02T19:53:53.686885
36,1,1,1,1,0,0,1,0,14,0,com,200,2,29847,273.923,0,0,23,1,nginx,0,html,1,2,0,1,6,0,1,1,1,1,1,4,1,15,1,2,1,5,0,0,1,1,1,7,0,0,1,1,1,11,5,6,0,1,111,101,10,1,5,1,7,1,2,1,1,2,1,0,1,0,0,0,0,0,0,0,0,1,0,0,0,0,0,0,0,0,0,0,0,0,0,0,1.0,1.0,1.0,0,0,0,1,3,1,2,3,1,4,0,9,103,6,0,0,0,0,0,0,0,3.75,0.0003685462525546956,0.75,0.8711093242201896,0,,multi_full_20260502_195038_0001,2026-05-02T19:53:54.008580,https://www.sidefx.com/login/?next=/,https://www.sidefx.com/,False,https://www.sidefx.com/login/?next=/,https://www.sidefx.com/,https://www.sidefx.com/login/?next=/,recon_page,2026-05-02T19:53:54.012223
54,1,2,0,0,0,0,1,0,14,0,com,200,2,147540,685.821,0,0,20,1,nginx,0,html,1,1,0,0,5,0,1,1,1,1,1,3,1,9,1,1,1,3,0,0,1,1,1,5,0,0,1,1,1,20,8,10,2,1,505,406,99,1,269,1,7,1,7,1,1,166,1,0,1,0,0,0,0,0,0,0,0,1,0,0,0,0,0,0,0,0,0,0,0,0,0,0,1.0,1.0,1.0,0,0,0,1,2,1,1,2,1,3,0,6,356,53,0,0,0,0,0,0,0,3.0,0.00013555645926528398,0.625,0.1152229903754914,0,,multi_full_20260502_195038_0001,2026-05-02T19:53:58.708104,https://www.sidefx.com/community/mardini-2026-winners/,https://www.sidefx.com/,False,https://www.sidefx.com/community/mardini-2026-winners/,https://www.sidefx.com/,https://www.sidefx.com/community/mardini-2026-winners/,recon_page,2026-05-02T19:53:58.713348
44,1,3,0,0,0,0,1,0,14,0,com,200,2,93633,508.722,0,0,20,1,nginx,0,html,1,1,0,0,5,0,1,1,1,1,1,3,1,9,1,1,1,3,0,0,1,1,1,7,0,0,1,1,1,21,9,10,2,1,128,118,10,1,12,1,7,1,7,1,1,14,1,0,1,0,0,0,0,0,0,0,0,1,0,0,0,0,0,0,0,0,0,0,0,0,0,0,1.0,1.0,1.0,0,0,0,1,2,1,1,2,1,3,0,6,119,3,0,0,0,0,0,0,0,3.0,0.00022427990131684342,0.625,0.2029199107152393,0,,multi_full_20260502_195038_0001,2026-05-02T19:54:00.207366,https://www.sidefx.com/products/houdini/vfx/,https://www.sidefx.com/,False,https://www.sidefx.com/products/houdini/vfx/,https://www.sidefx.com/,https://www.sidefx.com/products/houdini/vfx/,recon_page,2026-05-02T19:54:00.212800
32,1,1,0,0,0,0,1,0,14,0,com,200,2,37490,312.512,0,0,23,1,nginx,0,html,1,1,0,1,6,0,1,1,1,1,1,5,1,25,1,4,1,6,0,0,1,1,1,7,0,0,1,1,1,19,9,7,3,1,113,103,10,1,6,1,7,1,3,1,1,7,1,0,1,0,0,0,0,0,0,0,1,1,0,0,0,0,0,0,0,0,0,0,0,0,0,0,1.0,1.0,1.0,0,0,0,1,4,1,3,4,1,5,0,15,108,6,0,0,1,0,0,0,0,5.0,0.0005068018138170179,0.75,0.9869298479594558,0,,multi_full_20260502_195038_0001,2026-05-02T19:54:02.531162,https://www.sidefx.com/download/,https://www.sidefx.com/,False,https://www.sidefx.com/download/,https://www.sidefx.com/,https://www.sidefx.com/download/,recon_page,2026-05-02T19:54:02.546226
66,1,2,0,0,0,0,1,0,14,0,com,200,2,39548,275.75899999999996,0,0,21,1,nginx,0,html,1,1,0,0,5,0,1,1,1,1,1,3,1,9,1,1,1,3,0,0,1,1,1,5,0,0,1,1,1,19,10,7,2,1,116,101,15,1,7,1,7,1,3,1,1,14,1,0,1,0,0,0,0,0,0,0,0,1,0,0,0,0,0,0,0,0,0,0,0,0,0,0,1.0,1.0,1.0,0,0,0,1,2,1,1,2,1,3,0,6,113,3,0,0,0,0,0,0,0,3.0,0.00048042884595934053,0.625,0.42985738848993627,0,,multi_full_20260502_195038_0001,2026-05-02T19:54:05.109199,https://www.sidefx.com/gallery/earth-explosion-simulation-houdini/,https://www.sidefx.com/,False,https://www.sidefx.com/gallery/earth-explosion-simulation-houdini/,https://www.sidefx.com/,https://www.sidefx.com/gallery/earth-explosion-simulation-houdini/,recon_page,2026-05-02T19:54:05.114149
59,1,3,0,0,0,0,1,0,14,0,com,200,2,205902,522.202,0,0,20,1,nginx,0,html,1,1,0,0,5,0,1,1,1,1,1,3,1,9,1,1,1,3,0,0,1,1,1,11,0,0,1,1,1,23,11,10,2,1,134,108,26,1,23,1,7,1,7,1,1,14,1,0,1,0,0,0,0,0,0,0,0,1,0,0,0,0,0,0,0,0,0,0,0,0,0,0,1.0,1.0,1.0,0,0,0,1,2,1,1,2,1,3,0,6,129,3,0,0,0,0,0,0,0,3.0,0.00011170362599683344,0.625,0.11170362599683345,0,,multi_full_20260502_195038_0001,2026-05-02T19:54:05.347505,https://www.sidefx.com/products/whats-new-in-h21/animation/,https://www.sidefx.com/,False,https://www.sidefx.com/products/whats-new-in-h21/animation/,https://www.sidefx.com/,https://www.sidefx.com/products/whats-new-in-h21/animation/,recon_page,2026-05-02T19:54:05.359128
44,1,2,0,0,0,0,1,0,14,0,com,200,2,65954,450.40799999999996,0,0,21,1,nginx,0,html,1,1,0,0,5,0,1,1,1,1,1,3,1,9,1,1,1,3,0,0,1,1,1,6,0,0,1,1,1,17,7,8,2,1,175,165,10,1,24,1,7,1,3,1,1,10,1,0,1,0,0,0,0,0,0,0,0,1,0,0,0,0,0,0,0,0,0,0,0,0,0,0,1.0,1.0,1.0,0,0,0,1,2,1,1,2,1,3,0,6,145,3,0,0,0,0,0,0,0,3.0,0.0002577554052824696,0.625,0.2729174879461443,0,,multi_full_20260502_195038_0001,2026-05-02T19:54:05.350576,https://www.sidefx.com/learn/learning-paths/,https://www.sidefx.com/,False,https://www.sidefx.com/learn/learning-paths/,https://www.sidefx.com/,https://www.sidefx.com/learn/learning-paths/,recon_page,2026-05-02T19:54:05.372208
57,1,3,0,0,0,0,1,0,14,0,com,200,2,157081,547.002,0,0,20,1,nginx,0,html,1,1,0,0,5,0,1,1,1,1,1,3,1,9,1,1,1,3,0,0,1,1,1,9,0,0,1,1,1,22,10,10,2,1,140,108,32,1,31,1,7,1,7,1,1,14,1,0,1,0,0,0,0,0,0,0,1,1,0,0,0,0,0,0,0,0,0,0,0,0,0,0,1.0,1.0,1.0,0,0,0,1,2,1,1,2,1,3,0,6,135,3,0,0,0,0,0,0,0,3.0,0.00014005513079239372,0.625,0.13368898848364857,0,,multi_full_20260502_195038_0001,2026-05-02T19:54:05.417116,https://www.sidefx.com/products/whats-new-in-h21/lookdev/,https://www.sidefx.com/,False,https://www.sidefx.com/products/whats-new-in-h21/lookdev/,https://www.sidefx.com/,https://www.sidefx.com/products/whats-new-in-h21/lookdev/,recon_page,2026-05-02T19:54:05.422038
74,1,3,0,0,0,0,1,0,14,0,com,200,2,31509,826.112,0,0,21,1,nginx,0,html,1,1,0,0,5,0,1,1,1,1,1,3,1,9,1,1,1,3,0,0,1,1,1,5,0,0,1,1,1,16,8,6,2,1,107,97,10,1,6,1,7,1,2,1,1,7,1,0,1,0,0,0,0,0,0,0,0,1,0,0,0,0,0,0,0,0,0,0,0,0,0,0,1.0,1.0,1.0,0,0,0,1,2,1,1,2,1,3,0,6,105,3,0,0,0,0,0,0,0,3.0,0.0005077914246723158,0.625,0.5395283887143356,0,,multi_full_20260502_195038_0001,2026-05-02T19:54:05.538321,https://www.sidefx.com/learn/talks/xk-studio-forward-festival-vienna-2025/,https://www.sidefx.com/,False,https://www.sidefx.com/learn/talks/xk-studio-forward-festival-vienna-2025/,https://www.sidefx.com/,https://www.sidefx.com/learn/talks/xk-studio-forward-festival-vienna-2025/,recon_page,2026-05-02T19:54:05.559591
57,1,3,0,0,0,0,1,0,14,0,com,200,2,151705,1091.952,0,0,20,1,nginx,0,html,1,1,0,0,5,0,1,1,1,1,1,3,1,9,1,1,1,3,0,0,1,1,1,9,0,0,1,1,1,22,10,10,2,1,133,110,23,1,19,1,7,1,7,1,1,14,1,0,1,0,0,0,0,0,0,0,0,1,0,0,0,0,0,0,0,0,0,0,0,0,0,0,1.0,1.0,1.0,0,0,0,1,2,1,1,2,1,3,0,6,128,3,0,0,0,0,0,0,0,3.0,0.00014501829208002373,0.625,0.13842655153093172,0,,multi_full_20260502_195038_0001,2026-05-02T19:54:05.587002,https://www.sidefx.com/products/whats-new-in-h21/rigging/,https://www.sidefx.com/,False,https://www.sidefx.com/products/whats-new-in-h21/rigging/,https://www.sidefx.com/,https://www.sidefx.com/products/whats-new-in-h21/rigging/,recon_page,2026-05-02T19:54:05.594668
60,1,2,0,0,0,0,1,0,14,0,com,200,2,44749,660.601,0,0,21,1,nginx,0,html,1,1,0,0,5,0,1,1,1,1,1,3,1,9,1,1,1,3,0,0,1,1,1,6,0,0,1,1,1,21,11,8,2,1,120,110,10,1,7,1,7,1,3,1,1,19,1,0,1,0,1,0,0,0,0,0,0,1,0,0,0,0,0,0,0,0,0,0,0,0,0,0,1.0,1.0,1.0,0,0,0,1,2,1,1,2,1,3,0,6,117,3,0,0,0,0,0,0,0,3.0,0.0004692842298151914,0.625,0.40224362555587834,0,,multi_full_20260502_195038_0001,2026-05-02T19:54:09.384335,https://www.sidefx.com/tutorials/how-to-create-a-gommage-fx/,https://www.sidefx.com/,False,https://www.sidefx.com/tutorials/how-to-create-a-gommage-fx/,https://www.sidefx.com/,https://www.sidefx.com/tutorials/how-to-create-a-gommage-fx/,recon_page,2026-05-02T19:54:09.409250
67,1,3,0,0,0,0,1,0,14,0,com,200,2,39631,268.312,0,0,20,1,nginx,0,html,1,1,0,0,5,0,1,1,1,1,1,3,1,9,1,1,1,3,0,0,1,1,1,5,0,0,1,1,1,19,9,8,2,1,117,106,11,1,15,1,7,1,5,1,1,13,1,0,1,0,0,0,0,0,0,0,0,1,0,0,0,0,0,0,0,0,0,0,0,0,0,0,1.0,1.0,1.0,0,0,0,1,2,1,1,2,1,3,0,6,112,3,0,0,0,0,0,0,0,3.0,0.000479422674169211,0.625,0.42895712951982035,0,,multi_full_20260502_195038_0001,2026-05-02T19:54:11.526690,https://www.sidefx.com/learn-main-menu/academic-programs/resources/,https://www.sidefx.com/,False,https://www.sidefx.com/learn-main-menu/academic-programs/resources/,https://www.sidefx.com/,https://www.sidefx.com/learn-main-menu/academic-programs/resources/,recon_page,2026-05-02T19:54:11.531796
52,1,3,0,0,0,0,1,0,14,0,com,200,2,60366,362.284,0,0,20,1,nginx,0,html,1,1,0,0,5,0,1,1,1,1,1,3,1,9,1,1,1,3,0,0,1,1,1,5,0,0,1,1,1,17,7,8,2,1,111,101,10,1,8,1,7,1,5,1,1,18,1,0,1,0,0,0,0,0,0,0,0,1,0,0,0,0,0,0,0,0,0,0,0,0,0,0,1.0,1.0,1.0,0,0,0,1,2,1,1,2,1,3,0,6,109,3,0,0,0,0,0,0,0,3.0,0.00028161547891197034,0.625,0.2816154789119703,0,,multi_full_20260502_195038_0001,2026-05-02T19:54:21.004018,https://www.sidefx.com/products/karma/compare-karma/,https://www.sidefx.com/,False,https://www.sidefx.com/products/karma/compare-karma/,https://www.sidefx.com/,https://www.sidefx.com/products/karma/compare-karma/,recon_page,2026-05-02T19:54:21.011497
63,1,2,0,0,0,0,1,0,14,0,com,200,2,45304,347.59499999999997,0,0,21,1,nginx,0,html,1,1,0,0,5,0,1,1,1,1,1,3,1,9,1,1,1,3,0,0,1,1,1,5,0,0,1,1,1,19,10,7,2,1,115,105,10,1,12,1,7,1,3,1,1,14,1,0,1,0,0,0,0,0,0,0,0,1,0,0,0,0,0,0,0,0,0,0,0,0,0,0,1.0,1.0,1.0,0,0,0,1,2,1,1,2,1,3,0,6,113,4,0,0,0,0,0,0,0,3.0,0.00041938901642239095,0.625,0.3752428041674024,0,,multi_full_20260502_195038_0001,2026-05-02T19:54:25.530422,https://www.sidefx.com/contentlibrary/carbd-dual-car-collision/,https://www.sidefx.com/,False,https://www.sidefx.com/contentlibrary/carbd-dual-car-collision/,https://www.sidefx.com/,https://www.sidefx.com/contentlibrary/carbd-dual-car-collision/,recon_page,2026-05-02T19:54:25.541082
28,1,1,0,0,0,0,1,0,14,0,com,200,2,68922,486.299,0,0,21,1,nginx,0,html,1,1,0,0,5,0,1,1,1,1,1,3,1,9,1,1,1,3,0,0,1,1,1,5,0,0,1,1,1,25,8,14,3,1,175,162,13,1,7,1,7,1,6,1,1,8,1,0,1,0,0,0,0,0,0,0,0,1,0,1,0,0,0,0,0,0,0,0,0,0,0,0,1.0,1.0,1.0,0,0,0,1,2,1,1,2,1,3,0,6,170,5,0,0,0,0,0,0,0,3.0,0.00036272888192449436,0.625,0.24665563970865617,0,,multi_full_20260502_195038_0001,2026-05-02T19:54:29.269190,https://www.sidefx.com/i18n/,https://www.sidefx.com/,False,https://www.sidefx.com/i18n/,https://www.sidefx.com/,https://www.sidefx.com/i18n/,recon_page,2026-05-02T19:54:29.275965
35,1,2,0,0,0,0,1,0,14,0,com,200,2,29847,247.977,0,0,23,1,nginx,0,html,1,2,0,1,6,0,1,1,1,1,1,4,1,15,1,2,1,5,0,0,1,1,1,7,0,0,1,1,1,11,5,6,0,1,111,101,10,1,5,1,7,1,2,1,1,2,1,0,1,0,0,0,0,0,0,0,0,1,0,0,0,0,0,0,0,0,0,0,0,0,0,0,1.0,1.0,1.0,0,0,0,1,3,1,2,3,1,4,0,9,102,6,0,0,0,0,0,0,0,3.75,0.0003685462525546956,0.75,0.8711093242201896,0,,multi_full_20260502_195038_0001,2026-05-02T19:54:37.099754,https://www.sidefx.com/bugs/submit/,https://www.sidefx.com/,False,https://www.sidefx.com/bugs/submit/,https://www.sidefx.com/,https://www.sidefx.com/bugs/submit/,recon_page,2026-05-02T19:54:37.122993
50,1,2,0,0,0,0,1,0,14,0,com,200,2,44832,287.03000000000003,0,0,20,1,nginx,0,html,1,1,0,0,5,0,1,1,1,1,1,3,1,9,1,1,1,3,0,0,1,1,1,5,0,0,1,1,1,17,8,7,2,1,112,99,13,1,6,1,7,1,3,1,1,7,1,0,1,0,1,0,0,0,0,0,0,1,0,0,0,0,0,0,0,0,0,0,0,0,0,0,1.0,1.0,1.0,0,0,0,1,2,1,1,2,1,3,0,6,111,6,0,3,0,0,0,0,0,3.0,0.00037919343326195577,0.625,0.37919343326195576,0,,multi_full_20260502_195038_0001,2026-05-02T19:54:40.532751,https://www.sidefx.com/legal/terms-and-conditions/,https://www.sidefx.com/,False,https://www.sidefx.com/legal/terms-and-conditions/,https://www.sidefx.com/,https://www.sidefx.com/legal/terms-and-conditions/,recon_page,2026-05-02T19:54:40.539158
50,1,2,0,0,0,0,1,0,14,0,com,200,2,43586,276.645,0,0,20,1,nginx,0,html,1,1,0,0,5,0,1,1,1,1,1,3,1,9,1,1,1,3,0,0,1,1,1,5,0,0,1,1,1,17,7,8,2,1,124,113,11,1,14,1,7,1,5,1,1,12,1,0,1,0,0,0,0,0,0,0,0,1,0,0,0,0,0,0,0,0,0,0,0,0,0,0,1.0,1.0,1.0,0,0,0,1,2,1,1,2,1,3,0,6,118,3,0,0,0,0,0,0,0,3.0,0.00039003349699444774,0.625,0.3900334969944478,0,,multi_full_20260502_195038_0001,2026-05-02T19:54:46.209571,https://www.sidefx.com/learn-main-menu/start-here/,https://www.sidefx.com/,False,https://www.sidefx.com/learn-main-menu/start-here/,https://www.sidefx.com/,https://www.sidefx.com/learn-main-menu/start-here/,recon_page,2026-05-02T19:54:46.220040
50,1,2,0,0,0,0,1,0,14,0,com,200,2,44663,348.943,0,0,20,1,nginx,0,html,1,1,0,0,5,0,1,1,1,1,1,3,1,9,1,1,1,3,0,0,1,1,1,5,0,0,1,1,1,17,7,8,2,1,127,107,20,1,21,1,7,1,5,1,1,10,1,0,1,0,0,0,0,0,0,0,0,1,0,0,0,0,0,0,0,0,0,0,0,0,0,0,1.0,1.0,1.0,0,0,0,1,2,1,1,2,1,3,0,6,123,3,0,0,0,0,0,0,0,3.0,0.0003806282605288494,0.625,0.3806282605288494,0,,multi_full_20260502_195038_0001,2026-05-02T19:54:46.622746,https://www.sidefx.com/industries/motion-graphics/,https://www.sidefx.com/,False,https://www.sidefx.com/industries/motion-graphics/,https://www.sidefx.com/,https://www.sidefx.com/industries/motion-graphics/,recon_page,2026-05-02T19:54:46.638973
44,1,2,0,0,0,0,1,0,14,0,com,200,2,39715,285.382,0,0,21,1,nginx,0,html,1,1,0,0,5,0,1,1,1,1,1,3,1,9,1,1,1,3,0,0,1,1,1,5,0,0,1,1,1,19,10,7,2,1,116,101,15,1,7,1,7,1,3,1,1,14,1,0,1,0,0,0,0,0,0,0,0,1,0,0,0,0,0,0,0,0,0,0,0,0,0,0,1.0,1.0,1.0,0,0,0,1,2,1,1,2,1,3,0,6,113,3,0,0,0,0,0,0,0,3.0,0.00047840866171471735,0.625,0.4280498552184313,0,,multi_full_20260502_195038_0001,2026-05-02T19:54:46.968539,https://www.sidefx.com/gallery/water-ballet/,https://www.sidefx.com/,False,https://www.sidefx.com/gallery/water-ballet/,https://www.sidefx.com/,https://www.sidefx.com/gallery/water-ballet/,recon_page,2026-05-02T19:54:46.997920
47,1,2,0,0,0,0,1,0,14,0,com,200,2,55385,480.577,0,0,21,1,nginx,0,html,1,1,0,0,5,0,1,1,1,1,1,3,1,9,1,1,1,3,0,0,1,1,1,7,0,0,1,1,1,16,8,6,2,1,107,97,10,1,6,1,7,1,2,1,1,10,1,0,1,0,0,0,0,0,0,0,0,1,0,0,0,0,0,0,0,0,0,0,0,0,0,0,1.0,1.0,1.0,0,0,0,1,2,1,1,2,1,3,0,6,105,3,0,1,0,0,0,0,0,3.0,0.00028888688272998104,0.625,0.3430531732418525,0,,multi_full_20260502_195038_0001,2026-05-02T19:54:46.988691,https://www.sidefx.com/legal/license-agreement/,https://www.sidefx.com/,False,https://www.sidefx.com/legal/license-agreement/,https://www.sidefx.com/,https://www.sidefx.com/legal/license-agreement/,recon_page,2026-05-02T19:54:47.006797
61,1,3,0,0,0,0,1,0,14,0,com,200,2,63737,562.754,0,0,21,1,nginx,0,html,1,1,0,0,5,0,1,1,1,1,1,3,1,32,1,1,1,3,0,0,1,1,1,8,0,0,1,1,1,19,9,8,2,1,115,105,10,1,8,1,7,1,3,1,1,15,1,0,1,0,0,0,0,0,0,0,0,1,0,0,0,0,0,0,0,0,0,0,0,0,0,0,1.0,1.0,1.0,0,0,0,1,2,1,1,2,1,3,0,6,110,3,0,0,0,0,0,0,0,10.666666666666666,0.00029810000470684216,0.625,0.6746473790733797,0,,multi_full_20260502_195038_0001,2026-05-02T19:54:47.203617,https://www.sidefx.com/learn/learning-library/talks_webinars/,https://www.sidefx.com/,False,https://www.sidefx.com/learn/learning-library/talks_webinars/,https://www.sidefx.com/,https://www.sidefx.com/learn/learning-library/talks_webinars/,recon_page,2026-05-02T19:54:47.225936
66,1,3,0,0,0,0,1,0,14,0,com,200,2,258006,533.6149999999999,0,0,20,1,nginx,0,html,1,1,0,0,5,0,1,1,1,1,1,3,1,9,1,1,1,3,0,0,1,1,1,13,0,0,1,1,1,24,12,10,2,1,135,112,23,1,20,1,7,1,7,1,1,14,1,0,1,0,0,0,0,0,0,0,1,1,0,0,0,0,0,0,0,0,0,0,0,0,0,0,1.0,1.0,1.0,0,0,0,1,2,1,1,2,1,3,0,6,129,3,0,0,0,0,0,0,0,3.0,9.302109253273179e-05,0.625,0.0968969713882623,0,,multi_full_20260502_195038_0001,2026-05-02T19:54:47.474298,https://www.sidefx.com/products/whats-new-in-h21/terrain-modeling/,https://www.sidefx.com/,False,https://www.sidefx.com/products/whats-new-in-h21/terrain-modeling/,https://www.sidefx.com/,https://www.sidefx.com/products/whats-new-in-h21/terrain-modeling/,recon_page,2026-05-02T19:54:47.493732
68,1,2,0,0,0,0,1,0,14,0,com,200,2,74953,509.41099999999994,0,0,21,1,nginx,0,html,1,1,0,0,5,0,1,1,1,1,1,8,1,74,1,1,1,53,0,0,1,1,1,11,1,5,1,1,1,21,11,8,2,1,131,121,10,1,12,1,7,1,3,1,1,19,1,0,1,0,1,0,0,0,0,0,0,1,0,0,0,0,0,0,0,0,0,0,0,0,0,0,1.0,1.0,1.0,0,0,0,1,7,1,6,7,1,8,0,17,131,3,0,0,0,0,0,0,0,9.25,0.0002801755766947287,0.625,1.2407775539337984,0,,multi_full_20260502_195038_0001,2026-05-02T19:54:51.166351,https://www.sidefx.com/tutorials/muscles-and-tissue-h21-masterclass/,https://www.sidefx.com/,False,https://www.sidefx.com/tutorials/muscles-and-tissue-h21-masterclass/,https://www.sidefx.com/,https://www.sidefx.com/tutorials/muscles-and-tissue-h21-masterclass/,recon_page,2026-05-02T19:54:51.185276
27,1,1,0,0,0,0,1,0,14,0,com,200,2,71493,472.40900000000005,0,0,21,1,nginx,0,html,1,1,0,0,5,0,1,1,1,1,1,4,1,11,1,1,1,5,0,0,1,1,1,14,0,0,1,1,1,20,11,7,2,1,131,120,11,1,17,1,7,1,3,1,1,8,1,0,1,0,0,0,0,0,0,0,0,1,0,0,0,0,0,0,0,0,0,0,0,0,0,0,1.0,1.0,1.0,0,0,0,1,3,1,1,3,1,4,0,7,115,3,0,0,0,0,1,0,0,2.75,0.00027974766760382135,0.625,0.405634118025541,0,,multi_full_20260502_195038_0001,2026-05-02T19:54:59.993944,https://www.sidefx.com/buy/,https://www.sidefx.com/,False,https://www.sidefx.com/buy/,https://www.sidefx.com/,https://www.sidefx.com/buy/,recon_page,2026-05-02T19:54:59.998637
41,1,2,0,0,0,0,1,0,14,0,com,200,2,43780,440.834,0,0,21,1,nginx,0,html,1,1,0,0,5,0,1,1,1,1,1,5,1,35,1,1,1,23,0,0,1,1,1,7,1,2,1,1,1,19,10,7,2,1,118,105,13,1,9,1,7,1,3,1,1,14,1,0,1,0,0,0,0,0,0,0,0,1,0,0,0,0,0,0,0,0,0,0,0,0,0,0,1.0,1.0,1.0,0,0,0,1,4,1,3,4,1,5,0,17,116,3,0,0,0,0,0,0,0,7.0,0.0004339881224303335,0.625,1.0735495660118775,0,,multi_full_20260502_195038_0001,2026-05-02T19:55:21.890599,https://www.sidefx.com/gallery/portal-fx/,https://www.sidefx.com/,False,https://www.sidefx.com/gallery/portal-fx/,https://www.sidefx.com/,https://www.sidefx.com/gallery/portal-fx/,recon_page,2026-05-02T19:55:21.898182
72,1,3,0,0,0,0,1,0,14,0,com,200,2,49023,319.361,0,0,20,1,nginx,0,html,1,1,0,0,5,0,1,1,1,1,1,3,1,9,1,1,1,3,0,0,1,1,1,5,0,0,1,1,1,18,7,8,3,1,125,115,10,1,10,1,7,1,5,1,1,13,1,0,1,0,0,0,0,0,0,0,0,1,0,0,0,0,0,0,0,0,0,0,0,0,0,0,1.0,1.0,1.0,0,0,0,1,2,1,1,2,1,3,0,6,116,3,0,0,0,0,0,0,0,3.0,0.00036717459151826694,0.625,0.34677600310058543,0,,multi_full_20260502_195038_0001,2026-05-02T19:55:28.319722,https://www.sidefx.com/learn-main-menu/academic-programs/administrators/,https://www.sidefx.com/,False,https://www.sidefx.com/learn-main-menu/academic-programs/administrators/,https://www.sidefx.com/,https://www.sidefx.com/learn-main-menu/academic-programs/administrators/,recon_page,2026-05-02T19:55:28.328897
54,1,1,0,0,0,0,1,0,14,0,com,200,2,37062,287.697,0,0,20,1,nginx,0,html,1,1,0,0,5,0,1,1,1,1,1,3,1,9,1,1,1,3,0,0,1,1,1,5,0,0,1,1,1,17,8,7,2,1,134,97,37,1,6,1,7,1,3,1,1,8,1,0,1,0,1,0,0,0,0,0,0,1,0,0,0,0,0,0,0,0,0,0,0,0,0,0,1.0,1.0,1.0,0,0,0,1,2,1,1,2,1,3,0,6,132,7,0,3,0,0,0,0,0,3.0,0.0004586908423722411,0.625,0.4586908423722411,0,,multi_full_20260502_195038_0001,2026-05-02T19:55:35.866359,https://www.sidefx.com/responsible-disclosure-program/,https://www.sidefx.com/,False,https://www.sidefx.com/responsible-disclosure-program/,https://www.sidefx.com/,https://www.sidefx.com/responsible-disclosure-program/,recon_page,2026-05-02T19:55:35.896115
62,1,2,0,0,0,0,1,0,14,0,com,200,2,53612,956.7679999999999,0,0,21,1,nginx,0,html,1,1,0,0,5,0,1,1,1,1,1,5,1,35,1,1,1,23,0,0,1,1,1,7,1,2,1,1,1,19,10,7,2,1,118,108,10,1,14,1,7,1,3,1,1,14,1,0,1,0,0,0,0,0,0,0,0,1,0,0,0,0,0,0,0,0,0,0,0,0,0,0,1.0,1.0,1.0,0,0,0,1,4,1,3,4,1,5,0,17,118,4,0,0,0,0,0,0,0,7.0,0.0003543982690442438,0.625,0.8766694023726032,0,,multi_full_20260502_195038_0001,2026-05-02T19:55:38.932598,https://www.sidefx.com/contentlibrary/world-designer-for-moba/,https://www.sidefx.com/,False,https://www.sidefx.com/contentlibrary/world-designer-for-moba/,https://www.sidefx.com/,https://www.sidefx.com/contentlibrary/world-designer-for-moba/,recon_page,2026-05-02T19:55:38.939971
53,1,2,0,0,0,0,1,0,14,0,com,200,2,45340,538.096,0,0,21,1,nginx,0,html,1,1,0,0,5,0,1,1,1,1,1,4,1,22,1,1,1,13,0,0,1,1,1,6,1,1,1,1,1,19,10,7,2,1,117,107,10,1,12,1,7,1,3,1,1,14,1,0,1,0,0,0,0,0,0,0,0,1,0,0,0,0,0,0,0,0,0,0,0,0,0,0,1.0,1.0,1.0,0,0,0,1,3,1,2,3,1,4,0,17,116,5,0,0,0,0,0,0,0,5.5,0.00041905602117335686,0.625,0.7057785619761799,0,,multi_full_20260502_195038_0001,2026-05-02T19:55:43.564729,https://www.sidefx.com/contentlibrary/custom-terrace/,https://www.sidefx.com/,False,https://www.sidefx.com/contentlibrary/custom-terrace/,https://www.sidefx.com/,https://www.sidefx.com/contentlibrary/custom-terrace/,recon_page,2026-05-02T19:55:43.614938
41,1,2,0,0,0,0,1,0,14,0,com,200,2,46313,360.216,0,0,20,1,nginx,0,html,1,1,0,0,5,0,1,1,1,1,1,3,1,9,1,1,1,3,0,0,1,1,1,5,0,0,1,1,1,20,8,10,2,1,121,111,10,1,9,1,7,1,7,1,1,16,1,0,1,0,0,0,0,0,0,0,0,1,0,0,0,0,0,0,0,0,0,0,0,0,0,0,1.0,1.0,1.0,0,0,0,1,2,1,1,2,1,3,0,6,115,3,0,0,0,0,0,0,0,3.0,0.00043184419061602575,0.625,0.36706756202362184,0,,multi_full_20260502_195038_0001,2026-05-02T19:55:51.191522,https://www.sidefx.com/Support/licensing/,https://www.sidefx.com/,False,https://www.sidefx.com/Support/licensing/,https://www.sidefx.com/,https://www.sidefx.com/Support/licensing/,recon_page,2026-05-02T19:55:51.266973
44,1,2,0,0,0,0,1,0,14,0,com,200,2,43505,359.543,0,0,20,1,nginx,0,html,1,1,0,0,5,0,1,1,1,1,1,3,1,9,1,1,1,3,0,0,1,1,1,5,0,0,1,1,1,17,7,8,2,1,112,101,11,1,11,1,7,1,5,1,1,10,1,0,1,0,0,0,0,0,0,0,0,1,0,0,0,0,0,0,0,0,0,0,0,0,0,0,1.0,1.0,1.0,0,0,0,1,2,1,1,2,1,3,0,6,113,3,0,0,0,0,0,0,0,3.0,0.000390759682795081,0.625,0.390759682795081,0,,multi_full_20260502_195038_0001,2026-05-02T19:55:51.267391,https://www.sidefx.com/company/about-sidefx/,https://www.sidefx.com/,False,https://www.sidefx.com/company/about-sidefx/,https://www.sidefx.com/,https://www.sidefx.com/company/about-sidefx/,recon_page,2026-05-02T19:55:51.302685
33,1,1,0,0,0,0,1,0,14,0,com,200,2,37518,309.475,0,0,21,1,nginx,0,html,1,1,0,0,5,0,1,1,1,1,1,3,1,12,1,1,1,3,0,0,1,1,1,6,0,0,1,3,1,17,8,7,2,1,112,102,10,1,11,1,7,1,2,1,1,10,1,0,1,0,0,0,0,0,0,0,0,1,0,0,0,0,0,0,0,0,0,0,0,0,0,0,1.0,1.0,1.0,0,0,0,1,2,1,1,2,1,3,0,6,108,3,0,0,0,0,0,0,0,4.0,0.00045311583773122236,0.625,0.5597313289620982,0,,multi_full_20260502_195038_0001,2026-05-02T19:55:51.280780,https://www.sidefx.com/community/,https://www.sidefx.com/,False,https://www.sidefx.com/community/,https://www.sidefx.com/,https://www.sidefx.com/community/,recon_page,2026-05-02T19:55:51.312553
44,1,2,0,0,0,0,1,0,14,0,com,200,2,40678,339.25600000000003,0,0,21,1,nginx,0,html,1,1,0,0,5,0,1,1,1,1,1,4,1,22,1,1,1,13,0,0,1,1,1,6,1,1,1,1,1,19,10,7,2,1,119,103,16,1,8,1,7,1,3,1,1,14,1,0,1,0,0,0,0,0,0,0,0,1,0,0,0,0,0,0,0,0,0,0,0,0,0,0,1.0,1.0,1.0,0,0,0,1,3,1,2,3,1,4,0,17,117,3,0,0,0,0,0,0,0,5.5,0.00046708294409754657,0.625,0.7866660111116575,0,,multi_full_20260502_195038_0001,2026-05-02T19:55:51.308592,https://www.sidefx.com/gallery/coffee-break/,https://www.sidefx.com/,False,https://www.sidefx.com/gallery/coffee-break/,https://www.sidefx.com/,https://www.sidefx.com/gallery/coffee-break/,recon_page,2026-05-02T19:55:51.317626
42,1,2,0,0,0,0,1,0,14,0,com,200,2,113054,361.08299999999997,0,0,20,1,nginx,0,html,1,1,0,0,5,0,1,1,1,1,1,3,1,9,1,1,1,3,0,0,1,1,1,5,0,0,1,1,1,20,8,10,2,1,111,100,11,1,52,1,7,1,7,1,1,29,1,0,1,0,0,0,0,0,0,0,0,1,0,0,0,0,0,0,0,0,0,0,0,0,0,0,1.0,1.0,1.0,0,0,0,1,2,1,1,2,1,3,0,6,114,3,0,0,0,0,0,0,0,3.0,0.00017690661100005307,0.625,0.15037061935004511,0,,multi_full_20260502_195038_0001,2026-05-02T19:55:51.575504,https://www.sidefx.com/community/fmx-2026/,https://www.sidefx.com/,False,https://www.sidefx.com/community/fmx-2026/,https://www.sidefx.com/,https://www.sidefx.com/community/fmx-2026/,recon_page,2026-05-02T19:55:51.581171
48,1,3,0,0,0,0,1,0,14,0,com,200,2,91256,525.007,0,0,20,1,nginx,0,html,1,1,0,0,5,0,1,1,1,1,1,3,1,9,1,1,1,3,0,0,1,1,1,7,0,0,1,1,1,21,9,10,2,1,120,110,10,1,10,1,7,1,7,1,1,14,1,0,1,0,0,0,0,0,0,0,0,1,0,0,0,0,0,0,0,0,0,0,0,0,0,0,1.0,1.0,1.0,0,0,0,1,2,1,1,2,1,3,0,6,115,3,0,0,0,0,0,0,0,3.0,0.000230121855001315,0.625,0.2082054878583326,0,,multi_full_20260502_195038_0001,2026-05-02T19:56:07.768888,https://www.sidefx.com/products/houdini/lookdev/,https://www.sidefx.com/,False,https://www.sidefx.com/products/houdini/lookdev/,https://www.sidefx.com/,https://www.sidefx.com/products/houdini/lookdev/,recon_page,2026-05-02T19:56:07.774312
41,1,2,0,0,0,0,1,0,14,0,com,200,2,51294,343.19,0,0,20,1,nginx,0,html,1,1,0,0,5,0,1,1,1,1,1,3,1,9,1,1,1,3,0,0,1,1,1,5,0,0,1,1,1,17,7,8,2,1,159,105,54,1,34,1,7,1,5,1,1,10,1,0,1,0,1,0,0,0,0,0,0,1,0,0,0,0,0,0,0,0,0,0,0,0,0,0,1.0,1.0,1.0,0,0,0,1,2,1,1,2,1,3,0,6,144,8,0,0,0,0,0,0,0,3.0,0.0003314227784926112,0.625,0.33142277849261126,0,,multi_full_20260502_195038_0001,2026-05-02T19:56:24.605507,https://www.sidefx.com/products/partners/,https://www.sidefx.com/,False,https://www.sidefx.com/products/partners/,https://www.sidefx.com/,https://www.sidefx.com/products/partners/,recon_page,2026-05-02T19:56:24.610151
41,1,2,0,0,0,0,1,0,14,0,com,200,2,64852,804.672,0,0,20,1,nginx,0,html,1,1,0,0,5,0,1,1,1,1,1,3,1,9,1,1,1,3,0,0,1,1,1,5,0,0,1,1,1,17,7,8,2,1,169,106,63,1,60,1,7,1,5,1,1,10,1,0,1,0,0,0,0,0,0,0,0,1,0,1,0,0,0,0,0,0,0,0,0,0,0,0,1.0,1.0,1.0,0,0,0,1,2,1,1,2,1,3,0,6,168,7,0,0,0,0,0,0,0,3.0,0.00026213532350582866,0.625,0.26213532350582863,0,,multi_full_20260502_195038_0001,2026-05-02T19:56:46.855826,https://www.sidefx.com/industries/filmtv/,https://www.sidefx.com/,False,https://www.sidefx.com/industries/filmtv/,https://www.sidefx.com/,https://www.sidefx.com/industries/filmtv/,recon_page,2026-05-02T19:56:46.863042
56,1,3,0,0,0,0,1,0,14,0,com,200,2,74659,539.946,0,0,21,1,nginx,0,html,1,1,0,0,5,0,1,1,1,1,1,3,1,50,1,1,1,3,0,0,1,1,1,8,0,0,1,1,1,19,9,8,2,1,116,106,10,1,8,1,7,1,3,1,1,22,1,0,1,0,0,0,0,0,0,0,0,1,0,0,0,0,0,0,0,0,0,0,0,0,0,0,1.0,1.0,1.0,0,0,0,1,2,1,1,2,1,3,0,6,111,3,0,0,0,0,0,0,0,16.666666666666668,0.00025449041642668666,0.625,0.8170481790540992,0,,multi_full_20260502_195038_0001,2026-05-02T19:56:51.115270,https://www.sidefx.com/learn/learning-library/tutorials/,https://www.sidefx.com/,False,https://www.sidefx.com/learn/learning-library/tutorials/,https://www.sidefx.com/,https://www.sidefx.com/learn/learning-library/tutorials/,recon_page,2026-05-02T19:56:51.122544
50,1,2,0,0,0,0,1,0,14,0,com,200,2,45092,908.947,0,0,21,1,nginx,0,html,1,1,0,0,5,0,1,1,1,1,1,4,1,22,1,1,1,13,0,0,1,1,1,6,1,1,1,1,1,19,10,7,2,1,117,107,10,1,12,1,7,1,3,1,1,14,1,0,1,0,0,0,0,0,0,0,0,1,0,0,0,0,0,0,0,0,0,0,0,0,0,0,1.0,1.0,1.0,0,0,0,1,3,1,2,3,1,4,0,17,116,5,0,0,0,0,0,0,0,5.5,0.0004213607735296727,0.625,0.7096602501552381,0,,multi_full_20260502_195038_0001,2026-05-02T19:57:02.932770,https://www.sidefx.com/contentlibrary/moon-crater/,https://www.sidefx.com/,False,https://www.sidefx.com/contentlibrary/moon-crater/,https://www.sidefx.com/,https://www.sidefx.com/contentlibrary/moon-crater/,recon_page,2026-05-02T19:57:02.943061
31,1,1,0,0,0,0,1,0,14,0,com,200,2,39502,331.50600000000003,0,0,20,1,nginx,0,html,1,1,0,0,5,0,1,1,1,1,1,3,1,9,1,1,1,3,0,0,1,1,1,5,0,0,1,1,1,20,8,10,2,1,115,105,10,1,7,1,7,1,7,1,1,12,1,0,1,0,0,0,0,0,0,0,0,1,0,0,0,0,0,0,0,0,0,0,0,0,0,0,1.0,1.0,1.0,0,0,0,1,2,1,1,2,1,3,0,6,116,3,0,0,0,0,1,0,0,3.0,0.000506303478304896,0.625,0.43035795655916154,0,,multi_full_20260502_195038_0001,2026-05-02T19:57:03.538865,https://www.sidefx.com/contact/,https://www.sidefx.com/,False,https://www.sidefx.com/contact/,https://www.sidefx.com/,https://www.sidefx.com/contact/,recon_page,2026-05-02T19:57:03.585965
33,1,1,0,0,0,0,1,0,14,0,com,200,2,50631,873.178,0,0,21,1,nginx,0,html,1,1,0,0,5,0,1,1,1,1,1,4,1,19,1,1,1,3,0,0,1,1,1,6,0,0,1,3,1,15,7,6,2,1,115,105,10,1,31,1,7,1,2,1,1,7,1,0,1,0,0,0,0,0,0,0,0,1,0,0,0,0,0,0,0,0,0,0,0,0,0,0,1.0,1.0,1.0,0,0,0,2,2,1,1,2,1,4,0,15,113,5,0,0,0,0,0,0,0,4.75,0.0002962611838596907,0.625,0.5727716221287353,0,,multi_full_20260502_195038_0001,2026-05-02T19:57:03.764825,https://www.sidefx.com/changelog/,https://www.sidefx.com/,False,https://www.sidefx.com/changelog/,https://www.sidefx.com/,https://www.sidefx.com/changelog/,recon_page,2026-05-02T19:57:03.785863
29,1,1,0,0,0,0,1,0,14,0,com,200,2,90626,1032.257,0,0,21,1,nginx,0,html,1,1,0,0,5,0,1,1,1,1,1,4,1,11,1,1,1,4,0,0,1,2,1,5,0,0,1,1,1,21,10,9,2,1,374,364,10,1,43,1,7,1,4,1,1,7,1,0,1,0,0,0,0,0,0,0,0,1,0,0,0,0,0,0,0,0,0,0,0,0,0,0,1.0,1.0,1.0,0,0,0,2,2,1,1,2,1,4,0,7,300,6,0,0,0,0,0,0,0,2.75,0.0002317215810032441,0.625,0.2206872200030896,0,,multi_full_20260502_195038_0001,2026-05-02T19:57:03.796650,https://www.sidefx.com/forum/,https://www.sidefx.com/,False,https://www.sidefx.com/forum/,https://www.sidefx.com/,https://www.sidefx.com/forum/,recon_page,2026-05-02T19:57:03.805759
31,1,1,0,0,0,0,1,0,14,0,com,200,2,236993,1220.267,0,0,21,1,nginx,0,html,1,1,0,0,5,0,1,1,1,1,1,3,1,16,1,1,1,3,0,0,1,1,1,6,0,0,1,6,1,17,8,7,2,1,115,105,10,1,10,1,7,1,4,1,1,17,1,0,1,0,0,0,0,0,0,0,0,1,0,0,0,0,0,0,0,0,0,0,0,0,0,0,1.0,1.0,1.0,0,0,0,1,2,1,1,2,1,3,0,6,108,3,0,0,0,0,0,0,0,5.333333333333333,7.17320764748326e-05,0.625,0.10548834775710675,0,,multi_full_20260502_195038_0001,2026-05-02T19:57:03.764117,https://www.sidefx.com/schools/,https://www.sidefx.com/,False,https://www.sidefx.com/schools/,https://www.sidefx.com/,https://www.sidefx.com/schools/,recon_page,2026-05-02T19:57:03.825402
52,1,2,0,0,0,0,1,0,14,0,com,200,2,119849,969.788,0,0,21,1,nginx,0,html,1,1,0,0,5,0,1,1,1,1,1,29,1,347,1,1,1,263,0,0,1,1,1,32,1,26,1,1,1,21,11,8,2,1,171,161,10,1,33,1,7,1,3,1,1,19,1,0,1,0,1,0,0,0,0,0,0,1,0,0,0,0,0,0,0,0,0,0,0,0,0,0,1.0,1.0,1.0,0,0,0,1,28,1,27,28,1,29,0,17,181,3,0,0,0,0,0,0,0,11.96551724137931,0.00017522048577793724,0.625,3.4042837236856376,0,,multi_full_20260502_195038_0001,2026-05-02T19:57:03.828769,https://www.sidefx.com/tutorials/character-creation/,https://www.sidefx.com/,False,https://www.sidefx.com/tutorials/character-creation/,https://www.sidefx.com/,https://www.sidefx.com/tutorials/character-creation/,recon_page,2026-05-02T19:57:03.835784
51,1,2,0,0,0,0,1,0,14,0,com,200,2,42276,409.94199999999995,0,0,21,1,nginx,0,html,1,1,0,0,5,0,1,1,1,1,1,4,1,22,1,1,1,13,0,0,1,1,1,6,1,1,1,1,1,19,10,7,2,1,115,103,12,1,8,1,7,1,3,1,1,14,1,0,1,0,0,0,0,0,0,0,0,1,0,0,0,0,0,0,0,0,0,0,0,0,0,0,1.0,1.0,1.0,0,0,0,1,3,1,2,3,1,4,0,17,113,3,0,0,0,0,0,0,0,5.5,0.0004494275711987889,0.625,0.7569306462295392,0,,multi_full_20260502_195038_0001,2026-05-02T19:57:07.540176,https://www.sidefx.com/gallery/iron-age-short-film/,https://www.sidefx.com/,False,https://www.sidefx.com/gallery/iron-age-short-film/,https://www.sidefx.com/,https://www.sidefx.com/gallery/iron-age-short-film/,recon_page,2026-05-02T19:57:07.544020
49,1,2,0,0,0,0,1,0,14,0,com,200,2,96496,565.0500000000001,0,0,20,1,nginx,0,html,1,1,0,0,5,0,1,1,1,1,1,3,1,9,1,1,1,3,0,0,1,1,1,7,0,0,1,1,1,21,9,10,2,1,118,105,13,1,12,1,7,1,8,1,1,11,1,0,1,0,0,0,0,0,0,0,0,1,0,0,0,0,0,0,0,0,0,0,0,0,0,0,1.0,1.0,1.0,0,0,0,1,2,1,1,2,1,3,0,6,120,5,0,0,0,0,0,0,0,3.0,0.0002176256010611839,0.625,0.19689935334107114,0,,multi_full_20260502_195038_0001,2026-05-02T19:57:08.076496,https://www.sidefx.com/industries/synthetic-data/,https://www.sidefx.com/,False,https://www.sidefx.com/industries/synthetic-data/,https://www.sidefx.com/,https://www.sidefx.com/industries/synthetic-data/,recon_page,2026-05-02T19:57:08.082311
49,1,2,0,0,0,0,1,0,14,0,com,200,2,56706,801.824,0,0,21,1,nginx,0,html,1,1,0,0,5,0,1,1,1,1,1,7,1,61,1,1,1,43,0,0,1,1,1,9,1,4,1,1,1,19,10,7,2,1,123,113,10,1,15,1,7,1,3,1,1,14,1,0,1,0,0,0,0,0,0,0,1,1,0,0,0,0,0,0,0,0,0,0,0,0,0,0,1.0,1.0,1.0,0,0,0,1,6,1,5,6,1,7,0,17,124,5,0,0,0,0,0,0,0,8.714285714285714,0.00033506154551546575,0.625,1.3578810002468873,0,,multi_full_20260502_195038_0001,2026-05-02T19:57:21.491292,https://www.sidefx.com/contentlibrary/biome-demo/,https://www.sidefx.com/,False,https://www.sidefx.com/contentlibrary/biome-demo/,https://www.sidefx.com/,https://www.sidefx.com/contentlibrary/biome-demo/,recon_page,2026-05-02T19:57:21.510600
57,1,2,0,0,0,0,1,0,14,0,com,200,2,41235,328.81,0,0,20,1,nginx,0,html,1,1,0,0,5,0,1,1,1,1,1,3,1,9,1,1,1,3,0,0,1,1,1,5,0,0,1,1,1,18,7,8,3,1,122,108,14,1,12,1,7,1,5,1,1,13,1,0,1,0,0,0,0,0,0,0,0,1,0,0,0,0,0,0,0,0,0,0,0,0,0,0,1.0,1.0,1.0,0,0,0,1,2,1,1,2,1,3,0,6,118,4,0,0,0,0,0,0,0,3.0,0.00043652237177155327,0.625,0.4122711288953559,0,,multi_full_20260502_195038_0001,2026-05-02T19:57:21.507556,https://www.sidefx.com/learn-main-menu/academic-programs/,https://www.sidefx.com/,False,https://www.sidefx.com/learn-main-menu/academic-programs/,https://www.sidefx.com/,https://www.sidefx.com/learn-main-menu/academic-programs/,recon_page,2026-05-02T19:57:21.512185
43,1,2,0,0,0,0,1,0,14,0,com,200,2,49448,454.956,0,0,20,1,nginx,0,html,1,1,0,0,5,0,1,1,1,1,1,3,1,9,1,1,1,3,0,0,1,1,1,5,0,0,1,1,1,17,8,7,2,1,110,97,13,1,6,1,7,1,3,1,1,7,1,0,1,0,1,0,0,0,0,0,0,1,0,0,0,0,0,0,0,0,0,0,0,0,0,0,1.0,1.0,1.0,0,0,0,1,2,1,1,2,1,3,0,6,109,6,0,3,0,0,2,0,0,3.0,0.0003437955023458987,0.625,0.34379550234589873,0,,multi_full_20260502_195038_0001,2026-05-02T19:57:58.917858,https://www.sidefx.com/legal/accessibility/,https://www.sidefx.com/,False,https://www.sidefx.com/legal/accessibility/,https://www.sidefx.com/,https://www.sidefx.com/legal/accessibility/,recon_page,2026-05-02T19:57:58.921884
63,1,2,1,1,0,0,1,0,14,0,com,200,2,54318,778.164,0,0,20,1,ATS,0,html,1,1,0,1,7,1,1,1,1,1,0,0,0,0,0,0,0,0,0,0,0,0,0,0,0,0,0,0,1,38,14,0,24,1,14,0,14,0,0,1,7,1,6,1,1,4,1,0,0,0,0,0,0,0,0,0,0,1,0,0,0,0,0,0,0,0,0,0,0,0,0,0,1.0,1.0,0.0,0,0,0,0,0,0,0,0,0,0,0,0,36,0,0,0,0,0,0,0,0,0.0,0.000699583931661696,0.875,0.0,0,,multi_full_20260502_195038_0001,2026-05-02T19:57:59.502367,https://www.sidefx.com/login/yahoo-oauth2/?next=/company/press/,https://www.sidefx.com/,False,https://www.sidefx.com/login/yahoo-oauth2/?next=/company/press/,https://www.sidefx.com/,https://www.sidefx.com/login/yahoo-oauth2/?next=/company/press/,recon_page,2026-05-02T19:57:59.507466
66,1,2,1,1,0,0,1,0,14,0,com,200,2,23075,895.9359999999999,0,0,20,0,unknown,0,html,1,3,0,1,5,0,1,1,0,1,0,0,0,0,0,0,0,0,0,0,0,0,0,0,0,0,0,0,1,5,4,0,1,0,0,0,0,0,0,1,10,0,0,1,1,1,1,0,0,0,0,1,0,0,0,0,1,1,0,0,0,0,0,0,0,0,0,0,0,0,0,0,1.0,1.0,1.0,0,0,0,0,0,0,0,0,0,0,0,0,1,0,0,0,0,0,0,0,0,0.0,0.00021668472372697725,0.625,0.0,0,,multi_full_20260502_195038_0001,2026-05-02T19:58:23.335078,https://www.sidefx.com/login/microsoft-graph/?next=/company/press/,https://www.sidefx.com/,False,https://www.sidefx.com/login/microsoft-graph/?next=/company/press/,https://www.sidefx.com/,https://www.sidefx.com/login/microsoft-graph/?next=/company/press/,recon_page,2026-05-02T19:58:23.354426
64,1,2,1,1,0,0,1,0,14,0,com,200,2,1230415,251.7,0,0,23,1,ESF,0,html,0,0,0,1,7,1,1,1,1,1,0,0,0,0,0,0,0,0,0,0,0,0,0,0,0,0,0,0,1,4,4,0,0,1,1,0,1,0,0,1,1,0,0,1,0,0,0,0,0,0,0,0,0,0,0,0,0,1,0,0,0,0,0,0,0,0,0,0,0,0,0,0,0.0,0.0,0.0,0,0,0,0,0,0,0,0,0,0,0,0,1,0,0,0,0,0,0,0,1,0.0,3.2509356599196206e-06,0.875,0.0,0,,multi_full_20260502_195038_0001,2026-05-02T19:58:23.340093,https://www.sidefx.com/login/google-oauth2/?next=/company/press/,https://www.sidefx.com/,False,https://www.sidefx.com/login/google-oauth2/?next=/company/press/,https://www.sidefx.com/,https://www.sidefx.com/login/google-oauth2/?next=/company/press/,recon_page,2026-05-02T19:58:23.357055
78,1,2,1,1,0,0,1,0,14,0,com,200,2,23160,235.241,0,0,20,0,unknown,0,html,1,3,0,1,5,0,1,1,0,1,0,0,0,0,0,0,0,0,0,0,0,0,0,0,0,0,0,0,1,5,4,0,1,0,0,0,0,0,0,1,10,0,0,1,1,1,1,0,0,0,0,1,0,0,0,0,1,1,0,0,0,0,0,0,0,0,0,0,0,0,0,0,1.0,1.0,1.0,0,0,0,0,0,0,0,0,0,0,0,0,1,0,0,0,0,0,0,0,0,0.0,0.0002158894645941278,0.625,0.0,0,,multi_full_20260502_195038_0001,2026-05-02T19:58:31.489182,https://www.sidefx.com/login/microsoft-graph/?next=/products/whats-new-in-h21/,https://www.sidefx.com/,False,https://www.sidefx.com/login/microsoft-graph/?next=/products/whats-new-in-h21/,https://www.sidefx.com/,https://www.sidefx.com/login/microsoft-graph/?next=/products/whats-new-in-h21/,recon_page,2026-05-02T19:58:31.501258
50,1,1,1,1,0,0,1,0,14,0,com,200,2,29847,311.68600000000004,0,0,23,1,nginx,0,html,1,2,0,1,6,0,1,1,1,1,1,4,1,15,1,2,1,5,0,0,1,1,1,7,0,0,1,1,1,11,5,6,0,1,111,101,10,1,5,1,7,1,2,1,1,2,1,0,1,0,0,0,0,0,0,0,0,1,0,0,0,0,0,0,1,0,0,0,0,0,0,0,1.0,1.0,1.0,0,0,0,1,3,1,2,3,1,4,0,9,103,6,0,0,0,0,0,0,0,3.75,0.0003685462525546956,0.75,0.8711093242201896,0,,multi_full_20260502_195038_0001,2026-05-02T19:58:31.584348,https://www.sidefx.com/login/?next=/company/press/,https://www.sidefx.com/,False,https://www.sidefx.com/login/?next=/company/press/,https://www.sidefx.com/,https://www.sidefx.com/login/?next=/company/press/,recon_page,2026-05-02T19:58:31.593878
45,1,2,0,0,0,0,1,0,14,0,com,200,2,55079,364.051,0,0,20,1,nginx,0,html,1,1,0,0,5,0,1,1,1,1,1,3,1,9,1,1,1,3,0,0,1,1,1,5,0,0,1,1,1,17,7,8,2,1,141,101,40,1,39,1,7,1,5,1,1,12,1,0,1,0,0,0,0,0,0,0,0,1,0,0,0,0,0,0,0,0,0,0,0,0,0,0,1.0,1.0,1.0,0,0,0,1,2,1,1,2,1,3,0,6,141,3,0,0,0,0,0,0,0,3.0,0.00030864757893207936,0.625,0.3086475789320794,0,,multi_full_20260502_195038_0001,2026-05-02T19:58:31.593322,https://www.sidefx.com/products/whats-new-17/,https://www.sidefx.com/,False,https://www.sidefx.com/products/whats-new-17/,https://www.sidefx.com/,https://www.sidefx.com/products/whats-new-17/,recon_page,2026-05-02T19:58:31.596814
48,1,2,0,0,0,0,1,0,14,0,com,200,2,47028,1209.16,0,0,20,1,nginx,0,html,1,1,0,0,5,0,1,1,1,1,1,3,1,9,1,1,1,3,0,0,1,1,1,5,0,0,1,1,1,17,7,8,2,1,136,103,33,1,30,1,7,1,5,1,1,12,1,0,1,0,0,0,0,0,0,0,0,1,0,0,0,0,0,0,0,0,0,0,0,0,0,0,1.0,1.0,1.0,0,0,0,1,2,1,1,2,1,3,0,6,135,3,0,0,0,0,0,0,0,3.0,0.00036148677383686313,0.625,0.3614867738368632,0,,multi_full_20260502_195038_0001,2026-05-02T19:58:32.030442,https://www.sidefx.com/products/whats-new-in-18/,https://www.sidefx.com/,False,https://www.sidefx.com/products/whats-new-in-18/,https://www.sidefx.com/,https://www.sidefx.com/products/whats-new-in-18/,recon_page,2026-05-02T19:58:32.034545
49,1,2,0,0,0,0,1,0,14,0,com,200,2,43461,286.763,0,0,20,1,nginx,0,html,1,1,0,0,5,0,1,1,1,1,1,3,1,9,1,1,1,3,0,0,1,1,1,5,0,0,1,1,1,17,7,8,2,1,136,119,17,1,14,1,7,1,5,1,1,13,1,0,1,0,0,0,0,0,0,0,0,1,0,0,0,0,0,0,0,0,0,0,0,0,0,0,1.0,1.0,1.0,0,0,0,1,2,1,1,2,1,3,0,6,131,5,0,0,0,0,0,0,0,3.0,0.0003911552886495939,0.625,0.3911552886495939,0,,multi_full_20260502_195038_0001,2026-05-02T19:58:32.285901,https://www.sidefx.com/products/whats-new-in-h20/,https://www.sidefx.com/,False,https://www.sidefx.com/products/whats-new-in-h20/,https://www.sidefx.com/,https://www.sidefx.com/products/whats-new-in-h20/,recon_page,2026-05-02T19:58:32.292602
47,1,2,0,0,0,0,1,0,14,0,com,200,2,48512,403.774,0,0,20,1,nginx,0,html,1,1,0,0,5,0,1,1,1,1,1,3,1,9,1,1,1,3,0,0,1,1,1,5,0,0,1,1,1,17,7,8,2,1,148,126,22,1,27,1,7,1,5,1,1,13,1,0,1,0,0,0,0,0,0,0,0,1,0,0,0,0,0,0,0,0,0,0,0,0,0,0,1.0,1.0,1.0,0,0,0,1,2,1,1,2,1,3,0,6,130,3,0,0,0,0,0,0,0,3.0,0.0003504287598944591,0.625,0.3504287598944591,0,,multi_full_20260502_195038_0001,2026-05-02T19:58:42.847543,https://www.sidefx.com/products/whats-new-18-5/,https://www.sidefx.com/,False,https://www.sidefx.com/products/whats-new-18-5/,https://www.sidefx.com/,https://www.sidefx.com/products/whats-new-18-5/,recon_page,2026-05-02T19:58:42.853179
58,1,5,0,0,0,0,1,0,14,0,com,200,2,17659,237.565,0,0,10,1,nginx,0,html,0,0,0,0,1,0,0,0,1,0,1,1,1,4,0,0,1,2,0,0,1,1,1,1,0,0,0,0,1,15,2,11,2,1,33,33,0,1,1,1,3,1,4,1,1,2,1,0,1,0,0,0,0,0,0,0,0,0,0,0,0,0,0,0,0,0,0,0,0,0,0,0,0.0,0.0,0.0,0,0,0,1,0,0,0,0,0,0,1,4,43,0,0,0,0,0,0,0,0,4.0,0.0008494252222662665,0.125,0.3397700889065066,0,,multi_full_20260502_195038_0001,2026-05-02T19:58:56.930805,https://www.sidefx.com/docs/houdini21.0/news/21/index.html,https://www.sidefx.com/,False,https://www.sidefx.com/docs/houdini21.0/news/21/index.html,https://www.sidefx.com/,https://www.sidefx.com/docs/houdini21.0/news/21/index.html,recon_page,2026-05-02T19:58:56.938638
45,1,2,0,0,0,0,1,0,14,0,com,200,2,45735,304.195,0,0,20,1,nginx,0,html,1,1,0,0,5,0,1,1,1,1,1,3,1,9,1,1,1,3,0,0,1,1,1,5,0,0,1,1,1,17,7,8,2,1,145,126,19,1,22,1,7,1,5,1,1,13,1,0,1,0,0,0,0,0,0,0,0,1,0,0,0,0,0,0,0,0,0,0,0,0,0,0,1.0,1.0,1.0,0,0,0,1,2,1,1,2,1,3,0,6,127,3,0,0,0,0,0,0,0,3.0,0.0003717065704602602,0.625,0.3717065704602602,0,,multi_full_20260502_195038_0001,2026-05-02T19:58:57.797145,https://www.sidefx.com/products/whats-new-19/,https://www.sidefx.com/,False,https://www.sidefx.com/products/whats-new-19/,https://www.sidefx.com/,https://www.sidefx.com/products/whats-new-19/,recon_page,2026-05-02T19:58:57.821605
49,1,2,0,0,0,0,1,0,14,0,com,200,2,42682,311.218,0,0,20,1,nginx,0,html,1,1,0,0,5,0,1,1,1,1,1,3,1,9,1,1,1,3,0,0,1,1,1,5,0,0,1,1,1,17,7,8,2,1,125,102,23,1,20,1,7,1,5,1,1,12,1,0,1,0,0,0,0,0,0,0,0,1,0,0,0,0,0,0,0,0,0,0,0,0,0,0,1.0,1.0,1.0,0,0,0,1,2,1,1,2,1,3,0,6,125,3,0,0,0,0,0,0,0,3.0,0.00039829436296331006,0.625,0.39829436296331006,0,,multi_full_20260502_195038_0001,2026-05-02T19:58:57.837194,https://www.sidefx.com/products/whats-new-in-175/,https://www.sidefx.com/,False,https://www.sidefx.com/products/whats-new-in-175/,https://www.sidefx.com/,https://www.sidefx.com/products/whats-new-in-175/,recon_page,2026-05-02T19:58:57.856030
50,1,2,0,0,0,0,1,0,14,0,com,200,2,49788,308.57099999999997,0,0,20,1,nginx,0,html,1,1,0,0,5,0,1,1,1,1,1,3,1,9,1,1,1,3,0,0,1,1,1,5,0,0,1,1,1,20,8,10,2,1,139,122,17,1,14,1,7,1,7,1,1,14,1,0,1,0,0,0,0,0,0,0,0,1,0,0,0,0,0,0,0,0,0,0,0,0,0,0,1.0,1.0,1.0,0,0,0,1,2,1,1,2,1,3,0,6,136,4,0,0,0,0,0,0,0,3.0,0.00040170322165983773,0.625,0.34144773841086207,0,,multi_full_20260502_195038_0001,2026-05-02T19:58:57.858475,https://www.sidefx.com/products/whats-new-in-h205/,https://www.sidefx.com/,False,https://www.sidefx.com/products/whats-new-in-h205/,https://www.sidefx.com/,https://www.sidefx.com/products/whats-new-in-h205/,recon_page,2026-05-02T19:58:57.869250
75,1,2,1,1,0,0,1,0,14,0,com,200,2,54318,329.814,0,0,20,1,ATS,0,html,1,1,0,1,7,1,1,1,1,1,0,0,0,0,0,0,0,0,0,0,0,0,0,0,0,0,0,0,1,38,14,0,24,1,14,0,14,0,0,1,7,1,6,1,1,4,1,0,0,0,0,0,0,0,0,0,0,1,0,0,0,0,0,0,0,0,0,0,0,0,0,0,1.0,1.0,0.0,0,0,0,0,0,0,0,0,0,0,0,0,36,0,0,0,0,0,0,0,0,0.0,0.000699583931661696,0.875,0.0,0,,multi_full_20260502_195038_0001,2026-05-02T19:58:58.176787,https://www.sidefx.com/login/yahoo-oauth2/?next=/products/whats-new-in-h21/,https://www.sidefx.com/,False,https://www.sidefx.com/login/yahoo-oauth2/?next=/products/whats-new-in-h21/,https://www.sidefx.com/,https://www.sidefx.com/login/yahoo-oauth2/?next=/products/whats-new-in-h21/,recon_page,2026-05-02T19:58:58.187474
62,1,1,1,1,0,0,1,0,14,0,com,200,2,29847,284.755,0,0,23,1,nginx,0,html,1,2,0,1,6,0,1,1,1,1,1,4,1,15,1,2,1,5,0,0,1,1,1,7,0,0,1,1,1,11,5,6,0,1,111,101,10,1,5,1,7,1,2,1,1,2,1,0,1,0,0,0,0,0,0,0,0,1,0,0,0,0,0,0,1,0,0,0,0,0,0,0,1.0,1.0,1.0,0,0,0,1,3,1,2,3,1,4,0,9,103,6,0,0,0,0,0,0,0,3.75,0.0003685462525546956,0.75,0.8711093242201896,0,,multi_full_20260502_195038_0001,2026-05-02T19:59:33.922902,https://www.sidefx.com/login/?next=/products/whats-new-in-h21/,https://www.sidefx.com/,False,https://www.sidefx.com/login/?next=/products/whats-new-in-h21/,https://www.sidefx.com/,https://www.sidefx.com/login/?next=/products/whats-new-in-h21/,recon_page,2026-05-02T19:59:33.926989
49,1,2,0,0,0,0,1,0,14,0,com,200,2,44018,324.124,0,0,20,1,nginx,0,html,1,1,0,0,5,0,1,1,1,1,1,3,1,9,1,1,1,3,0,0,1,1,1,5,0,0,1,1,1,17,7,8,2,1,145,122,23,1,25,1,7,1,5,1,1,13,1,0,1,0,0,0,0,0,0,0,0,1,0,0,0,0,0,0,0,0,0,0,0,0,0,0,1.0,1.0,1.0,0,0,0,1,2,1,1,2,1,3,0,6,130,3,0,0,0,0,0,0,0,3.0,0.0003862056431459857,0.625,0.3862056431459857,0,,multi_full_20260502_195038_0001,2026-05-02T19:59:34.674181,https://www.sidefx.com/products/whats-new-in-195/,https://www.sidefx.com/,False,https://www.sidefx.com/products/whats-new-in-195/,https://www.sidefx.com/,https://www.sidefx.com/products/whats-new-in-195/,recon_page,2026-05-02T19:59:34.682196
76,1,2,1,1,0,0,1,0,14,0,com,200,2,1230467,205.832,0,0,23,1,ESF,0,html,0,0,0,1,7,1,1,1,1,1,0,0,0,0,0,0,0,0,0,0,0,0,0,0,0,0,0,0,1,4,4,0,0,1,1,0,1,0,0,1,1,0,0,1,0,0,0,0,0,0,0,0,0,0,0,0,0,1,0,0,0,0,0,0,0,0,0,0,0,0,0,0,0.0,0.0,0.0,0,0,0,0,0,0,0,0,0,0,0,0,1,0,0,0,0,0,0,0,1,0.0,3.2507982741511964e-06,0.875,0.0,0,,multi_full_20260502_195038_0001,2026-05-02T20:00:03.551691,https://www.sidefx.com/login/google-oauth2/?next=/products/whats-new-in-h21/,https://www.sidefx.com/,False,https://www.sidefx.com/login/google-oauth2/?next=/products/whats-new-in-h21/,https://www.sidefx.com/,https://www.sidefx.com/login/google-oauth2/?next=/products/whats-new-in-h21/,recon_page,2026-05-02T20:00:03.555616
55,1,3,0,0,0,0,1,0,14,0,com,200,2,29847,239.731,0,0,23,1,nginx,0,html,1,2,0,1,6,0,1,1,1,1,1,4,1,15,1,2,1,5,0,0,1,1,1,7,0,0,1,1,1,11,5,6,0,1,111,101,10,1,5,1,7,1,2,1,1,2,1,0,1,0,0,0,0,0,0,0,0,1,0,0,0,0,0,0,0,0,0,0,0,0,0,0,1.0,1.0,1.0,0,0,0,1,3,1,2,3,1,4,0,9,103,6,0,0,0,0,0,0,0,3.75,0.0003685462525546956,0.75,0.8711093242201896,0,,multi_full_20260502_195038_0001,2026-05-02T20:00:14.632921,https://www.sidefx.com/learn/api/create-new-collection/,https://www.sidefx.com/,False,https://www.sidefx.com/learn/api/create-new-collection/,https://www.sidefx.com/,https://www.sidefx.com/learn/api/create-new-collection/,recon_page,2026-05-02T20:00:14.639450
60,1,3,0,0,0,0,1,0,14,0,com,200,2,29847,271.515,0,0,23,1,nginx,0,html,1,2,0,1,6,0,1,1,1,1,1,4,1,15,1,2,1,5,0,0,1,1,1,7,0,0,1,1,1,11,5,6,0,1,111,101,10,1,5,1,7,1,2,1,1,2,1,0,1,0,0,0,0,0,0,0,0,1,0,0,0,0,0,0,0,0,0,0,0,0,0,0,1.0,1.0,1.0,0,0,0,1,3,1,2,3,1,4,0,9,103,6,0,0,0,0,0,0,0,3.75,0.0003685462525546956,0.75,0.8711093242201896,0,,multi_full_20260502_195038_0001,2026-05-02T20:00:14.898323,https://www.sidefx.com/learn/api/update-content-collections/,https://www.sidefx.com/,False,https://www.sidefx.com/learn/api/update-content-collections/,https://www.sidefx.com/,https://www.sidefx.com/learn/api/update-content-collections/,recon_page,2026-05-02T20:00:14.905670
78,1,1,1,1,0,0,1,0,14,0,com,200,2,29847,867.954,0,0,23,1,nginx,0,html,1,2,0,1,6,0,1,1,1,1,1,4,1,15,1,2,1,5,0,0,1,1,1,7,0,0,1,1,1,11,5,6,0,1,111,101,10,1,5,1,7,1,2,1,1,2,1,0,1,0,0,0,0,0,0,0,0,1,0,0,0,0,0,0,0,0,0,0,0,0,0,0,1.0,1.0,1.0,0,0,0,1,3,1,2,3,1,4,0,9,103,6,0,0,0,0,0,0,0,3.75,0.0003685462525546956,0.75,0.8711093242201896,0,,multi_full_20260502_195038_0001,2026-05-02T20:00:15.396520,https://www.sidefx.com/login/?next=/learn/talks/familiar-obsessions-new-forms/,https://www.sidefx.com/,False,https://www.sidefx.com/login/?next=/learn/talks/familiar-obsessions-new-forms/,https://www.sidefx.com/,https://www.sidefx.com/login/?next=/learn/talks/familiar-obsessions-new-forms/,recon_page,2026-05-02T20:00:15.401241
58,1,3,0,0,0,0,1,0,14,0,com,200,2,29847,253.89000000000001,0,0,23,1,nginx,0,html,1,2,0,1,6,0,1,1,1,1,1,4,1,15,1,2,1,5,0,0,1,1,1,7,0,0,1,1,1,11,5,6,0,1,111,101,10,1,5,1,7,1,2,1,1,2,1,0,1,0,0,0,0,0,0,0,0,1,0,0,0,0,0,0,0,0,0,0,0,0,0,0,1.0,1.0,1.0,0,0,0,1,3,1,2,3,1,4,0,9,103,6,0,0,0,0,0,0,0,3.75,0.0003685462525546956,0.75,0.8711093242201896,0,,multi_full_20260502_195038_0001,2026-05-02T20:00:22.336647,https://www.sidefx.com/learn/api/get-collections-for-user/,https://www.sidefx.com/,False,https://www.sidefx.com/learn/api/get-collections-for-user/,https://www.sidefx.com/,https://www.sidefx.com/learn/api/get-collections-for-user/,recon_page,2026-05-02T20:00:22.340221
92,1,2,1,1,0,0,1,0,14,0,com,200,2,1230468,225.663,0,0,23,1,ESF,0,html,0,0,0,1,7,1,1,1,1,1,0,0,0,0,0,0,0,0,0,0,0,0,0,0,0,0,0,0,1,4,4,0,0,1,1,0,1,0,0,1,1,0,0,1,0,0,0,0,0,0,0,0,0,0,0,0,0,1,0,0,0,0,0,0,0,0,0,0,0,0,0,0,0.0,0.0,0.0,0,0,0,0,0,0,0,0,0,0,0,0,1,0,0,0,0,0,0,0,1,0.0,3.2507956322309885e-06,0.875,0.0,0,,multi_full_20260502_195038_0001,2026-05-02T20:00:34.486096,https://www.sidefx.com/login/google-oauth2/?next=/learn/talks/familiar-obsessions-new-forms/,https://www.sidefx.com/,False,https://www.sidefx.com/login/google-oauth2/?next=/learn/talks/familiar-obsessions-new-forms/,https://www.sidefx.com/,https://www.sidefx.com/login/google-oauth2/?next=/learn/talks/familiar-obsessions-new-forms/,recon_page,2026-05-02T20:00:34.490284
40,1,2,0,0,0,0,1,0,14,0,com,200,2,35721,323.469,0,0,21,1,nginx,0,html,1,1,0,0,5,0,1,1,1,1,1,3,1,9,1,1,1,3,0,0,1,1,1,5,0,0,1,1,1,17,8,7,2,1,109,99,10,1,10,1,7,1,3,1,1,7,1,0,1,0,0,0,0,0,0,0,0,1,0,0,0,0,0,0,0,0,0,0,0,0,0,0,1.0,1.0,1.0,0,0,0,1,2,1,1,2,1,3,0,6,109,4,0,0,0,0,0,0,0,3.0,0.00047591052882058174,0.625,0.47591052882058177,0,,multi_full_20260502_195038_0001,2026-05-02T20:00:41.810031,https://www.sidefx.com/profile/xkstudio/,https://www.sidefx.com/,False,https://www.sidefx.com/profile/xkstudio/,https://www.sidefx.com/,https://www.sidefx.com/profile/xkstudio/,recon_page,2026-05-02T20:00:41.817212
91,1,2,1,1,0,0,1,0,14,0,com,200,2,54318,930.085,0,0,20,1,ATS,0,html,1,1,0,1,7,1,1,1,1,1,0,0,0,0,0,0,0,0,0,0,0,0,0,0,0,0,0,0,1,38,14,0,24,1,14,0,14,0,0,1,7,1,6,1,1,4,1,0,0,0,0,0,0,0,0,0,0,1,0,0,0,0,0,0,0,0,0,0,0,0,0,0,1.0,1.0,0.0,0,0,0,0,0,0,0,0,0,0,0,0,36,0,0,0,0,0,0,0,0,0.0,0.000699583931661696,0.875,0.0,0,,multi_full_20260502_195038_0001,2026-05-02T20:00:52.286117,https://www.sidefx.com/login/yahoo-oauth2/?next=/learn/talks/familiar-obsessions-new-forms/,https://www.sidefx.com/,False,https://www.sidefx.com/login/yahoo-oauth2/?next=/learn/talks/familiar-obsessions-new-forms/,https://www.sidefx.com/,https://www.sidefx.com/login/yahoo-oauth2/?next=/learn/talks/familiar-obsessions-new-forms/,recon_page,2026-05-02T20:00:52.292375
74,1,2,1,1,0,0,1,0,14,0,com,200,2,1230265,215.26600000000002,0,0,23,1,ESF,0,html,0,0,0,1,7,1,1,1,1,1,0,0,0,0,0,0,0,0,0,0,0,0,0,0,0,0,0,0,1,4,4,0,0,1,1,0,1,0,0,1,1,0,0,1,0,0,0,0,0,0,0,0,0,0,0,0,0,1,0,0,0,0,0,0,0,0,0,0,0,0,0,0,0.0,0.0,0.0,0,0,0,0,0,0,0,0,0,0,0,0,1,0,0,0,0,0,0,0,1,0.0,3.251332030091078e-06,0.875,0.0,0,,multi_full_20260502_195038_0001,2026-05-02T20:01:08.833625,https://www.sidefx.com/login/google-oauth2/?next=/products/houdini-engine/,https://www.sidefx.com/,False,https://www.sidefx.com/login/google-oauth2/?next=/products/houdini-engine/,https://www.sidefx.com/,https://www.sidefx.com/login/google-oauth2/?next=/products/houdini-engine/,recon_page,2026-05-02T20:01:08.839880
60,1,1,1,1,0,0,1,0,14,0,com,200,2,29847,236.09,0,0,23,1,nginx,0,html,1,2,0,1,6,0,1,1,1,1,1,4,1,15,1,2,1,5,0,0,1,1,1,7,0,0,1,1,1,11,5,6,0,1,111,101,10,1,5,1,7,1,2,1,1,2,1,0,1,0,0,0,0,0,0,0,0,1,0,0,0,0,0,0,1,0,0,0,0,0,0,0,1.0,1.0,1.0,0,0,0,1,3,1,2,3,1,4,0,9,103,6,0,0,0,0,0,0,0,3.75,0.0003685462525546956,0.75,0.8711093242201896,0,,multi_full_20260502_195038_0001,2026-05-02T20:01:17.673130,https://www.sidefx.com/login/?next=/products/houdini-engine/,https://www.sidefx.com/,False,https://www.sidefx.com/login/?next=/products/houdini-engine/,https://www.sidefx.com/,https://www.sidefx.com/login/?next=/products/houdini-engine/,recon_page,2026-05-02T20:01:17.678281
76,1,2,1,1,0,0,1,0,14,0,com,200,2,23063,693.4749999999999,0,0,20,0,unknown,0,html,1,3,0,1,5,0,1,1,0,1,0,0,0,0,0,0,0,0,0,0,0,0,0,0,0,0,0,0,1,5,4,0,1,0,0,0,0,0,0,1,10,0,0,1,1,1,1,0,0,0,0,1,0,0,0,0,1,1,0,0,0,0,0,0,0,0,0,0,0,0,0,0,1.0,1.0,1.0,0,0,0,0,0,0,0,0,0,0,0,0,1,0,0,0,0,0,0,0,0,0.0,0.00021679746780557603,0.625,0.0,0,,multi_full_20260502_195038_0001,2026-05-02T20:01:18.672343,https://www.sidefx.com/login/microsoft-graph/?next=/products/houdini-engine/,https://www.sidefx.com/,False,https://www.sidefx.com/login/microsoft-graph/?next=/products/houdini-engine/,https://www.sidefx.com/,https://www.sidefx.com/login/microsoft-graph/?next=/products/houdini-engine/,recon_page,2026-05-02T20:01:18.675340
73,1,2,1,1,0,0,1,0,14,0,com,200,2,54318,351.48,0,0,20,1,ATS,0,html,1,1,0,1,7,1,1,1,1,1,0,0,0,0,0,0,0,0,0,0,0,0,0,0,0,0,0,0,1,38,14,0,24,1,14,0,14,0,0,1,7,1,6,1,1,4,1,0,0,0,0,0,0,0,0,0,0,1,0,0,0,0,0,0,0,0,0,0,0,0,0,0,1.0,1.0,0.0,0,0,0,0,0,0,0,0,0,0,0,0,36,0,0,0,0,0,0,0,0,0.0,0.000699583931661696,0.875,0.0,0,,multi_full_20260502_195038_0001,2026-05-02T20:01:19.288750,https://www.sidefx.com/login/yahoo-oauth2/?next=/products/houdini-engine/,https://www.sidefx.com/,False,https://www.sidefx.com/login/yahoo-oauth2/?next=/products/houdini-engine/,https://www.sidefx.com/,https://www.sidefx.com/login/yahoo-oauth2/?next=/products/houdini-engine/,recon_page,2026-05-02T20:01:19.296304
77,1,2,1,1,0,0,1,0,14,0,com,200,2,1230166,205.77200000000002,0,0,23,1,ESF,0,html,0,0,0,1,7,1,1,1,1,1,0,0,0,0,0,0,0,0,0,0,0,0,0,0,0,0,0,0,1,4,4,0,0,1,1,0,1,0,0,1,1,0,0,1,0,0,0,0,0,0,0,0,0,0,0,0,0,1,0,0,0,0,0,0,0,0,0,0,0,0,0,0,0.0,0.0,0.0,0,0,0,0,0,0,0,0,0,0,0,0,1,0,0,0,0,0,0,0,1,0.0,3.2515936873560156e-06,0.875,0.0,0,,multi_full_20260502_195038_0001,2026-05-02T20:01:32.849989,https://www.sidefx.com/login/google-oauth2/?next=/learn/talks/designed-chaos/,https://www.sidefx.com/,False,https://www.sidefx.com/login/google-oauth2/?next=/learn/talks/designed-chaos/,https://www.sidefx.com/,https://www.sidefx.com/login/google-oauth2/?next=/learn/talks/designed-chaos/,recon_page,2026-05-02T20:01:32.860399
76,1,2,1,1,0,0,1,0,14,0,com,200,2,54318,383.99100000000004,0,0,20,1,ATS,0,html,1,1,0,1,7,1,1,1,1,1,0,0,0,0,0,0,0,0,0,0,0,0,0,0,0,0,0,0,1,38,14,0,24,1,14,0,14,0,0,1,7,1,6,1,1,4,1,0,0,0,0,0,0,0,0,0,0,1,0,0,0,0,0,0,0,0,0,0,0,0,0,0,1.0,1.0,0.0,0,0,0,0,0,0,0,0,0,0,0,0,36,0,0,0,0,0,0,0,0,0.0,0.000699583931661696,0.875,0.0,0,,multi_full_20260502_195038_0001,2026-05-02T20:01:48.606064,https://www.sidefx.com/login/yahoo-oauth2/?next=/learn/talks/designed-chaos/,https://www.sidefx.com/,False,https://www.sidefx.com/login/yahoo-oauth2/?next=/learn/talks/designed-chaos/,https://www.sidefx.com/,https://www.sidefx.com/login/yahoo-oauth2/?next=/learn/talks/designed-chaos/,recon_page,2026-05-02T20:01:48.616050
63,1,1,1,1,0,0,1,0,14,0,com,200,2,29847,272.87699999999995,0,0,23,1,nginx,0,html,1,2,0,1,6,0,1,1,1,1,1,4,1,15,1,2,1,5,0,0,1,1,1,7,0,0,1,1,1,11,5,6,0,1,111,101,10,1,5,1,7,1,2,1,1,2,1,0,1,0,0,0,0,0,0,0,0,1,0,0,0,0,0,0,0,0,0,0,0,0,0,0,1.0,1.0,1.0,0,0,0,1,3,1,2,3,1,4,0,9,103,6,0,0,0,0,0,0,0,3.75,0.0003685462525546956,0.75,0.8711093242201896,0,,multi_full_20260502_195038_0001,2026-05-02T20:01:55.697563,https://www.sidefx.com/login/?next=/learn/talks/designed-chaos/,https://www.sidefx.com/,False,https://www.sidefx.com/login/?next=/learn/talks/designed-chaos/,https://www.sidefx.com/,https://www.sidefx.com/login/?next=/learn/talks/designed-chaos/,recon_page,2026-05-02T20:01:55.702407
66,1,4,0,0,0,0,1,0,14,0,com,200,2,26686,247.37,0,0,10,1,nginx,0,html,0,0,0,0,1,0,0,0,1,0,1,1,1,4,0,0,1,2,0,0,1,1,1,1,0,0,0,0,1,15,2,11,2,1,42,42,0,1,1,1,3,1,4,1,1,2,1,0,1,0,0,0,0,0,0,0,0,1,0,0,0,0,0,0,0,0,0,0,0,0,0,0,0.0,0.0,0.0,0,0,0,1,0,0,0,0,0,0,1,4,46,0,0,0,0,0,0,0,0,4.0,0.0005620924829498613,0.125,0.22483699317994454,0,,multi_full_20260502_195038_0001,2026-05-02T20:01:56.014573,https://www.sidefx.com/docs/houdini/licensing/login_licensing.html,https://www.sidefx.com/,False,https://www.sidefx.com/docs/houdini/licensing/login_licensing.html,https://www.sidefx.com/,https://www.sidefx.com/docs/houdini/licensing/login_licensing.html,recon_page,2026-05-02T20:01:56.020666
79,1,2,1,1,0,0,1,0,14,0,com,200,2,23063,136.539,0,0,20,0,unknown,0,html,1,3,0,1,5,0,1,1,0,1,0,0,0,0,0,0,0,0,0,0,0,0,0,0,0,0,0,0,1,5,4,0,1,0,0,0,0,0,0,1,10,0,0,1,1,1,1,0,0,0,0,1,0,0,0,0,1,1,0,0,0,0,0,0,0,0,0,0,0,0,0,0,1.0,1.0,1.0,0,0,0,0,0,0,0,0,0,0,0,0,1,0,0,0,0,0,0,0,0,0.0,0.00021679746780557603,0.625,0.0,0,,multi_full_20260502_195038_0001,2026-05-02T20:01:55.984653,https://www.sidefx.com/login/microsoft-graph/?next=/learn/talks/designed-chaos/,https://www.sidefx.com/,False,https://www.sidefx.com/login/microsoft-graph/?next=/learn/talks/designed-chaos/,https://www.sidefx.com/,https://www.sidefx.com/login/microsoft-graph/?next=/learn/talks/designed-chaos/,recon_page,2026-05-02T20:01:56.023733
43,1,2,0,0,0,0,1,0,14,0,com,200,2,35833,313.247,0,0,21,1,nginx,0,html,1,1,0,0,5,0,1,1,1,1,1,3,1,9,1,1,1,3,0,0,1,1,1,5,0,0,1,1,1,17,8,7,2,1,111,101,10,1,10,1,7,1,3,1,1,7,1,0,1,0,0,0,0,0,0,0,0,1,0,0,0,0,0,0,0,0,0,0,0,0,0,0,1.0,1.0,1.0,0,0,0,1,2,1,1,2,1,3,0,6,111,5,0,0,0,0,0,0,0,3.0,0.0004744230178885385,0.625,0.4744230178885385,0,,multi_full_20260502_195038_0001,2026-05-02T20:01:56.020249,https://www.sidefx.com/profile/kavardakman/,https://www.sidefx.com/,False,https://www.sidefx.com/profile/kavardakman/,https://www.sidefx.com/,https://www.sidefx.com/profile/kavardakman/,recon_page,2026-05-02T20:01:56.028466
67,1,4,0,0,0,0,1,0,14,0,com,200,2,25089,776.6840000000001,0,0,10,1,nginx,0,html,0,0,0,0,1,0,0,0,1,0,1,1,1,4,0,0,1,2,0,0,1,1,1,1,0,0,0,0,1,15,2,11,2,1,39,39,0,1,1,1,3,1,4,1,1,2,1,0,1,0,0,0,0,0,0,0,0,0,0,0,0,0,0,0,0,0,0,0,0,0,0,0,0.0,0.0,0.0,0,0,0,1,0,0,0,0,0,0,1,4,45,0,0,0,0,0,0,0,0,4.0,0.0005978715771852207,0.125,0.23914863087408825,0,,multi_full_20260502_195038_0001,2026-05-02T20:01:55.994702,https://www.sidefx.com/docs/houdini/licensing/studio_licensing.html,https://www.sidefx.com/,False,https://www.sidefx.com/docs/houdini/licensing/studio_licensing.html,https://www.sidefx.com/,https://www.sidefx.com/docs/houdini/licensing/studio_licensing.html,recon_page,2026-05-02T20:01:56.025852
79,1,2,1,1,0,0,1,0,14,0,com,200,2,1230406,244.211,0,0,23,1,ESF,0,html,0,0,0,1,7,1,1,1,1,1,0,0,0,0,0,0,0,0,0,0,0,0,0,0,0,0,0,0,1,4,4,0,0,1,1,0,1,0,0,1,1,0,0,1,0,0,0,0,0,0,0,0,0,0,0,0,0,1,0,0,0,0,0,0,0,0,0,0,0,0,0,0,0.0,0.0,0.0,0,0,0,0,0,0,0,0,0,0,0,0,1,0,0,0,0,0,0,0,1,0.0,3.250959439404554e-06,0.875,0.0,0,,multi_full_20260502_195038_0001,2026-05-02T20:01:56.799029,https://www.sidefx.com/login/google-oauth2/?next=/Support/licensing/commercial/,https://www.sidefx.com/,False,https://www.sidefx.com/login/google-oauth2/?next=/Support/licensing/commercial/,https://www.sidefx.com/,https://www.sidefx.com/login/google-oauth2/?next=/Support/licensing/commercial/,recon_page,2026-05-02T20:01:56.807347
78,1,2,1,1,0,0,1,0,14,0,com,200,2,54318,383.595,0,0,20,1,ATS,0,html,1,1,0,1,7,1,1,1,1,1,0,0,0,0,0,0,0,0,0,0,0,0,0,0,0,0,0,0,1,38,14,0,24,1,14,0,14,0,0,1,7,1,6,1,1,4,1,0,0,0,0,0,0,0,0,0,0,1,0,0,0,0,0,0,0,0,0,0,0,0,0,0,1.0,1.0,0.0,0,0,0,0,0,0,0,0,0,0,0,0,36,0,0,0,0,0,0,0,0,0.0,0.000699583931661696,0.875,0.0,0,,multi_full_20260502_195038_0001,2026-05-02T20:01:57.260470,https://www.sidefx.com/login/yahoo-oauth2/?next=/Support/licensing/commercial/,https://www.sidefx.com/,False,https://www.sidefx.com/login/yahoo-oauth2/?next=/Support/licensing/commercial/,https://www.sidefx.com/,https://www.sidefx.com/login/yahoo-oauth2/?next=/Support/licensing/commercial/,recon_page,2026-05-02T20:01:57.264057
58,1,3,0,0,0,0,1,0,14,0,com,200,2,34796,329.518,0,0,21,1,nginx,0,html,1,1,0,0,5,0,1,1,1,1,1,4,1,10,1,1,1,4,0,0,1,1,1,6,0,0,1,1,1,19,9,8,2,1,112,102,10,1,6,1,7,1,3,1,1,9,1,0,1,0,0,0,0,0,0,0,0,1,0,0,0,0,0,0,0,0,0,0,0,0,0,0,1.0,1.0,1.0,0,0,0,2,2,1,1,2,1,4,0,7,110,3,0,0,0,0,0,0,0,2.5,0.0005460397746867456,0.625,0.5747787101965743,0,,multi_full_20260502_195038_0001,2026-05-02T20:02:00.691913,https://www.sidefx.com/faq/question/license-a-workstation/,https://www.sidefx.com/,False,https://www.sidefx.com/faq/question/license-a-workstation/,https://www.sidefx.com/,https://www.sidefx.com/faq/question/license-a-workstation/,recon_page,2026-05-02T20:02:00.696264
65,1,1,1,1,0,0,1,0,14,0,com,200,2,29847,332.046,0,0,23,1,nginx,0,html,1,2,0,1,6,0,1,1,1,1,1,4,1,15,1,2,1,5,0,0,1,1,1,7,0,0,1,1,1,11,5,6,0,1,111,101,10,1,5,1,7,1,2,1,1,2,1,0,1,0,0,0,0,0,0,0,0,1,0,0,0,0,0,0,1,0,0,0,0,0,0,0,1.0,1.0,1.0,0,0,0,1,3,1,2,3,1,4,0,9,103,6,0,0,0,0,0,0,0,3.75,0.0003685462525546956,0.75,0.8711093242201896,0,,multi_full_20260502_195038_0001,2026-05-02T20:02:04.827928,https://www.sidefx.com/login/?next=/Support/licensing/commercial/,https://www.sidefx.com/,False,https://www.sidefx.com/login/?next=/Support/licensing/commercial/,https://www.sidefx.com/,https://www.sidefx.com/login/?next=/Support/licensing/commercial/,recon_page,2026-05-02T20:02:04.833417
81,1,2,1,1,0,0,1,0,14,0,com,200,2,23182,165.127,0,0,20,0,unknown,0,html,1,3,0,1,5,0,1,1,0,1,0,0,0,0,0,0,0,0,0,0,0,0,0,0,0,0,0,0,1,5,4,0,1,0,0,0,0,0,0,1,10,0,0,1,1,1,1,0,0,0,0,1,0,0,0,0,1,1,0,0,0,0,0,0,0,0,0,0,0,0,0,0,1.0,1.0,1.0,0,0,0,0,0,0,0,0,0,0,0,0,1,0,0,0,0,0,0,0,0,0.0,0.00021568458286601674,0.625,0.0,0,,multi_full_20260502_195038_0001,2026-05-02T20:02:22.189639,https://www.sidefx.com/login/microsoft-graph/?next=/Support/licensing/commercial/,https://www.sidefx.com/,False,https://www.sidefx.com/login/microsoft-graph/?next=/Support/licensing/commercial/,https://www.sidefx.com/,https://www.sidefx.com/login/microsoft-graph/?next=/Support/licensing/commercial/,recon_page,2026-05-02T20:02:22.193731
52,1,3,0,0,0,0,1,0,14,0,com,200,2,74660,444.139,0,0,21,1,nginx,0,html,1,1,0,0,5,0,1,1,1,1,1,3,1,50,1,1,1,3,0,0,1,1,1,8,0,0,1,1,1,19,9,8,2,1,116,106,10,1,8,1,7,1,3,1,1,22,1,0,1,0,0,0,0,0,0,0,0,1,0,0,0,0,0,0,0,0,0,0,0,0,0,0,1.0,1.0,1.0,0,0,0,1,2,1,1,2,1,3,0,6,111,3,0,0,0,0,0,0,0,16.666666666666668,0.00025448700776855074,0.625,0.8170372354674524,0,,multi_full_20260502_195038_0001,2026-05-02T20:02:36.833913,https://www.sidefx.com/tutorials/level/intermediate/,https://www.sidefx.com/,False,https://www.sidefx.com/tutorials/level/intermediate/,https://www.sidefx.com/,https://www.sidefx.com/tutorials/level/intermediate/,recon_page,2026-05-02T20:02:36.837026
29,1,1,0,0,0,0,1,0,14,0,com,200,2,29907,307.894,0,0,23,1,nginx,0,html,1,2,0,1,6,0,1,1,1,1,1,4,1,16,1,2,1,6,0,0,1,1,1,7,0,0,1,1,1,11,5,6,0,1,111,101,10,1,5,1,7,1,2,1,1,2,1,0,1,0,0,0,0,0,0,0,0,1,0,0,0,0,0,0,0,0,0,0,0,0,0,0,1.0,1.0,1.0,0,0,0,1,3,1,2,3,1,4,0,9,103,6,0,0,0,0,0,0,0,4.0,0.0003678068679573344,0.75,0.9027986758952754,0,,multi_full_20260502_195038_0001,2026-05-02T20:02:52.291407,https://www.sidefx.com/login/,https://www.sidefx.com/,False,https://www.sidefx.com/login/,https://www.sidefx.com/,https://www.sidefx.com/login/,recon_page,2026-05-02T20:02:52.301251
56,1,2,0,0,0,0,1,0,14,0,com,405,4,0,225.238,0,0,19,1,nginx,0,html,0,0,0,0,5,0,1,1,1,1,0,0,0,0,0,0,0,0,0,0,0,0,0,0,0,0,0,0,0,0,0,0,0,0,0,0,0,0,0,0,0,0,0,0,0,0,0,0,1,0,0,0,0,0,0,0,0,0,0,0,0,0,0,0,0,0,0,0,0,0,0,0,0.0,0.0,0.0,0,0,0,0,0,0,0,0,0,0,0,0,0,0,0,0,0,0,0,0,0,0.0,0.0,0.625,0.0,0,,multi_full_20260502_195038_0001,2026-05-02T20:02:57.764491,https://www.sidefx.com/tutorials/get-current-video-time/,https://www.sidefx.com/,False,https://www.sidefx.com/tutorials/get-current-video-time/,https://www.sidefx.com/,https://www.sidefx.com/tutorials/get-current-video-time/,recon_page,2026-05-02T20:02:57.768311
71,1,1,1,1,0,0,1,0,14,0,com,200,2,29847,994.4399999999999,0,0,23,1,nginx,0,html,1,2,0,1,6,0,1,1,1,1,1,4,1,15,1,2,1,5,0,0,1,1,1,7,0,0,1,1,1,11,5,6,0,1,111,101,10,1,5,1,7,1,2,1,1,2,1,0,1,0,0,0,0,0,0,0,0,1,0,0,0,0,0,0,0,0,0,0,0,0,0,0,1.0,1.0,1.0,0,0,0,1,3,1,2,3,1,4,0,9,103,6,0,0,0,0,0,0,0,3.75,0.0003685462525546956,0.75,0.8711093242201896,0,,multi_full_20260502_195038_0001,2026-05-02T20:03:12.622679,https://www.sidefx.com/login/?next=/tutorials/usd-render-prims-in-lops/,https://www.sidefx.com/,False,https://www.sidefx.com/login/?next=/tutorials/usd-render-prims-in-lops/,https://www.sidefx.com/,https://www.sidefx.com/login/?next=/tutorials/usd-render-prims-in-lops/,recon_page,2026-05-02T20:03:12.635243
85,1,2,1,1,0,0,1,0,14,0,com,200,2,1230432,286.613,0,0,23,1,ESF,0,html,0,0,0,1,7,1,1,1,1,1,0,0,0,0,0,0,0,0,0,0,0,0,0,0,0,0,0,0,1,4,4,0,0,1,1,0,1,0,0,1,1,0,0,1,0,0,0,0,0,0,0,0,0,0,0,0,0,1,0,0,0,0,0,0,0,0,0,0,0,0,0,0,0.0,0.0,0.0,0,0,0,0,0,0,0,0,0,0,0,0,1,0,0,0,0,0,0,0,1,0.0,3.2508907440638734e-06,0.875,0.0,0,,multi_full_20260502_195038_0001,2026-05-02T20:03:13.154945,https://www.sidefx.com/login/google-oauth2/?next=/tutorials/usd-render-prims-in-lops/,https://www.sidefx.com/,False,https://www.sidefx.com/login/google-oauth2/?next=/tutorials/usd-render-prims-in-lops/,https://www.sidefx.com/,https://www.sidefx.com/login/google-oauth2/?next=/tutorials/usd-render-prims-in-lops/,recon_page,2026-05-02T20:03:13.162815
50,1,3,0,0,0,0,1,0,14,0,com,200,2,74709,416.45500000000004,0,0,21,1,nginx,0,html,1,1,0,0,5,0,1,1,1,1,1,3,1,50,1,1,1,3,0,0,1,1,1,8,0,0,1,1,1,19,9,8,2,1,116,106,10,1,8,1,7,1,3,1,1,22,1,0,1,0,0,0,0,0,0,0,0,1,0,0,0,0,0,0,0,0,0,0,0,0,0,0,1.0,1.0,1.0,0,0,0,1,2,1,1,2,1,3,0,6,114,7,0,0,0,0,0,0,0,16.666666666666668,0.0002543200953031094,0.625,0.8165013586047196,0,,multi_full_20260502_195038_0001,2026-05-02T20:03:13.282495,https://www.sidefx.com/tutorials/category/solaris/,https://www.sidefx.com/,False,https://www.sidefx.com/tutorials/category/solaris/,https://www.sidefx.com/,https://www.sidefx.com/tutorials/category/solaris/,recon_page,2026-05-02T20:03:13.286995
87,1,2,1,1,0,0,1,0,14,0,com,200,2,23264,199.969,0,0,20,0,unknown,0,html,1,3,0,1,5,0,1,1,0,1,0,0,0,0,0,0,0,0,0,0,0,0,0,0,0,0,0,0,1,5,4,0,1,0,0,0,0,0,0,1,10,0,0,1,1,1,1,0,0,0,0,1,0,0,0,0,1,1,0,0,0,0,0,0,0,0,0,0,0,0,0,0,1.0,1.0,1.0,0,0,0,0,0,0,0,0,0,0,0,0,1,0,0,0,0,0,0,0,0,0.0,0.00021492434662998623,0.625,0.0,0,,multi_full_20260502_195038_0001,2026-05-02T20:03:13.448121,https://www.sidefx.com/login/microsoft-graph/?next=/tutorials/usd-render-prims-in-lops/,https://www.sidefx.com/,False,https://www.sidefx.com/login/microsoft-graph/?next=/tutorials/usd-render-prims-in-lops/,https://www.sidefx.com/,https://www.sidefx.com/login/microsoft-graph/?next=/tutorials/usd-render-prims-in-lops/,recon_page,2026-05-02T20:03:13.452910
52,1,3,0,0,0,0,1,0,14,0,com,200,2,74661,260.602,0,0,21,1,nginx,0,html,1,1,0,0,5,0,1,1,1,1,1,3,1,50,1,1,1,3,0,0,1,1,1,8,0,0,1,1,1,19,9,8,2,1,116,106,10,1,8,1,7,1,3,1,1,22,1,0,1,0,0,0,0,0,0,0,0,1,0,0,0,0,0,0,0,0,0,0,0,0,0,0,1.0,1.0,1.0,0,0,0,1,2,1,1,2,1,3,0,6,111,3,0,0,0,0,0,0,0,16.666666666666668,0.00025448359920172514,0.625,0.8170262921739596,0,,multi_full_20260502_195038_0001,2026-05-02T20:03:13.525903,https://www.sidefx.com/tutorials/version/houdini-21/,https://www.sidefx.com/,False,https://www.sidefx.com/tutorials/version/houdini-21/,https://www.sidefx.com/,https://www.sidefx.com/tutorials/version/houdini-21/,recon_page,2026-05-02T20:03:13.542782
57,1,3,0,0,0,0,1,0,14,0,com,200,2,74709,525.837,0,0,21,1,nginx,0,html,1,1,0,0,5,0,1,1,1,1,1,3,1,50,1,1,1,3,0,0,1,1,1,8,0,0,1,1,1,19,9,8,2,1,116,106,10,1,8,1,7,1,3,1,1,22,1,0,1,0,0,0,0,0,0,0,0,1,0,0,0,0,0,0,0,0,0,0,0,0,0,0,1.0,1.0,1.0,0,0,0,1,2,1,1,2,1,3,0,6,114,7,0,0,0,0,0,0,0,16.666666666666668,0.0002543200953031094,0.625,0.8165013586047196,0,,multi_full_20260502_195038_0001,2026-05-02T20:03:13.775973,https://www.sidefx.com/tutorials/category/karma-renderer/,https://www.sidefx.com/,False,https://www.sidefx.com/tutorials/category/karma-renderer/,https://www.sidefx.com/,https://www.sidefx.com/tutorials/category/karma-renderer/,recon_page,2026-05-02T20:03:13.783761
42,1,2,0,0,0,0,1,0,14,0,com,200,2,38462,319.63399999999996,0,0,21,1,nginx,0,html,1,1,0,0,5,0,1,1,1,1,1,3,1,9,1,1,1,3,0,0,1,1,1,5,0,0,1,1,1,17,8,7,2,1,115,105,10,1,12,1,7,1,3,1,1,7,1,0,1,0,0,0,0,0,0,0,0,1,0,0,0,0,0,0,0,0,0,0,0,0,0,0,1.0,1.0,1.0,0,0,0,1,2,1,1,2,1,3,0,6,115,5,0,0,0,0,0,0,0,3.0,0.00044199469606364723,0.625,0.4419946960636472,0,,multi_full_20260502_195038_0001,2026-05-02T20:03:22.714931,https://www.sidefx.com/profile/pixelninja/,https://www.sidefx.com/,False,https://www.sidefx.com/profile/pixelninja/,https://www.sidefx.com/,https://www.sidefx.com/profile/pixelninja/,recon_page,2026-05-02T20:03:22.720887
84,1,2,1,1,0,0,1,0,14,0,com,200,2,54318,1005.282,0,0,20,1,ATS,0,html,1,1,0,1,7,1,1,1,1,1,0,0,0,0,0,0,0,0,0,0,0,0,0,0,0,0,0,0,1,38,14,0,24,1,14,0,14,0,0,1,7,1,6,1,1,4,1,0,0,0,0,0,0,0,0,0,0,1,0,0,0,0,0,0,0,0,0,0,0,0,0,0,1.0,1.0,0.0,0,0,0,0,0,0,0,0,0,0,0,0,36,0,0,0,0,0,0,0,0,0.0,0.000699583931661696,0.875,0.0,0,,multi_full_20260502_195038_0001,2026-05-02T20:03:52.555494,https://www.sidefx.com/login/yahoo-oauth2/?next=/tutorials/usd-render-prims-in-lops/,https://www.sidefx.com/,False,https://www.sidefx.com/login/yahoo-oauth2/?next=/tutorials/usd-render-prims-in-lops/,https://www.sidefx.com/,https://www.sidefx.com/login/yahoo-oauth2/?next=/tutorials/usd-render-prims-in-lops/,recon_page,2026-05-02T20:03:52.560674
57,1,2,0,0,0,0,1,0,14,0,com,405,4,0,563.121,0,0,19,1,nginx,0,html,0,0,0,0,5,0,1,1,1,1,0,0,0,0,0,0,0,0,0,0,0,0,0,0,0,0,0,0,0,0,0,0,0,0,0,0,0,0,0,0,0,0,0,0,0,0,0,0,1,0,0,0,0,0,0,0,0,0,0,0,0,0,0,0,0,0,0,0,0,0,0,0,0.0,0.0,0.0,0,0,0,0,0,0,0,0,0,0,0,0,0,0,0,0,0,0,0,0,0,0.0,0.0,0.625,0.0,0,,multi_full_20260502_195038_0001,2026-05-02T20:04:01.959051,https://www.sidefx.com/tutorials/save-current-video-time/,https://www.sidefx.com/,False,https://www.sidefx.com/tutorials/save-current-video-time/,https://www.sidefx.com/,https://www.sidefx.com/tutorials/save-current-video-time/,recon_page,2026-05-02T20:04:01.966763
51,1,3,0,0,0,0,1,0,14,0,com,200,2,74669,529.87,0,0,21,1,nginx,0,html,1,1,0,0,5,0,1,1,1,1,1,3,1,50,1,1,1,3,0,0,1,1,1,8,0,0,1,1,1,19,9,8,2,1,116,106,10,1,8,1,7,1,3,1,1,22,1,0,1,0,0,0,0,0,0,0,0,1,0,0,0,0,0,0,0,0,0,0,0,0,0,0,1.0,1.0,1.0,0,0,0,1,2,1,1,2,1,3,0,6,111,3,0,0,0,0,0,0,0,16.666666666666668,0.00025445633395384967,0.625,0.816938756378149,0,,multi_full_20260502_195038_0001,2026-05-02T20:04:06.350594,https://www.sidefx.com/tutorials/author/pixelninja/,https://www.sidefx.com/,False,https://www.sidefx.com/tutorials/author/pixelninja/,https://www.sidefx.com/,https://www.sidefx.com/tutorials/author/pixelninja/,recon_page,2026-05-02T20:04:06.354330
45,1,3,0,0,0,0,1,0,14,0,com,200,2,110376,940.4449999999999,0,0,10,1,nginx,0,html,0,0,0,0,1,0,0,0,1,0,1,1,1,4,0,0,1,2,0,0,1,1,1,1,0,0,0,0,1,15,2,11,2,1,469,263,206,1,19,1,3,1,4,1,1,2,1,0,1,0,1,0,0,0,0,0,0,0,1,0,0,0,0,0,0,0,0,0,0,0,0,0,0.0,0.0,0.0,0,0,0,1,0,0,0,0,0,0,1,4,448,1,0,0,0,0,0,0,0,4.0,0.00013589910850184822,0.125,0.05435964340073929,0,,multi_full_20260502_195038_0001,2026-05-02T20:04:36.200646,https://www.sidefx.com/docs/houdini/licenses/,https://www.sidefx.com/,False,https://www.sidefx.com/docs/houdini/licenses/,https://www.sidefx.com/,https://www.sidefx.com/docs/houdini/licenses/,recon_page,2026-05-02T20:04:36.210101
55,1,3,0,0,0,0,1,0,14,0,com,200,2,39754,275.40500000000003,0,0,20,1,nginx,0,html,1,1,0,0,5,0,1,1,1,1,1,3,1,9,1,1,1,3,0,0,1,1,1,5,0,0,1,1,1,17,8,7,2,1,117,102,15,1,6,1,7,1,3,1,1,7,1,0,1,0,1,0,0,0,0,0,0,1,0,0,0,0,0,0,0,0,0,0,0,0,0,0,1.0,1.0,1.0,0,0,0,1,2,1,1,2,1,3,0,6,115,6,0,3,0,0,0,0,0,3.0,0.0004276299240328017,0.625,0.42762992403280176,0,,multi_full_20260502_195038_0001,2026-05-02T20:04:36.863502,https://www.sidefx.com/Support/system-requirements/20.5,https://www.sidefx.com/,False,https://www.sidefx.com/Support/system-requirements/20.5,https://www.sidefx.com/,https://www.sidefx.com/Support/system-requirements/20.5,recon_page,2026-05-02T20:04:36.869135
77,1,2,1,1,0,0,1,0,14,0,com,200,2,54318,346.01300000000003,0,0,20,1,ATS,0,html,1,1,0,1,7,1,1,1,1,1,0,0,0,0,0,0,0,0,0,0,0,0,0,0,0,0,0,0,1,38,14,0,24,1,14,0,14,0,0,1,7,1,6,1,1,4,1,0,0,0,0,0,0,0,0,0,0,1,0,0,0,0,0,0,0,0,0,0,0,0,0,0,1.0,1.0,0.0,0,0,0,0,0,0,0,0,0,0,0,0,36,0,0,0,0,0,0,0,0,0.0,0.000699583931661696,0.875,0.0,0,,multi_full_20260502_195038_0001,2026-05-02T20:04:37.303250,https://www.sidefx.com/login/yahoo-oauth2/?next=/Support/system-requirements/,https://www.sidefx.com/,False,https://www.sidefx.com/login/yahoo-oauth2/?next=/Support/system-requirements/,https://www.sidefx.com/,https://www.sidefx.com/login/yahoo-oauth2/?next=/Support/system-requirements/,recon_page,2026-05-02T20:04:37.320877
64,1,1,1,1,0,0,1,0,14,0,com,200,2,29847,977.075,0,0,23,1,nginx,0,html,1,2,0,1,6,0,1,1,1,1,1,4,1,15,1,2,1,5,0,0,1,1,1,7,0,0,1,1,1,11,5,6,0,1,111,101,10,1,5,1,7,1,2,1,1,2,1,0,1,0,0,0,0,0,0,0,0,1,0,0,0,0,0,0,1,0,0,0,0,0,0,0,1.0,1.0,1.0,0,0,0,1,3,1,2,3,1,4,0,9,103,6,0,0,0,0,0,0,0,3.75,0.0003685462525546956,0.75,0.8711093242201896,0,,multi_full_20260502_195038_0001,2026-05-02T20:04:37.343873,https://www.sidefx.com/login/?next=/Support/system-requirements/,https://www.sidefx.com/,False,https://www.sidefx.com/login/?next=/Support/system-requirements/,https://www.sidefx.com/,https://www.sidefx.com/login/?next=/Support/system-requirements/,recon_page,2026-05-02T20:04:37.351378
78,1,2,1,1,0,0,1,0,14,0,com,200,2,1230540,238.731,0,0,23,1,ESF,0,html,0,0,0,1,7,1,1,1,1,1,0,0,0,0,0,0,0,0,0,0,0,0,0,0,0,0,0,0,1,4,4,0,0,1,1,0,1,0,0,1,1,0,0,1,0,0,0,0,0,0,0,0,0,0,0,0,0,1,0,0,0,0,0,0,0,0,0,0,0,0,0,0,0.0,0.0,0.0,0,0,0,0,0,0,0,0,0,0,0,0,1,0,0,0,0,0,0,0,1,0.0,3.250605425260455e-06,0.875,0.0,0,,multi_full_20260502_195038_0001,2026-05-02T20:04:52.116788,https://www.sidefx.com/login/google-oauth2/?next=/Support/system-requirements/,https://www.sidefx.com/,False,https://www.sidefx.com/login/google-oauth2/?next=/Support/system-requirements/,https://www.sidefx.com/,https://www.sidefx.com/login/google-oauth2/?next=/Support/system-requirements/,recon_page,2026-05-02T20:04:52.124610
76,1,3,0,0,0,0,1,0,14,0,com,200,2,35303,319.985,0,0,20,1,nginx,0,html,1,1,0,0,5,0,1,1,1,1,1,3,1,9,1,1,1,3,0,0,1,1,1,5,0,0,1,1,1,17,8,7,2,1,110,97,13,1,6,1,7,1,3,1,1,7,1,0,1,0,1,0,0,0,0,0,0,1,0,0,0,0,0,0,0,0,0,0,0,0,0,0,1.0,1.0,1.0,0,0,0,1,2,1,1,2,1,3,0,6,109,6,0,3,0,0,0,0,0,3.0,0.0004815454777214401,0.625,0.48154547772144013,0,,multi_full_20260502_195038_0001,2026-05-02T20:04:56.664840,https://www.sidefx.com/Support/system-requirements/supported-graphics-cards/,https://www.sidefx.com/,False,https://www.sidefx.com/Support/system-requirements/supported-graphics-cards/,https://www.sidefx.com/,https://www.sidefx.com/Support/system-requirements/supported-graphics-cards/,recon_page,2026-05-02T20:04:56.669598
90,1,3,0,0,0,0,1,0,14,0,com,200,2,32649,303.73499999999996,0,0,20,1,nginx,0,html,1,1,0,0,5,0,1,1,1,1,1,3,1,9,1,1,1,3,0,0,1,1,1,5,0,0,1,1,1,17,8,7,2,1,110,97,13,1,6,1,7,1,3,1,1,7,1,0,1,0,1,0,0,0,0,0,0,1,0,0,0,0,0,0,0,0,0,0,0,0,0,0,1.0,1.0,1.0,0,0,0,1,2,1,1,2,1,3,0,6,109,6,0,3,0,0,0,0,0,3.0,0.0005206897607889982,0.625,0.5206897607889981,0,,multi_full_20260502_195038_0001,2026-05-02T20:05:20.441597,https://www.sidefx.com/Support/system-requirements/houdini-210-linux-package-requirements/,https://www.sidefx.com/,False,https://www.sidefx.com/Support/system-requirements/houdini-210-linux-package-requirements/,https://www.sidefx.com/,https://www.sidefx.com/Support/system-requirements/houdini-210-linux-package-requirements/,recon_page,2026-05-02T20:05:20.446263
80,1,2,1,1,0,0,1,0,14,0,com,200,2,23163,793.2660000000001,0,0,20,0,unknown,0,html,1,3,0,1,5,0,1,1,0,1,0,0,0,0,0,0,0,0,0,0,0,0,0,0,0,0,0,0,1,5,4,0,1,0,0,0,0,0,0,1,10,0,0,1,1,1,1,0,0,0,0,1,0,0,0,0,1,1,0,0,0,0,0,0,0,0,0,0,0,0,0,0,1.0,1.0,1.0,0,0,0,0,0,0,0,0,0,0,0,0,1,0,0,0,0,0,0,0,0,0.0,0.0002158615032595087,0.625,0.0,0,,multi_full_20260502_195038_0001,2026-05-02T20:05:37.813241,https://www.sidefx.com/login/microsoft-graph/?next=/Support/system-requirements/,https://www.sidefx.com/,False,https://www.sidefx.com/login/microsoft-graph/?next=/Support/system-requirements/,https://www.sidefx.com/,https://www.sidefx.com/login/microsoft-graph/?next=/Support/system-requirements/,recon_page,2026-05-02T20:05:37.835485
68,1,2,1,1,0,0,1,0,14,0,com,200,2,23170,769.985,0,0,20,0,unknown,0,html,1,3,0,1,5,0,1,1,0,1,0,0,0,0,0,0,0,0,0,0,0,0,0,0,0,0,0,0,1,5,4,0,1,0,0,0,0,0,0,1,10,0,0,1,1,1,1,0,0,0,0,1,0,0,0,0,1,1,0,0,0,0,0,0,0,0,0,0,0,0,0,0,1.0,1.0,1.0,0,0,0,0,0,0,0,0,0,0,0,0,1,0,0,0,0,0,0,0,0,0.0,0.00021579628830384117,0.625,0.0,0,,multi_full_20260502_195038_0001,2026-05-02T20:05:37.829374,https://www.sidefx.com/login/microsoft-graph/?next=/company/careers/,https://www.sidefx.com/,False,https://www.sidefx.com/login/microsoft-graph/?next=/company/careers/,https://www.sidefx.com/,https://www.sidefx.com/login/microsoft-graph/?next=/company/careers/,recon_page,2026-05-02T20:05:38.018243
66,1,2,1,1,0,0,1,0,14,0,com,200,2,1230241,297.068,0,0,23,1,ESF,0,html,0,0,0,1,7,1,1,1,1,1,0,0,0,0,0,0,0,0,0,0,0,0,0,0,0,0,0,0,1,4,4,0,0,1,1,0,1,0,0,1,1,0,0,1,0,0,0,0,0,0,0,0,0,0,0,0,0,1,0,0,0,0,0,0,0,0,0,0,0,0,0,0,0.0,0.0,0.0,0,0,0,0,0,0,0,0,0,0,0,0,1,0,0,0,0,0,0,0,1,0.0,3.251395458288254e-06,0.875,0.0,0,,multi_full_20260502_195038_0001,2026-05-02T20:05:38.173813,https://www.sidefx.com/login/google-oauth2/?next=/company/careers/,https://www.sidefx.com/,False,https://www.sidefx.com/login/google-oauth2/?next=/company/careers/,https://www.sidefx.com/,https://www.sidefx.com/login/google-oauth2/?next=/company/careers/,recon_page,2026-05-02T20:05:38.183133
82,1,2,1,1,0,0,1,0,14,0,com,200,2,23066,717.468,0,0,20,0,unknown,0,html,1,3,0,1,5,0,1,1,0,1,0,0,0,0,0,0,0,0,0,0,0,0,0,0,0,0,0,0,1,5,4,0,1,0,0,0,0,0,0,1,10,0,0,1,1,1,1,0,0,0,0,1,0,0,0,0,1,1,0,0,0,0,0,0,0,0,0,0,0,0,0,0,1.0,1.0,1.0,0,0,0,0,0,0,0,0,0,0,0,0,1,0,0,0,0,0,0,0,0,0.0,0.00021676927078817306,0.625,0.0,0,,multi_full_20260502_195038_0001,2026-05-02T20:05:37.915390,https://www.sidefx.com/login/microsoft-graph/?next=/products/whats-new-in-h21/vfx/,https://www.sidefx.com/,False,https://www.sidefx.com/login/microsoft-graph/?next=/products/whats-new-in-h21/vfx/,https://www.sidefx.com/,https://www.sidefx.com/login/microsoft-graph/?next=/products/whats-new-in-h21/vfx/,recon_page,2026-05-02T20:05:38.181156
66,1,1,1,1,0,0,1,0,14,0,com,200,2,29847,2241.8680000000004,0,0,23,1,nginx,0,html,1,2,0,1,6,0,1,1,1,1,1,4,1,15,1,2,1,5,0,0,1,1,1,7,0,0,1,1,1,11,5,6,0,1,111,101,10,1,5,1,7,1,2,1,1,2,1,0,1,0,0,0,0,0,0,0,0,1,0,0,0,0,0,0,1,0,0,0,0,0,0,0,1.0,1.0,1.0,0,0,0,1,3,1,2,3,1,4,0,9,103,6,0,0,0,0,0,0,0,3.75,0.0003685462525546956,0.75,0.8711093242201896,0,,multi_full_20260502_195038_0001,2026-05-02T20:05:38.128468,https://www.sidefx.com/login/?next=/products/whats-new-in-h21/vfx/,https://www.sidefx.com/,False,https://www.sidefx.com/login/?next=/products/whats-new-in-h21/vfx/,https://www.sidefx.com/,https://www.sidefx.com/login/?next=/products/whats-new-in-h21/vfx/,recon_page,2026-05-02T20:05:38.181962
52,1,1,1,1,0,0,1,0,14,0,com,200,2,29847,248.482,0,0,23,1,nginx,0,html,1,2,0,1,6,0,1,1,1,1,1,4,1,15,1,2,1,5,0,0,1,1,1,7,0,0,1,1,1,11,5,6,0,1,111,101,10,1,5,1,7,1,2,1,1,2,1,0,1,0,0,0,0,0,0,0,0,1,0,0,0,0,0,0,1,0,0,0,0,0,0,0,1.0,1.0,1.0,0,0,0,1,3,1,2,3,1,4,0,9,103,6,0,0,0,0,0,0,0,3.75,0.0003685462525546956,0.75,0.8711093242201896,0,,multi_full_20260502_195038_0001,2026-05-02T20:05:38.181625,https://www.sidefx.com/login/?next=/company/careers/,https://www.sidefx.com/,False,https://www.sidefx.com/login/?next=/company/careers/,https://www.sidefx.com/,https://www.sidefx.com/login/?next=/company/careers/,recon_page,2026-05-02T20:05:38.185998
65,1,2,1,1,0,0,1,0,14,0,com,200,2,54318,331.95000000000005,0,0,20,1,ATS,0,html,1,1,0,1,7,1,1,1,1,1,0,0,0,0,0,0,0,0,0,0,0,0,0,0,0,0,0,0,1,38,14,0,24,1,14,0,14,0,0,1,7,1,6,1,1,4,1,0,0,0,0,0,0,0,0,0,0,1,0,0,0,0,0,0,0,0,0,0,0,0,0,0,1.0,1.0,0.0,0,0,0,0,0,0,0,0,0,0,0,0,36,0,0,0,0,0,0,0,0,0.0,0.000699583931661696,0.875,0.0,0,,multi_full_20260502_195038_0001,2026-05-02T20:05:38.175530,https://www.sidefx.com/login/yahoo-oauth2/?next=/company/careers/,https://www.sidefx.com/,False,https://www.sidefx.com/login/yahoo-oauth2/?next=/company/careers/,https://www.sidefx.com/,https://www.sidefx.com/login/yahoo-oauth2/?next=/company/careers/,recon_page,2026-05-02T20:05:38.184934
80,1,2,1,1,0,0,1,0,14,0,com,200,2,1230305,206.524,0,0,23,1,ESF,0,html,0,0,0,1,7,1,1,1,1,1,0,0,0,0,0,0,0,0,0,0,0,0,0,0,0,0,0,0,1,4,4,0,0,1,1,0,1,0,0,1,1,0,0,1,0,0,0,0,0,0,0,0,0,0,0,0,0,1,0,0,0,0,0,0,0,0,0,0,0,0,0,0,0.0,0.0,0.0,0,0,0,0,0,0,0,0,0,0,0,0,1,0,0,0,0,0,0,0,1,0.0,3.2512263219283023e-06,0.875,0.0,0,,multi_full_20260502_195038_0001,2026-05-02T20:05:59.551059,https://www.sidefx.com/login/google-oauth2/?next=/products/whats-new-in-h21/vfx/,https://www.sidefx.com/,False,https://www.sidefx.com/login/google-oauth2/?next=/products/whats-new-in-h21/vfx/,https://www.sidefx.com/,https://www.sidefx.com/login/google-oauth2/?next=/products/whats-new-in-h21/vfx/,recon_page,2026-05-02T20:05:59.554620
74,1,2,0,0,0,0,1,0,14,0,com,200,2,44874,538.0740000000001,0,0,21,1,nginx,0,html,1,1,0,0,5,0,1,1,1,1,1,4,1,22,1,1,1,13,0,0,1,1,1,6,1,1,1,1,1,19,10,7,2,1,117,107,10,1,8,1,7,1,3,1,1,14,1,0,1,0,0,0,0,0,0,0,0,1,0,0,0,0,0,0,0,0,0,0,0,0,0,0,1.0,1.0,1.0,0,0,0,1,3,1,2,3,1,4,0,17,116,5,0,0,0,0,0,0,0,5.5,0.0004234077639613139,0.625,0.713107812987476,0,,multi_full_20260502_195038_0001,2026-05-02T20:06:32.525410,https://www.sidefx.com/contentlibrary/neural-point-surface-training-setup/,https://www.sidefx.com/,False,https://www.sidefx.com/contentlibrary/neural-point-surface-training-setup/,https://www.sidefx.com/,https://www.sidefx.com/contentlibrary/neural-point-surface-training-setup/,recon_page,2026-05-02T20:06:32.532768
42,1,2,0,0,0,0,1,0,14,0,com,200,2,41959,980.1410000000001,0,0,21,1,nginx,0,html,1,1,0,0,5,0,1,1,1,1,1,3,1,9,1,1,1,3,0,0,1,1,1,5,0,0,1,1,1,17,8,7,2,1,122,107,15,1,13,1,7,1,3,1,1,7,1,0,1,0,0,0,0,0,0,0,0,1,0,0,0,0,0,0,0,0,0,0,0,0,0,0,1.0,1.0,1.0,0,0,0,1,2,1,1,2,1,3,0,6,121,7,0,0,0,0,0,0,0,3.0,0.00040515741557234445,0.625,0.4051574155723444,0,,multi_full_20260502_195038_0001,2026-05-02T20:06:52.824570,https://www.sidefx.com/profile/Max%20Rose/,https://www.sidefx.com/,False,https://www.sidefx.com/profile/Max%20Rose/,https://www.sidefx.com/,https://www.sidefx.com/profile/Max%20Rose/,recon_page,2026-05-02T20:06:52.858372
79,1,2,1,1,0,0,1,0,14,0,com,200,2,54318,437.635,0,0,20,1,ATS,0,html,1,1,0,1,7,1,1,1,1,1,0,0,0,0,0,0,0,0,0,0,0,0,0,0,0,0,0,0,1,38,14,0,24,1,14,0,14,0,0,1,7,1,6,1,1,4,1,0,0,0,0,0,0,0,0,0,0,1,0,0,0,0,0,0,0,0,0,0,0,0,0,0,1.0,1.0,0.0,0,0,0,0,0,0,0,0,0,0,0,0,36,0,0,0,0,0,0,0,0,0.0,0.000699583931661696,0.875,0.0,0,,multi_full_20260502_195038_0001,2026-05-02T20:06:52.851684,https://www.sidefx.com/login/yahoo-oauth2/?next=/products/whats-new-in-h21/vfx/,https://www.sidefx.com/,False,https://www.sidefx.com/login/yahoo-oauth2/?next=/products/whats-new-in-h21/vfx/,https://www.sidefx.com/,https://www.sidefx.com/login/yahoo-oauth2/?next=/products/whats-new-in-h21/vfx/,recon_page,2026-05-02T20:06:52.890440
42,1,2,0,0,0,0,1,0,14,0,com,200,2,38109,927.3789999999999,0,0,21,1,nginx,0,html,1,1,0,0,5,0,1,1,1,1,1,3,1,9,1,1,1,3,0,0,1,1,1,5,0,0,1,1,1,17,8,7,2,1,112,100,12,1,10,1,7,1,3,1,1,7,1,0,1,0,0,0,0,0,0,0,0,1,0,0,0,0,0,0,0,0,0,0,0,0,0,0,1.0,1.0,1.0,0,0,0,1,2,1,1,2,1,3,0,6,112,4,0,0,0,0,0,0,0,3.0,0.000446088850402792,0.625,0.44608885040279195,0,,multi_full_20260502_195038_0001,2026-05-02T20:06:52.871201,https://www.sidefx.com/profile/maitlandvt/,https://www.sidefx.com/,False,https://www.sidefx.com/profile/maitlandvt/,https://www.sidefx.com/,https://www.sidefx.com/profile/maitlandvt/,recon_page,2026-05-02T20:06:52.930081
52,1,3,0,0,0,0,1,0,14,0,com,200,2,74704,273.957,0,0,21,1,nginx,0,html,1,1,0,0,5,0,1,1,1,1,1,3,1,50,1,1,1,3,0,0,1,1,1,8,0,0,1,1,1,19,9,8,2,1,116,106,10,1,8,1,7,1,3,1,1,22,1,0,1,0,0,0,0,0,0,0,0,1,0,0,0,0,0,0,0,0,0,0,0,0,0,0,1.0,1.0,1.0,0,0,0,1,2,1,1,2,1,3,0,6,114,7,0,0,0,0,0,0,0,16.666666666666668,0.00025433711715570787,0.625,0.8165560077104306,0,,multi_full_20260502_195038_0001,2026-05-02T20:06:52.956286,https://www.sidefx.com/tutorials/category/character/,https://www.sidefx.com/,False,https://www.sidefx.com/tutorials/category/character/,https://www.sidefx.com/,https://www.sidefx.com/tutorials/category/character/,recon_page,2026-05-02T20:06:52.996892
38,1,2,0,0,0,0,1,0,14,0,com,200,2,57957,937.6379999999999,0,0,21,1,nginx,0,html,1,1,0,0,5,0,1,1,1,1,1,3,1,9,1,1,1,3,0,0,1,1,1,5,0,0,1,1,1,17,8,7,2,1,150,135,15,1,38,1,7,1,3,1,1,7,1,0,1,0,0,0,0,0,0,0,0,1,0,0,0,0,0,0,0,0,0,0,0,0,0,0,1.0,1.0,1.0,0,0,0,1,2,1,1,2,1,3,0,6,145,9,0,2,0,0,0,0,0,3.0,0.0002933209103300723,0.625,0.2933209103300723,0,,multi_full_20260502_195038_0001,2026-05-02T20:06:52.994598,https://www.sidefx.com/profile/SideFX/,https://www.sidefx.com/,False,https://www.sidefx.com/profile/SideFX/,https://www.sidefx.com/,https://www.sidefx.com/profile/SideFX/,recon_page,2026-05-02T20:06:53.001622
52,1,3,0,0,0,0,1,0,14,0,com,200,2,74704,247.15400000000002,0,0,21,1,nginx,0,html,1,1,0,0,5,0,1,1,1,1,1,3,1,50,1,1,1,3,0,0,1,1,1,8,0,0,1,1,1,19,9,8,2,1,116,106,10,1,8,1,7,1,3,1,1,22,1,0,1,0,0,0,0,0,0,0,0,1,0,0,0,0,0,0,0,0,0,0,0,0,0,0,1.0,1.0,1.0,0,0,0,1,2,1,1,2,1,3,0,6,114,7,0,0,0,0,0,0,0,16.666666666666668,0.00025433711715570787,0.625,0.8165560077104306,0,,multi_full_20260502_195038_0001,2026-05-02T20:06:52.969892,https://www.sidefx.com/tutorials/category/animation/,https://www.sidefx.com/,False,https://www.sidefx.com/tutorials/category/animation/,https://www.sidefx.com/,https://www.sidefx.com/tutorials/category/animation/,recon_page,2026-05-02T20:06:53.001039
87,1,2,1,1,0,0,1,0,14,0,com,200,2,1230434,482.009,0,0,23,1,ESF,0,html,0,0,0,1,7,1,1,1,1,1,0,0,0,0,0,0,0,0,0,0,0,0,0,0,0,0,0,0,1,4,4,0,0,1,1,0,1,0,0,1,1,0,0,1,0,0,0,0,0,0,0,0,0,0,0,0,0,1,0,0,0,0,0,0,0,0,0,0,0,0,0,0,0.0,0.0,0.0,0,0,0,0,0,0,0,0,0,0,0,0,1,0,0,0,0,0,0,0,1,0.0,3.250885459927148e-06,0.875,0.0,0,,multi_full_20260502_195038_0001,2026-05-02T20:07:09.152717,https://www.sidefx.com/login/google-oauth2/?next=/tutorials/12-principles-of-animation/,https://www.sidefx.com/,False,https://www.sidefx.com/login/google-oauth2/?next=/tutorials/12-principles-of-animation/,https://www.sidefx.com/,https://www.sidefx.com/login/google-oauth2/?next=/tutorials/12-principles-of-animation/,recon_page,2026-05-02T20:07:09.156325
31,1,1,0,0,0,0,1,0,14,0,com,400,4,143,215.891,0,0,18,1,nginx,0,html,0,0,0,0,5,0,1,1,1,1,0,0,0,0,0,0,0,0,0,0,0,0,0,0,0,0,0,0,0,0,0,0,0,0,0,0,0,0,0,0,0,0,0,0,0,0,1,0,1,0,0,0,0,0,0,0,0,0,0,0,0,0,0,0,0,0,0,0,0,0,0,0,0.0,0.0,0.0,0,0,0,0,0,0,0,0,0,0,0,0,0,0,0,0,0,0,0,0,0,0.0,0.0,0.625,0.0,0,,multi_full_20260502_195038_0001,2026-05-02T20:07:28.876671,https://www.sidefx.com/comment/,https://www.sidefx.com/,False,https://www.sidefx.com/comment/,https://www.sidefx.com/,https://www.sidefx.com/comment/,recon_page,2026-05-02T20:07:28.881761
48,1,3,0,0,0,0,1,0,14,0,com,200,2,74660,507.64799999999997,0,0,21,1,nginx,0,html,1,1,0,0,5,0,1,1,1,1,1,3,1,50,1,1,1,3,0,0,1,1,1,8,0,0,1,1,1,19,9,8,2,1,116,106,10,1,8,1,7,1,3,1,1,22,1,0,1,0,0,0,0,0,0,0,0,1,0,0,0,0,0,0,0,0,0,0,0,0,0,0,1.0,1.0,1.0,0,0,0,1,2,1,1,2,1,3,0,6,111,3,0,0,0,0,0,0,0,16.666666666666668,0.00025448700776855074,0.625,0.8170372354674524,0,,multi_full_20260502_195038_0001,2026-05-02T20:07:39.405244,https://www.sidefx.com/tutorials/level/beginner/,https://www.sidefx.com/,False,https://www.sidefx.com/tutorials/level/beginner/,https://www.sidefx.com/,https://www.sidefx.com/tutorials/level/beginner/,recon_page,2026-05-02T20:07:39.408759
51,1,3,0,0,0,0,1,0,14,0,com,200,2,74667,532.569,0,0,21,1,nginx,0,html,1,1,0,0,5,0,1,1,1,1,1,3,1,50,1,1,1,3,0,0,1,1,1,8,0,0,1,1,1,19,9,8,2,1,116,106,10,1,8,1,7,1,3,1,1,22,1,0,1,0,0,0,0,0,0,0,0,1,0,0,0,0,0,0,0,0,0,0,0,0,0,0,1.0,1.0,1.0,0,0,0,1,2,1,1,2,1,3,0,6,111,3,0,0,0,0,0,0,0,16.666666666666668,0.0002544631497180816,0.625,0.8169606385685778,0,,multi_full_20260502_195038_0001,2026-05-02T20:08:03.105678,https://www.sidefx.com/tutorials/author/Max%20Rose/,https://www.sidefx.com/,False,https://www.sidefx.com/tutorials/author/Max%20Rose/,https://www.sidefx.com/,https://www.sidefx.com/tutorials/author/Max%20Rose/,recon_page,2026-05-02T20:08:03.113109
89,1,2,1,1,0,0,1,0,14,0,com,200,2,23163,765.9639999999999,0,0,20,0,unknown,0,html,1,3,0,1,5,0,1,1,0,1,0,0,0,0,0,0,0,0,0,0,0,0,0,0,0,0,0,0,1,5,4,0,1,0,0,0,0,0,0,1,10,0,0,1,1,1,1,0,0,0,0,1,0,0,0,0,1,1,0,0,0,0,0,0,0,0,0,0,0,0,0,0,1.0,1.0,1.0,0,0,0,0,0,0,0,0,0,0,0,0,1,0,0,0,0,0,0,0,0,0.0,0.0002158615032595087,0.625,0.0,0,,multi_full_20260502_195038_0001,2026-05-02T20:08:03.330236,https://www.sidefx.com/login/microsoft-graph/?next=/tutorials/12-principles-of-animation/,https://www.sidefx.com/,False,https://www.sidefx.com/login/microsoft-graph/?next=/tutorials/12-principles-of-animation/,https://www.sidefx.com/,https://www.sidefx.com/login/microsoft-graph/?next=/tutorials/12-principles-of-animation/,recon_page,2026-05-02T20:08:03.334958
73,1,1,1,1,0,0,1,0,14,0,com,200,2,29847,869.161,0,0,23,1,nginx,0,html,1,2,0,1,6,0,1,1,1,1,1,4,1,15,1,2,1,5,0,0,1,1,1,7,0,0,1,1,1,11,5,6,0,1,111,101,10,1,5,1,7,1,2,1,1,2,1,0,1,0,0,0,0,0,0,0,0,1,0,0,0,0,0,0,0,0,0,0,0,0,0,0,1.0,1.0,1.0,0,0,0,1,3,1,2,3,1,4,0,9,103,6,0,0,0,0,0,0,0,3.75,0.0003685462525546956,0.75,0.8711093242201896,0,,multi_full_20260502_195038_0001,2026-05-02T20:08:03.604172,https://www.sidefx.com/login/?next=/tutorials/12-principles-of-animation/,https://www.sidefx.com/,False,https://www.sidefx.com/login/?next=/tutorials/12-principles-of-animation/,https://www.sidefx.com/,https://www.sidefx.com/login/?next=/tutorials/12-principles-of-animation/,recon_page,2026-05-02T20:08:03.610607
47,1,2,0,0,0,0,1,0,14,0,com,200,2,30512,527.486,0,0,21,1,nginx,0,html,1,1,0,0,5,0,1,1,1,1,1,3,1,9,1,1,1,3,0,0,1,1,1,5,0,0,1,1,1,15,7,6,2,1,108,98,10,1,7,1,7,1,2,1,1,7,1,0,1,0,0,0,0,0,0,0,0,1,0,0,0,0,0,0,0,0,0,0,0,0,0,0,1.0,1.0,1.0,0,0,0,1,2,1,1,2,1,3,0,6,106,4,0,0,0,0,0,0,0,3.0,0.0004916098584163607,0.625,0.5571578395385423,0,,multi_full_20260502_195038_0001,2026-05-02T20:08:10.884885,https://www.sidefx.com/profile/Anthony_Buckley/,https://www.sidefx.com/,False,https://www.sidefx.com/profile/Anthony_Buckley/,https://www.sidefx.com/,https://www.sidefx.com/profile/Anthony_Buckley/,recon_page,2026-05-02T20:08:10.888835
41,1,2,0,0,0,0,1,0,14,0,com,200,2,29436,436.085,0,0,21,1,nginx,0,html,1,1,0,0,5,0,1,1,1,1,1,3,1,9,1,1,1,3,0,0,1,1,1,5,0,0,1,1,1,15,7,6,2,1,106,96,10,1,6,1,7,1,2,1,1,7,1,0,1,0,0,0,0,0,0,0,0,1,0,0,0,0,0,0,0,0,0,0,0,0,0,0,1.0,1.0,1.0,0,0,0,1,2,1,1,2,1,3,0,6,104,3,0,0,0,0,0,0,0,3.0,0.0005095801059926621,0.625,0.577524120125017,0,,multi_full_20260502_195038_0001,2026-05-02T20:08:16.993372,https://www.sidefx.com/profile/JamWilsXR/,https://www.sidefx.com/,False,https://www.sidefx.com/profile/JamWilsXR/,https://www.sidefx.com/,https://www.sidefx.com/profile/JamWilsXR/,recon_page,2026-05-02T20:08:16.997403
47,1,2,0,0,0,0,1,0,14,0,com,200,2,32592,308.185,0,0,21,1,nginx,0,html,1,1,0,0,5,0,1,1,1,1,1,3,1,9,1,1,1,3,0,0,1,1,1,5,0,0,1,1,1,17,8,7,2,1,106,96,10,1,7,1,7,1,3,1,1,7,1,0,1,0,0,0,0,0,0,0,0,1,0,0,0,0,0,0,0,0,0,0,0,0,0,0,1.0,1.0,1.0,0,0,0,1,2,1,1,2,1,3,0,6,106,3,0,0,0,0,0,0,0,3.0,0.0005216003927344133,0.625,0.5216003927344134,0,,multi_full_20260502_195038_0001,2026-05-02T20:08:28.631073,https://www.sidefx.com/profile/zaijianxiaoyiya/,https://www.sidefx.com/,False,https://www.sidefx.com/profile/zaijianxiaoyiya/,https://www.sidefx.com/,https://www.sidefx.com/profile/zaijianxiaoyiya/,recon_page,2026-05-02T20:08:28.635131
348,1,4,1,1,0,0,1,0,14,0,com,404,4,25,317.919,0,0,19,1,nginx,0,html,0,0,0,0,5,0,1,1,1,1,0,0,0,0,0,0,0,0,0,0,0,0,0,0,0,0,0,0,0,0,0,0,0,0,0,0,0,0,0,0,0,0,0,0,0,0,0,0,1,0,0,0,0,0,0,0,0,1,0,0,0,0,0,0,0,0,0,0,0,0,0,0,0.0,0.0,0.0,0,0,0,0,0,0,0,0,0,0,0,0,0,0,0,0,0,0,0,0,0,0.0,0.0,0.625,0.0,0,,multi_full_20260502_195038_0001,2026-05-02T20:08:35.548456,https://www.sidefx.com/common/oauth2/v2.0/authorize/?client_id=902067ee-6116-447e-9cce-615abdf01e93\u0026redirect_uri=https%3a%2f%2fwww.sidefx.com%2fcomplete%2fmicrosoft-graph%2f\u0026state=NaNLttToklCFoCjgTgVEUButfAY4vqOM\u0026response_type=code\u0026scope=User.Read\u0026client-request-id=88fbc081-271a-499a-ad82-178fc3d863b0\u0026sso_reload=True,https://www.sidefx.com/,False,https://www.sidefx.com/common/oauth2/v2.0/authorize/?client_id=902067ee-6116-447e-9cce-615abdf01e93\u0026redirect_uri=https%3a%2f%2fwww.sidefx.com%2fcomplete%2fmicrosoft-graph%2f\u0026state=NaNLttToklCFoCjgTgVEUButfAY4vqOM\u0026response_type=code\u0026scope=User.Read\u0026client-request-id=88fbc081-271a-499a-ad82-178fc3d863b0\u0026sso_reload=True,https://www.sidefx.com/,https://www.sidefx.com/common/oauth2/v2.0/authorize/?client_id=902067ee-6116-447e-9cce-615abdf01e93\u0026redirect_uri=https%3a%2f%2fwww.sidefx.com%2fcomplete%2fmicrosoft-graph%2f\u0026state=NaNLttToklCFoCjgTgVEUButfAY4vqOM\u0026response_type=code\u0026scope=User.Read\u0026client-request-id=88fbc081-271a-499a-ad82-178fc3d863b0\u0026sso_reload=True,recon_page,2026-05-02T20:08:35.552366
41,1,1,1,1,0,0,1,0,14,0,com,404,4,25,476.64,0,0,19,1,nginx,0,html,0,0,0,0,5,0,1,1,1,1,0,0,0,0,0,0,0,0,0,0,0,0,0,0,0,0,0,0,0,0,0,0,0,0,0,0,0,0,0,0,0,0,0,0,0,0,0,0,1,0,0,0,0,0,0,0,0,1,0,0,0,0,0,0,0,0,0,0,0,0,0,0,0.0,0.0,0.0,0,0,0,0,0,0,0,0,0,0,0,0,0,0,0,0,0,0,0,0,0,0.0,0.0,0.625,0.0,0,,multi_full_20260502_195038_0001,2026-05-02T20:08:40.830660,https://www.sidefx.com/error.aspx?err=504,https://www.sidefx.com/,False,https://www.sidefx.com/error.aspx?err=504,https://www.sidefx.com/,https://www.sidefx.com/error.aspx?err=504,recon_page,2026-05-02T20:08:40.835142
48,1,3,0,0,0,0,1,0,14,0,com,404,4,25,249.93,0,0,19,1,nginx,0,html,0,0,0,0,5,0,1,1,1,1,0,0,0,0,0,0,0,0,0,0,0,0,0,0,0,0,0,0,0,0,0,0,0,0,0,0,0,0,0,0,0,0,0,0,0,0,0,0,1,0,0,0,0,0,0,0,0,1,0,0,0,0,0,0,0,0,0,0,0,0,0,0,0.0,0.0,0.0,0,0,0,0,0,0,0,0,0,0,0,0,0,0,0,0,0,0,0,0,0,0.0,0.0,0.625,0.0,0,,multi_full_20260502_195038_0001,2026-05-02T20:08:49.386620,https://www.sidefx.com/common/handlers/enverror/,https://www.sidefx.com/,False,https://www.sidefx.com/common/handlers/enverror/,https://www.sidefx.com/,https://www.sidefx.com/common/handlers/enverror/,recon_page,2026-05-02T20:08:49.392344
46,1,3,0,0,0,0,1,0,14,0,com,404,4,25,259.591,0,0,19,1,nginx,0,html,0,0,0,0,5,0,1,1,1,1,0,0,0,0,0,0,0,0,0,0,0,0,0,0,0,0,0,0,0,0,0,0,0,0,0,0,0,0,0,0,0,0,0,0,0,0,0,0,1,0,0,0,0,0,0,0,0,1,0,0,0,0,0,0,0,0,0,0,0,0,0,0,0.0,0.0,0.0,0,0,0,0,0,0,0,0,0,0,0,0,0,0,0,0,0,0,0,0,0,0.0,0.0,0.625,0.0,0,,multi_full_20260502_195038_0001,2026-05-02T20:09:06.435764,https://www.sidefx.com/common/handlers/watson/,https://www.sidefx.com/,False,https://www.sidefx.com/common/handlers/watson/,https://www.sidefx.com/,https://www.sidefx.com/common/handlers/watson/,recon_page,2026-05-02T20:09:06.450264
82,1,2,1,1,0,0,1,0,14,0,com,200,2,23279,185.308,0,0,20,0,unknown,0,html,1,3,0,1,5,0,1,1,0,1,0,0,0,0,0,0,0,0,0,0,0,0,0,0,0,0,0,0,1,5,4,0,1,0,0,0,0,0,0,1,10,0,0,1,1,1,1,0,0,0,0,1,0,0,0,0,1,1,0,0,0,0,0,0,0,0,0,0,0,0,0,0,1.0,1.0,1.0,0,0,0,0,0,0,0,0,0,0,0,0,1,0,0,0,0,0,0,0,0,0.0,0.00021478585849907643,0.625,0.0,0,,multi_full_20260502_195038_0001,2026-05-02T20:09:07.252823,https://www.sidefx.com/login/microsoft-graph/?next=/products/whats-new-in-h21/cfx/,https://www.sidefx.com/,False,https://www.sidefx.com/login/microsoft-graph/?next=/products/whats-new-in-h21/cfx/,https://www.sidefx.com/,https://www.sidefx.com/login/microsoft-graph/?next=/products/whats-new-in-h21/cfx/,recon_page,2026-05-02T20:09:07.256549
127,1,2,1,1,0,0,1,0,14,0,com,200,2,54318,945.1279999999999,0,0,20,1,ATS,0,html,1,1,0,1,7,1,1,1,1,1,0,0,0,0,0,0,0,0,0,0,0,0,0,0,0,0,0,0,1,38,14,0,24,1,14,0,14,0,0,1,7,1,6,1,1,4,1,0,0,0,0,0,0,0,0,0,0,1,0,0,0,0,0,0,0,0,0,0,0,0,0,0,1.0,1.0,0.0,0,0,0,0,0,0,0,0,0,0,0,0,36,0,0,0,0,0,0,0,0,0.0,0.000699583931661696,0.875,0.0,0,,multi_full_20260502_195038_0001,2026-05-02T20:09:07.539931,https://www.sidefx.com/login/yahoo-oauth2/?next=/gallery/realistic-fire-simulation-in-houdini-205-axiom-karma-gpu-sim-render-1/,https://www.sidefx.com/,False,https://www.sidefx.com/login/yahoo-oauth2/?next=/gallery/realistic-fire-simulation-in-houdini-205-axiom-karma-gpu-sim-render-1/,https://www.sidefx.com/,https://www.sidefx.com/login/yahoo-oauth2/?next=/gallery/realistic-fire-simulation-in-houdini-205-axiom-karma-gpu-sim-render-1/,recon_page,2026-05-02T20:09:07.547492
80,1,2,1,1,0,0,1,0,14,0,com,200,2,1230537,201.686,0,0,23,1,ESF,0,html,0,0,0,1,7,1,1,1,1,1,0,0,0,0,0,0,0,0,0,0,0,0,0,0,0,0,0,0,1,4,4,0,0,1,1,0,1,0,0,1,1,0,0,1,0,0,0,0,0,0,0,0,0,0,0,0,0,1,0,0,0,0,0,0,0,0,0,0,0,0,0,0,0.0,0.0,0.0,0,0,0,0,0,0,0,0,0,0,0,0,1,0,0,0,0,0,0,0,1,0.0,3.250613350106498e-06,0.875,0.0,0,,multi_full_20260502_195038_0001,2026-05-02T20:09:08.239187,https://www.sidefx.com/login/google-oauth2/?next=/products/whats-new-in-h21/cfx/,https://www.sidefx.com/,False,https://www.sidefx.com/login/google-oauth2/?next=/products/whats-new-in-h21/cfx/,https://www.sidefx.com/,https://www.sidefx.com/login/google-oauth2/?next=/products/whats-new-in-h21/cfx/,recon_page,2026-05-02T20:09:08.255457
66,1,1,1,1,0,0,1,0,14,0,com,200,2,29847,961.405,0,0,23,1,nginx,0,html,1,2,0,1,6,0,1,1,1,1,1,4,1,15,1,2,1,5,0,0,1,1,1,7,0,0,1,1,1,11,5,6,0,1,111,101,10,1,5,1,7,1,2,1,1,2,1,0,1,0,0,0,0,0,0,0,0,1,0,0,0,0,0,0,1,0,0,0,0,0,0,0,1.0,1.0,1.0,0,0,0,1,3,1,2,3,1,4,0,9,103,6,0,0,0,0,0,0,0,3.75,0.0003685462525546956,0.75,0.8711093242201896,0,,multi_full_20260502_195038_0001,2026-05-02T20:09:08.195625,https://www.sidefx.com/login/?next=/products/whats-new-in-h21/cfx/,https://www.sidefx.com/,False,https://www.sidefx.com/login/?next=/products/whats-new-in-h21/cfx/,https://www.sidefx.com/,https://www.sidefx.com/login/?next=/products/whats-new-in-h21/cfx/,recon_page,2026-05-02T20:09:08.255271
79,1,2,1,1,0,0,1,0,14,0,com,200,2,54318,925.867,0,0,20,1,ATS,0,html,1,1,0,1,7,1,1,1,1,1,0,0,0,0,0,0,0,0,0,0,0,0,0,0,0,0,0,0,1,38,14,0,24,1,14,0,14,0,0,1,7,1,6,1,1,4,1,0,0,0,0,0,0,0,0,0,0,1,0,0,0,0,0,0,0,0,0,0,0,0,0,0,1.0,1.0,0.0,0,0,0,0,0,0,0,0,0,0,0,0,36,0,0,0,0,0,0,0,0,0.0,0.000699583931661696,0.875,0.0,0,,multi_full_20260502_195038_0001,2026-05-02T20:09:08.196044,https://www.sidefx.com/login/yahoo-oauth2/?next=/products/whats-new-in-h21/cfx/,https://www.sidefx.com/,False,https://www.sidefx.com/login/yahoo-oauth2/?next=/products/whats-new-in-h21/cfx/,https://www.sidefx.com/,https://www.sidefx.com/login/yahoo-oauth2/?next=/products/whats-new-in-h21/cfx/,recon_page,2026-05-02T20:09:08.254206
114,1,1,1,1,0,0,1,0,14,0,com,200,2,29847,924.029,0,0,23,1,nginx,0,html,1,2,0,1,6,0,1,1,1,1,1,4,1,15,1,2,1,5,0,0,1,1,1,7,0,0,1,1,1,11,5,6,0,1,111,101,10,1,5,1,7,1,2,1,1,2,1,0,1,0,0,0,0,0,0,0,0,1,0,0,0,0,0,0,0,0,0,0,0,0,0,0,1.0,1.0,1.0,0,0,0,1,3,1,2,3,1,4,0,9,103,6,0,0,0,0,0,0,0,3.75,0.0003685462525546956,0.75,0.8711093242201896,0,,multi_full_20260502_195038_0001,2026-05-02T20:09:08.238936,https://www.sidefx.com/login/?next=/gallery/realistic-fire-simulation-in-houdini-205-axiom-karma-gpu-sim-render-1/,https://www.sidefx.com/,False,https://www.sidefx.com/login/?next=/gallery/realistic-fire-simulation-in-houdini-205-axiom-karma-gpu-sim-render-1/,https://www.sidefx.com/,https://www.sidefx.com/login/?next=/gallery/realistic-fire-simulation-in-houdini-205-axiom-karma-gpu-sim-render-1/,recon_page,2026-05-02T20:09:08.257011
51,1,2,0,0,0,0,1,0,14,0,com,200,2,39069,985.3290000000001,0,0,21,1,nginx,0,html,1,1,0,0,5,0,1,1,1,1,1,3,1,9,1,1,1,3,0,0,1,1,1,5,0,0,1,1,1,17,8,7,2,1,114,102,12,1,9,1,7,1,3,1,1,7,1,0,1,0,0,0,0,0,0,0,0,1,0,0,0,0,0,0,0,0,0,0,0,0,0,0,1.0,1.0,1.0,0,0,0,1,2,1,1,2,1,3,0,6,114,4,0,0,0,0,0,0,0,3.0,0.00043512759476823054,0.625,0.43512759476823054,0,,multi_full_20260502_195038_0001,2026-05-02T20:09:08.253526,https://www.sidefx.com/profile/Divyansh%20Bhardwaj/,https://www.sidefx.com/,False,https://www.sidefx.com/profile/Divyansh%20Bhardwaj/,https://www.sidefx.com/,https://www.sidefx.com/profile/Divyansh%20Bhardwaj/,recon_page,2026-05-02T20:09:08.258002
130,1,2,1,1,0,0,1,0,14,0,com,200,2,23078,230.447,0,0,20,0,unknown,0,html,1,3,0,1,5,0,1,1,0,1,0,0,0,0,0,0,0,0,0,0,0,0,0,0,0,0,0,0,1,5,4,0,1,0,0,0,0,0,0,1,10,0,0,1,1,1,1,0,0,0,0,1,0,0,0,0,1,1,0,0,0,0,0,0,0,0,0,0,0,0,0,0,1.0,1.0,1.0,0,0,0,0,0,0,0,0,0,0,0,0,1,0,0,0,0,0,0,0,0,0.0,0.0002166565560273854,0.625,0.0,0,,multi_full_20260502_195038_0001,2026-05-02T20:09:14.364392,https://www.sidefx.com/login/microsoft-graph/?next=/gallery/realistic-fire-simulation-in-houdini-205-axiom-karma-gpu-sim-render-1/,https://www.sidefx.com/,False,https://www.sidefx.com/login/microsoft-graph/?next=/gallery/realistic-fire-simulation-in-houdini-205-axiom-karma-gpu-sim-render-1/,https://www.sidefx.com/,https://www.sidefx.com/login/microsoft-graph/?next=/gallery/realistic-fire-simulation-in-houdini-205-axiom-karma-gpu-sim-render-1/,recon_page,2026-05-02T20:09:14.368852
128,1,2,1,1,0,0,1,0,14,0,com,200,2,1230473,243.69,0,0,23,1,ESF,0,html,0,0,0,1,7,1,1,1,1,1,0,0,0,0,0,0,0,0,0,0,0,0,0,0,0,0,0,0,1,4,4,0,0,1,1,0,1,0,0,1,1,0,0,1,0,0,0,0,0,0,0,0,0,0,0,0,0,1,0,0,0,0,0,0,0,0,0,0,0,0,0,0,0.0,0.0,0.0,0,0,0,0,0,0,0,0,0,0,0,0,1,0,0,0,0,0,0,0,1,0.0,3.2507824226943623e-06,0.875,0.0,0,,multi_full_20260502_195038_0001,2026-05-02T20:09:16.922889,https://www.sidefx.com/login/google-oauth2/?next=/gallery/realistic-fire-simulation-in-houdini-205-axiom-karma-gpu-sim-render-1/,https://www.sidefx.com/,False,https://www.sidefx.com/login/google-oauth2/?next=/gallery/realistic-fire-simulation-in-houdini-205-axiom-karma-gpu-sim-render-1/,https://www.sidefx.com/,https://www.sidefx.com/login/google-oauth2/?next=/gallery/realistic-fire-simulation-in-houdini-205-axiom-karma-gpu-sim-render-1/,recon_page,2026-05-02T20:09:16.926228
66,1,2,1,1,0,0,1,0,14,0,com,200,2,54318,335.59299999999996,0,0,20,1,ATS,0,html,1,1,0,1,7,1,1,1,1,1,0,0,0,0,0,0,0,0,0,0,0,0,0,0,0,0,0,0,1,38,14,0,24,1,14,0,14,0,0,1,7,1,6,1,1,4,1,0,0,0,0,0,0,0,0,0,0,1,0,0,0,0,0,0,0,0,0,0,0,0,0,0,1.0,1.0,0.0,0,0,0,0,0,0,0,0,0,0,0,0,36,0,0,0,0,0,0,0,0,0.0,0.000699583931661696,0.875,0.0,0,,multi_full_20260502_195038_0001,2026-05-02T20:09:38.868506,https://www.sidefx.com/login/yahoo-oauth2/?next=/products/compare/,https://www.sidefx.com/,False,https://www.sidefx.com/login/yahoo-oauth2/?next=/products/compare/,https://www.sidefx.com/,https://www.sidefx.com/login/yahoo-oauth2/?next=/products/compare/,recon_page,2026-05-02T20:09:38.871718
53,1,1,1,1,0,0,1,0,14,0,com,200,2,29847,279.02700000000004,0,0,23,1,nginx,0,html,1,2,0,1,6,0,1,1,1,1,1,4,1,15,1,2,1,5,0,0,1,1,1,7,0,0,1,1,1,11,5,6,0,1,111,101,10,1,5,1,7,1,2,1,1,2,1,0,1,0,0,0,0,0,0,0,0,1,0,0,0,0,0,0,1,0,0,0,0,0,0,0,1.0,1.0,1.0,0,0,0,1,3,1,2,3,1,4,0,9,103,6,0,0,0,0,0,0,0,3.75,0.0003685462525546956,0.75,0.8711093242201896,0,,multi_full_20260502_195038_0001,2026-05-02T20:10:14.876197,https://www.sidefx.com/login/?next=/products/compare/,https://www.sidefx.com/,False,https://www.sidefx.com/login/?next=/products/compare/,https://www.sidefx.com/,https://www.sidefx.com/login/?next=/products/compare/,recon_page,2026-05-02T20:10:14.931575
45,1,2,0,0,0,0,1,0,14,0,com,200,2,34439,324.217,0,0,20,1,nginx,0,html,1,1,0,0,5,0,1,1,1,1,1,3,1,9,1,1,1,3,0,0,1,1,1,5,0,0,1,1,1,20,8,10,2,1,113,103,10,1,7,1,7,1,7,1,1,12,1,0,1,0,0,0,0,0,0,0,0,1,0,0,0,0,0,0,0,0,0,0,0,0,0,0,1.0,1.0,1.0,0,0,0,1,2,1,1,2,1,3,0,6,114,3,0,0,0,0,0,0,0,3.0,0.000580736955196144,0.625,0.4936264119167223,0,,multi_full_20260502_195038_0001,2026-05-02T20:10:27.185170,https://www.sidefx.com/Support/sales-inquiry/,https://www.sidefx.com/,False,https://www.sidefx.com/Support/sales-inquiry/,https://www.sidefx.com/,https://www.sidefx.com/Support/sales-inquiry/,recon_page,2026-05-02T20:10:27.195634
69,1,2,1,1,0,0,1,0,14,0,com,200,2,23267,143.233,0,0,20,0,unknown,0,html,1,3,0,1,5,0,1,1,0,1,0,0,0,0,0,0,0,0,0,0,0,0,0,0,0,0,0,0,1,5,4,0,1,0,0,0,0,0,0,1,10,0,0,1,1,1,1,0,0,0,0,1,0,0,0,0,1,1,0,0,0,0,0,0,0,0,0,0,0,0,0,0,1.0,1.0,1.0,0,0,0,0,0,0,0,0,0,0,0,0,1,0,0,0,0,0,0,0,0,0.0,0.0002148966347187003,0.625,0.0,0,,multi_full_20260502_195038_0001,2026-05-02T20:10:38.904156,https://www.sidefx.com/login/microsoft-graph/?next=/products/compare/,https://www.sidefx.com/,False,https://www.sidefx.com/login/microsoft-graph/?next=/products/compare/,https://www.sidefx.com/,https://www.sidefx.com/login/microsoft-graph/?next=/products/compare/,recon_page,2026-05-02T20:10:38.909887
62,1,1,1,1,0,0,1,0,14,0,com,200,2,29847,1958.693,0,0,23,1,nginx,0,html,1,2,0,1,6,0,1,1,1,1,1,4,1,15,1,2,1,5,0,0,1,1,1,7,0,0,1,1,1,11,5,6,0,1,111,101,10,1,5,1,7,1,2,1,1,2,1,0,1,0,0,0,0,0,0,0,0,1,0,0,0,0,0,0,1,0,0,0,0,0,0,0,1.0,1.0,1.0,0,0,0,1,3,1,2,3,1,4,0,9,103,6,0,0,0,0,0,0,0,3.75,0.0003685462525546956,0.75,0.8711093242201896,0,,multi_full_20260502_195038_0001,2026-05-02T20:10:40.945933,https://www.sidefx.com/login/?next=/community/section/contest/,https://www.sidefx.com/,False,https://www.sidefx.com/login/?next=/community/section/contest/,https://www.sidefx.com/,https://www.sidefx.com/login/?next=/community/section/contest/,recon_page,2026-05-02T20:10:40.952249
78,1,2,1,1,0,0,1,0,14,0,com,200,2,23078,173.55499999999998,0,0,20,0,unknown,0,html,1,3,0,1,5,0,1,1,0,1,0,0,0,0,0,0,0,0,0,0,0,0,0,0,0,0,0,0,1,5,4,0,1,0,0,0,0,0,0,1,10,0,0,1,1,1,1,0,0,0,0,1,0,0,0,0,1,1,0,0,0,0,0,0,0,0,0,0,0,0,0,0,1.0,1.0,1.0,0,0,0,0,0,0,0,0,0,0,0,0,1,0,0,0,0,0,0,0,0,0.0,0.0002166565560273854,0.625,0.0,0,,multi_full_20260502_195038_0001,2026-05-02T20:10:41.174205,https://www.sidefx.com/login/microsoft-graph/?next=/community/section/contest/,https://www.sidefx.com/,False,https://www.sidefx.com/login/microsoft-graph/?next=/community/section/contest/,https://www.sidefx.com/,https://www.sidefx.com/login/microsoft-graph/?next=/community/section/contest/,recon_page,2026-05-02T20:10:41.178166
46,1,2,0,0,0,0,1,0,14,0,com,405,4,0,1903.759,0,0,19,1,nginx,0,html,0,0,0,0,5,0,1,1,1,1,0,0,0,0,0,0,0,0,0,0,0,0,0,0,0,0,0,0,0,0,0,0,0,0,0,0,0,0,0,0,0,0,0,0,0,0,0,0,1,0,0,0,0,0,0,0,0,0,0,0,0,0,0,0,0,0,0,0,0,0,0,0,0.0,0.0,0.0,0,0,0,0,0,0,0,0,0,0,0,0,0,0,0,0,0,0,0,0,0,0.0,0.0,0.625,0.0,0,,multi_full_20260502_195038_0001,2026-05-02T20:10:41.161840,https://www.sidefx.com/community/get-articles/,https://www.sidefx.com/,False,https://www.sidefx.com/community/get-articles/,https://www.sidefx.com/,https://www.sidefx.com/community/get-articles/,recon_page,2026-05-02T20:10:41.172153
76,1,2,1,1,0,0,1,0,14,0,com,200,2,1230368,198.98499999999999,0,0,23,1,ESF,0,html,0,0,0,1,7,1,1,1,1,1,0,0,0,0,0,0,0,0,0,0,0,0,0,0,0,0,0,0,1,4,4,0,0,1,1,0,1,0,0,1,1,0,0,1,0,0,0,0,0,0,0,0,0,0,0,0,0,1,0,0,0,0,0,0,0,0,0,0,0,0,0,0,0.0,0.0,0.0,0,0,0,0,0,0,0,0,0,0,0,0,1,0,0,0,0,0,0,0,1,0.0,3.251059845509636e-06,0.875,0.0,0,,multi_full_20260502_195038_0001,2026-05-02T20:10:41.947039,https://www.sidefx.com/login/google-oauth2/?next=/community/section/contest/,https://www.sidefx.com/,False,https://www.sidefx.com/login/google-oauth2/?next=/community/section/contest/,https://www.sidefx.com/,https://www.sidefx.com/login/google-oauth2/?next=/community/section/contest/,recon_page,2026-05-02T20:10:41.953410
67,1,2,1,1,0,0,1,0,14,0,com,200,2,1230378,326.449,0,0,23,1,ESF,0,html,0,0,0,1,7,1,1,1,1,1,0,0,0,0,0,0,0,0,0,0,0,0,0,0,0,0,0,0,1,4,4,0,0,1,1,0,1,0,0,1,1,0,0,1,0,0,0,0,0,0,0,0,0,0,0,0,0,1,0,0,0,0,0,0,0,0,0,0,0,0,0,0,0.0,0.0,0.0,0,0,0,0,0,0,0,0,0,0,0,0,1,0,0,0,0,0,0,0,1,0.0,3.2510334222490973e-06,0.875,0.0,0,,multi_full_20260502_195038_0001,2026-05-02T20:10:42.516233,https://www.sidefx.com/login/google-oauth2/?next=/products/compare/,https://www.sidefx.com/,False,https://www.sidefx.com/login/google-oauth2/?next=/products/compare/,https://www.sidefx.com/,https://www.sidefx.com/login/google-oauth2/?next=/products/compare/,recon_page,2026-05-02T20:10:42.521915
75,1,2,1,1,0,0,1,0,14,0,com,200,2,54318,325.553,0,0,20,1,ATS,0,html,1,1,0,1,7,1,1,1,1,1,0,0,0,0,0,0,0,0,0,0,0,0,0,0,0,0,0,0,1,38,14,0,24,1,14,0,14,0,0,1,7,1,6,1,1,4,1,0,0,0,0,0,0,0,0,0,0,1,0,0,0,0,0,0,0,0,0,0,0,0,0,0,1.0,1.0,0.0,0,0,0,0,0,0,0,0,0,0,0,0,36,0,0,0,0,0,0,0,0,0.0,0.000699583931661696,0.875,0.0,0,,multi_full_20260502_195038_0001,2026-05-02T20:10:42.741072,https://www.sidefx.com/login/yahoo-oauth2/?next=/community/section/contest/,https://www.sidefx.com/,False,https://www.sidefx.com/login/yahoo-oauth2/?next=/community/section/contest/,https://www.sidefx.com/,https://www.sidefx.com/login/yahoo-oauth2/?next=/community/section/contest/,recon_page,2026-05-02T20:10:42.747791
52,1,1,1,1,0,0,1,0,14,0,com,200,2,29847,388.55899999999997,0,0,23,1,nginx,0,html,1,2,0,1,6,0,1,1,1,1,1,4,1,15,1,2,1,5,0,0,1,1,1,7,0,0,1,1,1,11,5,6,0,1,111,101,10,1,5,1,7,1,2,1,1,2,1,0,1,0,0,0,0,0,0,0,0,1,0,0,0,0,0,0,1,0,0,0,0,0,0,0,1.0,1.0,1.0,0,0,0,1,3,1,2,3,1,4,0,9,103,6,0,0,0,0,0,0,0,3.75,0.0003685462525546956,0.75,0.8711093242201896,0,,multi_full_20260502_195038_0001,2026-05-02T20:10:51.296546,https://www.sidefx.com/login/?next=/get/try-houdini/,https://www.sidefx.com/,False,https://www.sidefx.com/login/?next=/get/try-houdini/,https://www.sidefx.com/,https://www.sidefx.com/login/?next=/get/try-houdini/,recon_page,2026-05-02T20:10:51.300070
52,1,2,0,0,0,0,1,0,14,0,com,200,2,41235,298.978,0,0,20,1,nginx,0,html,1,1,0,0,5,0,1,1,1,1,1,3,1,9,1,1,1,3,0,0,1,1,1,5,0,0,1,1,1,18,7,8,3,1,122,108,14,1,12,1,7,1,5,1,1,13,1,0,1,0,0,0,0,0,0,0,0,1,0,0,0,0,0,0,0,0,0,0,0,0,0,0,1.0,1.0,1.0,0,0,0,1,2,1,1,2,1,3,0,6,118,4,0,0,0,0,0,0,0,3.0,0.00043652237177155327,0.625,0.4122711288953559,0,,multi_full_20260502_195038_0001,2026-05-02T20:11:15.832560,https://www.sidefx.com/education/education-programs/,https://www.sidefx.com/,False,https://www.sidefx.com/education/education-programs/,https://www.sidefx.com/,https://www.sidefx.com/education/education-programs/,recon_page,2026-05-02T20:11:15.836478
68,1,2,1,1,0,0,1,0,14,0,com,200,2,23172,175.694,0,0,20,0,unknown,0,html,1,3,0,1,5,0,1,1,0,1,0,0,0,0,0,0,0,0,0,0,0,0,0,0,0,0,0,0,1,5,4,0,1,0,0,0,0,0,0,1,10,0,0,1,1,1,1,0,0,0,0,1,0,0,0,0,1,1,0,0,0,0,0,0,0,0,0,0,0,0,0,0,1.0,1.0,1.0,0,0,0,0,0,0,0,0,0,0,0,0,1,0,0,0,0,0,0,0,0,0.0,0.00021577766269635767,0.625,0.0,0,,multi_full_20260502_195038_0001,2026-05-02T20:11:30.014966,https://www.sidefx.com/login/microsoft-graph/?next=/get/try-houdini/,https://www.sidefx.com/,False,https://www.sidefx.com/login/microsoft-graph/?next=/get/try-houdini/,https://www.sidefx.com/,https://www.sidefx.com/login/microsoft-graph/?next=/get/try-houdini/,recon_page,2026-05-02T20:11:30.024224
69,1,1,1,1,0,0,1,0,14,0,com,200,2,29847,324.383,0,0,23,1,nginx,0,html,1,2,0,1,6,0,1,1,1,1,1,4,1,15,1,2,1,5,0,0,1,1,1,7,0,0,1,1,1,11,5,6,0,1,111,101,10,1,5,1,7,1,2,1,1,2,1,0,1,0,0,0,0,0,0,0,0,1,0,0,0,0,0,0,0,0,0,0,0,0,0,0,1.0,1.0,1.0,0,0,0,1,3,1,2,3,1,4,0,9,103,6,0,0,0,0,0,0,0,3.75,0.0003685462525546956,0.75,0.8711093242201896,0,,multi_full_20260502_195038_0001,2026-05-02T20:11:30.053120,https://www.sidefx.com/login/?next=/community/ignite-workshop-london/,https://www.sidefx.com/,False,https://www.sidefx.com/login/?next=/community/ignite-workshop-london/,https://www.sidefx.com/,https://www.sidefx.com/login/?next=/community/ignite-workshop-london/,recon_page,2026-05-02T20:11:30.057059
82,1,2,1,1,0,0,1,0,14,0,com,200,2,54318,391.164,0,0,20,1,ATS,0,html,1,1,0,1,7,1,1,1,1,1,0,0,0,0,0,0,0,0,0,0,0,0,0,0,0,0,0,0,1,38,14,0,24,1,14,0,14,0,0,1,7,1,6,1,1,4,1,0,0,0,0,0,0,0,0,0,0,1,0,0,0,0,0,0,0,0,0,0,0,0,0,0,1.0,1.0,0.0,0,0,0,0,0,0,0,0,0,0,0,0,36,0,0,0,0,0,0,0,0,0.0,0.000699583931661696,0.875,0.0,0,,multi_full_20260502_195038_0001,2026-05-02T20:11:30.666952,https://www.sidefx.com/login/yahoo-oauth2/?next=/community/ignite-workshop-london/,https://www.sidefx.com/,False,https://www.sidefx.com/login/yahoo-oauth2/?next=/community/ignite-workshop-london/,https://www.sidefx.com/,https://www.sidefx.com/login/yahoo-oauth2/?next=/community/ignite-workshop-london/,recon_page,2026-05-02T20:11:31.173653
66,1,2,1,1,0,0,1,0,14,0,com,200,2,1230564,222.48399999999998,0,0,23,1,ESF,0,html,0,0,0,1,7,1,1,1,1,1,0,0,0,0,0,0,0,0,0,0,0,0,0,0,0,0,0,0,1,4,4,0,0,1,1,0,1,0,0,1,1,0,0,1,0,0,0,0,0,0,0,0,0,0,0,0,0,1,0,0,0,0,0,0,0,0,0,0,0,0,0,0,0.0,0.0,0.0,0,0,0,0,0,0,0,0,0,0,0,0,1,0,0,0,0,0,0,0,1,0.0,3.2505420278831493e-06,0.875,0.0,0,,multi_full_20260502_195038_0001,2026-05-02T20:11:31.172340,https://www.sidefx.com/login/google-oauth2/?next=/get/try-houdini/,https://www.sidefx.com/,False,https://www.sidefx.com/login/google-oauth2/?next=/get/try-houdini/,https://www.sidefx.com/,https://www.sidefx.com/login/google-oauth2/?next=/get/try-houdini/,recon_page,2026-05-02T20:11:31.177626
85,1,2,1,1,0,0,1,0,14,0,com,200,2,23076,158.20999999999998,0,0,20,0,unknown,0,html,1,3,0,1,5,0,1,1,0,1,0,0,0,0,0,0,0,0,0,0,0,0,0,0,0,0,0,0,1,5,4,0,1,0,0,0,0,0,0,1,10,0,0,1,1,1,1,0,0,0,0,1,0,0,0,0,1,1,0,0,0,0,0,0,0,0,0,0,0,0,0,0,1.0,1.0,1.0,0,0,0,0,0,0,0,0,0,0,0,0,1,0,0,0,0,0,0,0,0,0.0,0.00021667533368001387,0.625,0.0,0,,multi_full_20260502_195038_0001,2026-05-02T20:11:31.100456,https://www.sidefx.com/login/microsoft-graph/?next=/community/ignite-workshop-london/,https://www.sidefx.com/,False,https://www.sidefx.com/login/microsoft-graph/?next=/community/ignite-workshop-london/,https://www.sidefx.com/,https://www.sidefx.com/login/microsoft-graph/?next=/community/ignite-workshop-london/,recon_page,2026-05-02T20:11:31.182315
83,1,2,1,1,0,0,1,0,14,0,com,200,2,1230488,255.65300000000002,0,0,23,1,ESF,0,html,0,0,0,1,7,1,1,1,1,1,0,0,0,0,0,0,0,0,0,0,0,0,0,0,0,0,0,0,1,4,4,0,0,1,1,0,1,0,0,1,1,0,0,1,0,0,0,0,0,0,0,0,0,0,0,0,0,1,1,0,0,0,0,0,0,0,0,0,0,0,0,0,0.0,0.0,0.0,0,0,0,0,0,0,0,0,0,0,0,0,1,0,0,0,0,0,0,0,1,0.0,3.2507427947285954e-06,0.875,0.0,0,,multi_full_20260502_195038_0001,2026-05-02T20:11:31.173971,https://www.sidefx.com/login/google-oauth2/?next=/community/ignite-workshop-london/,https://www.sidefx.com/,False,https://www.sidefx.com/login/google-oauth2/?next=/community/ignite-workshop-london/,https://www.sidefx.com/,https://www.sidefx.com/login/google-oauth2/?next=/community/ignite-workshop-london/,recon_page,2026-05-02T20:11:31.187196
65,1,2,1,1,0,0,1,0,14,0,com,200,2,54318,861.41,0,0,20,1,ATS,0,html,1,1,0,1,7,1,1,1,1,1,0,0,0,0,0,0,0,0,0,0,0,0,0,0,0,0,0,0,1,38,14,0,24,1,14,0,14,0,0,1,7,1,6,1,1,4,1,0,0,0,0,0,0,0,0,0,0,1,0,0,0,0,0,0,0,0,0,0,0,0,0,0,1.0,1.0,0.0,0,0,0,0,0,0,0,0,0,0,0,0,36,0,0,0,0,0,0,0,0,0.0,0.000699583931661696,0.875,0.0,0,,multi_full_20260502_195038_0001,2026-05-02T20:11:31.352850,https://www.sidefx.com/login/yahoo-oauth2/?next=/get/try-houdini/,https://www.sidefx.com/,False,https://www.sidefx.com/login/yahoo-oauth2/?next=/get/try-houdini/,https://www.sidefx.com/,https://www.sidefx.com/login/yahoo-oauth2/?next=/get/try-houdini/,recon_page,2026-05-02T20:11:31.368801
60,1,2,0,0,0,0,1,0,14,0,com,200,2,37949,333.48699999999997,0,0,20,1,nginx,0,html,1,1,0,0,5,0,1,1,1,1,1,3,1,9,1,1,1,3,0,0,1,1,1,5,0,0,1,1,1,20,8,10,2,1,112,102,10,1,9,1,7,1,8,1,1,13,1,0,1,0,0,0,0,0,0,0,0,1,0,0,0,0,0,0,0,0,0,0,0,0,0,0,1.0,1.0,1.0,0,0,0,1,2,1,1,2,1,3,0,6,115,3,0,0,0,0,0,0,0,3.0,0.0005270231099633719,0.625,0.44796964346886614,0,,multi_full_20260502_195038_0001,2026-05-02T20:12:20.566407,https://www.sidefx.com/support-programs/annual-upgrade-plan/,https://www.sidefx.com/,False,https://www.sidefx.com/support-programs/annual-upgrade-plan/,https://www.sidefx.com/,https://www.sidefx.com/support-programs/annual-upgrade-plan/,recon_page,2026-05-02T20:12:20.592014
40,1,2,0,0,0,0,1,0,14,0,com,200,2,29847,251.843,0,0,23,1,nginx,0,html,1,2,0,1,6,0,1,1,1,1,1,4,1,15,1,2,1,5,0,0,1,1,1,7,0,0,1,1,1,11,5,6,0,1,111,101,10,1,5,1,7,1,2,1,1,2,1,0,1,0,0,0,0,0,0,0,0,1,0,0,0,0,0,0,0,0,0,0,0,0,0,0,1.0,1.0,1.0,0,0,0,1,3,1,2,3,1,4,0,9,103,6,0,0,0,0,0,0,0,3.75,0.0003685462525546956,0.75,0.8711093242201896,0,,multi_full_20260502_195038_0001,2026-05-02T20:12:20.842101,https://www.sidefx.com/services/myfiles/,https://www.sidefx.com/,False,https://www.sidefx.com/services/myfiles/,https://www.sidefx.com/,https://www.sidefx.com/services/myfiles/,recon_page,2026-05-02T20:12:20.851031
39,1,2,0,0,0,0,1,0,14,0,com,200,2,72252,564.333,0,0,20,1,nginx,0,html,1,1,0,0,5,0,1,1,1,1,1,3,1,9,1,1,1,3,0,0,1,1,1,5,0,0,1,1,1,20,8,10,2,1,113,100,13,1,16,1,7,1,7,1,1,11,1,0,1,0,0,0,0,0,0,0,0,1,0,0,0,0,0,0,0,0,0,0,0,0,0,0,1.0,1.0,1.0,0,0,0,1,2,1,1,2,1,3,0,6,116,4,0,0,0,0,0,0,0,3.0,0.00027680894646514977,0.625,0.2352876044953773,0,,multi_full_20260502_195038_0001,2026-05-02T20:12:20.845917,https://www.sidefx.com/stories/moana-2/,https://www.sidefx.com/,False,https://www.sidefx.com/stories/moana-2/,https://www.sidefx.com/,https://www.sidefx.com/stories/moana-2/,recon_page,2026-05-02T20:12:20.857005
52,1,1,1,1,0,0,1,0,14,0,com,200,2,29847,921.4409999999999,0,0,23,1,nginx,0,html,1,2,0,1,6,0,1,1,1,1,1,4,1,15,1,2,1,5,0,0,1,1,1,7,0,0,1,1,1,11,5,6,0,1,111,101,10,1,5,1,7,1,2,1,1,2,1,0,1,0,0,0,0,0,0,0,0,1,0,0,0,0,0,0,0,0,0,0,0,0,0,0,1.0,1.0,1.0,0,0,0,1,3,1,2,3,1,4,0,9,103,6,0,0,0,0,0,0,0,3.75,0.0003685462525546956,0.75,0.8711093242201896,0,,multi_full_20260502_195038_0001,2026-05-02T20:12:21.721126,https://www.sidefx.com/login/?next=/stories/moana-2/,https://www.sidefx.com/,False,https://www.sidefx.com/login/?next=/stories/moana-2/,https://www.sidefx.com/,https://www.sidefx.com/login/?next=/stories/moana-2/,recon_page,2026-05-02T20:12:21.730236
69,1,2,1,1,0,0,1,0,14,0,com,200,2,23075,251.303,0,0,20,0,unknown,0,html,1,3,0,1,5,0,1,1,0,1,0,0,0,0,0,0,0,0,0,0,0,0,0,0,0,0,0,0,1,5,4,0,1,0,0,0,0,0,0,1,10,0,0,1,1,1,1,0,0,0,0,1,0,0,0,0,1,1,0,0,0,0,0,0,0,0,0,0,0,0,0,0,1.0,1.0,1.0,0,0,0,0,0,0,0,0,0,0,0,0,1,0,0,0,0,0,0,0,0,0.0,0.00021668472372697725,0.625,0.0,0,,multi_full_20260502_195038_0001,2026-05-02T20:12:21.733601,https://www.sidefx.com/login/microsoft-graph/?next=/support-programs/,https://www.sidefx.com/,False,https://www.sidefx.com/login/microsoft-graph/?next=/support-programs/,https://www.sidefx.com/,https://www.sidefx.com/login/microsoft-graph/?next=/support-programs/,recon_page,2026-05-02T20:12:21.779046
66,1,2,1,1,0,0,1,0,14,0,com,200,2,54318,402.281,0,0,20,1,ATS,0,html,1,1,0,1,7,1,1,1,1,1,0,0,0,0,0,0,0,0,0,0,0,0,0,0,0,0,0,0,1,38,14,0,24,1,14,0,14,0,0,1,7,1,6,1,1,4,1,0,0,0,0,0,0,0,0,0,0,1,0,0,0,0,0,0,0,0,0,0,0,0,0,0,1.0,1.0,0.0,0,0,0,0,0,0,0,0,0,0,0,0,36,0,0,0,0,0,0,0,0,0.0,0.000699583931661696,0.875,0.0,0,,multi_full_20260502_195038_0001,2026-05-02T20:12:21.777915,https://www.sidefx.com/login/yahoo-oauth2/?next=/support-programs/,https://www.sidefx.com/,False,https://www.sidefx.com/login/yahoo-oauth2/?next=/support-programs/,https://www.sidefx.com/,https://www.sidefx.com/login/yahoo-oauth2/?next=/support-programs/,recon_page,2026-05-02T20:12:21.927918
67,1,2,1,1,0,0,1,0,14,0,com,200,2,1230357,285.173,0,0,23,1,ESF,0,html,0,0,0,1,7,1,1,1,1,1,0,0,0,0,0,0,0,0,0,0,0,0,0,0,0,0,0,0,1,4,4,0,0,1,1,0,1,0,0,1,1,0,0,1,0,0,0,0,0,0,0,0,0,0,0,0,0,1,0,0,0,0,0,0,0,0,0,0,0,0,0,0,0.0,0.0,0.0,0,0,0,0,0,0,0,0,0,0,0,0,1,0,0,0,0,0,0,0,1,0.0,3.2510889115923265e-06,0.875,0.0,0,,multi_full_20260502_195038_0001,2026-05-02T20:12:22.072499,https://www.sidefx.com/login/google-oauth2/?next=/support-programs/,https://www.sidefx.com/,False,https://www.sidefx.com/login/google-oauth2/?next=/support-programs/,https://www.sidefx.com/,https://www.sidefx.com/login/google-oauth2/?next=/support-programs/,recon_page,2026-05-02T20:12:22.076802
53,1,1,1,1,0,0,1,0,14,0,com,200,2,29847,961.469,0,0,23,1,nginx,0,html,1,2,0,1,6,0,1,1,1,1,1,4,1,15,1,2,1,5,0,0,1,1,1,7,0,0,1,1,1,11,5,6,0,1,111,101,10,1,5,1,7,1,2,1,1,2,1,0,1,0,0,0,0,0,0,0,0,1,0,0,0,0,0,0,1,0,0,0,0,0,0,0,1.0,1.0,1.0,0,0,0,1,3,1,2,3,1,4,0,9,103,6,0,0,0,0,0,0,0,3.75,0.0003685462525546956,0.75,0.8711093242201896,0,,multi_full_20260502_195038_0001,2026-05-02T20:12:22.124458,https://www.sidefx.com/login/?next=/support-programs/,https://www.sidefx.com/,False,https://www.sidefx.com/login/?next=/support-programs/,https://www.sidefx.com/,https://www.sidefx.com/login/?next=/support-programs/,recon_page,2026-05-02T20:12:22.132399
65,1,2,1,1,0,0,1,0,14,0,com,200,2,54318,352.54799999999994,0,0,20,1,ATS,0,html,1,1,0,1,7,1,1,1,1,1,0,0,0,0,0,0,0,0,0,0,0,0,0,0,0,0,0,0,1,38,14,0,24,1,14,0,14,0,0,1,7,1,6,1,1,4,1,0,0,0,0,0,0,0,0,0,0,1,0,0,0,0,0,0,0,0,0,0,0,0,0,0,1.0,1.0,0.0,0,0,0,0,0,0,0,0,0,0,0,0,36,0,0,0,0,0,0,0,0,0.0,0.000699583931661696,0.875,0.0,0,,multi_full_20260502_195038_0001,2026-05-02T20:13:02.808047,https://www.sidefx.com/login/yahoo-oauth2/?next=/stories/moana-2/,https://www.sidefx.com/,False,https://www.sidefx.com/login/yahoo-oauth2/?next=/stories/moana-2/,https://www.sidefx.com/,https://www.sidefx.com/login/yahoo-oauth2/?next=/stories/moana-2/,recon_page,2026-05-02T20:13:02.812582
68,1,2,1,1,0,0,1,0,14,0,com,200,2,23172,159.116,0,0,20,0,unknown,0,html,1,3,0,1,5,0,1,1,0,1,0,0,0,0,0,0,0,0,0,0,0,0,0,0,0,0,0,0,1,5,4,0,1,0,0,0,0,0,0,1,10,0,0,1,1,1,1,0,0,0,0,1,0,0,0,0,1,1,0,0,0,0,0,0,0,0,0,0,0,0,0,0,1.0,1.0,1.0,0,0,0,0,0,0,0,0,0,0,0,0,1,0,0,0,0,0,0,0,0,0.0,0.00021577766269635767,0.625,0.0,0,,multi_full_20260502_195038_0001,2026-05-02T20:13:13.863951,https://www.sidefx.com/login/microsoft-graph/?next=/stories/moana-2/,https://www.sidefx.com/,False,https://www.sidefx.com/login/microsoft-graph/?next=/stories/moana-2/,https://www.sidefx.com/,https://www.sidefx.com/login/microsoft-graph/?next=/stories/moana-2/,recon_page,2026-05-02T20:13:13.867349
66,1,2,1,1,0,0,1,0,14,0,com,200,2,1230499,218.501,0,0,23,1,ESF,0,html,0,0,0,1,7,1,1,1,1,1,0,0,0,0,0,0,0,0,0,0,0,0,0,0,0,0,0,0,1,4,4,0,0,1,1,0,1,0,0,1,1,0,0,1,0,0,0,0,0,0,0,0,0,0,0,0,0,1,0,0,0,0,0,0,0,0,0,0,0,0,0,0,0.0,0.0,0.0,0,0,0,0,0,0,0,0,0,0,0,0,1,0,0,0,0,0,0,0,1,0.0,3.2507137348344047e-06,0.875,0.0,0,,multi_full_20260502_195038_0001,2026-05-02T20:13:33.634431,https://www.sidefx.com/login/google-oauth2/?next=/stories/moana-2/,https://www.sidefx.com/,False,https://www.sidefx.com/login/google-oauth2/?next=/stories/moana-2/,https://www.sidefx.com/,https://www.sidefx.com/login/google-oauth2/?next=/stories/moana-2/,recon_page,2026-05-02T20:13:33.683015
426,1,1,1,1,0,0,1,0,14,0,com,404,4,25,311.555,0,0,19,1,nginx,0,html,0,0,0,0,5,0,1,1,1,1,0,0,0,0,0,0,0,0,0,0,0,0,0,0,0,0,0,0,0,0,0,0,0,0,0,0,0,0,0,0,0,0,0,0,0,0,0,0,1,0,0,0,0,0,0,0,0,1,0,0,0,0,0,0,0,0,0,0,0,0,0,0,0.0,0.0,0.0,0,0,0,0,0,0,0,0,0,0,0,0,0,0,0,0,0,0,0,0,0,0.0,0.0,0.625,0.0,0,,multi_full_20260502_195038_0001,2026-05-02T20:13:47.189561,https://www.sidefx.com/forgot/?src=oauth\u0026done=https%3A%2F%2Fapi.login.yahoo.com%2Foauth2%2Fauthorize%3Fclient_id%3Ddj0yJmk9RFp4cmp6YWMxUDNhJmQ9WVdrOVIzaEVSSGRRTTJNbWNHbzlNQS0tJnM9Y29uc3VtZXJzZWNyZXQmc3Y9MCZ4PWFk%26redirect_uri%3Dhttps%253A%252F%252Fwww.sidefx.com%252Fcomplete%252Fyahoo-oauth2%252F%253Fredirect_state%253DfiNYxcPHZFTGcCJJd7Rq4ipVns9EmhGk%26response_type%3Dcode%26state%3DfiNYxcPHZFTGcCJJd7Rq4ipVns9EmhGk\,https://www.sidefx.com/,False,https://www.sidefx.com/forgot/?src=oauth\u0026done=https%3A%2F%2Fapi.login.yahoo.com%2Foauth2%2Fauthorize%3Fclient_id%3Ddj0yJmk9RFp4cmp6YWMxUDNhJmQ9WVdrOVIzaEVSSGRRTTJNbWNHbzlNQS0tJnM9Y29uc3VtZXJzZWNyZXQmc3Y9MCZ4PWFk%26redirect_uri%3Dhttps%253A%252F%252Fwww.sidefx.com%252Fcomplete%252Fyahoo-oauth2%252F%253Fredirect_state%253DfiNYxcPHZFTGcCJJd7Rq4ipVns9EmhGk%26response_type%3Dcode%26state%3DfiNYxcPHZFTGcCJJd7Rq4ipVns9EmhGk\,https://www.sidefx.com/,https://www.sidefx.com/forgot/?src=oauth\u0026done=https%3A%2F%2Fapi.login.yahoo.com%2Foauth2%2Fauthorize%3Fclient_id%3Ddj0yJmk9RFp4cmp6YWMxUDNhJmQ9WVdrOVIzaEVSSGRRTTJNbWNHbzlNQS0tJnM9Y29uc3VtZXJzZWNyZXQmc3Y9MCZ4PWFk%26redirect_uri%3Dhttps%253A%252F%252Fwww.sidefx.com%252Fcomplete%252Fyahoo-oauth2%252F%253Fredirect_state%253DfiNYxcPHZFTGcCJJd7Rq4ipVns9EmhGk%26response_type%3Dcode%26state%3DfiNYxcPHZFTGcCJJd7Rq4ipVns9EmhGk\,recon_page,2026-05-02T20:13:47.194978
463,1,2,1,1,0,0,1,0,14,0,com,404,4,25,1016.8660000000001,0,0,19,1,nginx,0,html,0,0,0,0,5,0,1,1,1,1,0,0,0,0,0,0,0,0,0,0,0,0,0,0,0,0,0,0,0,0,0,0,0,0,0,0,0,0,0,0,0,0,0,0,0,0,0,0,1,0,0,0,0,0,0,0,0,1,0,0,0,0,0,0,0,0,0,0,0,0,0,0,0.0,0.0,0.0,0,0,0,0,0,0,0,0,0,0,0,0,0,0,0,0,0,0,0,0,0,0.0,0.0,0.625,0.0,0,,multi_full_20260502_195038_0001,2026-05-02T20:13:47.752981,https://www.sidefx.com/account/create/?src=oauth\u0026done=https%3A%2F%2Fapi.login.yahoo.com%2Foauth2%2Fauthorize%3Fclient_id%3Ddj0yJmk9RFp4cmp6YWMxUDNhJmQ9WVdrOVIzaEVSSGRRTTJNbWNHbzlNQS0tJnM9Y29uc3VtZXJzZWNyZXQmc3Y9MCZ4PWFk%26redirect_uri%3Dhttps%253A%252F%252Fwww.sidefx.com%252Fcomplete%252Fyahoo-oauth2%252F%253Fredirect_state%253DfiNYxcPHZFTGcCJJd7Rq4ipVns9EmhGk%26response_type%3Dcode%26state%3DfiNYxcPHZFTGcCJJd7Rq4ipVns9EmhGk\u0026specId=yidregsimplified\,https://www.sidefx.com/,False,https://www.sidefx.com/account/create/?src=oauth\u0026done=https%3A%2F%2Fapi.login.yahoo.com%2Foauth2%2Fauthorize%3Fclient_id%3Ddj0yJmk9RFp4cmp6YWMxUDNhJmQ9WVdrOVIzaEVSSGRRTTJNbWNHbzlNQS0tJnM9Y29uc3VtZXJzZWNyZXQmc3Y9MCZ4PWFk%26redirect_uri%3Dhttps%253A%252F%252Fwww.sidefx.com%252Fcomplete%252Fyahoo-oauth2%252F%253Fredirect_state%253DfiNYxcPHZFTGcCJJd7Rq4ipVns9EmhGk%26response_type%3Dcode%26state%3DfiNYxcPHZFTGcCJJd7Rq4ipVns9EmhGk\u0026specId=yidregsimplified\,https://www.sidefx.com/,https://www.sidefx.com/account/create/?src=oauth\u0026done=https%3A%2F%2Fapi.login.yahoo.com%2Foauth2%2Fauthorize%3Fclient_id%3Ddj0yJmk9RFp4cmp6YWMxUDNhJmQ9WVdrOVIzaEVSSGRRTTJNbWNHbzlNQS0tJnM9Y29uc3VtZXJzZWNyZXQmc3Y9MCZ4PWFk%26redirect_uri%3Dhttps%253A%252F%252Fwww.sidefx.com%252Fcomplete%252Fyahoo-oauth2%252F%253Fredirect_state%253DfiNYxcPHZFTGcCJJd7Rq4ipVns9EmhGk%26response_type%3Dcode%26state%3DfiNYxcPHZFTGcCJJd7Rq4ipVns9EmhGk\u0026specId=yidregsimplified\,recon_page,2026-05-02T20:13:47.766307
38,1,2,0,0,0,0,1,0,14,0,com,200,2,32524,1015.151,0,0,21,1,nginx,0,html,1,1,0,0,5,0,1,1,1,1,1,3,1,9,1,1,1,3,0,0,1,1,1,5,0,0,1,1,1,17,8,7,2,1,106,96,10,1,7,1,7,1,3,1,1,7,1,0,1,0,0,0,0,0,0,0,0,1,0,0,0,0,0,0,0,0,0,0,0,0,0,0,1.0,1.0,1.0,0,0,0,1,2,1,1,2,1,3,0,6,106,3,0,0,0,0,0,0,0,3.0,0.0005226909359242406,0.625,0.5226909359242405,0,,multi_full_20260502_195038_0001,2026-05-02T20:13:47.763452,https://www.sidefx.com/profile/Nasroo/,https://www.sidefx.com/,False,https://www.sidefx.com/profile/Nasroo/,https://www.sidefx.com/,https://www.sidefx.com/profile/Nasroo/,recon_page,2026-05-02T20:13:47.770318
37,1,2,0,0,0,0,1,0,14,0,com,200,2,47370,1027.474,0,0,21,1,nginx,0,html,1,1,0,0,5,0,1,1,1,1,1,3,1,9,1,1,1,3,0,0,1,1,1,5,0,0,1,1,1,17,8,7,2,1,129,115,14,1,20,1,7,1,3,1,1,7,1,0,1,0,0,0,0,0,0,0,0,1,0,0,0,0,0,0,0,0,0,0,0,0,0,0,1.0,1.0,1.0,0,0,0,1,2,1,1,2,1,3,0,6,129,6,0,0,0,0,0,0,0,3.0,0.00035887692632467804,0.625,0.3588769263246781,0,,multi_full_20260502_195038_0001,2026-05-02T20:13:48.354062,https://www.sidefx.com/profile/Moeen/,https://www.sidefx.com/,False,https://www.sidefx.com/profile/Moeen/,https://www.sidefx.com/,https://www.sidefx.com/profile/Moeen/,recon_page,2026-05-02T20:13:48.358726
96,1,2,1,1,0,0,1,0,14,0,com,200,2,30181,233.36200000000002,0,0,23,1,nginx,0,html,1,2,0,1,6,0,1,1,1,1,1,4,1,16,1,2,1,6,0,0,1,1,1,8,0,0,1,1,1,11,5,6,0,1,111,101,10,1,5,1,7,1,2,1,1,2,1,0,1,0,0,0,0,0,0,0,0,1,0,0,0,0,0,0,0,0,0,0,0,0,0,0,1.0,1.0,1.0,0,0,0,1,3,1,2,3,1,4,0,9,103,6,0,0,0,0,0,0,0,4.0,0.00036446771147410624,0.75,0.9277359928431794,0,,multi_full_20260502_195038_0001,2026-05-02T20:13:48.687951,https://www.sidefx.com/complete/yahoo-oauth2/?redirect_state=fiNYxcPHZFTGcCJJd7Rq4ipVns9EmhGk\\\,https://www.sidefx.com/,False,https://www.sidefx.com/complete/yahoo-oauth2/?redirect_state=fiNYxcPHZFTGcCJJd7Rq4ipVns9EmhGk\\\,https://www.sidefx.com/,https://www.sidefx.com/complete/yahoo-oauth2/?redirect_state=fiNYxcPHZFTGcCJJd7Rq4ipVns9EmhGk\\\,recon_page,2026-05-02T20:13:48.945040
88,1,2,1,1,0,0,1,0,14,0,com,200,2,1230345,238.38500000000002,0,0,23,1,ESF,0,html,0,0,0,1,7,1,1,1,1,1,0,0,0,0,0,0,0,0,0,0,0,0,0,0,0,0,0,0,1,4,4,0,0,1,1,0,1,0,0,1,1,0,0,1,0,0,0,0,0,0,0,0,0,0,0,0,0,1,0,0,0,0,0,0,0,0,0,0,0,0,0,0,0.0,0.0,0.0,0,0,0,0,0,0,0,0,0,0,0,0,1,0,0,0,0,0,0,0,1,0.0,3.2511206206389266e-06,0.875,0.0,0,,multi_full_20260502_195038_0001,2026-05-02T20:13:48.943989,https://www.sidefx.com/login/google-oauth2/?next=/tutorials/loose-moose-character-build/,https://www.sidefx.com/,False,https://www.sidefx.com/login/google-oauth2/?next=/tutorials/loose-moose-character-build/,https://www.sidefx.com/,https://www.sidefx.com/login/google-oauth2/?next=/tutorials/loose-moose-character-build/,recon_page,2026-05-02T20:13:48.971052
38,1,2,0,0,0,0,1,0,14,0,com,200,2,34868,993.011,0,0,21,1,nginx,0,html,1,1,0,0,5,0,1,1,1,1,1,3,1,9,1,1,1,3,0,0,1,1,1,5,0,0,1,1,1,17,8,7,2,1,112,100,12,1,7,1,7,1,3,1,1,7,1,0,1,0,0,0,0,0,0,0,0,1,0,0,0,0,0,0,0,0,0,0,0,0,0,0,1.0,1.0,1.0,0,0,0,1,2,1,1,2,1,3,0,6,112,4,0,0,0,0,0,0,0,3.0,0.00048755305724446486,0.625,0.4875530572444648,0,,multi_full_20260502_195038_0001,2026-05-02T20:13:48.963397,https://www.sidefx.com/profile/w_maro/,https://www.sidefx.com/,False,https://www.sidefx.com/profile/w_maro/,https://www.sidefx.com/,https://www.sidefx.com/profile/w_maro/,recon_page,2026-05-02T20:13:49.005530
51,1,3,0,0,0,0,1,0,14,0,com,200,2,74983,300.79499999999996,0,0,21,1,nginx,0,html,1,1,0,0,5,0,1,1,1,1,1,3,1,50,1,1,1,3,0,0,1,1,1,9,0,0,1,1,1,19,9,8,2,1,116,106,10,1,8,1,7,1,3,1,1,22,1,0,1,0,0,0,0,0,0,0,0,1,0,0,0,0,0,0,0,0,0,0,0,0,0,0,1.0,1.0,1.0,0,0,0,1,2,1,1,2,1,3,0,6,114,7,0,0,0,0,0,0,0,16.666666666666668,0.0002533907685742102,0.625,0.82685408692637,0,,multi_full_20260502_195038_0001,2026-05-02T20:13:49.017030,https://www.sidefx.com/tutorials/category/hair-fur/,https://www.sidefx.com/,False,https://www.sidefx.com/tutorials/category/hair-fur/,https://www.sidefx.com/,https://www.sidefx.com/tutorials/category/hair-fur/,recon_page,2026-05-02T20:13:49.029328
37,1,2,0,0,0,0,1,0,14,0,com,200,2,35331,302.31,0,0,21,1,nginx,0,html,1,1,0,0,5,0,1,1,1,1,1,3,1,9,1,1,1,3,0,0,1,1,1,5,0,0,1,1,1,17,8,7,2,1,110,100,10,1,7,1,7,1,3,1,1,7,1,0,1,0,0,0,0,0,0,0,0,1,0,0,0,0,0,0,0,0,0,0,0,0,0,0,1.0,1.0,1.0,0,0,0,1,2,1,1,2,1,3,0,6,110,4,0,0,0,0,0,0,0,3.0,0.0004811638504429538,0.625,0.48116385044295373,0,,multi_full_20260502_195038_0001,2026-05-02T20:13:57.649316,https://www.sidefx.com/profile/BabaJ/,https://www.sidefx.com/,False,https://www.sidefx.com/profile/BabaJ/,https://www.sidefx.com/,https://www.sidefx.com/profile/BabaJ/,recon_page,2026-05-02T20:13:57.654984
46,1,3,0,0,0,0,1,0,14,0,com,200,2,74664,614.939,0,0,21,1,nginx,0,html,1,1,0,0,5,0,1,1,1,1,1,3,1,50,1,1,1,3,0,0,1,1,1,8,0,0,1,1,1,19,9,8,2,1,116,106,10,1,8,1,7,1,3,1,1,22,1,0,1,0,0,0,0,0,0,0,0,1,0,0,0,0,0,0,0,0,0,0,0,0,0,0,1.0,1.0,1.0,0,0,0,1,2,1,1,2,1,3,0,6,111,3,0,0,0,0,0,0,0,16.666666666666668,0.0002544733740490732,0.625,0.8169934640522876,0,,multi_full_20260502_195038_0001,2026-05-02T20:13:58.159608,https://www.sidefx.com/tutorials/author/Moeen/,https://www.sidefx.com/,False,https://www.sidefx.com/tutorials/author/Moeen/,https://www.sidefx.com/,https://www.sidefx.com/tutorials/author/Moeen/,recon_page,2026-05-02T20:13:58.163239
87,1,2,1,1,0,0,1,0,14,0,com,200,2,54318,340.07,0,0,20,1,ATS,0,html,1,1,0,1,7,1,1,1,1,1,0,0,0,0,0,0,0,0,0,0,0,0,0,0,0,0,0,0,1,38,14,0,24,1,14,0,14,0,0,1,7,1,6,1,1,4,1,0,0,0,0,0,0,0,0,0,0,1,0,0,0,0,0,0,0,0,0,0,0,0,0,0,1.0,1.0,0.0,0,0,0,0,0,0,0,0,0,0,0,0,36,0,0,0,0,0,0,0,0,0.0,0.000699583931661696,0.875,0.0,0,,multi_full_20260502_195038_0001,2026-05-02T20:14:04.880021,https://www.sidefx.com/login/yahoo-oauth2/?next=/tutorials/loose-moose-character-build/,https://www.sidefx.com/,False,https://www.sidefx.com/login/yahoo-oauth2/?next=/tutorials/loose-moose-character-build/,https://www.sidefx.com/,https://www.sidefx.com/login/yahoo-oauth2/?next=/tutorials/loose-moose-character-build/,recon_page,2026-05-02T20:14:04.884231
49,1,3,0,0,0,0,1,0,14,0,com,200,2,74709,543.194,0,0,21,1,nginx,0,html,1,1,0,0,5,0,1,1,1,1,1,3,1,50,1,1,1,3,0,0,1,1,1,8,0,0,1,1,1,19,9,8,2,1,116,106,10,1,8,1,7,1,3,1,1,22,1,0,1,0,0,0,0,0,0,0,0,1,0,0,0,0,0,0,0,0,0,0,0,0,0,0,1.0,1.0,1.0,0,0,0,1,2,1,1,2,1,3,0,6,114,7,0,0,0,0,0,0,0,16.666666666666668,0.0002543200953031094,0.625,0.8165013586047196,0,,multi_full_20260502_195038_0001,2026-05-02T20:14:17.913550,https://www.sidefx.com/tutorials/category/kinefx/,https://www.sidefx.com/,False,https://www.sidefx.com/tutorials/category/kinefx/,https://www.sidefx.com/,https://www.sidefx.com/tutorials/category/kinefx/,recon_page,2026-05-02T20:14:17.917735
55,1,2,0,0,0,0,1,0,14,0,com,200,2,33851,378.805,0,0,21,1,nginx,0,html,1,1,0,0,5,0,1,1,1,1,1,3,1,9,1,1,1,3,0,0,1,1,1,5,0,0,1,1,1,17,8,7,2,1,108,98,10,1,7,1,7,1,3,1,1,7,1,0,1,0,0,0,0,0,0,0,0,1,0,0,0,0,0,0,0,0,0,0,0,0,0,0,1.0,1.0,1.0,0,0,0,1,2,1,1,2,1,3,0,6,108,4,0,0,0,0,0,0,0,3.0,0.0005022008212460489,0.625,0.5022008212460489,0,,multi_full_20260502_195038_0001,2026-05-02T20:14:32.511423,https://www.sidefx.com/profile/thejedic9fe0cfbc41944bf/,https://www.sidefx.com/,False,https://www.sidefx.com/profile/thejedic9fe0cfbc41944bf/,https://www.sidefx.com/,https://www.sidefx.com/profile/thejedic9fe0cfbc41944bf/,recon_page,2026-05-02T20:14:32.514291
43,1,2,0,0,0,0,1,0,14,0,com,200,2,29452,272.882,0,0,21,1,nginx,0,html,1,1,0,0,5,0,1,1,1,1,1,3,1,9,1,1,1,3,0,0,1,1,1,5,0,0,1,1,1,15,7,6,2,1,106,96,10,1,6,1,7,1,2,1,1,7,1,0,1,0,0,0,0,0,0,0,0,1,0,0,0,0,0,0,0,0,0,0,0,0,0,0,1.0,1.0,1.0,0,0,0,1,2,1,1,2,1,3,0,6,104,3,0,0,0,0,0,0,0,3.0,0.0005093032731223686,0.625,0.5772103762053511,0,,multi_full_20260502_195038_0001,2026-05-02T20:15:11.088237,https://www.sidefx.com/profile/MagicMarcus/,https://www.sidefx.com/,False,https://www.sidefx.com/profile/MagicMarcus/,https://www.sidefx.com/,https://www.sidefx.com/profile/MagicMarcus/,recon_page,2026-05-02T20:15:11.091258
90,1,2,1,1,0,0,1,0,14,0,com,200,2,23075,174.368,0,0,20,0,unknown,0,html,1,3,0,1,5,0,1,1,0,1,0,0,0,0,0,0,0,0,0,0,0,0,0,0,0,0,0,0,1,5,4,0,1,0,0,0,0,0,0,1,10,0,0,1,1,1,1,0,0,0,0,1,0,0,0,0,1,1,0,0,0,0,0,0,0,0,0,0,0,0,0,0,1.0,1.0,1.0,0,0,0,0,0,0,0,0,0,0,0,0,1,0,0,0,0,0,0,0,0,0.0,0.00021668472372697725,0.625,0.0,0,,multi_full_20260502_195038_0001,2026-05-02T20:15:18.591225,https://www.sidefx.com/login/microsoft-graph/?next=/tutorials/loose-moose-character-build/,https://www.sidefx.com/,False,https://www.sidefx.com/login/microsoft-graph/?next=/tutorials/loose-moose-character-build/,https://www.sidefx.com/,https://www.sidefx.com/login/microsoft-graph/?next=/tutorials/loose-moose-character-build/,recon_page,2026-05-02T20:15:18.658170
37,1,2,0,0,0,0,1,0,14,0,com,200,2,29404,880.582,0,0,21,1,nginx,0,html,1,1,0,0,5,0,1,1,1,1,1,3,1,9,1,1,1,3,0,0,1,1,1,5,0,0,1,1,1,15,7,6,2,1,106,96,10,1,6,1,7,1,2,1,1,7,1,0,1,0,0,0,0,0,0,0,0,1,0,0,0,0,0,0,0,0,0,0,0,0,0,0,1.0,1.0,1.0,0,0,0,1,2,1,1,2,1,3,0,6,104,3,0,0,0,0,0,0,0,3.0,0.0005101346755543464,0.625,0.5781526322949259,0,,multi_full_20260502_195038_0001,2026-05-02T20:15:32.779784,https://www.sidefx.com/profile/msilx/,https://www.sidefx.com/,False,https://www.sidefx.com/profile/msilx/,https://www.sidefx.com/,https://www.sidefx.com/profile/msilx/,recon_page,2026-05-02T20:15:32.803349
51,1,3,0,0,0,0,1,0,14,0,com,200,2,74704,526.3259999999999,0,0,21,1,nginx,0,html,1,1,0,0,5,0,1,1,1,1,1,3,1,50,1,1,1,3,0,0,1,1,1,8,0,0,1,1,1,19,9,8,2,1,116,106,10,1,8,1,7,1,3,1,1,22,1,0,1,0,0,0,0,0,0,0,0,1,0,0,0,0,0,0,0,0,0,0,0,0,0,0,1.0,1.0,1.0,0,0,0,1,2,1,1,2,1,3,0,6,114,7,0,0,0,0,0,0,0,16.666666666666668,0.00025433711715570787,0.625,0.8165560077104306,0,,multi_full_20260502_195038_0001,2026-05-02T20:15:32.829667,https://www.sidefx.com/tutorials/category/modeling/,https://www.sidefx.com/,False,https://www.sidefx.com/tutorials/category/modeling/,https://www.sidefx.com/,https://www.sidefx.com/tutorials/category/modeling/,recon_page,2026-05-02T20:15:32.834140
82,1,3,0,0,0,0,1,0,14,0,com,200,2,33615,803.6759999999999,0,0,21,1,nginx,0,html,1,1,0,0,5,0,1,1,1,1,1,4,1,10,1,1,1,4,0,0,1,1,1,6,0,0,1,1,1,19,9,8,2,1,111,101,10,1,6,1,7,1,3,1,1,7,1,0,1,0,0,0,0,0,0,0,0,1,0,0,0,0,0,0,0,0,0,0,0,0,0,0,1.0,1.0,1.0,0,0,0,2,2,1,1,2,1,4,0,7,109,3,0,0,0,0,0,0,0,2.5,0.0005652238583965492,0.625,0.5949724825226833,0,,multi_full_20260502_195038_0001,2026-05-02T20:15:32.998689,https://www.sidefx.com/faq/question/why-cant-i-get-past-the-houdini-splash-screen/,https://www.sidefx.com/,False,https://www.sidefx.com/faq/question/why-cant-i-get-past-the-houdini-splash-screen/,https://www.sidefx.com/,https://www.sidefx.com/faq/question/why-cant-i-get-past-the-houdini-splash-screen/,recon_page,2026-05-02T20:15:33.006506
73,1,3,0,0,0,0,1,0,14,0,com,200,2,34747,1028.5169999999998,0,0,21,1,nginx,0,html,1,1,0,0,5,0,1,1,1,1,1,4,1,10,1,1,1,4,0,0,1,1,1,6,0,0,1,1,1,19,9,8,2,1,109,99,10,1,10,1,7,1,3,1,1,7,1,0,1,0,0,0,0,0,0,0,0,1,0,0,0,0,0,0,0,0,0,0,0,0,0,0,1.0,1.0,1.0,0,0,0,2,2,1,1,2,1,4,0,7,107,3,0,0,0,0,0,0,0,2.5,0.0005468097965291968,0.625,0.5755892595044176,0,,multi_full_20260502_195038_0001,2026-05-02T20:15:41.246608,https://www.sidefx.com/faq/question/my-licenses-just-stopped-working-why/,https://www.sidefx.com/,False,https://www.sidefx.com/faq/question/my-licenses-just-stopped-working-why/,https://www.sidefx.com/,https://www.sidefx.com/faq/question/my-licenses-just-stopped-working-why/,recon_page,2026-05-02T20:15:41.257395
87,1,3,0,0,0,0,1,0,14,0,com,200,2,36646,390.077,0,0,21,1,nginx,0,html,1,1,0,0,5,0,1,1,1,1,1,4,1,10,1,1,1,4,0,0,1,1,1,6,0,0,1,1,1,19,9,8,2,1,117,107,10,1,10,1,7,1,3,1,1,7,1,0,1,0,0,0,0,0,0,0,0,1,0,0,0,0,0,0,0,0,0,0,0,0,0,0,1.0,1.0,1.0,0,0,0,2,2,1,1,2,1,4,0,7,113,3,0,0,0,0,0,0,0,2.5,0.0005184740490094417,0.625,0.5457621568520439,0,,multi_full_20260502_195038_0001,2026-05-02T20:15:55.798496,https://www.sidefx.com/faq/question/how-can-i-use-login-based-licensing-in-houdini-210/,https://www.sidefx.com/,False,https://www.sidefx.com/faq/question/how-can-i-use-login-based-licensing-in-houdini-210/,https://www.sidefx.com/,https://www.sidefx.com/faq/question/how-can-i-use-login-based-licensing-in-houdini-210/,recon_page,2026-05-02T20:15:55.838563
53,1,2,1,1,0,0,1,0,14,0,com,200,2,54318,962.256,0,0,20,1,ATS,0,html,1,1,0,1,7,1,1,1,1,1,0,0,0,0,0,0,0,0,0,0,0,0,0,0,0,0,0,0,1,38,14,0,24,1,14,0,14,0,0,1,7,1,6,1,1,4,1,0,0,0,0,0,0,0,0,0,0,1,0,0,0,0,0,0,0,0,0,0,0,0,0,0,1.0,1.0,0.0,0,0,0,0,0,0,0,0,0,0,0,0,36,0,0,0,0,0,0,0,0,0.0,0.000699583931661696,0.875,0.0,0,,multi_full_20260502_195038_0001,2026-05-02T20:15:55.819676,https://www.sidefx.com/login/yahoo-oauth2/?next=/faq/,https://www.sidefx.com/,False,https://www.sidefx.com/login/yahoo-oauth2/?next=/faq/,https://www.sidefx.com/,https://www.sidefx.com/login/yahoo-oauth2/?next=/faq/,recon_page,2026-05-02T20:15:55.838087
117,1,3,0,0,0,0,1,0,14,0,com,200,2,34051,368.353,0,0,21,1,nginx,0,html,1,1,0,0,5,0,1,1,1,1,1,4,1,10,1,1,1,4,0,0,1,1,1,6,0,0,1,1,1,19,9,8,2,1,110,100,10,1,6,1,7,1,3,1,1,7,1,0,1,0,0,0,0,0,0,0,0,1,0,0,0,0,0,0,0,0,0,0,0,0,0,0,1.0,1.0,1.0,0,0,0,2,2,1,1,2,1,4,0,7,108,3,0,0,0,0,0,0,0,2.5,0.0005579865495873836,0.625,0.5873542627235617,0,,multi_full_20260502_195038_0001,2026-05-02T20:15:55.808230,https://www.sidefx.com/faq/question/why-do-i-see-the-account-exists-but-does-not-have-the-ability-to-manage-licenses/,https://www.sidefx.com/,False,https://www.sidefx.com/faq/question/why-do-i-see-the-account-exists-but-does-not-have-the-ability-to-manage-licenses/,https://www.sidefx.com/,https://www.sidefx.com/faq/question/why-do-i-see-the-account-exists-but-does-not-have-the-ability-to-manage-licenses/,recon_page,2026-05-02T20:15:55.838464
56,1,2,1,1,0,0,1,0,14,0,com,200,2,23276,169.972,0,0,20,0,unknown,0,html,1,3,0,1,5,0,1,1,0,1,0,0,0,0,0,0,0,0,0,0,0,0,0,0,0,0,0,0,1,5,4,0,1,0,0,0,0,0,0,1,10,0,0,1,1,1,1,0,0,0,0,1,0,0,0,0,1,1,0,0,0,0,0,0,0,0,0,0,0,0,0,0,1.0,1.0,1.0,0,0,0,0,0,0,0,0,0,0,0,0,1,0,0,0,0,0,0,0,0,0.0,0.00021481354184567795,0.625,0.0,0,,multi_full_20260502_195038_0001,2026-05-02T20:15:55.747152,https://www.sidefx.com/login/microsoft-graph/?next=/faq/,https://www.sidefx.com/,False,https://www.sidefx.com/login/microsoft-graph/?next=/faq/,https://www.sidefx.com/,https://www.sidefx.com/login/microsoft-graph/?next=/faq/,recon_page,2026-05-02T20:15:55.833736
121,1,3,0,0,0,0,1,0,14,0,com,200,2,34486,415.771,0,0,21,1,nginx,0,html,1,1,0,0,5,0,1,1,1,1,1,4,1,10,1,1,1,4,0,0,1,1,1,6,0,0,1,1,1,19,9,8,2,1,110,100,10,1,7,1,7,1,3,1,1,7,1,0,1,0,0,0,0,0,0,0,0,1,0,0,0,0,0,0,0,0,0,0,0,0,0,0,1.0,1.0,1.0,0,0,0,2,2,1,1,2,1,4,0,7,108,3,0,0,0,0,0,0,0,2.5,0.0005509482108681784,0.625,0.5799454851243984,0,,multi_full_20260502_195038_0001,2026-05-02T20:15:55.836759,https://www.sidefx.com/faq/question/my-installed-licenses-dont-match-my-sidefx-account-how-do-i-synchronize-the-licenses/,https://www.sidefx.com/,False,https://www.sidefx.com/faq/question/my-installed-licenses-dont-match-my-sidefx-account-how-do-i-synchronize-the-licenses/,https://www.sidefx.com/,https://www.sidefx.com/faq/question/my-installed-licenses-dont-match-my-sidefx-account-how-do-i-synchronize-the-licenses/,recon_page,2026-05-02T20:15:55.843710
54,1,2,1,1,0,0,1,0,14,0,com,200,2,1230391,211.70600000000002,0,0,23,1,ESF,0,html,0,0,0,1,7,1,1,1,1,1,0,0,0,0,0,0,0,0,0,0,0,0,0,0,0,0,0,0,1,4,4,0,0,1,1,0,1,0,0,1,1,0,0,1,0,0,0,0,0,0,0,0,0,0,0,0,0,1,0,0,0,0,0,0,0,0,0,0,0,0,0,0,0.0,0.0,0.0,0,0,0,0,0,0,0,0,0,0,0,0,1,0,0,0,0,0,0,0,1,0.0,3.2509990726525147e-06,0.875,0.0,0,,multi_full_20260502_195038_0001,2026-05-02T20:16:13.395348,https://www.sidefx.com/login/google-oauth2/?next=/faq/,https://www.sidefx.com/,False,https://www.sidefx.com/login/google-oauth2/?next=/faq/,https://www.sidefx.com/,https://www.sidefx.com/login/google-oauth2/?next=/faq/,recon_page,2026-05-02T20:16:13.399842
88,1,3,0,0,0,0,1,0,14,0,com,200,2,35403,354.80400000000003,0,0,21,1,nginx,0,html,1,1,0,0,5,0,1,1,1,1,1,4,1,10,1,1,1,4,0,0,1,1,1,6,0,0,1,1,1,19,9,8,2,1,112,102,10,1,11,1,7,1,3,1,1,7,1,0,1,0,0,0,0,0,0,0,0,1,0,0,0,0,0,0,0,0,0,0,0,0,0,0,1.0,1.0,1.0,0,0,0,2,2,1,1,2,1,4,0,7,110,3,0,0,0,0,0,0,0,2.5,0.0005366776826822585,0.625,0.5649238765076406,0,,multi_full_20260502_195038_0001,2026-05-02T20:16:30.879231,https://www.sidefx.com/faq/question/how-do-i-install-apprentice-licenses-in-houdini-210/,https://www.sidefx.com/,False,https://www.sidefx.com/faq/question/how-do-i-install-apprentice-licenses-in-houdini-210/,https://www.sidefx.com/,https://www.sidefx.com/faq/question/how-do-i-install-apprentice-licenses-in-houdini-210/,recon_page,2026-05-02T20:16:30.882482
123,1,3,0,0,0,0,1,0,14,0,com,200,2,33927,319.83,0,0,21,1,nginx,0,html,1,1,0,0,5,0,1,1,1,1,1,4,1,10,1,1,1,4,0,0,1,1,1,6,0,0,1,1,1,19,9,8,2,1,109,99,10,1,6,1,7,1,3,1,1,7,1,0,1,0,0,0,0,0,0,0,0,1,0,0,0,0,0,0,0,0,0,0,0,0,0,0,1.0,1.0,1.0,0,0,0,2,2,1,1,2,1,4,0,7,107,3,0,0,0,0,0,0,0,2.5,0.0005600259380434462,0.625,0.5895009874141539,0,,multi_full_20260502_195038_0001,2026-05-02T20:16:44.662457,https://www.sidefx.com/faq/question/something-went-wrong-connecting-to-hserver-could-not-connect-perhaps-it-is-not-running/,https://www.sidefx.com/,False,https://www.sidefx.com/faq/question/something-went-wrong-connecting-to-hserver-could-not-connect-perhaps-it-is-not-running/,https://www.sidefx.com/,https://www.sidefx.com/faq/question/something-went-wrong-connecting-to-hserver-could-not-connect-perhaps-it-is-not-running/,recon_page,2026-05-02T20:16:44.681983
100,1,3,0,0,0,0,1,0,14,0,com,200,2,35469,993.1020000000001,0,0,21,1,nginx,0,html,1,1,0,0,5,0,1,1,1,1,1,4,1,10,1,1,1,4,0,0,1,1,1,6,0,0,1,1,1,19,9,8,2,1,111,101,10,1,8,1,7,1,3,1,1,7,1,0,1,0,0,0,0,0,0,0,0,1,0,0,0,0,0,0,0,0,0,0,0,0,0,0,1.0,1.0,1.0,0,0,0,2,2,1,1,2,1,4,0,7,109,3,0,0,0,0,2,0,0,2.5,0.0005356790436719388,0.625,0.5638726775494093,0,,multi_full_20260502_195038_0001,2026-05-02T20:17:06.044899,https://www.sidefx.com/faq/question/how-do-i-generate-license-diagnostic-information-in-houdini-210/,https://www.sidefx.com/,False,https://www.sidefx.com/faq/question/how-do-i-generate-license-diagnostic-information-in-houdini-210/,https://www.sidefx.com/,https://www.sidefx.com/faq/question/how-do-i-generate-license-diagnostic-information-in-houdini-210/,recon_page,2026-05-02T20:17:06.072134
98,1,3,0,0,0,0,1,0,14,0,com,200,2,35446,1023.477,0,0,21,1,nginx,0,html,1,1,0,0,5,0,1,1,1,1,1,4,1,10,1,1,1,4,0,0,1,1,1,6,0,0,1,1,1,19,9,8,2,1,109,99,10,1,7,1,7,1,3,1,1,7,1,0,1,0,0,0,0,0,0,0,0,1,0,0,0,0,0,0,0,0,0,0,0,0,0,0,1.0,1.0,1.0,0,0,0,2,2,1,1,2,1,4,0,7,107,3,0,0,0,0,0,0,0,2.5,0.000536026632060035,0.625,0.5642385600631947,0,,multi_full_20260502_195038_0001,2026-05-02T20:17:06.148480,https://www.sidefx.com/faq/question/im-on-a-mac-and-i-have-a-no-server-running-error-what-do-i-do/,https://www.sidefx.com/,False,https://www.sidefx.com/faq/question/im-on-a-mac-and-i-have-a-no-server-running-error-what-do-i-do/,https://www.sidefx.com/,https://www.sidefx.com/faq/question/im-on-a-mac-and-i-have-a-no-server-running-error-what-do-i-do/,recon_page,2026-05-02T20:17:06.156613
92,1,3,0,0,0,0,1,0,14,0,com,200,2,33803,1113.7649999999999,0,0,21,1,nginx,0,html,1,1,0,0,5,0,1,1,1,1,1,4,1,10,1,1,1,4,0,0,1,1,1,6,0,0,1,1,1,19,9,8,2,1,109,99,10,1,6,1,7,1,3,1,1,7,1,0,1,0,0,0,0,0,0,0,0,1,0,0,0,0,0,0,0,0,0,0,0,0,0,0,1.0,1.0,1.0,0,0,0,2,2,1,1,2,1,4,0,7,107,3,0,0,0,0,0,0,0,2.5,0.0005620802887317694,0.625,0.5916634618229152,0,,multi_full_20260502_195038_0001,2026-05-02T20:17:06.116707,https://www.sidefx.com/faq/question/i-am-running-linux-why-do-i-receive-a-max-retries-error/,https://www.sidefx.com/,False,https://www.sidefx.com/faq/question/i-am-running-linux-why-do-i-receive-a-max-retries-error/,https://www.sidefx.com/,https://www.sidefx.com/faq/question/i-am-running-linux-why-do-i-receive-a-max-retries-error/,recon_page,2026-05-02T20:17:06.138044
40,1,1,1,1,0,0,1,0,14,0,com,200,2,29847,962.403,0,0,23,1,nginx,0,html,1,2,0,1,6,0,1,1,1,1,1,4,1,15,1,2,1,5,0,0,1,1,1,7,0,0,1,1,1,11,5,6,0,1,111,101,10,1,5,1,7,1,2,1,1,2,1,0,1,0,0,0,0,0,0,0,0,1,0,0,0,0,0,0,1,0,0,0,0,0,0,0,1.0,1.0,1.0,0,0,0,1,3,1,2,3,1,4,0,9,103,6,0,0,0,0,0,0,0,3.75,0.0003685462525546956,0.75,0.8711093242201896,0,,multi_full_20260502_195038_0001,2026-05-02T20:17:06.136930,https://www.sidefx.com/login/?next=/faq/,https://www.sidefx.com/,False,https://www.sidefx.com/login/?next=/faq/,https://www.sidefx.com/,https://www.sidefx.com/login/?next=/faq/,recon_page,2026-05-02T20:17:06.159114
64,1,1,1,1,0,0,1,0,14,0,com,200,2,29847,257.266,0,0,23,1,nginx,0,html,1,2,0,1,6,0,1,1,1,1,1,4,1,15,1,2,1,5,0,0,1,1,1,7,0,0,1,1,1,11,5,6,0,1,111,101,10,1,5,1,7,1,2,1,1,2,1,0,1,0,0,0,0,0,0,0,0,1,0,0,0,0,0,0,0,0,0,0,0,0,0,0,1.0,1.0,1.0,0,0,0,1,3,1,2,3,1,4,0,9,103,6,0,0,0,0,0,0,0,3.75,0.0003685462525546956,0.75,0.8711093242201896,0,,multi_full_20260502_195038_0001,2026-05-02T20:17:06.151280,https://www.sidefx.com/login/?next=/gallery/rbd-destruction-sim/,https://www.sidefx.com/,False,https://www.sidefx.com/login/?next=/gallery/rbd-destruction-sim/,https://www.sidefx.com/,https://www.sidefx.com/login/?next=/gallery/rbd-destruction-sim/,recon_page,2026-05-02T20:17:06.158221
78,1,2,1,1,0,0,1,0,14,0,com,200,2,1230301,244.828,0,0,23,1,ESF,0,html,0,0,0,1,7,1,1,1,1,1,0,0,0,0,0,0,0,0,0,0,0,0,0,0,0,0,0,0,1,4,4,0,0,1,1,0,1,0,0,1,1,0,0,1,0,0,0,0,0,0,0,0,0,0,0,0,0,1,0,0,0,0,0,0,0,0,0,0,0,0,0,0,0.0,0.0,0.0,0,0,0,0,0,0,0,0,0,0,0,0,1,0,0,0,0,0,0,0,1,0.0,3.251236892435266e-06,0.875,0.0,0,,multi_full_20260502_195038_0001,2026-05-02T20:17:19.916512,https://www.sidefx.com/login/google-oauth2/?next=/gallery/rbd-destruction-sim/,https://www.sidefx.com/,False,https://www.sidefx.com/login/google-oauth2/?next=/gallery/rbd-destruction-sim/,https://www.sidefx.com/,https://www.sidefx.com/login/google-oauth2/?next=/gallery/rbd-destruction-sim/,recon_page,2026-05-02T20:17:19.920417
80,1,2,1,1,0,0,1,0,14,0,com,200,2,23160,154.367,0,0,20,0,unknown,0,html,1,3,0,1,5,0,1,1,0,1,0,0,0,0,0,0,0,0,0,0,0,0,0,0,0,0,0,0,1,5,4,0,1,0,0,0,0,0,0,1,10,0,0,1,1,1,1,0,0,0,0,1,0,0,0,0,1,1,0,0,0,0,0,0,0,0,0,0,0,0,0,0,1.0,1.0,1.0,0,0,0,0,0,0,0,0,0,0,0,0,1,0,0,0,0,0,0,0,0,0.0,0.0002158894645941278,0.625,0.0,0,,multi_full_20260502_195038_0001,2026-05-02T20:17:41.035269,https://www.sidefx.com/login/microsoft-graph/?next=/gallery/rbd-destruction-sim/,https://www.sidefx.com/,False,https://www.sidefx.com/login/microsoft-graph/?next=/gallery/rbd-destruction-sim/,https://www.sidefx.com/,https://www.sidefx.com/login/microsoft-graph/?next=/gallery/rbd-destruction-sim/,recon_page,2026-05-02T20:17:41.042836
77,1,2,1,1,0,0,1,0,14,0,com,200,2,54318,813.688,0,0,20,1,ATS,0,html,1,1,0,1,7,1,1,1,1,1,0,0,0,0,0,0,0,0,0,0,0,0,0,0,0,0,0,0,1,38,14,0,24,1,14,0,14,0,0,1,7,1,6,1,1,4,1,0,0,0,0,0,0,0,0,0,0,1,0,0,0,0,0,0,0,0,0,0,0,0,0,0,1.0,1.0,0.0,0,0,0,0,0,0,0,0,0,0,0,0,36,0,0,0,0,0,0,0,0,0.0,0.000699583931661696,0.875,0.0,0,,multi_full_20260502_195038_0001,2026-05-02T20:18:01.888299,https://www.sidefx.com/login/yahoo-oauth2/?next=/gallery/rbd-destruction-sim/,https://www.sidefx.com/,False,https://www.sidefx.com/login/yahoo-oauth2/?next=/gallery/rbd-destruction-sim/,https://www.sidefx.com/,https://www.sidefx.com/login/yahoo-oauth2/?next=/gallery/rbd-destruction-sim/,recon_page,2026-05-02T20:18:01.892323
48,1,2,0,0,0,0,1,0,14,0,com,200,2,37505,383.47700000000003,0,0,21,1,nginx,0,html,1,1,0,0,5,0,1,1,1,1,1,3,1,9,1,1,1,3,0,0,1,1,1,5,0,0,1,1,1,17,8,7,2,1,117,103,14,1,13,1,7,1,3,1,1,7,1,0,1,0,0,0,0,0,0,0,0,1,0,0,0,0,0,0,0,0,0,0,0,0,0,0,1.0,1.0,1.0,0,0,0,1,2,1,1,2,1,3,0,6,117,3,0,0,0,0,0,0,0,3.0,0.00045327289694707375,0.625,0.4532728969470737,0,,multi_full_20260502_195038_0001,2026-05-02T20:18:13.590030,https://www.sidefx.com/profile/Shuichi%20Sakuma/,https://www.sidefx.com/,False,https://www.sidefx.com/profile/Shuichi%20Sakuma/,https://www.sidefx.com/,https://www.sidefx.com/profile/Shuichi%20Sakuma/,recon_page,2026-05-02T20:18:13.595080
83,1,2,1,1,0,0,1,0,14,0,com,200,2,23172,200.003,0,0,20,0,unknown,0,html,1,3,0,1,5,0,1,1,0,1,0,0,0,0,0,0,0,0,0,0,0,0,0,0,0,0,0,0,1,5,4,0,1,0,0,0,0,0,0,1,10,0,0,1,1,1,1,0,0,0,0,1,0,0,0,0,1,1,0,0,0,0,0,0,0,0,0,0,0,0,0,0,1.0,1.0,1.0,0,0,0,0,0,0,0,0,0,0,0,0,1,0,0,0,0,0,0,0,0,0.0,0.00021577766269635767,0.625,0.0,0,,multi_full_20260502_195038_0001,2026-05-02T20:18:32.268583,https://www.sidefx.com/login/microsoft-graph/?next=/gallery/the-deathveil-magic-fx/,https://www.sidefx.com/,False,https://www.sidefx.com/login/microsoft-graph/?next=/gallery/the-deathveil-magic-fx/,https://www.sidefx.com/,https://www.sidefx.com/login/microsoft-graph/?next=/gallery/the-deathveil-magic-fx/,recon_page,2026-05-02T20:18:32.274402
47,1,2,0,0,0,0,1,0,14,0,com,200,2,32585,884.086,0,0,21,1,nginx,0,html,1,1,0,0,5,0,1,1,1,1,1,3,1,9,1,1,1,3,0,0,1,1,1,5,0,0,1,1,1,17,8,7,2,1,106,96,10,1,7,1,7,1,3,1,1,7,1,0,1,0,0,0,0,0,0,0,0,1,0,0,0,0,0,0,0,0,0,0,0,0,0,0,1.0,1.0,1.0,0,0,0,1,2,1,1,2,1,3,0,6,106,3,0,0,0,0,0,0,0,3.0,0.0005217124443762468,0.625,0.5217124443762468,0,,multi_full_20260502_195038_0001,2026-05-02T20:18:33.335394,https://www.sidefx.com/profile/justforwork1973/,https://www.sidefx.com/,False,https://www.sidefx.com/profile/justforwork1973/,https://www.sidefx.com/,https://www.sidefx.com/profile/justforwork1973/,recon_page,2026-05-02T20:18:33.354895
47,1,2,0,0,0,0,1,0,14,0,com,200,2,32594,903.5609999999999,0,0,21,1,nginx,0,html,1,1,0,0,5,0,1,1,1,1,1,3,1,9,1,1,1,3,0,0,1,1,1,5,0,0,1,1,1,17,8,7,2,1,106,96,10,1,7,1,7,1,3,1,1,7,1,0,1,0,0,0,0,0,0,0,0,1,0,0,0,0,0,0,0,0,0,0,0,0,0,0,1.0,1.0,1.0,0,0,0,1,2,1,1,2,1,3,0,6,106,3,0,0,0,0,0,0,0,3.0,0.0005215683868196601,0.625,0.52156838681966,0,,multi_full_20260502_195038_0001,2026-05-02T20:18:33.325978,https://www.sidefx.com/profile/istratesculuigi/,https://www.sidefx.com/,False,https://www.sidefx.com/profile/istratesculuigi/,https://www.sidefx.com/,https://www.sidefx.com/profile/istratesculuigi/,recon_page,2026-05-02T20:18:33.367125
67,1,1,1,1,0,0,1,0,14,0,com,200,2,29847,942.773,0,0,23,1,nginx,0,html,1,2,0,1,6,0,1,1,1,1,1,4,1,15,1,2,1,5,0,0,1,1,1,7,0,0,1,1,1,11,5,6,0,1,111,101,10,1,5,1,7,1,2,1,1,2,1,0,1,0,0,0,0,0,0,0,0,1,0,0,0,0,0,0,0,0,0,0,0,0,0,0,1.0,1.0,1.0,0,0,0,1,3,1,2,3,1,4,0,9,103,6,0,0,0,0,0,0,0,3.75,0.0003685462525546956,0.75,0.8711093242201896,0,,multi_full_20260502_195038_0001,2026-05-02T20:18:33.366397,https://www.sidefx.com/login/?next=/gallery/the-deathveil-magic-fx/,https://www.sidefx.com/,False,https://www.sidefx.com/login/?next=/gallery/the-deathveil-magic-fx/,https://www.sidefx.com/,https://www.sidefx.com/login/?next=/gallery/the-deathveil-magic-fx/,recon_page,2026-05-02T20:18:33.372189
43,1,2,0,0,0,0,1,0,14,0,com,200,2,32562,723.148,0,0,21,1,nginx,0,html,1,1,0,0,5,0,1,1,1,1,1,3,1,9,1,1,1,3,0,0,1,1,1,5,0,0,1,1,1,17,8,7,2,1,106,96,10,1,7,1,7,1,3,1,1,7,1,0,1,0,0,0,0,0,0,0,0,1,0,0,0,0,0,0,0,0,0,0,0,0,0,0,1.0,1.0,1.0,0,0,0,1,2,1,1,2,1,3,0,6,106,3,0,0,0,0,0,0,0,3.0,0.0005220809532583994,0.625,0.5220809532583994,0,,multi_full_20260502_195038_0001,2026-05-02T20:18:35.254638,https://www.sidefx.com/profile/datarichjun/,https://www.sidefx.com/,False,https://www.sidefx.com/profile/datarichjun/,https://www.sidefx.com/,https://www.sidefx.com/profile/datarichjun/,recon_page,2026-05-02T20:18:35.258347
80,1,2,1,1,0,0,1,0,14,0,com,200,2,54318,324.042,0,0,20,1,ATS,0,html,1,1,0,1,7,1,1,1,1,1,0,0,0,0,0,0,0,0,0,0,0,0,0,0,0,0,0,0,1,38,14,0,24,1,14,0,14,0,0,1,7,1,6,1,1,4,1,0,0,0,0,0,0,0,0,0,0,1,0,0,0,0,0,0,0,0,0,0,0,0,0,0,1.0,1.0,0.0,0,0,0,0,0,0,0,0,0,0,0,0,36,0,0,0,0,0,0,0,0,0.0,0.000699583931661696,0.875,0.0,0,,multi_full_20260502_195038_0001,2026-05-02T20:18:47.111841,https://www.sidefx.com/login/yahoo-oauth2/?next=/gallery/the-deathveil-magic-fx/,https://www.sidefx.com/,False,https://www.sidefx.com/login/yahoo-oauth2/?next=/gallery/the-deathveil-magic-fx/,https://www.sidefx.com/,https://www.sidefx.com/login/yahoo-oauth2/?next=/gallery/the-deathveil-magic-fx/,recon_page,2026-05-02T20:18:47.117139
45,1,2,0,0,0,0,1,0,14,0,com,200,2,35021,325.984,0,0,21,1,nginx,0,html,1,1,0,0,5,0,1,1,1,1,1,3,1,9,1,1,1,3,0,0,1,1,1,5,0,0,1,1,1,17,8,7,2,1,109,99,10,1,9,1,7,1,3,1,1,7,1,0,1,0,0,0,0,0,0,0,0,1,0,0,0,0,0,0,0,0,0,0,0,0,0,0,1.0,1.0,1.0,0,0,0,1,2,1,1,2,1,3,0,6,109,3,0,0,0,0,0,0,0,3.0,0.00048542303189514865,0.625,0.4854230318951486,0,,multi_full_20260502_195038_0001,2026-05-02T20:19:02.067793,https://www.sidefx.com/profile/DennisSchmidt/,https://www.sidefx.com/,False,https://www.sidefx.com/profile/DennisSchmidt/,https://www.sidefx.com/,https://www.sidefx.com/profile/DennisSchmidt/,recon_page,2026-05-02T20:19:02.072080
80,1,2,1,1,0,0,1,0,14,0,com,200,2,54318,343.435,0,0,20,1,ATS,0,html,1,1,0,1,7,1,1,1,1,1,0,0,0,0,0,0,0,0,0,0,0,0,0,0,0,0,0,0,1,38,14,0,24,1,14,0,14,0,0,1,7,1,6,1,1,4,1,0,0,0,0,0,0,0,0,0,0,1,0,0,0,0,0,0,0,0,0,0,0,0,0,0,1.0,1.0,0.0,0,0,0,0,0,0,0,0,0,0,0,0,36,0,0,0,0,0,0,0,0,0.0,0.000699583931661696,0.875,0.0,0,,multi_full_20260502_195038_0001,2026-05-02T20:19:12.779297,https://www.sidefx.com/login/yahoo-oauth2/?next=/learn/learning-library/content/,https://www.sidefx.com/,False,https://www.sidefx.com/login/yahoo-oauth2/?next=/learn/learning-library/content/,https://www.sidefx.com/,https://www.sidefx.com/login/yahoo-oauth2/?next=/learn/learning-library/content/,recon_page,2026-05-02T20:19:12.786336
58,1,3,0,0,0,0,1,0,14,0,com,200,2,68217,517.0369999999999,0,0,21,1,nginx,0,html,1,1,0,0,5,0,1,1,1,1,1,3,1,50,1,1,1,3,0,0,1,1,1,8,0,0,1,1,1,19,9,8,2,1,115,105,10,1,8,1,7,1,3,1,1,20,1,0,1,0,0,0,0,0,0,0,0,1,0,0,0,0,0,0,0,0,0,0,0,0,0,0,1.0,1.0,1.0,0,0,0,1,2,1,1,2,1,3,0,6,110,3,0,0,0,0,0,0,0,16.666666666666668,0.00027852294882507294,0.625,0.8942052567541815,0,,multi_full_20260502_195038_0001,2026-05-02T20:19:24.253968,https://www.sidefx.com/learn/learning-library/collections/,https://www.sidefx.com/,False,https://www.sidefx.com/learn/learning-library/collections/,https://www.sidefx.com/,https://www.sidefx.com/learn/learning-library/collections/,recon_page,2026-05-02T20:19:24.258235
83,1,2,1,1,0,0,1,0,14,0,com,200,2,23172,196.131,0,0,20,0,unknown,0,html,1,3,0,1,5,0,1,1,0,1,0,0,0,0,0,0,0,0,0,0,0,0,0,0,0,0,0,0,1,5,4,0,1,0,0,0,0,0,0,1,10,0,0,1,1,1,1,0,0,0,0,1,0,0,0,0,1,1,0,0,0,0,0,0,0,0,0,0,0,0,0,0,1.0,1.0,1.0,0,0,0,0,0,0,0,0,0,0,0,0,1,0,0,0,0,0,0,0,0,0.0,0.00021577766269635767,0.625,0.0,0,,multi_full_20260502_195038_0001,2026-05-02T20:19:34.564908,https://www.sidefx.com/login/microsoft-graph/?next=/learn/learning-library/content/,https://www.sidefx.com/,False,https://www.sidefx.com/login/microsoft-graph/?next=/learn/learning-library/content/,https://www.sidefx.com/,https://www.sidefx.com/login/microsoft-graph/?next=/learn/learning-library/content/,recon_page,2026-05-02T20:19:34.569031
41,1,2,0,0,0,0,1,0,14,0,com,200,2,29847,251.571,0,0,23,1,nginx,0,html,1,2,0,1,6,0,1,1,1,1,1,4,1,15,1,2,1,5,0,0,1,1,1,7,0,0,1,1,1,11,5,6,0,1,111,101,10,1,5,1,7,1,2,1,1,2,1,0,1,0,0,0,0,0,0,0,0,1,0,0,0,0,0,0,0,0,0,0,0,0,0,0,1.0,1.0,1.0,0,0,0,1,3,1,2,3,1,4,0,9,103,6,0,0,0,0,0,0,0,3.75,0.0003685462525546956,0.75,0.8711093242201896,0,,multi_full_20260502_195038_0001,2026-05-02T20:19:48.957229,https://www.sidefx.com/learn/my-learning/,https://www.sidefx.com/,False,https://www.sidefx.com/learn/my-learning/,https://www.sidefx.com/,https://www.sidefx.com/learn/my-learning/,recon_page,2026-05-02T20:19:48.961598
81,1,2,1,1,0,0,1,0,14,0,com,200,2,1230495,251.206,0,0,23,1,ESF,0,html,0,0,0,1,7,1,1,1,1,1,0,0,0,0,0,0,0,0,0,0,0,0,0,0,0,0,0,0,1,4,4,0,0,1,1,0,1,0,0,1,1,0,0,1,0,0,0,0,0,0,0,0,0,0,0,0,0,1,0,0,0,0,0,0,0,0,0,0,0,0,0,0,0.0,0.0,0.0,0,0,0,0,0,0,0,0,0,0,0,0,1,0,0,0,0,0,0,0,1,0.0,3.2507243020085414e-06,0.875,0.0,0,,multi_full_20260502_195038_0001,2026-05-02T20:19:49.728789,https://www.sidefx.com/login/google-oauth2/?next=/learn/learning-library/content/,https://www.sidefx.com/,False,https://www.sidefx.com/login/google-oauth2/?next=/learn/learning-library/content/,https://www.sidefx.com/,https://www.sidefx.com/login/google-oauth2/?next=/learn/learning-library/content/,recon_page,2026-05-02T20:19:49.736163
67,1,1,1,1,0,0,1,0,14,0,com,200,2,29847,903.441,0,0,23,1,nginx,0,html,1,2,0,1,6,0,1,1,1,1,1,4,1,15,1,2,1,5,0,0,1,1,1,7,0,0,1,1,1,11,5,6,0,1,111,101,10,1,5,1,7,1,2,1,1,2,1,0,1,0,0,0,0,0,0,0,0,1,0,0,0,0,0,0,1,0,0,0,0,0,0,0,1.0,1.0,1.0,0,0,0,1,3,1,2,3,1,4,0,9,103,6,0,0,0,0,0,0,0,3.75,0.0003685462525546956,0.75,0.8711093242201896,0,,multi_full_20260502_195038_0001,2026-05-02T20:19:49.732315,https://www.sidefx.com/login/?next=/learn/learning-library/content/,https://www.sidefx.com/,False,https://www.sidefx.com/login/?next=/learn/learning-library/content/,https://www.sidefx.com/,https://www.sidefx.com/login/?next=/learn/learning-library/content/,recon_page,2026-05-02T20:19:49.737630
53,1,2,0,0,0,0,1,0,14,0,com,200,2,38355,818.8800000000001,0,0,21,1,nginx,0,html,1,1,0,0,5,0,1,1,1,1,1,3,1,9,1,1,1,3,0,0,1,1,1,5,0,0,1,1,1,17,8,7,2,1,115,105,10,1,14,1,7,1,3,1,1,7,1,0,1,0,0,0,0,0,0,0,0,1,0,0,0,0,0,0,0,0,0,0,0,0,0,0,1.0,1.0,1.0,0,0,0,1,2,1,1,2,1,3,0,6,115,5,0,0,0,0,0,0,0,3.0,0.00044322774084213273,0.625,0.44322774084213273,0,,multi_full_20260502_195038_0001,2026-05-02T20:19:49.795776,https://www.sidefx.com/profile/alexandret@sidefx.com/,https://www.sidefx.com/,False,https://www.sidefx.com/profile/alexandret@sidefx.com/,https://www.sidefx.com/,https://www.sidefx.com/profile/alexandret@sidefx.com/,recon_page,2026-05-02T20:19:49.805421
51,1,2,0,0,0,0,1,0,14,0,com,405,4,0,3309.771,0,0,19,1,nginx,0,html,0,0,0,0,5,0,1,1,1,1,0,0,0,0,0,0,0,0,0,0,0,0,0,0,0,0,0,0,0,0,0,0,0,0,0,0,0,0,0,0,0,0,0,0,0,0,0,0,1,0,0,0,0,0,0,0,0,0,0,0,0,0,0,0,0,0,0,0,0,0,0,0,0.0,0.0,0.0,0,0,0,0,0,0,0,0,0,0,0,0,0,0,0,0,0,0,0,0,0,0.0,0.0,0.625,0.0,0,,multi_full_20260502_195038_0001,2026-05-02T20:19:50.515026,https://www.sidefx.com/contentlibrary/get-contents/,https://www.sidefx.com/,False,https://www.sidefx.com/contentlibrary/get-contents/,https://www.sidefx.com/,https://www.sidefx.com/contentlibrary/get-contents/,recon_page,2026-05-02T20:19:50.519761
41,1,2,0,0,0,0,1,0,14,0,com,200,2,32919,359.31,0,0,21,1,nginx,0,html,1,1,0,0,5,0,1,1,1,1,1,3,1,9,1,1,1,3,0,0,1,1,1,5,0,0,1,1,1,17,8,7,2,1,106,96,10,1,7,1,7,1,3,1,1,7,1,0,1,0,0,0,0,0,0,0,0,1,0,0,0,0,0,0,0,0,0,0,0,0,0,0,1.0,1.0,1.0,0,0,0,1,2,1,1,2,1,3,0,6,106,3,0,0,0,0,0,0,0,3.0,0.0005164190892797473,0.625,0.5164190892797473,0,,multi_full_20260502_195038_0001,2026-05-02T20:20:02.677787,https://www.sidefx.com/profile/AimoStein/,https://www.sidefx.com/,False,https://www.sidefx.com/profile/AimoStein/,https://www.sidefx.com/,https://www.sidefx.com/profile/AimoStein/,recon_page,2026-05-02T20:20:02.682369
75,1,2,1,1,0,0,1,0,14,0,com,200,2,1230186,205.58499999999998,0,0,23,1,ESF,0,html,0,0,0,1,7,1,1,1,1,1,0,0,0,0,0,0,0,0,0,0,0,0,0,0,0,0,0,0,1,4,4,0,0,1,1,0,1,0,0,1,1,0,0,1,0,0,0,0,0,0,0,0,0,0,0,0,0,1,0,0,0,0,0,0,0,0,0,0,0,0,0,0,0.0,0.0,0.0,0,0,0,0,0,0,0,0,0,0,0,0,1,0,0,0,0,0,0,0,1,0.0,3.251540823907929e-06,0.875,0.0,0,,multi_full_20260502_195038_0001,2026-05-02T20:20:15.657513,https://www.sidefx.com/login/google-oauth2/?next=/contentlibrary/wood-worm/,https://www.sidefx.com/,False,https://www.sidefx.com/login/google-oauth2/?next=/contentlibrary/wood-worm/,https://www.sidefx.com/,https://www.sidefx.com/login/google-oauth2/?next=/contentlibrary/wood-worm/,recon_page,2026-05-02T20:20:15.665549
61,1,1,1,1,0,0,1,0,14,0,com,200,2,29847,259.972,0,0,23,1,nginx,0,html,1,2,0,1,6,0,1,1,1,1,1,4,1,15,1,2,1,5,0,0,1,1,1,7,0,0,1,1,1,11,5,6,0,1,111,101,10,1,5,1,7,1,2,1,1,2,1,0,1,0,0,0,0,0,0,0,0,1,0,0,0,0,0,0,0,0,0,0,0,0,0,0,1.0,1.0,1.0,0,0,0,1,3,1,2,3,1,4,0,9,103,6,0,0,0,0,0,0,0,3.75,0.0003685462525546956,0.75,0.8711093242201896,0,,multi_full_20260502_195038_0001,2026-05-02T20:20:29.790930,https://www.sidefx.com/login/?next=/contentlibrary/wood-worm/,https://www.sidefx.com/,False,https://www.sidefx.com/login/?next=/contentlibrary/wood-worm/,https://www.sidefx.com/,https://www.sidefx.com/login/?next=/contentlibrary/wood-worm/,recon_page,2026-05-02T20:20:29.795566
42,1,2,0,0,0,0,1,0,14,0,com,200,2,29444,246.213,0,0,21,1,nginx,0,html,1,1,0,0,5,0,1,1,1,1,1,3,1,9,1,1,1,3,0,0,1,1,1,5,0,0,1,1,1,15,7,6,2,1,106,96,10,1,6,1,7,1,2,1,1,7,1,0,1,0,0,0,0,0,0,0,0,1,0,0,0,0,0,0,0,0,0,0,0,0,0,0,1.0,1.0,1.0,0,0,0,1,2,1,1,2,1,3,0,6,104,3,0,0,0,0,0,0,0,3.0,0.0005094416519494634,0.625,0.5773672055427251,0,,multi_full_20260502_195038_0001,2026-05-02T20:20:30.305567,https://www.sidefx.com/profile/coccarolla/,https://www.sidefx.com/,False,https://www.sidefx.com/profile/coccarolla/,https://www.sidefx.com/,https://www.sidefx.com/profile/coccarolla/,recon_page,2026-05-02T20:20:30.339927
74,1,2,1,1,0,0,1,0,14,0,com,200,2,54318,325.218,0,0,20,1,ATS,0,html,1,1,0,1,7,1,1,1,1,1,0,0,0,0,0,0,0,0,0,0,0,0,0,0,0,0,0,0,1,38,14,0,24,1,14,0,14,0,0,1,7,1,6,1,1,4,1,0,0,0,0,0,0,0,0,0,0,1,0,0,0,0,0,0,0,0,0,0,0,0,0,0,1.0,1.0,0.0,0,0,0,0,0,0,0,0,0,0,0,0,36,0,0,0,0,0,0,0,0,0.0,0.000699583931661696,0.875,0.0,0,,multi_full_20260502_195038_0001,2026-05-02T20:20:30.346860,https://www.sidefx.com/login/yahoo-oauth2/?next=/contentlibrary/wood-worm/,https://www.sidefx.com/,False,https://www.sidefx.com/login/yahoo-oauth2/?next=/contentlibrary/wood-worm/,https://www.sidefx.com/,https://www.sidefx.com/login/yahoo-oauth2/?next=/contentlibrary/wood-worm/,recon_page,2026-05-02T20:20:30.394359
66,1,3,1,1,0,0,1,0,14,0,com,200,2,67502,597.361,0,0,21,1,nginx,0,html,1,1,0,0,5,0,1,1,1,1,1,3,1,45,1,1,1,3,0,0,1,1,1,8,0,0,1,1,1,19,9,8,2,1,115,105,10,1,8,1,7,1,3,1,1,17,1,0,1,0,0,0,0,0,0,0,0,1,0,0,0,0,0,0,0,0,0,0,0,0,0,0,1.0,1.0,1.0,0,0,0,1,2,1,1,2,1,3,0,6,113,7,0,0,0,0,0,0,0,15.0,0.00028147314153654704,0.625,0.8296050487392966,0,,multi_full_20260502_195038_0001,2026-05-02T20:20:30.396418,https://www.sidefx.com/learn/learning-library/content/?category=38,https://www.sidefx.com/,False,https://www.sidefx.com/learn/learning-library/content/?category=38,https://www.sidefx.com/,https://www.sidefx.com/learn/learning-library/content/?category=38,recon_page,2026-05-02T20:20:30.452914
77,1,2,1,1,0,0,1,0,14,0,com,200,2,23163,174.243,0,0,20,0,unknown,0,html,1,3,0,1,5,0,1,1,0,1,0,0,0,0,0,0,0,0,0,0,0,0,0,0,0,0,0,0,1,5,4,0,1,0,0,0,0,0,0,1,10,0,0,1,1,1,1,0,0,0,0,1,0,0,0,0,1,1,0,0,0,0,0,0,0,0,0,0,0,0,0,0,1.0,1.0,1.0,0,0,0,0,0,0,0,0,0,0,0,0,1,0,0,0,0,0,0,0,0,0.0,0.0002158615032595087,0.625,0.0,0,,multi_full_20260502_195038_0001,2026-05-02T20:20:49.093108,https://www.sidefx.com/login/microsoft-graph/?next=/contentlibrary/wood-worm/,https://www.sidefx.com/,False,https://www.sidefx.com/login/microsoft-graph/?next=/contentlibrary/wood-worm/,https://www.sidefx.com/,https://www.sidefx.com/login/microsoft-graph/?next=/contentlibrary/wood-worm/,recon_page,2026-05-02T20:20:49.097348
70,1,2,1,1,0,0,1,0,14,0,com,200,2,54318,355.456,0,0,20,1,ATS,0,html,1,1,0,1,7,1,1,1,1,1,0,0,0,0,0,0,0,0,0,0,0,0,0,0,0,0,0,0,1,38,14,0,24,1,14,0,14,0,0,1,7,1,6,1,1,4,1,0,0,0,0,0,0,0,0,0,0,1,0,0,0,0,0,0,0,0,0,0,0,0,0,0,1.0,1.0,0.0,0,0,0,0,0,0,0,0,0,0,0,0,36,0,0,0,0,0,0,0,0,0.0,0.000699583931661696,0.875,0.0,0,,multi_full_20260502_195038_0001,2026-05-02T20:21:05.902863,https://www.sidefx.com/login/yahoo-oauth2/?next=/products/sidefx-labs/,https://www.sidefx.com/,False,https://www.sidefx.com/login/yahoo-oauth2/?next=/products/sidefx-labs/,https://www.sidefx.com/,https://www.sidefx.com/login/yahoo-oauth2/?next=/products/sidefx-labs/,recon_page,2026-05-02T20:21:05.906925
55,1,2,1,1,0,0,1,0,14,0,com,200,2,29847,304.621,0,0,23,1,nginx,0,html,1,2,0,1,6,0,1,1,1,1,1,4,1,15,1,2,1,5,0,0,1,1,1,7,0,0,1,1,1,11,5,6,0,1,111,101,10,1,5,1,7,1,2,1,1,2,1,0,1,0,0,0,0,0,0,0,0,1,0,0,0,0,0,0,1,0,0,0,0,0,0,0,1.0,1.0,1.0,0,0,0,1,3,1,2,3,1,4,0,9,103,6,0,0,0,0,0,0,0,3.75,0.0003685462525546956,0.75,0.8711093242201896,0,,multi_full_20260502_195038_0001,2026-05-02T20:21:09.710397,https://www.sidefx.com/download/daily-builds/?labs=true,https://www.sidefx.com/,False,https://www.sidefx.com/download/daily-builds/?labs=true,https://www.sidefx.com/,https://www.sidefx.com/download/daily-builds/?labs=true,recon_page,2026-05-02T20:21:09.715815
57,1,1,1,1,0,0,1,0,14,0,com,200,2,29847,517.4069999999999,0,0,23,1,nginx,0,html,1,2,0,1,6,0,1,1,1,1,1,4,1,15,1,2,1,5,0,0,1,1,1,7,0,0,1,1,1,11,5,6,0,1,111,101,10,1,5,1,7,1,2,1,1,2,1,0,1,0,0,0,0,0,0,0,0,1,0,0,0,0,0,0,1,0,0,0,0,0,0,0,1.0,1.0,1.0,0,0,0,1,3,1,2,3,1,4,0,9,103,6,0,0,0,0,0,0,0,3.75,0.0003685462525546956,0.75,0.8711093242201896,0,,multi_full_20260502_195038_0001,2026-05-02T20:21:14.791014,https://www.sidefx.com/login/?next=/products/sidefx-labs/,https://www.sidefx.com/,False,https://www.sidefx.com/login/?next=/products/sidefx-labs/,https://www.sidefx.com/,https://www.sidefx.com/login/?next=/products/sidefx-labs/,recon_page,2026-05-02T20:21:14.795759
41,1,3,0,0,0,0,1,0,14,0,com,200,2,263343,487.87399999999997,0,0,10,1,nginx,0,html,0,0,0,0,1,0,0,0,1,0,1,1,1,4,0,0,1,2,0,0,1,1,1,1,0,0,0,0,1,15,2,11,2,1,616,614,2,1,288,1,3,1,4,1,1,2,1,0,1,0,0,0,0,0,0,0,0,1,0,0,0,0,0,0,0,0,0,0,0,0,0,0,0.0,0.0,0.0,0,0,0,1,0,0,0,0,0,0,1,4,358,0,0,0,0,0,0,0,0,4.0,5.6959934382155594e-05,0.125,0.022783973752862237,0,,multi_full_20260502_195038_0001,2026-05-02T20:21:32.821649,https://www.sidefx.com/docs/houdini/labs/,https://www.sidefx.com/,False,https://www.sidefx.com/docs/houdini/labs/,https://www.sidefx.com/,https://www.sidefx.com/docs/houdini/labs/,recon_page,2026-05-02T20:21:32.826221
73,1,2,1,1,0,0,1,0,14,0,com,200,2,23078,181.672,0,0,20,0,unknown,0,html,1,3,0,1,5,0,1,1,0,1,0,0,0,0,0,0,0,0,0,0,0,0,0,0,0,0,0,0,1,5,4,0,1,0,0,0,0,0,0,1,10,0,0,1,1,1,1,0,0,0,0,1,0,0,0,0,1,1,0,0,0,0,0,0,0,0,0,0,0,0,0,0,1.0,1.0,1.0,0,0,0,0,0,0,0,0,0,0,0,0,1,0,0,0,0,0,0,0,0,0.0,0.0002166565560273854,0.625,0.0,0,,multi_full_20260502_195038_0001,2026-05-02T20:21:40.833425,https://www.sidefx.com/login/microsoft-graph/?next=/products/sidefx-labs/,https://www.sidefx.com/,False,https://www.sidefx.com/login/microsoft-graph/?next=/products/sidefx-labs/,https://www.sidefx.com/,https://www.sidefx.com/login/microsoft-graph/?next=/products/sidefx-labs/,recon_page,2026-05-02T20:21:40.837979
60,1,3,0,0,0,0,1,0,14,0,com,200,2,35416,914.5600000000001,0,0,21,1,nginx,0,html,1,1,0,0,5,0,1,1,1,1,1,3,1,11,1,1,1,3,0,0,1,1,1,6,0,0,1,2,1,17,8,7,2,1,108,98,10,1,7,1,7,1,2,1,1,12,1,0,1,0,0,0,0,0,0,0,0,1,0,0,0,0,0,0,0,0,0,0,0,0,0,0,1.0,1.0,1.0,0,0,0,1,2,1,1,2,1,3,0,6,106,3,0,0,0,0,0,0,0,3.6666666666666665,0.000480009035464197,0.625,0.56471651231082,0,,multi_full_20260502_195038_0001,2026-05-02T20:21:58.521255,https://www.sidefx.com/gallery/author/alexandret@sidefx.com/,https://www.sidefx.com/,False,https://www.sidefx.com/gallery/author/alexandret@sidefx.com/,https://www.sidefx.com/,https://www.sidefx.com/gallery/author/alexandret@sidefx.com/,recon_page,2026-05-02T20:21:58.525615
71,1,2,1,1,0,0,1,0,14,0,com,200,2,1229855,249.026,0,0,23,1,ESF,0,html,0,0,0,1,7,1,1,1,1,1,0,0,0,0,0,0,0,0,0,0,0,0,0,0,0,0,0,0,1,4,4,0,0,1,1,0,1,0,0,1,1,0,0,1,0,0,0,0,0,0,0,0,0,0,0,0,0,1,0,0,0,0,0,0,0,0,0,0,0,0,0,0,0.0,0.0,0.0,0,0,0,0,0,0,0,0,0,0,0,0,1,0,0,0,0,0,0,0,1,0.0,3.2524159352118746e-06,0.875,0.0,0,,multi_full_20260502_195038_0001,2026-05-02T20:21:59.028888,https://www.sidefx.com/login/google-oauth2/?next=/products/sidefx-labs/,https://www.sidefx.com/,False,https://www.sidefx.com/login/google-oauth2/?next=/products/sidefx-labs/,https://www.sidefx.com/,https://www.sidefx.com/login/google-oauth2/?next=/products/sidefx-labs/,recon_page,2026-05-02T20:21:59.035027
41,1,3,0,0,0,0,1,0,14,0,com,200,2,52108,379.546,0,0,21,1,nginx,0,html,1,1,0,0,5,0,1,1,1,1,1,5,1,12,1,1,1,4,0,0,1,2,1,5,0,0,1,2,1,26,13,11,2,1,123,113,10,1,10,1,7,1,5,1,1,7,1,0,1,0,0,0,0,0,0,0,0,1,0,0,0,0,0,0,0,0,0,0,0,0,0,0,1.0,1.0,1.0,0,0,0,3,2,1,1,2,1,5,0,7,122,8,0,1,0,0,0,0,0,2.4,0.000498963690796039,0.625,0.42220004605818684,0,,multi_full_20260502_195038_0001,2026-05-02T20:21:59.128739,https://www.sidefx.com/forum/post/459170/,https://www.sidefx.com/,False,https://www.sidefx.com/forum/post/459170/,https://www.sidefx.com/,https://www.sidefx.com/forum/post/459170/,recon_page,2026-05-02T20:21:59.142650
41,1,3,0,0,0,0,1,0,14,0,com,200,2,61145,330.69300000000004,0,0,21,1,nginx,0,html,1,1,0,0,5,0,1,1,1,1,1,5,1,12,1,1,1,4,0,0,1,2,1,6,0,0,1,2,1,26,13,11,2,1,128,118,10,1,14,1,7,1,5,1,1,7,1,0,1,0,0,0,0,0,0,0,0,1,0,0,0,0,0,0,0,0,0,0,0,0,0,0,1.0,1.0,1.0,0,0,0,3,2,1,1,2,1,5,0,7,125,9,0,1,0,0,0,0,0,2.4,0.0004252187423337967,0.625,0.3761550412952817,0,,multi_full_20260502_195038_0001,2026-05-02T20:21:59.176718,https://www.sidefx.com/forum/post/459097/,https://www.sidefx.com/,False,https://www.sidefx.com/forum/post/459097/,https://www.sidefx.com/,https://www.sidefx.com/forum/post/459097/,recon_page,2026-05-02T20:21:59.179943
41,1,3,0,0,0,0,1,0,14,0,com,200,2,66964,415.6,0,0,21,1,nginx,0,html,1,1,0,0,5,0,1,1,1,1,1,5,1,12,1,1,1,4,0,0,1,2,1,5,0,0,1,2,1,26,13,11,2,1,137,127,10,1,19,1,7,1,5,1,1,7,1,0,1,0,0,0,0,0,0,0,0,1,0,0,0,0,0,0,0,0,0,0,0,0,0,0,1.0,1.0,1.0,0,0,0,3,2,1,1,2,1,5,0,7,130,11,0,1,0,0,0,0,0,2.4,0.00038826832327817934,0.625,0.32853473508153636,0,,multi_full_20260502_195038_0001,2026-05-02T20:21:59.362495,https://www.sidefx.com/forum/post/458953/,https://www.sidefx.com/,False,https://www.sidefx.com/forum/post/458953/,https://www.sidefx.com/,https://www.sidefx.com/forum/post/458953/,recon_page,2026-05-02T20:21:59.366289
41,1,3,0,0,0,0,1,0,14,0,com,200,2,50569,373.487,0,0,21,1,nginx,0,html,1,1,0,0,5,0,1,1,1,1,1,5,1,12,1,1,1,4,0,0,1,2,1,5,0,0,1,2,1,26,13,11,2,1,120,110,10,1,8,1,7,1,5,1,1,7,1,0,1,0,0,0,0,0,0,0,0,1,0,0,0,0,0,0,0,0,0,0,0,0,0,0,1.0,1.0,1.0,0,0,0,3,2,1,1,2,1,5,0,7,120,7,0,1,0,0,0,0,0,2.4,0.0005141489845557555,0.625,0.43504914077794693,0,,multi_full_20260502_195038_0001,2026-05-02T20:21:59.816657,https://www.sidefx.com/forum/post/459179/,https://www.sidefx.com/,False,https://www.sidefx.com/forum/post/459179/,https://www.sidefx.com/,https://www.sidefx.com/forum/post/459179/,recon_page,2026-05-02T20:21:59.821474
42,1,3,0,0,0,0,1,0,14,0,com,200,2,49733,731.143,0,0,21,1,nginx,0,html,1,1,0,0,5,0,1,1,1,1,1,5,1,12,1,1,1,4,0,0,1,2,1,5,0,0,1,2,1,26,13,11,2,1,120,110,10,1,8,1,7,1,5,1,1,7,1,0,1,0,0,0,0,0,0,0,0,1,0,0,0,0,0,0,0,0,0,0,0,0,0,0,1.0,1.0,1.0,0,0,0,3,2,1,1,2,1,5,0,7,120,7,0,1,0,0,0,0,0,2.4,0.0005227917077192207,0.625,0.44236221422395594,0,,multi_full_20260502_195038_0001,2026-05-02T20:22:07.552681,https://www.sidefx.com/forum/topic/103702/,https://www.sidefx.com/,False,https://www.sidefx.com/forum/topic/103702/,https://www.sidefx.com/,https://www.sidefx.com/forum/topic/103702/,recon_page,2026-05-02T20:22:07.557495
41,1,3,0,0,0,0,1,0,14,0,com,200,2,52760,611.617,0,0,21,1,nginx,0,html,1,1,0,0,5,0,1,1,1,1,1,5,1,12,1,1,1,4,0,0,1,2,1,5,0,0,1,2,1,26,13,11,2,1,125,115,10,1,11,1,7,1,5,1,1,7,1,0,1,0,0,0,0,0,0,0,0,1,0,0,0,0,0,0,0,0,0,0,0,0,0,0,1.0,1.0,1.0,0,0,0,3,2,1,1,2,1,5,0,7,124,8,0,1,0,0,0,0,0,2.4,0.0004927975739196361,0.625,0.4169825625473844,0,,multi_full_20260502_195038_0001,2026-05-02T20:22:13.723011,https://www.sidefx.com/forum/post/459010/,https://www.sidefx.com/,False,https://www.sidefx.com/forum/post/459010/,https://www.sidefx.com/,https://www.sidefx.com/forum/post/459010/,recon_page,2026-05-02T20:22:13.726747
42,1,3,0,0,0,0,1,0,14,0,com,200,2,52108,715.802,0,0,21,1,nginx,0,html,1,1,0,0,5,0,1,1,1,1,1,5,1,12,1,1,1,4,0,0,1,2,1,5,0,0,1,2,1,26,13,11,2,1,123,113,10,1,10,1,7,1,5,1,1,7,1,0,1,0,0,0,0,0,0,0,0,1,0,0,0,0,0,0,0,0,0,0,0,0,0,0,1.0,1.0,1.0,0,0,0,3,2,1,1,2,1,5,0,7,122,8,0,1,0,0,0,0,0,2.4,0.000498963690796039,0.625,0.42220004605818684,0,,multi_full_20260502_195038_0001,2026-05-02T20:22:27.490925,https://www.sidefx.com/forum/topic/103688/,https://www.sidefx.com/,False,https://www.sidefx.com/forum/topic/103688/,https://www.sidefx.com/,https://www.sidefx.com/forum/topic/103688/,recon_page,2026-05-02T20:22:27.494253
41,1,3,0,0,0,0,1,0,14,0,com,200,2,66964,619.1170000000001,0,0,21,1,nginx,0,html,1,1,0,0,5,0,1,1,1,1,1,5,1,12,1,1,1,4,0,0,1,2,1,5,0,0,1,2,1,26,13,11,2,1,137,127,10,1,19,1,7,1,5,1,1,7,1,0,1,0,0,0,0,0,0,0,0,1,0,0,0,0,0,0,0,0,0,0,0,0,0,0,1.0,1.0,1.0,0,0,0,3,2,1,1,2,1,5,0,7,130,11,0,1,0,0,0,0,0,2.4,0.00038826832327817934,0.625,0.32853473508153636,0,,multi_full_20260502_195038_0001,2026-05-02T20:22:33.213104,https://www.sidefx.com/forum/post/459168/,https://www.sidefx.com/,False,https://www.sidefx.com/forum/post/459168/,https://www.sidefx.com/,https://www.sidefx.com/forum/post/459168/,recon_page,2026-05-02T20:22:33.216503
42,1,3,0,0,0,0,1,0,14,0,com,200,2,50569,928.881,0,0,21,1,nginx,0,html,1,1,0,0,5,0,1,1,1,1,1,5,1,12,1,1,1,4,0,0,1,2,1,5,0,0,1,2,1,26,13,11,2,1,120,110,10,1,8,1,7,1,5,1,1,7,1,0,1,0,0,0,0,0,0,0,0,1,0,0,0,0,0,0,0,0,0,0,0,0,0,0,1.0,1.0,1.0,0,0,0,3,2,1,1,2,1,5,0,7,120,7,0,1,0,0,0,0,0,2.4,0.0005141489845557555,0.625,0.43504914077794693,0,,multi_full_20260502_195038_0001,2026-05-02T20:23:14.710213,https://www.sidefx.com/forum/topic/103700/,https://www.sidefx.com/,False,https://www.sidefx.com/forum/topic/103700/,https://www.sidefx.com/,https://www.sidefx.com/forum/topic/103700/,recon_page,2026-05-02T20:23:14.714858
59,1,2,1,1,0,0,1,0,14,0,com,200,2,23170,183.658,0,0,20,0,unknown,0,html,1,3,0,1,5,0,1,1,0,1,0,0,0,0,0,0,0,0,0,0,0,0,0,0,0,0,0,0,1,5,4,0,1,0,0,0,0,0,0,1,10,0,0,1,1,1,1,0,0,0,0,1,0,0,0,0,1,1,0,0,0,0,0,0,0,0,0,0,0,0,0,0,1.0,1.0,1.0,0,0,0,0,0,0,0,0,0,0,0,0,1,0,0,0,0,0,0,0,0,0.0,0.00021579628830384117,0.625,0.0,0,,multi_full_20260502_195038_0001,2026-05-02T20:23:14.685712,https://www.sidefx.com/login/microsoft-graph/?next=/search/,https://www.sidefx.com/,False,https://www.sidefx.com/login/microsoft-graph/?next=/search/,https://www.sidefx.com/,https://www.sidefx.com/login/microsoft-graph/?next=/search/,recon_page,2026-05-02T20:23:14.709430
42,1,3,0,0,0,0,1,0,14,0,com,200,2,53881,594.037,0,0,21,1,nginx,0,html,1,1,0,0,5,0,1,1,1,1,1,5,1,12,1,1,1,4,0,0,1,2,1,7,0,0,1,2,1,26,13,11,2,1,127,115,12,1,10,1,7,1,5,1,1,7,1,0,1,0,0,0,0,0,0,0,0,1,0,0,0,0,0,0,0,0,0,0,0,0,0,0,1.0,1.0,1.0,0,0,0,3,2,1,1,2,1,5,0,7,126,9,0,1,0,0,0,0,0,2.4,0.00048254486739295857,0.625,0.44542603143965404,0,,multi_full_20260502_195038_0001,2026-05-02T20:23:33.712881,https://www.sidefx.com/forum/topic/103699/,https://www.sidefx.com/,False,https://www.sidefx.com/forum/topic/103699/,https://www.sidefx.com/,https://www.sidefx.com/forum/topic/103699/,recon_page,2026-05-02T20:23:33.720307
57,1,2,1,1,0,0,1,0,14,0,com,200,2,1230243,214.35999999999999,0,0,23,1,ESF,0,html,0,0,0,1,7,1,1,1,1,1,0,0,0,0,0,0,0,0,0,0,0,0,0,0,0,0,0,0,1,4,4,0,0,1,1,0,1,0,0,1,1,0,0,1,0,0,0,0,0,0,0,0,0,0,0,0,0,1,0,0,0,0,0,0,0,0,0,0,0,0,0,0,0.0,0.0,0.0,0,0,0,0,0,0,0,0,0,0,0,0,1,0,0,0,0,0,0,0,1,0.0,3.251390172510634e-06,0.875,0.0,0,,multi_full_20260502_195038_0001,2026-05-02T20:23:45.235569,https://www.sidefx.com/login/google-oauth2/?next=/search/,https://www.sidefx.com/,False,https://www.sidefx.com/login/google-oauth2/?next=/search/,https://www.sidefx.com/,https://www.sidefx.com/login/google-oauth2/?next=/search/,recon_page,2026-05-02T20:23:45.243196
41,1,3,0,0,0,0,1,0,14,0,com,200,2,56553,550.947,0,0,21,1,nginx,0,html,1,1,0,0,5,0,1,1,1,1,1,5,1,12,1,1,1,4,0,0,1,2,1,7,0,0,1,2,1,26,13,11,2,1,128,116,12,1,13,1,7,1,5,1,1,7,1,0,1,0,0,0,0,0,0,0,0,1,0,0,0,0,0,0,0,0,0,0,0,0,0,0,1.0,1.0,1.0,0,0,0,3,2,1,1,2,1,5,0,7,125,9,0,1,0,0,0,0,0,2.4,0.0004597457252488816,0.625,0.4243806694605061,0,,multi_full_20260502_195038_0001,2026-05-02T20:24:02.557053,https://www.sidefx.com/forum/post/459187/,https://www.sidefx.com/,False,https://www.sidefx.com/forum/post/459187/,https://www.sidefx.com/,https://www.sidefx.com/forum/post/459187/,recon_page,2026-05-02T20:24:02.560736
41,1,3,0,0,0,0,1,0,14,0,com,200,2,61145,656.594,0,0,21,1,nginx,0,html,1,1,0,0,5,0,1,1,1,1,1,5,1,12,1,1,1,4,0,0,1,2,1,6,0,0,1,2,1,26,13,11,2,1,128,118,10,1,14,1,7,1,5,1,1,7,1,0,1,0,0,0,0,0,0,0,0,1,0,0,0,0,0,0,0,0,0,0,0,0,0,0,1.0,1.0,1.0,0,0,0,3,2,1,1,2,1,5,0,7,125,9,0,1,0,0,0,0,0,2.4,0.0004252187423337967,0.625,0.3761550412952817,0,,multi_full_20260502_195038_0001,2026-05-02T20:24:16.080429,https://www.sidefx.com/forum/post/459136/,https://www.sidefx.com/,False,https://www.sidefx.com/forum/post/459136/,https://www.sidefx.com/,https://www.sidefx.com/forum/post/459136/,recon_page,2026-05-02T20:24:16.085222
42,1,3,0,0,0,0,1,0,14,0,com,200,2,50123,829.496,0,0,21,1,nginx,0,html,1,1,0,0,5,0,1,1,1,1,1,5,1,12,1,1,1,4,0,0,1,2,1,5,0,0,1,2,1,26,13,11,2,1,122,110,12,1,8,1,7,1,5,1,1,7,1,0,1,0,0,0,0,0,0,0,1,1,0,0,0,0,0,0,0,0,0,0,0,0,0,0,1.0,1.0,1.0,0,0,0,3,2,1,1,2,1,5,0,7,122,7,0,1,0,0,0,0,0,2.4,0.00051872393910979,0.625,0.4389202561698223,0,,multi_full_20260502_195038_0001,2026-05-02T20:24:33.639199,https://www.sidefx.com/forum/topic/103698/,https://www.sidefx.com/,False,https://www.sidefx.com/forum/topic/103698/,https://www.sidefx.com/,https://www.sidefx.com/forum/topic/103698/,recon_page,2026-05-02T20:24:33.665542
41,1,3,0,0,0,0,1,0,14,0,com,200,2,49733,535.8810000000001,0,0,21,1,nginx,0,html,1,1,0,0,5,0,1,1,1,1,1,5,1,12,1,1,1,4,0,0,1,2,1,5,0,0,1,2,1,26,13,11,2,1,120,110,10,1,8,1,7,1,5,1,1,7,1,0,1,0,0,0,0,0,0,0,0,1,0,0,0,0,0,0,0,0,0,0,0,0,0,0,1.0,1.0,1.0,0,0,0,3,2,1,1,2,1,5,0,7,120,7,0,1,0,0,0,0,0,2.4,0.0005227917077192207,0.625,0.44236221422395594,0,,multi_full_20260502_195038_0001,2026-05-02T20:24:33.664346,https://www.sidefx.com/forum/post/459191/,https://www.sidefx.com/,False,https://www.sidefx.com/forum/post/459191/,https://www.sidefx.com/,https://www.sidefx.com/forum/post/459191/,recon_page,2026-05-02T20:24:33.669428
42,1,3,0,0,0,0,1,0,14,0,com,200,2,52760,861.7719999999999,0,0,21,1,nginx,0,html,1,1,0,0,5,0,1,1,1,1,1,5,1,12,1,1,1,4,0,0,1,2,1,5,0,0,1,2,1,26,13,11,2,1,125,115,10,1,11,1,7,1,5,1,1,7,1,0,1,0,0,0,0,0,0,0,0,1,0,0,0,0,0,0,0,0,0,0,0,0,0,0,1.0,1.0,1.0,0,0,0,3,2,1,1,2,1,5,0,7,124,8,0,1,0,0,0,0,0,2.4,0.0004927975739196361,0.625,0.4169825625473844,0,,multi_full_20260502_195038_0001,2026-05-02T20:24:33.884835,https://www.sidefx.com/forum/topic/103681/,https://www.sidefx.com/,False,https://www.sidefx.com/forum/topic/103681/,https://www.sidefx.com/,https://www.sidefx.com/forum/topic/103681/,recon_page,2026-05-02T20:24:33.888136
41,1,3,0,0,0,0,1,0,14,0,com,200,2,53881,315.553,0,0,21,1,nginx,0,html,1,1,0,0,5,0,1,1,1,1,1,5,1,12,1,1,1,4,0,0,1,2,1,7,0,0,1,2,1,26,13,11,2,1,127,115,12,1,10,1,7,1,5,1,1,7,1,0,1,0,0,0,0,0,0,0,0,1,0,0,0,0,0,0,0,0,0,0,0,0,0,0,1.0,1.0,1.0,0,0,0,3,2,1,1,2,1,5,0,7,126,9,0,1,0,0,0,0,0,2.4,0.00048254486739295857,0.625,0.44542603143965404,0,,multi_full_20260502_195038_0001,2026-05-02T20:24:34.450072,https://www.sidefx.com/forum/post/459171/,https://www.sidefx.com/,False,https://www.sidefx.com/forum/post/459171/,https://www.sidefx.com/,https://www.sidefx.com/forum/post/459171/,recon_page,2026-05-02T20:24:34.501133
41,1,3,0,0,0,0,1,0,14,0,com,200,2,53881,323.584,0,0,21,1,nginx,0,html,1,1,0,0,5,0,1,1,1,1,1,5,1,12,1,1,1,4,0,0,1,2,1,7,0,0,1,2,1,26,13,11,2,1,127,115,12,1,10,1,7,1,5,1,1,7,1,0,1,0,0,0,0,0,0,0,0,1,0,0,0,0,0,0,0,0,0,0,0,0,0,0,1.0,1.0,1.0,0,0,0,3,2,1,1,2,1,5,0,7,126,9,0,1,0,0,0,0,0,2.4,0.00048254486739295857,0.625,0.44542603143965404,0,,multi_full_20260502_195038_0001,2026-05-02T20:24:34.501544,https://www.sidefx.com/forum/post/459169/,https://www.sidefx.com/,False,https://www.sidefx.com/forum/post/459169/,https://www.sidefx.com/,https://www.sidefx.com/forum/post/459169/,recon_page,2026-05-02T20:24:34.523770
41,1,3,0,0,0,0,1,0,14,0,com,200,2,52108,318.667,0,0,21,1,nginx,0,html,1,1,0,0,5,0,1,1,1,1,1,5,1,12,1,1,1,4,0,0,1,2,1,5,0,0,1,2,1,26,13,11,2,1,123,113,10,1,10,1,7,1,5,1,1,7,1,0,1,0,0,0,0,0,0,0,0,1,0,0,0,0,0,0,0,0,0,0,0,0,0,0,1.0,1.0,1.0,0,0,0,3,2,1,1,2,1,5,0,7,122,8,0,1,0,0,0,0,0,2.4,0.000498963690796039,0.625,0.42220004605818684,0,,multi_full_20260502_195038_0001,2026-05-02T20:24:34.504206,https://www.sidefx.com/forum/post/459057/,https://www.sidefx.com/,False,https://www.sidefx.com/forum/post/459057/,https://www.sidefx.com/,https://www.sidefx.com/forum/post/459057/,recon_page,2026-05-02T20:24:34.526288
41,1,3,0,0,0,0,1,0,14,0,com,200,2,61145,306.547,0,0,21,1,nginx,0,html,1,1,0,0,5,0,1,1,1,1,1,5,1,12,1,1,1,4,0,0,1,2,1,6,0,0,1,2,1,26,13,11,2,1,128,118,10,1,14,1,7,1,5,1,1,7,1,0,1,0,0,0,0,0,0,0,0,1,0,0,0,0,0,0,0,0,0,0,0,0,0,0,1.0,1.0,1.0,0,0,0,3,2,1,1,2,1,5,0,7,125,9,0,1,0,0,0,0,0,2.4,0.0004252187423337967,0.625,0.3761550412952817,0,,multi_full_20260502_195038_0001,2026-05-02T20:24:34.523041,https://www.sidefx.com/forum/post/459046/,https://www.sidefx.com/,False,https://www.sidefx.com/forum/post/459046/,https://www.sidefx.com/,https://www.sidefx.com/forum/post/459046/,recon_page,2026-05-02T20:24:34.530233
42,1,1,0,0,0,0,1,0,14,0,com,405,4,0,297.73699999999997,0,0,19,1,nginx,0,html,0,0,0,0,5,0,1,1,1,1,0,0,0,0,0,0,0,0,0,0,0,0,0,0,0,0,0,0,0,0,0,0,0,0,0,0,0,0,0,0,0,0,0,0,0,0,0,0,1,0,0,0,0,0,0,0,0,0,0,0,0,0,0,0,0,0,0,0,0,0,0,0,0.0,0.0,0.0,0,0,0,0,0,0,0,0,0,0,0,0,0,0,0,0,0,0,0,0,0,0.0,0.0,0.625,0.0,0,,multi_full_20260502_195038_0001,2026-05-02T20:24:45.719276,https://www.sidefx.com/get-search-results/,https://www.sidefx.com/,False,https://www.sidefx.com/get-search-results/,https://www.sidefx.com/,https://www.sidefx.com/get-search-results/,recon_page,2026-05-02T20:24:45.725751
41,1,3,0,0,0,0,1,0,14,0,com,200,2,52760,626.265,0,0,21,1,nginx,0,html,1,1,0,0,5,0,1,1,1,1,1,5,1,12,1,1,1,4,0,0,1,2,1,5,0,0,1,2,1,26,13,11,2,1,125,115,10,1,11,1,7,1,5,1,1,7,1,0,1,0,0,0,0,0,0,0,0,1,0,0,0,0,0,0,0,0,0,0,0,0,0,0,1.0,1.0,1.0,0,0,0,3,2,1,1,2,1,5,0,7,124,8,0,1,0,0,0,0,0,2.4,0.0004927975739196361,0.625,0.4169825625473844,0,,multi_full_20260502_195038_0001,2026-05-02T20:25:04.194751,https://www.sidefx.com/forum/post/459149/,https://www.sidefx.com/,False,https://www.sidefx.com/forum/post/459149/,https://www.sidefx.com/,https://www.sidefx.com/forum/post/459149/,recon_page,2026-05-02T20:25:04.199910
45,1,1,0,0,0,0,1,0,14,0,com,405,4,0,243.925,0,0,19,1,nginx,0,html,0,0,0,0,5,0,1,1,1,1,0,0,0,0,0,0,0,0,0,0,0,0,0,0,0,0,0,0,0,0,0,0,0,0,0,0,0,0,0,0,0,0,0,0,0,0,0,0,1,0,0,0,0,0,0,0,0,0,0,0,0,0,0,0,0,0,0,0,0,0,0,0,0.0,0.0,0.0,0,0,0,0,0,0,0,0,0,0,0,0,0,0,0,0,0,0,0,0,0,0.0,0.0,0.625,0.0,0,,multi_full_20260502_195038_0001,2026-05-02T20:25:04.244121,https://www.sidefx.com/get-generative-search/,https://www.sidefx.com/,False,https://www.sidefx.com/get-generative-search/,https://www.sidefx.com/,https://www.sidefx.com/get-generative-search/,recon_page,2026-05-02T20:25:04.250103
41,1,3,0,0,0,0,1,0,14,0,com,200,2,91436,597.777,0,0,21,1,nginx,0,html,1,1,0,0,5,0,1,1,1,1,1,5,1,12,1,1,1,4,0,0,1,2,1,5,0,0,1,2,1,26,13,11,2,1,177,155,22,1,38,1,7,1,5,1,1,7,1,0,1,0,0,0,0,0,0,0,0,1,0,0,0,0,0,0,0,0,0,0,0,0,0,0,1.0,1.0,1.0,0,0,0,3,2,1,1,2,1,5,0,7,154,19,0,1,0,0,0,0,0,2.4,0.0002843518964084168,0.625,0.2406054508071219,0,,multi_full_20260502_195038_0001,2026-05-02T20:25:53.892793,https://www.sidefx.com/forum/post/459108/,https://www.sidefx.com/,False,https://www.sidefx.com/forum/post/459108/,https://www.sidefx.com/,https://www.sidefx.com/forum/post/459108/,recon_page,2026-05-02T20:25:53.897019
42,1,3,0,0,0,0,1,0,14,0,com,200,2,61145,1041.4699999999998,0,0,21,1,nginx,0,html,1,1,0,0,5,0,1,1,1,1,1,5,1,12,1,1,1,4,0,0,1,2,1,6,0,0,1,2,1,26,13,11,2,1,128,118,10,1,14,1,7,1,5,1,1,7,1,0,1,0,0,0,0,0,0,0,0,1,0,0,0,0,0,0,0,0,0,0,0,0,0,0,1.0,1.0,1.0,0,0,0,3,2,1,1,2,1,5,0,7,125,9,0,1,0,0,0,0,0,2.4,0.0004252187423337967,0.625,0.3761550412952817,0,,multi_full_20260502_195038_0001,2026-05-02T20:25:54.857085,https://www.sidefx.com/forum/topic/103686/,https://www.sidefx.com/,False,https://www.sidefx.com/forum/topic/103686/,https://www.sidefx.com/,https://www.sidefx.com/forum/topic/103686/,recon_page,2026-05-02T20:25:54.862670
41,1,3,0,0,0,0,1,0,14,0,com,200,2,50123,533.845,0,0,21,1,nginx,0,html,1,1,0,0,5,0,1,1,1,1,1,5,1,12,1,1,1,4,0,0,1,2,1,5,0,0,1,2,1,26,13,11,2,1,122,110,12,1,8,1,7,1,5,1,1,7,1,0,1,0,0,0,0,0,0,0,1,1,0,0,0,0,0,0,0,0,0,0,0,0,0,0,1.0,1.0,1.0,0,0,0,3,2,1,1,2,1,5,0,7,122,7,0,1,0,0,0,0,0,2.4,0.00051872393910979,0.625,0.4389202561698223,0,,multi_full_20260502_195038_0001,2026-05-02T20:26:29.640156,https://www.sidefx.com/forum/post/459131/,https://www.sidefx.com/,False,https://www.sidefx.com/forum/post/459131/,https://www.sidefx.com/,https://www.sidefx.com/forum/post/459131/,recon_page,2026-05-02T20:26:29.649202
56,1,2,1,1,0,0,1,0,14,0,com,200,2,54318,744.135,0,0,20,1,ATS,0,html,1,1,0,1,7,1,1,1,1,1,0,0,0,0,0,0,0,0,0,0,0,0,0,0,0,0,0,0,1,38,14,0,24,1,14,0,14,0,0,1,7,1,6,1,1,4,1,0,0,0,0,0,0,0,0,0,0,1,0,0,0,0,0,0,0,0,0,0,0,0,0,0,1.0,1.0,0.0,0,0,0,0,0,0,0,0,0,0,0,0,36,0,0,0,0,0,0,0,0,0.0,0.000699583931661696,0.875,0.0,0,,multi_full_20260502_195038_0001,2026-05-02T20:26:30.549776,https://www.sidefx.com/login/yahoo-oauth2/?next=/search/,https://www.sidefx.com/,False,https://www.sidefx.com/login/yahoo-oauth2/?next=/search/,https://www.sidefx.com/,https://www.sidefx.com/login/yahoo-oauth2/?next=/search/,recon_page,2026-05-02T20:26:30.555542
41,1,3,0,0,0,0,1,0,14,0,com,200,2,66964,533.515,0,0,21,1,nginx,0,html,1,1,0,0,5,0,1,1,1,1,1,5,1,12,1,1,1,4,0,0,1,2,1,5,0,0,1,2,1,26,13,11,2,1,137,127,10,1,19,1,7,1,5,1,1,7,1,0,1,0,0,0,0,0,0,0,0,1,0,0,0,0,0,0,0,0,0,0,0,0,0,0,1.0,1.0,1.0,0,0,0,3,2,1,1,2,1,5,0,7,130,11,0,1,0,0,0,0,0,2.4,0.00038826832327817934,0.625,0.32853473508153636,0,,multi_full_20260502_195038_0001,2026-05-02T20:27:08.671247,https://www.sidefx.com/forum/post/459077/,https://www.sidefx.com/,False,https://www.sidefx.com/forum/post/459077/,https://www.sidefx.com/,https://www.sidefx.com/forum/post/459077/,recon_page,2026-05-02T20:27:08.675837
41,1,3,0,0,0,0,1,0,14,0,com,200,2,66964,596.796,0,0,21,1,nginx,0,html,1,1,0,0,5,0,1,1,1,1,1,5,1,12,1,1,1,4,0,0,1,2,1,5,0,0,1,2,1,26,13,11,2,1,137,127,10,1,19,1,7,1,5,1,1,7,1,0,1,0,0,0,0,0,0,0,0,1,0,0,0,0,0,0,0,0,0,0,0,0,0,0,1.0,1.0,1.0,0,0,0,3,2,1,1,2,1,5,0,7,130,11,0,1,0,0,0,0,0,2.4,0.00038826832327817934,0.625,0.32853473508153636,0,,multi_full_20260502_195038_0001,2026-05-02T20:27:08.920793,https://www.sidefx.com/forum/post/459011/,https://www.sidefx.com/,False,https://www.sidefx.com/forum/post/459011/,https://www.sidefx.com/,https://www.sidefx.com/forum/post/459011/,recon_page,2026-05-02T20:27:08.929301
43,1,1,1,1,0,0,1,0,14,0,com,200,2,29847,758.1329999999999,0,0,23,1,nginx,0,html,1,2,0,1,6,0,1,1,1,1,1,4,1,15,1,2,1,5,0,0,1,1,1,7,0,0,1,1,1,11,5,6,0,1,111,101,10,1,5,1,7,1,2,1,1,2,1,0,1,0,0,0,0,0,0,0,0,1,0,0,0,0,0,0,1,0,0,0,0,0,0,0,1.0,1.0,1.0,0,0,0,1,3,1,2,3,1,4,0,9,103,6,0,0,0,0,0,0,0,3.75,0.0003685462525546956,0.75,0.8711093242201896,0,,multi_full_20260502_195038_0001,2026-05-02T20:27:09.397636,https://www.sidefx.com/login/?next=/search/,https://www.sidefx.com/,False,https://www.sidefx.com/login/?next=/search/,https://www.sidefx.com/,https://www.sidefx.com/login/?next=/search/,recon_page,2026-05-02T20:27:09.403650
45,1,1,0,0,0,0,1,0,14,0,com,405,4,0,922.332,0,0,19,1,nginx,0,html,0,0,0,0,5,0,1,1,1,1,0,0,0,0,0,0,0,0,0,0,0,0,0,0,0,0,0,0,0,0,0,0,0,0,0,0,0,0,0,0,0,0,0,0,0,0,0,0,1,0,0,0,0,0,0,0,0,0,0,0,0,0,0,0,0,0,0,0,0,0,0,0,0.0,0.0,0.0,0,0,0,0,0,0,0,0,0,0,0,0,0,0,0,0,0,0,0,0,0,0.0,0.0,0.625,0.0,0,,multi_full_20260502_195038_0001,2026-05-02T20:27:09.395767,https://www.sidefx.com/get-generative-answer/,https://www.sidefx.com/,False,https://www.sidefx.com/get-generative-answer/,https://www.sidefx.com/,https://www.sidefx.com/get-generative-answer/,recon_page,2026-05-02T20:27:09.402267
83,1,1,1,1,0,0,1,0,14,0,com,200,2,29847,291.74699999999996,0,0,23,1,nginx,0,html,1,2,0,1,6,0,1,1,1,1,1,4,1,15,1,2,1,5,0,0,1,1,1,7,0,0,1,1,1,11,5,6,0,1,111,101,10,1,5,1,7,1,2,1,1,2,1,0,1,0,0,0,0,0,0,0,0,1,0,0,0,0,0,0,0,0,0,0,0,0,0,0,1.0,1.0,1.0,0,0,0,1,3,1,2,3,1,4,0,9,103,6,0,0,0,0,0,0,0,3.75,0.0003685462525546956,0.75,0.8711093242201896,0,,multi_full_20260502_195038_0001,2026-05-02T20:27:27.184118,https://www.sidefx.com/login/?next=/contentlibrary/hexmine-hexagonal-map-generator/,https://www.sidefx.com/,False,https://www.sidefx.com/login/?next=/contentlibrary/hexmine-hexagonal-map-generator/,https://www.sidefx.com/,https://www.sidefx.com/login/?next=/contentlibrary/hexmine-hexagonal-map-generator/,recon_page,2026-05-02T20:27:27.188479
45,1,2,0,0,0,0,1,0,14,0,com,200,2,35817,273.40999999999997,0,0,21,1,nginx,0,html,1,1,0,0,5,0,1,1,1,1,1,3,1,9,1,1,1,3,0,0,1,1,1,5,0,0,1,1,1,17,8,7,2,1,110,98,12,1,8,1,7,1,3,1,1,7,1,0,1,0,0,0,0,0,0,0,0,1,0,0,0,0,0,0,0,0,0,0,0,0,0,0,1.0,1.0,1.0,0,0,0,1,2,1,1,2,1,3,0,6,110,4,0,2,0,0,0,0,0,3.0,0.00047463494988413325,0.625,0.47463494988413324,0,,multi_full_20260502_195038_0001,2026-05-02T20:27:27.437108,https://www.sidefx.com/profile/MichelleLy_3D/,https://www.sidefx.com/,False,https://www.sidefx.com/profile/MichelleLy_3D/,https://www.sidefx.com/,https://www.sidefx.com/profile/MichelleLy_3D/,recon_page,2026-05-02T20:27:27.442443
66,1,3,1,1,0,0,1,0,14,0,com,200,2,67502,563.4259999999999,0,0,21,1,nginx,0,html,1,1,0,0,5,0,1,1,1,1,1,3,1,45,1,1,1,3,0,0,1,1,1,8,0,0,1,1,1,19,9,8,2,1,115,105,10,1,8,1,7,1,3,1,1,17,1,0,1,0,0,0,0,0,0,0,0,1,0,0,0,0,0,0,0,0,0,0,0,0,0,0,1.0,1.0,1.0,0,0,0,1,2,1,1,2,1,3,0,6,113,7,0,0,0,0,0,0,0,15.0,0.00028147314153654704,0.625,0.8296050487392966,0,,multi_full_20260502_195038_0001,2026-05-02T20:27:27.710664,https://www.sidefx.com/learn/learning-library/content/?category=19,https://www.sidefx.com/,False,https://www.sidefx.com/learn/learning-library/content/?category=19,https://www.sidefx.com/,https://www.sidefx.com/learn/learning-library/content/?category=19,recon_page,2026-05-02T20:27:27.716599
52,1,3,0,0,0,0,1,0,14,0,com,200,2,35368,389.022,0,0,21,1,nginx,0,html,1,1,0,0,5,0,1,1,1,1,1,3,1,11,1,1,1,3,0,0,1,1,1,6,0,0,1,2,1,17,8,7,2,1,108,98,10,1,7,1,7,1,2,1,1,12,1,0,1,0,0,0,0,0,0,0,0,1,0,0,0,0,0,0,0,0,0,0,0,0,0,0,1.0,1.0,1.0,0,0,0,1,2,1,1,2,1,3,0,6,106,3,0,0,0,0,0,0,0,3.6666666666666665,0.0004806604840533816,0.625,0.565482922415743,0,,multi_full_20260502_195038_0001,2026-05-02T20:27:39.390565,https://www.sidefx.com/gallery/author/MichelleLy_3D/,https://www.sidefx.com/,False,https://www.sidefx.com/gallery/author/MichelleLy_3D/,https://www.sidefx.com/,https://www.sidefx.com/gallery/author/MichelleLy_3D/,recon_page,2026-05-02T20:27:39.395428
96,1,2,1,1,0,0,1,0,14,0,com,200,2,54318,479.676,0,0,20,1,ATS,0,html,1,1,0,1,7,1,1,1,1,1,0,0,0,0,0,0,0,0,0,0,0,0,0,0,0,0,0,0,1,38,14,0,24,1,14,0,14,0,0,1,7,1,6,1,1,4,1,0,0,0,0,0,0,0,0,0,0,1,0,0,0,0,0,0,0,0,0,0,0,0,0,0,1.0,1.0,0.0,0,0,0,0,0,0,0,0,0,0,0,0,36,0,0,0,0,0,0,0,0,0.0,0.000699583931661696,0.875,0.0,0,,multi_full_20260502_195038_0001,2026-05-02T20:28:00.927179,https://www.sidefx.com/login/yahoo-oauth2/?next=/contentlibrary/hexmine-hexagonal-map-generator/,https://www.sidefx.com/,False,https://www.sidefx.com/login/yahoo-oauth2/?next=/contentlibrary/hexmine-hexagonal-map-generator/,https://www.sidefx.com/,https://www.sidefx.com/login/yahoo-oauth2/?next=/contentlibrary/hexmine-hexagonal-map-generator/,recon_page,2026-05-02T20:28:00.936857
66,1,3,1,1,0,0,1,0,14,0,com,200,2,67502,502.869,0,0,21,1,nginx,0,html,1,1,0,0,5,0,1,1,1,1,1,3,1,45,1,1,1,3,0,0,1,1,1,8,0,0,1,1,1,19,9,8,2,1,115,105,10,1,8,1,7,1,3,1,1,17,1,0,1,0,0,0,0,0,0,0,0,1,0,0,0,0,0,0,0,0,0,0,0,0,0,0,1.0,1.0,1.0,0,0,0,1,2,1,1,2,1,3,0,6,113,7,0,0,0,0,0,0,0,15.0,0.00028147314153654704,0.625,0.8296050487392966,0,,multi_full_20260502_195038_0001,2026-05-02T20:28:10.676632,https://www.sidefx.com/learn/learning-library/content/?category=37,https://www.sidefx.com/,False,https://www.sidefx.com/learn/learning-library/content/?category=37,https://www.sidefx.com/,https://www.sidefx.com/learn/learning-library/content/?category=37,recon_page,2026-05-02T20:28:10.682110
97,1,2,1,1,0,0,1,0,14,0,com,200,2,1230319,248.528,0,0,23,1,ESF,0,html,0,0,0,1,7,1,1,1,1,1,0,0,0,0,0,0,0,0,0,0,0,0,0,0,0,0,0,0,1,4,4,0,0,1,1,0,1,0,0,1,1,0,0,1,0,0,0,0,0,0,0,0,0,0,0,0,0,1,0,0,0,0,0,0,0,0,0,0,0,0,0,0,0.0,0.0,0.0,0,0,0,0,0,0,0,0,0,0,0,0,1,0,0,0,0,0,0,0,1,0.0,3.2511893256952057e-06,0.875,0.0,0,,multi_full_20260502_195038_0001,2026-05-02T20:28:10.674510,https://www.sidefx.com/login/google-oauth2/?next=/contentlibrary/hexmine-hexagonal-map-generator/,https://www.sidefx.com/,False,https://www.sidefx.com/login/google-oauth2/?next=/contentlibrary/hexmine-hexagonal-map-generator/,https://www.sidefx.com/,https://www.sidefx.com/login/google-oauth2/?next=/contentlibrary/hexmine-hexagonal-map-generator/,recon_page,2026-05-02T20:28:10.680461
99,1,2,1,1,0,0,1,0,14,0,com,200,2,23066,910.015,0,0,20,0,unknown,0,html,1,3,0,1,5,0,1,1,0,1,0,0,0,0,0,0,0,0,0,0,0,0,0,0,0,0,0,0,1,5,4,0,1,0,0,0,0,0,0,1,10,0,0,1,1,1,1,0,0,0,0,1,0,0,0,0,1,1,0,0,0,0,0,0,0,0,0,0,0,0,0,0,1.0,1.0,1.0,0,0,0,0,0,0,0,0,0,0,0,0,1,0,0,0,0,0,0,0,0,0.0,0.00021676927078817306,0.625,0.0,0,,multi_full_20260502_195038_0001,2026-05-02T20:28:23.502912,https://www.sidefx.com/login/microsoft-graph/?next=/contentlibrary/hexmine-hexagonal-map-generator/,https://www.sidefx.com/,False,https://www.sidefx.com/login/microsoft-graph/?next=/contentlibrary/hexmine-hexagonal-map-generator/,https://www.sidefx.com/,https://www.sidefx.com/login/microsoft-graph/?next=/contentlibrary/hexmine-hexagonal-map-generator/,recon_page,2026-05-02T20:28:23.506865
40,1,2,0,0,0,0,1,0,14,0,com,200,2,29428,299.267,0,0,21,1,nginx,0,html,1,1,0,0,5,0,1,1,1,1,1,3,1,9,1,1,1,3,0,0,1,1,1,5,0,0,1,1,1,15,7,6,2,1,106,96,10,1,6,1,7,1,2,1,1,7,1,0,1,0,0,0,0,0,0,0,0,1,0,0,0,0,0,0,0,0,0,0,0,0,0,0,1.0,1.0,1.0,0,0,0,1,2,1,1,2,1,3,0,6,104,3,0,0,0,0,0,0,0,3.0,0.0005097186353133071,0.625,0.577681120021748,0,,multi_full_20260502_195038_0001,2026-05-02T20:28:52.217905,https://www.sidefx.com/profile/haraldev/,https://www.sidefx.com/,False,https://www.sidefx.com/profile/haraldev/,https://www.sidefx.com/,https://www.sidefx.com/profile/haraldev/,recon_page,2026-05-02T20:28:52.224182
66,1,3,1,1,0,0,1,0,14,0,com,200,2,67502,691.539,0,0,21,1,nginx,0,html,1,1,0,0,5,0,1,1,1,1,1,3,1,45,1,1,1,3,0,0,1,1,1,8,0,0,1,1,1,19,9,8,2,1,115,105,10,1,8,1,7,1,3,1,1,17,1,0,1,0,0,0,0,0,0,0,0,1,0,0,0,0,0,0,0,0,0,0,0,0,0,0,1.0,1.0,1.0,0,0,0,1,2,1,1,2,1,3,0,6,113,7,0,0,0,0,0,0,0,15.0,0.00028147314153654704,0.625,0.8296050487392966,0,,multi_full_20260502_195038_0001,2026-05-02T20:29:08.517876,https://www.sidefx.com/learn/learning-library/content/?category=18,https://www.sidefx.com/,False,https://www.sidefx.com/learn/learning-library/content/?category=18,https://www.sidefx.com/,https://www.sidefx.com/learn/learning-library/content/?category=18,recon_page,2026-05-02T20:29:08.526423
87,1,2,1,1,0,0,1,0,14,0,com,200,2,54318,454.52,0,0,20,1,ATS,0,html,1,1,0,1,7,1,1,1,1,1,0,0,0,0,0,0,0,0,0,0,0,0,0,0,0,0,0,0,1,38,14,0,24,1,14,0,14,0,0,1,7,1,6,1,1,4,1,0,0,0,0,0,0,0,0,0,0,1,0,0,0,0,0,0,0,0,0,0,0,0,0,0,1.0,1.0,0.0,0,0,0,0,0,0,0,0,0,0,0,0,36,0,0,0,0,0,0,0,0,0.0,0.000699583931661696,0.875,0.0,0,,multi_full_20260502_195038_0001,2026-05-02T20:29:08.997879,https://www.sidefx.com/login/yahoo-oauth2/?next=/tutorials/introduction-to-particles-1/,https://www.sidefx.com/,False,https://www.sidefx.com/login/yahoo-oauth2/?next=/tutorials/introduction-to-particles-1/,https://www.sidefx.com/,https://www.sidefx.com/login/yahoo-oauth2/?next=/tutorials/introduction-to-particles-1/,recon_page,2026-05-02T20:29:09.006502
52,1,3,0,0,0,0,1,0,14,0,com,200,2,74709,423.312,0,0,21,1,nginx,0,html,1,1,0,0,5,0,1,1,1,1,1,3,1,50,1,1,1,3,0,0,1,1,1,8,0,0,1,1,1,19,9,8,2,1,116,106,10,1,8,1,7,1,3,1,1,22,1,0,1,0,0,0,0,0,0,0,0,1,0,0,0,0,0,0,0,0,0,0,0,0,0,0,1.0,1.0,1.0,0,0,0,1,2,1,1,2,1,3,0,6,114,7,0,0,0,0,0,0,0,16.666666666666668,0.0002543200953031094,0.625,0.8165013586047196,0,,multi_full_20260502_195038_0001,2026-05-02T20:29:09.337808,https://www.sidefx.com/tutorials/category/particles/,https://www.sidefx.com/,False,https://www.sidefx.com/tutorials/category/particles/,https://www.sidefx.com/,https://www.sidefx.com/tutorials/category/particles/,recon_page,2026-05-02T20:29:09.343275
56,1,2,0,0,0,0,1,0,14,0,com,200,2,31677,535.5680000000001,0,0,21,1,nginx,0,html,1,1,0,0,5,0,1,1,1,1,1,3,1,9,1,1,1,3,0,0,1,1,1,5,0,0,1,1,1,15,7,6,2,1,110,100,10,1,9,1,7,1,2,1,1,7,1,0,1,0,0,0,0,0,0,0,0,1,0,0,0,0,0,0,0,0,0,0,0,0,0,0,1.0,1.0,1.0,0,0,0,1,2,1,1,2,1,3,0,6,108,4,0,0,0,0,0,0,0,3.0,0.0004735296903115825,0.625,0.5366669823531269,0,,multi_full_20260502_195038_0001,2026-05-02T20:29:26.414828,https://www.sidefx.com/profile/Pixel%20In%20The%20Frame/,https://www.sidefx.com/,False,https://www.sidefx.com/profile/Pixel%20In%20The%20Frame/,https://www.sidefx.com/,https://www.sidefx.com/profile/Pixel%20In%20The%20Frame/,recon_page,2026-05-02T20:29:26.421227
90,1,2,1,1,0,0,1,0,14,0,com,200,2,23175,212.728,0,0,20,0,unknown,0,html,1,3,0,1,5,0,1,1,0,1,0,0,0,0,0,0,0,0,0,0,0,0,0,0,0,0,0,0,1,5,4,0,1,0,0,0,0,0,0,1,10,0,0,1,1,1,1,0,0,0,0,1,0,0,0,0,1,1,0,0,0,0,0,0,0,0,0,0,0,0,0,0,1.0,1.0,1.0,0,0,0,0,0,0,0,0,0,0,0,0,1,0,0,0,0,0,0,0,0,0.0,0.0002157497303128371,0.625,0.0,0,,multi_full_20260502_195038_0001,2026-05-02T20:29:34.898176,https://www.sidefx.com/login/microsoft-graph/?next=/tutorials/introduction-to-particles-1/,https://www.sidefx.com/,False,https://www.sidefx.com/login/microsoft-graph/?next=/tutorials/introduction-to-particles-1/,https://www.sidefx.com/,https://www.sidefx.com/login/microsoft-graph/?next=/tutorials/introduction-to-particles-1/,recon_page,2026-05-02T20:29:34.902103
38,1,2,0,0,0,0,1,0,14,0,com,200,2,29412,505.09999999999997,0,0,21,1,nginx,0,html,1,1,0,0,5,0,1,1,1,1,1,3,1,9,1,1,1,3,0,0,1,1,1,5,0,0,1,1,1,15,7,6,2,1,106,96,10,1,6,1,7,1,2,1,1,7,1,0,1,0,0,0,0,0,0,0,0,1,0,0,0,0,0,0,0,0,0,0,0,0,0,0,1.0,1.0,1.0,0,0,0,1,2,1,1,2,1,3,0,6,104,3,0,0,0,0,0,0,0,3.0,0.0005099959200326398,0.625,0.5779953760369917,0,,multi_full_20260502_195038_0001,2026-05-02T20:29:47.510950,https://www.sidefx.com/profile/slezer/,https://www.sidefx.com/,False,https://www.sidefx.com/profile/slezer/,https://www.sidefx.com/,https://www.sidefx.com/profile/slezer/,recon_page,2026-05-02T20:29:47.514891
88,1,2,1,1,0,0,1,0,14,0,com,200,2,1230243,244.946,0,0,23,1,ESF,0,html,0,0,0,1,7,1,1,1,1,1,0,0,0,0,0,0,0,0,0,0,0,0,0,0,0,0,0,0,1,4,4,0,0,1,1,0,1,0,0,1,1,0,0,1,0,0,0,0,0,0,0,0,0,0,0,0,0,1,0,0,0,0,0,0,0,0,0,0,0,0,0,0,0.0,0.0,0.0,0,0,0,0,0,0,0,0,0,0,0,0,1,0,0,0,0,0,0,0,1,0.0,3.251390172510634e-06,0.875,0.0,0,,multi_full_20260502_195038_0001,2026-05-02T20:30:06.777260,https://www.sidefx.com/login/google-oauth2/?next=/tutorials/introduction-to-particles-1/,https://www.sidefx.com/,False,https://www.sidefx.com/login/google-oauth2/?next=/tutorials/introduction-to-particles-1/,https://www.sidefx.com/,https://www.sidefx.com/login/google-oauth2/?next=/tutorials/introduction-to-particles-1/,recon_page,2026-05-02T20:30:06.785842
65,1,3,0,0,0,0,1,0,14,0,com,200,2,74677,623.9590000000001,0,0,21,1,nginx,0,html,1,1,0,0,5,0,1,1,1,1,1,3,1,50,1,1,1,3,0,0,1,1,1,8,0,0,1,1,1,19,9,8,2,1,116,106,10,1,8,1,7,1,3,1,1,22,1,0,1,0,0,0,0,0,0,0,0,1,0,0,0,0,0,0,0,0,0,0,0,0,0,0,1.0,1.0,1.0,0,0,0,1,2,1,1,2,1,3,0,6,111,3,0,0,0,0,0,0,0,16.666666666666668,0.00025442907454771883,0.625,0.8168512393374131,0,,multi_full_20260502_195038_0001,2026-05-02T20:30:18.676101,https://www.sidefx.com/tutorials/author/Pixel%20In%20The%20Frame/,https://www.sidefx.com/,False,https://www.sidefx.com/tutorials/author/Pixel%20In%20The%20Frame/,https://www.sidefx.com/,https://www.sidefx.com/tutorials/author/Pixel%20In%20The%20Frame/,recon_page,2026-05-02T20:30:18.679731
74,1,1,1,1,0,0,1,0,14,0,com,200,2,29847,1186.04,0,0,23,1,nginx,0,html,1,2,0,1,6,0,1,1,1,1,1,4,1,15,1,2,1,5,0,0,1,1,1,7,0,0,1,1,1,11,5,6,0,1,111,101,10,1,5,1,7,1,2,1,1,2,1,0,1,0,0,0,0,0,0,0,0,1,0,0,0,0,0,0,0,0,0,0,0,0,0,0,1.0,1.0,1.0,0,0,0,1,3,1,2,3,1,4,0,9,103,6,0,0,0,0,0,0,0,3.75,0.0003685462525546956,0.75,0.8711093242201896,0,,multi_full_20260502_195038_0001,2026-05-02T20:30:18.892865,https://www.sidefx.com/login/?next=/tutorials/introduction-to-particles-1/,https://www.sidefx.com/,False,https://www.sidefx.com/login/?next=/tutorials/introduction-to-particles-1/,https://www.sidefx.com/,https://www.sidefx.com/login/?next=/tutorials/introduction-to-particles-1/,recon_page,2026-05-02T20:30:18.897208
49,1,2,0,0,0,0,1,0,14,0,com,405,4,0,1102.685,0,0,19,1,nginx,0,html,0,0,0,0,5,0,1,1,1,1,0,0,0,0,0,0,0,0,0,0,0,0,0,0,0,0,0,0,0,0,0,0,0,0,0,0,0,0,0,0,0,0,0,0,0,0,0,0,1,0,0,0,0,0,0,0,0,0,0,0,0,0,0,0,0,0,0,0,0,0,0,0,0.0,0.0,0.0,0,0,0,0,0,0,0,0,0,0,0,0,0,0,0,0,0,0,0,0,0,0.0,0.0,0.625,0.0,0,,multi_full_20260502_195038_0001,2026-05-02T20:30:19.389894,https://www.sidefx.com/gallery/get-gallery-items/,https://www.sidefx.com/,False,https://www.sidefx.com/gallery/get-gallery-items/,https://www.sidefx.com/,https://www.sidefx.com/gallery/get-gallery-items/,recon_page,2026-05-02T20:30:19.395860
48,1,4,0,0,0,0,1,0,14,0,com,200,2,29847,248.016,0,0,23,1,nginx,0,html,1,2,0,1,6,0,1,1,1,1,1,4,1,15,1,2,1,5,0,0,1,1,1,7,0,0,1,1,1,11,5,6,0,1,111,101,10,1,5,1,7,1,2,1,1,2,1,0,1,0,0,0,0,0,0,0,0,1,0,0,0,0,0,0,0,0,0,0,0,0,0,0,1.0,1.0,1.0,0,0,0,1,3,1,2,3,1,4,0,9,103,6,0,0,0,0,0,0,0,3.75,0.0003685462525546956,0.75,0.8711093242201896,0,,multi_full_20260502_195038_0001,2026-05-02T20:30:19.668883,https://www.sidefx.com/profile/gallery/item/new/,https://www.sidefx.com/,False,https://www.sidefx.com/profile/gallery/item/new/,https://www.sidefx.com/,https://www.sidefx.com/profile/gallery/item/new/,recon_page,2026-05-02T20:30:19.674106
57,1,2,1,1,0,0,1,0,14,0,com,200,2,54318,435.319,0,0,20,1,ATS,0,html,1,1,0,1,7,1,1,1,1,1,0,0,0,0,0,0,0,0,0,0,0,0,0,0,0,0,0,0,1,38,14,0,24,1,14,0,14,0,0,1,7,1,6,1,1,4,1,0,0,0,0,0,0,0,0,0,0,1,0,0,0,0,0,0,0,0,0,0,0,0,0,0,1.0,1.0,0.0,0,0,0,0,0,0,0,0,0,0,0,0,36,0,0,0,0,0,0,0,0,0.0,0.000699583931661696,0.875,0.0,0,,multi_full_20260502_195038_0001,2026-05-02T20:30:19.912730,https://www.sidefx.com/login/yahoo-oauth2/?next=/gallery/,https://www.sidefx.com/,False,https://www.sidefx.com/login/yahoo-oauth2/?next=/gallery/,https://www.sidefx.com/,https://www.sidefx.com/login/yahoo-oauth2/?next=/gallery/,recon_page,2026-05-02T20:30:19.919140
60,1,2,1,1,0,0,1,0,14,0,com,200,2,23167,477.294,0,0,20,0,unknown,0,html,1,3,0,1,5,0,1,1,0,1,0,0,0,0,0,0,0,0,0,0,0,0,0,0,0,0,0,0,1,5,4,0,1,0,0,0,0,0,0,1,10,0,0,1,1,1,1,0,0,0,0,1,0,0,0,0,1,1,0,0,0,0,0,0,0,0,0,0,0,0,0,0,1.0,1.0,1.0,0,0,0,0,0,0,0,0,0,0,0,0,1,0,0,0,0,0,0,0,0,0.0,0.0002158242327448526,0.625,0.0,0,,multi_full_20260502_195038_0001,2026-05-02T20:30:21.232224,https://www.sidefx.com/login/microsoft-graph/?next=/gallery/,https://www.sidefx.com/,False,https://www.sidefx.com/login/microsoft-graph/?next=/gallery/,https://www.sidefx.com/,https://www.sidefx.com/login/microsoft-graph/?next=/gallery/,recon_page,2026-05-02T20:30:21.236183
58,1,2,1,1,0,0,1,0,14,0,com,200,2,1230489,192.548,0,0,23,1,ESF,0,html,0,0,0,1,7,1,1,1,1,1,0,0,0,0,0,0,0,0,0,0,0,0,0,0,0,0,0,0,1,4,4,0,0,1,1,0,1,0,0,1,1,0,0,1,0,0,0,0,0,0,0,0,0,0,0,0,0,1,0,0,0,0,0,0,0,0,0,0,0,0,0,0,0.0,0.0,0.0,0,0,0,0,0,0,0,0,0,0,0,0,1,0,0,0,0,0,0,0,1,0.0,3.250740152898563e-06,0.875,0.0,0,,multi_full_20260502_195038_0001,2026-05-02T20:30:30.221095,https://www.sidefx.com/login/google-oauth2/?next=/gallery/,https://www.sidefx.com/,False,https://www.sidefx.com/login/google-oauth2/?next=/gallery/,https://www.sidefx.com/,https://www.sidefx.com/login/google-oauth2/?next=/gallery/,recon_page,2026-05-02T20:30:30.225322
94,1,2,1,1,0,0,1,0,14,0,com,200,2,23175,210.93300000000002,0,0,20,0,unknown,0,html,1,3,0,1,5,0,1,1,0,1,0,0,0,0,0,0,0,0,0,0,0,0,0,0,0,0,0,0,1,5,4,0,1,0,0,0,0,0,0,1,10,0,0,1,1,1,1,0,0,0,0,1,0,0,0,0,1,1,0,0,0,0,0,0,0,0,0,0,0,0,0,0,1.0,1.0,1.0,0,0,0,0,0,0,0,0,0,0,0,0,1,0,0,0,0,0,0,0,0,0.0,0.0002157497303128371,0.625,0.0,0,,multi_full_20260502_195038_0001,2026-05-02T20:30:53.140223,https://www.sidefx.com/login/microsoft-graph/?next=/tutorials/create-a-working-tars-character/,https://www.sidefx.com/,False,https://www.sidefx.com/login/microsoft-graph/?next=/tutorials/create-a-working-tars-character/,https://www.sidefx.com/,https://www.sidefx.com/login/microsoft-graph/?next=/tutorials/create-a-working-tars-character/,recon_page,2026-05-02T20:30:53.144539
47,1,3,0,0,0,0,1,0,14,0,com,200,2,74665,639.205,0,0,21,1,nginx,0,html,1,1,0,0,5,0,1,1,1,1,1,3,1,50,1,1,1,3,0,0,1,1,1,8,0,0,1,1,1,19,9,8,2,1,116,106,10,1,8,1,7,1,3,1,1,22,1,0,1,0,0,0,0,0,0,0,0,1,0,0,0,0,0,0,0,0,0,0,0,0,0,0,1.0,1.0,1.0,0,0,0,1,2,1,1,2,1,3,0,6,111,3,0,0,0,0,0,0,0,16.666666666666668,0.00025446996584745194,0.625,0.8169825219312931,0,,multi_full_20260502_195038_0001,2026-05-02T20:31:09.382767,https://www.sidefx.com/tutorials/author/EzPepz/,https://www.sidefx.com/,False,https://www.sidefx.com/tutorials/author/EzPepz/,https://www.sidefx.com/,https://www.sidefx.com/tutorials/author/EzPepz/,recon_page,2026-05-02T20:31:09.390169
54,1,3,0,0,0,0,1,0,14,0,com,404,4,25,952.9459999999999,0,0,19,1,nginx,0,html,0,0,0,0,5,0,1,1,1,1,0,0,0,0,0,0,0,0,0,0,0,0,0,0,0,0,0,0,0,0,0,0,0,0,0,0,0,0,0,0,0,0,0,0,0,0,0,0,1,0,0,0,0,0,0,0,0,1,0,0,0,0,0,0,0,0,0,0,0,0,0,0,0.0,0.0,0.0,0,0,0,0,0,0,0,0,0,0,0,0,0,0,0,0,0,0,0,0,0,0.0,0.0,0.625,0.0,0,,multi_full_20260502_195038_0001,2026-05-02T20:31:35.543337,https://www.sidefx.com/products/houdini/houdini-indie/,https://www.sidefx.com/,False,https://www.sidefx.com/products/houdini/houdini-indie/,https://www.sidefx.com/,https://www.sidefx.com/products/houdini/houdini-indie/,recon_page,2026-05-02T20:31:35.554448
78,1,1,1,1,0,0,1,0,14,0,com,200,2,29847,950.656,0,0,23,1,nginx,0,html,1,2,0,1,6,0,1,1,1,1,1,4,1,15,1,2,1,5,0,0,1,1,1,7,0,0,1,1,1,11,5,6,0,1,111,101,10,1,5,1,7,1,2,1,1,2,1,0,1,0,0,0,0,0,0,0,0,1,0,0,0,0,0,0,0,0,0,0,0,0,0,0,1.0,1.0,1.0,0,0,0,1,3,1,2,3,1,4,0,9,103,6,0,0,0,0,0,0,0,3.75,0.0003685462525546956,0.75,0.8711093242201896,0,,multi_full_20260502_195038_0001,2026-05-02T20:31:35.944395,https://www.sidefx.com/login/?next=/tutorials/create-a-working-tars-character/,https://www.sidefx.com/,False,https://www.sidefx.com/login/?next=/tutorials/create-a-working-tars-character/,https://www.sidefx.com/,https://www.sidefx.com/login/?next=/tutorials/create-a-working-tars-character/,recon_page,2026-05-02T20:31:36.156518
92,1,2,1,1,0,0,1,0,14,0,com,200,2,1230398,222.248,0,0,23,1,ESF,0,html,0,0,0,1,7,1,1,1,1,1,0,0,0,0,0,0,0,0,0,0,0,0,0,0,0,0,0,0,1,4,4,0,0,1,1,0,1,0,0,1,1,0,0,1,0,0,0,0,0,0,0,0,0,0,0,0,0,1,0,0,0,0,0,0,0,0,0,0,0,0,0,0,0.0,0.0,0.0,0,0,0,0,0,0,0,0,0,0,0,0,1,0,0,0,0,0,0,0,1,0.0,3.2509805770165426e-06,0.875,0.0,0,,multi_full_20260502_195038_0001,2026-05-02T20:31:36.204390,https://www.sidefx.com/login/google-oauth2/?next=/tutorials/create-a-working-tars-character/,https://www.sidefx.com/,False,https://www.sidefx.com/login/google-oauth2/?next=/tutorials/create-a-working-tars-character/,https://www.sidefx.com/,https://www.sidefx.com/login/google-oauth2/?next=/tutorials/create-a-working-tars-character/,recon_page,2026-05-02T20:31:36.209809
38,1,2,0,0,0,0,1,0,14,0,com,200,2,41989,1035.172,0,0,21,1,nginx,0,html,1,1,0,0,5,0,1,1,1,1,1,3,1,9,1,1,1,3,0,0,1,1,1,5,0,0,1,1,1,17,8,7,2,1,121,107,14,1,14,1,7,1,3,1,1,7,1,0,1,0,0,0,0,0,0,0,0,1,0,0,0,0,0,0,0,0,0,0,0,0,0,0,1.0,1.0,1.0,0,0,0,1,2,1,1,2,1,3,0,6,121,5,0,0,0,0,0,0,0,3.0,0.00040486794160375335,0.625,0.4048679416037534,0,,multi_full_20260502_195038_0001,2026-05-02T20:31:36.283949,https://www.sidefx.com/profile/EzPepz/,https://www.sidefx.com/,False,https://www.sidefx.com/profile/EzPepz/,https://www.sidefx.com/,https://www.sidefx.com/profile/EzPepz/,recon_page,2026-05-02T20:31:36.292331
45,1,2,0,0,0,0,1,0,14,0,com,200,2,95075,449.866,0,0,21,1,nginx,0,html,1,1,0,0,5,0,1,1,1,1,1,3,1,9,1,1,1,3,0,0,1,1,1,6,0,0,1,1,1,18,8,8,2,1,149,139,10,1,7,1,7,1,3,1,1,10,1,0,1,0,0,0,0,0,0,0,0,1,0,0,0,0,0,0,0,0,0,0,0,0,0,0,1.0,1.0,1.0,0,0,0,1,2,1,1,2,1,3,0,6,145,3,0,0,0,0,0,0,0,3.0,0.00018932421772285037,0.625,0.18932421772285038,0,,multi_full_20260502_195038_0001,2026-05-02T20:31:36.874393,https://www.sidefx.com/learn/getting_started/,https://www.sidefx.com/,False,https://www.sidefx.com/learn/getting_started/,https://www.sidefx.com/,https://www.sidefx.com/learn/getting_started/,recon_page,2026-05-02T20:31:36.879908
76,1,2,1,1,0,0,1,0,14,0,com,200,2,54318,1055.391,0,0,20,1,ATS,0,html,1,1,0,1,7,1,1,1,1,1,0,0,0,0,0,0,0,0,0,0,0,0,0,0,0,0,0,0,1,38,14,0,24,1,14,0,14,0,0,1,7,1,6,1,1,4,1,0,0,0,0,0,0,0,0,0,0,1,0,0,0,0,0,0,0,0,0,0,0,0,0,0,1.0,1.0,0.0,0,0,0,0,0,0,0,0,0,0,0,0,36,0,0,0,0,0,0,0,0,0.0,0.000699583931661696,0.875,0.0,0,,multi_full_20260502_195038_0001,2026-05-02T20:31:37.332954,https://www.sidefx.com/login/yahoo-oauth2/?next=/industries/virtual-reality/,https://www.sidefx.com/,False,https://www.sidefx.com/login/yahoo-oauth2/?next=/industries/virtual-reality/,https://www.sidefx.com/,https://www.sidefx.com/login/yahoo-oauth2/?next=/industries/virtual-reality/,recon_page,2026-05-02T20:31:37.401108
77,1,2,1,1,0,0,1,0,14,0,com,200,2,1230503,330.91900000000004,0,0,23,1,ESF,0,html,0,0,0,1,7,1,1,1,1,1,0,0,0,0,0,0,0,0,0,0,0,0,0,0,0,0,0,0,1,4,4,0,0,1,1,0,1,0,0,1,1,0,0,1,0,0,0,0,0,0,0,0,0,0,0,0,0,1,1,0,0,0,0,0,0,0,0,0,0,0,0,0,0.0,0.0,0.0,0,0,0,0,0,0,0,0,0,0,0,0,1,0,0,0,0,0,0,0,1,0.0,3.2507031677289695e-06,0.875,0.0,0,,multi_full_20260502_195038_0001,2026-05-02T20:31:37.648352,https://www.sidefx.com/login/google-oauth2/?next=/industries/virtual-reality/,https://www.sidefx.com/,False,https://www.sidefx.com/login/google-oauth2/?next=/industries/virtual-reality/,https://www.sidefx.com/,https://www.sidefx.com/login/google-oauth2/?next=/industries/virtual-reality/,recon_page,2026-05-02T20:31:37.658409
91,1,2,1,1,0,0,1,0,14,0,com,200,2,54318,439.05300000000005,0,0,20,1,ATS,0,html,1,1,0,1,7,1,1,1,1,1,0,0,0,0,0,0,0,0,0,0,0,0,0,0,0,0,0,0,1,38,14,0,24,1,14,0,14,0,0,1,7,1,6,1,1,4,1,0,0,0,0,0,0,0,0,0,0,1,0,0,0,0,0,0,0,0,0,0,0,0,0,0,1.0,1.0,0.0,0,0,0,0,0,0,0,0,0,0,0,0,36,0,0,0,0,0,0,0,0,0.0,0.000699583931661696,0.875,0.0,0,,multi_full_20260502_195038_0001,2026-05-02T20:31:37.851748,https://www.sidefx.com/login/yahoo-oauth2/?next=/tutorials/create-a-working-tars-character/,https://www.sidefx.com/,False,https://www.sidefx.com/login/yahoo-oauth2/?next=/tutorials/create-a-working-tars-character/,https://www.sidefx.com/,https://www.sidefx.com/login/yahoo-oauth2/?next=/tutorials/create-a-working-tars-character/,recon_page,2026-05-02T20:31:37.869489
63,1,1,1,1,0,0,1,0,14,0,com,200,2,29847,583.78,0,0,23,1,nginx,0,html,1,2,0,1,6,0,1,1,1,1,1,4,1,15,1,2,1,5,0,0,1,1,1,7,0,0,1,1,1,11,5,6,0,1,111,101,10,1,5,1,7,1,2,1,1,2,1,0,1,0,0,0,0,0,0,0,0,1,0,0,0,0,0,0,1,0,0,0,0,0,0,0,1.0,1.0,1.0,0,0,0,1,3,1,2,3,1,4,0,9,103,6,0,0,0,0,0,0,0,3.75,0.0003685462525546956,0.75,0.8711093242201896,0,,multi_full_20260502_195038_0001,2026-05-02T20:31:50.195704,https://www.sidefx.com/login/?next=/industries/virtual-reality/,https://www.sidefx.com/,False,https://www.sidefx.com/login/?next=/industries/virtual-reality/,https://www.sidefx.com/,https://www.sidefx.com/login/?next=/industries/virtual-reality/,recon_page,2026-05-02T20:31:50.199351
79,1,2,1,1,0,0,1,0,14,0,com,200,2,23078,230.114,0,0,20,0,unknown,0,html,1,3,0,1,5,0,1,1,0,1,0,0,0,0,0,0,0,0,0,0,0,0,0,0,0,0,0,0,1,5,4,0,1,0,0,0,0,0,0,1,10,0,0,1,1,1,1,0,0,0,0,1,0,0,0,0,1,1,0,0,0,0,0,0,0,0,0,0,0,0,0,0,1.0,1.0,1.0,0,0,0,0,0,0,0,0,0,0,0,0,1,0,0,0,0,0,0,0,0,0.0,0.0002166565560273854,0.625,0.0,0,,multi_full_20260502_195038_0001,2026-05-02T20:32:19.998379,https://www.sidefx.com/login/microsoft-graph/?next=/industries/virtual-reality/,https://www.sidefx.com/,False,https://www.sidefx.com/login/microsoft-graph/?next=/industries/virtual-reality/,https://www.sidefx.com/,https://www.sidefx.com/login/microsoft-graph/?next=/industries/virtual-reality/,recon_page,2026-05-02T20:32:20.003031
29,1,1,0,0,0,0,1,0,14,0,com,200,2,43586,451.336,0,0,20,1,nginx,0,html,1,1,0,0,5,0,1,1,1,1,1,3,1,9,1,1,1,3,0,0,1,1,1,5,0,0,1,1,1,17,7,8,2,1,124,113,11,1,14,1,7,1,5,1,1,12,1,0,1,0,0,0,0,0,0,0,0,1,0,0,0,0,0,0,0,0,0,0,0,0,0,0,1.0,1.0,1.0,0,0,0,1,2,1,1,2,1,3,0,6,118,3,0,0,0,0,0,0,0,3.0,0.00039003349699444774,0.625,0.3900334969944478,0,,multi_full_20260502_195038_0001,2026-05-02T20:32:38.848618,https://www.sidefx.com/learn/,https://www.sidefx.com/,False,https://www.sidefx.com/learn/,https://www.sidefx.com/,https://www.sidefx.com/learn/,recon_page,2026-05-02T20:32:38.853749
79,1,1,1,1,0,0,1,0,14,0,com,200,2,29847,283.67900000000003,0,0,23,1,nginx,0,html,1,2,0,1,6,0,1,1,1,1,1,4,1,15,1,2,1,5,0,0,1,1,1,7,0,0,1,1,1,11,5,6,0,1,111,101,10,1,5,1,7,1,2,1,1,2,1,0,1,0,0,0,0,0,0,0,0,1,0,0,0,0,0,0,1,0,0,0,0,0,0,0,1.0,1.0,1.0,0,0,0,1,3,1,2,3,1,4,0,9,103,6,0,0,0,0,0,0,0,3.75,0.0003685462525546956,0.75,0.8711093242201896,0,,multi_full_20260502_195038_0001,2026-05-02T20:32:50.116318,https://www.sidefx.com/login/?next=/learn-main-menu/academic-programs/students/,https://www.sidefx.com/,False,https://www.sidefx.com/login/?next=/learn-main-menu/academic-programs/students/,https://www.sidefx.com/,https://www.sidefx.com/login/?next=/learn-main-menu/academic-programs/students/,recon_page,2026-05-02T20:32:50.121239
40,1,2,0,0,0,0,1,0,14,0,com,200,2,29847,263.567,0,0,23,1,nginx,0,html,1,2,0,1,6,0,1,1,1,1,1,4,1,15,1,2,1,5,0,0,1,1,1,7,0,0,1,1,1,11,5,6,0,1,111,101,10,1,5,1,7,1,2,1,1,2,1,0,1,0,0,0,0,0,0,0,0,1,0,0,0,0,0,0,0,0,0,0,0,0,0,0,1.0,1.0,1.0,0,0,0,1,3,1,2,3,1,4,0,9,103,6,0,0,0,0,0,0,0,3.75,0.0003685462525546956,0.75,0.8711093242201896,0,,multi_full_20260502_195038_0001,2026-05-02T20:33:10.408048,https://www.sidefx.com/learn/mylearning/,https://www.sidefx.com/,False,https://www.sidefx.com/learn/mylearning/,https://www.sidefx.com/,https://www.sidefx.com/learn/mylearning/,recon_page,2026-05-02T20:33:10.416540
58,1,3,0,0,0,0,1,0,14,0,com,200,2,237145,915.326,0,0,21,1,nginx,0,html,1,1,0,0,5,0,1,1,1,1,1,3,1,16,1,1,1,3,0,0,1,1,1,6,0,0,1,6,1,17,8,7,2,1,115,105,10,1,10,1,7,1,4,1,1,17,1,0,1,0,0,0,0,0,0,0,0,1,0,0,0,0,0,0,0,0,0,0,0,0,0,0,1.0,1.0,1.0,0,0,0,1,2,1,1,2,1,3,0,6,108,3,0,0,0,0,0,0,0,5.333333333333333,7.168609922199498e-05,0.625,0.10542073414999262,0,,multi_full_20260502_195038_0001,2026-05-02T20:33:10.961949,https://www.sidefx.com/schools/category/collegeuniversity/,https://www.sidefx.com/,False,https://www.sidefx.com/schools/category/collegeuniversity/,https://www.sidefx.com/,https://www.sidefx.com/schools/category/collegeuniversity/,recon_page,2026-05-02T20:33:10.969046
56,1,3,0,0,0,0,1,0,14,0,com,200,2,237133,1239.5929999999998,0,0,21,1,nginx,0,html,1,1,0,0,5,0,1,1,1,1,1,3,1,16,1,1,1,3,0,0,1,1,1,6,0,0,1,6,1,17,8,7,2,1,115,105,10,1,10,1,7,1,4,1,1,17,1,0,1,0,0,0,0,0,0,0,0,1,0,0,0,0,0,0,0,0,0,0,0,0,0,0,1.0,1.0,1.0,0,0,0,1,2,1,1,2,1,3,0,6,108,3,0,0,0,0,0,0,0,5.333333333333333,7.168972686214065e-05,0.625,0.10542606891491273,0,,multi_full_20260502_195038_0001,2026-05-02T20:33:11.205287,https://www.sidefx.com/schools/category/training-center/,https://www.sidefx.com/,False,https://www.sidefx.com/schools/category/training-center/,https://www.sidefx.com/,https://www.sidefx.com/schools/category/training-center/,recon_page,2026-05-02T20:33:11.213695
93,1,2,1,1,0,0,1,0,14,0,com,200,2,1230204,270.449,0,0,23,1,ESF,0,html,0,0,0,1,7,1,1,1,1,1,0,0,0,0,0,0,0,0,0,0,0,0,0,0,0,0,0,0,1,4,4,0,0,1,1,0,1,0,0,1,1,0,0,1,0,0,0,0,0,0,0,0,0,0,0,0,0,1,0,0,0,0,0,0,0,0,0,0,0,0,0,0,0.0,0.0,0.0,0,0,0,0,0,0,0,0,0,0,0,0,1,0,0,0,0,0,0,0,1,0.0,3.25149324827427e-06,0.875,0.0,0,,multi_full_20260502_195038_0001,2026-05-02T20:33:11.670583,https://www.sidefx.com/login/google-oauth2/?next=/learn-main-menu/academic-programs/students/,https://www.sidefx.com/,False,https://www.sidefx.com/login/google-oauth2/?next=/learn-main-menu/academic-programs/students/,https://www.sidefx.com/,https://www.sidefx.com/login/google-oauth2/?next=/learn-main-menu/academic-programs/students/,recon_page,2026-05-02T20:33:11.713648
92,1,2,1,1,0,0,1,0,14,0,com,200,2,54318,965.386,0,0,20,1,ATS,0,html,1,1,0,1,7,1,1,1,1,1,0,0,0,0,0,0,0,0,0,0,0,0,0,0,0,0,0,0,1,38,14,0,24,1,14,0,14,0,0,1,7,1,6,1,1,4,1,0,0,0,0,0,0,0,0,0,0,1,0,0,0,0,0,0,0,0,0,0,0,0,0,0,1.0,1.0,0.0,0,0,0,0,0,0,0,0,0,0,0,0,36,0,0,0,0,0,0,0,0,0.0,0.000699583931661696,0.875,0.0,0,,multi_full_20260502_195038_0001,2026-05-02T20:33:11.874255,https://www.sidefx.com/login/yahoo-oauth2/?next=/learn-main-menu/academic-programs/students/,https://www.sidefx.com/,False,https://www.sidefx.com/login/yahoo-oauth2/?next=/learn-main-menu/academic-programs/students/,https://www.sidefx.com/,https://www.sidefx.com/login/yahoo-oauth2/?next=/learn-main-menu/academic-programs/students/,recon_page,2026-05-02T20:33:11.881622
54,1,3,0,0,0,0,1,0,14,0,com,200,2,237121,3765.031,0,0,21,1,nginx,0,html,1,1,0,0,5,0,1,1,1,1,1,3,1,16,1,1,1,3,0,0,1,1,1,6,0,0,1,6,1,17,8,7,2,1,115,105,10,1,10,1,7,1,4,1,1,17,1,0,1,0,0,0,0,0,0,0,0,1,0,0,0,0,0,0,0,0,0,0,0,0,0,0,1.0,1.0,1.0,0,0,0,1,2,1,1,2,1,3,0,6,108,3,0,0,0,0,0,0,0,5.333333333333333,7.169335486945483e-05,0.625,0.10543140421978651,0,,multi_full_20260502_195038_0001,2026-05-02T20:33:12.667097,https://www.sidefx.com/schools/category/online-course/,https://www.sidefx.com/,False,https://www.sidefx.com/schools/category/online-course/,https://www.sidefx.com/,https://www.sidefx.com/schools/category/online-course/,recon_page,2026-05-02T20:33:12.671953
95,1,2,1,1,0,0,1,0,14,0,com,200,2,23063,184.465,0,0,20,0,unknown,0,html,1,3,0,1,5,0,1,1,0,1,0,0,0,0,0,0,0,0,0,0,0,0,0,0,0,0,0,0,1,5,4,0,1,0,0,0,0,0,0,1,10,0,0,1,1,1,1,0,0,0,0,1,0,0,0,0,1,1,0,0,0,0,0,0,0,0,0,0,0,0,0,0,1.0,1.0,1.0,0,0,0,0,0,0,0,0,0,0,0,0,1,0,0,0,0,0,0,0,0,0.0,0.00021679746780557603,0.625,0.0,0,,multi_full_20260502_195038_0001,2026-05-02T20:33:30.677047,https://www.sidefx.com/login/microsoft-graph/?next=/learn-main-menu/academic-programs/students/,https://www.sidefx.com/,False,https://www.sidefx.com/login/microsoft-graph/?next=/learn-main-menu/academic-programs/students/,https://www.sidefx.com/,https://www.sidefx.com/login/microsoft-graph/?next=/learn-main-menu/academic-programs/students/,recon_page,2026-05-02T20:33:30.681003
65,1,1,1,1,0,0,1,0,14,0,com,200,2,29847,313.87399999999997,0,0,23,1,nginx,0,html,1,2,0,1,6,0,1,1,1,1,1,4,1,15,1,2,1,5,0,0,1,1,1,7,0,0,1,1,1,11,5,6,0,1,111,101,10,1,5,1,7,1,2,1,1,2,1,0,1,0,0,0,0,0,0,0,0,1,0,0,0,0,0,0,0,0,0,0,0,0,0,0,1.0,1.0,1.0,0,0,0,1,3,1,2,3,1,4,0,9,103,6,0,0,0,0,0,0,0,3.75,0.0003685462525546956,0.75,0.8711093242201896,0,,multi_full_20260502_195038_0001,2026-05-02T20:33:46.262694,https://www.sidefx.com/login/?next=/contentlibrary/painted-dunes/,https://www.sidefx.com/,False,https://www.sidefx.com/login/?next=/contentlibrary/painted-dunes/,https://www.sidefx.com/,https://www.sidefx.com/login/?next=/contentlibrary/painted-dunes/,recon_page,2026-05-02T20:33:46.266372
47,1,1,0,0,0,0,1,0,14,0,com,404,4,25,1033.818,0,0,19,1,nginx,0,html,0,0,0,0,5,0,1,1,1,1,0,0,0,0,0,0,0,0,0,0,0,0,0,0,0,0,0,0,0,0,0,0,0,0,0,0,0,0,0,0,0,0,0,0,0,0,0,0,1,0,0,0,0,0,0,0,0,1,0,0,0,0,0,0,0,0,0,0,0,0,0,0,0.0,0.0,0.0,0,0,0,0,0,0,0,0,0,0,0,0,0,0,0,0,0,0,0,0,0,0.0,0.0,0.625,0.0,0,,multi_full_20260502_195038_0001,2026-05-02T20:34:36.860461,https://www.sidefx.com/W694ZZeakLcSBVli+rxPA==/,https://www.sidefx.com/,False,https://www.sidefx.com/W694ZZeakLcSBVli+rxPA==/,https://www.sidefx.com/,https://www.sidefx.com/W694ZZeakLcSBVli+rxPA==/,recon_page,2026-05-02T20:34:36.875804
79,1,2,1,1,0,0,1,0,14,0,com,200,2,1230496,207.761,0,0,23,1,ESF,0,html,0,0,0,1,7,1,1,1,1,1,0,0,0,0,0,0,0,0,0,0,0,0,0,0,0,0,0,0,1,4,4,0,0,1,1,0,1,0,0,1,1,0,0,1,0,0,0,0,0,0,0,0,0,0,0,0,0,1,0,0,0,0,0,0,0,0,0,0,0,0,0,0,0.0,0.0,0.0,0,0,0,0,0,0,0,0,0,0,0,0,1,0,0,0,0,0,0,0,1,0.0,3.2507216602085665e-06,0.875,0.0,0,,multi_full_20260502_195038_0001,2026-05-02T20:34:37.180143,https://www.sidefx.com/login/google-oauth2/?next=/contentlibrary/painted-dunes/,https://www.sidefx.com/,False,https://www.sidefx.com/login/google-oauth2/?next=/contentlibrary/painted-dunes/,https://www.sidefx.com/,https://www.sidefx.com/login/google-oauth2/?next=/contentlibrary/painted-dunes/,recon_page,2026-05-02T20:34:37.196795
81,1,2,1,1,0,0,1,0,14,0,com,200,2,23172,228.147,0,0,20,0,unknown,0,html,1,3,0,1,5,0,1,1,0,1,0,0,0,0,0,0,0,0,0,0,0,0,0,0,0,0,0,0,1,5,4,0,1,0,0,0,0,0,0,1,10,0,0,1,1,1,1,0,0,0,0,1,0,0,0,0,1,1,0,0,0,0,0,0,0,0,0,0,0,0,0,0,1.0,1.0,1.0,0,0,0,0,0,0,0,0,0,0,0,0,1,0,0,0,0,0,0,0,0,0.0,0.00021577766269635767,0.625,0.0,0,,multi_full_20260502_195038_0001,2026-05-02T20:34:37.404701,https://www.sidefx.com/login/microsoft-graph/?next=/contentlibrary/painted-dunes/,https://www.sidefx.com/,False,https://www.sidefx.com/login/microsoft-graph/?next=/contentlibrary/painted-dunes/,https://www.sidefx.com/,https://www.sidefx.com/login/microsoft-graph/?next=/contentlibrary/painted-dunes/,recon_page,2026-05-02T20:34:37.418325
64,1,2,0,0,0,0,1,0,14,0,com,200,2,35284,1102.726,0,0,20,1,nginx,0,html,1,1,0,0,5,0,1,1,1,1,1,3,1,9,1,1,1,3,0,0,1,1,1,5,0,0,1,1,1,17,8,7,2,1,111,98,13,1,6,1,7,1,3,1,1,7,1,0,1,0,1,0,0,0,0,0,0,1,0,0,0,0,0,0,0,0,0,0,0,0,0,0,1.0,1.0,1.0,0,0,0,1,2,1,1,2,1,3,0,6,109,6,0,3,0,0,0,0,0,3.0,0.0004818047840380909,0.625,0.48180478403809096,0,,multi_full_20260502_195038_0001,2026-05-02T20:34:37.422359,https://www.sidefx.com/legal/houdini-anonymous-usage-statistics/,https://www.sidefx.com/,False,https://www.sidefx.com/legal/houdini-anonymous-usage-statistics/,https://www.sidefx.com/,https://www.sidefx.com/legal/houdini-anonymous-usage-statistics/,recon_page,2026-05-02T20:34:37.430503
78,1,2,1,1,0,0,1,0,14,0,com,200,2,54318,343.89799999999997,0,0,20,1,ATS,0,html,1,1,0,1,7,1,1,1,1,1,0,0,0,0,0,0,0,0,0,0,0,0,0,0,0,0,0,0,1,38,14,0,24,1,14,0,14,0,0,1,7,1,6,1,1,4,1,0,0,0,0,0,0,0,0,0,0,1,0,0,0,0,0,0,0,0,0,0,0,0,0,0,1.0,1.0,0.0,0,0,0,0,0,0,0,0,0,0,0,0,36,0,0,0,0,0,0,0,0,0.0,0.000699583931661696,0.875,0.0,0,,multi_full_20260502_195038_0001,2026-05-02T20:34:38.080563,https://www.sidefx.com/login/yahoo-oauth2/?next=/contentlibrary/painted-dunes/,https://www.sidefx.com/,False,https://www.sidefx.com/login/yahoo-oauth2/?next=/contentlibrary/painted-dunes/,https://www.sidefx.com/,https://www.sidefx.com/login/yahoo-oauth2/?next=/contentlibrary/painted-dunes/,recon_page,2026-05-02T20:34:38.083990
70,1,2,1,1,0,0,1,0,14,0,com,200,2,54318,337.74,0,0,20,1,ATS,0,html,1,1,0,1,7,1,1,1,1,1,0,0,0,0,0,0,0,0,0,0,0,0,0,0,0,0,0,0,1,38,14,0,24,1,14,0,14,0,0,1,7,1,6,1,1,4,1,0,0,0,0,0,0,0,0,0,0,1,0,0,0,0,0,0,0,0,0,0,0,0,0,0,1.0,1.0,0.0,0,0,0,0,0,0,0,0,0,0,0,0,36,0,0,0,0,0,0,0,0,0.0,0.000699583931661696,0.875,0.0,0,,multi_full_20260502_195038_0001,2026-05-02T20:34:40.044706,https://www.sidefx.com/login/yahoo-oauth2/?next=/legal/privacy-policy/,https://www.sidefx.com/,False,https://www.sidefx.com/login/yahoo-oauth2/?next=/legal/privacy-policy/,https://www.sidefx.com/,https://www.sidefx.com/login/yahoo-oauth2/?next=/legal/privacy-policy/,recon_page,2026-05-02T20:34:40.048530
71,1,2,1,1,0,0,1,0,14,0,com,200,2,1230239,232.44799999999998,0,0,23,1,ESF,0,html,0,0,0,1,7,1,1,1,1,1,0,0,0,0,0,0,0,0,0,0,0,0,0,0,0,0,0,0,1,4,4,0,0,1,1,0,1,0,0,1,1,0,0,1,0,0,0,0,0,0,0,0,0,0,0,0,0,1,0,0,0,0,0,0,1,0,0,0,0,0,0,0,0.0,0.0,0.0,0,0,0,0,0,0,0,0,0,0,0,0,1,0,0,0,0,0,0,0,1,0.0,3.25140074408306e-06,0.875,0.0,0,,multi_full_20260502_195038_0001,2026-05-02T20:34:46.550012,https://www.sidefx.com/login/google-oauth2/?next=/legal/privacy-policy/,https://www.sidefx.com/,False,https://www.sidefx.com/login/google-oauth2/?next=/legal/privacy-policy/,https://www.sidefx.com/,https://www.sidefx.com/login/google-oauth2/?next=/legal/privacy-policy/,recon_page,2026-05-02T20:34:46.559160
73,1,2,1,1,0,0,1,0,14,0,com,200,2,23276,231.55700000000002,0,0,20,0,unknown,0,html,1,3,0,1,5,0,1,1,0,1,0,0,0,0,0,0,0,0,0,0,0,0,0,0,0,0,0,0,1,5,4,0,1,0,0,0,0,0,0,1,10,0,0,1,1,1,1,0,0,0,0,1,0,0,0,0,1,1,0,0,0,0,0,0,0,0,0,0,0,0,0,0,1.0,1.0,1.0,0,0,0,0,0,0,0,0,0,0,0,0,1,0,0,0,0,0,0,0,0,0.0,0.00021481354184567795,0.625,0.0,0,,multi_full_20260502_195038_0001,2026-05-02T20:35:02.037486,https://www.sidefx.com/login/microsoft-graph/?next=/legal/privacy-policy/,https://www.sidefx.com/,False,https://www.sidefx.com/login/microsoft-graph/?next=/legal/privacy-policy/,https://www.sidefx.com/,https://www.sidefx.com/login/microsoft-graph/?next=/legal/privacy-policy/,recon_page,2026-05-02T20:35:02.042438
87,1,2,1,1,0,0,1,0,14,0,com,200,2,1230694,201.45,0,0,23,1,ESF,0,html,0,0,0,1,7,1,1,1,1,1,0,0,0,0,0,0,0,0,0,0,0,0,0,0,0,0,0,0,1,4,4,0,0,1,1,0,1,0,0,1,1,0,0,1,0,0,0,0,0,0,0,0,0,0,0,0,0,1,0,0,0,0,0,0,0,0,0,0,0,0,0,0,0.0,0.0,0.0,0,0,0,0,0,0,0,0,0,0,0,0,1,0,0,0,0,0,0,0,1,0.0,3.2501986683936057e-06,0.875,0.0,0,,multi_full_20260502_195038_0001,2026-05-02T20:35:25.719056,https://www.sidefx.com/login/google-oauth2/?next=/learn/talks/red-one-and-fallout-rise/,https://www.sidefx.com/,False,https://www.sidefx.com/login/google-oauth2/?next=/learn/talks/red-one-and-fallout-rise/,https://www.sidefx.com/,https://www.sidefx.com/login/google-oauth2/?next=/learn/talks/red-one-and-fallout-rise/,recon_page,2026-05-02T20:35:25.722640
89,1,2,1,1,0,0,1,0,14,0,com,200,2,23179,158.96699999999998,0,0,20,0,unknown,0,html,1,3,0,1,5,0,1,1,0,1,0,0,0,0,0,0,0,0,0,0,0,0,0,0,0,0,0,0,1,5,4,0,1,0,0,0,0,0,0,1,10,0,0,1,1,1,1,0,0,0,0,1,0,0,0,0,1,1,0,0,0,0,0,0,0,0,0,0,0,0,0,0,1.0,1.0,1.0,0,0,0,0,0,0,0,0,0,0,0,0,1,0,0,0,0,0,0,0,0,0.0,0.00021571249838215627,0.625,0.0,0,,multi_full_20260502_195038_0001,2026-05-02T20:35:38.084369,https://www.sidefx.com/login/microsoft-graph/?next=/learn/talks/red-one-and-fallout-rise/,https://www.sidefx.com/,False,https://www.sidefx.com/login/microsoft-graph/?next=/learn/talks/red-one-and-fallout-rise/,https://www.sidefx.com/,https://www.sidefx.com/login/microsoft-graph/?next=/learn/talks/red-one-and-fallout-rise/,recon_page,2026-05-02T20:35:38.088897
84,1,2,1,1,0,0,1,0,14,0,com,200,2,23067,205.16,0,0,20,0,unknown,0,html,1,3,0,1,5,0,1,1,0,1,0,0,0,0,0,0,0,0,0,0,0,0,0,0,0,0,0,0,1,5,4,0,1,0,0,0,0,0,0,1,10,0,0,1,1,1,1,0,0,0,0,1,0,0,0,0,1,1,0,0,0,0,0,0,0,0,0,0,0,0,0,0,1.0,1.0,1.0,0,0,0,0,0,0,0,0,0,0,0,0,1,0,0,0,0,0,0,0,0,0.0,0.00021675987341223394,0.625,0.0,0,,multi_full_20260502_195038_0001,2026-05-02T20:35:58.321591,https://www.sidefx.com/login/microsoft-graph/?next=/contentlibrary/pyro-trail-curve/,https://www.sidefx.com/,False,https://www.sidefx.com/login/microsoft-graph/?next=/contentlibrary/pyro-trail-curve/,https://www.sidefx.com/,https://www.sidefx.com/login/microsoft-graph/?next=/contentlibrary/pyro-trail-curve/,recon_page,2026-05-02T20:35:58.330946
68,1,1,1,1,0,0,1,0,14,0,com,200,2,29847,809.2479999999999,0,0,23,1,nginx,0,html,1,2,0,1,6,0,1,1,1,1,1,4,1,15,1,2,1,5,0,0,1,1,1,7,0,0,1,1,1,11,5,6,0,1,111,101,10,1,5,1,7,1,2,1,1,2,1,0,1,0,0,0,0,0,0,0,0,1,0,0,0,0,0,0,0,0,0,0,0,0,0,0,1.0,1.0,1.0,0,0,0,1,3,1,2,3,1,4,0,9,103,6,0,0,0,0,0,0,0,3.75,0.0003685462525546956,0.75,0.8711093242201896,0,,multi_full_20260502_195038_0001,2026-05-02T20:35:58.614554,https://www.sidefx.com/login/?next=/contentlibrary/pyro-trail-curve/,https://www.sidefx.com/,False,https://www.sidefx.com/login/?next=/contentlibrary/pyro-trail-curve/,https://www.sidefx.com/,https://www.sidefx.com/login/?next=/contentlibrary/pyro-trail-curve/,recon_page,2026-05-02T20:35:58.658982
73,1,1,1,1,0,0,1,0,14,0,com,200,2,29847,837.677,0,0,23,1,nginx,0,html,1,2,0,1,6,0,1,1,1,1,1,4,1,15,1,2,1,5,0,0,1,1,1,7,0,0,1,1,1,11,5,6,0,1,111,101,10,1,5,1,7,1,2,1,1,2,1,0,1,0,0,0,0,0,0,0,0,1,0,0,0,0,0,0,0,0,0,0,0,0,0,0,1.0,1.0,1.0,0,0,0,1,3,1,2,3,1,4,0,9,103,6,0,0,0,0,0,0,0,3.75,0.0003685462525546956,0.75,0.8711093242201896,0,,multi_full_20260502_195038_0001,2026-05-02T20:35:58.675981,https://www.sidefx.com/login/?next=/learn/talks/red-one-and-fallout-rise/,https://www.sidefx.com/,False,https://www.sidefx.com/login/?next=/learn/talks/red-one-and-fallout-rise/,https://www.sidefx.com/,https://www.sidefx.com/login/?next=/learn/talks/red-one-and-fallout-rise/,recon_page,2026-05-02T20:35:58.696122
66,1,3,1,1,0,0,1,0,14,0,com,200,2,67502,832.178,0,0,21,1,nginx,0,html,1,1,0,0,5,0,1,1,1,1,1,3,1,45,1,1,1,3,0,0,1,1,1,8,0,0,1,1,1,19,9,8,2,1,115,105,10,1,8,1,7,1,3,1,1,17,1,0,1,0,0,0,0,0,0,0,0,1,0,0,0,0,0,0,0,0,0,0,0,0,0,0,1.0,1.0,1.0,0,0,0,1,2,1,1,2,1,3,0,6,113,7,0,0,0,0,0,0,0,15.0,0.00028147314153654704,0.625,0.8296050487392966,0,,multi_full_20260502_195038_0001,2026-05-02T20:35:58.715427,https://www.sidefx.com/learn/learning-library/content/?category=26,https://www.sidefx.com/,False,https://www.sidefx.com/learn/learning-library/content/?category=26,https://www.sidefx.com/,https://www.sidefx.com/learn/learning-library/content/?category=26,recon_page,2026-05-02T20:35:58.722619
86,1,2,1,1,0,0,1,0,14,0,com,200,2,54318,413.368,0,0,20,1,ATS,0,html,1,1,0,1,7,1,1,1,1,1,0,0,0,0,0,0,0,0,0,0,0,0,0,0,0,0,0,0,1,38,14,0,24,1,14,0,14,0,0,1,7,1,6,1,1,4,1,0,0,0,0,0,0,0,0,0,0,1,0,0,0,0,0,0,0,0,0,0,0,0,0,0,1.0,1.0,0.0,0,0,0,0,0,0,0,0,0,0,0,0,36,0,0,0,0,0,0,0,0,0.0,0.000699583931661696,0.875,0.0,0,,multi_full_20260502_195038_0001,2026-05-02T20:35:59.308383,https://www.sidefx.com/login/yahoo-oauth2/?next=/learn/talks/red-one-and-fallout-rise/,https://www.sidefx.com/,False,https://www.sidefx.com/login/yahoo-oauth2/?next=/learn/talks/red-one-and-fallout-rise/,https://www.sidefx.com/,https://www.sidefx.com/login/yahoo-oauth2/?next=/learn/talks/red-one-and-fallout-rise/,recon_page,2026-05-02T20:35:59.318380
71,1,2,1,1,0,0,1,0,14,0,com,200,2,1230343,215.239,0,0,23,1,ESF,0,html,0,0,0,1,7,1,1,1,1,1,0,0,0,0,0,0,0,0,0,0,0,0,0,0,0,0,0,0,1,4,4,0,0,1,1,0,1,0,0,1,1,0,0,1,0,0,0,0,0,0,0,0,0,0,0,0,0,1,0,0,0,0,0,0,0,0,0,0,0,0,0,0,0.0,0.0,0.0,0,0,0,0,0,0,0,0,0,0,0,0,1,0,0,0,0,0,0,0,1,0.0,3.251125905540162e-06,0.875,0.0,0,,multi_full_20260502_195038_0001,2026-05-02T20:35:59.834258,https://www.sidefx.com/login/google-oauth2/?next=/gallery/ancient-city/,https://www.sidefx.com/,False,https://www.sidefx.com/login/google-oauth2/?next=/gallery/ancient-city/,https://www.sidefx.com/,https://www.sidefx.com/login/google-oauth2/?next=/gallery/ancient-city/,recon_page,2026-05-02T20:35:59.843305
81,1,2,1,1,0,0,1,0,14,0,com,200,2,54318,471.128,0,0,20,1,ATS,0,html,1,1,0,1,7,1,1,1,1,1,0,0,0,0,0,0,0,0,0,0,0,0,0,0,0,0,0,0,1,38,14,0,24,1,14,0,14,0,0,1,7,1,6,1,1,4,1,0,0,0,0,0,0,0,0,0,0,1,0,0,0,0,0,0,0,0,0,0,0,0,0,0,1.0,1.0,0.0,0,0,0,0,0,0,0,0,0,0,0,0,36,0,0,0,0,0,0,0,0,0.0,0.000699583931661696,0.875,0.0,0,,multi_full_20260502_195038_0001,2026-05-02T20:36:00.067036,https://www.sidefx.com/login/yahoo-oauth2/?next=/contentlibrary/pyro-trail-curve/,https://www.sidefx.com/,False,https://www.sidefx.com/login/yahoo-oauth2/?next=/contentlibrary/pyro-trail-curve/,https://www.sidefx.com/,https://www.sidefx.com/login/yahoo-oauth2/?next=/contentlibrary/pyro-trail-curve/,recon_page,2026-05-02T20:36:00.074533
82,1,2,1,1,0,0,1,0,14,0,com,200,2,1230254,275.64,0,0,23,1,ESF,0,html,0,0,0,1,7,1,1,1,1,1,0,0,0,0,0,0,0,0,0,0,0,0,0,0,0,0,0,0,1,4,4,0,0,1,1,0,1,0,0,1,1,0,0,1,0,0,0,0,0,0,0,0,0,0,0,0,0,1,0,0,0,0,0,0,0,0,0,0,0,0,0,0,0.0,0.0,0.0,0,0,0,0,0,0,0,0,0,0,0,0,1,0,0,0,0,0,0,0,1,0.0,3.2513611010409233e-06,0.875,0.0,0,,multi_full_20260502_195038_0001,2026-05-02T20:36:00.660059,https://www.sidefx.com/login/google-oauth2/?next=/contentlibrary/pyro-trail-curve/,https://www.sidefx.com/,False,https://www.sidefx.com/login/google-oauth2/?next=/contentlibrary/pyro-trail-curve/,https://www.sidefx.com/,https://www.sidefx.com/login/google-oauth2/?next=/contentlibrary/pyro-trail-curve/,recon_page,2026-05-02T20:36:00.666972
73,1,2,1,1,0,0,1,0,14,0,com,200,2,23075,212.709,0,0,20,0,unknown,0,html,1,3,0,1,5,0,1,1,0,1,0,0,0,0,0,0,0,0,0,0,0,0,0,0,0,0,0,0,1,5,4,0,1,0,0,0,0,0,0,1,10,0,0,1,1,1,1,0,0,0,0,1,0,0,0,0,1,1,0,0,0,0,0,0,0,0,0,0,0,0,0,0,1.0,1.0,1.0,0,0,0,0,0,0,0,0,0,0,0,0,1,0,0,0,0,0,0,0,0,0.0,0.00021668472372697725,0.625,0.0,0,,multi_full_20260502_195038_0001,2026-05-02T20:36:10.679621,https://www.sidefx.com/login/microsoft-graph/?next=/gallery/ancient-city/,https://www.sidefx.com/,False,https://www.sidefx.com/login/microsoft-graph/?next=/gallery/ancient-city/,https://www.sidefx.com/,https://www.sidefx.com/login/microsoft-graph/?next=/gallery/ancient-city/,recon_page,2026-05-02T20:36:10.685696
57,1,1,1,1,0,0,1,0,14,0,com,200,2,29847,315.74600000000004,0,0,23,1,nginx,0,html,1,2,0,1,6,0,1,1,1,1,1,4,1,15,1,2,1,5,0,0,1,1,1,7,0,0,1,1,1,11,5,6,0,1,111,101,10,1,5,1,7,1,2,1,1,2,1,0,1,0,0,0,0,0,0,0,0,1,0,0,0,0,0,0,0,0,0,0,0,0,0,0,1.0,1.0,1.0,0,0,0,1,3,1,2,3,1,4,0,9,103,6,0,0,0,0,0,0,0,3.75,0.0003685462525546956,0.75,0.8711093242201896,0,,multi_full_20260502_195038_0001,2026-05-02T20:36:10.997691,https://www.sidefx.com/login/?next=/gallery/ancient-city/,https://www.sidefx.com/,False,https://www.sidefx.com/login/?next=/gallery/ancient-city/,https://www.sidefx.com/,https://www.sidefx.com/login/?next=/gallery/ancient-city/,recon_page,2026-05-02T20:36:11.013365
39,1,2,0,0,0,0,1,0,14,0,com,200,2,31227,349.422,0,0,21,1,nginx,0,html,1,1,0,0,5,0,1,1,1,1,1,3,1,9,1,1,1,3,0,0,1,1,1,5,0,0,1,1,1,15,7,6,2,1,109,99,10,1,9,1,7,1,2,1,1,7,1,0,1,0,0,0,0,0,0,0,0,1,0,0,0,0,0,0,0,0,0,0,0,0,0,0,1.0,1.0,1.0,0,0,0,1,2,1,1,2,1,3,0,6,107,3,0,0,0,0,0,0,0,3.0,0.0004803535402055913,0.625,0.5444006788996701,0,,multi_full_20260502_195038_0001,2026-05-02T20:36:11.012894,https://www.sidefx.com/profile/vipinfx/,https://www.sidefx.com/,False,https://www.sidefx.com/profile/vipinfx/,https://www.sidefx.com/,https://www.sidefx.com/profile/vipinfx/,recon_page,2026-05-02T20:36:11.016674
70,1,2,1,1,0,0,1,0,14,0,com,200,2,54318,375.38899999999995,0,0,20,1,ATS,0,html,1,1,0,1,7,1,1,1,1,1,0,0,0,0,0,0,0,0,0,0,0,0,0,0,0,0,0,0,1,38,14,0,24,1,14,0,14,0,0,1,7,1,6,1,1,4,1,0,0,0,0,0,0,0,0,0,0,1,0,0,0,0,0,0,0,0,0,0,0,0,0,0,1.0,1.0,0.0,0,0,0,0,0,0,0,0,0,0,0,0,36,0,0,0,0,0,0,0,0,0.0,0.000699583931661696,0.875,0.0,0,,multi_full_20260502_195038_0001,2026-05-02T20:36:11.471176,https://www.sidefx.com/login/yahoo-oauth2/?next=/gallery/ancient-city/,https://www.sidefx.com/,False,https://www.sidefx.com/login/yahoo-oauth2/?next=/gallery/ancient-city/,https://www.sidefx.com/,https://www.sidefx.com/login/yahoo-oauth2/?next=/gallery/ancient-city/,recon_page,2026-05-02T20:36:11.478609
67,1,2,1,1,0,0,1,0,14,0,com,200,2,23248,220.391,0,0,20,0,unknown,0,html,1,3,0,1,5,0,1,1,0,1,0,0,0,0,0,0,0,0,0,0,0,0,0,0,0,0,0,0,1,5,4,0,1,0,0,0,0,0,0,1,10,0,0,1,1,1,1,0,0,0,0,1,0,0,0,0,1,1,0,0,0,0,0,0,0,0,0,0,0,0,0,0,1.0,1.0,1.0,0,0,0,0,0,0,0,0,0,0,0,0,1,0,0,0,0,0,0,0,0,0.0,0.00021507226428079835,0.625,0.0,0,,multi_full_20260502_195038_0001,2026-05-02T20:36:46.979229,https://www.sidefx.com/login/microsoft-graph/?next=/password/reset/,https://www.sidefx.com/,False,https://www.sidefx.com/login/microsoft-graph/?next=/password/reset/,https://www.sidefx.com/,https://www.sidefx.com/login/microsoft-graph/?next=/password/reset/,recon_page,2026-05-02T20:36:46.989868
51,1,1,1,1,0,0,1,0,14,0,com,200,2,29847,323.881,0,0,23,1,nginx,0,html,1,2,0,1,6,0,1,1,1,1,1,4,1,15,1,2,1,5,0,0,1,1,1,7,0,0,1,1,1,11,5,6,0,1,111,101,10,1,5,1,7,1,2,1,1,2,1,0,1,0,0,0,0,0,0,0,0,1,0,0,0,0,0,0,1,0,0,0,0,0,0,0,1.0,1.0,1.0,0,0,0,1,3,1,2,3,1,4,0,9,103,6,0,0,0,0,0,0,0,3.75,0.0003685462525546956,0.75,0.8711093242201896,0,,multi_full_20260502_195038_0001,2026-05-02T20:37:10.714907,https://www.sidefx.com/login/?next=/password/reset/,https://www.sidefx.com/,False,https://www.sidefx.com/login/?next=/password/reset/,https://www.sidefx.com/,https://www.sidefx.com/login/?next=/password/reset/,recon_page,2026-05-02T20:37:10.718650
64,1,2,1,1,0,0,1,0,14,0,com,200,2,54318,407.108,0,0,20,1,ATS,0,html,1,1,0,1,7,1,1,1,1,1,0,0,0,0,0,0,0,0,0,0,0,0,0,0,0,0,0,0,1,38,14,0,24,1,14,0,14,0,0,1,7,1,6,1,1,4,1,0,0,0,0,0,0,0,0,0,0,1,0,0,0,0,0,0,0,0,0,0,0,0,0,0,1.0,1.0,0.0,0,0,0,0,0,0,0,0,0,0,0,0,36,0,0,0,0,0,0,0,0,0.0,0.000699583931661696,0.875,0.0,0,,multi_full_20260502_195038_0001,2026-05-02T20:37:27.129410,https://www.sidefx.com/login/yahoo-oauth2/?next=/password/reset/,https://www.sidefx.com/,False,https://www.sidefx.com/login/yahoo-oauth2/?next=/password/reset/,https://www.sidefx.com/,https://www.sidefx.com/login/yahoo-oauth2/?next=/password/reset/,recon_page,2026-05-02T20:37:27.134087
65,1,2,1,1,0,0,1,0,14,0,com,200,2,1230629,233.02100000000002,0,0,23,1,ESF,0,html,0,0,0,1,7,1,1,1,1,1,0,0,0,0,0,0,0,0,0,0,0,0,0,0,0,0,0,0,1,4,4,0,0,1,1,0,1,0,0,1,1,0,0,1,0,0,0,0,0,0,0,0,0,0,0,0,0,1,0,0,0,0,0,0,0,0,0,0,0,0,0,0,0.0,0.0,0.0,0,0,0,0,0,0,0,0,0,0,0,0,1,0,0,0,0,0,0,0,1,0.0,3.2503703390705078e-06,0.875,0.0,0,,multi_full_20260502_195038_0001,2026-05-02T20:37:42.858437,https://www.sidefx.com/login/google-oauth2/?next=/password/reset/,https://www.sidefx.com/,False,https://www.sidefx.com/login/google-oauth2/?next=/password/reset/,https://www.sidefx.com/,https://www.sidefx.com/login/google-oauth2/?next=/password/reset/,recon_page,2026-05-02T20:37:42.862878
59,1,2,1,1,0,0,1,0,14,0,com,200,2,1230273,345.781,0,0,23,1,ESF,0,html,0,0,0,1,7,1,1,1,1,1,0,0,0,0,0,0,0,0,0,0,0,0,0,0,0,0,0,0,1,4,4,0,0,1,1,0,1,0,0,1,1,0,0,1,0,0,0,0,0,0,0,0,0,0,0,0,0,1,0,0,0,0,0,0,0,0,0,0,0,0,0,0,0.0,0.0,0.0,0,0,0,0,0,0,0,0,0,0,0,0,1,0,0,0,0,0,0,0,1,0.0,3.2513108879086185e-06,0.875,0.0,0,,multi_full_20260502_195038_0001,2026-05-02T20:38:00.600228,https://www.sidefx.com/login/google-oauth2/?next=/register/,https://www.sidefx.com/,False,https://www.sidefx.com/login/google-oauth2/?next=/register/,https://www.sidefx.com/,https://www.sidefx.com/login/google-oauth2/?next=/register/,recon_page,2026-05-02T20:38:00.622793
58,1,2,1,1,0,0,1,0,14,0,com,200,2,54318,378.834,0,0,20,1,ATS,0,html,1,1,0,1,7,1,1,1,1,1,0,0,0,0,0,0,0,0,0,0,0,0,0,0,0,0,0,0,1,38,14,0,24,1,14,0,14,0,0,1,7,1,6,1,1,4,1,0,0,0,0,0,0,0,0,0,0,1,0,0,0,0,0,0,0,0,0,0,0,0,0,0,1.0,1.0,0.0,0,0,0,0,0,0,0,0,0,0,0,0,36,0,0,0,0,0,0,0,0,0.0,0.000699583931661696,0.875,0.0,0,,multi_full_20260502_195038_0001,2026-05-02T20:38:20.164467,https://www.sidefx.com/login/yahoo-oauth2/?next=/register/,https://www.sidefx.com/,False,https://www.sidefx.com/login/yahoo-oauth2/?next=/register/,https://www.sidefx.com/,https://www.sidefx.com/login/yahoo-oauth2/?next=/register/,recon_page,2026-05-02T20:38:20.173824
53,1,1,1,1,0,0,1,0,14,0,com,200,2,29847,1953.884,0,0,23,1,nginx,0,html,1,2,0,1,6,0,1,1,1,1,1,4,1,15,1,2,1,5,0,0,1,1,1,7,0,0,1,1,1,11,5,6,0,1,111,101,10,1,5,1,7,1,2,1,1,2,1,0,1,0,0,0,0,0,0,0,0,1,0,0,0,0,0,0,1,0,0,0,0,0,0,0,1.0,1.0,1.0,0,0,0,1,3,1,2,3,1,4,0,9,103,6,0,0,0,0,0,0,0,3.75,0.0003685462525546956,0.75,0.8711093242201896,0,,multi_full_20260502_195038_0001,2026-05-02T20:38:20.886665,https://www.sidefx.com/login/?next=/industries/games/,https://www.sidefx.com/,False,https://www.sidefx.com/login/?next=/industries/games/,https://www.sidefx.com/,https://www.sidefx.com/login/?next=/industries/games/,recon_page,2026-05-02T20:38:20.890654
61,1,2,1,1,0,0,1,0,14,0,com,200,2,23175,163.123,0,0,20,0,unknown,0,html,1,3,0,1,5,0,1,1,0,1,0,0,0,0,0,0,0,0,0,0,0,0,0,0,0,0,0,0,1,5,4,0,1,0,0,0,0,0,0,1,10,0,0,1,1,1,1,0,0,0,0,1,0,0,0,0,1,1,0,0,0,0,0,0,0,0,0,0,0,0,0,0,1.0,1.0,1.0,0,0,0,0,0,0,0,0,0,0,0,0,1,0,0,0,0,0,0,0,0,0.0,0.0002157497303128371,0.625,0.0,0,,multi_full_20260502_195038_0001,2026-05-02T20:38:21.159445,https://www.sidefx.com/login/microsoft-graph/?next=/register/,https://www.sidefx.com/,False,https://www.sidefx.com/login/microsoft-graph/?next=/register/,https://www.sidefx.com/,https://www.sidefx.com/login/microsoft-graph/?next=/register/,recon_page,2026-05-02T20:38:21.179167
45,1,1,1,1,0,0,1,0,14,0,com,200,2,29847,2020.4710000000002,0,0,23,1,nginx,0,html,1,2,0,1,6,0,1,1,1,1,1,4,1,15,1,2,1,5,0,0,1,1,1,7,0,0,1,1,1,11,5,6,0,1,111,101,10,1,5,1,7,1,2,1,1,2,1,0,1,0,0,0,0,0,0,0,0,1,0,0,0,0,0,0,1,0,0,0,0,0,0,0,1.0,1.0,1.0,0,0,0,1,3,1,2,3,1,4,0,9,103,6,0,0,0,0,0,0,0,3.75,0.0003685462525546956,0.75,0.8711093242201896,0,,multi_full_20260502_195038_0001,2026-05-02T20:38:21.451506,https://www.sidefx.com/login/?next=/register/,https://www.sidefx.com/,False,https://www.sidefx.com/login/?next=/register/,https://www.sidefx.com/,https://www.sidefx.com/login/?next=/register/,recon_page,2026-05-02T20:38:21.454896
36,1,2,0,0,0,0,1,0,14,0,com,200,2,88487,351.447,0,0,21,1,nginx,0,html,1,1,0,0,5,0,1,1,1,1,1,3,1,9,1,1,1,3,0,0,1,1,1,6,0,0,1,1,1,18,8,8,2,1,149,139,10,1,7,1,7,1,3,1,1,10,1,0,1,0,0,0,0,0,0,0,0,1,0,0,0,0,0,0,0,0,0,0,0,0,0,0,1.0,1.0,1.0,0,0,0,1,2,1,1,2,1,3,0,6,145,3,0,0,0,0,0,0,0,3.0,0.00020341971137003177,0.625,0.20341971137003176,0,,multi_full_20260502_195038_0001,2026-05-02T20:38:21.775345,https://www.sidefx.com/learn/unreal/,https://www.sidefx.com/,False,https://www.sidefx.com/learn/unreal/,https://www.sidefx.com/,https://www.sidefx.com/learn/unreal/,recon_page,2026-05-02T20:38:21.782275
66,1,2,1,1,0,0,1,0,14,0,com,200,2,54318,423.933,0,0,20,1,ATS,0,html,1,1,0,1,7,1,1,1,1,1,0,0,0,0,0,0,0,0,0,0,0,0,0,0,0,0,0,0,1,38,14,0,24,1,14,0,14,0,0,1,7,1,6,1,1,4,1,0,0,0,0,0,0,0,0,0,0,1,0,0,0,0,0,0,0,0,0,0,0,0,0,0,1.0,1.0,0.0,0,0,0,0,0,0,0,0,0,0,0,0,36,0,0,0,0,0,0,0,0,0.0,0.000699583931661696,0.875,0.0,0,,multi_full_20260502_195038_0001,2026-05-02T20:38:21.993633,https://www.sidefx.com/login/yahoo-oauth2/?next=/industries/games/,https://www.sidefx.com/,False,https://www.sidefx.com/login/yahoo-oauth2/?next=/industries/games/,https://www.sidefx.com/,https://www.sidefx.com/login/yahoo-oauth2/?next=/industries/games/,recon_page,2026-05-02T20:38:21.998988
45,1,2,0,0,0,0,1,0,14,0,com,200,2,56483,540.354,0,0,20,1,nginx,0,html,1,1,0,0,5,0,1,1,1,1,1,3,1,9,1,1,1,3,0,0,1,1,1,5,0,0,1,1,1,17,7,8,2,1,120,98,22,1,30,1,7,1,5,1,1,21,1,0,1,0,0,0,0,0,0,0,0,1,0,0,0,0,0,0,0,0,0,0,0,0,0,0,1.0,1.0,1.0,0,0,0,1,2,1,1,2,1,3,0,6,121,3,0,0,0,0,0,0,0,3.0,0.00030097551475665243,0.625,0.30097551475665246,0,,multi_full_20260502_195038_0001,2026-05-02T20:39:04.509494,https://www.sidefx.com/houdini-hive/gdc-2023/,https://www.sidefx.com/,False,https://www.sidefx.com/houdini-hive/gdc-2023/,https://www.sidefx.com/,https://www.sidefx.com/houdini-hive/gdc-2023/,recon_page,2026-05-02T20:39:04.513601
67,1,2,1,1,0,0,1,0,14,0,com,200,2,1230579,208.75,0,0,23,1,ESF,0,html,0,0,0,1,7,1,1,1,1,1,0,0,0,0,0,0,0,0,0,0,0,0,0,0,0,0,0,0,1,4,4,0,0,1,1,0,1,0,0,1,1,0,0,1,0,0,0,0,0,0,0,0,0,0,0,0,0,1,0,0,0,0,0,0,0,0,0,0,0,0,0,0,0.0,0.0,0.0,0,0,0,0,0,0,0,0,0,0,0,0,1,0,0,0,0,0,0,0,1,0.0,3.250502405778093e-06,0.875,0.0,0,,multi_full_20260502_195038_0001,2026-05-02T20:39:12.026800,https://www.sidefx.com/login/google-oauth2/?next=/industries/games/,https://www.sidefx.com/,False,https://www.sidefx.com/login/google-oauth2/?next=/industries/games/,https://www.sidefx.com/,https://www.sidefx.com/login/google-oauth2/?next=/industries/games/,recon_page,2026-05-02T20:39:12.030088
70,1,4,0,0,0,0,1,0,14,0,com,200,2,41899,572.5440000000001,0,0,20,1,nginx,0,html,1,1,0,0,5,0,1,1,1,1,1,3,1,9,1,1,1,3,0,0,1,1,1,5,0,0,1,1,1,17,7,8,2,1,121,108,13,1,11,1,7,1,5,1,1,13,1,0,1,0,0,0,0,0,0,0,0,1,0,0,0,0,0,0,0,0,0,0,0,0,0,0,1.0,1.0,1.0,0,0,0,1,2,1,1,2,1,3,0,6,118,3,0,0,0,0,0,0,0,3.0,0.00040573760710279483,0.625,0.40573760710279483,0,,multi_full_20260502_195038_0001,2026-05-02T20:39:26.843474,https://www.sidefx.com/products/houdini-engine/plug-ins/unity-plug-in/,https://www.sidefx.com/,False,https://www.sidefx.com/products/houdini-engine/plug-ins/unity-plug-in/,https://www.sidefx.com/,https://www.sidefx.com/products/houdini-engine/plug-ins/unity-plug-in/,recon_page,2026-05-02T20:39:26.849017
73,1,2,0,0,0,0,1,0,14,0,com,200,2,51886,1154.786,0,0,20,1,nginx,0,html,1,1,0,0,5,0,1,1,1,1,1,3,1,9,1,1,1,3,0,0,1,1,1,5,0,0,1,1,1,18,8,8,2,1,124,101,23,1,23,1,7,1,5,1,1,10,1,0,1,0,0,0,0,0,0,0,0,1,0,0,0,0,0,0,0,0,0,0,0,0,0,0,1.0,1.0,1.0,0,0,0,1,2,1,1,2,1,3,0,6,124,3,0,0,0,0,0,0,0,3.0,0.00034691438923794475,0.625,0.32764136761361445,0,,multi_full_20260502_195038_0001,2026-05-02T20:39:36.906519,https://www.sidefx.com/community-main-menu/complete-a-z-terrain-handbook/,https://www.sidefx.com/,False,https://www.sidefx.com/community-main-menu/complete-a-z-terrain-handbook/,https://www.sidefx.com/,https://www.sidefx.com/community-main-menu/complete-a-z-terrain-handbook/,recon_page,2026-05-02T20:39:36.910701
66,1,3,0,0,0,0,1,0,14,0,com,200,2,101072,591.995,0,0,20,1,nginx,0,html,1,1,0,0,5,0,1,1,1,1,1,3,1,9,1,1,1,3,0,0,1,1,1,7,0,0,1,1,1,21,9,10,2,1,142,126,16,1,34,1,7,1,7,1,1,11,1,0,1,0,0,0,0,0,0,0,0,1,0,0,0,0,0,0,0,0,0,0,0,0,0,0,1.0,1.0,1.0,0,0,0,1,2,1,1,2,1,3,0,6,136,3,0,0,0,0,0,0,0,3.0,0.00020777267690359348,0.625,0.18798480291277506,0,,multi_full_20260502_195038_0001,2026-05-02T20:39:58.459790,https://www.sidefx.com/learn-main-menu/tech-demos/project-skylark/,https://www.sidefx.com/,False,https://www.sidefx.com/learn-main-menu/tech-demos/project-skylark/,https://www.sidefx.com/,https://www.sidefx.com/learn-main-menu/tech-demos/project-skylark/,recon_page,2026-05-02T20:39:58.463579
69,1,2,1,1,0,0,1,0,14,0,com,200,2,23179,250.375,0,0,20,0,unknown,0,html,1,3,0,1,5,0,1,1,0,1,0,0,0,0,0,0,0,0,0,0,0,0,0,0,0,0,0,0,1,5,4,0,1,0,0,0,0,0,0,1,10,0,0,1,1,1,1,0,0,0,0,1,0,0,0,0,1,1,0,0,0,0,0,0,0,0,0,0,0,0,0,0,1.0,1.0,1.0,0,0,0,0,0,0,0,0,0,0,0,0,1,0,0,0,0,0,0,0,0,0.0,0.00021571249838215627,0.625,0.0,0,,multi_full_20260502_195038_0001,2026-05-02T20:39:58.712035,https://www.sidefx.com/login/microsoft-graph/?next=/industries/games/,https://www.sidefx.com/,False,https://www.sidefx.com/login/microsoft-graph/?next=/industries/games/,https://www.sidefx.com/,https://www.sidefx.com/login/microsoft-graph/?next=/industries/games/,recon_page,2026-05-02T20:39:58.760768
31,1,1,0,0,0,0,1,0,14,0,com,200,2,56855,591.4110000000001,0,0,20,1,nginx,0,html,1,1,0,0,5,0,1,1,1,1,1,3,1,9,1,1,1,3,0,0,1,1,1,5,0,0,1,1,1,17,7,8,2,1,166,130,36,1,46,1,7,1,5,1,1,10,1,0,1,0,0,0,0,0,0,0,0,1,0,0,0,0,0,0,0,0,0,0,0,0,0,0,1.0,1.0,1.0,0,0,0,1,2,1,1,2,1,3,0,6,147,4,0,0,0,0,0,0,0,3.0,0.0002990062439539179,0.625,0.2990062439539179,0,,multi_full_20260502_195038_0001,2026-05-02T20:39:58.797526,https://www.sidefx.com/pegasus/,https://www.sidefx.com/,False,https://www.sidefx.com/pegasus/,https://www.sidefx.com/,https://www.sidefx.com/pegasus/,recon_page,2026-05-02T20:39:58.816288
29,1,1,0,0,0,0,1,0,14,0,com,200,2,56676,409.733,0,0,20,1,nginx,0,html,1,1,0,0,5,0,1,1,1,1,1,3,1,9,1,1,1,3,0,0,1,1,1,5,0,0,1,1,1,17,7,8,2,1,163,128,35,1,47,1,7,1,5,1,1,11,1,0,1,0,0,0,0,0,0,0,0,1,0,0,0,0,0,0,0,0,0,0,0,0,0,0,1.0,1.0,1.0,0,0,0,1,2,1,1,2,1,3,0,6,149,3,0,0,0,0,0,0,0,3.0,0.0002999505963723622,0.625,0.2999505963723622,0,,multi_full_20260502_195038_0001,2026-05-02T20:39:58.823658,https://www.sidefx.com/titan/,https://www.sidefx.com/,False,https://www.sidefx.com/titan/,https://www.sidefx.com/,https://www.sidefx.com/titan/,recon_page,2026-05-02T20:39:58.831944
35,1,2,0,0,0,0,1,0,14,0,com,200,2,72157,559.36,0,0,21,1,nginx,0,html,1,1,0,0,5,0,1,1,1,1,1,3,1,9,1,1,1,3,0,0,1,1,1,6,0,0,1,1,1,18,8,8,2,1,149,139,10,1,7,1,7,1,3,1,1,10,1,0,1,0,0,0,0,0,0,0,0,1,0,0,0,0,0,0,0,0,0,0,0,0,0,0,1.0,1.0,1.0,0,0,0,1,2,1,1,2,1,3,0,6,145,3,0,0,0,0,0,0,0,3.0,0.00024945604723034497,0.625,0.24945604723034495,0,,multi_full_20260502_195038_0001,2026-05-02T20:39:58.826301,https://www.sidefx.com/learn/unity/,https://www.sidefx.com/,False,https://www.sidefx.com/learn/unity/,https://www.sidefx.com/,https://www.sidefx.com/learn/unity/,recon_page,2026-05-02T20:39:58.832544
71,1,4,0,0,0,0,1,0,14,0,com,200,2,42758,305.141,0,0,20,1,nginx,0,html,1,1,0,0,5,0,1,1,1,1,1,3,1,9,1,1,1,3,0,0,1,1,1,5,0,0,1,1,1,17,7,8,2,1,122,108,14,1,11,1,7,1,5,1,1,13,1,0,1,0,0,0,0,0,0,0,0,1,0,0,0,0,0,0,0,0,0,0,0,0,0,0,1.0,1.0,1.0,0,0,0,1,2,1,1,2,1,3,0,6,119,3,0,0,0,0,0,0,0,3.0,0.0003975864165770148,0.625,0.3975864165770148,0,,multi_full_20260502_195038_0001,2026-05-02T20:39:59.153099,https://www.sidefx.com/products/houdini-engine/plug-ins/unreal-plug-in/,https://www.sidefx.com/,False,https://www.sidefx.com/products/houdini-engine/plug-ins/unreal-plug-in/,https://www.sidefx.com/,https://www.sidefx.com/products/houdini-engine/plug-ins/unreal-plug-in/,recon_page,2026-05-02T20:39:59.158731
98,1,2,1,1,0,0,1,0,14,0,com,200,2,1230337,265.158,0,0,23,1,ESF,0,html,0,0,0,1,7,1,1,1,1,1,0,0,0,0,0,0,0,0,0,0,0,0,0,0,0,0,0,0,1,4,4,0,0,1,1,0,1,0,0,1,1,0,0,1,0,0,0,0,0,0,0,0,0,0,0,0,0,1,0,0,0,0,0,0,0,0,0,0,0,0,0,0,0.0,0.0,0.0,0,0,0,0,0,0,0,0,0,0,0,0,1,0,0,0,0,0,0,0,1,0.0,3.251141760346962e-06,0.875,0.0,0,,multi_full_20260502_195038_0001,2026-05-02T20:40:00.200692,https://www.sidefx.com/login/google-oauth2/?next=/tutorials/building-a-fluid-solver-in-copernicus/,https://www.sidefx.com/,False,https://www.sidefx.com/login/google-oauth2/?next=/tutorials/building-a-fluid-solver-in-copernicus/,https://www.sidefx.com/,https://www.sidefx.com/login/google-oauth2/?next=/tutorials/building-a-fluid-solver-in-copernicus/,recon_page,2026-05-02T20:40:00.206357
46,1,3,0,0,0,0,1,0,14,0,com,200,2,74664,789.4069999999999,0,0,21,1,nginx,0,html,1,1,0,0,5,0,1,1,1,1,1,3,1,50,1,1,1,3,0,0,1,1,1,8,0,0,1,1,1,19,9,8,2,1,116,106,10,1,8,1,7,1,3,1,1,22,1,0,1,0,0,0,0,0,0,0,0,1,0,0,0,0,0,0,0,0,0,0,0,0,0,0,1.0,1.0,1.0,0,0,0,1,2,1,1,2,1,3,0,6,111,3,0,0,0,0,0,0,0,16.666666666666668,0.0002544733740490732,0.625,0.8169934640522876,0,,multi_full_20260502_195038_0001,2026-05-02T20:40:13.235286,https://www.sidefx.com/tutorials/author/jlait/,https://www.sidefx.com/,False,https://www.sidefx.com/tutorials/author/jlait/,https://www.sidefx.com/,https://www.sidefx.com/tutorials/author/jlait/,recon_page,2026-05-02T20:40:13.239530
37,1,2,0,0,0,0,1,0,14,0,com,200,2,43957,1562.096,0,0,21,1,nginx,0,html,1,1,0,0,5,0,1,1,1,1,1,3,1,9,1,1,1,3,0,0,1,1,1,5,0,0,1,1,1,17,8,7,2,1,117,107,10,1,14,1,7,1,3,1,1,7,1,0,1,0,0,0,0,0,0,0,0,1,0,0,0,0,0,0,0,0,0,0,0,0,0,0,1.0,1.0,1.0,0,0,0,1,2,1,1,2,1,3,0,6,117,5,0,0,0,0,0,0,0,3.0,0.00038674158837045296,0.625,0.3867415883704529,0,,multi_full_20260502_195038_0001,2026-05-02T20:40:39.344852,https://www.sidefx.com/profile/jlait/,https://www.sidefx.com/,False,https://www.sidefx.com/profile/jlait/,https://www.sidefx.com/,https://www.sidefx.com/profile/jlait/,recon_page,2026-05-02T20:40:39.348708
84,1,1,1,1,0,0,1,0,14,0,com,200,2,29847,237.674,0,0,23,1,nginx,0,html,1,2,0,1,6,0,1,1,1,1,1,4,1,15,1,2,1,5,0,0,1,1,1,7,0,0,1,1,1,11,5,6,0,1,111,101,10,1,5,1,7,1,2,1,1,2,1,0,1,0,0,0,0,0,0,0,0,1,0,0,0,0,0,0,0,0,0,0,0,0,0,0,1.0,1.0,1.0,0,0,0,1,3,1,2,3,1,4,0,9,103,6,0,0,0,0,0,0,0,3.75,0.0003685462525546956,0.75,0.8711093242201896,0,,multi_full_20260502_195038_0001,2026-05-02T20:40:54.882676,https://www.sidefx.com/login/?next=/tutorials/building-a-fluid-solver-in-copernicus/,https://www.sidefx.com/,False,https://www.sidefx.com/login/?next=/tutorials/building-a-fluid-solver-in-copernicus/,https://www.sidefx.com/,https://www.sidefx.com/login/?next=/tutorials/building-a-fluid-solver-in-copernicus/,recon_page,2026-05-02T20:40:54.889320
74,1,3,0,0,0,0,1,0,14,0,com,200,2,74709,979.756,0,0,21,1,nginx,0,html,1,1,0,0,5,0,1,1,1,1,1,3,1,50,1,1,1,3,0,0,1,1,1,8,0,0,1,1,1,19,9,8,2,1,116,106,10,1,8,1,7,1,3,1,1,22,1,0,1,0,0,0,0,0,0,0,0,1,0,0,0,0,0,0,0,0,0,0,0,0,0,0,1.0,1.0,1.0,0,0,0,1,2,1,1,2,1,3,0,6,114,7,0,0,0,0,0,0,0,16.666666666666668,0.0002543200953031094,0.625,0.8165013586047196,0,,multi_full_20260502_195038_0001,2026-05-02T20:41:20.381566,https://www.sidefx.com/tutorials/category/fluids-volume-1-particle-fluids/,https://www.sidefx.com/,False,https://www.sidefx.com/tutorials/category/fluids-volume-1-particle-fluids/,https://www.sidefx.com/,https://www.sidefx.com/tutorials/category/fluids-volume-1-particle-fluids/,recon_page,2026-05-02T20:41:20.389587
53,1,3,0,0,0,0,1,0,14,0,com,200,2,74709,571.276,0,0,21,1,nginx,0,html,1,1,0,0,5,0,1,1,1,1,1,3,1,50,1,1,1,3,0,0,1,1,1,8,0,0,1,1,1,19,9,8,2,1,116,106,10,1,8,1,7,1,3,1,1,22,1,0,1,0,0,0,0,0,0,0,0,1,0,0,0,0,0,0,0,0,0,0,0,0,0,0,1.0,1.0,1.0,0,0,0,1,2,1,1,2,1,3,0,6,114,7,0,0,0,0,0,0,0,16.666666666666668,0.0002543200953031094,0.625,0.8165013586047196,0,,multi_full_20260502_195038_0001,2026-05-02T20:41:34.031558,https://www.sidefx.com/tutorials/category/copernicus/,https://www.sidefx.com/,False,https://www.sidefx.com/tutorials/category/copernicus/,https://www.sidefx.com/,https://www.sidefx.com/tutorials/category/copernicus/,recon_page,2026-05-02T20:41:34.037265
100,1,2,1,1,0,0,1,0,14,0,com,200,2,23163,200.725,0,0,20,0,unknown,0,html,1,3,0,1,5,0,1,1,0,1,0,0,0,0,0,0,0,0,0,0,0,0,0,0,0,0,0,0,1,5,4,0,1,0,0,0,0,0,0,1,10,0,0,1,1,1,1,0,0,0,0,1,0,0,0,0,1,1,0,0,0,0,0,0,0,0,0,0,0,0,0,0,1.0,1.0,1.0,0,0,0,0,0,0,0,0,0,0,0,0,1,0,0,0,0,0,0,0,0,0.0,0.0002158615032595087,0.625,0.0,0,,multi_full_20260502_195038_0001,2026-05-02T20:41:54.664501,https://www.sidefx.com/login/microsoft-graph/?next=/tutorials/building-a-fluid-solver-in-copernicus/,https://www.sidefx.com/,False,https://www.sidefx.com/login/microsoft-graph/?next=/tutorials/building-a-fluid-solver-in-copernicus/,https://www.sidefx.com/,https://www.sidefx.com/login/microsoft-graph/?next=/tutorials/building-a-fluid-solver-in-copernicus/,recon_page,2026-05-02T20:41:54.669294
52,1,4,0,0,0,0,1,0,14,0,com,404,4,25,266.262,0,0,19,1,nginx,0,html,0,0,0,0,5,0,1,1,1,1,0,0,0,0,0,0,0,0,0,0,0,0,0,0,0,0,0,0,0,0,0,0,0,0,0,0,0,0,0,0,0,0,0,0,0,0,0,0,1,0,0,0,0,0,0,0,0,1,0,0,0,0,0,0,0,0,0,0,0,0,0,0,0.0,0.0,0.0,0,0,0,0,0,0,0,0,0,0,0,0,0,0,0,0,0,0,0,0,0,0.0,0.0,0.625,0.0,0,,multi_full_20260502_195038_0001,2026-05-02T20:41:55.101937,https://www.sidefx.com/v3/signin/_/AccountsSignInUi/,https://www.sidefx.com/,False,https://www.sidefx.com/v3/signin/_/AccountsSignInUi/,https://www.sidefx.com/,https://www.sidefx.com/v3/signin/_/AccountsSignInUi/,recon_page,2026-05-02T20:41:55.119768
97,1,2,1,1,0,0,1,0,14,0,com,200,2,54318,829.427,0,0,20,1,ATS,0,html,1,1,0,1,7,1,1,1,1,1,0,0,0,0,0,0,0,0,0,0,0,0,0,0,0,0,0,0,1,38,14,0,24,1,14,0,14,0,0,1,7,1,6,1,1,4,1,0,0,0,0,0,0,0,0,0,0,1,0,0,0,0,0,0,0,0,0,0,0,0,0,0,1.0,1.0,0.0,0,0,0,0,0,0,0,0,0,0,0,0,36,0,0,0,0,0,0,0,0,0.0,0.000699583931661696,0.875,0.0,0,,multi_full_20260502_195038_0001,2026-05-02T20:41:55.129561,https://www.sidefx.com/login/yahoo-oauth2/?next=/tutorials/building-a-fluid-solver-in-copernicus/,https://www.sidefx.com/,False,https://www.sidefx.com/login/yahoo-oauth2/?next=/tutorials/building-a-fluid-solver-in-copernicus/,https://www.sidefx.com/,https://www.sidefx.com/login/yahoo-oauth2/?next=/tutorials/building-a-fluid-solver-in-copernicus/,recon_page,2026-05-02T20:41:55.136583
51,1,3,0,0,0,0,1,0,14,0,com,200,2,74660,284.36699999999996,0,0,21,1,nginx,0,html,1,1,0,0,5,0,1,1,1,1,1,3,1,50,1,1,1,3,0,0,1,1,1,8,0,0,1,1,1,19,9,8,2,1,116,106,10,1,8,1,7,1,3,1,1,22,1,0,1,0,0,0,0,0,0,0,0,1,0,0,0,0,0,0,0,0,0,0,0,0,0,0,1.0,1.0,1.0,0,0,0,1,2,1,1,2,1,3,0,6,111,3,0,0,0,0,0,0,0,16.666666666666668,0.00025448700776855074,0.625,0.8170372354674524,0,,multi_full_20260502_195038_0001,2026-05-02T20:41:55.409585,https://www.sidefx.com/tutorials/level/masterclass/,https://www.sidefx.com/,False,https://www.sidefx.com/tutorials/level/masterclass/,https://www.sidefx.com/,https://www.sidefx.com/tutorials/level/masterclass/,recon_page,2026-05-02T20:41:55.414719
46,1,2,0,0,0,0,1,0,14,0,com,200,2,30184,408.86899999999997,0,0,23,1,nginx,0,html,1,2,0,1,6,0,1,1,1,1,1,4,1,16,1,2,1,6,0,0,1,1,1,8,0,0,1,1,1,11,5,6,0,1,111,101,10,1,5,1,7,1,2,1,1,2,1,0,1,0,0,0,0,0,0,0,0,1,0,0,0,0,0,0,0,0,0,0,0,0,0,0,1.0,1.0,1.0,0,0,0,1,3,1,2,3,1,4,0,9,103,6,0,0,0,0,0,0,0,4.0,0.00036443148688046647,0.75,0.9276437847866419,0,,multi_full_20260502_195038_0001,2026-05-02T20:42:07.947648,https://www.sidefx.com/complete/google-oauth2/,https://www.sidefx.com/,False,https://www.sidefx.com/complete/google-oauth2/,https://www.sidefx.com/,https://www.sidefx.com/complete/google-oauth2/,recon_page,2026-05-02T20:42:07.951606
44,1,3,0,0,0,0,1,0,14,0,com,404,4,25,282.149,0,0,19,1,nginx,0,html,0,0,0,0,5,0,1,1,1,1,0,0,0,0,0,0,0,0,0,0,0,0,0,0,0,0,0,0,0,0,0,0,0,0,0,0,0,0,0,0,0,0,0,0,0,0,0,0,1,0,0,0,0,0,0,0,0,1,0,0,0,0,0,0,0,0,0,0,0,0,0,0,0.0,0.0,0.0,0,0,0,0,0,0,0,0,0,0,0,0,0,0,0,0,0,0,0,0,0,0.0,0.0,0.625,0.0,0,,multi_full_20260502_195038_0001,2026-05-02T20:42:45.459800,https://www.sidefx.com/v3/signin/identifier/,https://www.sidefx.com/,False,https://www.sidefx.com/v3/signin/identifier/,https://www.sidefx.com/,https://www.sidefx.com/v3/signin/identifier/,recon_page,2026-05-02T20:42:45.471713
42,1,3,0,0,0,0,1,0,14,0,com,404,4,25,304.291,0,0,19,1,nginx,0,html,0,0,0,0,5,0,1,1,1,1,0,0,0,0,0,0,0,0,0,0,0,0,0,0,0,0,0,0,0,0,0,0,0,0,0,0,0,0,0,0,0,0,0,0,0,0,0,0,1,0,0,0,0,0,0,0,0,1,0,0,0,0,0,0,0,0,0,0,0,0,0,0,0.0,0.0,0.0,0,0,0,0,0,0,0,0,0,0,0,0,0,0,0,0,0,0,0,0,0,0.0,0.0,0.625,0.0,0,,multi_full_20260502_195038_0001,2026-05-02T20:42:45.460689,https://www.sidefx.com/v3/signin/rejected/,https://www.sidefx.com/,False,https://www.sidefx.com/v3/signin/rejected/,https://www.sidefx.com/,https://www.sidefx.com/v3/signin/rejected/,recon_page,2026-05-02T20:42:45.470673
50,1,3,0,0,0,0,1,0,14,0,com,404,4,25,1012.412,0,0,19,1,nginx,0,html,0,0,0,0,5,0,1,1,1,1,0,0,0,0,0,0,0,0,0,0,0,0,0,0,0,0,0,0,0,0,0,0,0,0,0,0,0,0,0,0,0,0,0,0,0,0,0,0,1,0,0,0,0,0,0,0,0,1,0,0,0,0,0,0,0,0,0,0,0,0,0,0,0.0,0.0,0.0,0,0,0,0,0,0,0,0,0,0,0,0,0,0,0,0,0,0,0,0,0,0.0,0.0,0.625,0.0,0,,multi_full_20260502_195038_0001,2026-05-02T20:42:45.743615,https://www.sidefx.com/signin/v2/usernamerecovery/,https://www.sidefx.com/,False,https://www.sidefx.com/signin/v2/usernamerecovery/,https://www.sidefx.com/,https://www.sidefx.com/signin/v2/usernamerecovery/,recon_page,2026-05-02T20:42:45.749511
27,1,2,0,0,0,0,1,0,14,0,com,404,4,25,1023.017,0,0,19,1,nginx,0,html,0,0,0,0,5,0,1,1,1,1,0,0,0,0,0,0,0,0,0,0,0,0,0,0,0,0,0,0,0,0,0,0,0,0,0,0,0,0,0,0,0,0,0,0,0,0,0,0,1,0,0,0,0,0,0,0,0,1,0,0,0,0,0,0,0,0,0,0,0,0,0,0,0.0,0.0,0.0,0,0,0,0,0,0,0,0,0,0,0,0,0,0,0,0,0,0,0,0,0,0.0,0.0,0.625,0.0,0,,multi_full_20260502_195038_0001,2026-05-02T20:42:45.996016,https://www.sidefx.com/_/*/,https://www.sidefx.com/,False,https://www.sidefx.com/_/*/,https://www.sidefx.com/,https://www.sidefx.com/_/*/,recon_page,2026-05-02T20:42:46.001892
37,1,2,0,0,0,0,1,0,14,0,com,404,4,25,1011.007,0,0,19,1,nginx,0,html,0,0,0,0,5,0,1,1,1,1,0,0,0,0,0,0,0,0,0,0,0,0,0,0,0,0,0,0,0,0,0,0,0,0,0,0,0,0,0,0,0,0,0,0,0,0,0,0,1,0,0,0,0,0,0,0,0,1,0,0,0,0,0,0,0,0,0,0,0,0,0,0,0.0,0.0,0.0,0,0,0,0,0,0,0,0,0,0,0,0,0,0,0,0,0,0,0,0,0,0.0,0.0,0.625,0.0,0,,multi_full_20260502_195038_0001,2026-05-02T20:42:46.228689,https://www.sidefx.com/%3E%3C/svg%3E/,https://www.sidefx.com/,False,https://www.sidefx.com/%3E%3C/svg%3E/,https://www.sidefx.com/,https://www.sidefx.com/%3E%3C/svg%3E/,recon_page,2026-05-02T20:42:46.234536
46,1,3,0,0,0,0,1,0,14,0,com,404,4,25,795.347,0,0,19,1,nginx,0,html,0,0,0,0,5,0,1,1,1,1,0,0,0,0,0,0,0,0,0,0,0,0,0,0,0,0,0,0,0,0,0,0,0,0,0,0,0,0,0,0,0,0,0,0,0,0,0,0,1,0,0,0,0,0,0,0,0,1,0,0,0,0,0,0,0,0,0,0,0,0,0,0,0.0,0.0,0.0,0,0,0,0,0,0,0,0,0,0,0,0,0,0,0,0,0,0,0,0,0,0.0,0.0,0.625,0.0,0,,multi_full_20260502_195038_0001,2026-05-02T20:42:48.186990,https://www.sidefx.com/lifecycle/flows/signup/,https://www.sidefx.com/,False,https://www.sidefx.com/lifecycle/flows/signup/,https://www.sidefx.com/,https://www.sidefx.com/lifecycle/flows/signup/,recon_page,2026-05-02T20:42:48.192457
31,1,1,0,0,0,0,1,0,14,0,com,404,4,25,695.803,0,0,19,1,nginx,0,html,0,0,0,0,5,0,1,1,1,1,0,0,0,0,0,0,0,0,0,0,0,0,0,0,0,0,0,0,0,0,0,0,0,0,0,0,0,0,0,0,0,0,0,0,0,0,0,0,1,0,0,0,0,0,0,0,0,1,0,0,0,0,0,0,0,0,0,0,0,0,0,0,0.0,0.0,0.0,0,0,0,0,0,0,0,0,0,0,0,0,0,0,0,0,0,0,0,0,0,0.0,0.0,0.625,0.0,0,,multi_full_20260502_195038_0001,2026-05-02T20:42:48.451786,https://www.sidefx.com/restart/,https://www.sidefx.com/,False,https://www.sidefx.com/restart/,https://www.sidefx.com/,https://www.sidefx.com/restart/,recon_page,2026-05-02T20:42:48.458198
86,1,2,1,1,0,0,1,0,14,0,com,200,2,23248,202.712,0,0,20,0,unknown,0,html,1,3,0,1,5,0,1,1,0,1,0,0,0,0,0,0,0,0,0,0,0,0,0,0,0,0,0,0,1,5,4,0,1,0,0,0,0,0,0,1,10,0,0,1,1,1,1,0,0,0,0,1,0,0,0,0,1,1,0,0,0,0,0,0,0,0,0,0,0,0,0,0,1.0,1.0,1.0,0,0,0,0,0,0,0,0,0,0,0,0,1,0,0,0,0,0,0,0,0,0.0,0.00021507226428079835,0.625,0.0,0,,multi_full_20260502_195038_0001,2026-05-02T20:43:22.739427,https://www.sidefx.com/login/microsoft-graph/?next=/learn/talks/equinox-worldwide-hug/,https://www.sidefx.com/,False,https://www.sidefx.com/login/microsoft-graph/?next=/learn/talks/equinox-worldwide-hug/,https://www.sidefx.com/,https://www.sidefx.com/login/microsoft-graph/?next=/learn/talks/equinox-worldwide-hug/,recon_page,2026-05-02T20:43:22.745455
88,1,1,1,1,0,0,1,0,14,0,com,200,2,29847,301.349,0,0,23,1,nginx,0,html,1,2,0,1,6,0,1,1,1,1,1,4,1,15,1,2,1,5,0,0,1,1,1,7,0,0,1,1,1,11,5,6,0,1,111,101,10,1,5,1,7,1,2,1,1,2,1,0,1,0,0,0,0,0,0,0,0,1,0,0,0,0,0,0,0,0,0,0,0,0,0,0,1.0,1.0,1.0,0,0,0,1,3,1,2,3,1,4,0,9,103,6,0,0,0,0,0,0,0,3.75,0.0003685462525546956,0.75,0.8711093242201896,0,,multi_full_20260502_195038_0001,2026-05-02T20:43:23.013198,https://www.sidefx.com/login/?next=/learn/talks/call-the-cops-my-terrain-is-rocking-out/,https://www.sidefx.com/,False,https://www.sidefx.com/login/?next=/learn/talks/call-the-cops-my-terrain-is-rocking-out/,https://www.sidefx.com/,https://www.sidefx.com/login/?next=/learn/talks/call-the-cops-my-terrain-is-rocking-out/,recon_page,2026-05-02T20:43:23.026316
70,1,1,1,1,0,0,1,0,14,0,com,200,2,29847,298.91,0,0,23,1,nginx,0,html,1,2,0,1,6,0,1,1,1,1,1,4,1,15,1,2,1,5,0,0,1,1,1,7,0,0,1,1,1,11,5,6,0,1,111,101,10,1,5,1,7,1,2,1,1,2,1,0,1,0,0,0,0,0,0,0,0,1,0,0,0,0,0,0,0,0,0,0,0,0,0,0,1.0,1.0,1.0,0,0,0,1,3,1,2,3,1,4,0,9,103,6,0,0,0,0,0,0,0,3.75,0.0003685462525546956,0.75,0.8711093242201896,0,,multi_full_20260502_195038_0001,2026-05-02T20:43:23.270386,https://www.sidefx.com/login/?next=/learn/talks/equinox-worldwide-hug/,https://www.sidefx.com/,False,https://www.sidefx.com/login/?next=/learn/talks/equinox-worldwide-hug/,https://www.sidefx.com/,https://www.sidefx.com/login/?next=/learn/talks/equinox-worldwide-hug/,recon_page,2026-05-02T20:43:23.298102
40,1,2,0,0,0,0,1,0,14,0,com,200,2,44215,389.118,0,0,21,1,nginx,0,html,1,1,0,0,5,0,1,1,1,1,1,3,1,9,1,1,1,3,0,0,1,1,1,5,0,0,1,1,1,17,8,7,2,1,122,111,11,1,19,1,7,1,3,1,1,7,1,0,1,0,0,0,0,0,0,0,0,1,0,0,0,0,0,0,0,0,0,0,0,0,0,0,1.0,1.0,1.0,0,0,0,1,2,1,1,2,1,3,0,6,122,7,0,0,0,0,0,0,0,3.0,0.0003844849033133552,0.625,0.38448490331335516,0,,multi_full_20260502_195038_0001,2026-05-02T20:43:23.297817,https://www.sidefx.com/profile/dmitriiv/,https://www.sidefx.com/,False,https://www.sidefx.com/profile/dmitriiv/,https://www.sidefx.com/,https://www.sidefx.com/profile/dmitriiv/,recon_page,2026-05-02T20:43:23.333650
84,1,2,1,1,0,0,1,0,14,0,com,200,2,1230486,190.012,0,0,23,1,ESF,0,html,0,0,0,1,7,1,1,1,1,1,0,0,0,0,0,0,0,0,0,0,0,0,0,0,0,0,0,0,1,4,4,0,0,1,1,0,1,0,0,1,1,0,0,1,0,0,0,0,0,0,0,0,0,0,0,0,0,1,0,0,0,0,0,0,0,0,0,0,0,0,0,0,0.0,0.0,0.0,0,0,0,0,0,0,0,0,0,0,0,0,1,0,0,0,0,0,0,0,1,0.0,3.250748078401542e-06,0.875,0.0,0,,multi_full_20260502_195038_0001,2026-05-02T20:43:23.906508,https://www.sidefx.com/login/google-oauth2/?next=/learn/talks/equinox-worldwide-hug/,https://www.sidefx.com/,False,https://www.sidefx.com/login/google-oauth2/?next=/learn/talks/equinox-worldwide-hug/,https://www.sidefx.com/,https://www.sidefx.com/login/google-oauth2/?next=/learn/talks/equinox-worldwide-hug/,recon_page,2026-05-02T20:43:23.913276
83,1,2,1,1,0,0,1,0,14,0,com,200,2,54318,396.896,0,0,20,1,ATS,0,html,1,1,0,1,7,1,1,1,1,1,0,0,0,0,0,0,0,0,0,0,0,0,0,0,0,0,0,0,1,38,14,0,24,1,14,0,14,0,0,1,7,1,6,1,1,4,1,0,0,0,0,0,0,0,0,0,0,1,0,0,0,0,0,0,0,0,0,0,0,0,0,0,1.0,1.0,0.0,0,0,0,0,0,0,0,0,0,0,0,0,36,0,0,0,0,0,0,0,0,0.0,0.000699583931661696,0.875,0.0,0,,multi_full_20260502_195038_0001,2026-05-02T20:43:24.165636,https://www.sidefx.com/login/yahoo-oauth2/?next=/learn/talks/equinox-worldwide-hug/,https://www.sidefx.com/,False,https://www.sidefx.com/login/yahoo-oauth2/?next=/learn/talks/equinox-worldwide-hug/,https://www.sidefx.com/,https://www.sidefx.com/login/yahoo-oauth2/?next=/learn/talks/equinox-worldwide-hug/,recon_page,2026-05-02T20:43:24.170119
101,1,2,1,1,0,0,1,0,14,0,com,200,2,54318,430.659,0,0,20,1,ATS,0,html,1,1,0,1,7,1,1,1,1,1,0,0,0,0,0,0,0,0,0,0,0,0,0,0,0,0,0,0,1,38,14,0,24,1,14,0,14,0,0,1,7,1,6,1,1,4,1,0,0,0,0,0,0,0,0,0,0,1,0,0,0,0,0,0,0,0,0,0,0,0,0,0,1.0,1.0,0.0,0,0,0,0,0,0,0,0,0,0,0,0,36,0,0,0,0,0,0,0,0,0.0,0.000699583931661696,0.875,0.0,0,,multi_full_20260502_195038_0001,2026-05-02T20:43:24.463153,https://www.sidefx.com/login/yahoo-oauth2/?next=/learn/talks/call-the-cops-my-terrain-is-rocking-out/,https://www.sidefx.com/,False,https://www.sidefx.com/login/yahoo-oauth2/?next=/learn/talks/call-the-cops-my-terrain-is-rocking-out/,https://www.sidefx.com/,https://www.sidefx.com/login/yahoo-oauth2/?next=/learn/talks/call-the-cops-my-terrain-is-rocking-out/,recon_page,2026-05-02T20:43:24.469509
104,1,2,1,1,0,0,1,0,14,0,com,200,2,23066,196.594,0,0,20,0,unknown,0,html,1,3,0,1,5,0,1,1,0,1,0,0,0,0,0,0,0,0,0,0,0,0,0,0,0,0,0,0,1,5,4,0,1,0,0,0,0,0,0,1,10,0,0,1,1,1,1,0,0,0,0,1,0,0,0,0,1,1,0,0,0,0,0,0,0,0,0,0,0,0,0,0,1.0,1.0,1.0,0,0,0,0,0,0,0,0,0,0,0,0,1,0,0,0,0,0,0,0,0,0.0,0.00021676927078817306,0.625,0.0,0,,multi_full_20260502_195038_0001,2026-05-02T20:43:24.844135,https://www.sidefx.com/login/microsoft-graph/?next=/learn/talks/call-the-cops-my-terrain-is-rocking-out/,https://www.sidefx.com/,False,https://www.sidefx.com/login/microsoft-graph/?next=/learn/talks/call-the-cops-my-terrain-is-rocking-out/,https://www.sidefx.com/,https://www.sidefx.com/login/microsoft-graph/?next=/learn/talks/call-the-cops-my-terrain-is-rocking-out/,recon_page,2026-05-02T20:43:24.995467
102,1,2,1,1,0,0,1,0,14,0,com,200,2,1230464,286.83,0,0,23,1,ESF,0,html,0,0,0,1,7,1,1,1,1,1,0,0,0,0,0,0,0,0,0,0,0,0,0,0,0,0,0,0,1,4,4,0,0,1,1,0,1,0,0,1,1,0,0,1,0,0,0,0,0,0,0,0,0,0,0,0,0,1,0,0,0,0,0,0,0,0,0,0,0,0,0,0,0.0,0.0,0.0,0,0,0,0,0,0,0,0,0,0,0,0,1,0,0,0,0,0,0,0,1,0.0,3.2508061999375846e-06,0.875,0.0,0,,multi_full_20260502_195038_0001,2026-05-02T20:43:24.991781,https://www.sidefx.com/login/google-oauth2/?next=/learn/talks/call-the-cops-my-terrain-is-rocking-out/,https://www.sidefx.com/,False,https://www.sidefx.com/login/google-oauth2/?next=/learn/talks/call-the-cops-my-terrain-is-rocking-out/,https://www.sidefx.com/,https://www.sidefx.com/login/google-oauth2/?next=/learn/talks/call-the-cops-my-terrain-is-rocking-out/,recon_page,2026-05-02T20:43:24.996860
69,1,2,1,1,0,0,1,0,14,0,com,200,2,54318,431.938,0,0,20,1,ATS,0,html,1,1,0,1,7,1,1,1,1,1,0,0,0,0,0,0,0,0,0,0,0,0,0,0,0,0,0,0,1,38,14,0,24,1,14,0,14,0,0,1,7,1,6,1,1,4,1,0,0,0,0,0,0,0,0,0,0,1,0,0,0,0,0,0,0,0,0,0,0,0,0,0,1.0,1.0,0.0,0,0,0,0,0,0,0,0,0,0,0,0,36,0,0,0,0,0,0,0,0,0.0,0.000699583931661696,0.875,0.0,0,,multi_full_20260502_195038_0001,2026-05-02T20:43:33.851697,https://www.sidefx.com/login/yahoo-oauth2/?next=/company/internships/,https://www.sidefx.com/,False,https://www.sidefx.com/login/yahoo-oauth2/?next=/company/internships/,https://www.sidefx.com/,https://www.sidefx.com/login/yahoo-oauth2/?next=/company/internships/,recon_page,2026-05-02T20:43:33.855735
56,1,1,1,1,0,0,1,0,14,0,com,200,2,29847,305.43399999999997,0,0,23,1,nginx,0,html,1,2,0,1,6,0,1,1,1,1,1,4,1,15,1,2,1,5,0,0,1,1,1,7,0,0,1,1,1,11,5,6,0,1,111,101,10,1,5,1,7,1,2,1,1,2,1,0,1,0,0,0,0,0,0,0,0,1,0,0,0,0,0,0,1,0,0,0,0,0,0,0,1.0,1.0,1.0,0,0,0,1,3,1,2,3,1,4,0,9,103,6,0,0,0,0,0,0,0,3.75,0.0003685462525546956,0.75,0.8711093242201896,0,,multi_full_20260502_195038_0001,2026-05-02T20:44:20.117525,https://www.sidefx.com/login/?next=/company/internships/,https://www.sidefx.com/,False,https://www.sidefx.com/login/?next=/company/internships/,https://www.sidefx.com/,https://www.sidefx.com/login/?next=/company/internships/,recon_page,2026-05-02T20:44:20.124338
72,1,2,1,1,0,0,1,0,14,0,com,200,2,23173,326.71099999999996,0,0,20,0,unknown,0,html,1,3,0,1,5,0,1,1,0,1,0,0,0,0,0,0,0,0,0,0,0,0,0,0,0,0,0,0,1,5,4,0,1,0,0,0,0,0,0,1,10,0,0,1,1,1,1,0,0,0,0,1,0,0,0,0,1,1,0,0,0,0,0,0,0,0,0,0,0,0,0,0,1.0,1.0,1.0,0,0,0,0,0,0,0,0,0,0,0,0,1,0,0,0,0,0,0,0,0,0.0,0.0002157683510982609,0.625,0.0,0,,multi_full_20260502_195038_0001,2026-05-02T20:44:34.635106,https://www.sidefx.com/login/microsoft-graph/?next=/company/internships/,https://www.sidefx.com/,False,https://www.sidefx.com/login/microsoft-graph/?next=/company/internships/,https://www.sidefx.com/,https://www.sidefx.com/login/microsoft-graph/?next=/company/internships/,recon_page,2026-05-02T20:44:34.638320
60,1,3,0,0,0,0,1,0,14,0,com,200,2,37700,353.28700000000003,0,0,20,1,nginx,0,html,1,1,0,0,5,0,1,1,1,1,1,3,1,9,1,1,1,3,0,0,1,1,1,5,0,0,1,1,1,17,8,7,2,1,115,98,17,1,6,1,7,1,3,1,1,7,1,0,1,0,1,1,0,0,0,0,0,1,0,0,0,0,0,0,0,0,0,0,0,0,0,0,1.0,1.0,1.0,0,0,0,1,2,1,1,2,1,3,0,6,114,6,0,3,0,0,0,0,0,3.0,0.00045092838196286473,0.625,0.45092838196286467,0,,multi_full_20260502_195038_0001,2026-05-02T20:44:41.533446,https://www.sidefx.com/education/internships/internship-faq/,https://www.sidefx.com/,False,https://www.sidefx.com/education/internships/internship-faq/,https://www.sidefx.com/,https://www.sidefx.com/education/internships/internship-faq/,recon_page,2026-05-02T20:44:41.536988
70,1,2,1,1,0,0,1,0,14,0,com,200,2,1230574,302.156,0,0,23,1,ESF,0,html,0,0,0,1,7,1,1,1,1,1,0,0,0,0,0,0,0,0,0,0,0,0,0,0,0,0,0,0,1,4,4,0,0,1,1,0,1,0,0,1,1,0,0,1,0,0,0,0,0,0,0,0,0,0,0,0,0,1,0,0,0,0,0,0,0,0,0,0,0,0,0,0,0.0,0.0,0.0,0,0,0,0,0,0,0,0,0,0,0,0,1,0,0,0,0,0,0,0,1,0.0,3.2505156130391184e-06,0.875,0.0,0,,multi_full_20260502_195038_0001,2026-05-02T20:44:56.971503,https://www.sidefx.com/login/google-oauth2/?next=/company/internships/,https://www.sidefx.com/,False,https://www.sidefx.com/login/google-oauth2/?next=/company/internships/,https://www.sidefx.com/,https://www.sidefx.com/login/google-oauth2/?next=/company/internships/,recon_page,2026-05-02T20:44:56.977824
52,1,1,1,1,0,0,1,0,14,0,com,200,2,29847,879.6500000000001,0,0,23,1,nginx,0,html,1,2,0,1,6,0,1,1,1,1,1,4,1,15,1,2,1,5,0,0,1,1,1,7,0,0,1,1,1,11,5,6,0,1,111,101,10,1,5,1,7,1,2,1,1,2,1,0,1,0,0,0,0,0,0,0,0,1,0,0,0,0,0,0,1,0,0,0,0,0,0,0,1.0,1.0,1.0,0,0,0,1,3,1,2,3,1,4,0,9,103,6,0,0,0,0,0,0,0,3.75,0.0003685462525546956,0.75,0.8711093242201896,0,,multi_full_20260502_195038_0001,2026-05-02T20:45:13.648720,https://www.sidefx.com/login/?next=/events/calendar/,https://www.sidefx.com/,False,https://www.sidefx.com/login/?next=/events/calendar/,https://www.sidefx.com/,https://www.sidefx.com/login/?next=/events/calendar/,recon_page,2026-05-02T20:45:13.673877
31,1,1,0,0,0,0,1,0,14,0,com,200,2,116180,587.884,0,0,20,1,nginx,0,html,1,1,0,0,5,0,1,1,1,1,1,3,1,9,1,1,1,3,0,0,1,1,1,7,0,0,1,1,1,22,9,10,3,1,112,102,10,1,10,1,7,1,8,1,1,12,1,0,1,0,0,0,0,0,0,0,0,1,0,0,0,0,0,0,0,0,0,0,0,0,0,0,1.0,1.0,1.0,0,0,0,1,2,1,1,2,1,3,0,6,115,3,0,0,0,0,0,0,0,3.0,0.00018936133585815114,0.625,0.1635393355138578,0,,multi_full_20260502_195038_0001,2026-05-02T20:45:13.672430,https://www.sidefx.com/careers/,https://www.sidefx.com/,False,https://www.sidefx.com/careers/,https://www.sidefx.com/,https://www.sidefx.com/careers/,recon_page,2026-05-02T20:45:13.682788
68,1,2,1,1,0,0,1,0,14,0,com,200,2,23075,164.191,0,0,20,0,unknown,0,html,1,3,0,1,5,0,1,1,0,1,0,0,0,0,0,0,0,0,0,0,0,0,0,0,0,0,0,0,1,5,4,0,1,0,0,0,0,0,0,1,10,0,0,1,1,1,1,0,0,0,0,1,0,0,0,0,1,1,0,0,0,0,0,0,0,0,0,0,0,0,0,0,1.0,1.0,1.0,0,0,0,0,0,0,0,0,0,0,0,0,1,0,0,0,0,0,0,0,0,0.0,0.00021668472372697725,0.625,0.0,0,,multi_full_20260502_195038_0001,2026-05-02T20:45:15.369912,https://www.sidefx.com/login/microsoft-graph/?next=/events/calendar/,https://www.sidefx.com/,False,https://www.sidefx.com/login/microsoft-graph/?next=/events/calendar/,https://www.sidefx.com/,https://www.sidefx.com/login/microsoft-graph/?next=/events/calendar/,recon_page,2026-05-02T20:45:15.375082
66,1,2,1,1,0,0,1,0,14,0,com,200,2,1230082,253.34699999999998,0,0,23,1,ESF,0,html,0,0,0,1,7,1,1,1,1,1,0,0,0,0,0,0,0,0,0,0,0,0,0,0,0,0,0,0,1,4,4,0,0,1,1,0,1,0,0,1,1,0,0,1,0,0,0,0,0,0,0,0,0,0,0,0,0,1,0,0,0,0,0,0,0,0,0,0,0,0,0,0,0.0,0.0,0.0,0,0,0,0,0,0,0,0,0,0,0,0,1,0,0,0,0,0,0,0,1,0.0,3.251815732609696e-06,0.875,0.0,0,,multi_full_20260502_195038_0001,2026-05-02T20:45:16.222818,https://www.sidefx.com/login/google-oauth2/?next=/events/calendar/,https://www.sidefx.com/,False,https://www.sidefx.com/login/google-oauth2/?next=/events/calendar/,https://www.sidefx.com/,https://www.sidefx.com/login/google-oauth2/?next=/events/calendar/,recon_page,2026-05-02T20:45:16.227586
56,1,3,0,0,0,0,1,0,14,0,com,200,2,34439,467.755,0,0,20,1,nginx,0,html,1,1,0,0,5,0,1,1,1,1,1,3,1,9,1,1,1,3,0,0,1,1,1,5,0,0,1,1,1,20,8,10,2,1,113,103,10,1,7,1,7,1,7,1,1,12,1,0,1,0,0,0,0,0,0,0,0,1,0,0,0,0,0,0,0,0,0,0,0,0,0,0,1.0,1.0,1.0,0,0,0,1,2,1,1,2,1,3,0,6,114,3,0,0,0,0,0,0,0,3.0,0.000580736955196144,0.625,0.4936264119167223,0,,multi_full_20260502_195038_0001,2026-05-02T20:45:31.402820,https://www.sidefx.com/company/contact-us/sales-inquiry/,https://www.sidefx.com/,False,https://www.sidefx.com/company/contact-us/sales-inquiry/,https://www.sidefx.com/,https://www.sidefx.com/company/contact-us/sales-inquiry/,recon_page,2026-05-02T20:45:31.407611
69,1,2,1,1,0,0,1,0,14,0,com,200,2,1230081,251.51299999999998,0,0,23,1,ESF,0,html,0,0,0,1,7,1,1,1,1,1,0,0,0,0,0,0,0,0,0,0,0,0,0,0,0,0,0,0,1,4,4,0,0,1,1,0,1,0,0,1,1,0,0,1,0,0,0,0,0,0,0,0,0,0,0,0,0,1,0,0,0,0,0,0,0,0,0,0,0,0,0,0,0.0,0.0,0.0,0,0,0,0,0,0,0,0,0,0,0,0,1,0,0,0,0,0,0,0,1,0.0,3.251818376188235e-06,0.875,0.0,0,,multi_full_20260502_195038_0001,2026-05-02T20:46:06.134965,https://www.sidefx.com/login/google-oauth2/?next=/company/contact-us/,https://www.sidefx.com/,False,https://www.sidefx.com/login/google-oauth2/?next=/company/contact-us/,https://www.sidefx.com/,https://www.sidefx.com/login/google-oauth2/?next=/company/contact-us/,recon_page,2026-05-02T20:46:06.139128
68,1,2,1,1,0,0,1,0,14,0,com,200,2,54318,745.655,0,0,20,1,ATS,0,html,1,1,0,1,7,1,1,1,1,1,0,0,0,0,0,0,0,0,0,0,0,0,0,0,0,0,0,0,1,38,14,0,24,1,14,0,14,0,0,1,7,1,6,1,1,4,1,0,0,0,0,0,0,0,0,0,0,1,0,0,0,0,0,0,0,0,0,0,0,0,0,0,1.0,1.0,0.0,0,0,0,0,0,0,0,0,0,0,0,0,36,0,0,0,0,0,0,0,0,0.0,0.000699583931661696,0.875,0.0,0,,multi_full_20260502_195038_0001,2026-05-02T20:46:13.488658,https://www.sidefx.com/login/yahoo-oauth2/?next=/company/contact-us/,https://www.sidefx.com/,False,https://www.sidefx.com/login/yahoo-oauth2/?next=/company/contact-us/,https://www.sidefx.com/,https://www.sidefx.com/login/yahoo-oauth2/?next=/company/contact-us/,recon_page,2026-05-02T20:46:13.493718
66,1,3,0,0,0,0,1,0,14,0,com,200,2,32476,648.284,0,0,20,1,nginx,0,html,1,1,0,0,5,0,1,1,1,1,1,3,1,9,1,1,1,3,0,0,1,1,1,5,0,0,1,1,1,20,8,10,2,1,111,101,10,1,7,1,7,1,8,1,1,12,1,0,1,0,0,0,0,0,0,0,0,1,0,0,0,0,0,0,0,0,0,0,0,0,0,0,1.0,1.0,1.0,0,0,0,1,2,1,1,2,1,3,0,6,114,3,0,0,0,0,0,0,0,3.0,0.000615839389087326,0.625,0.5234634807242271,0,,multi_full_20260502_195038_0001,2026-05-02T20:46:27.257696,https://www.sidefx.com/company/contact-us-old/partnership-inquiry/,https://www.sidefx.com/,False,https://www.sidefx.com/company/contact-us-old/partnership-inquiry/,https://www.sidefx.com/,https://www.sidefx.com/company/contact-us-old/partnership-inquiry/,recon_page,2026-05-02T20:46:27.263566
55,1,1,1,1,0,0,1,0,14,0,com,200,2,29847,236.132,0,0,23,1,nginx,0,html,1,2,0,1,6,0,1,1,1,1,1,4,1,15,1,2,1,5,0,0,1,1,1,7,0,0,1,1,1,11,5,6,0,1,111,101,10,1,5,1,7,1,2,1,1,2,1,0,1,0,0,0,0,0,0,0,0,1,0,0,0,0,0,0,1,0,0,0,0,0,0,0,1.0,1.0,1.0,0,0,0,1,3,1,2,3,1,4,0,9,103,6,0,0,0,0,0,0,0,3.75,0.0003685462525546956,0.75,0.8711093242201896,0,,multi_full_20260502_195038_0001,2026-05-02T20:46:57.752027,https://www.sidefx.com/login/?next=/company/contact-us/,https://www.sidefx.com/,False,https://www.sidefx.com/login/?next=/company/contact-us/,https://www.sidefx.com/,https://www.sidefx.com/login/?next=/company/contact-us/,recon_page,2026-05-02T20:46:57.756210
45,1,2,0,0,0,0,1,0,14,0,com,200,2,47364,1089.6129999999998,0,0,20,1,nginx,0,html,1,1,0,0,5,0,1,1,1,1,1,3,1,9,1,1,1,3,0,0,1,1,1,5,0,0,1,1,1,20,8,10,2,1,147,102,45,1,42,1,7,1,8,1,1,11,1,0,1,0,0,0,0,0,0,0,0,1,0,0,0,0,0,0,0,0,0,0,0,0,0,0,1.0,1.0,1.0,0,0,0,1,2,1,1,2,1,3,0,6,139,3,0,0,0,0,0,0,0,3.0,0.0004222616333079976,0.625,0.358922388311798,0,,multi_full_20260502_195038_0001,2026-05-02T20:46:58.743612,https://www.sidefx.com/tech-demos/turbulence/,https://www.sidefx.com/,False,https://www.sidefx.com/tech-demos/turbulence/,https://www.sidefx.com/,https://www.sidefx.com/tech-demos/turbulence/,recon_page,2026-05-02T20:46:58.753911
70,1,3,0,0,0,0,1,0,14,0,com,200,2,36347,286.83599999999996,0,0,20,1,nginx,0,html,1,1,0,0,5,0,1,1,1,1,1,3,1,9,1,1,1,3,0,0,1,1,1,5,0,0,1,1,1,23,11,10,2,1,114,104,10,1,8,1,7,1,8,1,1,12,1,0,1,0,0,0,0,0,0,0,1,1,0,0,0,0,0,0,0,0,0,0,0,0,0,0,1.0,1.0,1.0,0,0,0,1,2,1,1,2,1,3,0,6,116,3,0,0,0,0,0,0,0,3.0,0.0006327895011967975,0.625,0.46771397914545904,0,,multi_full_20260502_195038_0001,2026-05-02T20:46:59.051204,https://www.sidefx.com/education/education-programs/education-inquiry/,https://www.sidefx.com/,False,https://www.sidefx.com/education/education-programs/education-inquiry/,https://www.sidefx.com/,https://www.sidefx.com/education/education-programs/education-inquiry/,recon_page,2026-05-02T20:46:59.063813
31,1,1,0,0,0,0,1,0,14,0,com,200,2,84874,1257.3700000000001,0,0,21,1,nginx,0,html,1,1,0,0,5,0,1,1,1,1,1,3,1,10,1,1,1,3,0,0,1,1,1,6,0,0,1,1,1,19,8,8,3,1,153,132,21,1,52,1,7,1,6,1,1,15,1,0,1,0,0,0,0,0,0,0,0,1,0,0,0,0,0,0,0,0,0,0,0,0,0,0,1.0,1.0,1.0,0,0,0,1,2,1,1,2,1,3,0,6,155,3,0,0,0,0,0,0,0,3.3333333333333335,0.0002238612531517308,0.625,0.2238612531517308,0,,multi_full_20260502_195038_0001,2026-05-02T20:46:59.062691,https://www.sidefx.com/dawning/,https://www.sidefx.com/,False,https://www.sidefx.com/dawning/,https://www.sidefx.com/,https://www.sidefx.com/dawning/,recon_page,2026-05-02T20:46:59.070169
33,1,1,0,0,0,0,1,0,14,0,com,200,2,94604,1064.275,0,0,20,1,nginx,0,html,1,1,0,0,5,0,1,1,1,1,1,3,1,9,1,1,1,3,0,0,1,1,1,7,0,0,1,1,1,21,9,10,2,1,125,102,23,1,19,1,7,1,8,1,1,11,1,0,1,0,0,0,0,0,0,0,0,1,0,0,0,0,0,0,0,0,0,0,0,0,0,0,1.0,1.0,1.0,0,0,0,1,2,1,1,2,1,3,0,6,128,3,0,0,0,0,0,0,0,3.0,0.00022197792905162572,0.625,0.20083717390385183,0,,multi_full_20260502_195038_0001,2026-05-02T20:46:59.481345,https://www.sidefx.com/greylight/,https://www.sidefx.com/,False,https://www.sidefx.com/greylight/,https://www.sidefx.com/,https://www.sidefx.com/greylight/,recon_page,2026-05-02T20:46:59.491631
88,1,2,1,1,0,0,1,0,14,0,com,200,2,23163,191.023,0,0,20,0,unknown,0,html,1,3,0,1,5,0,1,1,0,1,0,0,0,0,0,0,0,0,0,0,0,0,0,0,0,0,0,0,1,5,4,0,1,0,0,0,0,0,0,1,10,0,0,1,1,1,1,0,0,0,0,1,0,0,0,0,1,1,0,0,0,0,0,0,0,0,0,0,0,0,0,0,1.0,1.0,1.0,0,0,0,0,0,0,0,0,0,0,0,0,1,0,0,0,0,0,0,0,0,0.0,0.0002158615032595087,0.625,0.0,0,,multi_full_20260502_195038_0001,2026-05-02T20:46:59.717799,https://www.sidefx.com/login/microsoft-graph/?next=/learn-main-menu/production-projects/,https://www.sidefx.com/,False,https://www.sidefx.com/login/microsoft-graph/?next=/learn-main-menu/production-projects/,https://www.sidefx.com/,https://www.sidefx.com/login/microsoft-graph/?next=/learn-main-menu/production-projects/,recon_page,2026-05-02T20:46:59.725209
72,1,1,1,1,0,0,1,0,14,0,com,200,2,29847,1030.6,0,0,23,1,nginx,0,html,1,2,0,1,6,0,1,1,1,1,1,4,1,15,1,2,1,5,0,0,1,1,1,7,0,0,1,1,1,11,5,6,0,1,111,101,10,1,5,1,7,1,2,1,1,2,1,0,1,0,0,0,0,0,0,0,0,1,0,0,0,0,0,0,1,0,0,0,0,0,0,0,1.0,1.0,1.0,0,0,0,1,3,1,2,3,1,4,0,9,103,6,0,0,0,0,0,0,0,3.75,0.0003685462525546956,0.75,0.8711093242201896,0,,multi_full_20260502_195038_0001,2026-05-02T20:46:59.706960,https://www.sidefx.com/login/?next=/learn-main-menu/production-projects/,https://www.sidefx.com/,False,https://www.sidefx.com/login/?next=/learn-main-menu/production-projects/,https://www.sidefx.com/,https://www.sidefx.com/login/?next=/learn-main-menu/production-projects/,recon_page,2026-05-02T20:46:59.722472
85,1,2,1,1,0,0,1,0,14,0,com,200,2,54318,415.25,0,0,20,1,ATS,0,html,1,1,0,1,7,1,1,1,1,1,0,0,0,0,0,0,0,0,0,0,0,0,0,0,0,0,0,0,1,38,14,0,24,1,14,0,14,0,0,1,7,1,6,1,1,4,1,0,0,0,0,0,0,0,0,0,0,1,0,0,0,0,0,0,0,0,0,0,0,0,0,0,1.0,1.0,0.0,0,0,0,0,0,0,0,0,0,0,0,0,36,0,0,0,0,0,0,0,0,0.0,0.000699583931661696,0.875,0.0,0,,multi_full_20260502_195038_0001,2026-05-02T20:47:00.262919,https://www.sidefx.com/login/yahoo-oauth2/?next=/learn-main-menu/production-projects/,https://www.sidefx.com/,False,https://www.sidefx.com/login/yahoo-oauth2/?next=/learn-main-menu/production-projects/,https://www.sidefx.com/,https://www.sidefx.com/login/yahoo-oauth2/?next=/learn-main-menu/production-projects/,recon_page,2026-05-02T20:47:00.270788
86,1,2,1,1,0,0,1,0,14,0,com,200,2,1230603,212.26700000000002,0,0,23,1,ESF,0,html,0,0,0,1,7,1,1,1,1,1,0,0,0,0,0,0,0,0,0,0,0,0,0,0,0,0,0,0,1,4,4,0,0,1,1,0,1,0,0,1,1,0,0,1,0,0,0,0,0,0,0,0,0,0,0,0,0,1,0,0,0,0,0,0,0,0,0,0,0,0,0,0,0.0,0.0,0.0,0,0,0,0,0,0,0,0,0,0,0,0,1,0,0,0,0,0,0,0,1,0.0,3.2504390124191148e-06,0.875,0.0,0,,multi_full_20260502_195038_0001,2026-05-02T20:47:08.726711,https://www.sidefx.com/login/google-oauth2/?next=/learn-main-menu/production-projects/,https://www.sidefx.com/,False,https://www.sidefx.com/login/google-oauth2/?next=/learn-main-menu/production-projects/,https://www.sidefx.com/,https://www.sidefx.com/login/google-oauth2/?next=/learn-main-menu/production-projects/,recon_page,2026-05-02T20:47:08.730894
28,1,1,0,0,0,0,1,0,14,0,com,200,2,54592,368.045,0,0,20,1,nginx,0,html,1,1,0,0,5,0,1,1,1,1,1,3,1,9,1,1,1,3,0,0,1,1,1,5,0,0,1,1,1,18,8,8,2,1,143,118,25,1,33,1,7,1,5,1,1,12,1,0,1,0,0,0,0,0,0,0,0,1,0,0,0,0,0,0,0,0,0,0,0,0,0,0,1.0,1.0,1.0,0,0,0,1,2,1,1,2,1,3,0,6,134,3,0,0,0,0,0,0,0,3.0,0.0003297186400937866,0.625,0.31140093786635403,0,,multi_full_20260502_195038_0001,2026-05-02T20:47:43.485437,https://www.sidefx.com/grot/,https://www.sidefx.com/,False,https://www.sidefx.com/grot/,https://www.sidefx.com/,https://www.sidefx.com/grot/,recon_page,2026-05-02T20:47:43.489670
68,1,3,0,0,0,0,1,0,14,0,com,200,2,93892,682.922,0,0,20,1,nginx,0,html,1,1,0,0,5,0,1,1,1,1,1,3,1,9,1,1,1,3,0,0,1,1,1,7,0,0,1,1,1,21,9,10,2,1,126,113,13,1,16,1,7,1,8,1,1,11,1,0,1,0,0,0,0,0,0,0,0,1,0,0,0,0,0,0,0,0,0,0,0,0,0,0,1.0,1.0,1.0,0,0,0,1,2,1,1,2,1,3,0,6,123,3,0,0,0,0,0,0,0,3.0,0.00022366122779363524,0.625,0.2023601584799557,0,,multi_full_20260502_195038_0001,2026-05-02T20:48:15.714675,https://www.sidefx.com/learn-main-menu/tech-demos/project-elderwood/,https://www.sidefx.com/,False,https://www.sidefx.com/learn-main-menu/tech-demos/project-elderwood/,https://www.sidefx.com/,https://www.sidefx.com/learn-main-menu/tech-demos/project-elderwood/,recon_page,2026-05-02T20:48:15.718354
76,1,2,1,1,0,0,1,0,14,0,com,200,2,1230442,305.04900000000004,0,0,23,1,ESF,0,html,0,0,0,1,7,1,1,1,1,1,0,0,0,0,0,0,0,0,0,0,0,0,0,0,0,0,0,0,1,4,4,0,0,1,1,0,1,0,0,1,1,0,0,1,0,0,0,0,0,0,0,0,0,0,0,0,0,1,0,0,0,0,0,0,0,0,0,0,0,0,0,0,0.0,0.0,0.0,0,0,0,0,0,0,0,0,0,0,0,0,1,0,0,0,0,0,0,0,1,0.0,3.2508643235520244e-06,0.875,0.0,0,,multi_full_20260502_195038_0001,2026-05-02T20:48:29.357814,https://www.sidefx.com/login/google-oauth2/?next=/gallery/the-playful-deity/,https://www.sidefx.com/,False,https://www.sidefx.com/login/google-oauth2/?next=/gallery/the-playful-deity/,https://www.sidefx.com/,https://www.sidefx.com/login/google-oauth2/?next=/gallery/the-playful-deity/,recon_page,2026-05-02T20:48:29.360833
41,1,2,0,0,0,0,1,0,14,0,com,200,2,43064,368.905,0,0,21,1,nginx,0,html,1,1,0,0,5,0,1,1,1,1,1,3,1,9,1,1,1,3,0,0,1,1,1,5,0,0,1,1,1,17,8,7,2,1,123,107,16,1,15,1,7,1,3,1,1,7,1,0,1,0,0,0,0,0,0,0,0,1,0,0,0,0,0,0,0,0,0,0,0,0,0,0,1.0,1.0,1.0,0,0,0,1,2,1,1,2,1,3,0,6,123,4,0,2,0,0,0,0,0,3.0,0.0003947612855285157,0.625,0.3947612855285157,0,,multi_full_20260502_195038_0001,2026-05-02T20:48:51.837047,https://www.sidefx.com/profile/k_johnyim/,https://www.sidefx.com/,False,https://www.sidefx.com/profile/k_johnyim/,https://www.sidefx.com/,https://www.sidefx.com/profile/k_johnyim/,recon_page,2026-05-02T20:48:51.841784
78,1,2,1,1,0,0,1,0,14,0,com,200,2,23175,765.61,0,0,20,0,unknown,0,html,1,3,0,1,5,0,1,1,0,1,0,0,0,0,0,0,0,0,0,0,0,0,0,0,0,0,0,0,1,5,4,0,1,0,0,0,0,0,0,1,10,0,0,1,1,1,1,0,0,0,0,1,0,0,0,0,1,1,0,0,0,0,0,0,0,0,0,0,0,0,0,0,1.0,1.0,1.0,0,0,0,0,0,0,0,0,0,0,0,0,1,0,0,0,0,0,0,0,0,0.0,0.0002157497303128371,0.625,0.0,0,,multi_full_20260502_195038_0001,2026-05-02T20:49:02.600000,https://www.sidefx.com/login/microsoft-graph/?next=/gallery/the-playful-deity/,https://www.sidefx.com/,False,https://www.sidefx.com/login/microsoft-graph/?next=/gallery/the-playful-deity/,https://www.sidefx.com/,https://www.sidefx.com/login/microsoft-graph/?next=/gallery/the-playful-deity/,recon_page,2026-05-02T20:49:02.628921
62,1,1,1,1,0,0,1,0,14,0,com,200,2,29847,286.829,0,0,23,1,nginx,0,html,1,2,0,1,6,0,1,1,1,1,1,4,1,15,1,2,1,5,0,0,1,1,1,7,0,0,1,1,1,11,5,6,0,1,111,101,10,1,5,1,7,1,2,1,1,2,1,0,1,0,0,0,0,0,0,0,0,1,0,0,0,0,0,0,0,0,0,0,0,0,0,0,1.0,1.0,1.0,0,0,0,1,3,1,2,3,1,4,0,9,103,6,0,0,0,0,0,0,0,3.75,0.0003685462525546956,0.75,0.8711093242201896,0,,multi_full_20260502_195038_0001,2026-05-02T20:49:23.449581,https://www.sidefx.com/login/?next=/gallery/the-playful-deity/,https://www.sidefx.com/,False,https://www.sidefx.com/login/?next=/gallery/the-playful-deity/,https://www.sidefx.com/,https://www.sidefx.com/login/?next=/gallery/the-playful-deity/,recon_page,2026-05-02T20:49:23.455584
40,1,2,0,0,0,0,1,0,14,0,com,200,2,47605,1009.6460000000001,0,0,10,1,nginx,0,html,0,0,0,0,1,0,0,0,1,0,1,1,1,4,0,0,1,2,0,0,1,1,1,1,0,0,0,0,1,12,1,9,2,1,66,66,0,1,21,1,3,1,4,1,1,2,1,0,1,0,0,0,0,0,0,0,0,0,0,0,0,0,0,0,0,0,0,0,0,0,0,0,0.0,0.0,0.0,0,0,0,1,0,0,0,0,0,0,1,4,76,0,0,0,0,0,0,0,0,4.0,0.0002520743619367713,0.125,0.12603718096838568,0,,multi_full_20260502_195038_0001,2026-05-02T20:49:23.707048,https://www.sidefx.com/docs/houdini19.5/,https://www.sidefx.com/,False,https://www.sidefx.com/docs/houdini19.5/,https://www.sidefx.com/,https://www.sidefx.com/docs/houdini19.5/,recon_page,2026-05-02T20:49:23.711423
55,1,2,1,1,0,0,1,0,14,0,com,200,2,1230442,237.057,0,0,23,1,ESF,0,html,0,0,0,1,7,1,1,1,1,1,0,0,0,0,0,0,0,0,0,0,0,0,0,0,0,0,0,0,1,4,4,0,0,1,1,0,1,0,0,1,1,0,0,1,0,0,0,0,0,0,0,0,0,0,0,0,0,1,0,0,0,0,0,0,0,0,0,0,0,0,0,0,0.0,0.0,0.0,0,0,0,0,0,0,0,0,0,0,0,0,1,0,0,0,0,0,0,0,1,0.0,3.2508643235520244e-06,0.875,0.0,0,,multi_full_20260502_195038_0001,2026-05-02T20:49:24.465530,https://www.sidefx.com/login/google-oauth2/?next=/docs/,https://www.sidefx.com/,False,https://www.sidefx.com/login/google-oauth2/?next=/docs/,https://www.sidefx.com/,https://www.sidefx.com/login/google-oauth2/?next=/docs/,recon_page,2026-05-02T20:49:24.471367
46,1,3,0,0,0,0,1,0,14,0,com,200,2,59815,294.16700000000003,0,0,10,1,nginx,0,html,0,0,0,0,1,0,0,0,1,0,1,1,1,4,0,0,1,2,0,0,1,1,1,1,0,0,0,0,1,12,1,9,2,1,90,90,0,1,21,1,3,1,4,1,1,2,1,0,1,0,0,0,0,0,0,0,0,0,0,0,0,0,0,0,0,0,0,0,0,0,0,0,0.0,0.0,0.0,0,0,0,1,0,0,0,0,0,0,1,4,99,0,0,0,0,0,0,0,0,4.0,0.0002006185739363036,0.125,0.1003092869681518,0,,multi_full_20260502_195038_0001,2026-05-02T20:49:24.826588,https://www.sidefx.com/docs/houdini19.5/unity/,https://www.sidefx.com/,False,https://www.sidefx.com/docs/houdini19.5/unity/,https://www.sidefx.com/,https://www.sidefx.com/docs/houdini19.5/unity/,recon_page,2026-05-02T20:49:24.832456
75,1,2,1,1,0,0,1,0,14,0,com,200,2,54318,1232.435,0,0,20,1,ATS,0,html,1,1,0,1,7,1,1,1,1,1,0,0,0,0,0,0,0,0,0,0,0,0,0,0,0,0,0,0,1,38,14,0,24,1,14,0,14,0,0,1,7,1,6,1,1,4,1,0,0,0,0,0,0,0,0,0,0,1,0,0,0,0,0,0,0,0,0,0,0,0,0,0,1.0,1.0,0.0,0,0,0,0,0,0,0,0,0,0,0,0,36,0,0,0,0,0,0,0,0,0.0,0.000699583931661696,0.875,0.0,0,,multi_full_20260502_195038_0001,2026-05-02T20:49:25.359378,https://www.sidefx.com/login/yahoo-oauth2/?next=/gallery/the-playful-deity/,https://www.sidefx.com/,False,https://www.sidefx.com/login/yahoo-oauth2/?next=/gallery/the-playful-deity/,https://www.sidefx.com/,https://www.sidefx.com/login/yahoo-oauth2/?next=/gallery/the-playful-deity/,recon_page,2026-05-02T20:49:25.367728
32,1,2,0,0,0,0,1,0,14,0,com,200,2,7314,283.187,0,0,10,1,nginx,0,html,0,0,0,0,1,0,0,0,1,0,0,0,1,1,0,0,0,0,0,0,0,0,0,0,0,0,0,0,1,9,4,5,0,1,25,24,1,1,3,1,3,1,4,1,1,11,1,0,1,0,0,0,0,0,0,0,0,0,0,0,0,0,0,0,0,0,0,0,0,0,0,0,0.0,0.0,0.0,0,0,0,0,0,0,0,0,0,0,0,0,30,0,0,21,0,0,0,0,0,0.0,0.0012305168170631665,0.125,0.13672409078479628,0,,multi_full_20260502_195038_0001,2026-05-02T20:49:41.140368,https://www.sidefx.com/docs/hdk/,https://www.sidefx.com/,False,https://www.sidefx.com/docs/hdk/,https://www.sidefx.com/,https://www.sidefx.com/docs/hdk/,recon_page,2026-05-02T20:49:41.146305
41,1,1,1,1,0,0,1,0,14,0,com,200,2,29847,264.517,0,0,23,1,nginx,0,html,1,2,0,1,6,0,1,1,1,1,1,4,1,15,1,2,1,5,0,0,1,1,1,7,0,0,1,1,1,11,5,6,0,1,111,101,10,1,5,1,7,1,2,1,1,2,1,0,1,0,0,0,0,0,0,0,0,1,0,0,0,0,0,0,1,0,0,0,0,0,0,0,1.0,1.0,1.0,0,0,0,1,3,1,2,3,1,4,0,9,103,6,0,0,0,0,0,0,0,3.75,0.0003685462525546956,0.75,0.8711093242201896,0,,multi_full_20260502_195038_0001,2026-05-02T20:50:17.381203,https://www.sidefx.com/login/?next=/docs/,https://www.sidefx.com/,False,https://www.sidefx.com/login/?next=/docs/,https://www.sidefx.com/,https://www.sidefx.com/login/?next=/docs/,recon_page,2026-05-02T20:50:17.392382
36,1,2,0,0,0,0,1,0,14,0,com,200,2,7314,265.249,0,0,10,1,nginx,0,html,0,0,0,0,1,0,0,0,1,0,0,0,1,1,0,0,0,0,0,0,0,0,0,0,0,0,0,0,1,9,4,5,0,1,25,24,1,1,3,1,3,1,4,1,1,11,1,0,1,0,0,0,0,0,0,0,0,0,0,0,0,0,0,0,0,0,0,0,0,0,0,0,0.0,0.0,0.0,0,0,0,0,0,0,0,0,0,0,0,0,30,0,0,21,0,0,0,0,0,0.0,0.0012305168170631665,0.125,0.13672409078479628,0,,multi_full_20260502_195038_0001,2026-05-02T20:50:17.655452,https://www.sidefx.com/docs/hdk20.5/,https://www.sidefx.com/,False,https://www.sidefx.com/docs/hdk20.5/,https://www.sidefx.com/,https://www.sidefx.com/docs/hdk20.5/,recon_page,2026-05-02T20:50:17.683395
45,1,3,0,0,0,0,1,0,14,0,com,200,2,70604,340.588,0,0,10,1,nginx,0,html,0,0,0,0,1,0,0,0,1,0,1,1,1,4,0,0,1,2,0,0,1,1,1,1,0,0,0,0,1,12,1,9,2,1,100,100,0,1,19,1,3,1,4,1,1,2,1,0,1,0,0,0,0,0,0,0,1,0,0,0,0,0,0,0,0,0,0,0,0,0,0,0,0.0,0.0,0.0,0,0,0,1,0,0,0,0,0,0,1,4,109,0,0,0,0,0,0,0,0,4.0,0.00016996204181066228,0.125,0.08498102090533115,0,,multi_full_20260502_195038_0001,2026-05-02T20:50:18.011424,https://www.sidefx.com/docs/houdini20.5/maya/,https://www.sidefx.com/,False,https://www.sidefx.com/docs/houdini20.5/maya/,https://www.sidefx.com/,https://www.sidefx.com/docs/houdini20.5/maya/,recon_page,2026-05-02T20:50:18.021745
43,1,3,0,0,0,0,1,0,14,0,com,200,2,65937,256.509,0,0,10,1,nginx,0,html,0,0,0,0,1,0,0,0,1,0,1,1,1,4,0,0,1,2,0,0,1,1,1,1,0,0,0,0,1,15,2,11,2,1,91,91,0,1,20,1,3,1,4,1,1,2,1,0,1,0,0,0,0,0,0,0,0,1,1,0,0,0,0,0,0,0,0,0,0,0,0,0,0.0,0.0,0.0,0,0,0,1,0,0,0,0,0,0,1,4,100,0,0,0,0,0,0,0,0,4.0,0.00022748987670048683,0.125,0.09099595068019474,0,,multi_full_20260502_195038_0001,2026-05-02T20:50:18.409088,https://www.sidefx.com/docs/houdini/hqueue/,https://www.sidefx.com/,False,https://www.sidefx.com/docs/houdini/hqueue/,https://www.sidefx.com/,https://www.sidefx.com/docs/houdini/hqueue/,recon_page,2026-05-02T20:50:18.427557
45,1,3,0,0,0,0,1,0,14,0,com,200,2,216141,572.798,0,0,10,1,nginx,0,html,0,0,0,0,1,0,0,0,1,0,1,1,1,4,0,0,1,2,0,0,1,1,1,1,0,0,0,0,1,12,1,9,2,1,404,404,0,1,21,1,3,1,4,1,1,2,1,0,1,0,0,0,0,0,0,0,1,1,0,0,0,0,0,0,0,0,0,0,0,0,0,0,0.0,0.0,0.0,0,0,0,1,0,0,0,0,0,0,1,4,409,0,0,0,0,0,0,0,0,4.0,5.551931378128166e-05,0.125,0.027759656890640833,0,,multi_full_20260502_195038_0001,2026-05-02T20:50:18.900627,https://www.sidefx.com/docs/houdini19.5/hapi/,https://www.sidefx.com/,False,https://www.sidefx.com/docs/houdini19.5/hapi/,https://www.sidefx.com/,https://www.sidefx.com/docs/houdini19.5/hapi/,recon_page,2026-05-02T20:50:18.905301
47,1,3,0,0,0,0,1,0,14,0,com,200,2,59467,972.241,0,0,10,1,nginx,0,html,0,0,0,0,1,0,0,0,1,0,1,1,1,4,0,0,1,2,0,0,1,1,1,1,0,0,0,0,1,12,1,9,2,1,81,81,0,1,21,1,3,1,4,1,1,2,1,0,1,0,0,0,0,0,0,0,0,0,0,0,0,0,0,0,0,0,0,0,0,0,0,0,0.0,0.0,0.0,0,0,0,1,0,0,0,0,0,0,1,4,90,0,0,0,0,0,0,0,0,4.0,0.00020179259084870602,0.125,0.10089629542435301,0,,multi_full_20260502_195038_0001,2026-05-02T20:50:19.009484,https://www.sidefx.com/docs/houdini19.5/3dsmax/,https://www.sidefx.com/,False,https://www.sidefx.com/docs/houdini19.5/3dsmax/,https://www.sidefx.com/,https://www.sidefx.com/docs/houdini19.5/3dsmax/,recon_page,2026-05-02T20:50:19.013184
36,1,2,0,0,0,0,1,0,14,0,com,200,2,6800,1039.901,0,0,10,1,nginx,0,html,0,0,0,0,1,0,0,0,1,0,0,0,1,1,0,0,0,0,0,0,0,0,0,0,0,0,0,0,1,9,4,5,0,1,14,13,1,1,3,1,3,1,4,1,1,11,1,0,1,0,0,0,0,0,0,0,0,1,0,0,0,0,0,0,0,0,0,0,0,0,0,0,0.0,0.0,0.0,0,0,0,0,0,0,0,0,0,0,0,0,19,0,0,21,0,0,0,0,0,0.0,0.0013235294117647058,0.125,0.14705882352941177,0,,multi_full_20260502_195038_0001,2026-05-02T20:50:19.209589,https://www.sidefx.com/docs/hdk20.0/,https://www.sidefx.com/,False,https://www.sidefx.com/docs/hdk20.0/,https://www.sidefx.com/,https://www.sidefx.com/docs/hdk20.0/,recon_page,2026-05-02T20:50:19.215497
40,1,2,0,0,0,0,1,0,14,0,com,200,2,48622,795.4250000000001,0,0,10,1,nginx,0,html,0,0,0,0,1,0,0,0,1,0,1,1,1,4,0,0,1,2,0,0,1,1,1,1,0,0,0,0,1,12,1,9,2,1,68,68,0,1,21,1,3,1,4,1,1,2,1,0,1,0,0,0,0,0,0,0,0,0,0,0,0,0,0,0,0,0,0,0,0,0,0,0,0.0,0.0,0.0,0,0,0,1,0,0,0,0,0,0,1,4,78,0,0,0,0,0,0,0,0,4.0,0.00024680185924067297,0.125,0.12340092962033647,0,,multi_full_20260502_195038_0001,2026-05-02T20:50:21.527609,https://www.sidefx.com/docs/houdini20.0/,https://www.sidefx.com/,False,https://www.sidefx.com/docs/houdini20.0/,https://www.sidefx.com/,https://www.sidefx.com/docs/houdini20.0/,recon_page,2026-05-02T20:50:21.541181
37,1,2,0,0,0,0,1,0,14,0,com,200,2,6414,307.333,0,0,10,1,nginx,0,html,0,0,0,0,1,0,0,0,1,0,0,0,1,1,0,0,0,0,0,0,0,0,0,0,0,0,0,0,1,9,4,5,0,1,33,32,1,1,3,1,3,1,4,1,1,11,1,0,1,0,0,0,0,0,0,0,1,0,0,0,0,0,0,0,0,0,0,0,0,0,0,0,0.0,0.0,0.0,0,0,0,0,0,0,0,0,0,0,0,0,38,0,0,11,0,0,0,0,0,0.0,0.001403180542563143,0.125,0.1559089491736826,0,,multi_full_20260502_195038_0001,2026-05-02T20:50:23.531862,https://www.sidefx.com/docs/maya18.5/,https://www.sidefx.com/,False,https://www.sidefx.com/docs/maya18.5/,https://www.sidefx.com/,https://www.sidefx.com/docs/maya18.5/,recon_page,2026-05-02T20:50:23.536955
40,1,2,0,0,0,0,1,0,14,0,com,200,2,52203,228.14499999999998,0,0,10,1,nginx,0,html,0,0,0,0,1,0,0,0,1,0,1,1,1,4,0,0,1,2,0,0,1,1,1,1,0,0,0,0,1,12,1,9,2,1,71,71,0,1,19,1,3,1,4,1,1,2,1,0,1,0,0,0,0,0,0,0,0,0,0,0,0,0,0,0,0,0,0,0,0,0,0,0,0.0,0.0,0.0,0,0,0,1,0,0,0,0,0,0,1,4,81,0,0,0,0,0,0,0,0,4.0,0.00022987184644560657,0.125,0.11493592322280329,0,,multi_full_20260502_195038_0001,2026-05-02T20:50:59.523035,https://www.sidefx.com/docs/houdini20.5/,https://www.sidefx.com/,False,https://www.sidefx.com/docs/houdini20.5/,https://www.sidefx.com/,https://www.sidefx.com/docs/houdini20.5/,recon_page,2026-05-02T20:50:59.526631
47,1,3,0,0,0,0,1,0,14,0,com,200,2,65095,227.658,0,0,10,1,nginx,0,html,0,0,0,0,1,0,0,0,1,0,1,1,1,4,0,0,1,2,0,0,1,1,1,1,0,0,0,0,1,12,1,9,2,1,90,90,0,1,20,1,3,1,4,1,1,2,1,0,1,0,0,0,0,0,0,0,0,1,1,0,0,0,0,0,0,0,0,0,0,0,0,0,0.0,0.0,0.0,0,0,0,1,0,0,0,0,0,0,1,4,98,0,0,0,0,0,0,0,0,4.0,0.0001843459559105922,0.125,0.09217297795529611,0,,multi_full_20260502_195038_0001,2026-05-02T20:51:00.042401,https://www.sidefx.com/docs/houdini20.5/hqueue/,https://www.sidefx.com/,False,https://www.sidefx.com/docs/houdini20.5/hqueue/,https://www.sidefx.com/,https://www.sidefx.com/docs/houdini20.5/hqueue/,recon_page,2026-05-02T20:51:00.059723
47,1,3,0,0,0,0,1,0,14,0,com,200,2,59835,250.87500000000003,0,0,10,1,nginx,0,html,0,0,0,0,1,0,0,0,1,0,1,1,1,4,0,0,1,2,0,0,1,1,1,1,0,0,0,0,1,12,1,9,2,1,84,84,0,1,22,1,3,1,4,1,1,2,1,0,1,0,0,0,0,0,0,0,0,1,0,0,0,0,0,0,0,0,0,0,0,0,0,0,0.0,0.0,0.0,0,0,0,1,0,0,0,0,0,0,1,4,92,0,0,0,0,0,0,0,0,4.0,0.00020055151667084482,0.125,0.1002757583354224,0,,multi_full_20260502_195038_0001,2026-05-02T20:51:00.077238,https://www.sidefx.com/docs/houdini19.5/hqueue/,https://www.sidefx.com/,False,https://www.sidefx.com/docs/houdini19.5/hqueue/,https://www.sidefx.com/,https://www.sidefx.com/docs/houdini19.5/hqueue/,recon_page,2026-05-02T20:51:00.081860
40,1,2,0,0,0,0,1,0,14,0,com,200,2,45569,471.317,0,0,10,1,nginx,0,html,0,0,0,0,1,0,0,0,1,0,1,1,1,4,0,0,1,2,0,0,1,1,1,1,0,0,0,0,1,12,1,9,2,1,63,63,0,1,23,1,3,1,4,1,1,2,1,0,1,0,0,0,0,0,0,0,0,0,0,0,0,0,0,0,0,0,0,0,0,0,0,0,0.0,0.0,0.0,0,0,0,1,0,0,0,0,0,0,1,4,73,0,0,0,0,0,0,0,0,4.0,0.000263336917641379,0.125,0.1316684588206895,0,,multi_full_20260502_195038_0001,2026-05-02T20:51:02.955291,https://www.sidefx.com/docs/houdini19.0/,https://www.sidefx.com/,False,https://www.sidefx.com/docs/houdini19.0/,https://www.sidefx.com/,https://www.sidefx.com/docs/houdini19.0/,recon_page,2026-05-02T20:51:02.961780
47,1,3,0,0,0,0,1,0,14,0,com,200,2,60595,372.0,0,0,10,1,nginx,0,html,0,0,0,0,1,0,0,0,1,0,1,1,1,4,0,0,1,2,0,0,1,1,1,1,0,0,0,0,1,12,1,9,2,1,83,83,0,1,21,1,3,1,4,1,1,2,1,0,1,0,0,0,0,0,0,0,0,0,0,0,0,0,0,0,0,0,0,0,0,0,0,0,0.0,0.0,0.0,0,0,0,1,0,0,0,0,0,0,1,4,92,0,0,0,0,0,0,0,0,4.0,0.00019803614159584124,0.125,0.09901807079792062,0,,multi_full_20260502_195038_0001,2026-05-02T20:51:28.565932,https://www.sidefx.com/docs/houdini20.0/3dsmax/,https://www.sidefx.com/,False,https://www.sidefx.com/docs/houdini20.0/3dsmax/,https://www.sidefx.com/,https://www.sidefx.com/docs/houdini20.0/3dsmax/,recon_page,2026-05-02T20:51:28.573992
39,1,2,0,0,0,0,1,0,14,0,com,200,2,13136,934.6229999999999,0,0,10,1,nginx,0,html,0,0,0,0,1,0,0,0,1,0,0,0,1,1,0,0,0,0,0,0,0,0,0,0,0,0,0,0,1,9,4,5,0,1,41,40,1,1,3,1,3,1,4,1,1,11,1,0,1,0,0,0,0,0,0,0,1,0,0,0,0,0,0,0,0,0,0,0,0,0,0,0,0.0,0.0,0.0,0,0,0,0,0,0,0,0,0,0,0,0,45,1,0,11,0,0,0,0,0,0.0,0.0006851400730816078,0.125,0.07612667478684532,0,,multi_full_20260502_195038_0001,2026-05-02T20:51:29.027297,https://www.sidefx.com/docs/unreal18.5/,https://www.sidefx.com/,False,https://www.sidefx.com/docs/unreal18.5/,https://www.sidefx.com/,https://www.sidefx.com/docs/unreal18.5/,recon_page,2026-05-02T20:51:29.034491
37,1,2,0,0,0,0,1,0,14,0,com,200,2,6415,244.474,0,0,10,1,nginx,0,html,0,0,0,0,1,0,0,0,1,0,0,0,1,1,0,0,0,0,0,0,0,0,0,0,0,0,0,0,1,9,4,5,0,1,33,32,1,1,3,1,3,1,4,1,1,11,1,0,1,0,0,0,0,0,0,0,1,0,0,0,0,0,0,0,0,0,0,0,0,0,0,0,0.0,0.0,0.0,0,0,0,0,0,0,0,0,0,0,0,0,38,0,0,11,0,0,0,0,0,0.0,0.0014029618082618861,0.125,0.1558846453624318,0,,multi_full_20260502_195038_0001,2026-05-02T20:51:34.578708,https://www.sidefx.com/docs/maya19.0/,https://www.sidefx.com/,False,https://www.sidefx.com/docs/maya19.0/,https://www.sidefx.com/,https://www.sidefx.com/docs/maya19.0/,recon_page,2026-05-02T20:51:34.588977
39,1,2,0,0,0,0,1,0,14,0,com,200,2,6751,256.981,0,0,10,1,nginx,0,html,0,0,0,0,1,0,0,0,1,0,0,0,1,1,0,0,0,0,0,0,0,0,0,0,0,0,0,0,1,9,4,5,0,1,21,20,1,1,3,1,3,1,4,1,1,11,1,0,1,0,0,0,0,0,0,0,0,0,0,0,0,0,0,0,0,0,0,0,0,0,0,0,0.0,0.0,0.0,0,0,0,0,0,0,0,0,0,0,0,0,26,0,0,11,0,0,0,0,0,0.0,0.0013331358317286328,0.125,0.14812620352540365,0,,multi_full_20260502_195038_0001,2026-05-02T20:51:34.859645,https://www.sidefx.com/docs/3dsmax18.5/,https://www.sidefx.com/,False,https://www.sidefx.com/docs/3dsmax18.5/,https://www.sidefx.com/,https://www.sidefx.com/docs/3dsmax18.5/,recon_page,2026-05-02T20:51:34.867898
39,1,2,0,0,0,0,1,0,14,0,com,200,2,6818,212.79500000000002,0,0,10,1,nginx,0,html,0,0,0,0,1,0,0,0,1,0,0,0,1,1,0,0,0,0,0,0,0,0,0,0,0,0,0,0,1,9,4,5,0,1,21,20,1,1,3,1,3,1,4,1,1,11,1,0,1,0,0,0,0,0,0,0,0,0,0,0,0,0,0,0,0,0,0,0,0,0,0,0,0.0,0.0,0.0,0,0,0,0,0,0,0,0,0,0,0,0,26,0,0,11,0,0,0,0,0,0.0,0.0013200352009386917,0.125,0.14667057788207685,0,,multi_full_20260502_195038_0001,2026-05-02T20:51:46.837271,https://www.sidefx.com/docs/3dsmax19.0/,https://www.sidefx.com/,False,https://www.sidefx.com/docs/3dsmax19.0/,https://www.sidefx.com/,https://www.sidefx.com/docs/3dsmax19.0/,recon_page,2026-05-02T20:51:46.846301
40,1,2,0,0,0,0,1,0,14,0,com,200,2,44096,222.178,0,0,10,1,nginx,0,html,0,0,0,0,1,0,0,0,1,0,1,1,1,4,0,0,1,2,0,0,1,1,1,1,0,0,0,0,1,12,1,9,2,1,60,60,0,1,23,1,3,1,4,1,1,2,1,0,1,0,0,0,0,0,0,0,0,0,0,0,0,0,0,0,0,0,0,0,0,0,0,0,0.0,0.0,0.0,0,0,0,1,0,0,0,0,0,0,1,4,71,0,0,1,0,0,0,0,0,4.0,0.00027213352685050797,0.125,0.136066763425254,0,,multi_full_20260502_195038_0001,2026-05-02T20:51:47.120167,https://www.sidefx.com/docs/houdini18.5/,https://www.sidefx.com/,False,https://www.sidefx.com/docs/houdini18.5/,https://www.sidefx.com/,https://www.sidefx.com/docs/houdini18.5/,recon_page,2026-05-02T20:51:47.126711
46,1,3,0,0,0,0,1,0,14,0,com,200,2,64705,248.203,0,0,10,1,nginx,0,html,0,0,0,0,1,0,0,0,1,0,1,1,1,4,0,0,1,2,0,0,1,1,1,1,0,0,0,0,1,12,1,9,2,1,95,95,0,1,19,1,3,1,4,1,1,2,1,0,1,0,0,0,0,0,0,0,0,0,0,0,0,0,0,0,0,0,0,0,0,0,0,0,0.0,0.0,0.0,0,0,0,1,0,0,0,0,0,0,1,4,104,0,0,0,0,0,0,0,0,4.0,0.0001854570744146511,0.125,0.09272853720732556,0,,multi_full_20260502_195038_0001,2026-05-02T20:51:47.412751,https://www.sidefx.com/docs/houdini20.5/unity/,https://www.sidefx.com/,False,https://www.sidefx.com/docs/houdini20.5/unity/,https://www.sidefx.com/,https://www.sidefx.com/docs/houdini20.5/unity/,recon_page,2026-05-02T20:51:47.422555
36,1,2,0,0,0,0,1,0,14,0,com,200,2,7238,249.549,0,0,10,1,nginx,0,html,0,0,0,0,1,0,0,0,1,0,0,0,1,1,0,0,0,0,0,0,0,0,0,0,0,0,0,0,1,9,4,5,0,1,24,23,1,1,3,1,3,1,4,1,1,11,1,0,1,0,0,0,0,0,0,0,0,0,0,0,0,0,0,0,0,0,0,0,0,0,0,0,0.0,0.0,0.0,0,0,0,0,0,0,0,0,0,0,0,0,29,0,0,21,0,0,0,0,0,0.0,0.0012434374136501797,0.125,0.13815971262779772,0,,multi_full_20260502_195038_0001,2026-05-02T20:51:47.646052,https://www.sidefx.com/docs/hdk19.0/,https://www.sidefx.com/,False,https://www.sidefx.com/docs/hdk19.0/,https://www.sidefx.com/,https://www.sidefx.com/docs/hdk19.0/,recon_page,2026-05-02T20:51:47.653307
54,1,2,1,1,0,0,1,0,14,0,com,200,2,54318,1975.578,0,0,20,1,ATS,0,html,1,1,0,1,7,1,1,1,1,1,0,0,0,0,0,0,0,0,0,0,0,0,0,0,0,0,0,0,1,38,14,0,24,1,14,0,14,0,0,1,7,1,6,1,1,4,1,0,0,0,0,0,0,0,0,0,0,1,0,0,0,0,0,0,0,0,0,0,0,0,0,0,1.0,1.0,0.0,0,0,0,0,0,0,0,0,0,0,0,0,36,0,0,0,0,0,0,0,0,0.0,0.000699583931661696,0.875,0.0,0,,multi_full_20260502_195038_0001,2026-05-02T20:51:55.056894,https://www.sidefx.com/login/yahoo-oauth2/?next=/docs/,https://www.sidefx.com/,False,https://www.sidefx.com/login/yahoo-oauth2/?next=/docs/,https://www.sidefx.com/,https://www.sidefx.com/login/yahoo-oauth2/?next=/docs/,recon_page,2026-05-02T20:51:55.067870
45,1,3,0,0,0,0,1,0,14,0,com,200,2,191888,870.542,0,0,10,1,nginx,0,html,0,0,0,0,1,0,0,0,1,0,1,1,1,4,0,0,1,2,0,0,1,1,1,1,0,0,0,0,1,12,1,9,2,1,388,388,0,1,23,1,3,1,4,1,1,2,1,0,1,0,0,0,0,0,0,0,1,1,0,0,0,0,0,0,0,0,0,0,0,0,0,0,0.0,0.0,0.0,0,0,0,1,0,0,0,0,0,0,1,4,393,0,0,1,0,0,0,0,0,4.0,6.253647961310765e-05,0.125,0.03126823980655382,0,,multi_full_20260502_195038_0001,2026-05-02T20:52:00.187020,https://www.sidefx.com/docs/houdini18.5/hapi/,https://www.sidefx.com/,False,https://www.sidefx.com/docs/houdini18.5/hapi/,https://www.sidefx.com/,https://www.sidefx.com/docs/houdini18.5/hapi/,recon_page,2026-05-02T20:52:00.199749
40,1,2,0,0,0,0,1,0,14,0,com,200,2,18056,578.019,0,0,10,1,nginx,0,html,0,0,0,0,1,0,0,0,1,0,0,0,1,1,0,0,0,0,0,0,0,0,0,0,0,0,0,0,1,9,4,5,0,1,128,127,1,1,3,1,3,1,4,1,1,11,1,0,1,0,0,0,0,0,0,0,0,1,0,0,0,0,0,0,0,0,0,0,0,0,0,0,0.0,0.0,0.0,0,0,0,0,0,0,0,0,0,0,0,0,132,0,0,19,0,0,0,0,0,0.0,0.0004984492689410722,0.125,0.055383252104563574,0,,multi_full_20260502_195038_0001,2026-05-02T20:52:08.418313,https://www.sidefx.com/docs/hengine19.0/,https://www.sidefx.com/,False,https://www.sidefx.com/docs/hengine19.0/,https://www.sidefx.com/,https://www.sidefx.com/docs/hengine19.0/,recon_page,2026-05-02T20:52:08.434650
45,1,3,0,0,0,0,1,0,14,0,com,200,2,67838,462.543,0,0,10,1,nginx,0,html,0,0,0,0,1,0,0,0,1,0,1,1,1,4,0,0,1,2,0,0,1,1,1,1,0,0,0,0,1,12,1,9,2,1,97,97,0,1,21,1,3,1,4,1,1,2,1,0,1,0,0,0,0,0,0,0,1,0,0,0,0,0,0,0,0,0,0,0,0,0,0,0,0.0,0.0,0.0,0,0,0,1,0,0,0,0,0,0,1,4,106,0,0,0,0,0,0,0,0,4.0,0.00017689200742946432,0.125,0.08844600371473216,0,,multi_full_20260502_195038_0001,2026-05-02T20:52:11.292976,https://www.sidefx.com/docs/houdini20.0/maya/,https://www.sidefx.com/,False,https://www.sidefx.com/docs/houdini20.0/maya/,https://www.sidefx.com/,https://www.sidefx.com/docs/houdini20.0/maya/,recon_page,2026-05-02T20:52:11.298548
40,1,2,0,0,0,0,1,0,14,0,com,200,2,18056,613.5110000000001,0,0,10,1,nginx,0,html,0,0,0,0,1,0,0,0,1,0,0,0,1,1,0,0,0,0,0,0,0,0,0,0,0,0,0,0,1,9,4,5,0,1,128,127,1,1,3,1,3,1,4,1,1,11,1,0,1,0,0,0,0,0,0,0,0,1,0,0,0,0,0,0,0,0,0,0,0,0,0,0,0.0,0.0,0.0,0,0,0,0,0,0,0,0,0,0,0,0,132,0,0,19,0,0,0,0,0,0.0,0.0004984492689410722,0.125,0.055383252104563574,0,,multi_full_20260502_195038_0001,2026-05-02T20:52:11.504970,https://www.sidefx.com/docs/hengine20.0/,https://www.sidefx.com/,False,https://www.sidefx.com/docs/hengine20.0/,https://www.sidefx.com/,https://www.sidefx.com/docs/hengine20.0/,recon_page,2026-05-02T20:52:11.510312
41,1,3,0,0,0,0,1,0,14,0,com,200,2,274695,516.4250000000001,0,0,10,1,nginx,0,html,0,0,0,0,1,0,0,0,1,0,1,1,1,4,0,0,1,2,0,0,1,1,1,1,0,0,0,0,1,15,2,11,2,1,524,524,0,1,19,1,3,1,4,1,1,2,1,0,1,0,0,0,0,0,0,0,1,1,0,0,0,0,0,0,0,0,0,0,0,0,0,0,0.0,0.0,0.0,0,0,0,1,0,0,0,0,0,0,1,4,530,0,0,0,0,0,0,0,0,4.0,5.460601758313766e-05,0.125,0.021842407033255067,0,,multi_full_20260502_195038_0001,2026-05-02T20:52:11.990289,https://www.sidefx.com/docs/houdini/hapi/,https://www.sidefx.com/,False,https://www.sidefx.com/docs/houdini/hapi/,https://www.sidefx.com/,https://www.sidefx.com/docs/houdini/hapi/,recon_page,2026-05-02T20:52:12.004613
43,1,3,0,0,0,0,1,0,14,0,com,200,2,75463,640.6610000000001,0,0,10,1,nginx,0,html,0,0,0,0,1,0,0,0,1,0,1,1,1,4,0,0,1,2,0,0,1,1,1,1,0,0,0,0,1,15,2,11,2,1,116,116,0,1,19,1,3,1,4,1,1,2,1,0,1,0,0,0,0,0,0,0,1,0,0,0,0,0,0,0,0,0,0,0,0,0,0,0,0.0,0.0,0.0,0,0,0,1,0,0,0,0,0,0,1,4,126,0,0,0,0,0,0,0,0,4.0,0.00019877290857771358,0.125,0.07950916343108544,0,,multi_full_20260502_195038_0001,2026-05-02T20:52:12.091870,https://www.sidefx.com/docs/houdini/unreal/,https://www.sidefx.com/,False,https://www.sidefx.com/docs/houdini/unreal/,https://www.sidefx.com/,https://www.sidefx.com/docs/houdini/unreal/,recon_page,2026-05-02T20:52:12.101838
47,1,3,0,0,0,0,1,0,14,0,com,200,2,78292,502.67799999999994,0,0,10,1,nginx,0,html,0,0,0,0,1,0,0,0,1,0,1,1,1,4,0,0,1,2,0,0,1,1,1,1,0,0,0,0,1,12,1,9,2,1,113,110,3,1,21,1,3,1,4,1,1,2,1,0,1,0,0,0,0,0,0,0,1,0,0,0,0,0,0,0,0,0,0,0,0,0,0,0,0.0,0.0,0.0,0,0,0,1,0,0,0,0,0,0,1,4,118,0,0,0,0,0,0,0,0,4.0,0.00015327236499259185,0.125,0.07663618249629592,0,,multi_full_20260502_195038_0001,2026-05-02T20:52:32.683836,https://www.sidefx.com/docs/houdini19.5/unreal/,https://www.sidefx.com/,False,https://www.sidefx.com/docs/houdini19.5/unreal/,https://www.sidefx.com/,https://www.sidefx.com/docs/houdini19.5/unreal/,recon_page,2026-05-02T20:52:32.688751
36,1,2,0,0,0,0,1,0,14,0,com,200,2,7238,2245.9669999999996,0,0,10,1,nginx,0,html,0,0,0,0,1,0,0,0,1,0,0,0,1,1,0,0,0,0,0,0,0,0,0,0,0,0,0,0,1,9,4,5,0,1,24,23,1,1,3,1,3,1,4,1,1,11,1,0,1,0,0,0,0,0,0,0,0,0,0,0,0,0,0,0,0,0,0,0,0,0,0,0,0.0,0.0,0.0,0,0,0,0,0,0,0,0,0,0,0,0,29,0,0,21,0,0,0,0,0,0.0,0.0012434374136501797,0.125,0.13815971262779772,0,,multi_full_20260502_195038_0001,2026-05-02T20:52:34.848848,https://www.sidefx.com/docs/hdk19.5/,https://www.sidefx.com/,False,https://www.sidefx.com/docs/hdk19.5/,https://www.sidefx.com/,https://www.sidefx.com/docs/hdk19.5/,recon_page,2026-05-02T20:52:34.854251
45,1,3,0,0,0,0,1,0,14,0,com,200,2,272208,2242.076,0,0,10,1,nginx,0,html,0,0,0,0,1,0,0,0,1,0,1,1,1,4,0,0,1,2,0,0,1,1,1,1,0,0,0,0,1,12,1,9,2,1,519,519,0,1,19,1,3,1,4,1,1,2,1,0,1,0,0,0,0,0,0,0,1,1,0,0,0,0,0,0,0,0,0,0,0,0,0,0,0.0,0.0,0.0,0,0,0,1,0,0,0,0,0,0,1,4,524,0,0,0,0,0,0,0,0,4.0,4.4083935813789454e-05,0.125,0.022041967906894725,0,,multi_full_20260502_195038_0001,2026-05-02T20:52:35.397163,https://www.sidefx.com/docs/houdini20.5/hapi/,https://www.sidefx.com/,False,https://www.sidefx.com/docs/houdini20.5/hapi/,https://www.sidefx.com/,https://www.sidefx.com/docs/houdini20.5/hapi/,recon_page,2026-05-02T20:52:35.403015
57,1,2,1,1,0,0,1,0,14,0,com,200,2,23172,2588.676,0,0,20,0,unknown,0,html,1,3,0,1,5,0,1,1,0,1,0,0,0,0,0,0,0,0,0,0,0,0,0,0,0,0,0,0,1,5,4,0,1,0,0,0,0,0,0,1,10,0,0,1,1,1,1,0,0,0,0,1,0,0,0,0,1,1,0,0,0,0,0,0,0,0,0,0,0,0,0,0,1.0,1.0,1.0,0,0,0,0,0,0,0,0,0,0,0,0,1,0,0,0,0,0,0,0,0,0.0,0.00021577766269635767,0.625,0.0,0,,multi_full_20260502_195038_0001,2026-05-02T20:52:35.910648,https://www.sidefx.com/login/microsoft-graph/?next=/docs/,https://www.sidefx.com/,False,https://www.sidefx.com/login/microsoft-graph/?next=/docs/,https://www.sidefx.com/,https://www.sidefx.com/login/microsoft-graph/?next=/docs/,recon_page,2026-05-02T20:52:35.916155
41,1,3,0,0,0,0,1,0,14,0,com,200,2,71446,724.6629999999999,0,0,10,1,nginx,0,html,0,0,0,0,1,0,0,0,1,0,1,1,1,4,0,0,1,2,0,0,1,1,1,1,0,0,0,0,1,15,2,11,2,1,101,101,0,1,19,1,3,1,4,1,1,2,1,0,1,0,0,0,0,0,0,0,1,0,0,0,0,0,0,0,0,0,0,0,0,0,0,0,0.0,0.0,0.0,0,0,0,1,0,0,0,0,0,0,1,4,111,0,0,0,0,0,0,0,0,4.0,0.0002099487724995101,0.125,0.08397950899980405,0,,multi_full_20260502_195038_0001,2026-05-02T20:52:52.030307,https://www.sidefx.com/docs/houdini/maya/,https://www.sidefx.com/,False,https://www.sidefx.com/docs/houdini/maya/,https://www.sidefx.com/,https://www.sidefx.com/docs/houdini/maya/,recon_page,2026-05-02T20:52:52.036271
46,1,3,0,0,0,0,1,0,14,0,com,200,2,60838,691.373,0,0,10,1,nginx,0,html,0,0,0,0,1,0,0,0,1,0,1,1,1,4,0,0,1,2,0,0,1,1,1,1,0,0,0,0,1,12,1,9,2,1,92,92,0,1,21,1,3,1,4,1,1,2,1,0,1,0,0,0,0,0,0,0,0,0,0,0,0,0,0,0,0,0,0,0,0,0,0,0,0.0,0.0,0.0,0,0,0,1,0,0,0,0,0,0,1,4,101,0,0,0,0,0,0,0,0,4.0,0.0001972451428383576,0.125,0.0986225714191788,0,,multi_full_20260502_195038_0001,2026-05-02T20:52:52.446340,https://www.sidefx.com/docs/houdini20.0/unity/,https://www.sidefx.com/,False,https://www.sidefx.com/docs/houdini20.0/unity/,https://www.sidefx.com/,https://www.sidefx.com/docs/houdini20.0/unity/,recon_page,2026-05-02T20:52:52.455597
38,1,2,0,0,0,0,1,0,14,0,com,200,2,7816,794.5360000000001,0,0,10,1,nginx,0,html,0,0,0,0,1,0,0,0,1,0,0,0,1,1,0,0,0,0,0,0,0,0,0,0,0,0,0,0,1,9,4,5,0,1,35,34,1,1,3,1,3,1,4,1,1,11,1,0,1,0,0,0,0,0,0,0,0,0,0,0,0,0,0,0,0,0,0,0,0,0,0,0,0.0,0.0,0.0,0,0,0,0,0,0,0,0,0,0,0,0,39,0,0,11,0,0,0,0,0,0.0,0.0011514841351074718,0.125,0.12794268167860798,0,,multi_full_20260502_195038_0001,2026-05-02T20:52:52.677126,https://www.sidefx.com/docs/unity19.0/,https://www.sidefx.com/,False,https://www.sidefx.com/docs/unity19.0/,https://www.sidefx.com/,https://www.sidefx.com/docs/unity19.0/,recon_page,2026-05-02T20:52:52.682699
47,1,3,0,0,0,0,1,0,14,0,com,200,2,78099,690.539,0,0,10,1,nginx,0,html,0,0,0,0,1,0,0,0,1,0,1,1,1,4,0,0,1,2,0,0,1,1,1,1,0,0,0,0,1,12,1,9,2,1,119,116,3,1,21,1,3,1,4,1,1,2,1,0,1,0,0,0,0,0,0,0,1,0,0,0,0,0,0,0,0,0,0,0,0,0,0,0,0.0,0.0,0.0,0,0,0,1,0,0,0,0,0,0,1,4,124,0,0,0,0,0,0,0,0,4.0,0.00015365113509776054,0.125,0.07682556754888026,0,,multi_full_20260502_195038_0001,2026-05-02T20:52:53.001621,https://www.sidefx.com/docs/houdini20.0/unreal/,https://www.sidefx.com/,False,https://www.sidefx.com/docs/houdini20.0/unreal/,https://www.sidefx.com/,https://www.sidefx.com/docs/houdini20.0/unreal/,recon_page,2026-05-02T20:52:53.007649
36,1,2,0,0,0,0,1,0,14,0,com,200,2,7237,771.455,0,0,10,1,nginx,0,html,0,0,0,0,1,0,0,0,1,0,0,0,1,1,0,0,0,0,0,0,0,0,0,0,0,0,0,0,1,9,4,5,0,1,24,23,1,1,3,1,3,1,4,1,1,11,1,0,1,0,0,0,0,0,0,0,0,0,0,0,0,0,0,0,0,0,0,0,0,0,0,0,0.0,0.0,0.0,0,0,0,0,0,0,0,0,0,0,0,0,29,0,0,21,0,0,0,0,0,0.0,0.0012436092303440651,0.125,0.1381788033715628,0,,multi_full_20260502_195038_0001,2026-05-02T20:52:55.870499,https://www.sidefx.com/docs/hdk18.5/,https://www.sidefx.com/,False,https://www.sidefx.com/docs/hdk18.5/,https://www.sidefx.com/,https://www.sidefx.com/docs/hdk18.5/,recon_page,2026-05-02T20:52:55.879166
40,1,2,0,0,0,0,1,0,14,0,com,200,2,18055,864.432,0,0,10,1,nginx,0,html,0,0,0,0,1,0,0,0,1,0,0,0,1,1,0,0,0,0,0,0,0,0,0,0,0,0,0,0,1,9,4,5,0,1,128,127,1,1,3,1,3,1,4,1,1,11,1,0,1,0,0,0,0,0,0,0,0,1,0,0,0,0,0,0,0,0,0,0,0,0,0,0,0.0,0.0,0.0,0,0,0,0,0,0,0,0,0,0,0,0,132,0,0,19,0,0,0,0,0,0.0,0.0004984768762115757,0.125,0.055386319579063974,0,,multi_full_20260502_195038_0001,2026-05-02T20:53:12.425598,https://www.sidefx.com/docs/hengine20.5/,https://www.sidefx.com/,False,https://www.sidefx.com/docs/hengine20.5/,https://www.sidefx.com/,https://www.sidefx.com/docs/hengine20.5/,recon_page,2026-05-02T20:53:12.429916
45,1,3,0,0,0,0,1,0,14,0,com,200,2,211487,1547.7810000000002,0,0,10,1,nginx,0,html,0,0,0,0,1,0,0,0,1,0,1,1,1,4,0,0,1,2,0,0,1,1,1,1,0,0,0,0,1,12,1,9,2,1,400,400,0,1,23,1,3,1,4,1,1,2,1,0,1,0,0,0,0,0,0,0,1,1,0,0,0,0,0,0,0,0,0,0,0,0,0,0,0.0,0.0,0.0,0,0,0,1,0,0,0,0,0,0,1,4,405,0,0,0,0,0,0,0,0,4.0,5.674107628364864e-05,0.125,0.02837053814182432,0,,multi_full_20260502_195038_0001,2026-05-02T20:53:13.309143,https://www.sidefx.com/docs/houdini19.0/hapi/,https://www.sidefx.com/,False,https://www.sidefx.com/docs/houdini19.0/hapi/,https://www.sidefx.com/,https://www.sidefx.com/docs/houdini19.0/hapi/,recon_page,2026-05-02T20:53:13.316890
42,1,3,0,0,0,0,1,0,14,0,com,200,2,65547,941.316,0,0,10,1,nginx,0,html,0,0,0,0,1,0,0,0,1,0,1,1,1,4,0,0,1,2,0,0,1,1,1,1,0,0,0,0,1,15,2,11,2,1,96,96,0,1,19,1,3,1,4,1,1,2,1,0,1,0,0,0,0,0,0,0,0,0,0,0,0,0,0,0,0,0,0,0,0,0,0,0,0.0,0.0,0.0,0,0,0,1,0,0,0,0,0,0,1,4,106,0,0,0,0,0,0,0,0,4.0,0.00022884342532839032,0.125,0.09153737013135613,0,,multi_full_20260502_195038_0001,2026-05-02T20:53:14.433888,https://www.sidefx.com/docs/houdini/unity/,https://www.sidefx.com/,False,https://www.sidefx.com/docs/houdini/unity/,https://www.sidefx.com/,https://www.sidefx.com/docs/houdini/unity/,recon_page,2026-05-02T20:53:14.442902
47,1,3,0,0,0,0,1,0,14,0,com,200,2,56731,740.9879999999999,0,0,10,1,nginx,0,html,0,0,0,0,1,0,0,0,1,0,1,1,1,4,0,0,1,2,0,0,1,1,1,1,0,0,0,0,1,12,1,9,2,1,79,79,0,1,24,1,3,1,4,1,1,2,1,0,1,0,0,0,0,0,0,0,0,1,1,0,0,0,0,0,0,0,0,0,0,0,0,0,0.0,0.0,0.0,0,0,0,1,0,0,0,0,0,0,1,4,87,0,0,1,0,0,0,0,0,4.0,0.00021152456328991205,0.125,0.10576228164495602,0,,multi_full_20260502_195038_0001,2026-05-02T20:53:18.461830,https://www.sidefx.com/docs/houdini18.5/hqueue/,https://www.sidefx.com/,False,https://www.sidefx.com/docs/houdini18.5/hqueue/,https://www.sidefx.com/,https://www.sidefx.com/docs/houdini18.5/hqueue/,recon_page,2026-05-02T20:53:18.466582
36,1,2,0,0,0,0,1,0,14,0,com,200,2,53037,802.468,0,0,10,1,nginx,0,html,0,0,0,0,1,0,0,0,1,0,1,1,1,4,0,0,1,2,0,0,1,1,1,1,0,0,0,0,1,15,2,11,2,1,72,72,0,1,19,1,3,1,4,1,1,2,1,0,1,0,0,0,0,0,0,0,0,0,0,0,0,0,0,0,0,0,0,0,0,0,0,0,0.0,0.0,0.0,0,0,0,1,0,0,0,0,0,0,1,4,83,0,0,0,0,0,0,0,0,4.0,0.0002828214265512755,0.125,0.11312857062051021,0,,multi_full_20260502_195038_0001,2026-05-02T20:53:29.295008,https://www.sidefx.com/docs/houdini/,https://www.sidefx.com/,False,https://www.sidefx.com/docs/houdini/,https://www.sidefx.com/,https://www.sidefx.com/docs/houdini/,recon_page,2026-05-02T20:53:29.301082
40,1,2,0,0,0,0,1,0,14,0,com,200,2,18055,943.331,0,0,10,1,nginx,0,html,0,0,0,0,1,0,0,0,1,0,0,0,1,1,0,0,0,0,0,0,0,0,0,0,0,0,0,0,1,9,4,5,0,1,128,127,1,1,3,1,3,1,4,1,1,11,1,0,1,0,0,0,0,0,0,0,0,1,0,0,0,0,0,0,0,0,0,0,0,0,0,0,0.0,0.0,0.0,0,0,0,0,0,0,0,0,0,0,0,0,132,0,0,19,0,0,0,0,0,0.0,0.0004984768762115757,0.125,0.055386319579063974,0,,multi_full_20260502_195038_0001,2026-05-02T20:53:29.743671,https://www.sidefx.com/docs/hengine18.5/,https://www.sidefx.com/,False,https://www.sidefx.com/docs/hengine18.5/,https://www.sidefx.com/,https://www.sidefx.com/docs/hengine18.5/,recon_page,2026-05-02T20:53:29.748903
47,1,3,0,0,0,0,1,0,14,0,com,200,2,60858,943.419,0,0,10,1,nginx,0,html,0,0,0,0,1,0,0,0,1,0,1,1,1,4,0,0,1,2,0,0,1,1,1,1,0,0,0,0,1,12,1,9,2,1,86,86,0,1,22,1,3,1,4,1,1,2,1,0,1,0,0,0,0,0,0,0,0,1,0,0,0,0,0,0,0,0,0,0,0,0,0,0,0.0,0.0,0.0,0,0,0,1,0,0,0,0,0,0,1,4,94,0,0,0,0,0,0,0,0,4.0,0.00019718032140392388,0.125,0.09859016070196194,0,,multi_full_20260502_195038_0001,2026-05-02T20:53:30.049970,https://www.sidefx.com/docs/houdini20.0/hqueue/,https://www.sidefx.com/,False,https://www.sidefx.com/docs/houdini20.0/hqueue/,https://www.sidefx.com/,https://www.sidefx.com/docs/houdini20.0/hqueue/,recon_page,2026-05-02T20:53:30.057451
47,1,3,0,0,0,0,1,0,14,0,com,200,2,57993,499.818,0,0,10,1,nginx,0,html,0,0,0,0,1,0,0,0,1,0,1,1,1,4,0,0,1,2,0,0,1,1,1,1,0,0,0,0,1,12,1,9,2,1,81,81,0,1,24,1,3,1,4,1,1,2,1,0,1,0,0,0,0,0,0,0,0,1,1,0,0,0,0,0,0,0,0,0,0,0,0,0,0.0,0.0,0.0,0,0,0,1,0,0,0,0,0,0,1,4,89,0,0,0,0,0,0,0,0,4.0,0.00020692152501163933,0.125,0.10346076250581966,0,,multi_full_20260502_195038_0001,2026-05-02T20:53:31.496340,https://www.sidefx.com/docs/houdini19.0/hqueue/,https://www.sidefx.com/,False,https://www.sidefx.com/docs/houdini19.0/hqueue/,https://www.sidefx.com/,https://www.sidefx.com/docs/houdini19.0/hqueue/,recon_page,2026-05-02T20:53:31.502924
47,1,3,0,0,0,0,1,0,14,0,com,200,2,64387,697.9649999999999,0,0,10,1,nginx,0,html,0,0,0,0,1,0,0,0,1,0,1,1,1,4,0,0,1,2,0,0,1,1,1,1,0,0,0,0,1,12,1,9,2,1,86,86,0,1,19,1,3,1,4,1,1,2,1,0,1,0,0,0,0,0,0,0,0,0,0,0,0,0,0,0,0,0,0,0,0,0,0,0,0.0,0.0,0.0,0,0,0,1,0,0,0,0,0,0,1,4,95,0,0,0,0,0,0,0,0,4.0,0.00018637302561075994,0.125,0.09318651280537997,0,,multi_full_20260502_195038_0001,2026-05-02T20:53:49.906366,https://www.sidefx.com/docs/houdini20.5/3dsmax/,https://www.sidefx.com/,False,https://www.sidefx.com/docs/houdini20.5/3dsmax/,https://www.sidefx.com/,https://www.sidefx.com/docs/houdini20.5/3dsmax/,recon_page,2026-05-02T20:53:49.920423
38,1,2,0,0,0,0,1,0,14,0,com,200,2,7741,421.45899999999995,0,0,10,1,nginx,0,html,0,0,0,0,1,0,0,0,1,0,0,0,1,1,0,0,0,0,0,0,0,0,0,0,0,0,0,0,1,9,4,5,0,1,34,33,1,1,3,1,3,1,4,1,1,11,1,0,1,0,0,0,0,0,0,0,0,0,0,0,0,0,0,0,0,0,0,0,0,0,0,0,0.0,0.0,0.0,0,0,0,0,0,0,0,0,0,0,0,0,38,0,0,11,0,0,0,0,0,0.0,0.0011626404857253585,0.125,0.1291822761917065,0,,multi_full_20260502_195038_0001,2026-05-02T20:53:50.740898,https://www.sidefx.com/docs/unity18.5/,https://www.sidefx.com/,False,https://www.sidefx.com/docs/unity18.5/,https://www.sidefx.com/,https://www.sidefx.com/docs/unity18.5/,recon_page,2026-05-02T20:53:50.751254
39,1,2,0,0,0,0,1,0,14,0,com,200,2,8117,788.753,0,0,10,1,nginx,0,html,0,0,0,0,1,0,0,0,1,0,0,0,1,1,0,0,0,0,0,0,0,0,0,0,0,0,0,0,1,9,4,5,0,1,41,40,1,1,3,1,3,1,4,1,1,11,1,0,1,0,0,0,0,0,0,0,1,0,0,0,0,0,0,0,0,0,0,0,0,0,0,0,0.0,0.0,0.0,0,0,0,0,0,0,0,0,0,0,0,0,45,1,0,11,0,0,0,0,0,0.0,0.0011087840335099175,0.125,0.12319822594554637,0,,multi_full_20260502_195038_0001,2026-05-02T20:53:51.009973,https://www.sidefx.com/docs/unreal19.0/,https://www.sidefx.com/,False,https://www.sidefx.com/docs/unreal19.0/,https://www.sidefx.com/,https://www.sidefx.com/docs/unreal19.0/,recon_page,2026-05-02T20:53:51.016209
45,1,3,0,0,0,0,1,0,14,0,com,200,2,66815,760.007,0,0,10,1,nginx,0,html,0,0,0,0,1,0,0,0,1,0,1,1,1,4,0,0,1,2,0,0,1,1,1,1,0,0,0,0,1,12,1,9,2,1,95,95,0,1,21,1,3,1,4,1,1,2,1,0,1,0,0,0,0,0,0,0,1,0,0,0,0,0,0,0,0,0,0,0,0,0,0,0,0.0,0.0,0.0,0,0,0,1,0,0,0,0,0,0,1,4,104,0,0,0,0,0,0,0,0,4.0,0.00017960038913417646,0.125,0.08980019456708824,0,,multi_full_20260502_195038_0001,2026-05-02T20:53:53.855643,https://www.sidefx.com/docs/houdini19.5/maya/,https://www.sidefx.com/,False,https://www.sidefx.com/docs/houdini19.5/maya/,https://www.sidefx.com/,https://www.sidefx.com/docs/houdini19.5/maya/,recon_page,2026-05-02T20:53:53.860559
36,1,2,0,0,0,0,1,0,14,0,com,200,2,18055,495.454,0,0,10,1,nginx,0,html,0,0,0,0,1,0,0,0,1,0,0,0,1,1,0,0,0,0,0,0,0,0,0,0,0,0,0,0,1,9,4,5,0,1,128,127,1,1,3,1,3,1,4,1,1,11,1,0,1,0,0,0,0,0,0,0,0,1,0,0,0,0,0,0,0,0,0,0,0,0,0,0,0.0,0.0,0.0,0,0,0,0,0,0,0,0,0,0,0,0,132,0,0,19,0,0,0,0,0,0.0,0.0004984768762115757,0.125,0.055386319579063974,0,,multi_full_20260502_195038_0001,2026-05-02T20:54:03.288531,https://www.sidefx.com/docs/hengine/,https://www.sidefx.com/,False,https://www.sidefx.com/docs/hengine/,https://www.sidefx.com/,https://www.sidefx.com/docs/hengine/,recon_page,2026-05-02T20:54:03.292753
40,1,2,0,0,0,0,1,0,14,0,com,200,2,18056,656.369,0,0,10,1,nginx,0,html,0,0,0,0,1,0,0,0,1,0,0,0,1,1,0,0,0,0,0,0,0,0,0,0,0,0,0,0,1,9,4,5,0,1,128,127,1,1,3,1,3,1,4,1,1,11,1,0,1,0,0,0,0,0,0,0,0,1,0,0,0,0,0,0,0,0,0,0,0,0,0,0,0.0,0.0,0.0,0,0,0,0,0,0,0,0,0,0,0,0,132,0,0,19,0,0,0,0,0,0.0,0.0004984492689410722,0.125,0.055383252104563574,0,,multi_full_20260502_195038_0001,2026-05-02T20:54:04.112733,https://www.sidefx.com/docs/hengine19.5/,https://www.sidefx.com/,False,https://www.sidefx.com/docs/hengine19.5/,https://www.sidefx.com/,https://www.sidefx.com/docs/hengine19.5/,recon_page,2026-05-02T20:54:04.116991
47,1,3,0,0,0,0,1,0,14,0,com,200,2,72912,527.395,0,0,10,1,nginx,0,html,0,0,0,0,1,0,0,0,1,0,1,1,1,4,0,0,1,2,0,0,1,1,1,1,0,0,0,0,1,12,1,9,2,1,111,111,0,1,19,1,3,1,4,1,1,2,1,0,1,0,0,0,0,0,0,0,1,0,0,0,0,0,0,0,0,0,0,0,0,0,0,0,0.0,0.0,0.0,0,0,0,1,0,0,0,0,0,0,1,4,120,0,0,0,0,0,0,0,0,4.0,0.00016458196181698485,0.125,0.08229098090849242,0,,multi_full_20260502_195038_0001,2026-05-02T20:54:05.647708,https://www.sidefx.com/docs/houdini20.5/unreal/,https://www.sidefx.com/,False,https://www.sidefx.com/docs/houdini20.5/unreal/,https://www.sidefx.com/,https://www.sidefx.com/docs/houdini20.5/unreal/,recon_page,2026-05-02T20:54:05.652891
43,1,3,0,0,0,0,1,0,14,0,com,200,2,65439,1831.724,0,0,10,1,nginx,0,html,0,0,0,0,1,0,0,0,1,0,1,1,1,4,0,0,1,2,0,0,1,1,1,1,0,0,0,0,1,15,2,11,2,1,87,87,0,1,19,1,3,1,4,1,1,2,1,0,1,0,0,0,0,0,0,0,0,0,0,0,0,0,0,0,0,0,0,0,0,0,0,0,0.0,0.0,0.0,0,0,0,1,0,0,0,0,0,0,1,4,97,0,0,0,0,0,0,0,0,4.0,0.00022922110667950306,0.125,0.09168844267180123,0,,multi_full_20260502_195038_0001,2026-05-02T20:54:17.528906,https://www.sidefx.com/docs/houdini/3dsmax/,https://www.sidefx.com/,False,https://www.sidefx.com/docs/houdini/3dsmax/,https://www.sidefx.com/,https://www.sidefx.com/docs/houdini/3dsmax/,recon_page,2026-05-02T20:54:17.533613
45,1,3,0,0,0,0,1,0,14,0,com,200,2,241417,1885.214,0,0,10,1,nginx,0,html,0,0,0,0,1,0,0,0,1,0,1,1,1,4,0,0,1,2,0,0,1,1,1,1,0,0,0,0,1,12,1,9,2,1,459,459,0,1,21,1,3,1,4,1,1,2,1,0,1,0,0,0,0,0,0,0,1,1,0,0,0,0,0,0,0,0,0,0,0,0,0,0,0.0,0.0,0.0,0,0,0,1,0,0,0,0,0,0,1,4,464,0,0,0,0,0,0,0,0,4.0,4.9706524395547955e-05,0.125,0.024853262197773975,0,,multi_full_20260502_195038_0001,2026-05-02T20:54:20.477817,https://www.sidefx.com/docs/houdini20.0/hapi/,https://www.sidefx.com/,False,https://www.sidefx.com/docs/houdini20.0/hapi/,https://www.sidefx.com/,https://www.sidefx.com/docs/houdini20.0/hapi/,recon_page,2026-05-02T20:54:20.484882
32,1,2,0,0,0,0,1,0,14,0,com,200,2,7242,570.087,0,0,10,1,nginx,0,html,0,0,0,0,1,0,0,0,1,0,1,1,1,3,0,0,1,2,0,0,1,1,0,0,0,0,0,0,1,7,1,6,0,1,34,31,3,0,0,1,3,1,2,1,0,0,1,0,1,0,0,0,0,0,0,0,0,0,0,0,0,0,0,0,0,0,0,0,0,0,0,0,0.0,0.0,0.0,0,0,0,1,0,0,0,0,0,1,0,3,30,2,31,0,0,0,0,0,0,3.0,0.0009665838166252416,0.125,0.5523336095001381,0,,multi_full_20260502_195038_0001,2026-05-02T20:54:21.745320,https://www.sidefx.com/docs/api/,https://www.sidefx.com/,False,https://www.sidefx.com/docs/api/,https://www.sidefx.com/,https://www.sidefx.com/docs/api/,recon_page,2026-05-02T20:54:21.751720
65,1,2,1,1,0,0,1,0,14,0,com,200,2,1230463,552.524,0,0,23,1,ESF,0,html,0,0,0,1,7,1,1,1,1,1,0,0,0,0,0,0,0,0,0,0,0,0,0,0,0,0,0,0,1,4,4,0,0,1,1,0,1,0,0,1,1,0,0,1,0,0,0,0,0,0,0,0,0,0,0,0,0,1,0,0,0,0,0,0,0,0,0,0,0,0,0,0,0.0,0.0,0.0,0,0,0,0,0,0,0,0,0,0,0,0,1,0,0,0,0,0,0,0,1,0.0,3.250808841874969e-06,0.875,0.0,0,,multi_full_20260502_195038_0001,2026-05-02T20:54:31.788820,https://www.sidefx.com/login/google-oauth2/?next=/products/karma/,https://www.sidefx.com/,False,https://www.sidefx.com/login/google-oauth2/?next=/products/karma/,https://www.sidefx.com/,https://www.sidefx.com/login/google-oauth2/?next=/products/karma/,recon_page,2026-05-02T20:54:31.797339
64,1,2,1,1,0,0,1,0,14,0,com,200,2,54318,1473.619,0,0,20,1,ATS,0,html,1,1,0,1,7,1,1,1,1,1,0,0,0,0,0,0,0,0,0,0,0,0,0,0,0,0,0,0,1,38,14,0,24,1,14,0,14,0,0,1,7,1,6,1,1,4,1,0,0,0,0,0,0,0,0,0,0,1,0,0,0,0,0,0,0,0,0,0,0,0,0,0,1.0,1.0,0.0,0,0,0,0,0,0,0,0,0,0,0,0,36,0,0,0,0,0,0,0,0,0.0,0.000699583931661696,0.875,0.0,0,,multi_full_20260502_195038_0001,2026-05-02T20:54:42.825049,https://www.sidefx.com/login/yahoo-oauth2/?next=/products/karma/,https://www.sidefx.com/,False,https://www.sidefx.com/login/yahoo-oauth2/?next=/products/karma/,https://www.sidefx.com/,https://www.sidefx.com/login/yahoo-oauth2/?next=/products/karma/,recon_page,2026-05-02T20:54:42.835186
51,1,1,1,1,0,0,1,0,14,0,com,200,2,29847,381.93399999999997,0,0,23,1,nginx,0,html,1,2,0,1,6,0,1,1,1,1,1,4,1,15,1,2,1,5,0,0,1,1,1,7,0,0,1,1,1,11,5,6,0,1,111,101,10,1,5,1,7,1,2,1,1,2,1,0,1,0,0,0,0,0,0,0,0,1,0,0,0,0,0,0,1,0,0,0,0,0,0,0,1.0,1.0,1.0,0,0,0,1,3,1,2,3,1,4,0,9,103,6,0,0,0,0,0,0,0,3.75,0.0003685462525546956,0.75,0.8711093242201896,0,,multi_full_20260502_195038_0001,2026-05-02T20:54:53.962990,https://www.sidefx.com/login/?next=/products/karma/,https://www.sidefx.com/,False,https://www.sidefx.com/login/?next=/products/karma/,https://www.sidefx.com/,https://www.sidefx.com/login/?next=/products/karma/,recon_page,2026-05-02T20:54:53.969224
64,1,1,1,1,0,0,1,0,14,0,com,200,2,29847,418.848,0,0,23,1,nginx,0,html,1,2,0,1,6,0,1,1,1,1,1,4,1,15,1,2,1,5,0,0,1,1,1,7,0,0,1,1,1,11,5,6,0,1,111,101,10,1,5,1,7,1,2,1,1,2,1,0,1,0,0,0,0,0,0,0,0,1,0,0,0,0,0,0,1,0,0,0,0,0,0,0,1.0,1.0,1.0,0,0,0,1,3,1,2,3,1,4,0,9,103,6,0,0,0,0,0,0,0,3.75,0.0003685462525546956,0.75,0.8711093242201896,0,,multi_full_20260502_195038_0001,2026-05-02T20:54:54.383481,https://www.sidefx.com/login/?next=/Support/licensing/education/,https://www.sidefx.com/,False,https://www.sidefx.com/login/?next=/Support/licensing/education/,https://www.sidefx.com/,https://www.sidefx.com/login/?next=/Support/licensing/education/,recon_page,2026-05-02T20:54:54.644713
80,1,2,1,1,0,0,1,0,14,0,com,200,2,23175,1746.742,0,0,20,0,unknown,0,html,1,3,0,1,5,0,1,1,0,1,0,0,0,0,0,0,0,0,0,0,0,0,0,0,0,0,0,0,1,5,4,0,1,0,0,0,0,0,0,1,10,0,0,1,1,1,1,0,0,0,0,1,0,0,0,0,1,1,0,0,0,0,0,0,0,0,0,0,0,0,0,0,1.0,1.0,1.0,0,0,0,0,0,0,0,0,0,0,0,0,1,0,0,0,0,0,0,0,0,0.0,0.0002157497303128371,0.625,0.0,0,,multi_full_20260502_195038_0001,2026-05-02T20:54:57.096644,https://www.sidefx.com/login/microsoft-graph/?next=/Support/licensing/education/,https://www.sidefx.com/,False,https://www.sidefx.com/login/microsoft-graph/?next=/Support/licensing/education/,https://www.sidefx.com/,https://www.sidefx.com/login/microsoft-graph/?next=/Support/licensing/education/,recon_page,2026-05-02T20:54:57.101313
67,1,2,1,1,0,0,1,0,14,0,com,200,2,23349,1795.289,0,0,20,0,unknown,0,html,1,3,0,1,5,0,1,1,0,1,0,0,0,0,0,0,0,0,0,0,0,0,0,0,0,0,0,0,1,5,4,0,1,0,0,0,0,0,0,1,10,0,0,1,1,1,1,0,0,0,0,1,0,0,0,0,1,1,0,0,0,0,0,0,0,0,0,0,0,0,0,0,1.0,1.0,1.0,0,0,0,0,0,0,0,0,0,0,0,0,1,0,0,0,0,0,0,0,0,0.0,0.0002141419332733736,0.625,0.0,0,,multi_full_20260502_195038_0001,2026-05-02T20:54:57.338419,https://www.sidefx.com/login/microsoft-graph/?next=/products/karma/,https://www.sidefx.com/,False,https://www.sidefx.com/login/microsoft-graph/?next=/products/karma/,https://www.sidefx.com/,https://www.sidefx.com/login/microsoft-graph/?next=/products/karma/,recon_page,2026-05-02T20:54:57.342983
77,1,2,1,1,0,0,1,0,14,0,com,200,2,54318,542.495,0,0,20,1,ATS,0,html,1,1,0,1,7,1,1,1,1,1,0,0,0,0,0,0,0,0,0,0,0,0,0,0,0,0,0,0,1,38,14,0,24,1,14,0,14,0,0,1,7,1,6,1,1,4,1,0,0,0,0,0,0,0,0,0,0,1,0,0,0,0,0,0,0,0,0,0,0,0,0,0,1.0,1.0,0.0,0,0,0,0,0,0,0,0,0,0,0,0,36,0,0,0,0,0,0,0,0,0.0,0.000699583931661696,0.875,0.0,0,,multi_full_20260502_195038_0001,2026-05-02T20:54:57.638216,https://www.sidefx.com/login/yahoo-oauth2/?next=/Support/licensing/education/,https://www.sidefx.com/,False,https://www.sidefx.com/login/yahoo-oauth2/?next=/Support/licensing/education/,https://www.sidefx.com/,https://www.sidefx.com/login/yahoo-oauth2/?next=/Support/licensing/education/,recon_page,2026-05-02T20:54:57.643148
82,1,1,1,1,0,0,1,0,14,0,com,200,2,29847,758.915,0,0,23,1,nginx,0,html,1,2,0,1,6,0,1,1,1,1,1,4,1,15,1,2,1,5,0,0,1,1,1,7,0,0,1,1,1,11,5,6,0,1,111,101,10,1,5,1,7,1,2,1,1,2,1,0,1,0,0,0,0,0,0,0,0,1,0,0,0,0,0,0,0,0,0,0,0,0,0,0,1.0,1.0,1.0,0,0,0,1,3,1,2,3,1,4,0,9,103,6,0,0,0,0,0,0,0,3.75,0.0003685462525546956,0.75,0.8711093242201896,0,,multi_full_20260502_195038_0001,2026-05-02T20:55:46.741579,https://www.sidefx.com/login/?next=/learn/talks/hyper-light-breaker-heart-machine/,https://www.sidefx.com/,False,https://www.sidefx.com/login/?next=/learn/talks/hyper-light-breaker-heart-machine/,https://www.sidefx.com/,https://www.sidefx.com/login/?next=/learn/talks/hyper-light-breaker-heart-machine/,recon_page,2026-05-02T20:55:46.746441
98,1,2,1,1,0,0,1,0,14,0,com,200,2,23175,707.386,0,0,20,0,unknown,0,html,1,3,0,1,5,0,1,1,0,1,0,0,0,0,0,0,0,0,0,0,0,0,0,0,0,0,0,0,1,5,4,0,1,0,0,0,0,0,0,1,10,0,0,1,1,1,1,0,0,0,0,1,0,0,0,0,1,1,0,0,0,0,0,0,0,0,0,0,0,0,0,0,1.0,1.0,1.0,0,0,0,0,0,0,0,0,0,0,0,0,1,0,0,0,0,0,0,0,0,0.0,0.0002157497303128371,0.625,0.0,0,,multi_full_20260502_195038_0001,2026-05-02T20:55:48.205208,https://www.sidefx.com/login/microsoft-graph/?next=/learn/talks/hyper-light-breaker-heart-machine/,https://www.sidefx.com/,False,https://www.sidefx.com/login/microsoft-graph/?next=/learn/talks/hyper-light-breaker-heart-machine/,https://www.sidefx.com/,https://www.sidefx.com/login/microsoft-graph/?next=/learn/talks/hyper-light-breaker-heart-machine/,recon_page,2026-05-02T20:55:48.213231
78,1,2,1,1,0,0,1,0,14,0,com,200,2,1230285,1092.989,0,0,23,1,ESF,0,html,0,0,0,1,7,1,1,1,1,1,0,0,0,0,0,0,0,0,0,0,0,0,0,0,0,0,0,0,1,4,4,0,0,1,1,0,1,0,0,1,1,0,0,1,0,0,0,0,0,0,0,0,0,0,0,0,0,1,0,0,0,0,0,0,0,0,0,0,0,0,0,0,0.0,0.0,0.0,0,0,0,0,0,0,0,0,0,0,0,0,1,0,0,0,0,0,0,0,1,0.0,3.2512791751504733e-06,0.875,0.0,0,,multi_full_20260502_195038_0001,2026-05-02T20:55:51.239504,https://www.sidefx.com/login/google-oauth2/?next=/Support/licensing/education/,https://www.sidefx.com/,False,https://www.sidefx.com/login/google-oauth2/?next=/Support/licensing/education/,https://www.sidefx.com/,https://www.sidefx.com/login/google-oauth2/?next=/Support/licensing/education/,recon_page,2026-05-02T20:55:51.245390
95,1,2,1,1,0,0,1,0,14,0,com,200,2,54318,639.6469999999999,0,0,20,1,ATS,0,html,1,1,0,1,7,1,1,1,1,1,0,0,0,0,0,0,0,0,0,0,0,0,0,0,0,0,0,0,1,38,14,0,24,1,14,0,14,0,0,1,7,1,6,1,1,4,1,0,0,0,0,0,0,0,0,0,0,1,0,0,0,0,0,0,0,0,0,0,0,0,0,0,1.0,1.0,0.0,0,0,0,0,0,0,0,0,0,0,0,0,36,0,0,0,0,0,0,0,0,0.0,0.000699583931661696,0.875,0.0,0,,multi_full_20260502_195038_0001,2026-05-02T20:55:51.557831,https://www.sidefx.com/login/yahoo-oauth2/?next=/learn/talks/hyper-light-breaker-heart-machine/,https://www.sidefx.com/,False,https://www.sidefx.com/login/yahoo-oauth2/?next=/learn/talks/hyper-light-breaker-heart-machine/,https://www.sidefx.com/,https://www.sidefx.com/login/yahoo-oauth2/?next=/learn/talks/hyper-light-breaker-heart-machine/,recon_page,2026-05-02T20:55:51.564008
96,1,2,1,1,0,0,1,0,14,0,com,200,2,1230439,596.329,0,0,23,1,ESF,0,html,0,0,0,1,7,1,1,1,1,1,0,0,0,0,0,0,0,0,0,0,0,0,0,0,0,0,0,0,1,4,4,0,0,1,1,0,1,0,0,1,1,0,0,1,0,0,0,0,0,0,0,0,0,0,0,0,0,1,0,0,0,0,0,0,0,0,0,0,0,0,0,0,0.0,0.0,0.0,0,0,0,0,0,0,0,0,0,0,0,0,1,0,0,0,0,0,0,0,1,0.0,3.250872249660487e-06,0.875,0.0,0,,multi_full_20260502_195038_0001,2026-05-02T20:55:56.268121,https://www.sidefx.com/login/google-oauth2/?next=/learn/talks/hyper-light-breaker-heart-machine/,https://www.sidefx.com/,False,https://www.sidefx.com/login/google-oauth2/?next=/learn/talks/hyper-light-breaker-heart-machine/,https://www.sidefx.com/,https://www.sidefx.com/login/google-oauth2/?next=/learn/talks/hyper-light-breaker-heart-machine/,recon_page,2026-05-02T20:55:56.272213
38,1,2,0,0,0,0,1,0,14,0,com,200,2,33757,796.7180000000001,0,0,21,1,nginx,0,html,1,1,0,0,5,0,1,1,1,1,1,3,1,9,1,1,1,3,0,0,1,1,1,5,0,0,1,1,1,17,8,7,2,1,108,98,10,1,8,1,7,1,3,1,1,7,1,0,1,0,0,0,0,0,0,0,0,1,0,0,0,0,0,0,0,0,0,0,0,0,0,0,1.0,1.0,1.0,0,0,0,1,2,1,1,2,1,3,0,6,108,4,0,0,0,0,0,0,0,3.0,0.0005035992534881654,0.625,0.5035992534881655,0,,multi_full_20260502_195038_0001,2026-05-02T20:56:51.129658,https://www.sidefx.com/profile/mungus/,https://www.sidefx.com/,False,https://www.sidefx.com/profile/mungus/,https://www.sidefx.com/,https://www.sidefx.com/profile/mungus/,recon_page,2026-05-02T20:56:51.133946
76,1,2,1,1,0,0,1,0,14,0,com,200,2,23066,440.729,0,0,20,0,unknown,0,html,1,3,0,1,5,0,1,1,0,1,0,0,0,0,0,0,0,0,0,0,0,0,0,0,0,0,0,0,1,5,4,0,1,0,0,0,0,0,0,1,10,0,0,1,1,1,1,0,0,0,0,1,0,0,0,0,1,1,0,0,0,0,0,0,0,0,0,0,0,0,0,0,1.0,1.0,1.0,0,0,0,0,0,0,0,0,0,0,0,0,1,0,0,0,0,0,0,0,0,0.0,0.00021676927078817306,0.625,0.0,0,,multi_full_20260502_195038_0001,2026-05-02T20:56:51.366145,https://www.sidefx.com/login/microsoft-graph/?next=/learn/talks/aplat-rocky/,https://www.sidefx.com/,False,https://www.sidefx.com/login/microsoft-graph/?next=/learn/talks/aplat-rocky/,https://www.sidefx.com/,https://www.sidefx.com/login/microsoft-graph/?next=/learn/talks/aplat-rocky/,recon_page,2026-05-02T20:56:51.373280
73,1,2,1,1,0,0,1,0,14,0,com,200,2,54318,457.113,0,0,20,1,ATS,0,html,1,1,0,1,7,1,1,1,1,1,0,0,0,0,0,0,0,0,0,0,0,0,0,0,0,0,0,0,1,38,14,0,24,1,14,0,14,0,0,1,7,1,6,1,1,4,1,0,0,0,0,0,0,0,0,0,0,1,0,0,0,0,0,0,0,0,0,0,0,0,0,0,1.0,1.0,0.0,0,0,0,0,0,0,0,0,0,0,0,0,36,0,0,0,0,0,0,0,0,0.0,0.000699583931661696,0.875,0.0,0,,multi_full_20260502_195038_0001,2026-05-02T20:56:53.813132,https://www.sidefx.com/login/yahoo-oauth2/?next=/learn/talks/aplat-rocky/,https://www.sidefx.com/,False,https://www.sidefx.com/login/yahoo-oauth2/?next=/learn/talks/aplat-rocky/,https://www.sidefx.com/,https://www.sidefx.com/login/yahoo-oauth2/?next=/learn/talks/aplat-rocky/,recon_page,2026-05-02T20:56:53.819673
60,1,1,1,1,0,0,1,0,14,0,com,200,2,29847,2594.461,0,0,23,1,nginx,0,html,1,2,0,1,6,0,1,1,1,1,1,4,1,15,1,2,1,5,0,0,1,1,1,7,0,0,1,1,1,11,5,6,0,1,111,101,10,1,5,1,7,1,2,1,1,2,1,0,1,0,0,0,0,0,0,0,0,1,0,0,0,0,0,0,0,0,0,0,0,0,0,0,1.0,1.0,1.0,0,0,0,1,3,1,2,3,1,4,0,9,103,6,0,0,0,0,0,0,0,3.75,0.0003685462525546956,0.75,0.8711093242201896,0,,multi_full_20260502_195038_0001,2026-05-02T20:56:58.933111,https://www.sidefx.com/login/?next=/learn/talks/aplat-rocky/,https://www.sidefx.com/,False,https://www.sidefx.com/login/?next=/learn/talks/aplat-rocky/,https://www.sidefx.com/,https://www.sidefx.com/login/?next=/learn/talks/aplat-rocky/,recon_page,2026-05-02T20:56:58.937640
74,1,2,1,1,0,0,1,0,14,0,com,200,2,1230588,640.929,0,0,23,1,ESF,0,html,0,0,0,1,7,1,1,1,1,1,0,0,0,0,0,0,0,0,0,0,0,0,0,0,0,0,0,0,1,4,4,0,0,1,1,0,1,0,0,1,1,0,0,1,0,0,0,0,0,0,0,0,0,0,0,0,0,1,0,0,0,0,0,0,0,0,0,0,0,0,0,0,0.0,0.0,0.0,0,0,0,0,0,0,0,0,0,0,0,0,1,0,0,0,0,0,0,0,1,0.0,3.250478632978706e-06,0.875,0.0,0,,multi_full_20260502_195038_0001,2026-05-02T20:57:02.621105,https://www.sidefx.com/login/google-oauth2/?next=/learn/talks/aplat-rocky/,https://www.sidefx.com/,False,https://www.sidefx.com/login/google-oauth2/?next=/learn/talks/aplat-rocky/,https://www.sidefx.com/,https://www.sidefx.com/login/google-oauth2/?next=/learn/talks/aplat-rocky/,recon_page,2026-05-02T20:57:02.649360
38,1,2,0,0,0,0,1,0,14,0,com,200,2,44867,623.378,0,0,21,1,nginx,0,html,1,1,0,0,5,0,1,1,1,1,1,3,1,9,1,1,1,3,0,0,1,1,1,5,0,0,1,1,1,17,8,7,2,1,126,111,15,1,17,1,7,1,3,1,1,7,1,0,1,0,0,0,0,0,0,0,0,1,0,0,0,0,0,0,0,0,0,0,0,0,0,0,1.0,1.0,1.0,0,0,0,1,2,1,1,2,1,3,0,6,126,5,0,0,0,0,0,0,0,3.0,0.00037889763077540283,0.625,0.3788976307754029,0,,multi_full_20260502_195038_0001,2026-05-02T20:57:44.203705,https://www.sidefx.com/profile/Masoud/,https://www.sidefx.com/,False,https://www.sidefx.com/profile/Masoud/,https://www.sidefx.com/,https://www.sidefx.com/profile/Masoud/,recon_page,2026-05-02T20:57:44.210092
90,1,1,1,1,0,0,1,0,14,0,com,200,2,29847,3323.975,0,0,23,1,nginx,0,html,1,2,0,1,6,0,1,1,1,1,1,4,1,15,1,2,1,5,0,0,1,1,1,7,0,0,1,1,1,11,5,6,0,1,111,101,10,1,5,1,7,1,2,1,1,2,1,0,1,0,0,0,0,0,0,0,0,1,0,0,0,0,0,0,0,0,0,0,0,0,0,0,1.0,1.0,1.0,0,0,0,1,3,1,2,3,1,4,0,9,103,6,0,0,0,0,0,0,0,3.75,0.0003685462525546956,0.75,0.8711093242201896,0,,multi_full_20260502_195038_0001,2026-05-02T20:58:06.647196,https://www.sidefx.com/login/?next=/gallery/procedural-grape-growth-simulation-time-lapse/,https://www.sidefx.com/,False,https://www.sidefx.com/login/?next=/gallery/procedural-grape-growth-simulation-time-lapse/,https://www.sidefx.com/,https://www.sidefx.com/login/?next=/gallery/procedural-grape-growth-simulation-time-lapse/,recon_page,2026-05-02T20:58:06.652783
38,1,2,0,0,0,0,1,0,14,0,com,200,2,37144,3600.1310000000003,0,0,21,1,nginx,0,html,1,1,0,0,5,0,1,1,1,1,1,3,1,9,1,1,1,3,0,0,1,1,1,5,0,0,1,1,1,17,8,7,2,1,112,100,12,1,10,1,7,1,3,1,1,7,1,0,1,0,0,0,0,0,0,0,0,1,0,0,0,0,0,0,0,0,0,0,0,0,0,0,1.0,1.0,1.0,0,0,0,1,2,1,1,2,1,3,0,6,112,4,0,0,0,0,0,0,0,3.0,0.00045767822528537585,0.625,0.45767822528537583,0,,multi_full_20260502_195038_0001,2026-05-02T20:58:07.028313,https://www.sidefx.com/profile/LouisV/,https://www.sidefx.com/,False,https://www.sidefx.com/profile/LouisV/,https://www.sidefx.com/,https://www.sidefx.com/profile/LouisV/,recon_page,2026-05-02T20:58:07.034428
103,1,2,1,1,0,0,1,0,14,0,com,200,2,54318,635.207,0,0,20,1,ATS,0,html,1,1,0,1,7,1,1,1,1,1,0,0,0,0,0,0,0,0,0,0,0,0,0,0,0,0,0,0,1,38,14,0,24,1,14,0,14,0,0,1,7,1,6,1,1,4,1,0,0,0,0,0,0,0,0,0,0,1,0,0,0,0,0,0,0,0,0,0,0,0,0,0,1.0,1.0,0.0,0,0,0,0,0,0,0,0,0,0,0,0,36,0,0,0,0,0,0,0,0,0.0,0.000699583931661696,0.875,0.0,0,,multi_full_20260502_195038_0001,2026-05-02T20:58:07.772952,https://www.sidefx.com/login/yahoo-oauth2/?next=/gallery/procedural-grape-growth-simulation-time-lapse/,https://www.sidefx.com/,False,https://www.sidefx.com/login/yahoo-oauth2/?next=/gallery/procedural-grape-growth-simulation-time-lapse/,https://www.sidefx.com/,https://www.sidefx.com/login/yahoo-oauth2/?next=/gallery/procedural-grape-growth-simulation-time-lapse/,recon_page,2026-05-02T20:58:07.778906
106,1,2,1,1,0,0,1,0,14,0,com,200,2,23160,240.312,0,0,20,0,unknown,0,html,1,3,0,1,5,0,1,1,0,1,0,0,0,0,0,0,0,0,0,0,0,0,0,0,0,0,0,0,1,5,4,0,1,0,0,0,0,0,0,1,10,0,0,1,1,1,1,0,0,0,0,1,0,0,0,0,1,1,0,0,0,0,0,0,0,0,0,0,0,0,0,0,1.0,1.0,1.0,0,0,0,0,0,0,0,0,0,0,0,0,1,0,0,0,0,0,0,0,0,0.0,0.0002158894645941278,0.625,0.0,0,,multi_full_20260502_195038_0001,2026-05-02T20:58:10.621518,https://www.sidefx.com/login/microsoft-graph/?next=/gallery/procedural-grape-growth-simulation-time-lapse/,https://www.sidefx.com/,False,https://www.sidefx.com/login/microsoft-graph/?next=/gallery/procedural-grape-growth-simulation-time-lapse/,https://www.sidefx.com/,https://www.sidefx.com/login/microsoft-graph/?next=/gallery/procedural-grape-growth-simulation-time-lapse/,recon_page,2026-05-02T20:58:10.626899
95,1,2,1,1,0,0,1,0,14,0,com,200,2,54318,590.26,0,0,20,1,ATS,0,html,1,1,0,1,7,1,1,1,1,1,0,0,0,0,0,0,0,0,0,0,0,0,0,0,0,0,0,0,1,38,14,0,24,1,14,0,14,0,0,1,7,1,6,1,1,4,1,0,0,0,0,0,0,0,0,0,0,1,0,0,0,0,0,0,0,0,0,0,0,0,0,0,1.0,1.0,0.0,0,0,0,0,0,0,0,0,0,0,0,0,36,0,0,0,0,0,0,0,0,0.0,0.000699583931661696,0.875,0.0,0,,multi_full_20260502_195038_0001,2026-05-02T20:58:54.711605,https://www.sidefx.com/login/yahoo-oauth2/?next=/learn-main-menu/academic-programs/instructors/,https://www.sidefx.com/,False,https://www.sidefx.com/login/yahoo-oauth2/?next=/learn-main-menu/academic-programs/instructors/,https://www.sidefx.com/,https://www.sidefx.com/login/yahoo-oauth2/?next=/learn-main-menu/academic-programs/instructors/,recon_page,2026-05-02T20:58:54.721049
82,1,1,1,1,0,0,1,0,14,0,com,200,2,29847,625.691,0,0,23,1,nginx,0,html,1,2,0,1,6,0,1,1,1,1,1,4,1,15,1,2,1,5,0,0,1,1,1,7,0,0,1,1,1,11,5,6,0,1,111,101,10,1,5,1,7,1,2,1,1,2,1,0,1,0,0,0,0,0,0,0,0,1,0,0,0,0,0,0,1,0,0,0,0,0,0,0,1.0,1.0,1.0,0,0,0,1,3,1,2,3,1,4,0,9,103,6,0,0,0,0,0,0,0,3.75,0.0003685462525546956,0.75,0.8711093242201896,0,,multi_full_20260502_195038_0001,2026-05-02T20:59:05.606886,https://www.sidefx.com/login/?next=/learn-main-menu/academic-programs/instructors/,https://www.sidefx.com/,False,https://www.sidefx.com/login/?next=/learn-main-menu/academic-programs/instructors/,https://www.sidefx.com/,https://www.sidefx.com/login/?next=/learn-main-menu/academic-programs/instructors/,recon_page,2026-05-02T20:59:05.610523
62,1,3,0,0,0,0,1,0,14,0,com,200,2,39631,791.043,0,0,20,1,nginx,0,html,1,1,0,0,5,0,1,1,1,1,1,3,1,9,1,1,1,3,0,0,1,1,1,5,0,0,1,1,1,19,9,8,2,1,117,106,11,1,15,1,7,1,5,1,1,13,1,0,1,0,0,0,0,0,0,0,0,1,0,0,0,0,0,0,0,0,0,0,0,0,0,0,1.0,1.0,1.0,0,0,0,1,2,1,1,2,1,3,0,6,112,3,0,0,0,0,0,0,0,3.0,0.000479422674169211,0.625,0.42895712951982035,0,,multi_full_20260502_195038_0001,2026-05-02T20:59:06.773614,https://www.sidefx.com/education/education-programs/resources/,https://www.sidefx.com/,False,https://www.sidefx.com/education/education-programs/resources/,https://www.sidefx.com/,https://www.sidefx.com/education/education-programs/resources/,recon_page,2026-05-02T20:59:06.852018
96,1,2,1,1,0,0,1,0,14,0,com,200,2,1230522,267.291,0,0,23,1,ESF,0,html,0,0,0,1,7,1,1,1,1,1,0,0,0,0,0,0,0,0,0,0,0,0,0,0,0,0,0,0,1,4,4,0,0,1,1,0,1,0,0,1,1,0,0,1,0,0,0,0,0,0,0,0,0,0,0,0,0,1,0,0,0,0,0,0,0,0,0,0,0,0,0,0,0.0,0.0,0.0,0,0,0,0,0,0,0,0,0,0,0,0,1,0,0,0,0,0,0,0,1,0.0,3.2506529749163363e-06,0.875,0.0,0,,multi_full_20260502_195038_0001,2026-05-02T20:59:16.240169,https://www.sidefx.com/login/google-oauth2/?next=/learn-main-menu/academic-programs/instructors/,https://www.sidefx.com/,False,https://www.sidefx.com/login/google-oauth2/?next=/learn-main-menu/academic-programs/instructors/,https://www.sidefx.com/,https://www.sidefx.com/login/google-oauth2/?next=/learn-main-menu/academic-programs/instructors/,recon_page,2026-05-02T20:59:16.243995
68,1,3,0,0,0,0,1,0,14,0,com,200,2,36347,493.245,0,0,20,1,nginx,0,html,1,1,0,0,5,0,1,1,1,1,1,3,1,9,1,1,1,3,0,0,1,1,1,5,0,0,1,1,1,23,11,10,2,1,114,104,10,1,8,1,7,1,8,1,1,12,1,0,1,0,0,0,0,0,0,0,1,1,0,0,0,0,0,0,0,0,0,0,0,0,0,0,1.0,1.0,1.0,0,0,0,1,2,1,1,2,1,3,0,6,116,3,0,0,0,0,0,0,0,3.0,0.0006327895011967975,0.625,0.46771397914545904,0,,multi_full_20260502_195038_0001,2026-05-02T20:59:36.095786,https://www.sidefx.com/company/contact-us/contact-education-inquiry/,https://www.sidefx.com/,False,https://www.sidefx.com/company/contact-us/contact-education-inquiry/,https://www.sidefx.com/,https://www.sidefx.com/company/contact-us/contact-education-inquiry/,recon_page,2026-05-02T20:59:36.112105
89,1,4,0,0,0,0,1,0,14,0,com,200,2,51145,522.203,0,0,20,1,nginx,0,html,1,1,0,0,5,0,1,1,1,1,1,3,1,14,1,1,1,3,0,0,1,1,1,5,0,0,1,1,1,21,9,10,2,1,123,113,10,1,8,1,7,1,7,1,1,14,1,0,1,0,0,0,0,0,0,0,0,1,0,0,0,0,0,0,0,0,0,0,0,0,0,0,1.0,1.0,1.0,0,0,0,1,2,1,1,2,1,3,0,6,120,4,0,0,0,0,0,0,0,4.666666666666667,0.0004105973213412846,0.625,0.4301495747384886,0,,multi_full_20260502_195038_0001,2026-05-02T20:59:54.937230,https://www.sidefx.com/education/education-programs/instructors/instructor-certification/,https://www.sidefx.com/,False,https://www.sidefx.com/education/education-programs/instructors/instructor-certification/,https://www.sidefx.com/,https://www.sidefx.com/education/education-programs/instructors/instructor-certification/,recon_page,2026-05-02T20:59:54.945467
76,1,2,1,1,0,0,1,0,14,0,com,200,2,1230561,328.95000000000005,0,0,23,1,ESF,0,html,0,0,0,1,7,1,1,1,1,1,0,0,0,0,0,0,0,0,0,0,0,0,0,0,0,0,0,0,1,4,4,0,0,1,1,0,1,0,0,1,1,0,0,1,0,0,0,0,0,0,0,0,0,0,0,0,0,1,0,0,0,0,0,0,0,0,0,0,0,0,0,0,0.0,0.0,0.0,0,0,0,0,0,0,0,0,0,0,0,0,1,0,0,0,0,0,0,0,1,0.0,3.250549952420075e-06,0.875,0.0,0,,multi_full_20260502_195038_0001,2026-05-02T20:59:55.659032,https://www.sidefx.com/login/google-oauth2/?next=/community/section/stories/,https://www.sidefx.com/,False,https://www.sidefx.com/login/google-oauth2/?next=/community/section/stories/,https://www.sidefx.com/,https://www.sidefx.com/login/google-oauth2/?next=/community/section/stories/,recon_page,2026-05-02T20:59:55.666474
98,1,2,1,1,0,0,1,0,14,0,com,200,2,23248,301.053,0,0,20,0,unknown,0,html,1,3,0,1,5,0,1,1,0,1,0,0,0,0,0,0,0,0,0,0,0,0,0,0,0,0,0,0,1,5,4,0,1,0,0,0,0,0,0,1,10,0,0,1,1,1,1,0,0,0,0,1,0,0,0,0,1,1,0,0,0,0,0,0,0,0,0,0,0,0,0,0,1.0,1.0,1.0,0,0,0,0,0,0,0,0,0,0,0,0,1,0,0,0,0,0,0,0,0,0.0,0.00021507226428079835,0.625,0.0,0,,multi_full_20260502_195038_0001,2026-05-02T20:59:59.468923,https://www.sidefx.com/login/microsoft-graph/?next=/learn-main-menu/academic-programs/instructors/,https://www.sidefx.com/,False,https://www.sidefx.com/login/microsoft-graph/?next=/learn-main-menu/academic-programs/instructors/,https://www.sidefx.com/,https://www.sidefx.com/login/microsoft-graph/?next=/learn-main-menu/academic-programs/instructors/,recon_page,2026-05-02T20:59:59.476535
78,1,2,1,1,0,0,1,0,14,0,com,200,2,23078,1085.772,0,0,20,0,unknown,0,html,1,3,0,1,5,0,1,1,0,1,0,0,0,0,0,0,0,0,0,0,0,0,0,0,0,0,0,0,1,5,4,0,1,0,0,0,0,0,0,1,10,0,0,1,1,1,1,0,0,0,0,1,0,0,0,0,1,1,0,0,0,0,0,0,0,0,0,0,0,0,0,0,1.0,1.0,1.0,0,0,0,0,0,0,0,0,0,0,0,0,1,0,0,0,0,0,0,0,0,0.0,0.0002166565560273854,0.625,0.0,0,,multi_full_20260502_195038_0001,2026-05-02T21:00:00.010973,https://www.sidefx.com/login/microsoft-graph/?next=/community/section/stories/,https://www.sidefx.com/,False,https://www.sidefx.com/login/microsoft-graph/?next=/community/section/stories/,https://www.sidefx.com/,https://www.sidefx.com/login/microsoft-graph/?next=/community/section/stories/,recon_page,2026-05-02T21:00:00.044852
75,1,2,1,1,0,0,1,0,14,0,com,200,2,54318,1598.737,0,0,20,1,ATS,0,html,1,1,0,1,7,1,1,1,1,1,0,0,0,0,0,0,0,0,0,0,0,0,0,0,0,0,0,0,1,38,14,0,24,1,14,0,14,0,0,1,7,1,6,1,1,4,1,0,0,0,0,0,0,0,0,0,0,1,0,0,0,0,0,0,0,0,0,0,0,0,0,0,1.0,1.0,0.0,0,0,0,0,0,0,0,0,0,0,0,0,36,0,0,0,0,0,0,0,0,0.0,0.000699583931661696,0.875,0.0,0,,multi_full_20260502_195038_0001,2026-05-02T21:00:42.078408,https://www.sidefx.com/login/yahoo-oauth2/?next=/community/section/stories/,https://www.sidefx.com/,False,https://www.sidefx.com/login/yahoo-oauth2/?next=/community/section/stories/,https://www.sidefx.com/,https://www.sidefx.com/login/yahoo-oauth2/?next=/community/section/stories/,recon_page,2026-05-02T21:00:42.082206
62,1,1,1,1,0,0,1,0,14,0,com,200,2,29847,456.748,0,0,23,1,nginx,0,html,1,2,0,1,6,0,1,1,1,1,1,4,1,15,1,2,1,5,0,0,1,1,1,7,0,0,1,1,1,11,5,6,0,1,111,101,10,1,5,1,7,1,2,1,1,2,1,0,1,0,0,0,0,0,0,0,0,1,0,0,0,0,0,0,1,0,0,0,0,0,0,0,1.0,1.0,1.0,0,0,0,1,3,1,2,3,1,4,0,9,103,6,0,0,0,0,0,0,0,3.75,0.0003685462525546956,0.75,0.8711093242201896,0,,multi_full_20260502_195038_0001,2026-05-02T21:00:59.140848,https://www.sidefx.com/login/?next=/community/section/stories/,https://www.sidefx.com/,False,https://www.sidefx.com/login/?next=/community/section/stories/,https://www.sidefx.com/,https://www.sidefx.com/login/?next=/community/section/stories/,recon_page,2026-05-02T21:00:59.148955
44,1,2,0,0,0,0,1,0,14,0,com,200,2,32575,718.7139999999999,0,0,21,1,nginx,0,html,1,1,0,0,5,0,1,1,1,1,1,3,1,9,1,1,1,3,0,0,1,1,1,5,0,0,1,1,1,17,8,7,2,1,106,96,10,1,7,1,7,1,3,1,1,7,1,0,1,0,0,0,0,0,0,0,0,1,0,0,0,0,0,0,0,0,0,0,0,0,0,0,1.0,1.0,1.0,0,0,0,1,2,1,1,2,1,3,0,6,106,3,0,0,0,0,0,0,0,3.0,0.0005218726016884114,0.625,0.5218726016884113,0,,multi_full_20260502_195038_0001,2026-05-02T21:01:19.069637,https://www.sidefx.com/profile/chrisrezende/,https://www.sidefx.com/,False,https://www.sidefx.com/profile/chrisrezende/,https://www.sidefx.com/,https://www.sidefx.com/profile/chrisrezende/,recon_page,2026-05-02T21:01:19.075441
43,1,2,0,0,0,0,1,0,14,0,com,200,2,39948,2415.8529999999996,0,0,21,1,nginx,0,html,1,1,0,0,5,0,1,1,1,1,1,3,1,9,1,1,1,3,0,0,1,1,1,5,0,0,1,1,1,17,8,7,2,1,120,107,13,1,15,1,7,1,3,1,1,7,1,0,1,0,0,0,0,0,0,0,0,1,0,0,0,0,0,0,0,0,0,0,0,0,0,0,1.0,1.0,1.0,0,0,0,1,2,1,1,2,1,3,0,6,120,5,0,0,0,0,0,0,0,3.0,0.00042555321918494044,0.625,0.42555321918494043,0,,multi_full_20260502_195038_0001,2026-05-02T21:01:20.808066,https://www.sidefx.com/profile/cncverkstad/,https://www.sidefx.com/,False,https://www.sidefx.com/profile/cncverkstad/,https://www.sidefx.com/,https://www.sidefx.com/profile/cncverkstad/,recon_page,2026-05-02T21:01:20.813614
60,1,3,0,0,0,0,1,0,14,0,com,200,2,74678,581.577,0,0,21,1,nginx,0,html,1,1,0,0,5,0,1,1,1,1,1,3,1,50,1,1,1,3,0,0,1,1,1,8,0,0,1,1,1,19,9,8,2,1,116,106,10,1,8,1,7,1,3,1,1,22,1,0,1,0,0,0,0,0,0,0,0,1,0,0,0,0,0,0,0,0,0,0,0,0,0,0,1.0,1.0,1.0,0,0,0,1,2,1,1,2,1,3,0,6,111,3,0,0,0,0,0,0,0,16.666666666666668,0.0002544256675326067,0.625,0.8168403010257372,0,,multi_full_20260502_195038_0001,2026-05-02T21:01:21.674600,https://www.sidefx.com/tutorials/author/guilhermecasagrandi/,https://www.sidefx.com/,False,https://www.sidefx.com/tutorials/author/guilhermecasagrandi/,https://www.sidefx.com/,https://www.sidefx.com/tutorials/author/guilhermecasagrandi/,recon_page,2026-05-02T21:01:21.678439
83,1,2,1,1,0,0,1,0,14,0,com,200,2,1230492,445.074,0,0,23,1,ESF,0,html,0,0,0,1,7,1,1,1,1,1,0,0,0,0,0,0,0,0,0,0,0,0,0,0,0,0,0,0,1,4,4,0,0,1,1,0,1,0,0,1,1,0,0,1,0,0,0,0,0,0,0,0,0,0,0,0,0,1,1,0,0,0,0,0,0,0,0,0,0,0,0,0,0.0,0.0,0.0,0,0,0,0,0,0,0,0,0,0,0,0,1,0,0,0,0,0,0,0,1,0.0,3.2507322274342295e-06,0.875,0.0,0,,multi_full_20260502_195038_0001,2026-05-02T21:01:22.718267,https://www.sidefx.com/login/google-oauth2/?next=/tutorials/apex-apex-script-intro/,https://www.sidefx.com/,False,https://www.sidefx.com/login/google-oauth2/?next=/tutorials/apex-apex-script-intro/,https://www.sidefx.com/,https://www.sidefx.com/login/google-oauth2/?next=/tutorials/apex-apex-script-intro/,recon_page,2026-05-02T21:01:22.725807
69,1,1,1,1,0,0,1,0,14,0,com,200,2,29847,314.72,0,0,23,1,nginx,0,html,1,2,0,1,6,0,1,1,1,1,1,4,1,15,1,2,1,5,0,0,1,1,1,7,0,0,1,1,1,11,5,6,0,1,111,101,10,1,5,1,7,1,2,1,1,2,1,0,1,0,0,0,0,0,0,0,0,1,0,0,0,0,0,0,0,0,0,0,0,0,0,0,1.0,1.0,1.0,0,0,0,1,3,1,2,3,1,4,0,9,103,6,0,0,0,0,0,0,0,3.75,0.0003685462525546956,0.75,0.8711093242201896,0,,multi_full_20260502_195038_0001,2026-05-02T21:01:42.577960,https://www.sidefx.com/login/?next=/tutorials/apex-apex-script-intro/,https://www.sidefx.com/,False,https://www.sidefx.com/login/?next=/tutorials/apex-apex-script-intro/,https://www.sidefx.com/,https://www.sidefx.com/login/?next=/tutorials/apex-apex-script-intro/,recon_page,2026-05-02T21:01:42.583813
51,1,2,0,0,0,0,1,0,14,0,com,200,2,40868,379.401,0,0,21,1,nginx,0,html,1,1,0,0,5,0,1,1,1,1,1,3,1,9,1,1,1,3,0,0,1,1,1,5,0,0,1,1,1,17,8,7,2,1,115,105,10,1,10,1,7,1,3,1,1,7,1,0,1,0,0,0,0,0,0,0,0,1,0,0,0,0,0,0,0,0,0,0,0,0,0,0,1.0,1.0,1.0,0,0,0,1,2,1,1,2,1,3,0,6,115,6,0,0,0,0,0,0,0,3.0,0.00041597337770382697,0.625,0.4159733777038269,0,,multi_full_20260502_195038_0001,2026-05-02T21:01:43.114352,https://www.sidefx.com/profile/guilhermecasagrandi/,https://www.sidefx.com/,False,https://www.sidefx.com/profile/guilhermecasagrandi/,https://www.sidefx.com/,https://www.sidefx.com/profile/guilhermecasagrandi/,recon_page,2026-05-02T21:01:43.123526
56,1,4,0,0,0,0,1,0,14,0,com,200,2,52268,3043.555,0,0,20,1,nginx,0,html,1,1,0,0,5,0,1,1,1,1,1,3,1,9,1,1,1,3,0,0,1,1,1,5,0,0,1,1,1,20,8,10,2,1,158,137,21,1,18,1,7,1,8,1,1,11,1,0,1,0,0,0,0,0,0,0,0,1,0,0,0,0,0,0,0,0,0,0,0,0,0,0,1.0,1.0,1.0,0,0,0,1,2,1,1,2,1,3,0,6,147,4,0,0,0,0,0,0,0,3.0,0.0003826432999158185,0.625,0.3252468049284457,0,,multi_full_20260502_195038_0001,2026-05-02T21:03:53.031192,https://www.sidefx.com/products/houdini/pipeline-ai/pdg/,https://www.sidefx.com/,False,https://www.sidefx.com/products/houdini/pipeline-ai/pdg/,https://www.sidefx.com/,https://www.sidefx.com/products/houdini/pipeline-ai/pdg/,recon_page,2026-05-02T21:03:53.036329
62,1,4,0,0,0,0,1,0,14,0,com,200,2,39930,3029.515,0,0,20,1,nginx,0,html,1,1,0,0,5,0,1,1,1,1,1,3,1,9,1,1,1,3,0,0,1,1,1,5,0,0,1,1,1,20,8,10,2,1,127,117,10,1,6,1,7,1,7,1,1,11,1,0,1,0,0,0,0,0,0,0,0,1,0,0,0,0,0,0,0,0,0,0,0,0,0,0,1.0,1.0,1.0,0,0,0,1,2,1,1,2,1,3,0,6,126,3,0,0,0,0,0,0,0,3.0,0.0005008765339343851,0.625,0.4257450538442274,0,,multi_full_20260502_195038_0001,2026-05-02T21:03:53.357907,https://www.sidefx.com/products/houdini/pipeline-ai/scripting/,https://www.sidefx.com/,False,https://www.sidefx.com/products/houdini/pipeline-ai/scripting/,https://www.sidefx.com/,https://www.sidefx.com/products/houdini/pipeline-ai/scripting/,recon_page,2026-05-02T21:03:53.361712
79,1,2,1,1,0,0,1,0,14,0,com,200,2,1230509,296.0,0,0,23,1,ESF,0,html,0,0,0,1,7,1,1,1,1,1,0,0,0,0,0,0,0,0,0,0,0,0,0,0,0,0,0,0,1,4,4,0,0,1,1,0,1,0,0,1,1,0,0,1,0,0,0,0,0,0,0,0,0,0,0,0,0,1,0,0,0,0,0,0,0,0,0,0,0,0,0,0,0.0,0.0,0.0,0,0,0,0,0,0,0,0,0,0,0,0,1,0,0,0,0,0,0,0,1,0.0,3.2506873171996305e-06,0.875,0.0,0,,multi_full_20260502_195038_0001,2026-05-02T21:03:54.725798,https://www.sidefx.com/login/google-oauth2/?next=/products/houdini/pipeline-ai/,https://www.sidefx.com/,False,https://www.sidefx.com/login/google-oauth2/?next=/products/houdini/pipeline-ai/,https://www.sidefx.com/,https://www.sidefx.com/login/google-oauth2/?next=/products/houdini/pipeline-ai/,recon_page,2026-05-02T21:03:54.732282
82,1,2,1,1,0,0,1,0,14,0,com,200,2,54318,2225.954,0,0,20,1,ATS,0,html,1,1,0,1,7,1,1,1,1,1,0,0,0,0,0,0,0,0,0,0,0,0,0,0,0,0,0,0,1,38,14,0,24,1,14,0,14,0,0,1,7,1,6,1,1,4,1,0,0,0,0,0,0,0,0,0,0,1,0,0,0,0,0,0,0,0,0,0,0,0,0,0,1.0,1.0,0.0,0,0,0,0,0,0,0,0,0,0,0,0,36,0,0,0,0,0,0,0,0,0.0,0.000699583931661696,0.875,0.0,0,,multi_full_20260502_195038_0001,2026-05-02T21:03:56.684306,https://www.sidefx.com/login/yahoo-oauth2/?next=/tutorials/apex-apex-script-intro/,https://www.sidefx.com/,False,https://www.sidefx.com/login/yahoo-oauth2/?next=/tutorials/apex-apex-script-intro/,https://www.sidefx.com/,https://www.sidefx.com/login/yahoo-oauth2/?next=/tutorials/apex-apex-script-intro/,recon_page,2026-05-02T21:03:56.690851
72,1,4,0,0,0,0,1,0,14,0,com,200,2,43631,528.282,0,0,20,1,nginx,0,html,1,1,0,0,5,0,1,1,1,1,1,3,1,9,1,1,1,3,0,0,1,1,1,5,0,0,1,1,1,20,8,10,2,1,133,117,16,1,15,1,7,1,8,1,1,11,1,0,1,0,0,0,0,0,0,0,0,1,0,0,0,0,0,0,0,0,0,0,0,0,0,0,1.0,1.0,1.0,0,0,0,1,2,1,1,2,1,3,0,6,131,4,0,0,0,0,0,0,0,3.0,0.0004583896770644725,0.625,0.3896312255048016,0,,multi_full_20260502_195038_0001,2026-05-02T21:04:40.969075,https://www.sidefx.com/products/houdini/pipeline-ai/machine-learning-ai/,https://www.sidefx.com/,False,https://www.sidefx.com/products/houdini/pipeline-ai/machine-learning-ai/,https://www.sidefx.com/,https://www.sidefx.com/products/houdini/pipeline-ai/machine-learning-ai/,recon_page,2026-05-02T21:04:40.974413
65,1,1,1,1,0,0,1,0,14,0,com,200,2,29847,716.7170000000001,0,0,23,1,nginx,0,html,1,2,0,1,6,0,1,1,1,1,1,4,1,15,1,2,1,5,0,0,1,1,1,7,0,0,1,1,1,11,5,6,0,1,111,101,10,1,5,1,7,1,2,1,1,2,1,0,1,0,0,0,0,0,0,0,0,1,0,0,0,0,0,0,1,0,0,0,0,0,0,0,1.0,1.0,1.0,0,0,0,1,3,1,2,3,1,4,0,9,103,6,0,0,0,0,0,0,0,3.75,0.0003685462525546956,0.75,0.8711093242201896,0,,multi_full_20260502_195038_0001,2026-05-02T21:05:10.837481,https://www.sidefx.com/login/?next=/products/houdini/pipeline-ai/,https://www.sidefx.com/,False,https://www.sidefx.com/login/?next=/products/houdini/pipeline-ai/,https://www.sidefx.com/,https://www.sidefx.com/login/?next=/products/houdini/pipeline-ai/,recon_page,2026-05-02T21:05:10.842719
74,1,2,1,1,0,0,1,0,14,0,com,200,2,1230555,437.88899999999995,0,0,23,1,ESF,0,html,0,0,0,1,7,1,1,1,1,1,0,0,0,0,0,0,0,0,0,0,0,0,0,0,0,0,0,0,1,4,4,0,0,1,1,0,1,0,0,1,1,0,0,1,0,0,0,0,0,0,0,0,0,0,0,0,0,1,0,0,0,0,0,0,0,0,0,0,0,0,0,0,0.0,0.0,0.0,0,0,0,0,0,0,0,0,0,0,0,0,1,0,0,0,0,0,0,0,1,0.0,3.2505658016098427e-06,0.875,0.0,0,,multi_full_20260502_195038_0001,2026-05-02T21:05:15.413500,https://www.sidefx.com/login/google-oauth2/?next=/Support/licensing/indie/,https://www.sidefx.com/,False,https://www.sidefx.com/login/google-oauth2/?next=/Support/licensing/indie/,https://www.sidefx.com/,https://www.sidefx.com/login/google-oauth2/?next=/Support/licensing/indie/,recon_page,2026-05-02T21:05:15.419034
81,1,2,1,1,0,0,1,0,14,0,com,200,2,23279,2015.5880000000002,0,0,20,0,unknown,0,html,1,3,0,1,5,0,1,1,0,1,0,0,0,0,0,0,0,0,0,0,0,0,0,0,0,0,0,0,1,5,4,0,1,0,0,0,0,0,0,1,10,0,0,1,1,1,1,0,0,0,0,1,0,0,0,0,1,1,0,0,0,0,0,0,0,0,0,0,0,0,0,0,1.0,1.0,1.0,0,0,0,0,0,0,0,0,0,0,0,0,1,0,0,0,0,0,0,0,0,0.0,0.00021478585849907643,0.625,0.0,0,,multi_full_20260502_195038_0001,2026-05-02T21:05:16.082994,https://www.sidefx.com/login/microsoft-graph/?next=/products/houdini/pipeline-ai/,https://www.sidefx.com/,False,https://www.sidefx.com/login/microsoft-graph/?next=/products/houdini/pipeline-ai/,https://www.sidefx.com/,https://www.sidefx.com/login/microsoft-graph/?next=/products/houdini/pipeline-ai/,recon_page,2026-05-02T21:05:16.088375
76,1,2,1,1,0,0,1,0,14,0,com,200,2,23160,2125.6879999999996,0,0,20,0,unknown,0,html,1,3,0,1,5,0,1,1,0,1,0,0,0,0,0,0,0,0,0,0,0,0,0,0,0,0,0,0,1,5,4,0,1,0,0,0,0,0,0,1,10,0,0,1,1,1,1,0,0,0,0,1,0,0,0,0,1,1,0,0,0,0,0,0,0,0,0,0,0,0,0,0,1.0,1.0,1.0,0,0,0,0,0,0,0,0,0,0,0,0,1,0,0,0,0,0,0,0,0,0.0,0.0002158894645941278,0.625,0.0,0,,multi_full_20260502_195038_0001,2026-05-02T21:05:16.448598,https://www.sidefx.com/login/microsoft-graph/?next=/Support/licensing/indie/,https://www.sidefx.com/,False,https://www.sidefx.com/login/microsoft-graph/?next=/Support/licensing/indie/,https://www.sidefx.com/,https://www.sidefx.com/login/microsoft-graph/?next=/Support/licensing/indie/,recon_page,2026-05-02T21:05:16.458445
78,1,2,1,1,0,0,1,0,14,0,com,200,2,54318,768.823,0,0,20,1,ATS,0,html,1,1,0,1,7,1,1,1,1,1,0,0,0,0,0,0,0,0,0,0,0,0,0,0,0,0,0,0,1,38,14,0,24,1,14,0,14,0,0,1,7,1,6,1,1,4,1,0,0,0,0,0,0,0,0,0,0,1,0,0,0,0,0,0,0,0,0,0,0,0,0,0,1.0,1.0,0.0,0,0,0,0,0,0,0,0,0,0,0,0,36,0,0,0,0,0,0,0,0,0.0,0.000699583931661696,0.875,0.0,0,,multi_full_20260502_195038_0001,2026-05-02T21:05:17.047631,https://www.sidefx.com/login/yahoo-oauth2/?next=/products/houdini/pipeline-ai/,https://www.sidefx.com/,False,https://www.sidefx.com/login/yahoo-oauth2/?next=/products/houdini/pipeline-ai/,https://www.sidefx.com/,https://www.sidefx.com/login/yahoo-oauth2/?next=/products/houdini/pipeline-ai/,recon_page,2026-05-02T21:05:17.053455
73,1,2,1,1,0,0,1,0,14,0,com,200,2,54318,2014.5490000000002,0,0,20,1,ATS,0,html,1,1,0,1,7,1,1,1,1,1,0,0,0,0,0,0,0,0,0,0,0,0,0,0,0,0,0,0,1,38,14,0,24,1,14,0,14,0,0,1,7,1,6,1,1,4,1,0,0,0,0,0,0,0,0,0,0,1,0,0,0,0,0,0,0,0,0,0,0,0,0,0,1.0,1.0,0.0,0,0,0,0,0,0,0,0,0,0,0,0,36,0,0,0,0,0,0,0,0,0.0,0.000699583931661696,0.875,0.0,0,,multi_full_20260502_195038_0001,2026-05-02T21:05:18.633302,https://www.sidefx.com/login/yahoo-oauth2/?next=/Support/licensing/indie/,https://www.sidefx.com/,False,https://www.sidefx.com/login/yahoo-oauth2/?next=/Support/licensing/indie/,https://www.sidefx.com/,https://www.sidefx.com/login/yahoo-oauth2/?next=/Support/licensing/indie/,recon_page,2026-05-02T21:05:18.645612
64,1,1,1,1,0,0,1,0,14,0,com,200,2,29847,1369.0040000000001,0,0,23,1,nginx,0,html,1,2,0,1,6,0,1,1,1,1,1,4,1,15,1,2,1,5,0,0,1,1,1,7,0,0,1,1,1,11,5,6,0,1,111,101,10,1,5,1,7,1,2,1,1,2,1,0,1,0,0,0,0,0,0,0,0,1,0,0,0,0,0,0,1,0,0,0,0,0,0,0,1.0,1.0,1.0,0,0,0,1,3,1,2,3,1,4,0,9,103,6,0,0,0,0,0,0,0,3.75,0.0003685462525546956,0.75,0.8711093242201896,0,,multi_full_20260502_195038_0001,2026-05-02T21:06:27.294358,https://www.sidefx.com/login/?next=/products/houdini/characters/,https://www.sidefx.com/,False,https://www.sidefx.com/login/?next=/products/houdini/characters/,https://www.sidefx.com/,https://www.sidefx.com/login/?next=/products/houdini/characters/,recon_page,2026-05-02T21:06:27.301219
60,1,1,1,1,0,0,1,0,14,0,com,200,2,29847,1573.943,0,0,23,1,nginx,0,html,1,2,0,1,6,0,1,1,1,1,1,4,1,15,1,2,1,5,0,0,1,1,1,7,0,0,1,1,1,11,5,6,0,1,111,101,10,1,5,1,7,1,2,1,1,2,1,0,1,0,0,0,0,0,0,0,0,1,0,0,0,0,0,0,1,0,0,0,0,0,0,0,1.0,1.0,1.0,0,0,0,1,3,1,2,3,1,4,0,9,103,6,0,0,0,0,0,0,0,3.75,0.0003685462525546956,0.75,0.8711093242201896,0,,multi_full_20260502_195038_0001,2026-05-02T21:06:27.576362,https://www.sidefx.com/login/?next=/Support/licensing/indie/,https://www.sidefx.com/,False,https://www.sidefx.com/login/?next=/Support/licensing/indie/,https://www.sidefx.com/,https://www.sidefx.com/login/?next=/Support/licensing/indie/,recon_page,2026-05-02T21:06:27.581134
69,1,2,1,1,0,0,1,0,14,0,com,200,2,23160,212.011,0,0,20,0,unknown,0,html,1,3,0,1,5,0,1,1,0,1,0,0,0,0,0,0,0,0,0,0,0,0,0,0,0,0,0,0,1,5,4,0,1,0,0,0,0,0,0,1,10,0,0,1,1,1,1,0,0,0,0,1,0,0,0,0,1,1,0,0,0,0,0,0,0,0,0,0,0,0,0,0,1.0,1.0,1.0,0,0,0,0,0,0,0,0,0,0,0,0,1,0,0,0,0,0,0,0,0,0.0,0.0002158894645941278,0.625,0.0,0,,multi_full_20260502_195038_0001,2026-05-02T21:06:27.829285,https://www.sidefx.com/login/microsoft-graph/?next=/products/houdini/,https://www.sidefx.com/,False,https://www.sidefx.com/login/microsoft-graph/?next=/products/houdini/,https://www.sidefx.com/,https://www.sidefx.com/login/microsoft-graph/?next=/products/houdini/,recon_page,2026-05-02T21:06:27.848976
59,1,4,0,0,0,0,1,0,14,0,com,200,2,100222,1487.9340000000002,0,0,20,1,nginx,0,html,1,1,0,0,5,0,1,1,1,1,1,3,1,9,1,1,1,3,0,0,1,1,1,7,0,0,1,1,1,21,9,10,2,1,141,118,23,1,21,1,7,1,7,1,1,11,1,0,1,0,0,0,0,0,0,0,0,1,0,0,0,0,0,0,0,0,0,0,0,0,0,0,1.0,1.0,1.0,0,0,0,1,2,1,1,2,1,3,0,6,140,3,0,0,0,0,0,0,0,3.0,0.00020953483267146934,0.625,0.1895791343218056,0,,multi_full_20260502_195038_0001,2026-05-02T21:06:27.883721,https://www.sidefx.com/products/houdini/characters/muscles/,https://www.sidefx.com/,False,https://www.sidefx.com/products/houdini/characters/muscles/,https://www.sidefx.com/,https://www.sidefx.com/products/houdini/characters/muscles/,recon_page,2026-05-02T21:06:27.904234
53,1,1,1,1,0,0,1,0,14,0,com,200,2,29847,1373.005,0,0,23,1,nginx,0,html,1,2,0,1,6,0,1,1,1,1,1,4,1,15,1,2,1,5,0,0,1,1,1,7,0,0,1,1,1,11,5,6,0,1,111,101,10,1,5,1,7,1,2,1,1,2,1,0,1,0,0,0,0,0,0,0,0,1,0,0,0,0,0,0,1,0,0,0,0,0,0,0,1.0,1.0,1.0,0,0,0,1,3,1,2,3,1,4,0,9,103,6,0,0,0,0,0,0,0,3.75,0.0003685462525546956,0.75,0.8711093242201896,0,,multi_full_20260502_195038_0001,2026-05-02T21:06:27.900097,https://www.sidefx.com/login/?next=/products/houdini/,https://www.sidefx.com/,False,https://www.sidefx.com/login/?next=/products/houdini/,https://www.sidefx.com/,https://www.sidefx.com/login/?next=/products/houdini/,recon_page,2026-05-02T21:06:27.908005
57,1,4,0,0,0,0,1,0,14,0,com,200,2,91833,1915.84,0,0,20,1,nginx,0,html,1,1,0,0,5,0,1,1,1,1,1,3,1,9,1,1,1,3,0,0,1,1,1,7,0,0,1,1,1,21,9,10,2,1,129,114,15,1,11,1,7,1,7,1,1,11,1,0,1,0,0,0,0,0,0,0,0,1,0,0,0,0,0,0,0,0,0,0,0,0,0,0,1.0,1.0,1.0,0,0,0,1,2,1,1,2,1,3,0,6,129,4,0,0,0,0,0,0,0,3.0,0.000228675966155957,0.625,0.20689730271253254,0,,multi_full_20260502_195038_0001,2026-05-02T21:06:28.898914,https://www.sidefx.com/products/houdini/characters/cloth/,https://www.sidefx.com/,False,https://www.sidefx.com/products/houdini/characters/cloth/,https://www.sidefx.com/,https://www.sidefx.com/products/houdini/characters/cloth/,recon_page,2026-05-02T21:06:29.030459
67,1,2,1,1,0,0,1,0,14,0,com,200,2,1230198,236.854,0,0,23,1,ESF,0,html,0,0,0,1,7,1,1,1,1,1,0,0,0,0,0,0,0,0,0,0,0,0,0,0,0,0,0,0,1,4,4,0,0,1,1,0,1,0,0,1,1,0,0,1,0,0,0,0,0,0,0,0,0,0,0,0,0,1,0,0,0,0,0,0,0,0,0,0,0,0,0,0,0.0,0.0,0.0,0,0,0,0,0,0,0,0,0,0,0,0,1,0,0,0,0,0,0,0,1,0.0,3.2515091066641305e-06,0.875,0.0,0,,multi_full_20260502_195038_0001,2026-05-02T21:06:29.030973,https://www.sidefx.com/login/google-oauth2/?next=/products/houdini/,https://www.sidefx.com/,False,https://www.sidefx.com/login/google-oauth2/?next=/products/houdini/,https://www.sidefx.com/,https://www.sidefx.com/login/google-oauth2/?next=/products/houdini/,recon_page,2026-05-02T21:06:29.036260
66,1,2,1,1,0,0,1,0,14,0,com,200,2,54318,498.668,0,0,20,1,ATS,0,html,1,1,0,1,7,1,1,1,1,1,0,0,0,0,0,0,0,0,0,0,0,0,0,0,0,0,0,0,1,38,14,0,24,1,14,0,14,0,0,1,7,1,6,1,1,4,1,0,0,0,0,0,0,0,0,0,0,1,0,0,0,0,0,0,0,0,0,0,0,0,0,0,1.0,1.0,0.0,0,0,0,0,0,0,0,0,0,0,0,0,36,0,0,0,0,0,0,0,0,0.0,0.000699583931661696,0.875,0.0,0,,multi_full_20260502_195038_0001,2026-05-02T21:06:29.158343,https://www.sidefx.com/login/yahoo-oauth2/?next=/products/houdini/,https://www.sidefx.com/,False,https://www.sidefx.com/login/yahoo-oauth2/?next=/products/houdini/,https://www.sidefx.com/,https://www.sidefx.com/login/yahoo-oauth2/?next=/products/houdini/,recon_page,2026-05-02T21:06:29.163509
77,1,2,1,1,0,0,1,0,14,0,com,200,2,54318,945.3430000000001,0,0,20,1,ATS,0,html,1,1,0,1,7,1,1,1,1,1,0,0,0,0,0,0,0,0,0,0,0,0,0,0,0,0,0,0,1,38,14,0,24,1,14,0,14,0,0,1,7,1,6,1,1,4,1,0,0,0,0,0,0,0,0,0,0,1,0,0,0,0,0,0,0,0,0,0,0,0,0,0,1.0,1.0,0.0,0,0,0,0,0,0,0,0,0,0,0,0,36,0,0,0,0,0,0,0,0,0.0,0.000699583931661696,0.875,0.0,0,,multi_full_20260502_195038_0001,2026-05-02T21:07:47.017057,https://www.sidefx.com/login/yahoo-oauth2/?next=/products/houdini/characters/,https://www.sidefx.com/,False,https://www.sidefx.com/login/yahoo-oauth2/?next=/products/houdini/characters/,https://www.sidefx.com/,https://www.sidefx.com/login/yahoo-oauth2/?next=/products/houdini/characters/,recon_page,2026-05-02T21:07:47.021437
60,1,4,0,0,0,0,1,0,14,0,com,200,2,97453,543.397,0,0,20,1,nginx,0,html,1,1,0,0,5,0,1,1,1,1,1,3,1,9,1,1,1,3,0,0,1,1,1,7,0,0,1,1,1,21,9,10,2,1,142,122,20,1,18,1,7,1,7,1,1,11,1,0,1,0,0,0,0,0,0,0,0,1,0,0,0,0,0,0,0,0,0,0,0,0,0,0,1.0,1.0,1.0,0,0,0,1,2,1,1,2,1,3,0,6,142,4,0,0,0,0,0,0,0,3.0,0.00021548849188839748,0.625,0.19496577837521675,0,,multi_full_20260502_195038_0001,2026-05-02T21:09:43.128925,https://www.sidefx.com/products/houdini/characters/feathers/,https://www.sidefx.com/,False,https://www.sidefx.com/products/houdini/characters/feathers/,https://www.sidefx.com/,https://www.sidefx.com/products/houdini/characters/feathers/,recon_page,2026-05-02T21:09:43.144692
58,1,4,0,0,0,0,1,0,14,0,com,200,2,47873,1143.969,0,0,20,1,nginx,0,html,1,1,0,0,5,0,1,1,1,1,1,3,1,9,1,1,1,3,0,0,1,1,1,5,0,0,1,1,1,20,8,10,2,1,161,141,20,1,17,1,7,1,7,1,1,11,1,0,1,0,0,0,0,0,0,0,0,1,0,0,0,0,0,0,0,0,0,0,0,0,0,0,1.0,1.0,1.0,0,0,0,1,2,1,1,2,1,3,0,6,151,3,0,0,0,0,0,0,0,3.0,0.00041777202180769954,0.625,0.3551062185365446,0,,multi_full_20260502_195038_0001,2026-05-02T21:10:24.290831,https://www.sidefx.com/products/houdini/characters/crowds/,https://www.sidefx.com/,False,https://www.sidefx.com/products/houdini/characters/crowds/,https://www.sidefx.com/,https://www.sidefx.com/products/houdini/characters/crowds/,recon_page,2026-05-02T21:10:24.299711
60,1,4,0,0,0,0,1,0,14,0,com,200,2,94584,1078.991,0,0,20,1,nginx,0,html,1,1,0,0,5,0,1,1,1,1,1,3,1,9,1,1,1,3,0,0,1,1,1,7,0,0,1,1,1,21,9,10,2,1,130,112,18,1,14,1,7,1,7,1,1,11,1,0,1,0,0,0,0,0,0,0,0,1,0,0,0,0,0,0,0,0,0,0,0,0,0,0,1.0,1.0,1.0,0,0,0,1,2,1,1,2,1,3,0,6,130,4,0,0,0,0,0,0,0,3.0,0.00022202486678507994,0.625,0.20087964137697706,0,,multi_full_20260502_195038_0001,2026-05-02T21:10:24.918119,https://www.sidefx.com/products/houdini/characters/hair-fur/,https://www.sidefx.com/,False,https://www.sidefx.com/products/houdini/characters/hair-fur/,https://www.sidefx.com/,https://www.sidefx.com/products/houdini/characters/hair-fur/,recon_page,2026-05-02T21:10:25.009338
59,1,4,0,0,0,0,1,0,14,0,com,200,2,261620,1307.132,0,0,20,1,nginx,0,html,1,1,0,0,5,0,1,1,1,1,1,3,1,9,1,1,1,3,0,0,1,1,1,13,0,0,1,1,1,24,12,10,2,1,141,119,22,1,19,1,7,1,8,1,1,11,1,0,1,0,0,0,0,0,0,0,0,1,0,0,0,0,0,0,0,0,0,0,0,0,0,0,1.0,1.0,1.0,0,0,0,1,2,1,1,2,1,3,0,6,140,4,0,0,0,0,0,0,0,3.0,9.173610580230869e-05,0.625,0.09555844354407156,0,,multi_full_20260502_195038_0001,2026-05-02T21:10:25.431499,https://www.sidefx.com/products/houdini/characters/rigging/,https://www.sidefx.com/,False,https://www.sidefx.com/products/houdini/characters/rigging/,https://www.sidefx.com/,https://www.sidefx.com/products/houdini/characters/rigging/,recon_page,2026-05-02T21:10:25.436849
61,1,4,0,0,0,0,1,0,14,0,com,200,2,258767,1176.445,0,0,20,1,nginx,0,html,1,1,0,0,5,0,1,1,1,1,1,3,1,9,1,1,1,3,0,0,1,1,1,13,0,0,1,1,1,24,12,10,2,1,137,113,24,1,21,1,7,1,7,1,1,11,1,0,1,0,0,0,0,0,0,0,0,1,0,0,0,0,0,0,0,0,0,0,0,0,0,0,1.0,1.0,1.0,0,0,0,1,2,1,1,2,1,3,0,6,136,6,0,0,0,0,0,0,0,3.0,9.274752963090348e-05,0.625,0.09661201003219112,0,,multi_full_20260502_195038_0001,2026-05-02T21:10:25.684862,https://www.sidefx.com/products/houdini/characters/animation/,https://www.sidefx.com/,False,https://www.sidefx.com/products/houdini/characters/animation/,https://www.sidefx.com/,https://www.sidefx.com/products/houdini/characters/animation/,recon_page,2026-05-02T21:10:25.692769
80,1,2,1,1,0,0,1,0,14,0,com,200,2,23245,1122.344,0,0,20,0,unknown,0,html,1,3,0,1,5,0,1,1,0,1,0,0,0,0,0,0,0,0,0,0,0,0,0,0,0,0,0,0,1,5,4,0,1,0,0,0,0,0,0,1,10,0,0,1,1,1,1,0,0,0,0,1,0,0,0,0,1,1,0,0,0,0,0,0,0,0,0,0,0,0,0,0,1.0,1.0,1.0,0,0,0,0,0,0,0,0,0,0,0,0,1,0,0,0,0,0,0,0,0,0.0,0.00021510002151000216,0.625,0.0,0,,multi_full_20260502_195038_0001,2026-05-02T21:10:26.269395,https://www.sidefx.com/login/microsoft-graph/?next=/products/houdini/characters/,https://www.sidefx.com/,False,https://www.sidefx.com/login/microsoft-graph/?next=/products/houdini/characters/,https://www.sidefx.com/,https://www.sidefx.com/login/microsoft-graph/?next=/products/houdini/characters/,recon_page,2026-05-02T21:10:26.274257
72,1,4,0,0,0,0,1,0,14,0,com,200,2,36895,969.615,0,0,20,1,nginx,0,html,1,1,0,0,5,0,1,1,1,1,1,3,1,9,1,1,1,3,0,0,1,1,1,5,0,0,1,1,1,17,7,8,2,1,114,103,11,1,8,1,7,1,5,1,1,13,1,0,1,0,0,0,0,0,0,0,0,1,0,0,0,0,0,0,0,0,0,0,0,0,0,0,1.0,1.0,1.0,0,0,0,1,2,1,1,2,1,3,0,6,111,3,0,0,0,0,0,0,0,3.0,0.00046076704160455346,0.625,0.46076704160455345,0,,multi_full_20260502_195038_0001,2026-05-02T21:10:32.508035,https://www.sidefx.com/products/houdini-engine/plug-ins/3ds-max-plug-in/,https://www.sidefx.com/,False,https://www.sidefx.com/products/houdini-engine/plug-ins/3ds-max-plug-in/,https://www.sidefx.com/,https://www.sidefx.com/products/houdini-engine/plug-ins/3ds-max-plug-in/,recon_page,2026-05-02T21:10:32.512915
69,1,4,0,0,0,0,1,0,14,0,com,200,2,36508,276.895,0,0,20,1,nginx,0,html,1,1,0,0,5,0,1,1,1,1,1,3,1,9,1,1,1,3,0,0,1,1,1,5,0,0,1,1,1,17,7,8,2,1,114,103,11,1,9,1,7,1,5,1,1,13,1,0,1,0,0,0,0,0,0,0,0,1,0,0,0,0,0,0,0,0,0,0,0,0,0,0,1.0,1.0,1.0,0,0,0,1,2,1,1,2,1,3,0,6,111,3,0,0,0,0,0,0,0,3.0,0.0004656513640845842,0.625,0.4656513640845842,0,,multi_full_20260502_195038_0001,2026-05-02T21:10:33.135479,https://www.sidefx.com/products/houdini-engine/plug-ins/maya-plug-in/,https://www.sidefx.com/,False,https://www.sidefx.com/products/houdini-engine/plug-ins/maya-plug-in/,https://www.sidefx.com/,https://www.sidefx.com/products/houdini-engine/plug-ins/maya-plug-in/,recon_page,2026-05-02T21:10:33.145378
83,1,2,1,1,0,0,1,0,14,0,com,200,2,1230298,206.77200000000002,0,0,23,1,ESF,0,html,0,0,0,1,7,1,1,1,1,1,0,0,0,0,0,0,0,0,0,0,0,0,0,0,0,0,0,0,1,4,4,0,0,1,1,0,1,0,0,1,1,0,0,1,0,0,0,0,0,0,0,0,0,0,0,0,0,1,0,0,0,0,0,0,0,0,0,0,0,0,0,0,0.0,0.0,0.0,0,0,0,0,0,0,0,0,0,0,0,0,1,0,0,0,0,0,0,0,1,0.0,3.2512448203605957e-06,0.875,0.0,0,,multi_full_20260502_195038_0001,2026-05-02T21:10:41.931741,https://www.sidefx.com/login/google-oauth2/?next=/products/houdini-engine/plug-ins/,https://www.sidefx.com/,False,https://www.sidefx.com/login/google-oauth2/?next=/products/houdini-engine/plug-ins/,https://www.sidefx.com/,https://www.sidefx.com/login/google-oauth2/?next=/products/houdini-engine/plug-ins/,recon_page,2026-05-02T21:10:41.936018
85,1,2,1,1,0,0,1,0,14,0,com,200,2,23172,249.59300000000002,0,0,20,0,unknown,0,html,1,3,0,1,5,0,1,1,0,1,0,0,0,0,0,0,0,0,0,0,0,0,0,0,0,0,0,0,1,5,4,0,1,0,0,0,0,0,0,1,10,0,0,1,1,1,1,0,0,0,0,1,0,0,0,0,1,1,0,0,0,0,0,0,0,0,0,0,0,0,0,0,1.0,1.0,1.0,0,0,0,0,0,0,0,0,0,0,0,0,1,0,0,0,0,0,0,0,0,0.0,0.00021577766269635767,0.625,0.0,0,,multi_full_20260502_195038_0001,2026-05-02T21:11:12.748387,https://www.sidefx.com/login/microsoft-graph/?next=/products/houdini-engine/plug-ins/,https://www.sidefx.com/,False,https://www.sidefx.com/login/microsoft-graph/?next=/products/houdini-engine/plug-ins/,https://www.sidefx.com/,https://www.sidefx.com/login/microsoft-graph/?next=/products/houdini-engine/plug-ins/,recon_page,2026-05-02T21:11:12.752612
59,1,1,1,1,0,0,1,0,14,0,com,200,2,29847,909.721,0,0,23,1,nginx,0,html,1,2,0,1,6,0,1,1,1,1,1,4,1,15,1,2,1,5,0,0,1,1,1,7,0,0,1,1,1,11,5,6,0,1,111,101,10,1,5,1,7,1,2,1,1,2,1,0,1,0,0,0,0,0,0,0,0,1,0,0,0,0,0,0,0,0,0,0,0,0,0,0,1.0,1.0,1.0,0,0,0,1,3,1,2,3,1,4,0,9,103,6,0,0,0,0,0,0,0,3.75,0.0003685462525546956,0.75,0.8711093242201896,0,,multi_full_20260502_195038_0001,2026-05-02T21:12:27.281735,https://www.sidefx.com/login/?next=/houdini-hive/offf-2026/,https://www.sidefx.com/,False,https://www.sidefx.com/login/?next=/houdini-hive/offf-2026/,https://www.sidefx.com/,https://www.sidefx.com/login/?next=/houdini-hive/offf-2026/,recon_page,2026-05-02T21:12:27.289389
82,1,2,1,1,0,0,1,0,14,0,com,200,2,54318,822.7149999999999,0,0,20,1,ATS,0,html,1,1,0,1,7,1,1,1,1,1,0,0,0,0,0,0,0,0,0,0,0,0,0,0,0,0,0,0,1,38,14,0,24,1,14,0,14,0,0,1,7,1,6,1,1,4,1,0,0,0,0,0,0,0,0,0,0,1,0,0,0,0,0,0,0,0,0,0,0,0,0,0,1.0,1.0,0.0,0,0,0,0,0,0,0,0,0,0,0,0,36,0,0,0,0,0,0,0,0,0.0,0.000699583931661696,0.875,0.0,0,,multi_full_20260502_195038_0001,2026-05-02T21:12:29.238530,https://www.sidefx.com/login/yahoo-oauth2/?next=/products/houdini-engine/plug-ins/,https://www.sidefx.com/,False,https://www.sidefx.com/login/yahoo-oauth2/?next=/products/houdini-engine/plug-ins/,https://www.sidefx.com/,https://www.sidefx.com/login/yahoo-oauth2/?next=/products/houdini-engine/plug-ins/,recon_page,2026-05-02T21:12:29.245916
69,1,1,1,1,0,0,1,0,14,0,com,200,2,29847,3674.522,0,0,23,1,nginx,0,html,1,2,0,1,6,0,1,1,1,1,1,4,1,15,1,2,1,5,0,0,1,1,1,7,0,0,1,1,1,11,5,6,0,1,111,101,10,1,5,1,7,1,2,1,1,2,1,0,1,0,0,0,0,0,0,0,0,1,0,0,0,0,0,0,1,0,0,0,0,0,0,0,1.0,1.0,1.0,0,0,0,1,3,1,2,3,1,4,0,9,103,6,0,0,0,0,0,0,0,3.75,0.0003685462525546956,0.75,0.8711093242201896,0,,multi_full_20260502_195038_0001,2026-05-02T21:12:31.767852,https://www.sidefx.com/login/?next=/products/houdini-engine/plug-ins/,https://www.sidefx.com/,False,https://www.sidefx.com/login/?next=/products/houdini-engine/plug-ins/,https://www.sidefx.com/,https://www.sidefx.com/login/?next=/products/houdini-engine/plug-ins/,recon_page,2026-05-02T21:12:31.775854
46,1,2,0,0,0,0,1,0,14,0,com,200,2,67415,786.9549999999999,0,0,20,1,nginx,0,html,1,1,0,0,5,0,1,1,1,1,1,3,1,9,1,1,1,3,0,0,1,1,1,5,0,0,1,1,1,20,8,10,2,1,119,100,19,1,30,1,7,1,8,1,1,19,1,0,1,0,0,0,0,0,0,0,0,1,0,0,0,0,0,0,0,0,0,0,0,0,0,0,1.0,1.0,1.0,0,0,0,1,2,1,1,2,1,3,0,6,122,4,0,0,0,0,0,0,0,3.0,0.0002966698805903731,0.625,0.2521693985018171,0,,multi_full_20260502_195038_0001,2026-05-02T21:12:32.138211,https://www.sidefx.com/houdini-hive/offf-2026/,https://www.sidefx.com/,False,https://www.sidefx.com/houdini-hive/offf-2026/,https://www.sidefx.com/,https://www.sidefx.com/houdini-hive/offf-2026/,recon_page,2026-05-02T21:12:32.145633
73,1,2,1,1,0,0,1,0,14,0,com,200,2,1230124,249.643,0,0,23,1,ESF,0,html,0,0,0,1,7,1,1,1,1,1,0,0,0,0,0,0,0,0,0,0,0,0,0,0,0,0,0,0,1,4,4,0,0,1,1,0,1,0,0,1,1,0,0,1,0,0,0,0,0,0,0,0,0,0,0,0,0,1,0,0,0,0,0,0,0,0,0,0,0,0,0,0,0.0,0.0,0.0,0,0,0,0,0,0,0,0,0,0,0,0,1,0,0,0,0,0,0,0,1,0.0,3.2517047061922215e-06,0.875,0.0,0,,multi_full_20260502_195038_0001,2026-05-02T21:12:32.736766,https://www.sidefx.com/login/google-oauth2/?next=/houdini-hive/offf-2026/,https://www.sidefx.com/,False,https://www.sidefx.com/login/google-oauth2/?next=/houdini-hive/offf-2026/,https://www.sidefx.com/,https://www.sidefx.com/login/google-oauth2/?next=/houdini-hive/offf-2026/,recon_page,2026-05-02T21:12:32.745038
68,1,4,0,0,0,0,1,0,14,0,com,404,4,25,296.022,0,0,19,1,nginx,0,html,0,0,0,0,5,0,1,1,1,1,0,0,0,0,0,0,0,0,0,0,0,0,0,0,0,0,0,0,0,0,0,0,0,0,0,0,0,0,0,0,0,0,0,0,0,0,0,0,1,0,0,0,0,0,0,0,0,1,0,0,0,0,0,0,0,0,0,0,0,0,0,0,0.0,0.0,0.0,0,0,0,0,0,0,0,0,0,0,0,0,0,0,0,0,0,0,0,0,0,0.0,0.0,0.625,0.0,0,,multi_full_20260502_195038_0001,2026-05-02T21:12:32.819413,https://www.sidefx.com/_next/static/chunks/66956-8e7e0e24b8255279.js,https://www.sidefx.com/,False,https://www.sidefx.com/_next/static/chunks/66956-8e7e0e24b8255279.js,https://www.sidefx.com/,https://www.sidefx.com/_next/static/chunks/66956-8e7e0e24b8255279.js,recon_page,2026-05-02T21:12:32.823426
74,1,4,0,0,0,0,1,0,14,0,com,404,4,25,303.11,0,0,19,1,nginx,0,html,0,0,0,0,5,0,1,1,1,1,0,0,0,0,0,0,0,0,0,0,0,0,0,0,0,0,0,0,0,0,0,0,0,0,0,0,0,0,0,0,0,0,0,0,0,0,0,0,1,0,0,0,0,0,0,0,0,1,0,0,0,0,0,0,0,0,0,0,0,0,0,0,0.0,0.0,0.0,0,0,0,0,0,0,0,0,0,0,0,0,0,0,0,0,0,0,0,0,0,0.0,0.0,0.625,0.0,0,,multi_full_20260502_195038_0001,2026-05-02T21:13:21.266218,https://www.sidefx.com/images/fallbacks/redesign/group-cover-2-square.webp,https://www.sidefx.com/,False,https://www.sidefx.com/images/fallbacks/redesign/group-cover-2-square.webp,https://www.sidefx.com/,https://www.sidefx.com/images/fallbacks/redesign/group-cover-2-square.webp,recon_page,2026-05-02T21:13:21.269914
37,1,2,0,0,0,0,1,0,14,0,com,404,4,25,276.723,0,0,19,1,nginx,0,html,0,0,0,0,5,0,1,1,1,1,0,0,0,0,0,0,0,0,0,0,0,0,0,0,0,0,0,0,0,0,0,0,0,0,0,0,0,0,0,0,0,0,0,0,0,0,0,0,1,0,0,0,0,0,0,0,0,1,0,0,0,0,0,0,0,0,0,0,0,0,0,0,0.0,0.0,0.0,0,0,0,0,0,0,0,0,0,0,0,0,0,0,0,0,0,0,0,0,0,0.0,0.0,0.625,0.0,0,,multi_full_20260502_195038_0001,2026-05-02T21:13:43.977818,https://www.sidefx.com/pro/[network]/,https://www.sidefx.com/,False,https://www.sidefx.com/pro/[network]/,https://www.sidefx.com/,https://www.sidefx.com/pro/[network]/,recon_page,2026-05-02T21:13:43.983800
62,1,4,0,0,0,0,1,0,14,0,com,404,4,25,242.498,0,0,19,1,nginx,0,html,0,0,0,0,5,0,1,1,1,1,0,0,0,0,0,0,0,0,0,0,0,0,0,0,0,0,0,0,0,0,0,0,0,0,0,0,0,0,0,0,0,0,0,0,0,0,0,0,1,0,0,0,0,0,0,0,0,1,0,0,0,0,0,0,0,0,0,0,0,0,0,0,0.0,0.0,0.0,0,0,0,0,0,0,0,0,0,0,0,0,0,0,0,0,0,0,0,0,0,0.0,0.0,0.625,0.0,0,,multi_full_20260502_195038_0001,2026-05-02T21:13:44.960334,https://www.sidefx.com/_next/static/media/Boyrun-Regular.woff2,https://www.sidefx.com/,False,https://www.sidefx.com/_next/static/media/Boyrun-Regular.woff2,https://www.sidefx.com/,https://www.sidefx.com/_next/static/media/Boyrun-Regular.woff2,recon_page,2026-05-02T21:13:44.965509
68,1,4,0,0,0,0,1,0,14,0,com,404,4,25,263.789,0,0,19,1,nginx,0,html,0,0,0,0,5,0,1,1,1,1,0,0,0,0,0,0,0,0,0,0,0,0,0,0,0,0,0,0,0,0,0,0,0,0,0,0,0,0,0,0,0,0,0,0,0,0,0,0,1,0,0,0,0,0,0,0,0,1,0,0,0,0,0,0,0,0,0,0,0,0,0,0,0.0,0.0,0.0,0,0,0,0,0,0,0,0,0,0,0,0,0,0,0,0,0,0,0,0,0,0.0,0.0,0.625,0.0,0,,multi_full_20260502_195038_0001,2026-05-02T21:13:45.417073,https://www.sidefx.com/_next/static/chunks/40617-55cd264cc706e254.js,https://www.sidefx.com/,False,https://www.sidefx.com/_next/static/chunks/40617-55cd264cc706e254.js,https://www.sidefx.com/,https://www.sidefx.com/_next/static/chunks/40617-55cd264cc706e254.js,recon_page,2026-05-02T21:13:45.424399
92,1,4,0,0,0,0,1,0,14,0,com,404,4,25,245.34300000000002,0,0,19,1,nginx,0,html,0,0,0,0,5,0,1,1,1,1,0,0,0,0,0,0,0,0,0,0,0,0,0,0,0,0,0,0,0,0,0,0,0,0,0,0,0,0,0,0,0,0,0,0,0,0,0,0,1,0,0,0,0,0,0,0,0,1,0,0,0,0,0,0,0,0,0,0,0,0,0,0,0.0,0.0,0.0,0,0,0,0,0,0,0,0,0,0,0,0,0,0,0,0,0,0,0,0,0,0.0,0.0,0.625,0.0,0,,multi_full_20260502_195038_0001,2026-05-02T21:13:45.680487,https://www.sidefx.com/_next/static/d497aa00d3d962b2a0295b0a0a6211945f107dac/_ssgManifest.js,https://www.sidefx.com/,False,https://www.sidefx.com/_next/static/d497aa00d3d962b2a0295b0a0a6211945f107dac/_ssgManifest.js,https://www.sidefx.com/,https://www.sidefx.com/_next/static/d497aa00d3d962b2a0295b0a0a6211945f107dac/_ssgManifest.js,recon_page,2026-05-02T21:13:45.694776
72,1,4,0,0,0,0,1,0,14,0,com,404,4,25,234.763,0,0,19,1,nginx,0,html,0,0,0,0,5,0,1,1,1,1,0,0,0,0,0,0,0,0,0,0,0,0,0,0,0,0,0,0,0,0,0,0,0,0,0,0,0,0,0,0,0,0,0,0,0,0,0,0,1,0,0,0,0,0,0,0,0,1,0,0,0,0,0,0,0,0,0,0,0,0,0,0,0.0,0.0,0.0,0,0,0,0,0,0,0,0,0,0,0,0,0,0,0,0,0,0,0,0,0,0.0,0.0,0.625,0.0,0,,multi_full_20260502_195038_0001,2026-05-02T21:13:45.921117,https://www.sidefx.com/_next/static/chunks/polyfills-42372ed130431b0a.js,https://www.sidefx.com/,False,https://www.sidefx.com/_next/static/chunks/polyfills-42372ed130431b0a.js,https://www.sidefx.com/,https://www.sidefx.com/_next/static/chunks/polyfills-42372ed130431b0a.js,recon_page,2026-05-02T21:13:45.926413
72,1,4,0,0,0,0,1,0,14,0,com,404,4,25,241.10000000000002,0,0,19,1,nginx,0,html,0,0,0,0,5,0,1,1,1,1,0,0,0,0,0,0,0,0,0,0,0,0,0,0,0,0,0,0,0,0,0,0,0,0,0,0,0,0,0,0,0,0,0,0,0,0,0,0,1,0,0,0,0,0,0,0,0,1,0,0,0,0,0,0,0,0,0,0,0,0,0,0,0.0,0.0,0.0,0,0,0,0,0,0,0,0,0,0,0,0,0,0,0,0,0,0,0,0,0,0.0,0.0,0.625,0.0,0,,multi_full_20260502_195038_0001,2026-05-02T21:13:45.919119,https://www.sidefx.com/_next/static/chunks/framework-7a0ec6cd3d021fce.js,https://www.sidefx.com/,False,https://www.sidefx.com/_next/static/chunks/framework-7a0ec6cd3d021fce.js,https://www.sidefx.com/,https://www.sidefx.com/_next/static/chunks/framework-7a0ec6cd3d021fce.js,recon_page,2026-05-02T21:13:45.925503
67,1,4,0,0,0,0,1,0,14,0,com,404,4,25,243.063,0,0,19,1,nginx,0,html,0,0,0,0,5,0,1,1,1,1,0,0,0,0,0,0,0,0,0,0,0,0,0,0,0,0,0,0,0,0,0,0,0,0,0,0,0,0,0,0,0,0,0,0,0,0,0,0,1,0,0,0,0,0,0,0,0,1,0,0,0,0,0,0,0,0,0,0,0,0,0,0,0.0,0.0,0.0,0,0,0,0,0,0,0,0,0,0,0,0,0,0,0,0,0,0,0,0,0,0.0,0.0,0.625,0.0,0,,multi_full_20260502_195038_0001,2026-05-02T21:13:45.927761,https://www.sidefx.com/_next/static/chunks/main-d7352fadc39f34d5.js,https://www.sidefx.com/,False,https://www.sidefx.com/_next/static/chunks/main-d7352fadc39f34d5.js,https://www.sidefx.com/,https://www.sidefx.com/_next/static/chunks/main-d7352fadc39f34d5.js,recon_page,2026-05-02T21:13:45.936465
71,1,4,0,0,0,0,1,0,14,0,com,404,4,25,242.484,0,0,19,1,nginx,0,html,0,0,0,0,5,0,1,1,1,1,0,0,0,0,0,0,0,0,0,0,0,0,0,0,0,0,0,0,0,0,0,0,0,0,0,0,0,0,0,0,0,0,0,0,0,0,0,0,1,0,0,0,0,0,0,0,0,1,0,0,0,0,0,0,0,0,0,0,0,0,0,0,0.0,0.0,0.0,0,0,0,0,0,0,0,0,0,0,0,0,0,0,0,0,0,0,0,0,0,0.0,0.0,0.625,0.0,0,,multi_full_20260502_195038_0001,2026-05-02T21:13:45.935303,https://www.sidefx.com/_next/static/media/NeuSans-Medium.7b11edcf.woff2,https://www.sidefx.com/,False,https://www.sidefx.com/_next/static/media/NeuSans-Medium.7b11edcf.woff2,https://www.sidefx.com/,https://www.sidefx.com/_next/static/media/NeuSans-Medium.7b11edcf.woff2,recon_page,2026-05-02T21:13:45.940195
60,1,4,0,0,0,0,1,0,14,0,com,404,4,25,232.966,0,0,19,1,nginx,0,html,0,0,0,0,5,0,1,1,1,1,0,0,0,0,0,0,0,0,0,0,0,0,0,0,0,0,0,0,0,0,0,0,0,0,0,0,0,0,0,0,0,0,0,0,0,0,0,0,1,0,0,0,0,0,0,0,0,1,0,0,0,0,0,0,0,0,0,0,0,0,0,0,0.0,0.0,0.0,0,0,0,0,0,0,0,0,0,0,0,0,0,0,0,0,0,0,0,0,0,0.0,0.0,0.625,0.0,0,,multi_full_20260502_195038_0001,2026-05-02T21:14:20.885368,https://www.sidefx.com/_next/static/css/e02eac3c3d4249e3.css,https://www.sidefx.com/,False,https://www.sidefx.com/_next/static/css/e02eac3c3d4249e3.css,https://www.sidefx.com/,https://www.sidefx.com/_next/static/css/e02eac3c3d4249e3.css,recon_page,2026-05-02T21:14:20.889106
68,1,4,0,0,0,0,1,0,14,0,com,404,4,25,236.811,0,0,19,1,nginx,0,html,0,0,0,0,5,0,1,1,1,1,0,0,0,0,0,0,0,0,0,0,0,0,0,0,0,0,0,0,0,0,0,0,0,0,0,0,0,0,0,0,0,0,0,0,0,0,0,0,1,0,0,0,0,0,0,0,0,1,0,0,0,0,0,0,0,0,0,0,0,0,0,0,0.0,0.0,0.0,0,0,0,0,0,0,0,0,0,0,0,0,0,0,0,0,0,0,0,0,0,0.0,0.0,0.625,0.0,0,,multi_full_20260502_195038_0001,2026-05-02T21:14:21.184739,https://www.sidefx.com/_next/static/chunks/44652-7908eaed797207c9.js,https://www.sidefx.com/,False,https://www.sidefx.com/_next/static/chunks/44652-7908eaed797207c9.js,https://www.sidefx.com/,https://www.sidefx.com/_next/static/chunks/44652-7908eaed797207c9.js,recon_page,2026-05-02T21:14:21.192022
74,1,4,0,0,0,0,1,0,14,0,com,404,4,25,228.594,0,0,19,1,nginx,0,html,0,0,0,0,5,0,1,1,1,1,0,0,0,0,0,0,0,0,0,0,0,0,0,0,0,0,0,0,0,0,0,0,0,0,0,0,0,0,0,0,0,0,0,0,0,0,0,0,1,0,0,0,0,0,0,0,0,1,0,0,0,0,0,0,0,0,0,0,0,0,0,0,0.0,0.0,0.0,0,0,0,0,0,0,0,0,0,0,0,0,0,0,0,0,0,0,0,0,0,0.0,0.0,0.625,0.0,0,,multi_full_20260502_195038_0001,2026-05-02T21:14:21.426483,https://www.sidefx.com/images/fallbacks/redesign/group-cover-5-square.webp,https://www.sidefx.com/,False,https://www.sidefx.com/images/fallbacks/redesign/group-cover-5-square.webp,https://www.sidefx.com/,https://www.sidefx.com/images/fallbacks/redesign/group-cover-5-square.webp,recon_page,2026-05-02T21:14:21.431501
69,1,4,0,0,0,0,1,0,14,0,com,404,4,25,228.451,0,0,19,1,nginx,0,html,0,0,0,0,5,0,1,1,1,1,0,0,0,0,0,0,0,0,0,0,0,0,0,0,0,0,0,0,0,0,0,0,0,0,0,0,0,0,0,0,0,0,0,0,0,0,0,0,1,0,0,0,0,0,0,0,0,1,0,0,0,0,0,0,0,0,0,0,0,0,0,0,0.0,0.0,0.0,0,0,0,0,0,0,0,0,0,0,0,0,0,0,0,0,0,0,0,0,0,0.0,0.0,0.625,0.0,0,,multi_full_20260502_195038_0001,2026-05-02T21:14:21.429456,https://www.sidefx.com/_next/static/media/NeuSans-Bold.5c45f750.woff2,https://www.sidefx.com/,False,https://www.sidefx.com/_next/static/media/NeuSans-Bold.5c45f750.woff2,https://www.sidefx.com/,https://www.sidefx.com/_next/static/media/NeuSans-Bold.5c45f750.woff2,recon_page,2026-05-02T21:14:21.437082
70,1,4,0,0,0,0,1,0,14,0,com,404,4,25,277.972,0,0,19,1,nginx,0,html,0,0,0,0,5,0,1,1,1,1,0,0,0,0,0,0,0,0,0,0,0,0,0,0,0,0,0,0,0,0,0,0,0,0,0,0,0,0,0,0,0,0,0,0,0,0,0,0,1,0,0,0,0,0,0,0,0,1,0,0,0,0,0,0,0,0,0,0,0,0,0,0,0.0,0.0,0.0,0,0,0,0,0,0,0,0,0,0,0,0,0,0,0,0,0,0,0,0,0,0.0,0.0,0.625,0.0,0,,multi_full_20260502_195038_0001,2026-05-02T21:14:21.431197,https://www.sidefx.com/_next/static/chunks/webpack-e58b0773d318d8b9.js,https://www.sidefx.com/,False,https://www.sidefx.com/_next/static/chunks/webpack-e58b0773d318d8b9.js,https://www.sidefx.com/,https://www.sidefx.com/_next/static/chunks/webpack-e58b0773d318d8b9.js,recon_page,2026-05-02T21:14:21.438357
68,1,4,0,0,0,0,1,0,14,0,com,404,4,25,235.976,0,0,19,1,nginx,0,html,0,0,0,0,5,0,1,1,1,1,0,0,0,0,0,0,0,0,0,0,0,0,0,0,0,0,0,0,0,0,0,0,0,0,0,0,0,0,0,0,0,0,0,0,0,0,0,0,1,0,0,0,0,0,0,0,0,1,0,0,0,0,0,0,0,0,0,0,0,0,0,0,0.0,0.0,0.0,0,0,0,0,0,0,0,0,0,0,0,0,0,0,0,0,0,0,0,0,0,0.0,0.0,0.625,0.0,0,,multi_full_20260502_195038_0001,2026-05-02T21:14:21.909209,https://www.sidefx.com/_next/static/chunks/26248-f9ac68925f5120d2.js,https://www.sidefx.com/,False,https://www.sidefx.com/_next/static/chunks/26248-f9ac68925f5120d2.js,https://www.sidefx.com/,https://www.sidefx.com/_next/static/chunks/26248-f9ac68925f5120d2.js,recon_page,2026-05-02T21:14:21.919447
69,1,4,0,0,0,0,1,0,14,0,com,404,4,25,344.16799999999995,0,0,19,1,nginx,0,html,0,0,0,0,5,0,1,1,1,1,0,0,0,0,0,0,0,0,0,0,0,0,0,0,0,0,0,0,0,0,0,0,0,0,0,0,0,0,0,0,0,0,0,0,0,0,0,0,1,0,0,0,0,0,0,0,0,1,0,0,0,0,0,0,0,0,0,0,0,0,0,0,0.0,0.0,0.0,0,0,0,0,0,0,0,0,0,0,0,0,0,0,0,0,0,0,0,0,0,0.0,0.0,0.625,0.0,0,,multi_full_20260502_195038_0001,2026-05-02T21:14:21.915309,https://www.sidefx.com/_next/static/media/NeuSans-Book.27256a60.woff2,https://www.sidefx.com/,False,https://www.sidefx.com/_next/static/media/NeuSans-Book.27256a60.woff2,https://www.sidefx.com/,https://www.sidefx.com/_next/static/media/NeuSans-Book.27256a60.woff2,recon_page,2026-05-02T21:14:21.922074
68,1,4,0,0,0,0,1,0,14,0,com,404,4,25,234.76500000000001,0,0,19,1,nginx,0,html,0,0,0,0,5,0,1,1,1,1,0,0,0,0,0,0,0,0,0,0,0,0,0,0,0,0,0,0,0,0,0,0,0,0,0,0,0,0,0,0,0,0,0,0,0,0,0,0,1,0,0,0,0,0,0,0,0,1,0,0,0,0,0,0,0,0,0,0,0,0,0,0,0.0,0.0,0.0,0,0,0,0,0,0,0,0,0,0,0,0,0,0,0,0,0,0,0,0,0,0.0,0.0,0.625,0.0,0,,multi_full_20260502_195038_0001,2026-05-02T21:14:21.912155,https://www.sidefx.com/_next/static/chunks/24980-2cc1e24865f55252.js,https://www.sidefx.com/,False,https://www.sidefx.com/_next/static/chunks/24980-2cc1e24865f55252.js,https://www.sidefx.com/,https://www.sidefx.com/_next/static/chunks/24980-2cc1e24865f55252.js,recon_page,2026-05-02T21:14:21.922774
60,1,4,0,0,0,0,1,0,14,0,com,404,4,25,257.013,0,0,19,1,nginx,0,html,0,0,0,0,5,0,1,1,1,1,0,0,0,0,0,0,0,0,0,0,0,0,0,0,0,0,0,0,0,0,0,0,0,0,0,0,0,0,0,0,0,0,0,0,0,0,0,0,1,0,0,0,0,0,0,0,0,1,0,0,0,0,0,0,0,0,0,0,0,0,0,0,0.0,0.0,0.0,0,0,0,0,0,0,0,0,0,0,0,0,0,0,0,0,0,0,0,0,0,0.0,0.0,0.625,0.0,0,,multi_full_20260502_195038_0001,2026-05-02T21:14:22.557794,https://www.sidefx.com/_next/static/css/79094d55815ff2ea.css,https://www.sidefx.com/,False,https://www.sidefx.com/_next/static/css/79094d55815ff2ea.css,https://www.sidefx.com/,https://www.sidefx.com/_next/static/css/79094d55815ff2ea.css,recon_page,2026-05-02T21:14:22.564239
72,1,4,0,0,0,0,1,0,14,0,com,404,4,25,236.533,0,0,19,1,nginx,0,html,0,0,0,0,5,0,1,1,1,1,0,0,0,0,0,0,0,0,0,0,0,0,0,0,0,0,0,0,0,0,0,0,0,0,0,0,0,0,0,0,0,0,0,0,0,0,0,0,1,0,0,0,0,0,0,0,0,1,0,0,0,0,0,0,0,0,0,0,0,0,0,0,0.0,0.0,0.0,0,0,0,0,0,0,0,0,0,0,0,0,0,0,0,0,0,0,0,0,0,0.0,0.0,0.625,0.0,0,,multi_full_20260502_195038_0001,2026-05-02T21:14:48.352458,https://www.sidefx.com/_next/static/media/NeuSans-Regular.1ca3b39b.woff2,https://www.sidefx.com/,False,https://www.sidefx.com/_next/static/media/NeuSans-Regular.1ca3b39b.woff2,https://www.sidefx.com/,https://www.sidefx.com/_next/static/media/NeuSans-Regular.1ca3b39b.woff2,recon_page,2026-05-02T21:14:48.361240
74,1,4,0,0,0,0,1,0,14,0,com,404,4,25,245.18699999999998,0,0,19,1,nginx,0,html,0,0,0,0,5,0,1,1,1,1,0,0,0,0,0,0,0,0,0,0,0,0,0,0,0,0,0,0,0,0,0,0,0,0,0,0,0,0,0,0,0,0,0,0,0,0,0,0,1,0,0,0,0,0,0,0,0,1,0,0,0,0,0,0,0,0,0,0,0,0,0,0,0.0,0.0,0.0,0,0,0,0,0,0,0,0,0,0,0,0,0,0,0,0,0,0,0,0,0,0.0,0.0,0.625,0.0,0,,multi_full_20260502_195038_0001,2026-05-02T21:14:52.759673,https://www.sidefx.com/images/fallbacks/redesign/group-cover-3-square.webp,https://www.sidefx.com/,False,https://www.sidefx.com/images/fallbacks/redesign/group-cover-3-square.webp,https://www.sidefx.com/,https://www.sidefx.com/images/fallbacks/redesign/group-cover-3-square.webp,recon_page,2026-05-02T21:14:52.765622
68,1,4,0,0,0,0,1,0,14,0,com,404,4,25,235.63,0,0,19,1,nginx,0,html,0,0,0,0,5,0,1,1,1,1,0,0,0,0,0,0,0,0,0,0,0,0,0,0,0,0,0,0,0,0,0,0,0,0,0,0,0,0,0,0,0,0,0,0,0,0,0,0,1,0,0,0,0,0,0,0,0,1,0,0,0,0,0,0,0,0,0,0,0,0,0,0,0.0,0.0,0.0,0,0,0,0,0,0,0,0,0,0,0,0,0,0,0,0,0,0,0,0,0,0.0,0.0,0.625,0.0,0,,multi_full_20260502_195038_0001,2026-05-02T21:14:53.217748,https://www.sidefx.com/_next/static/chunks/95340-c0bd655523a70ca9.js,https://www.sidefx.com/,False,https://www.sidefx.com/_next/static/chunks/95340-c0bd655523a70ca9.js,https://www.sidefx.com/,https://www.sidefx.com/_next/static/chunks/95340-c0bd655523a70ca9.js,recon_page,2026-05-02T21:14:53.224059
68,1,4,0,0,0,0,1,0,14,0,com,404,4,25,252.71500000000003,0,0,19,1,nginx,0,html,0,0,0,0,5,0,1,1,1,1,0,0,0,0,0,0,0,0,0,0,0,0,0,0,0,0,0,0,0,0,0,0,0,0,0,0,0,0,0,0,0,0,0,0,0,0,0,0,1,0,0,0,0,0,0,0,0,1,0,0,0,0,0,0,0,0,0,0,0,0,0,0,0.0,0.0,0.0,0,0,0,0,0,0,0,0,0,0,0,0,0,0,0,0,0,0,0,0,0,0.0,0.0,0.625,0.0,0,,multi_full_20260502_195038_0001,2026-05-02T21:14:53.222152,https://www.sidefx.com/_next/static/chunks/85262-50a3b27ac6047fda.js,https://www.sidefx.com/,False,https://www.sidefx.com/_next/static/chunks/85262-50a3b27ac6047fda.js,https://www.sidefx.com/,https://www.sidefx.com/_next/static/chunks/85262-50a3b27ac6047fda.js,recon_page,2026-05-02T21:14:53.230674
73,1,5,0,0,0,0,1,0,14,0,com,404,4,25,250.523,0,0,19,1,nginx,0,html,0,0,0,0,5,0,1,1,1,1,0,0,0,0,0,0,0,0,0,0,0,0,0,0,0,0,0,0,0,0,0,0,0,0,0,0,0,0,0,0,0,0,0,0,0,0,0,0,1,0,0,0,0,0,0,0,0,1,0,0,0,0,0,0,0,0,0,0,0,0,0,0,0.0,0.0,0.0,0,0,0,0,0,0,0,0,0,0,0,0,0,0,0,0,0,0,0,0,0,0.0,0.0,0.625,0.0,0,,multi_full_20260502_195038_0001,2026-05-02T21:14:53.699107,https://www.sidefx.com/_next/static/chunks/pages/_app-1ccd55682508e2c2.js,https://www.sidefx.com/,False,https://www.sidefx.com/_next/static/chunks/pages/_app-1ccd55682508e2c2.js,https://www.sidefx.com/,https://www.sidefx.com/_next/static/chunks/pages/_app-1ccd55682508e2c2.js,recon_page,2026-05-02T21:14:53.707876
68,1,4,0,0,0,0,1,0,14,0,com,404,4,25,238.122,0,0,19,1,nginx,0,html,0,0,0,0,5,0,1,1,1,1,0,0,0,0,0,0,0,0,0,0,0,0,0,0,0,0,0,0,0,0,0,0,0,0,0,0,0,0,0,0,0,0,0,0,0,0,0,0,1,0,0,0,0,0,0,0,0,1,0,0,0,0,0,0,0,0,0,0,0,0,0,0,0.0,0.0,0.0,0,0,0,0,0,0,0,0,0,0,0,0,0,0,0,0,0,0,0,0,0,0.0,0.0,0.625,0.0,0,,multi_full_20260502_195038_0001,2026-05-02T21:14:53.710620,https://www.sidefx.com/_next/static/chunks/66811-8a4ca754f2438002.js,https://www.sidefx.com/,False,https://www.sidefx.com/_next/static/chunks/66811-8a4ca754f2438002.js,https://www.sidefx.com/,https://www.sidefx.com/_next/static/chunks/66811-8a4ca754f2438002.js,recon_page,2026-05-02T21:14:53.713543
86,1,6,0,0,0,0,1,0,14,0,com,404,4,25,254.12800000000001,0,0,19,1,nginx,0,html,0,0,0,0,5,0,1,1,1,1,0,0,0,0,0,0,0,0,0,0,0,0,0,0,0,0,0,0,0,0,0,0,0,0,0,0,0,0,0,0,0,0,0,0,0,0,0,0,1,0,0,0,0,0,0,0,0,1,0,0,0,0,0,0,0,0,0,0,0,0,0,0,0.0,0.0,0.0,0,0,0,0,0,0,0,0,0,0,0,0,0,0,0,0,0,0,0,0,0,0.0,0.0,0.625,0.0,0,,multi_full_20260502_195038_0001,2026-05-02T21:14:53.722573,https://www.sidefx.com/_next/static/chunks/pages/pro/%5Bnetwork%5D-44f45e74d3521142.js,https://www.sidefx.com/,False,https://www.sidefx.com/_next/static/chunks/pages/pro/%5Bnetwork%5D-44f45e74d3521142.js,https://www.sidefx.com/,https://www.sidefx.com/_next/static/chunks/pages/pro/%5Bnetwork%5D-44f45e74d3521142.js,recon_page,2026-05-02T21:14:53.726542
53,1,2,0,0,0,0,1,0,14,0,com,404,4,25,240.16199999999998,0,0,19,1,nginx,0,html,0,0,0,0,5,0,1,1,1,1,0,0,0,0,0,0,0,0,0,0,0,0,0,0,0,0,0,0,0,0,0,0,0,0,0,0,0,0,0,0,0,0,0,0,0,0,0,0,1,0,0,0,0,0,0,0,0,1,0,0,0,0,0,0,0,0,0,0,0,0,0,0,0.0,0.0,0.0,0,0,0,0,0,0,0,0,0,0,0,0,0,0,0,0,0,0,0,0,0,0.0,0.0,0.625,0.0,0,,multi_full_20260502_195038_0001,2026-05-02T21:14:54.178710,https://www.sidefx.com/license-attribution/index.html,https://www.sidefx.com/,False,https://www.sidefx.com/license-attribution/index.html,https://www.sidefx.com/,https://www.sidefx.com/license-attribution/index.html,recon_page,2026-05-02T21:14:54.190811
94,1,4,0,0,0,0,1,0,14,0,com,404,4,25,243.834,0,0,19,1,nginx,0,html,0,0,0,0,5,0,1,1,1,1,0,0,0,0,0,0,0,0,0,0,0,0,0,0,0,0,0,0,0,0,0,0,0,0,0,0,0,0,0,0,0,0,0,0,0,0,0,0,1,0,0,0,0,0,0,0,0,1,0,0,0,0,0,0,0,0,0,0,0,0,0,0,0.0,0.0,0.0,0,0,0,0,0,0,0,0,0,0,0,0,0,0,0,0,0,0,0,0,0,0.0,0.0,0.625,0.0,0,,multi_full_20260502_195038_0001,2026-05-02T21:14:54.677549,https://www.sidefx.com/_next/static/d497aa00d3d962b2a0295b0a0a6211945f107dac/_buildManifest.js,https://www.sidefx.com/,False,https://www.sidefx.com/_next/static/d497aa00d3d962b2a0295b0a0a6211945f107dac/_buildManifest.js,https://www.sidefx.com/,https://www.sidefx.com/_next/static/d497aa00d3d962b2a0295b0a0a6211945f107dac/_buildManifest.js,recon_page,2026-05-02T21:14:54.684456
68,1,4,0,0,0,0,1,0,14,0,com,404,4,25,247.285,0,0,19,1,nginx,0,html,0,0,0,0,5,0,1,1,1,1,0,0,0,0,0,0,0,0,0,0,0,0,0,0,0,0,0,0,0,0,0,0,0,0,0,0,0,0,0,0,0,0,0,0,0,0,0,0,1,0,0,0,0,0,0,0,0,1,0,0,0,0,0,0,0,0,0,0,0,0,0,0,0.0,0.0,0.0,0,0,0,0,0,0,0,0,0,0,0,0,0,0,0,0,0,0,0,0,0,0.0,0.0,0.625,0.0,0,,multi_full_20260502_195038_0001,2026-05-02T21:14:54.688739,https://www.sidefx.com/_next/static/chunks/47783-ff7abb1debc9c0be.js,https://www.sidefx.com/,False,https://www.sidefx.com/_next/static/chunks/47783-ff7abb1debc9c0be.js,https://www.sidefx.com/,https://www.sidefx.com/_next/static/chunks/47783-ff7abb1debc9c0be.js,recon_page,2026-05-02T21:14:54.699996
68,1,4,0,0,0,0,1,0,14,0,com,404,4,25,291.055,0,0,19,1,nginx,0,html,0,0,0,0,5,0,1,1,1,1,0,0,0,0,0,0,0,0,0,0,0,0,0,0,0,0,0,0,0,0,0,0,0,0,0,0,0,0,0,0,0,0,0,0,0,0,0,0,1,0,0,0,0,0,0,0,0,1,0,0,0,0,0,0,0,0,0,0,0,0,0,0,0.0,0.0,0.0,0,0,0,0,0,0,0,0,0,0,0,0,0,0,0,0,0,0,0,0,0,0.0,0.0,0.625,0.0,0,,multi_full_20260502_195038_0001,2026-05-02T21:15:21.532352,https://www.sidefx.com/_next/static/chunks/89957-aa3e3036bf1f29ad.js,https://www.sidefx.com/,False,https://www.sidefx.com/_next/static/chunks/89957-aa3e3036bf1f29ad.js,https://www.sidefx.com/,https://www.sidefx.com/_next/static/chunks/89957-aa3e3036bf1f29ad.js,recon_page,2026-05-02T21:15:21.537996
41,1,2,0,0,0,0,1,0,14,0,com,200,2,35166,319.304,0,0,21,1,nginx,0,html,1,1,0,0,5,0,1,1,1,1,1,3,1,9,1,1,1,3,0,0,1,1,1,5,0,0,1,1,1,17,8,7,2,1,110,100,10,1,8,1,7,1,3,1,1,7,1,0,1,0,0,0,0,0,0,0,0,1,0,0,0,0,0,0,0,0,0,0,0,0,0,0,1.0,1.0,1.0,0,0,0,1,2,1,1,2,1,3,0,6,110,4,0,0,0,0,0,0,0,3.0,0.0004834214866632543,0.625,0.4834214866632543,0,,multi_full_20260502_195038_0001,2026-05-02T21:15:24.990634,https://www.sidefx.com/profile/phinnaeus/,https://www.sidefx.com/,False,https://www.sidefx.com/profile/phinnaeus/,https://www.sidefx.com/,https://www.sidefx.com/profile/phinnaeus/,recon_page,2026-05-02T21:15:24.999841
46,1,2,0,0,0,0,1,0,14,0,com,200,2,29476,296.487,0,0,21,1,nginx,0,html,1,1,0,0,5,0,1,1,1,1,1,3,1,9,1,1,1,3,0,0,1,1,1,5,0,0,1,1,1,15,7,6,2,1,106,96,10,1,6,1,7,1,2,1,1,7,1,0,1,0,0,0,0,0,0,0,0,1,0,0,0,0,0,0,0,0,0,0,0,0,0,0,1.0,1.0,1.0,0,0,0,1,2,1,1,2,1,3,0,6,104,3,0,0,0,0,0,0,0,3.0,0.0005088885873252816,0.625,0.5767403989686525,0,,multi_full_20260502_195038_0001,2026-05-02T21:15:25.536253,https://www.sidefx.com/profile/AlessiaHoudini/,https://www.sidefx.com/,False,https://www.sidefx.com/profile/AlessiaHoudini/,https://www.sidefx.com/,https://www.sidefx.com/profile/AlessiaHoudini/,recon_page,2026-05-02T21:15:25.544832
61,1,1,1,1,0,0,1,0,14,0,com,200,2,29847,264.978,0,0,23,1,nginx,0,html,1,2,0,1,6,0,1,1,1,1,1,4,1,15,1,2,1,5,0,0,1,1,1,7,0,0,1,1,1,11,5,6,0,1,111,101,10,1,5,1,7,1,2,1,1,2,1,0,1,0,0,0,0,0,0,0,0,1,0,0,0,0,0,0,0,0,0,0,0,0,0,0,1.0,1.0,1.0,0,0,0,1,3,1,2,3,1,4,0,9,103,6,0,0,0,0,0,0,0,3.75,0.0003685462525546956,0.75,0.8711093242201896,0,,multi_full_20260502_195038_0001,2026-05-02T21:15:26.262628,https://www.sidefx.com/login/?next=/contentlibrary/earthworm/,https://www.sidefx.com/,False,https://www.sidefx.com/login/?next=/contentlibrary/earthworm/,https://www.sidefx.com/,https://www.sidefx.com/login/?next=/contentlibrary/earthworm/,recon_page,2026-05-02T21:15:26.271884
79,1,5,0,0,0,0,1,0,14,0,com,200,2,443956,497.219,0,0,10,1,nginx,0,html,0,0,0,0,1,0,0,0,1,0,1,1,1,4,0,0,1,2,0,0,1,1,1,1,0,0,0,0,1,15,2,11,2,1,1110,1110,0,1,568,1,3,1,4,1,1,2,1,0,1,0,0,0,0,0,0,0,1,1,0,0,0,0,0,0,0,0,0,0,0,0,0,0,0.0,0.0,0.0,0,0,0,1,0,0,0,0,0,0,1,4,567,0,0,0,0,0,0,0,0,4.0,3.3787132058131886e-05,0.125,0.013514852823252755,0,,multi_full_20260502_195038_0001,2026-05-02T21:15:27.354608,https://www.sidefx.com/docs/houdini/nodes/apex/rig--SampleSplineTransforms.html,https://www.sidefx.com/,False,https://www.sidefx.com/docs/houdini/nodes/apex/rig--SampleSplineTransforms.html,https://www.sidefx.com/,https://www.sidefx.com/docs/houdini/nodes/apex/rig--SampleSplineTransforms.html,recon_page,2026-05-02T21:15:27.364240
58,1,3,0,0,0,0,1,0,14,0,com,200,2,35404,275.146,0,0,21,1,nginx,0,html,1,1,0,0,5,0,1,1,1,1,1,3,1,11,1,1,1,3,0,0,1,1,1,6,0,0,1,2,1,17,8,7,2,1,108,98,10,1,7,1,7,1,2,1,1,12,1,0,1,0,0,0,0,0,0,0,0,1,0,0,0,0,0,0,0,0,0,0,0,0,0,0,1.0,1.0,1.0,0,0,0,1,2,1,1,2,1,3,0,6,106,3,0,0,0,0,0,0,0,3.6666666666666665,0.00048017173200768276,0.625,0.5649079200090384,0,,multi_full_20260502_195038_0001,2026-05-02T21:15:27.462292,https://www.sidefx.com/gallery/author/bradleyh@sidefx.com/,https://www.sidefx.com/,False,https://www.sidefx.com/gallery/author/bradleyh@sidefx.com/,https://www.sidefx.com/,https://www.sidefx.com/gallery/author/bradleyh@sidefx.com/,recon_page,2026-05-02T21:15:27.474344
75,1,2,1,1,0,0,1,0,14,0,com,200,2,1229908,230.09099999999998,0,0,23,1,ESF,0,html,0,0,0,1,7,1,1,1,1,1,0,0,0,0,0,0,0,0,0,0,0,0,0,0,0,0,0,0,1,4,4,0,0,1,1,0,1,0,0,1,1,0,0,1,0,0,0,0,0,0,0,0,0,0,0,0,0,1,0,0,0,0,0,0,0,0,0,0,0,0,0,0,0.0,0.0,0.0,0,0,0,0,0,0,0,0,0,0,0,0,1,0,0,0,0,0,0,0,1,0.0,3.252275779977039e-06,0.875,0.0,0,,multi_full_20260502_195038_0001,2026-05-02T21:15:28.311809,https://www.sidefx.com/login/google-oauth2/?next=/contentlibrary/earthworm/,https://www.sidefx.com/,False,https://www.sidefx.com/login/google-oauth2/?next=/contentlibrary/earthworm/,https://www.sidefx.com/,https://www.sidefx.com/login/google-oauth2/?next=/contentlibrary/earthworm/,recon_page,2026-05-02T21:15:28.317286
74,1,2,1,1,0,0,1,0,14,0,com,200,2,54318,725.688,0,0,20,1,ATS,0,html,1,1,0,1,7,1,1,1,1,1,0,0,0,0,0,0,0,0,0,0,0,0,0,0,0,0,0,0,1,38,14,0,24,1,14,0,14,0,0,1,7,1,6,1,1,4,1,0,0,0,0,0,0,0,0,0,0,1,0,0,0,0,0,0,0,0,0,0,0,0,0,0,1.0,1.0,0.0,0,0,0,0,0,0,0,0,0,0,0,0,36,0,0,0,0,0,0,0,0,0.0,0.000699583931661696,0.875,0.0,0,,multi_full_20260502_195038_0001,2026-05-02T21:15:28.584201,https://www.sidefx.com/login/yahoo-oauth2/?next=/contentlibrary/earthworm/,https://www.sidefx.com/,False,https://www.sidefx.com/login/yahoo-oauth2/?next=/contentlibrary/earthworm/,https://www.sidefx.com/,https://www.sidefx.com/login/yahoo-oauth2/?next=/contentlibrary/earthworm/,recon_page,2026-05-02T21:15:28.595664
66,1,3,1,1,0,0,1,0,14,0,com,200,2,67502,443.68600000000004,0,0,21,1,nginx,0,html,1,1,0,0,5,0,1,1,1,1,1,3,1,45,1,1,1,3,0,0,1,1,1,8,0,0,1,1,1,19,9,8,2,1,115,105,10,1,8,1,7,1,3,1,1,17,1,0,1,0,0,0,0,0,0,0,0,1,0,0,0,0,0,0,0,0,0,0,0,0,0,0,1.0,1.0,1.0,0,0,0,1,2,1,1,2,1,3,0,6,113,7,0,0,0,0,0,0,0,15.0,0.00028147314153654704,0.625,0.8296050487392966,0,,multi_full_20260502_195038_0001,2026-05-02T21:15:28.877943,https://www.sidefx.com/learn/learning-library/content/?category=29,https://www.sidefx.com/,False,https://www.sidefx.com/learn/learning-library/content/?category=29,https://www.sidefx.com/,https://www.sidefx.com/learn/learning-library/content/?category=29,recon_page,2026-05-02T21:15:28.884072
54,1,2,0,0,0,0,1,0,14,0,com,200,2,79490,1145.815,0,0,21,1,nginx,0,html,1,1,0,0,5,0,1,1,1,1,1,15,1,165,1,1,1,123,0,0,1,1,1,18,1,12,1,1,1,21,11,8,2,1,141,131,10,1,19,1,7,1,3,1,1,19,1,0,1,0,1,0,0,0,0,0,0,1,0,0,0,0,0,0,0,0,0,0,0,0,0,0,1.0,1.0,1.0,0,0,0,1,14,1,13,14,1,15,0,17,150,3,0,0,0,0,0,0,0,11.0,0.00026418417410995095,0.625,2.4908793558938234,0,,multi_full_20260502_195038_0001,2026-05-02T21:15:29.890775,https://www.sidefx.com/tutorials/intro-to-rig-builder/,https://www.sidefx.com/,False,https://www.sidefx.com/tutorials/intro-to-rig-builder/,https://www.sidefx.com/,https://www.sidefx.com/tutorials/intro-to-rig-builder/,recon_page,2026-05-02T21:15:29.903607
51,1,2,0,0,0,0,1,0,14,0,com,200,2,40185,315.624,0,0,21,1,nginx,0,html,1,1,0,0,5,0,1,1,1,1,1,3,1,9,1,1,1,3,0,0,1,1,1,5,0,0,1,1,1,17,8,7,2,1,112,102,10,1,9,1,7,1,3,1,1,7,1,0,1,0,0,0,0,0,0,0,0,1,0,0,0,0,0,0,0,0,0,0,0,0,0,0,1.0,1.0,1.0,0,0,0,1,2,1,1,2,1,3,0,6,112,5,0,0,0,0,0,0,0,3.0,0.000423043424163245,0.625,0.423043424163245,0,,multi_full_20260502_195038_0001,2026-05-02T21:15:41.482231,https://www.sidefx.com/profile/bradleyh@sidefx.com/,https://www.sidefx.com/,False,https://www.sidefx.com/profile/bradleyh@sidefx.com/,https://www.sidefx.com/,https://www.sidefx.com/profile/bradleyh@sidefx.com/,recon_page,2026-05-02T21:15:41.486377
77,1,2,1,1,0,0,1,0,14,0,com,200,2,23175,951.9459999999999,0,0,20,0,unknown,0,html,1,3,0,1,5,0,1,1,0,1,0,0,0,0,0,0,0,0,0,0,0,0,0,0,0,0,0,0,1,5,4,0,1,0,0,0,0,0,0,1,10,0,0,1,1,1,1,0,0,0,0,1,0,0,0,0,1,1,0,0,0,0,0,0,0,0,0,0,0,0,0,0,1.0,1.0,1.0,0,0,0,0,0,0,0,0,0,0,0,0,1,0,0,0,0,0,0,0,0,0.0,0.0002157497303128371,0.625,0.0,0,,multi_full_20260502_195038_0001,2026-05-02T21:15:41.688494,https://www.sidefx.com/login/microsoft-graph/?next=/contentlibrary/earthworm/,https://www.sidefx.com/,False,https://www.sidefx.com/login/microsoft-graph/?next=/contentlibrary/earthworm/,https://www.sidefx.com/,https://www.sidefx.com/login/microsoft-graph/?next=/contentlibrary/earthworm/,recon_page,2026-05-02T21:15:41.697877
62,1,4,0,0,0,0,1,0,14,0,com,200,2,94132,552.129,0,0,20,1,nginx,0,html,1,1,0,0,5,0,1,1,1,1,1,3,1,9,1,1,1,3,0,0,1,1,1,7,0,0,1,1,1,21,9,10,2,1,131,115,16,1,15,1,7,1,8,1,1,12,1,0,1,0,0,0,0,0,0,0,0,1,0,0,0,0,0,0,0,0,0,0,0,0,0,0,1.0,1.0,1.0,0,0,0,1,2,1,1,2,1,3,0,6,131,4,0,0,0,0,0,0,0,3.0,0.00022309097862575956,0.625,0.2018442187566396,0,,multi_full_20260502_195038_0001,2026-05-02T21:15:44.382151,https://www.sidefx.com/products/houdini/world-building/oceans/,https://www.sidefx.com/,False,https://www.sidefx.com/products/houdini/world-building/oceans/,https://www.sidefx.com/,https://www.sidefx.com/products/houdini/world-building/oceans/,recon_page,2026-05-02T21:15:44.387130
81,1,2,1,1,0,0,1,0,14,0,com,200,2,54318,908.657,0,0,20,1,ATS,0,html,1,1,0,1,7,1,1,1,1,1,0,0,0,0,0,0,0,0,0,0,0,0,0,0,0,0,0,0,1,38,14,0,24,1,14,0,14,0,0,1,7,1,6,1,1,4,1,0,0,0,0,0,0,0,0,0,0,1,0,0,0,0,0,0,0,0,0,0,0,0,0,0,1.0,1.0,0.0,0,0,0,0,0,0,0,0,0,0,0,0,36,0,0,0,0,0,0,0,0,0.0,0.000699583931661696,0.875,0.0,0,,multi_full_20260502_195038_0001,2026-05-02T21:16:41.836851,https://www.sidefx.com/login/yahoo-oauth2/?next=/products/houdini/world-building/,https://www.sidefx.com/,False,https://www.sidefx.com/login/yahoo-oauth2/?next=/products/houdini/world-building/,https://www.sidefx.com/,https://www.sidefx.com/login/yahoo-oauth2/?next=/products/houdini/world-building/,recon_page,2026-05-02T21:16:41.841549
62,1,4,0,0,0,0,1,0,14,0,com,200,2,150177,622.18,0,0,20,1,nginx,0,html,1,1,0,0,5,0,1,1,1,1,1,3,1,9,1,1,1,3,0,0,1,1,1,9,0,0,1,1,1,22,10,10,2,1,138,122,16,1,19,1,7,1,8,1,1,11,1,0,1,0,0,0,0,0,0,0,0,1,0,0,0,0,0,0,0,0,0,0,0,0,0,0,1.0,1.0,1.0,0,0,0,1,2,1,1,2,1,3,0,6,137,3,0,0,0,0,0,0,0,3.0,0.00014649380397797267,0.625,0.13983499470624663,0,,multi_full_20260502_195038_0001,2026-05-02T21:17:17.309796,https://www.sidefx.com/products/houdini/world-building/clouds/,https://www.sidefx.com/,False,https://www.sidefx.com/products/houdini/world-building/clouds/,https://www.sidefx.com/,https://www.sidefx.com/products/houdini/world-building/clouds/,recon_page,2026-05-02T21:17:17.313814
84,1,2,1,1,0,0,1,0,14,0,com,200,2,23066,202.261,0,0,20,0,unknown,0,html,1,3,0,1,5,0,1,1,0,1,0,0,0,0,0,0,0,0,0,0,0,0,0,0,0,0,0,0,1,5,4,0,1,0,0,0,0,0,0,1,10,0,0,1,1,1,1,0,0,0,0,1,0,0,0,0,1,1,0,0,0,0,0,0,0,0,0,0,0,0,0,0,1.0,1.0,1.0,0,0,0,0,0,0,0,0,0,0,0,0,1,0,0,0,0,0,0,0,0,0.0,0.00021676927078817306,0.625,0.0,0,,multi_full_20260502_195038_0001,2026-05-02T21:17:54.281417,https://www.sidefx.com/login/microsoft-graph/?next=/products/houdini/world-building/,https://www.sidefx.com/,False,https://www.sidefx.com/login/microsoft-graph/?next=/products/houdini/world-building/,https://www.sidefx.com/,https://www.sidefx.com/login/microsoft-graph/?next=/products/houdini/world-building/,recon_page,2026-05-02T21:17:54.296853
63,1,4,0,0,0,0,1,0,14,0,com,200,2,101658,584.5989999999999,0,0,20,1,nginx,0,html,1,1,0,0,5,0,1,1,1,1,1,3,1,9,1,1,1,3,0,0,1,1,1,7,0,0,1,1,1,21,9,10,2,1,149,128,21,1,20,1,7,1,7,1,1,11,1,0,1,0,0,0,0,0,0,0,0,1,0,0,0,0,0,0,0,0,0,0,0,0,0,0,1.0,1.0,1.0,0,0,0,1,2,1,1,2,1,3,0,6,147,3,0,0,0,0,0,0,0,3.0,0.00020657498672017942,0.625,0.1869011784611147,0,,multi_full_20260502_195038_0001,2026-05-02T21:17:54.346845,https://www.sidefx.com/products/houdini/world-building/terrain/,https://www.sidefx.com/,False,https://www.sidefx.com/products/houdini/world-building/terrain/,https://www.sidefx.com/,https://www.sidefx.com/products/houdini/world-building/terrain/,recon_page,2026-05-02T21:17:54.371983
82,1,2,1,1,0,0,1,0,14,0,com,200,2,1230348,257.781,0,0,23,1,ESF,0,html,0,0,0,1,7,1,1,1,1,1,0,0,0,0,0,0,0,0,0,0,0,0,0,0,0,0,0,0,1,4,4,0,0,1,1,0,1,0,0,1,1,0,0,1,0,0,0,0,0,0,0,0,0,0,0,0,0,1,0,0,0,0,0,0,0,0,0,0,0,0,0,0,0.0,0.0,0.0,0,0,0,0,0,0,0,0,0,0,0,0,1,0,0,0,0,0,0,0,1,0.0,3.2511126933192885e-06,0.875,0.0,0,,multi_full_20260502_195038_0001,2026-05-02T21:17:55.060293,https://www.sidefx.com/login/google-oauth2/?next=/products/houdini/world-building/,https://www.sidefx.com/,False,https://www.sidefx.com/login/google-oauth2/?next=/products/houdini/world-building/,https://www.sidefx.com/,https://www.sidefx.com/login/google-oauth2/?next=/products/houdini/world-building/,recon_page,2026-05-02T21:17:55.068443
68,1,1,1,1,0,0,1,0,14,0,com,200,2,29847,292.3,0,0,23,1,nginx,0,html,1,2,0,1,6,0,1,1,1,1,1,4,1,15,1,2,1,5,0,0,1,1,1,7,0,0,1,1,1,11,5,6,0,1,111,101,10,1,5,1,7,1,2,1,1,2,1,0,1,0,0,0,0,0,0,0,0,1,0,0,0,0,0,0,1,0,0,0,0,0,0,0,1.0,1.0,1.0,0,0,0,1,3,1,2,3,1,4,0,9,103,6,0,0,0,0,0,0,0,3.75,0.0003685462525546956,0.75,0.8711093242201896,0,,multi_full_20260502_195038_0001,2026-05-02T21:18:15.433629,https://www.sidefx.com/login/?next=/products/houdini/world-building/,https://www.sidefx.com/,False,https://www.sidefx.com/login/?next=/products/houdini/world-building/,https://www.sidefx.com/,https://www.sidefx.com/login/?next=/products/houdini/world-building/,recon_page,2026-05-02T21:18:15.437720
63,1,4,0,0,0,0,1,0,14,0,com,200,2,46255,335.639,0,0,20,1,nginx,0,html,1,1,0,0,5,0,1,1,1,1,1,3,1,9,1,1,1,3,0,0,1,1,1,5,0,0,1,1,1,20,8,10,2,1,142,122,20,1,17,1,7,1,7,1,1,11,1,0,1,0,0,0,0,0,0,0,0,1,0,0,0,0,0,0,0,0,0,0,0,0,0,0,1.0,1.0,1.0,0,0,0,1,2,1,1,2,1,3,0,6,142,5,0,0,0,0,0,0,0,3.0,0.0004323856880337261,0.625,0.36752783482866713,0,,multi_full_20260502_195038_0001,2026-05-02T21:18:15.435395,https://www.sidefx.com/products/houdini/world-building/foliage/,https://www.sidefx.com/,False,https://www.sidefx.com/products/houdini/world-building/foliage/,https://www.sidefx.com/,https://www.sidefx.com/products/houdini/world-building/foliage/,recon_page,2026-05-02T21:18:15.440570
127,1,2,1,1,0,0,1,0,14,0,com,200,2,1230027,230.69500000000002,0,0,23,1,ESF,0,html,0,0,0,1,7,1,1,1,1,1,0,0,0,0,0,0,0,0,0,0,0,0,0,0,0,0,0,0,1,4,4,0,0,1,1,0,1,0,0,1,1,0,0,1,0,0,0,0,0,0,0,0,0,0,0,0,0,1,0,0,0,0,0,0,0,0,0,0,0,0,0,0,0.0,0.0,0.0,0,0,0,0,0,0,0,0,0,0,0,0,1,0,0,0,0,0,0,0,1,0.0,3.251961135812466e-06,0.875,0.0,0,,multi_full_20260502_195038_0001,2026-05-02T21:18:27.293157,https://www.sidefx.com/login/google-oauth2/?next=/learn/talks/gdc-2026-freedom-through-structure-character-pipelines-at-embark/,https://www.sidefx.com/,False,https://www.sidefx.com/login/google-oauth2/?next=/learn/talks/gdc-2026-freedom-through-structure-character-pipelines-at-embark/,https://www.sidefx.com/,https://www.sidefx.com/login/google-oauth2/?next=/learn/talks/gdc-2026-freedom-through-structure-character-pipelines-at-embark/,recon_page,2026-05-02T21:18:27.297311
113,1,1,1,1,0,0,1,0,14,0,com,200,2,29847,330.467,0,0,23,1,nginx,0,html,1,2,0,1,6,0,1,1,1,1,1,4,1,15,1,2,1,5,0,0,1,1,1,7,0,0,1,1,1,11,5,6,0,1,111,101,10,1,5,1,7,1,2,1,1,2,1,0,1,0,0,0,0,0,0,0,0,1,0,0,0,0,0,0,0,0,0,0,0,0,0,0,1.0,1.0,1.0,0,0,0,1,3,1,2,3,1,4,0,9,103,6,0,0,0,0,0,0,0,3.75,0.0003685462525546956,0.75,0.8711093242201896,0,,multi_full_20260502_195038_0001,2026-05-02T21:18:48.616985,https://www.sidefx.com/login/?next=/learn/talks/gdc-2026-freedom-through-structure-character-pipelines-at-embark/,https://www.sidefx.com/,False,https://www.sidefx.com/login/?next=/learn/talks/gdc-2026-freedom-through-structure-character-pipelines-at-embark/,https://www.sidefx.com/,https://www.sidefx.com/login/?next=/learn/talks/gdc-2026-freedom-through-structure-character-pipelines-at-embark/,recon_page,2026-05-02T21:18:48.621202
129,1,2,1,1,0,0,1,0,14,0,com,200,2,23066,251.854,0,0,20,0,unknown,0,html,1,3,0,1,5,0,1,1,0,1,0,0,0,0,0,0,0,0,0,0,0,0,0,0,0,0,0,0,1,5,4,0,1,0,0,0,0,0,0,1,10,0,0,1,1,1,1,0,0,0,0,1,0,0,0,0,1,1,0,0,0,0,0,0,0,0,0,0,0,0,0,0,1.0,1.0,1.0,0,0,0,0,0,0,0,0,0,0,0,0,1,0,0,0,0,0,0,0,0,0.0,0.00021676927078817306,0.625,0.0,0,,multi_full_20260502_195038_0001,2026-05-02T21:19:16.869035,https://www.sidefx.com/login/microsoft-graph/?next=/learn/talks/gdc-2026-freedom-through-structure-character-pipelines-at-embark/,https://www.sidefx.com/,False,https://www.sidefx.com/login/microsoft-graph/?next=/learn/talks/gdc-2026-freedom-through-structure-character-pipelines-at-embark/,https://www.sidefx.com/,https://www.sidefx.com/login/microsoft-graph/?next=/learn/talks/gdc-2026-freedom-through-structure-character-pipelines-at-embark/,recon_page,2026-05-02T21:19:16.872581
42,1,2,0,0,0,0,1,0,14,0,com,200,2,29444,497.85699999999997,0,0,21,1,nginx,0,html,1,1,0,0,5,0,1,1,1,1,1,3,1,9,1,1,1,3,0,0,1,1,1,5,0,0,1,1,1,15,7,6,2,1,106,96,10,1,6,1,7,1,2,1,1,7,1,0,1,0,0,0,0,0,0,0,0,1,0,0,0,0,0,0,0,0,0,0,0,0,0,0,1.0,1.0,1.0,0,0,0,1,2,1,1,2,1,3,0,6,104,3,0,0,0,0,0,0,0,3.0,0.0005094416519494634,0.625,0.5773672055427251,0,,multi_full_20260502_195038_0001,2026-05-02T21:19:35.012449,https://www.sidefx.com/profile/erikembark/,https://www.sidefx.com/,False,https://www.sidefx.com/profile/erikembark/,https://www.sidefx.com/,https://www.sidefx.com/profile/erikembark/,recon_page,2026-05-02T21:19:35.016606
126,1,2,1,1,0,0,1,0,14,0,com,200,2,54318,834.898,0,0,20,1,ATS,0,html,1,1,0,1,7,1,1,1,1,1,0,0,0,0,0,0,0,0,0,0,0,0,0,0,0,0,0,0,1,38,14,0,24,1,14,0,14,0,0,1,7,1,6,1,1,4,1,0,0,0,0,0,0,0,0,0,0,1,0,0,0,0,0,0,0,0,0,0,0,0,0,0,1.0,1.0,0.0,0,0,0,0,0,0,0,0,0,0,0,0,36,0,0,0,0,0,0,0,0,0.0,0.000699583931661696,0.875,0.0,0,,multi_full_20260502_195038_0001,2026-05-02T21:20:04.621105,https://www.sidefx.com/login/yahoo-oauth2/?next=/learn/talks/gdc-2026-freedom-through-structure-character-pipelines-at-embark/,https://www.sidefx.com/,False,https://www.sidefx.com/login/yahoo-oauth2/?next=/learn/talks/gdc-2026-freedom-through-structure-character-pipelines-at-embark/,https://www.sidefx.com/,https://www.sidefx.com/login/yahoo-oauth2/?next=/learn/talks/gdc-2026-freedom-through-structure-character-pipelines-at-embark/,recon_page,2026-05-02T21:20:04.629525
73,1,1,1,1,0,0,1,0,14,0,com,200,2,29847,912.418,0,0,23,1,nginx,0,html,1,2,0,1,6,0,1,1,1,1,1,4,1,15,1,2,1,5,0,0,1,1,1,7,0,0,1,1,1,11,5,6,0,1,111,101,10,1,5,1,7,1,2,1,1,2,1,0,1,0,0,0,0,0,0,0,0,1,0,0,0,0,0,0,1,0,0,0,0,0,0,0,1.0,1.0,1.0,0,0,0,1,3,1,2,3,1,4,0,9,103,6,0,0,0,0,0,0,0,3.75,0.0003685462525546956,0.75,0.8711093242201896,0,,multi_full_20260502_195038_0001,2026-05-02T21:20:23.484767,https://www.sidefx.com/login/?next=/products/whats-new-in-h21/copernicus/,https://www.sidefx.com/,False,https://www.sidefx.com/login/?next=/products/whats-new-in-h21/copernicus/,https://www.sidefx.com/,https://www.sidefx.com/login/?next=/products/whats-new-in-h21/copernicus/,recon_page,2026-05-02T21:20:23.521488
86,1,2,1,1,0,0,1,0,14,0,com,200,2,54318,409.919,0,0,20,1,ATS,0,html,1,1,0,1,7,1,1,1,1,1,0,0,0,0,0,0,0,0,0,0,0,0,0,0,0,0,0,0,1,38,14,0,24,1,14,0,14,0,0,1,7,1,6,1,1,4,1,0,0,0,0,0,0,0,0,0,0,1,0,0,0,0,0,0,0,0,0,0,0,0,0,0,1.0,1.0,0.0,0,0,0,0,0,0,0,0,0,0,0,0,36,0,0,0,0,0,0,0,0,0.0,0.000699583931661696,0.875,0.0,0,,multi_full_20260502_195038_0001,2026-05-02T21:20:23.481273,https://www.sidefx.com/login/yahoo-oauth2/?next=/products/whats-new-in-h21/copernicus/,https://www.sidefx.com/,False,https://www.sidefx.com/login/yahoo-oauth2/?next=/products/whats-new-in-h21/copernicus/,https://www.sidefx.com/,https://www.sidefx.com/login/yahoo-oauth2/?next=/products/whats-new-in-h21/copernicus/,recon_page,2026-05-02T21:20:23.521070
52,1,2,0,0,0,0,1,0,14,0,com,200,2,51587,536.16,0,0,21,1,nginx,0,html,1,1,0,0,5,0,1,1,1,1,1,5,1,35,1,1,1,23,0,0,1,1,1,7,1,2,1,1,1,19,10,7,2,1,121,111,10,1,14,1,7,1,3,1,1,14,1,0,1,0,0,0,0,0,0,0,0,1,0,0,0,0,0,0,0,0,0,0,0,0,0,0,1.0,1.0,1.0,0,0,0,1,4,1,3,4,1,5,0,17,121,7,0,0,0,0,0,0,0,7.0,0.00036830984550371217,0.625,0.9110822494039196,0,,multi_full_20260502_195038_0001,2026-05-02T21:20:32.031243,https://www.sidefx.com/contentlibrary/coral-synapse/,https://www.sidefx.com/,False,https://www.sidefx.com/contentlibrary/coral-synapse/,https://www.sidefx.com/,https://www.sidefx.com/contentlibrary/coral-synapse/,recon_page,2026-05-02T21:20:32.035781
87,1,2,1,1,0,0,1,0,14,0,com,200,2,1230401,212.681,0,0,23,1,ESF,0,html,0,0,0,1,7,1,1,1,1,1,0,0,0,0,0,0,0,0,0,0,0,0,0,0,0,0,0,0,1,4,4,0,0,1,1,0,1,0,0,1,1,0,0,1,0,0,0,0,0,0,0,0,0,0,0,0,0,1,0,0,0,0,0,0,0,0,0,0,0,0,0,0,0.0,0.0,0.0,0,0,0,0,0,0,0,0,0,0,0,0,1,0,0,0,0,0,0,0,1,0.0,3.2509726503798354e-06,0.875,0.0,0,,multi_full_20260502_195038_0001,2026-05-02T21:20:49.674836,https://www.sidefx.com/login/google-oauth2/?next=/products/whats-new-in-h21/copernicus/,https://www.sidefx.com/,False,https://www.sidefx.com/login/google-oauth2/?next=/products/whats-new-in-h21/copernicus/,https://www.sidefx.com/,https://www.sidefx.com/login/google-oauth2/?next=/products/whats-new-in-h21/copernicus/,recon_page,2026-05-02T21:20:49.678081
68,1,2,0,0,0,0,1,0,14,0,com,200,2,60576,1503.116,0,0,21,1,nginx,0,html,1,1,0,0,5,0,1,1,1,1,1,8,1,74,1,1,1,53,0,0,1,1,1,10,1,5,1,1,1,19,10,7,2,1,125,115,10,1,17,1,7,1,3,1,1,14,1,0,1,0,0,0,0,0,0,0,0,1,0,0,0,0,0,0,0,0,0,0,0,0,0,0,1.0,1.0,1.0,0,0,0,1,7,1,6,7,1,8,0,17,128,5,0,0,0,0,0,0,0,9.25,0.0003136555731642895,0.625,1.5187533016376122,0,,multi_full_20260502_195038_0001,2026-05-02T21:21:14.783224,https://www.sidefx.com/contentlibrary/h21-splash-screen-flow-solver/,https://www.sidefx.com/,False,https://www.sidefx.com/contentlibrary/h21-splash-screen-flow-solver/,https://www.sidefx.com/,https://www.sidefx.com/contentlibrary/h21-splash-screen-flow-solver/,recon_page,2026-05-02T21:21:14.787069
89,1,2,1,1,0,0,1,0,14,0,com,200,2,23257,777.5640000000001,0,0,20,0,unknown,0,html,1,3,0,1,5,0,1,1,0,1,0,0,0,0,0,0,0,0,0,0,0,0,0,0,0,0,0,0,1,5,4,0,1,0,0,0,0,0,0,1,10,0,0,1,1,1,1,0,0,0,0,1,0,0,0,0,1,1,0,0,0,0,0,0,0,0,0,0,0,0,0,0,1.0,1.0,1.0,0,0,0,0,0,0,0,0,0,0,0,0,1,0,0,0,0,0,0,0,0,0.0,0.0002149890355591865,0.625,0.0,0,,multi_full_20260502_195038_0001,2026-05-02T21:21:23.597824,https://www.sidefx.com/login/microsoft-graph/?next=/products/whats-new-in-h21/copernicus/,https://www.sidefx.com/,False,https://www.sidefx.com/login/microsoft-graph/?next=/products/whats-new-in-h21/copernicus/,https://www.sidefx.com/,https://www.sidefx.com/login/microsoft-graph/?next=/products/whats-new-in-h21/copernicus/,recon_page,2026-05-02T21:21:23.601241
66,1,1,1,1,0,0,1,0,14,0,com,200,2,29847,994.479,0,0,23,1,nginx,0,html,1,2,0,1,6,0,1,1,1,1,1,4,1,15,1,2,1,5,0,0,1,1,1,7,0,0,1,1,1,11,5,6,0,1,111,101,10,1,5,1,7,1,2,1,1,2,1,0,1,0,0,0,0,0,0,0,0,1,0,0,0,0,0,0,1,0,0,0,0,0,0,0,1.0,1.0,1.0,0,0,0,1,3,1,2,3,1,4,0,9,103,6,0,0,0,0,0,0,0,3.75,0.0003685462525546956,0.75,0.8711093242201896,0,,multi_full_20260502_195038_0001,2026-05-02T21:22:00.891343,https://www.sidefx.com/login/?next=/products/houdini-engine/batch/,https://www.sidefx.com/,False,https://www.sidefx.com/login/?next=/products/houdini-engine/batch/,https://www.sidefx.com/,https://www.sidefx.com/login/?next=/products/houdini-engine/batch/,recon_page,2026-05-02T21:22:00.899464
82,1,2,1,1,0,0,1,0,14,0,com,200,2,23160,180.817,0,0,20,0,unknown,0,html,1,3,0,1,5,0,1,1,0,1,0,0,0,0,0,0,0,0,0,0,0,0,0,0,0,0,0,0,1,5,4,0,1,0,0,0,0,0,0,1,10,0,0,1,1,1,1,0,0,0,0,1,0,0,0,0,1,1,0,0,0,0,0,0,0,0,0,0,0,0,0,0,1.0,1.0,1.0,0,0,0,0,0,0,0,0,0,0,0,0,1,0,0,0,0,0,0,0,0,0.0,0.0002158894645941278,0.625,0.0,0,,multi_full_20260502_195038_0001,2026-05-02T21:22:01.105108,https://www.sidefx.com/login/microsoft-graph/?next=/products/houdini-engine/batch/,https://www.sidefx.com/,False,https://www.sidefx.com/login/microsoft-graph/?next=/products/houdini-engine/batch/,https://www.sidefx.com/,https://www.sidefx.com/login/microsoft-graph/?next=/products/houdini-engine/batch/,recon_page,2026-05-02T21:22:01.127132
35,1,2,0,0,0,0,1,0,14,0,com,200,2,65937,224.252,0,0,10,1,nginx,0,html,0,0,0,0,1,0,0,0,1,0,1,1,1,4,0,0,1,2,0,0,1,1,1,1,0,0,0,0,1,15,2,11,2,1,91,91,0,1,20,1,3,1,4,1,1,2,1,0,1,0,0,0,0,0,0,0,0,1,1,0,0,0,0,0,0,0,0,0,0,0,0,0,0.0,0.0,0.0,0,0,0,1,0,0,0,0,0,0,1,4,100,0,0,0,0,0,0,0,0,4.0,0.00022748987670048683,0.125,0.09099595068019474,0,,multi_full_20260502_195038_0001,2026-05-02T21:22:01.470603,https://www.sidefx.com/docs/hqueue/,https://www.sidefx.com/,False,https://www.sidefx.com/docs/hqueue/,https://www.sidefx.com/,https://www.sidefx.com/docs/hqueue/,recon_page,2026-05-02T21:22:01.479057
79,1,2,1,1,0,0,1,0,14,0,com,200,2,54318,1896.978,0,0,20,1,ATS,0,html,1,1,0,1,7,1,1,1,1,1,0,0,0,0,0,0,0,0,0,0,0,0,0,0,0,0,0,0,1,38,14,0,24,1,14,0,14,0,0,1,7,1,6,1,1,4,1,0,0,0,0,0,0,0,0,0,0,1,0,0,0,0,0,0,0,0,0,0,0,0,0,0,1.0,1.0,0.0,0,0,0,0,0,0,0,0,0,0,0,0,36,0,0,0,0,0,0,0,0,0.0,0.000699583931661696,0.875,0.0,0,,multi_full_20260502_195038_0001,2026-05-02T21:22:05.576379,https://www.sidefx.com/login/yahoo-oauth2/?next=/products/houdini-engine/batch/,https://www.sidefx.com/,False,https://www.sidefx.com/login/yahoo-oauth2/?next=/products/houdini-engine/batch/,https://www.sidefx.com/,https://www.sidefx.com/login/yahoo-oauth2/?next=/products/houdini-engine/batch/,recon_page,2026-05-02T21:22:05.581134
80,1,2,1,1,0,0,1,0,14,0,com,200,2,1230285,223.73999999999998,0,0,23,1,ESF,0,html,0,0,0,1,7,1,1,1,1,1,0,0,0,0,0,0,0,0,0,0,0,0,0,0,0,0,0,0,1,4,4,0,0,1,1,0,1,0,0,1,1,0,0,1,0,0,0,0,0,0,0,0,0,0,0,0,0,1,0,0,0,0,0,0,0,0,0,0,0,0,0,0,0.0,0.0,0.0,0,0,0,0,0,0,0,0,0,0,0,0,1,0,0,0,0,0,0,0,1,0.0,3.2512791751504733e-06,0.875,0.0,0,,multi_full_20260502_195038_0001,2026-05-02T21:22:06.684687,https://www.sidefx.com/login/google-oauth2/?next=/products/houdini-engine/batch/,https://www.sidefx.com/,False,https://www.sidefx.com/login/google-oauth2/?next=/products/houdini-engine/batch/,https://www.sidefx.com/,https://www.sidefx.com/login/google-oauth2/?next=/products/houdini-engine/batch/,recon_page,2026-05-02T21:22:06.693181
55,1,1,1,1,0,0,1,0,14,0,com,200,2,29847,332.463,0,0,23,1,nginx,0,html,1,2,0,1,6,0,1,1,1,1,1,4,1,15,1,2,1,5,0,0,1,1,1,7,0,0,1,1,1,11,5,6,0,1,111,101,10,1,5,1,7,1,2,1,1,2,1,0,1,0,0,0,0,0,0,0,0,1,0,0,0,0,0,0,0,0,0,0,0,0,0,0,1.0,1.0,1.0,0,0,0,1,3,1,2,3,1,4,0,9,103,6,0,0,0,0,0,0,0,3.75,0.0003685462525546956,0.75,0.8711093242201896,0,,multi_full_20260502_195038_0001,2026-05-02T21:22:21.935068,https://www.sidefx.com/login/?next=/gallery/feather-rd/,https://www.sidefx.com/,False,https://www.sidefx.com/login/?next=/gallery/feather-rd/,https://www.sidefx.com/,https://www.sidefx.com/login/?next=/gallery/feather-rd/,recon_page,2026-05-02T21:22:21.950588
45,1,2,0,0,0,0,1,0,14,0,com,200,2,37888,433.058,0,0,21,1,nginx,0,html,1,1,0,0,5,0,1,1,1,1,1,3,1,9,1,1,1,3,0,0,1,1,1,5,0,0,1,1,1,17,8,7,2,1,115,101,14,1,9,1,7,1,3,1,1,7,1,0,1,0,0,0,0,0,0,0,0,1,0,0,0,0,0,0,0,0,0,0,0,0,0,0,1.0,1.0,1.0,0,0,0,1,2,1,1,2,1,3,0,6,115,4,0,0,0,0,0,0,0,3.0,0.0004486908783783784,0.625,0.4486908783783784,0,,multi_full_20260502_195038_0001,2026-05-02T21:22:21.951008,https://www.sidefx.com/profile/littlehan1989/,https://www.sidefx.com/,False,https://www.sidefx.com/profile/littlehan1989/,https://www.sidefx.com/,https://www.sidefx.com/profile/littlehan1989/,recon_page,2026-05-02T21:22:21.956453
69,1,2,1,1,0,0,1,0,14,0,com,200,2,1230667,256.627,0,0,23,1,ESF,0,html,0,0,0,1,7,1,1,1,1,1,0,0,0,0,0,0,0,0,0,0,0,0,0,0,0,0,0,0,1,4,4,0,0,1,1,0,1,0,0,1,1,0,0,1,0,0,0,0,0,0,0,0,0,0,0,0,0,1,1,0,0,0,0,0,0,0,0,0,0,0,0,0,0.0,0.0,0.0,0,0,0,0,0,0,0,0,0,0,0,0,1,0,0,0,0,0,0,0,1,0.0,3.2502699755498443e-06,0.875,0.0,0,,multi_full_20260502_195038_0001,2026-05-02T21:22:22.620027,https://www.sidefx.com/login/google-oauth2/?next=/gallery/feather-rd/,https://www.sidefx.com/,False,https://www.sidefx.com/login/google-oauth2/?next=/gallery/feather-rd/,https://www.sidefx.com/,https://www.sidefx.com/login/google-oauth2/?next=/gallery/feather-rd/,recon_page,2026-05-02T21:22:22.624012
71,1,2,1,1,0,0,1,0,14,0,com,200,2,23172,147.98,0,0,20,0,unknown,0,html,1,3,0,1,5,0,1,1,0,1,0,0,0,0,0,0,0,0,0,0,0,0,0,0,0,0,0,0,1,5,4,0,1,0,0,0,0,0,0,1,10,0,0,1,1,1,1,0,0,0,0,1,0,0,0,0,1,1,0,0,0,0,0,0,0,0,0,0,0,0,0,0,1.0,1.0,1.0,0,0,0,0,0,0,0,0,0,0,0,0,1,0,0,0,0,0,0,0,0,0.0,0.00021577766269635767,0.625,0.0,0,,multi_full_20260502_195038_0001,2026-05-02T21:23:23.381933,https://www.sidefx.com/login/microsoft-graph/?next=/gallery/feather-rd/,https://www.sidefx.com/,False,https://www.sidefx.com/login/microsoft-graph/?next=/gallery/feather-rd/,https://www.sidefx.com/,https://www.sidefx.com/login/microsoft-graph/?next=/gallery/feather-rd/,recon_page,2026-05-02T21:23:23.385020
68,1,2,1,1,0,0,1,0,14,0,com,200,2,54318,743.321,0,0,20,1,ATS,0,html,1,1,0,1,7,1,1,1,1,1,0,0,0,0,0,0,0,0,0,0,0,0,0,0,0,0,0,0,1,38,14,0,24,1,14,0,14,0,0,1,7,1,6,1,1,4,1,0,0,0,0,0,0,0,0,0,0,1,0,0,0,0,0,0,0,0,0,0,0,0,0,0,1.0,1.0,0.0,0,0,0,0,0,0,0,0,0,0,0,0,36,0,0,0,0,0,0,0,0,0.0,0.000699583931661696,0.875,0.0,0,,multi_full_20260502_195038_0001,2026-05-02T21:23:34.216189,https://www.sidefx.com/login/yahoo-oauth2/?next=/gallery/feather-rd/,https://www.sidefx.com/,False,https://www.sidefx.com/login/yahoo-oauth2/?next=/gallery/feather-rd/,https://www.sidefx.com/,https://www.sidefx.com/login/yahoo-oauth2/?next=/gallery/feather-rd/,recon_page,2026-05-02T21:23:34.220546
76,1,2,1,1,0,0,1,0,14,0,com,200,2,1231489,260.756,0,0,23,1,ESF,0,html,0,0,0,1,7,1,1,1,1,1,0,0,0,0,0,0,0,0,0,0,0,0,0,0,0,0,0,0,1,4,4,0,0,1,1,0,1,0,0,1,1,0,0,1,0,0,0,0,0,0,0,0,0,0,0,0,0,1,0,0,0,0,0,0,0,0,0,0,0,0,0,0,0.0,0.0,0.0,0,0,0,0,0,0,0,0,0,0,0,0,1,0,0,0,0,0,0,0,1,0.0,3.2481004702437457e-06,0.875,0.0,0,,multi_full_20260502_195038_0001,2026-05-02T21:23:43.815165,https://www.sidefx.com/login/google-oauth2/?next=/products/houdini/modeling/,https://www.sidefx.com/,False,https://www.sidefx.com/login/google-oauth2/?next=/products/houdini/modeling/,https://www.sidefx.com/,https://www.sidefx.com/login/google-oauth2/?next=/products/houdini/modeling/,recon_page,2026-05-02T21:23:43.819354
78,1,2,1,1,0,0,1,0,14,0,com,200,2,23279,238.174,0,0,20,0,unknown,0,html,1,3,0,1,5,0,1,1,0,1,0,0,0,0,0,0,0,0,0,0,0,0,0,0,0,0,0,0,1,5,4,0,1,0,0,0,0,0,0,1,10,0,0,1,1,1,1,0,0,0,0,1,0,0,0,0,1,1,0,0,0,0,0,0,0,0,0,0,0,0,0,0,1.0,1.0,1.0,0,0,0,0,0,0,0,0,0,0,0,0,1,0,0,0,0,0,0,0,0,0.0,0.00021478585849907643,0.625,0.0,0,,multi_full_20260502_195038_0001,2026-05-02T21:24:03.149464,https://www.sidefx.com/login/microsoft-graph/?next=/products/houdini/modeling/,https://www.sidefx.com/,False,https://www.sidefx.com/login/microsoft-graph/?next=/products/houdini/modeling/,https://www.sidefx.com/,https://www.sidefx.com/login/microsoft-graph/?next=/products/houdini/modeling/,recon_page,2026-05-02T21:24:03.154278
60,1,4,0,0,0,0,1,0,14,0,com,200,2,39867,358.964,0,0,20,1,nginx,0,html,1,1,0,0,5,0,1,1,1,1,1,3,1,9,1,1,1,3,0,0,1,1,1,5,0,0,1,1,1,20,8,10,2,1,126,109,17,1,13,1,7,1,7,1,1,11,1,0,1,0,0,0,0,0,0,0,0,1,0,0,0,0,0,0,0,0,0,0,0,0,0,0,1.0,1.0,1.0,0,0,0,1,2,1,1,2,1,3,0,6,125,4,0,0,0,0,0,0,0,3.0,0.0005016680462537939,0.625,0.4264178393157248,0,,multi_full_20260502_195038_0001,2026-05-02T21:24:27.011134,https://www.sidefx.com/products/houdini/modeling/retopology/,https://www.sidefx.com/,False,https://www.sidefx.com/products/houdini/modeling/retopology/,https://www.sidefx.com/,https://www.sidefx.com/products/houdini/modeling/retopology/,recon_page,2026-05-02T21:24:27.016306
62,1,1,1,1,0,0,1,0,14,0,com,200,2,29847,241.006,0,0,23,1,nginx,0,html,1,2,0,1,6,0,1,1,1,1,1,4,1,15,1,2,1,5,0,0,1,1,1,7,0,0,1,1,1,11,5,6,0,1,111,101,10,1,5,1,7,1,2,1,1,2,1,0,1,0,0,0,0,0,0,0,0,1,0,0,0,0,0,0,1,0,0,0,0,0,0,0,1.0,1.0,1.0,0,0,0,1,3,1,2,3,1,4,0,9,103,6,0,0,0,0,0,0,0,3.75,0.0003685462525546956,0.75,0.8711093242201896,0,,multi_full_20260502_195038_0001,2026-05-02T21:24:57.753041,https://www.sidefx.com/login/?next=/products/houdini/modeling/,https://www.sidefx.com/,False,https://www.sidefx.com/login/?next=/products/houdini/modeling/,https://www.sidefx.com/,https://www.sidefx.com/login/?next=/products/houdini/modeling/,recon_page,2026-05-02T21:24:57.759471
54,1,1,1,1,0,0,1,0,14,0,com,200,2,29847,796.5,0,0,23,1,nginx,0,html,1,2,0,1,6,0,1,1,1,1,1,4,1,15,1,2,1,5,0,0,1,1,1,7,0,0,1,1,1,11,5,6,0,1,111,101,10,1,5,1,7,1,2,1,1,2,1,0,1,0,0,0,0,0,0,0,0,1,0,0,0,0,0,0,1,0,0,0,0,0,0,0,1.0,1.0,1.0,0,0,0,1,3,1,2,3,1,4,0,9,103,6,0,0,0,0,0,0,0,3.75,0.0003685462525546956,0.75,0.8711093242201896,0,,multi_full_20260502_195038_0001,2026-05-02T21:24:58.770396,https://www.sidefx.com/login/?next=/profile/directory/,https://www.sidefx.com/,False,https://www.sidefx.com/login/?next=/profile/directory/,https://www.sidefx.com/,https://www.sidefx.com/login/?next=/profile/directory/,recon_page,2026-05-02T21:24:58.775313
62,1,4,0,0,0,0,1,0,14,0,com,200,2,37325,886.496,0,0,20,1,nginx,0,html,1,1,0,0,5,0,1,1,1,1,1,3,1,9,1,1,1,3,0,0,1,1,1,5,0,0,1,1,1,20,8,10,2,1,122,109,13,1,9,1,7,1,7,1,1,11,1,0,1,0,0,0,0,0,0,0,0,1,0,0,0,0,0,0,0,0,0,0,0,0,0,0,1.0,1.0,1.0,0,0,0,1,2,1,1,2,1,3,0,6,120,5,0,0,0,0,0,0,0,3.0,0.0005358338914936369,0.625,0.4554588077695914,0,,multi_full_20260502_195038_0001,2026-05-02T21:24:59.242269,https://www.sidefx.com/products/houdini/modeling/point-clouds/,https://www.sidefx.com/,False,https://www.sidefx.com/products/houdini/modeling/point-clouds/,https://www.sidefx.com/,https://www.sidefx.com/products/houdini/modeling/point-clouds/,recon_page,2026-05-02T21:24:59.259314
53,1,3,0,0,0,0,1,0,14,0,com,405,4,0,817.2120000000001,0,0,19,1,nginx,0,html,0,0,0,0,5,0,1,1,1,1,0,0,0,0,0,0,0,0,0,0,0,0,0,0,0,0,0,0,0,0,0,0,0,0,0,0,0,0,0,0,0,0,0,0,0,0,0,0,1,0,0,0,0,0,0,0,0,0,0,0,0,0,0,0,0,0,0,0,0,0,0,0,0.0,0.0,0.0,0,0,0,0,0,0,0,0,0,0,0,0,0,0,0,0,0,0,0,0,0,0.0,0.0,0.625,0.0,0,,multi_full_20260502_195038_0001,2026-05-02T21:24:59.265405,https://www.sidefx.com/profile/directory/get-artists/,https://www.sidefx.com/,False,https://www.sidefx.com/profile/directory/get-artists/,https://www.sidefx.com/,https://www.sidefx.com/profile/directory/get-artists/,recon_page,2026-05-02T21:24:59.277891
69,1,4,0,0,0,0,1,0,14,0,com,200,2,43543,880.575,0,0,20,1,nginx,0,html,1,1,0,0,5,0,1,1,1,1,1,3,1,9,1,1,1,3,0,0,1,1,1,5,0,0,1,1,1,20,8,10,2,1,143,121,22,1,18,1,7,1,7,1,1,11,1,0,1,0,0,0,0,0,0,0,0,1,0,0,0,0,0,0,0,0,0,0,0,0,0,0,1.0,1.0,1.0,0,0,0,1,2,1,1,2,1,3,0,6,142,4,0,0,0,0,0,0,0,3.0,0.00045931607835932297,0.625,0.3904186666054245,0,,multi_full_20260502_195038_0001,2026-05-02T21:24:59.547779,https://www.sidefx.com/products/houdini/modeling/procedural-modeling/,https://www.sidefx.com/,False,https://www.sidefx.com/products/houdini/modeling/procedural-modeling/,https://www.sidefx.com/,https://www.sidefx.com/products/houdini/modeling/procedural-modeling/,recon_page,2026-05-02T21:24:59.553295
70,1,2,1,1,0,0,1,0,14,0,com,200,2,23257,188.803,0,0,20,0,unknown,0,html,1,3,0,1,5,0,1,1,0,1,0,0,0,0,0,0,0,0,0,0,0,0,0,0,0,0,0,0,1,5,4,0,1,0,0,0,0,0,0,1,10,0,0,1,1,1,1,0,0,0,0,1,0,0,0,0,1,1,0,0,0,0,0,0,0,0,0,0,0,0,0,0,1.0,1.0,1.0,0,0,0,0,0,0,0,0,0,0,0,0,1,0,0,0,0,0,0,0,0,0.0,0.0002149890355591865,0.625,0.0,0,,multi_full_20260502_195038_0001,2026-05-02T21:24:59.781624,https://www.sidefx.com/login/microsoft-graph/?next=/profile/directory/,https://www.sidefx.com/,False,https://www.sidefx.com/login/microsoft-graph/?next=/profile/directory/,https://www.sidefx.com/,https://www.sidefx.com/login/microsoft-graph/?next=/profile/directory/,recon_page,2026-05-02T21:24:59.795585
68,1,2,1,1,0,0,1,0,14,0,com,200,2,1230539,196.948,0,0,23,1,ESF,0,html,0,0,0,1,7,1,1,1,1,1,0,0,0,0,0,0,0,0,0,0,0,0,0,0,0,0,0,0,1,4,4,0,0,1,1,0,1,0,0,1,1,0,0,1,0,0,0,0,0,0,0,0,0,0,0,0,0,1,0,0,0,0,0,0,0,0,0,0,0,0,0,0,0.0,0.0,0.0,0,0,0,0,0,0,0,0,0,0,0,0,1,0,0,0,0,0,0,0,1,0.0,3.2506080668715093e-06,0.875,0.0,0,,multi_full_20260502_195038_0001,2026-05-02T21:25:00.583443,https://www.sidefx.com/login/google-oauth2/?next=/profile/directory/,https://www.sidefx.com/,False,https://www.sidefx.com/login/google-oauth2/?next=/profile/directory/,https://www.sidefx.com/,https://www.sidefx.com/login/google-oauth2/?next=/profile/directory/,recon_page,2026-05-02T21:25:00.590205
75,1,2,1,1,0,0,1,0,14,0,com,200,2,54318,574.134,0,0,20,1,ATS,0,html,1,1,0,1,7,1,1,1,1,1,0,0,0,0,0,0,0,0,0,0,0,0,0,0,0,0,0,0,1,38,14,0,24,1,14,0,14,0,0,1,7,1,6,1,1,4,1,0,0,0,0,0,0,0,0,0,0,1,0,0,0,0,0,0,0,0,0,0,0,0,0,0,1.0,1.0,0.0,0,0,0,0,0,0,0,0,0,0,0,0,36,0,0,0,0,0,0,0,0,0.0,0.000699583931661696,0.875,0.0,0,,multi_full_20260502_195038_0001,2026-05-02T21:25:00.691867,https://www.sidefx.com/login/yahoo-oauth2/?next=/products/houdini/modeling/,https://www.sidefx.com/,False,https://www.sidefx.com/login/yahoo-oauth2/?next=/products/houdini/modeling/,https://www.sidefx.com/,https://www.sidefx.com/login/yahoo-oauth2/?next=/products/houdini/modeling/,recon_page,2026-05-02T21:25:00.695601
67,1,2,1,1,0,0,1,0,14,0,com,200,2,54318,325.714,0,0,20,1,ATS,0,html,1,1,0,1,7,1,1,1,1,1,0,0,0,0,0,0,0,0,0,0,0,0,0,0,0,0,0,0,1,38,14,0,24,1,14,0,14,0,0,1,7,1,6,1,1,4,1,0,0,0,0,0,0,0,0,0,0,1,0,0,0,0,0,0,0,0,0,0,0,0,0,0,1.0,1.0,0.0,0,0,0,0,0,0,0,0,0,0,0,0,36,0,0,0,0,0,0,0,0,0.0,0.000699583931661696,0.875,0.0,0,,multi_full_20260502_195038_0001,2026-05-02T21:25:13.254540,https://www.sidefx.com/login/yahoo-oauth2/?next=/profile/directory/,https://www.sidefx.com/,False,https://www.sidefx.com/login/yahoo-oauth2/?next=/profile/directory/,https://www.sidefx.com/,https://www.sidefx.com/login/yahoo-oauth2/?next=/profile/directory/,recon_page,2026-05-02T21:25:13.258201
80,1,2,1,1,0,0,1,0,14,0,com,200,2,54318,329.778,0,0,20,1,ATS,0,html,1,1,0,1,7,1,1,1,1,1,0,0,0,0,0,0,0,0,0,0,0,0,0,0,0,0,0,0,1,38,14,0,24,1,14,0,14,0,0,1,7,1,6,1,1,4,1,0,0,0,0,0,0,0,0,0,0,1,0,0,0,0,0,0,0,0,0,0,0,0,0,0,1.0,1.0,0.0,0,0,0,0,0,0,0,0,0,0,0,0,36,0,0,0,0,0,0,0,0,0.0,0.000699583931661696,0.875,0.0,0,,multi_full_20260502_195038_0001,2026-05-02T21:25:39.951899,https://www.sidefx.com/login/yahoo-oauth2/?next=/learn/talks/real-moon-historia/,https://www.sidefx.com/,False,https://www.sidefx.com/login/yahoo-oauth2/?next=/learn/talks/real-moon-historia/,https://www.sidefx.com/,https://www.sidefx.com/login/yahoo-oauth2/?next=/learn/talks/real-moon-historia/,recon_page,2026-05-02T21:25:39.959403
83,1,2,1,1,0,0,1,0,14,0,com,200,2,23167,251.097,0,0,20,0,unknown,0,html,1,3,0,1,5,0,1,1,0,1,0,0,0,0,0,0,0,0,0,0,0,0,0,0,0,0,0,0,1,5,4,0,1,0,0,0,0,0,0,1,10,0,0,1,1,1,1,0,0,0,0,1,0,0,0,0,1,1,0,0,0,0,0,0,0,0,0,0,0,0,0,0,1.0,1.0,1.0,0,0,0,0,0,0,0,0,0,0,0,0,1,0,0,0,0,0,0,0,0,0.0,0.0002158242327448526,0.625,0.0,0,,multi_full_20260502_195038_0001,2026-05-02T21:26:13.220616,https://www.sidefx.com/login/microsoft-graph/?next=/learn/talks/real-moon-historia/,https://www.sidefx.com/,False,https://www.sidefx.com/login/microsoft-graph/?next=/learn/talks/real-moon-historia/,https://www.sidefx.com/,https://www.sidefx.com/login/microsoft-graph/?next=/learn/talks/real-moon-historia/,recon_page,2026-05-02T21:26:13.224757
81,1,2,1,1,0,0,1,0,14,0,com,200,2,1231509,220.76000000000002,0,0,23,1,ESF,0,html,0,0,0,1,7,1,1,1,1,1,0,0,0,0,0,0,0,0,0,0,0,0,0,0,0,0,0,0,1,4,4,0,0,1,1,0,1,0,0,1,1,0,0,1,0,0,0,0,0,0,0,0,0,0,0,0,0,1,1,0,0,0,0,0,0,0,0,0,0,0,0,0,0.0,0.0,0.0,0,0,0,0,0,0,0,0,0,0,0,0,1,0,0,0,0,0,0,0,1,0.0,3.248047720317107e-06,0.875,0.0,0,,multi_full_20260502_195038_0001,2026-05-02T21:26:47.433567,https://www.sidefx.com/login/google-oauth2/?next=/learn/talks/real-moon-historia/,https://www.sidefx.com/,False,https://www.sidefx.com/login/google-oauth2/?next=/learn/talks/real-moon-historia/,https://www.sidefx.com/,https://www.sidefx.com/login/google-oauth2/?next=/learn/talks/real-moon-historia/,recon_page,2026-05-02T21:26:47.437556
67,1,1,1,1,0,0,1,0,14,0,com,200,2,29847,244.033,0,0,23,1,nginx,0,html,1,2,0,1,6,0,1,1,1,1,1,4,1,15,1,2,1,5,0,0,1,1,1,7,0,0,1,1,1,11,5,6,0,1,111,101,10,1,5,1,7,1,2,1,1,2,1,0,1,0,0,0,0,0,0,0,0,1,0,0,0,0,0,0,0,0,0,0,0,0,0,0,1.0,1.0,1.0,0,0,0,1,3,1,2,3,1,4,0,9,103,6,0,0,0,0,0,0,0,3.75,0.0003685462525546956,0.75,0.8711093242201896,0,,multi_full_20260502_195038_0001,2026-05-02T21:27:10.641215,https://www.sidefx.com/login/?next=/learn/talks/real-moon-historia/,https://www.sidefx.com/,False,https://www.sidefx.com/login/?next=/learn/talks/real-moon-historia/,https://www.sidefx.com/,https://www.sidefx.com/login/?next=/learn/talks/real-moon-historia/,recon_page,2026-05-02T21:27:10.647775
94,1,2,1,1,0,0,1,0,14,0,com,200,2,23160,174.087,0,0,20,0,unknown,0,html,1,3,0,1,5,0,1,1,0,1,0,0,0,0,0,0,0,0,0,0,0,0,0,0,0,0,0,0,1,5,4,0,1,0,0,0,0,0,0,1,10,0,0,1,1,1,1,0,0,0,0,1,0,0,0,0,1,1,0,0,0,0,0,0,0,0,0,0,0,0,0,0,1.0,1.0,1.0,0,0,0,0,0,0,0,0,0,0,0,0,1,0,0,0,0,0,0,0,0,0.0,0.0002158894645941278,0.625,0.0,0,,multi_full_20260502_195038_0001,2026-05-02T21:27:36.817781,https://www.sidefx.com/login/microsoft-graph/?next=/gallery/procedural-cinematic-environments/,https://www.sidefx.com/,False,https://www.sidefx.com/login/microsoft-graph/?next=/gallery/procedural-cinematic-environments/,https://www.sidefx.com/,https://www.sidefx.com/login/microsoft-graph/?next=/gallery/procedural-cinematic-environments/,recon_page,2026-05-02T21:27:36.828487
38,1,2,0,0,0,0,1,0,14,0,com,200,2,42202,851.321,0,0,21,1,nginx,0,html,1,1,0,0,5,0,1,1,1,1,1,3,1,9,1,1,1,3,0,0,1,1,1,5,0,0,1,1,1,17,8,7,2,1,118,106,12,1,11,1,7,1,3,1,1,7,1,0,1,0,0,0,0,0,0,0,0,1,0,0,0,0,0,0,0,0,0,0,0,0,0,0,1.0,1.0,1.0,0,0,0,1,2,1,1,2,1,3,0,6,118,5,0,0,0,0,0,0,0,3.0,0.00040282451068669733,0.625,0.40282451068669733,0,,multi_full_20260502_195038_0001,2026-05-02T21:27:37.088093,https://www.sidefx.com/profile/altobi/,https://www.sidefx.com/,False,https://www.sidefx.com/profile/altobi/,https://www.sidefx.com/,https://www.sidefx.com/profile/altobi/,recon_page,2026-05-02T21:27:37.102289
78,1,1,1,1,0,0,1,0,14,0,com,200,2,29847,830.313,0,0,23,1,nginx,0,html,1,2,0,1,6,0,1,1,1,1,1,4,1,15,1,2,1,5,0,0,1,1,1,7,0,0,1,1,1,11,5,6,0,1,111,101,10,1,5,1,7,1,2,1,1,2,1,0,1,0,0,0,0,0,0,0,0,1,0,0,0,0,0,0,0,0,0,0,0,0,0,0,1.0,1.0,1.0,0,0,0,1,3,1,2,3,1,4,0,9,103,6,0,0,0,0,0,0,0,3.75,0.0003685462525546956,0.75,0.8711093242201896,0,,multi_full_20260502_195038_0001,2026-05-02T21:27:37.113984,https://www.sidefx.com/login/?next=/gallery/procedural-cinematic-environments/,https://www.sidefx.com/,False,https://www.sidefx.com/login/?next=/gallery/procedural-cinematic-environments/,https://www.sidefx.com/,https://www.sidefx.com/login/?next=/gallery/procedural-cinematic-environments/,recon_page,2026-05-02T21:27:37.119962
92,1,2,1,1,0,0,1,0,14,0,com,200,2,1230112,204.613,0,0,23,1,ESF,0,html,0,0,0,1,7,1,1,1,1,1,0,0,0,0,0,0,0,0,0,0,0,0,0,0,0,0,0,0,1,4,4,0,0,1,1,0,1,0,0,1,1,0,0,1,0,0,0,0,0,0,0,0,0,0,0,0,0,1,0,0,0,0,0,0,0,0,0,0,0,0,0,0,0.0,0.0,0.0,0,0,0,0,0,0,0,0,0,0,0,0,1,0,0,0,0,0,0,0,1,0.0,3.2517364272521526e-06,0.875,0.0,0,,multi_full_20260502_195038_0001,2026-05-02T21:27:38.869028,https://www.sidefx.com/login/google-oauth2/?next=/gallery/procedural-cinematic-environments/,https://www.sidefx.com/,False,https://www.sidefx.com/login/google-oauth2/?next=/gallery/procedural-cinematic-environments/,https://www.sidefx.com/,https://www.sidefx.com/login/google-oauth2/?next=/gallery/procedural-cinematic-environments/,recon_page,2026-05-02T21:27:38.879689
76,1,2,1,1,0,0,1,0,14,0,com,200,2,23172,177.04600000000002,0,0,20,0,unknown,0,html,1,3,0,1,5,0,1,1,0,1,0,0,0,0,0,0,0,0,0,0,0,0,0,0,0,0,0,0,1,5,4,0,1,0,0,0,0,0,0,1,10,0,0,1,1,1,1,0,0,0,0,1,0,0,0,0,1,1,0,0,0,0,0,0,0,0,0,0,0,0,0,0,1.0,1.0,1.0,0,0,0,0,0,0,0,0,0,0,0,0,1,0,0,0,0,0,0,0,0,0.0,0.00021577766269635767,0.625,0.0,0,,multi_full_20260502_195038_0001,2026-05-02T21:27:39.585307,https://www.sidefx.com/login/microsoft-graph/?next=/community/section/event/,https://www.sidefx.com/,False,https://www.sidefx.com/login/microsoft-graph/?next=/community/section/event/,https://www.sidefx.com/,https://www.sidefx.com/login/microsoft-graph/?next=/community/section/event/,recon_page,2026-05-02T21:27:39.589173
91,1,2,1,1,0,0,1,0,14,0,com,200,2,54318,764.148,0,0,20,1,ATS,0,html,1,1,0,1,7,1,1,1,1,1,0,0,0,0,0,0,0,0,0,0,0,0,0,0,0,0,0,0,1,38,14,0,24,1,14,0,14,0,0,1,7,1,6,1,1,4,1,0,0,0,0,0,0,0,0,0,0,1,0,0,0,0,0,0,0,0,0,0,0,0,0,0,1.0,1.0,0.0,0,0,0,0,0,0,0,0,0,0,0,0,36,0,0,0,0,0,0,0,0,0.0,0.000699583931661696,0.875,0.0,0,,multi_full_20260502_195038_0001,2026-05-02T21:27:41.018672,https://www.sidefx.com/login/yahoo-oauth2/?next=/gallery/procedural-cinematic-environments/,https://www.sidefx.com/,False,https://www.sidefx.com/login/yahoo-oauth2/?next=/gallery/procedural-cinematic-environments/,https://www.sidefx.com/,https://www.sidefx.com/login/yahoo-oauth2/?next=/gallery/procedural-cinematic-environments/,recon_page,2026-05-02T21:27:41.024785
60,1,1,1,1,0,0,1,0,14,0,com,200,2,29847,265.858,0,0,23,1,nginx,0,html,1,2,0,1,6,0,1,1,1,1,1,4,1,15,1,2,1,5,0,0,1,1,1,7,0,0,1,1,1,11,5,6,0,1,111,101,10,1,5,1,7,1,2,1,1,2,1,0,1,0,0,0,0,0,0,0,0,1,0,0,0,0,0,0,1,0,0,0,0,0,0,0,1.0,1.0,1.0,0,0,0,1,3,1,2,3,1,4,0,9,103,6,0,0,0,0,0,0,0,3.75,0.0003685462525546956,0.75,0.8711093242201896,0,,multi_full_20260502_195038_0001,2026-05-02T21:27:59.318687,https://www.sidefx.com/login/?next=/community/section/event/,https://www.sidefx.com/,False,https://www.sidefx.com/login/?next=/community/section/event/,https://www.sidefx.com/,https://www.sidefx.com/login/?next=/community/section/event/,recon_page,2026-05-02T21:27:59.324664
68,1,2,1,1,0,0,1,0,14,0,com,200,2,54318,363.548,0,0,20,1,ATS,0,html,1,1,0,1,7,1,1,1,1,1,0,0,0,0,0,0,0,0,0,0,0,0,0,0,0,0,0,0,1,38,14,0,24,1,14,0,14,0,0,1,7,1,6,1,1,4,1,0,0,0,0,0,0,0,0,0,0,1,0,0,0,0,0,0,0,0,0,0,0,0,0,0,1.0,1.0,0.0,0,0,0,0,0,0,0,0,0,0,0,0,36,0,0,0,0,0,0,0,0,0.0,0.000699583931661696,0.875,0.0,0,,multi_full_20260502_195038_0001,2026-05-02T21:27:59.591472,https://www.sidefx.com/login/yahoo-oauth2/?next=/community/bfx-2026/,https://www.sidefx.com/,False,https://www.sidefx.com/login/yahoo-oauth2/?next=/community/bfx-2026/,https://www.sidefx.com/,https://www.sidefx.com/login/yahoo-oauth2/?next=/community/bfx-2026/,recon_page,2026-05-02T21:27:59.597182
69,1,2,1,1,0,0,1,0,14,0,com,200,2,1230239,189.78,0,0,23,1,ESF,0,html,0,0,0,1,7,1,1,1,1,1,0,0,0,0,0,0,0,0,0,0,0,0,0,0,0,0,0,0,1,4,4,0,0,1,1,0,1,0,0,1,1,0,0,1,0,0,0,0,0,0,0,0,0,0,0,0,0,1,0,0,0,0,0,0,0,0,0,0,0,0,0,0,0.0,0.0,0.0,0,0,0,0,0,0,0,0,0,0,0,0,1,0,0,0,0,0,0,0,1,0.0,3.25140074408306e-06,0.875,0.0,0,,multi_full_20260502_195038_0001,2026-05-02T21:28:01.021331,https://www.sidefx.com/login/google-oauth2/?next=/community/bfx-2026/,https://www.sidefx.com/,False,https://www.sidefx.com/login/google-oauth2/?next=/community/bfx-2026/,https://www.sidefx.com/,https://www.sidefx.com/login/google-oauth2/?next=/community/bfx-2026/,recon_page,2026-05-02T21:28:01.030239
55,1,1,1,1,0,0,1,0,14,0,com,200,2,29847,494.816,0,0,23,1,nginx,0,html,1,2,0,1,6,0,1,1,1,1,1,4,1,15,1,2,1,5,0,0,1,1,1,7,0,0,1,1,1,11,5,6,0,1,111,101,10,1,5,1,7,1,2,1,1,2,1,0,1,0,0,0,0,0,0,0,0,1,0,0,0,0,0,0,0,0,0,0,0,0,0,0,1.0,1.0,1.0,0,0,0,1,3,1,2,3,1,4,0,9,103,6,0,0,0,0,0,0,0,3.75,0.0003685462525546956,0.75,0.8711093242201896,0,,multi_full_20260502_195038_0001,2026-05-02T21:28:44.803362,https://www.sidefx.com/login/?next=/community/bfx-2026/,https://www.sidefx.com/,False,https://www.sidefx.com/login/?next=/community/bfx-2026/,https://www.sidefx.com/,https://www.sidefx.com/login/?next=/community/bfx-2026/,recon_page,2026-05-02T21:28:44.806422
71,1,2,1,1,0,0,1,0,14,0,com,200,2,23179,185.376,0,0,20,0,unknown,0,html,1,3,0,1,5,0,1,1,0,1,0,0,0,0,0,0,0,0,0,0,0,0,0,0,0,0,0,0,1,5,4,0,1,0,0,0,0,0,0,1,10,0,0,1,1,1,1,0,0,0,0,1,0,0,0,0,1,1,0,0,0,0,0,0,0,0,0,0,0,0,0,0,1.0,1.0,1.0,0,0,0,0,0,0,0,0,0,0,0,0,1,0,0,0,0,0,0,0,0,0.0,0.00021571249838215627,0.625,0.0,0,,multi_full_20260502_195038_0001,2026-05-02T21:29:19.024450,https://www.sidefx.com/login/microsoft-graph/?next=/community/bfx-2026/,https://www.sidefx.com/,False,https://www.sidefx.com/login/microsoft-graph/?next=/community/bfx-2026/,https://www.sidefx.com/,https://www.sidefx.com/login/microsoft-graph/?next=/community/bfx-2026/,recon_page,2026-05-02T21:29:19.029175
56,1,2,1,1,0,0,1,0,14,0,com,200,2,1230637,741.13,0,0,23,1,ESF,0,html,0,0,0,1,7,1,1,1,1,1,0,0,0,0,0,0,0,0,0,0,0,0,0,0,0,0,0,0,1,4,4,0,0,1,1,0,1,0,0,1,1,0,0,1,0,0,0,0,0,0,0,0,0,0,0,0,0,1,0,0,0,0,0,0,0,0,0,0,0,0,0,0,0.0,0.0,0.0,0,0,0,0,0,0,0,0,0,0,0,0,1,0,0,0,0,0,0,0,1,0.0,3.2503492093931844e-06,0.875,0.0,0,,multi_full_20260502_195038_0001,2026-05-02T21:29:39.519883,https://www.sidefx.com/login/google-oauth2/?next=/login/,https://www.sidefx.com/,False,https://www.sidefx.com/login/google-oauth2/?next=/login/,https://www.sidefx.com/,https://www.sidefx.com/login/google-oauth2/?next=/login/,recon_page,2026-05-02T21:29:39.523226
58,1,2,1,1,0,0,1,0,14,0,com,200,2,23175,681.621,0,0,20,0,unknown,0,html,1,3,0,1,5,0,1,1,0,1,0,0,0,0,0,0,0,0,0,0,0,0,0,0,0,0,0,0,1,5,4,0,1,0,0,0,0,0,0,1,10,0,0,1,1,1,1,0,0,0,0,1,0,0,0,0,1,1,0,0,0,0,0,0,0,0,0,0,0,0,0,0,1.0,1.0,1.0,0,0,0,0,0,0,0,0,0,0,0,0,1,0,0,0,0,0,0,0,0,0.0,0.0002157497303128371,0.625,0.0,0,,multi_full_20260502_195038_0001,2026-05-02T21:30:02.586168,https://www.sidefx.com/login/microsoft-graph/?next=/login/,https://www.sidefx.com/,False,https://www.sidefx.com/login/microsoft-graph/?next=/login/,https://www.sidefx.com/,https://www.sidefx.com/login/microsoft-graph/?next=/login/,recon_page,2026-05-02T21:30:02.590354
55,1,2,1,1,0,0,1,0,14,0,com,200,2,54318,822.4169999999999,0,0,20,1,ATS,0,html,1,1,0,1,7,1,1,1,1,1,0,0,0,0,0,0,0,0,0,0,0,0,0,0,0,0,0,0,1,38,14,0,24,1,14,0,14,0,0,1,7,1,6,1,1,4,1,0,0,0,0,0,0,0,0,0,0,1,0,0,0,0,0,0,0,0,0,0,0,0,0,0,1.0,1.0,0.0,0,0,0,0,0,0,0,0,0,0,0,0,36,0,0,0,0,0,0,0,0,0.0,0.000699583931661696,0.875,0.0,0,,multi_full_20260502_195038_0001,2026-05-02T21:30:14.511983,https://www.sidefx.com/login/yahoo-oauth2/?next=/login/,https://www.sidefx.com/,False,https://www.sidefx.com/login/yahoo-oauth2/?next=/login/,https://www.sidefx.com/,https://www.sidefx.com/login/yahoo-oauth2/?next=/login/,recon_page,2026-05-02T21:30:14.533911
42,1,1,1,1,0,0,1,0,14,0,com,200,2,29847,423.602,0,0,23,1,nginx,0,html,1,2,0,1,6,0,1,1,1,1,1,4,1,15,1,2,1,5,0,0,1,1,1,7,0,0,1,1,1,11,5,6,0,1,111,101,10,1,5,1,7,1,2,1,1,2,1,0,1,0,0,0,0,0,0,0,0,1,0,0,0,0,0,0,1,0,0,0,0,0,0,0,1.0,1.0,1.0,0,0,0,1,3,1,2,3,1,4,0,9,102,6,0,0,0,0,0,0,0,3.75,0.0003685462525546956,0.75,0.8711093242201896,0,,multi_full_20260502_195038_0001,2026-05-02T21:30:25.241132,https://www.sidefx.com/login/?next=/login/,https://www.sidefx.com/,False,https://www.sidefx.com/login/?next=/login/,https://www.sidefx.com/,https://www.sidefx.com/login/?next=/login/,recon_page,2026-05-02T21:30:25.244714
40,1,2,0,0,0,0,1,0,14,0,com,200,2,29428,292.412,0,0,21,1,nginx,0,html,1,1,0,0,5,0,1,1,1,1,1,3,1,9,1,1,1,3,0,0,1,1,1,5,0,0,1,1,1,15,7,6,2,1,106,96,10,1,6,1,7,1,2,1,1,7,1,0,1,0,0,0,0,0,0,0,0,1,0,0,0,0,0,0,0,0,0,0,0,0,0,0,1.0,1.0,1.0,0,0,0,1,2,1,1,2,1,3,0,6,104,3,0,0,0,0,0,0,0,3.0,0.0005097186353133071,0.625,0.577681120021748,0,,multi_full_20260502_195038_0001,2026-05-02T21:30:36.398606,https://www.sidefx.com/profile/futoryan/,https://www.sidefx.com/,False,https://www.sidefx.com/profile/futoryan/,https://www.sidefx.com/,https://www.sidefx.com/profile/futoryan/,recon_page,2026-05-02T21:30:36.402192
39,1,2,0,0,0,0,1,0,14,0,com,200,2,29420,261.113,0,0,21,1,nginx,0,html,1,1,0,0,5,0,1,1,1,1,1,3,1,9,1,1,1,3,0,0,1,1,1,5,0,0,1,1,1,15,7,6,2,1,106,96,10,1,6,1,7,1,2,1,1,7,1,0,1,0,0,0,0,0,0,0,0,1,0,0,0,0,0,0,0,0,0,0,0,0,0,0,1.0,1.0,1.0,0,0,0,1,2,1,1,2,1,3,0,6,104,3,0,0,0,0,0,0,0,3.0,0.0005098572399728076,0.625,0.5778382053025153,0,,multi_full_20260502_195038_0001,2026-05-02T21:30:48.762945,https://www.sidefx.com/profile/pvigier/,https://www.sidefx.com/,False,https://www.sidefx.com/profile/pvigier/,https://www.sidefx.com/,https://www.sidefx.com/profile/pvigier/,recon_page,2026-05-02T21:30:48.766679
38,1,2,0,0,0,0,1,0,14,0,com,200,2,35519,293.332,0,0,21,1,nginx,0,html,1,1,0,0,5,0,1,1,1,1,1,3,1,9,1,1,1,3,0,0,1,1,1,5,0,0,1,1,1,17,8,7,2,1,112,100,12,1,11,1,7,1,3,1,1,7,1,0,1,0,0,0,0,0,0,0,0,1,0,0,0,0,0,0,0,0,0,0,0,0,0,0,1.0,1.0,1.0,0,0,0,1,2,1,1,2,1,3,0,6,112,4,0,0,0,0,0,0,0,3.0,0.00047861707818350744,0.625,0.47861707818350746,0,,multi_full_20260502_195038_0001,2026-05-02T21:31:18.218279,https://www.sidefx.com/profile/FFlabs/,https://www.sidefx.com/,False,https://www.sidefx.com/profile/FFlabs/,https://www.sidefx.com/,https://www.sidefx.com/profile/FFlabs/,recon_page,2026-05-02T21:31:18.223051
42,1,2,0,0,0,0,1,0,14,0,com,200,2,29444,767.569,0,0,21,1,nginx,0,html,1,1,0,0,5,0,1,1,1,1,1,3,1,9,1,1,1,3,0,0,1,1,1,5,0,0,1,1,1,15,7,6,2,1,106,96,10,1,6,1,7,1,2,1,1,7,1,0,1,0,0,0,0,0,0,0,0,1,0,0,0,0,0,0,0,0,0,0,0,0,0,0,1.0,1.0,1.0,0,0,0,1,2,1,1,2,1,3,0,6,104,3,0,0,0,0,0,0,0,3.0,0.0005094416519494634,0.625,0.5773672055427251,0,,multi_full_20260502_195038_0001,2026-05-02T21:31:19.184971,https://www.sidefx.com/profile/mkarlowski/,https://www.sidefx.com/,False,https://www.sidefx.com/profile/mkarlowski/,https://www.sidefx.com/,https://www.sidefx.com/profile/mkarlowski/,recon_page,2026-05-02T21:31:19.188857
41,1,2,0,0,0,0,1,0,14,0,com,200,2,40356,775.995,0,0,21,1,nginx,0,html,1,1,0,0,5,0,1,1,1,1,1,3,1,9,1,1,1,3,0,0,1,1,1,5,0,0,1,1,1,17,8,7,2,1,119,105,14,1,13,1,7,1,3,1,1,7,1,0,1,0,0,0,0,0,0,0,0,1,0,0,0,0,0,0,0,0,0,0,0,0,0,0,1.0,1.0,1.0,0,0,0,1,2,1,1,2,1,3,0,6,119,4,0,0,0,0,0,0,0,3.0,0.00042125086728119735,0.625,0.4212508672811973,0,,multi_full_20260502_195038_0001,2026-05-02T21:31:19.489379,https://www.sidefx.com/profile/JanHebein/,https://www.sidefx.com/,False,https://www.sidefx.com/profile/JanHebein/,https://www.sidefx.com/,https://www.sidefx.com/profile/JanHebein/,recon_page,2026-05-02T21:31:19.496515
33,1,2,0,0,0,0,1,0,14,0,com,200,2,84053,770.692,0,0,21,1,nginx,0,html,1,1,0,0,5,0,1,1,1,1,1,5,1,12,1,1,1,4,0,0,1,2,1,5,0,0,1,2,1,21,10,9,2,1,262,252,10,1,26,1,7,1,4,1,1,7,1,0,1,0,0,0,0,0,0,0,0,1,0,0,0,0,0,0,0,0,0,0,0,0,0,0,1.0,1.0,1.0,0,0,0,3,2,1,1,2,1,5,0,7,165,13,0,1,0,0,0,0,0,2.4,0.0002498423613672326,0.625,0.26173961667043416,0,,multi_full_20260502_195038_0001,2026-05-02T21:31:19.790097,https://www.sidefx.com/forum/117/,https://www.sidefx.com/,False,https://www.sidefx.com/forum/117/,https://www.sidefx.com/,https://www.sidefx.com/forum/117/,recon_page,2026-05-02T21:31:19.795292
40,1,2,0,0,0,0,1,0,14,0,com,200,2,35645,3516.518,0,0,21,1,nginx,0,html,1,1,0,0,5,0,1,1,1,1,1,3,1,9,1,1,1,3,0,0,1,1,1,5,0,0,1,1,1,17,8,7,2,1,111,100,11,1,13,1,7,1,3,1,1,7,1,0,1,0,0,0,0,1,0,0,0,1,0,0,0,0,0,0,0,0,0,0,0,0,0,0,1.0,1.0,1.0,0,0,0,1,2,1,1,2,1,3,0,6,111,4,0,0,0,0,0,0,0,3.0,0.0004769252349558143,0.625,0.47692523495581424,0,,multi_full_20260502_195038_0001,2026-05-02T21:31:21.718139,https://www.sidefx.com/profile/galagast/,https://www.sidefx.com/,False,https://www.sidefx.com/profile/galagast/,https://www.sidefx.com/,https://www.sidefx.com/profile/galagast/,recon_page,2026-05-02T21:31:21.723968
40,1,2,0,0,0,0,1,0,14,0,com,200,2,29428,3181.93,0,0,21,1,nginx,0,html,1,1,0,0,5,0,1,1,1,1,1,3,1,9,1,1,1,3,0,0,1,1,1,5,0,0,1,1,1,15,7,6,2,1,106,96,10,1,6,1,7,1,2,1,1,7,1,0,1,0,0,0,0,0,0,0,0,1,0,0,0,0,0,0,0,0,0,0,0,0,0,0,1.0,1.0,1.0,0,0,0,1,2,1,1,2,1,3,0,6,104,3,0,0,0,0,0,0,0,3.0,0.0005097186353133071,0.625,0.577681120021748,0,,multi_full_20260502_195038_0001,2026-05-02T21:31:21.978731,https://www.sidefx.com/profile/LeePetrl/,https://www.sidefx.com/,False,https://www.sidefx.com/profile/LeePetrl/,https://www.sidefx.com/,https://www.sidefx.com/profile/LeePetrl/,recon_page,2026-05-02T21:31:21.982562
45,1,2,0,0,0,0,1,0,14,0,com,200,2,29468,3196.543,0,0,21,1,nginx,0,html,1,1,0,0,5,0,1,1,1,1,1,3,1,9,1,1,1,3,0,0,1,1,1,5,0,0,1,1,1,15,7,6,2,1,106,96,10,1,6,1,7,1,2,1,1,7,1,0,1,0,0,0,0,0,0,0,0,1,0,0,0,0,0,0,0,0,0,0,0,0,0,0,1.0,1.0,1.0,0,0,0,1,2,1,1,2,1,3,0,6,104,3,0,0,0,0,0,0,0,3.0,0.0005090267408714538,0.625,0.5768969729876476,0,,multi_full_20260502_195038_0001,2026-05-02T21:31:22.223237,https://www.sidefx.com/profile/fibricToolset/,https://www.sidefx.com/,False,https://www.sidefx.com/profile/fibricToolset/,https://www.sidefx.com/,https://www.sidefx.com/profile/fibricToolset/,recon_page,2026-05-02T21:31:22.229122
38,1,2,0,0,0,0,1,0,14,0,com,200,2,36949,1033.7069999999999,0,0,21,1,nginx,0,html,1,1,0,0,5,0,1,1,1,1,1,3,1,9,1,1,1,3,0,0,1,1,1,5,0,0,1,1,1,17,8,7,2,1,111,101,10,1,8,1,7,1,3,1,1,7,1,0,1,0,0,0,0,0,0,0,0,1,0,0,0,0,0,0,0,0,0,0,0,0,0,0,1.0,1.0,1.0,0,0,0,1,2,1,1,2,1,3,0,6,111,4,0,0,0,0,0,0,0,3.0,0.00046009364258843273,0.625,0.4600936425884327,0,,multi_full_20260502_195038_0001,2026-05-02T21:31:23.325800,https://www.sidefx.com/profile/Valent/,https://www.sidefx.com/,False,https://www.sidefx.com/profile/Valent/,https://www.sidefx.com/,https://www.sidefx.com/profile/Valent/,recon_page,2026-05-02T21:31:23.383920
44,1,2,0,0,0,0,1,0,14,0,com,200,2,37058,299.784,0,0,21,1,nginx,0,html,1,1,0,0,5,0,1,1,1,1,1,3,1,9,1,1,1,3,0,0,1,1,1,5,0,0,1,1,1,17,8,7,2,1,112,101,11,1,8,1,7,1,3,1,1,7,1,0,1,0,0,0,0,0,0,0,0,1,0,0,0,0,0,0,0,0,0,0,0,0,0,0,1.0,1.0,1.0,0,0,0,1,2,1,1,2,1,3,0,6,112,4,0,0,0,0,0,0,0,3.0,0.0004587403529602245,0.625,0.45874035296022453,0,,multi_full_20260502_195038_0001,2026-05-02T21:32:14.150416,https://www.sidefx.com/profile/razvan_flore/,https://www.sidefx.com/,False,https://www.sidefx.com/profile/razvan_flore/,https://www.sidefx.com/,https://www.sidefx.com/profile/razvan_flore/,recon_page,2026-05-02T21:32:14.154902
39,1,2,0,0,0,0,1,0,14,0,com,200,2,40555,830.047,0,0,21,1,nginx,0,html,1,1,0,0,5,0,1,1,1,1,1,3,1,9,1,1,1,3,0,0,1,1,1,5,0,0,1,1,1,17,8,7,2,1,120,103,17,1,9,1,7,1,3,1,1,7,1,0,1,0,0,0,0,0,0,0,0,1,0,0,0,0,0,0,0,0,0,0,0,0,0,0,1.0,1.0,1.0,0,0,0,1,2,1,1,2,1,3,0,6,120,4,0,0,0,0,0,0,0,3.0,0.0004191838244359512,0.625,0.4191838244359512,0,,multi_full_20260502_195038_0001,2026-05-02T21:33:46.094756,https://www.sidefx.com/profile/Scaduxx/,https://www.sidefx.com/,False,https://www.sidefx.com/profile/Scaduxx/,https://www.sidefx.com/,https://www.sidefx.com/profile/Scaduxx/,recon_page,2026-05-02T21:33:46.102288
38,1,2,0,0,0,0,1,0,14,0,com,200,2,34975,3201.64,0,0,21,1,nginx,0,html,1,1,0,0,5,0,1,1,1,1,1,3,1,9,1,1,1,3,0,0,1,1,1,5,0,0,1,1,1,17,8,7,2,1,110,100,10,1,7,1,7,1,3,1,1,7,1,0,1,0,0,0,0,0,0,0,0,1,0,0,0,0,0,0,0,0,0,0,0,0,0,0,1.0,1.0,1.0,0,0,0,1,2,1,1,2,1,3,0,6,110,4,0,0,0,0,0,0,0,3.0,0.0004860614724803431,0.625,0.4860614724803431,0,,multi_full_20260502_195038_0001,2026-05-02T21:33:48.337391,https://www.sidefx.com/profile/ener64/,https://www.sidefx.com/,False,https://www.sidefx.com/profile/ener64/,https://www.sidefx.com/,https://www.sidefx.com/profile/ener64/,recon_page,2026-05-02T21:33:48.344759
45,1,2,0,0,0,0,1,0,14,0,com,200,2,41733,306.388,0,0,21,1,nginx,0,html,1,1,0,0,5,0,1,1,1,1,1,3,1,9,1,1,1,3,0,0,1,1,1,5,0,0,1,1,1,17,8,7,2,1,120,104,16,1,10,1,7,1,3,1,1,7,1,0,1,0,0,0,0,0,0,0,0,1,0,0,0,0,0,0,0,0,0,0,0,0,0,0,1.0,1.0,1.0,0,0,0,1,2,1,1,2,1,3,0,6,120,4,0,0,0,0,0,0,0,3.0,0.00040735149641770303,0.625,0.4073514964177031,0,,multi_full_20260502_195038_0001,2026-05-02T21:34:40.376350,https://www.sidefx.com/profile/PierrickOpitz/,https://www.sidefx.com/,False,https://www.sidefx.com/profile/PierrickOpitz/,https://www.sidefx.com/,https://www.sidefx.com/profile/PierrickOpitz/,recon_page,2026-05-02T21:34:40.382322
37,1,2,0,0,0,0,1,0,14,0,com,200,2,36862,816.148,0,0,21,1,nginx,0,html,1,1,0,0,5,0,1,1,1,1,1,3,1,9,1,1,1,3,0,0,1,1,1,5,0,0,1,1,1,17,8,7,2,1,111,101,10,1,14,1,7,1,3,1,1,7,1,0,1,0,0,0,0,0,0,0,0,1,0,0,0,0,0,0,0,0,0,0,0,0,0,0,1.0,1.0,1.0,0,0,0,1,2,1,1,2,1,3,0,6,111,4,0,0,0,0,0,0,0,3.0,0.00046117953447995225,0.625,0.46117953447995225,0,,multi_full_20260502_195038_0001,2026-05-02T21:34:40.871047,https://www.sidefx.com/profile/onguu/,https://www.sidefx.com/,False,https://www.sidefx.com/profile/onguu/,https://www.sidefx.com/,https://www.sidefx.com/profile/onguu/,recon_page,2026-05-02T21:34:40.908431
41,1,2,0,0,0,0,1,0,14,0,com,200,2,29436,839.0649999999999,0,0,21,1,nginx,0,html,1,1,0,0,5,0,1,1,1,1,1,3,1,9,1,1,1,3,0,0,1,1,1,5,0,0,1,1,1,15,7,6,2,1,106,96,10,1,6,1,7,1,2,1,1,7,1,0,1,0,0,0,0,0,0,0,0,1,0,0,0,0,0,0,0,0,0,0,0,0,0,0,1.0,1.0,1.0,0,0,0,1,2,1,1,2,1,3,0,6,104,3,0,0,0,0,0,0,0,3.0,0.0005095801059926621,0.625,0.577524120125017,0,,multi_full_20260502_195038_0001,2026-05-02T21:34:40.898385,https://www.sidefx.com/profile/Heleen321/,https://www.sidefx.com/,False,https://www.sidefx.com/profile/Heleen321/,https://www.sidefx.com/,https://www.sidefx.com/profile/Heleen321/,recon_page,2026-05-02T21:34:40.920487
38,1,2,0,0,0,0,1,0,14,0,com,200,2,29412,374.653,0,0,21,1,nginx,0,html,1,1,0,0,5,0,1,1,1,1,1,3,1,9,1,1,1,3,0,0,1,1,1,5,0,0,1,1,1,15,7,6,2,1,106,96,10,1,6,1,7,1,2,1,1,7,1,0,1,0,0,0,0,0,0,0,0,1,0,0,0,0,0,0,0,0,0,0,0,0,0,0,1.0,1.0,1.0,0,0,0,1,2,1,1,2,1,3,0,6,104,3,0,0,0,0,0,0,0,3.0,0.0005099959200326398,0.625,0.5779953760369917,0,,multi_full_20260502_195038_0001,2026-05-02T21:34:40.913496,https://www.sidefx.com/profile/Mgitop/,https://www.sidefx.com/,False,https://www.sidefx.com/profile/Mgitop/,https://www.sidefx.com/,https://www.sidefx.com/profile/Mgitop/,recon_page,2026-05-02T21:34:40.922908
39,1,2,0,0,0,0,1,0,14,0,com,200,2,39017,878.196,0,0,21,1,nginx,0,html,1,1,0,0,5,0,1,1,1,1,1,3,1,9,1,1,1,3,0,0,1,1,1,5,0,0,1,1,1,17,8,7,2,1,113,101,12,1,13,1,7,1,3,1,1,7,1,0,1,0,0,0,0,0,0,0,0,1,0,0,0,0,0,0,0,0,0,0,0,0,0,0,1.0,1.0,1.0,0,0,0,1,2,1,1,2,1,3,0,6,113,4,0,0,0,0,0,0,0,3.0,0.00043570751211010586,0.625,0.43570751211010583,0,,multi_full_20260502_195038_0001,2026-05-02T21:34:40.918001,https://www.sidefx.com/profile/Requson/,https://www.sidefx.com/,False,https://www.sidefx.com/profile/Requson/,https://www.sidefx.com/,https://www.sidefx.com/profile/Requson/,recon_page,2026-05-02T21:34:40.925714
51,1,2,0,0,0,0,1,0,14,0,com,200,2,36950,882.242,0,0,21,1,nginx,0,html,1,1,0,0,5,0,1,1,1,1,1,3,1,9,1,1,1,3,0,0,1,1,1,5,0,0,1,1,1,17,8,7,2,1,111,100,11,1,7,1,7,1,3,1,1,7,1,0,1,0,0,0,0,0,0,0,0,1,0,0,0,0,0,0,0,0,0,0,0,0,0,0,1.0,1.0,1.0,0,0,0,1,2,1,1,2,1,3,0,6,111,4,0,0,0,0,0,0,0,3.0,0.00046008119079837616,0.625,0.46008119079837617,0,,multi_full_20260502_195038_0001,2026-05-02T21:34:41.296227,https://www.sidefx.com/profile/samratacharyya_2000/,https://www.sidefx.com/,False,https://www.sidefx.com/profile/samratacharyya_2000/,https://www.sidefx.com/,https://www.sidefx.com/profile/samratacharyya_2000/,recon_page,2026-05-02T21:34:41.304533
117,1,2,1,1,0,0,1,0,14,0,com,200,2,54318,768.342,0,0,20,1,ATS,0,html,1,1,0,1,7,1,1,1,1,1,0,0,0,0,0,0,0,0,0,0,0,0,0,0,0,0,0,0,1,38,14,0,24,1,14,0,14,0,0,1,7,1,6,1,1,4,1,0,0,0,0,0,0,0,0,0,0,1,0,0,0,0,0,0,0,0,0,0,0,0,0,0,1.0,1.0,0.0,0,0,0,0,0,0,0,0,0,0,0,0,36,0,0,0,0,0,0,0,0,0.0,0.000699583931661696,0.875,0.0,0,,multi_full_20260502_195038_0001,2026-05-02T21:35:25.450662,https://www.sidefx.com/login/yahoo-oauth2/?next=/community-main-menu/contests-jams/mardini-2026/mardini-2026-winners/,https://www.sidefx.com/,False,https://www.sidefx.com/login/yahoo-oauth2/?next=/community-main-menu/contests-jams/mardini-2026/mardini-2026-winners/,https://www.sidefx.com/,https://www.sidefx.com/login/yahoo-oauth2/?next=/community-main-menu/contests-jams/mardini-2026/mardini-2026-winners/,recon_page,2026-05-02T21:35:25.468722
38,1,2,0,0,0,0,1,0,14,0,com,200,2,29412,275.922,0,0,21,1,nginx,0,html,1,1,0,0,5,0,1,1,1,1,1,3,1,9,1,1,1,3,0,0,1,1,1,5,0,0,1,1,1,15,7,6,2,1,106,96,10,1,6,1,7,1,2,1,1,7,1,0,1,0,0,0,0,0,0,0,0,1,0,0,0,0,0,0,0,0,0,0,0,0,0,0,1.0,1.0,1.0,0,0,0,1,2,1,1,2,1,3,0,6,104,3,0,0,0,0,0,0,0,3.0,0.0005099959200326398,0.625,0.5779953760369917,0,,multi_full_20260502_195038_0001,2026-05-02T21:35:25.469651,https://www.sidefx.com/profile/HYUN_3/,https://www.sidefx.com/,False,https://www.sidefx.com/profile/HYUN_3/,https://www.sidefx.com/,https://www.sidefx.com/profile/HYUN_3/,recon_page,2026-05-02T21:35:25.473294
42,1,2,0,0,0,0,1,0,14,0,com,200,2,29444,3322.8179999999998,0,0,21,1,nginx,0,html,1,1,0,0,5,0,1,1,1,1,1,3,1,9,1,1,1,3,0,0,1,1,1,5,0,0,1,1,1,15,7,6,2,1,106,96,10,1,6,1,7,1,2,1,1,7,1,0,1,0,0,0,0,0,0,0,0,1,0,0,0,0,0,0,0,0,0,0,0,0,0,0,1.0,1.0,1.0,0,0,0,1,2,1,1,2,1,3,0,6,104,3,0,0,0,0,0,0,0,3.0,0.0005094416519494634,0.625,0.5773672055427251,0,,multi_full_20260502_195038_0001,2026-05-02T21:36:33.927115,https://www.sidefx.com/profile/isonlygaem/,https://www.sidefx.com/,False,https://www.sidefx.com/profile/isonlygaem/,https://www.sidefx.com/,https://www.sidefx.com/profile/isonlygaem/,recon_page,2026-05-02T21:36:33.935974
47,1,2,0,0,0,0,1,0,14,0,com,200,2,34309,296.605,0,0,21,1,nginx,0,html,1,1,0,0,5,0,1,1,1,1,1,3,1,9,1,1,1,3,0,0,1,1,1,5,0,0,1,1,1,17,8,7,2,1,109,99,10,1,7,1,7,1,3,1,1,7,1,0,1,0,0,0,0,0,0,0,0,1,0,0,0,0,0,0,0,0,0,0,0,0,0,0,1.0,1.0,1.0,0,0,0,1,2,1,1,2,1,3,0,6,109,4,0,0,0,0,0,0,0,3.0,0.0004954968084176164,0.625,0.4954968084176164,0,,multi_full_20260502_195038_0001,2026-05-02T21:36:49.826984,https://www.sidefx.com/profile/juan.viamonte3d/,https://www.sidefx.com/,False,https://www.sidefx.com/profile/juan.viamonte3d/,https://www.sidefx.com/,https://www.sidefx.com/profile/juan.viamonte3d/,recon_page,2026-05-02T21:36:49.834749
38,1,2,0,0,0,0,1,0,14,0,com,200,2,29412,1170.645,0,0,21,1,nginx,0,html,1,1,0,0,5,0,1,1,1,1,1,3,1,9,1,1,1,3,0,0,1,1,1,5,0,0,1,1,1,15,7,6,2,1,106,96,10,1,6,1,7,1,2,1,1,7,1,0,1,0,0,0,0,0,0,0,0,1,0,0,0,0,0,0,0,0,0,0,0,0,0,0,1.0,1.0,1.0,0,0,0,1,2,1,1,2,1,3,0,6,104,3,0,0,0,0,0,0,0,3.0,0.0005099959200326398,0.625,0.5779953760369917,0,,multi_full_20260502_195038_0001,2026-05-02T21:36:51.047798,https://www.sidefx.com/profile/janbzz/,https://www.sidefx.com/,False,https://www.sidefx.com/profile/janbzz/,https://www.sidefx.com/,https://www.sidefx.com/profile/janbzz/,recon_page,2026-05-02T21:36:51.053703
47,1,2,0,0,0,0,1,0,14,0,com,200,2,36195,3623.981,0,0,21,1,nginx,0,html,1,1,0,0,5,0,1,1,1,1,1,3,1,9,1,1,1,3,0,0,1,1,1,5,0,0,1,1,1,17,8,7,2,1,111,100,11,1,7,1,7,1,3,1,1,7,1,0,1,0,0,0,0,0,0,0,0,1,0,0,0,0,0,0,0,0,0,0,0,0,0,0,1.0,1.0,1.0,0,0,0,1,2,1,1,2,1,3,0,6,111,4,0,0,0,0,0,0,0,3.0,0.00046967813233872083,0.625,0.4696781323387208,0,,multi_full_20260502_195038_0001,2026-05-02T21:36:52.452881,https://www.sidefx.com/profile/irena_nalyvaiko/,https://www.sidefx.com/,False,https://www.sidefx.com/profile/irena_nalyvaiko/,https://www.sidefx.com/,https://www.sidefx.com/profile/irena_nalyvaiko/,recon_page,2026-05-02T21:36:52.458225
39,1,2,0,0,0,0,1,0,14,0,com,200,2,38882,792.323,0,0,21,1,nginx,0,html,1,1,0,0,5,0,1,1,1,1,1,3,1,9,1,1,1,3,0,0,1,1,1,5,0,0,1,1,1,17,8,7,2,1,116,105,11,1,16,1,7,1,3,1,1,7,1,0,1,0,0,0,0,0,0,0,0,1,0,0,0,0,0,0,0,0,0,0,0,0,0,0,1.0,1.0,1.0,0,0,0,1,2,1,1,2,1,3,0,6,116,5,0,0,0,0,0,0,0,3.0,0.0004372203075973458,0.625,0.4372203075973458,0,,multi_full_20260502_195038_0001,2026-05-02T21:36:53.016688,https://www.sidefx.com/profile/johancc/,https://www.sidefx.com/,False,https://www.sidefx.com/profile/johancc/,https://www.sidefx.com/,https://www.sidefx.com/profile/johancc/,recon_page,2026-05-02T21:36:53.020458
46,1,2,0,0,0,0,1,0,14,0,com,200,2,38895,933.7860000000001,0,0,21,1,nginx,0,html,1,1,0,0,5,0,1,1,1,1,1,3,1,9,1,1,1,3,0,0,1,1,1,5,0,0,1,1,1,17,8,7,2,1,112,100,12,1,7,1,7,1,3,1,1,7,1,0,1,0,0,0,0,0,0,0,0,1,0,0,0,0,0,0,0,0,0,0,0,0,0,0,1.0,1.0,1.0,0,0,0,1,2,1,1,2,1,3,0,6,112,4,0,2,0,0,0,0,0,3.0,0.00043707417405836226,0.625,0.43707417405836224,0,,multi_full_20260502_195038_0001,2026-05-02T21:37:41.306731,https://www.sidefx.com/profile/pirate%20sheep/,https://www.sidefx.com/,False,https://www.sidefx.com/profile/pirate%20sheep/,https://www.sidefx.com/,https://www.sidefx.com/profile/pirate%20sheep/,recon_page,2026-05-02T21:37:41.311351
44,1,2,0,0,0,0,1,0,14,0,com,200,2,35248,734.745,0,0,21,1,nginx,0,html,1,1,0,0,5,0,1,1,1,1,1,3,1,9,1,1,1,3,0,0,1,1,1,5,0,0,1,1,1,17,8,7,2,1,110,100,10,1,7,1,7,1,3,1,1,7,1,0,1,0,0,0,0,0,0,0,0,1,0,0,0,0,0,0,0,0,0,0,0,0,0,0,1.0,1.0,1.0,0,0,0,1,2,1,1,2,1,3,0,6,110,4,0,0,0,0,0,0,0,3.0,0.000482296867907399,0.625,0.482296867907399,0,,multi_full_20260502_195038_0001,2026-05-02T21:38:30.725021,https://www.sidefx.com/profile/leandersilur/,https://www.sidefx.com/,False,https://www.sidefx.com/profile/leandersilur/,https://www.sidefx.com/,https://www.sidefx.com/profile/leandersilur/,recon_page,2026-05-02T21:38:30.742317
50,1,2,0,0,0,0,1,0,14,0,com,200,2,36983,862.332,0,0,21,1,nginx,0,html,1,1,0,0,5,0,1,1,1,1,1,3,1,9,1,1,1,3,0,0,1,1,1,5,0,0,1,1,1,17,8,7,2,1,115,100,15,1,15,1,7,1,3,1,1,7,1,0,1,0,0,0,0,0,0,0,0,1,0,0,0,0,0,0,0,0,0,0,0,0,0,0,1.0,1.0,1.0,0,0,0,1,2,1,1,2,1,3,0,6,113,4,0,0,0,0,0,0,0,3.0,0.0004596706594921991,0.625,0.45967065949219915,0,,multi_full_20260502_195038_0001,2026-05-02T21:38:30.693437,https://www.sidefx.com/profile/adriangarciamartin/,https://www.sidefx.com/,False,https://www.sidefx.com/profile/adriangarciamartin/,https://www.sidefx.com/,https://www.sidefx.com/profile/adriangarciamartin/,recon_page,2026-05-02T21:38:30.735097
41,1,2,0,0,0,0,1,0,14,0,com,200,2,42592,887.8679999999999,0,0,21,1,nginx,0,html,1,1,0,0,5,0,1,1,1,1,1,3,1,9,1,1,1,3,0,0,1,1,1,5,0,0,1,1,1,17,8,7,2,1,122,106,16,1,12,1,7,1,3,1,1,7,1,0,1,0,0,0,0,0,0,0,0,1,0,0,0,0,0,0,0,0,0,0,0,0,0,0,1.0,1.0,1.0,0,0,0,1,2,1,1,2,1,3,0,6,121,4,0,0,0,0,0,0,0,3.0,0.0003991359879789632,0.625,0.3991359879789632,0,,multi_full_20260502_195038_0001,2026-05-02T21:38:30.726489,https://www.sidefx.com/profile/Jackatack/,https://www.sidefx.com/,False,https://www.sidefx.com/profile/Jackatack/,https://www.sidefx.com/,https://www.sidefx.com/profile/Jackatack/,recon_page,2026-05-02T21:38:30.742605
44,1,2,0,0,0,0,1,0,14,0,com,200,2,38895,263.613,0,0,21,1,nginx,0,html,1,1,0,0,5,0,1,1,1,1,1,3,1,9,1,1,1,3,0,0,1,1,1,5,0,0,1,1,1,17,8,7,2,1,112,100,12,1,7,1,7,1,3,1,1,7,1,0,1,0,0,0,0,0,0,0,0,1,0,0,0,0,0,0,0,0,0,0,0,0,0,0,1.0,1.0,1.0,0,0,0,1,2,1,1,2,1,3,0,6,112,4,0,2,0,0,0,0,0,3.0,0.00043707417405836226,0.625,0.43707417405836224,0,,multi_full_20260502_195038_0001,2026-05-02T21:38:30.740968,https://www.sidefx.com/profile/pirate sheep/,https://www.sidefx.com/,False,https://www.sidefx.com/profile/pirate sheep/,https://www.sidefx.com/,https://www.sidefx.com/profile/pirate sheep/,recon_page,2026-05-02T21:38:30.745630
118,1,2,1,1,0,0,1,0,14,0,com,200,2,1230797,244.346,0,0,23,1,ESF,0,html,0,0,0,1,7,1,1,1,1,1,0,0,0,0,0,0,0,0,0,0,0,0,0,0,0,0,0,0,1,4,4,0,0,1,1,0,1,0,0,1,1,0,0,1,0,0,0,0,0,0,0,0,0,0,0,0,0,1,0,0,0,0,0,0,0,0,0,0,0,0,0,0,0.0,0.0,0.0,0,0,0,0,0,0,0,0,0,0,0,0,1,0,0,0,0,0,0,0,1,0.0,3.2499266735294283e-06,0.875,0.0,0,,multi_full_20260502_195038_0001,2026-05-02T21:38:31.480108,https://www.sidefx.com/login/google-oauth2/?next=/community-main-menu/contests-jams/mardini-2026/mardini-2026-winners/,https://www.sidefx.com/,False,https://www.sidefx.com/login/google-oauth2/?next=/community-main-menu/contests-jams/mardini-2026/mardini-2026-winners/,https://www.sidefx.com/,https://www.sidefx.com/login/google-oauth2/?next=/community-main-menu/contests-jams/mardini-2026/mardini-2026-winners/,recon_page,2026-05-02T21:38:31.488346
42,1,2,0,0,0,0,1,0,14,0,com,404,4,25,252.45800000000003,0,0,19,1,nginx,0,html,0,0,0,0,5,0,1,1,1,1,0,0,0,0,0,0,0,0,0,0,0,0,0,0,0,0,0,0,0,0,0,0,0,0,0,0,0,0,0,0,0,0,0,0,0,0,0,0,1,0,0,0,0,0,0,0,0,1,0,0,0,0,0,0,0,0,0,0,0,0,0,0,0.0,0.0,0.0,0,0,0,0,0,0,0,0,0,0,0,0,0,0,0,0,0,0,0,0,0,0.0,0.0,0.625,0.0,0,,multi_full_20260502_195038_0001,2026-05-02T21:39:01.130391,https://www.sidefx.com/profile/maxmt_hipl/,https://www.sidefx.com/,False,https://www.sidefx.com/profile/maxmt_hipl/,https://www.sidefx.com/,https://www.sidefx.com/profile/maxmt_hipl/,recon_page,2026-05-02T21:39:01.133903
37,1,2,0,0,0,0,1,0,14,0,com,200,2,36862,248.23000000000002,0,0,21,1,nginx,0,html,1,1,0,0,5,0,1,1,1,1,1,3,1,9,1,1,1,3,0,0,1,1,1,5,0,0,1,1,1,17,8,7,2,1,111,101,10,1,14,1,7,1,3,1,1,7,1,0,1,0,0,0,0,0,0,0,0,1,0,0,0,0,0,0,0,0,0,0,0,0,0,0,1.0,1.0,1.0,0,0,0,1,2,1,1,2,1,3,0,6,111,4,0,0,0,0,0,0,0,3.0,0.00046117953447995225,0.625,0.46117953447995225,0,,multi_full_20260502_195038_0001,2026-05-02T21:39:15.998739,https://www.sidefx.com/profile/Onguu/,https://www.sidefx.com/,False,https://www.sidefx.com/profile/Onguu/,https://www.sidefx.com/,https://www.sidefx.com/profile/Onguu/,recon_page,2026-05-02T21:39:16.002730
41,1,2,0,0,0,0,1,0,14,0,com,200,2,29436,304.829,0,0,21,1,nginx,0,html,1,1,0,0,5,0,1,1,1,1,1,3,1,9,1,1,1,3,0,0,1,1,1,5,0,0,1,1,1,15,7,6,2,1,106,96,10,1,6,1,7,1,2,1,1,7,1,0,1,0,0,0,0,0,0,0,0,1,0,0,0,0,0,0,0,0,0,0,0,0,0,0,1.0,1.0,1.0,0,0,0,1,2,1,1,2,1,3,0,6,104,3,0,0,0,0,0,0,0,3.0,0.0005095801059926621,0.625,0.577524120125017,0,,multi_full_20260502_195038_0001,2026-05-02T21:39:16.541974,https://www.sidefx.com/profile/welsing3d/,https://www.sidefx.com/,False,https://www.sidefx.com/profile/welsing3d/,https://www.sidefx.com/,https://www.sidefx.com/profile/welsing3d/,recon_page,2026-05-02T21:39:16.559053
38,1,2,0,0,0,0,1,0,14,0,com,200,2,36406,265.64500000000004,0,0,21,1,nginx,0,html,1,1,0,0,5,0,1,1,1,1,1,3,1,9,1,1,1,3,0,0,1,1,1,5,0,0,1,1,1,17,8,7,2,1,111,101,10,1,8,1,7,1,3,1,1,7,1,0,1,0,0,0,0,0,0,0,0,1,0,0,0,0,0,0,0,0,0,0,0,0,0,0,1.0,1.0,1.0,0,0,0,1,2,1,1,2,1,3,0,6,111,4,0,0,0,0,0,0,0,3.0,0.000466955996264352,0.625,0.466955996264352,0,,multi_full_20260502_195038_0001,2026-05-02T21:39:16.541064,https://www.sidefx.com/profile/dweyel/,https://www.sidefx.com/,False,https://www.sidefx.com/profile/dweyel/,https://www.sidefx.com/,https://www.sidefx.com/profile/dweyel/,recon_page,2026-05-02T21:39:16.560563
40,1,2,0,0,0,0,1,0,14,0,com,200,2,36458,266.25,0,0,21,1,nginx,0,html,1,1,0,0,5,0,1,1,1,1,1,3,1,9,1,1,1,3,0,0,1,1,1,5,0,0,1,1,1,17,8,7,2,1,113,100,13,1,8,1,7,1,3,1,1,7,1,0,1,0,0,0,0,0,0,0,0,1,0,0,0,0,0,0,0,0,0,0,0,0,0,0,1.0,1.0,1.0,0,0,0,1,2,1,1,2,1,3,0,6,113,4,0,0,0,0,0,0,0,3.0,0.0004662899775083658,0.625,0.4662899775083658,0,,multi_full_20260502_195038_0001,2026-05-02T21:39:16.558332,https://www.sidefx.com/profile/TomMinor/,https://www.sidefx.com/,False,https://www.sidefx.com/profile/TomMinor/,https://www.sidefx.com/,https://www.sidefx.com/profile/TomMinor/,recon_page,2026-05-02T21:39:16.584285
40,1,2,0,0,0,0,1,0,14,0,com,200,2,37897,344.941,0,0,21,1,nginx,0,html,1,1,0,0,5,0,1,1,1,1,1,3,1,9,1,1,1,3,0,0,1,1,1,5,0,0,1,1,1,17,8,7,2,1,111,100,11,1,14,1,7,1,3,1,1,7,1,0,1,0,0,0,0,0,0,0,0,1,0,0,0,0,0,0,0,0,0,0,0,0,0,0,1.0,1.0,1.0,0,0,0,1,2,1,1,2,1,3,0,6,111,4,0,0,0,0,0,0,0,3.0,0.00044858432065862734,0.625,0.44858432065862736,0,,multi_full_20260502_195038_0001,2026-05-02T21:39:23.283733,https://www.sidefx.com/profile/beyonick/,https://www.sidefx.com/,False,https://www.sidefx.com/profile/beyonick/,https://www.sidefx.com/,https://www.sidefx.com/profile/beyonick/,recon_page,2026-05-02T21:39:23.286804
44,1,2,0,0,0,0,1,0,14,0,com,200,2,35378,280.421,0,0,21,1,nginx,0,html,1,1,0,0,5,0,1,1,1,1,1,3,1,9,1,1,1,3,0,0,1,1,1,5,0,0,1,1,1,17,8,7,2,1,110,100,10,1,8,1,7,1,3,1,1,7,1,0,1,0,0,0,0,0,0,0,0,1,0,0,0,0,0,0,0,0,0,0,0,0,0,0,1.0,1.0,1.0,0,0,0,1,2,1,1,2,1,3,0,6,110,4,0,0,0,0,0,0,0,3.0,0.0004805246198202273,0.625,0.48052461982022726,0,,multi_full_20260502_195038_0001,2026-05-02T21:40:02.284096,https://www.sidefx.com/profile/rahilxyzzzzz/,https://www.sidefx.com/,False,https://www.sidefx.com/profile/rahilxyzzzzz/,https://www.sidefx.com/,https://www.sidefx.com/profile/rahilxyzzzzz/,recon_page,2026-05-02T21:40:02.287319
104,1,1,1,1,0,0,1,0,14,0,com,200,2,29847,259.476,0,0,23,1,nginx,0,html,1,2,0,1,6,0,1,1,1,1,1,4,1,15,1,2,1,5,0,0,1,1,1,7,0,0,1,1,1,11,5,6,0,1,111,101,10,1,5,1,7,1,2,1,1,2,1,0,1,0,0,0,0,0,0,0,0,1,0,0,0,0,0,0,0,0,0,0,0,0,0,0,1.0,1.0,1.0,0,0,0,1,3,1,2,3,1,4,0,9,103,6,0,0,0,0,0,0,0,3.75,0.0003685462525546956,0.75,0.8711093242201896,0,,multi_full_20260502_195038_0001,2026-05-02T21:40:03.020393,https://www.sidefx.com/login/?next=/community-main-menu/contests-jams/mardini-2026/mardini-2026-winners/,https://www.sidefx.com/,False,https://www.sidefx.com/login/?next=/community-main-menu/contests-jams/mardini-2026/mardini-2026-winners/,https://www.sidefx.com/,https://www.sidefx.com/login/?next=/community-main-menu/contests-jams/mardini-2026/mardini-2026-winners/,recon_page,2026-05-02T21:40:03.025540
40,1,2,0,0,0,0,1,0,14,0,com,200,2,29428,316.957,0,0,21,1,nginx,0,html,1,1,0,0,5,0,1,1,1,1,1,3,1,9,1,1,1,3,0,0,1,1,1,5,0,0,1,1,1,15,7,6,2,1,106,96,10,1,6,1,7,1,2,1,1,7,1,0,1,0,0,0,0,0,0,0,0,1,0,0,0,0,0,0,0,0,0,0,0,0,0,0,1.0,1.0,1.0,0,0,0,1,2,1,1,2,1,3,0,6,104,3,0,0,0,0,0,0,0,3.0,0.0005097186353133071,0.625,0.577681120021748,0,,multi_full_20260502_195038_0001,2026-05-02T21:40:09.689347,https://www.sidefx.com/profile/playhead/,https://www.sidefx.com/,False,https://www.sidefx.com/profile/playhead/,https://www.sidefx.com/,https://www.sidefx.com/profile/playhead/,recon_page,2026-05-02T21:40:09.692658
39,1,2,0,0,0,0,1,0,14,0,com,200,2,29420,292.488,0,0,21,1,nginx,0,html,1,1,0,0,5,0,1,1,1,1,1,3,1,9,1,1,1,3,0,0,1,1,1,5,0,0,1,1,1,15,7,6,2,1,106,96,10,1,6,1,7,1,2,1,1,7,1,0,1,0,0,0,0,0,0,0,0,1,0,0,0,0,0,0,0,0,0,0,0,0,0,0,1.0,1.0,1.0,0,0,0,1,2,1,1,2,1,3,0,6,104,3,0,0,0,0,0,0,0,3.0,0.0005098572399728076,0.625,0.5778382053025153,0,,multi_full_20260502_195038_0001,2026-05-02T21:41:03.522743,https://www.sidefx.com/profile/Thibs-V/,https://www.sidefx.com/,False,https://www.sidefx.com/profile/Thibs-V/,https://www.sidefx.com/,https://www.sidefx.com/profile/Thibs-V/,recon_page,2026-05-02T21:41:03.530065
120,1,2,1,1,0,0,1,0,14,0,com,200,2,23078,693.117,0,0,20,0,unknown,0,html,1,3,0,1,5,0,1,1,0,1,0,0,0,0,0,0,0,0,0,0,0,0,0,0,0,0,0,0,1,5,4,0,1,0,0,0,0,0,0,1,10,0,0,1,1,1,1,0,0,0,0,1,0,0,0,0,1,1,0,0,0,0,0,0,0,0,0,0,0,0,0,0,1.0,1.0,1.0,0,0,0,0,0,0,0,0,0,0,0,0,1,0,0,0,0,0,0,0,0,0.0,0.0002166565560273854,0.625,0.0,0,,multi_full_20260502_195038_0001,2026-05-02T21:41:19.220416,https://www.sidefx.com/login/microsoft-graph/?next=/community-main-menu/contests-jams/mardini-2026/mardini-2026-winners/,https://www.sidefx.com/,False,https://www.sidefx.com/login/microsoft-graph/?next=/community-main-menu/contests-jams/mardini-2026/mardini-2026-winners/,https://www.sidefx.com/,https://www.sidefx.com/login/microsoft-graph/?next=/community-main-menu/contests-jams/mardini-2026/mardini-2026-winners/,recon_page,2026-05-02T21:41:19.223969
39,1,2,0,0,0,0,1,0,14,0,com,404,4,25,232.304,0,0,19,1,nginx,0,html,0,0,0,0,5,0,1,1,1,1,0,0,0,0,0,0,0,0,0,0,0,0,0,0,0,0,0,0,0,0,0,0,0,0,0,0,0,0,0,0,0,0,0,0,0,0,0,0,1,0,0,0,0,0,0,0,0,1,0,0,0,0,0,0,0,0,0,0,0,0,0,0,0.0,0.0,0.0,0,0,0,0,0,0,0,0,0,0,0,0,0,0,0,0,0,0,0,0,0,0.0,0.0,0.625,0.0,0,,multi_full_20260502_195038_0001,2026-05-02T21:41:40.415427,https://www.sidefx.com/profile/HYUN_3l/,https://www.sidefx.com/,False,https://www.sidefx.com/profile/HYUN_3l/,https://www.sidefx.com/,https://www.sidefx.com/profile/HYUN_3l/,recon_page,2026-05-02T21:41:40.418146
91,1,4,0,0,0,0,1,0,14,0,com,200,2,147540,601.1600000000001,0,0,20,1,nginx,0,html,1,1,0,0,5,0,1,1,1,1,1,3,1,9,1,1,1,3,0,0,1,1,1,5,0,0,1,1,1,20,8,10,2,1,505,406,99,1,269,1,7,1,7,1,1,166,1,0,1,0,0,0,0,0,0,0,0,1,0,0,0,0,0,0,0,0,0,0,0,0,0,0,1.0,1.0,1.0,0,0,0,1,2,1,1,2,1,3,0,6,356,53,0,0,0,0,0,0,0,3.0,0.00013555645926528398,0.625,0.1152229903754914,0,,multi_full_20260502_195038_0001,2026-05-02T21:41:51.978618,https://www.sidefx.com/community-main-menu/contests-jams/mardini-2026/mardini-2026-winners/,https://www.sidefx.com/,False,https://www.sidefx.com/community-main-menu/contests-jams/mardini-2026/mardini-2026-winners/,https://www.sidefx.com/,https://www.sidefx.com/community-main-menu/contests-jams/mardini-2026/mardini-2026-winners/,recon_page,2026-05-02T21:41:51.992332
39,1,2,0,0,0,0,1,0,14,0,com,200,2,29420,294.907,0,0,21,1,nginx,0,html,1,1,0,0,5,0,1,1,1,1,1,3,1,9,1,1,1,3,0,0,1,1,1,5,0,0,1,1,1,15,7,6,2,1,106,96,10,1,6,1,7,1,2,1,1,7,1,0,1,0,0,0,0,0,0,0,0,1,0,0,0,0,0,0,0,0,0,0,0,0,0,0,1.0,1.0,1.0,0,0,0,1,2,1,1,2,1,3,0,6,104,3,0,0,0,0,0,0,0,3.0,0.0005098572399728076,0.625,0.5778382053025153,0,,multi_full_20260502_195038_0001,2026-05-02T21:42:20.433645,https://www.sidefx.com/profile/Plankti/,https://www.sidefx.com/,False,https://www.sidefx.com/profile/Plankti/,https://www.sidefx.com/,https://www.sidefx.com/profile/Plankti/,recon_page,2026-05-02T21:42:20.445089
51,1,2,0,0,0,0,1,0,14,0,com,200,2,40681,1030.667,0,0,21,1,nginx,0,html,1,1,0,0,5,0,1,1,1,1,1,3,1,9,1,1,1,3,0,0,1,1,1,5,0,0,1,1,1,17,8,7,2,1,119,104,15,1,10,1,7,1,3,1,1,7,1,0,1,0,0,0,0,0,0,0,0,1,0,0,0,0,0,0,0,0,0,0,0,0,0,0,1.0,1.0,1.0,0,0,0,1,2,1,1,2,1,3,0,6,119,7,0,0,0,0,0,0,0,3.0,0.0004178854993731718,0.625,0.41788549937317176,0,,multi_full_20260502_195038_0001,2026-05-02T21:42:20.860846,https://www.sidefx.com/profile/Viswesh Rameshkumar/,https://www.sidefx.com/,False,https://www.sidefx.com/profile/Viswesh Rameshkumar/,https://www.sidefx.com/,https://www.sidefx.com/profile/Viswesh Rameshkumar/,recon_page,2026-05-02T21:42:20.869043
42,1,2,0,0,0,0,1,0,14,0,com,200,2,29444,808.74,0,0,21,1,nginx,0,html,1,1,0,0,5,0,1,1,1,1,1,3,1,9,1,1,1,3,0,0,1,1,1,5,0,0,1,1,1,15,7,6,2,1,106,96,10,1,6,1,7,1,2,1,1,7,1,0,1,0,0,0,0,0,0,0,0,1,0,0,0,0,0,0,0,0,0,0,0,0,0,0,1.0,1.0,1.0,0,0,0,1,2,1,1,2,1,3,0,6,104,3,0,0,0,0,0,0,0,3.0,0.0005094416519494634,0.625,0.5773672055427251,0,,multi_full_20260502_195038_0001,2026-05-02T21:42:21.120115,https://www.sidefx.com/profile/martinalex/,https://www.sidefx.com/,False,https://www.sidefx.com/profile/martinalex/,https://www.sidefx.com/,https://www.sidefx.com/profile/martinalex/,recon_page,2026-05-02T21:42:21.125542
40,1,2,0,0,0,0,1,0,14,0,com,200,2,35132,874.965,0,0,21,1,nginx,0,html,1,1,0,0,5,0,1,1,1,1,1,3,1,9,1,1,1,3,0,0,1,1,1,5,0,0,1,1,1,17,8,7,2,1,110,100,10,1,12,1,7,1,3,1,1,7,1,0,1,0,0,0,0,0,0,0,0,1,0,0,0,0,0,0,0,0,0,0,0,0,0,0,1.0,1.0,1.0,0,0,0,1,2,1,1,2,1,3,0,6,110,4,0,0,0,0,0,0,0,3.0,0.00048388933166344073,0.625,0.4838893316634408,0,,multi_full_20260502_195038_0001,2026-05-02T21:42:21.412485,https://www.sidefx.com/profile/afermier/,https://www.sidefx.com/,False,https://www.sidefx.com/profile/afermier/,https://www.sidefx.com/,https://www.sidefx.com/profile/afermier/,recon_page,2026-05-02T21:42:21.470948
40,1,2,0,0,0,0,1,0,14,0,com,200,2,29428,1011.442,0,0,21,1,nginx,0,html,1,1,0,0,5,0,1,1,1,1,1,3,1,9,1,1,1,3,0,0,1,1,1,5,0,0,1,1,1,15,7,6,2,1,106,96,10,1,6,1,7,1,2,1,1,7,1,0,1,0,0,0,0,0,0,0,0,1,0,0,0,0,0,0,0,0,0,0,0,0,0,0,1.0,1.0,1.0,0,0,0,1,2,1,1,2,1,3,0,6,104,3,0,0,0,0,0,0,0,3.0,0.0005097186353133071,0.625,0.577681120021748,0,,multi_full_20260502_195038_0001,2026-05-02T21:42:21.433991,https://www.sidefx.com/profile/chimiart/,https://www.sidefx.com/,False,https://www.sidefx.com/profile/chimiart/,https://www.sidefx.com/,https://www.sidefx.com/profile/chimiart/,recon_page,2026-05-02T21:42:21.503623
35,1,2,0,0,0,0,1,0,14,0,com,200,2,37412,978.6460000000001,0,0,21,1,nginx,0,html,1,1,0,0,5,0,1,1,1,1,1,3,1,9,1,1,1,3,0,0,1,1,1,5,0,0,1,1,1,17,8,7,2,1,111,100,11,1,7,1,7,1,3,1,1,7,1,0,1,0,0,0,0,0,0,0,0,1,0,0,0,0,0,0,0,0,0,0,0,0,0,0,1.0,1.0,1.0,0,0,0,1,2,1,1,2,1,3,0,6,111,4,0,0,0,0,0,0,0,3.0,0.000454399657863787,0.625,0.45439965786378705,0,,multi_full_20260502_195038_0001,2026-05-02T21:42:21.495730,https://www.sidefx.com/profile/gou/,https://www.sidefx.com/,False,https://www.sidefx.com/profile/gou/,https://www.sidefx.com/,https://www.sidefx.com/profile/gou/,recon_page,2026-05-02T21:42:21.515785
55,1,2,0,0,0,0,1,0,14,0,com,200,2,46825,944.871,0,0,21,1,nginx,0,html,1,1,0,0,5,0,1,1,1,1,1,3,1,9,1,1,1,3,0,0,1,1,1,5,0,0,1,1,1,17,8,7,2,1,134,114,20,1,19,1,7,1,3,1,1,7,1,0,1,0,0,0,0,0,0,0,0,1,0,0,0,0,0,0,0,0,0,0,0,0,0,0,1.0,1.0,1.0,0,0,0,1,2,1,1,2,1,3,0,6,134,5,0,0,0,0,0,0,0,3.0,0.0003630539241857982,0.625,0.3630539241857982,0,,multi_full_20260502_195038_0001,2026-05-02T21:42:21.497742,https://www.sidefx.com/profile/ResilientPictureCompany/,https://www.sidefx.com/,False,https://www.sidefx.com/profile/ResilientPictureCompany/,https://www.sidefx.com/,https://www.sidefx.com/profile/ResilientPictureCompany/,recon_page,2026-05-02T21:42:21.517433
36,1,2,0,0,0,0,1,0,14,0,com,200,2,40099,851.773,0,0,21,1,nginx,0,html,1,1,0,0,5,0,1,1,1,1,1,3,1,9,1,1,1,3,0,0,1,1,1,5,0,0,1,1,1,17,8,7,2,1,118,105,13,1,11,1,7,1,3,1,1,7,1,0,1,0,0,0,0,0,0,0,0,1,0,0,0,0,0,0,0,0,0,0,0,0,0,0,1.0,1.0,1.0,0,0,0,1,2,1,1,2,1,3,0,6,118,4,0,0,0,0,0,0,0,3.0,0.0004239507219631412,0.625,0.42395072196314126,0,,multi_full_20260502_195038_0001,2026-05-02T21:42:21.515552,https://www.sidefx.com/profile/LEGA/,https://www.sidefx.com/,False,https://www.sidefx.com/profile/LEGA/,https://www.sidefx.com/,https://www.sidefx.com/profile/LEGA/,recon_page,2026-05-02T21:42:21.522084
73,1,2,1,1,0,0,1,0,14,0,com,200,2,23172,223.586,0,0,20,0,unknown,0,html,1,3,0,1,5,0,1,1,0,1,0,0,0,0,0,0,0,0,0,0,0,0,0,0,0,0,0,0,1,5,4,0,1,0,0,0,0,0,0,1,10,0,0,1,1,1,1,0,0,0,0,1,0,0,0,0,1,1,0,0,0,0,0,0,0,0,0,0,0,0,0,0,1.0,1.0,1.0,0,0,0,0,0,0,0,0,0,0,0,0,1,0,0,0,0,0,0,0,0,0.0,0.00021577766269635767,0.625,0.0,0,,multi_full_20260502_195038_0001,2026-05-02T21:42:32.444905,https://www.sidefx.com/login/microsoft-graph/?next=/products/houdini/vfx/,https://www.sidefx.com/,False,https://www.sidefx.com/login/microsoft-graph/?next=/products/houdini/vfx/,https://www.sidefx.com/,https://www.sidefx.com/login/microsoft-graph/?next=/products/houdini/vfx/,recon_page,2026-05-02T21:42:32.501944
41,1,2,0,0,0,0,1,0,14,0,com,200,2,37711,326.717,0,0,21,1,nginx,0,html,1,1,0,0,5,0,1,1,1,1,1,3,1,9,1,1,1,3,0,0,1,1,1,5,0,0,1,1,1,17,8,7,2,1,114,100,14,1,7,1,7,1,3,1,1,7,1,0,1,0,0,0,0,0,0,0,0,1,0,0,0,0,0,0,0,0,0,0,0,0,0,0,1.0,1.0,1.0,0,0,0,1,2,1,1,2,1,3,0,6,114,4,0,0,0,0,0,0,0,3.0,0.00045079684972554427,0.625,0.4507968497255443,0,,multi_full_20260502_195038_0001,2026-05-02T21:42:32.716770,https://www.sidefx.com/profile/zakkatara/,https://www.sidefx.com/,False,https://www.sidefx.com/profile/zakkatara/,https://www.sidefx.com/,https://www.sidefx.com/profile/zakkatara/,recon_page,2026-05-02T21:42:32.721907
71,1,2,1,1,0,0,1,0,14,0,com,200,2,1230401,212.005,0,0,23,1,ESF,0,html,0,0,0,1,7,1,1,1,1,1,0,0,0,0,0,0,0,0,0,0,0,0,0,0,0,0,0,0,1,4,4,0,0,1,1,0,1,0,0,1,1,0,0,1,0,0,0,0,0,0,0,0,0,0,0,0,0,1,0,0,0,0,0,0,0,0,0,0,0,0,0,0,0.0,0.0,0.0,0,0,0,0,0,0,0,0,0,0,0,0,1,0,0,0,0,0,0,0,1,0.0,3.2509726503798354e-06,0.875,0.0,0,,multi_full_20260502_195038_0001,2026-05-02T21:43:01.077419,https://www.sidefx.com/login/google-oauth2/?next=/products/houdini/vfx/,https://www.sidefx.com/,False,https://www.sidefx.com/login/google-oauth2/?next=/products/houdini/vfx/,https://www.sidefx.com/,https://www.sidefx.com/login/google-oauth2/?next=/products/houdini/vfx/,recon_page,2026-05-02T21:43:01.088818
59,1,4,0,0,0,0,1,0,14,0,com,200,2,98273,1058.9850000000001,0,0,20,1,nginx,0,html,1,1,0,0,5,0,1,1,1,1,1,3,1,9,1,1,1,3,0,0,1,1,1,7,0,0,1,1,1,21,9,10,2,1,145,125,20,1,16,1,7,1,8,1,1,11,1,0,1,0,0,0,0,0,0,0,0,1,0,0,0,0,0,0,0,0,0,0,0,0,0,0,1.0,1.0,1.0,0,0,0,1,2,1,1,2,1,3,0,6,144,4,0,0,0,0,0,0,0,3.0,0.0002136904337915806,0.625,0.19333896390666816,0,,multi_full_20260502_195038_0001,2026-05-02T21:43:55.297932,https://www.sidefx.com/products/houdini/vfx/destruction-fx/,https://www.sidefx.com/,False,https://www.sidefx.com/products/houdini/vfx/destruction-fx/,https://www.sidefx.com/,https://www.sidefx.com/products/houdini/vfx/destruction-fx/,recon_page,2026-05-02T21:43:55.303263
52,1,4,0,0,0,0,1,0,14,0,com,200,2,204763,495.08799999999997,0,0,20,1,nginx,0,html,1,1,0,0,5,0,1,1,1,1,1,3,1,9,1,1,1,3,0,0,1,1,1,11,0,0,1,1,1,23,11,10,2,1,142,117,25,1,21,1,7,1,8,1,1,11,1,0,1,0,0,0,0,0,0,0,0,1,0,0,0,0,0,0,0,0,0,0,0,0,0,0,1.0,1.0,1.0,0,0,0,1,2,1,1,2,1,3,0,6,141,4,0,0,0,0,0,0,0,3.0,0.00011232498058731313,0.625,0.11232498058731313,0,,multi_full_20260502_195038_0001,2026-05-02T21:44:32.005689,https://www.sidefx.com/products/houdini/vfx/pyro-fx/,https://www.sidefx.com/,False,https://www.sidefx.com/products/houdini/vfx/pyro-fx/,https://www.sidefx.com/,https://www.sidefx.com/products/houdini/vfx/pyro-fx/,recon_page,2026-05-02T21:44:32.027051
56,1,4,0,0,0,0,1,0,14,0,com,200,2,95766,951.4129999999999,0,0,20,1,nginx,0,html,1,1,0,0,5,0,1,1,1,1,1,3,1,9,1,1,1,3,0,0,1,1,1,7,0,0,1,1,1,21,9,10,2,1,136,117,19,1,13,1,7,1,8,1,1,11,1,0,1,0,0,0,0,0,0,0,0,1,0,0,0,0,0,0,0,0,0,0,0,0,0,0,1.0,1.0,1.0,0,0,0,1,2,1,1,2,1,3,0,6,134,4,0,0,0,0,0,0,0,3.0,0.00021928450598333437,0.625,0.1984002673182549,0,,multi_full_20260502_195038_0001,2026-05-02T21:44:32.273830,https://www.sidefx.com/products/houdini/vfx/realtime-fx/,https://www.sidefx.com/,False,https://www.sidefx.com/products/houdini/vfx/realtime-fx/,https://www.sidefx.com/,https://www.sidefx.com/products/houdini/vfx/realtime-fx/,recon_page,2026-05-02T21:44:32.298965
57,1,1,1,1,0,0,1,0,14,0,com,200,2,29847,730.05,0,0,23,1,nginx,0,html,1,2,0,1,6,0,1,1,1,1,1,4,1,15,1,2,1,5,0,0,1,1,1,7,0,0,1,1,1,11,5,6,0,1,111,101,10,1,5,1,7,1,2,1,1,2,1,0,1,0,0,0,0,0,0,0,0,1,0,0,0,0,0,0,1,0,0,0,0,0,0,0,1.0,1.0,1.0,0,0,0,1,3,1,2,3,1,4,0,9,103,6,0,0,0,0,0,0,0,3.75,0.0003685462525546956,0.75,0.8711093242201896,0,,multi_full_20260502_195038_0001,2026-05-02T21:45:46.249205,https://www.sidefx.com/login/?next=/products/houdini/vfx/,https://www.sidefx.com/,False,https://www.sidefx.com/login/?next=/products/houdini/vfx/,https://www.sidefx.com/,https://www.sidefx.com/login/?next=/products/houdini/vfx/,recon_page,2026-05-02T21:45:46.255908
87,1,1,1,1,0,0,1,0,14,0,com,200,2,29847,791.438,0,0,23,1,nginx,0,html,1,2,0,1,6,0,1,1,1,1,1,4,1,15,1,2,1,5,0,0,1,1,1,7,0,0,1,1,1,11,5,6,0,1,111,101,10,1,5,1,7,1,2,1,1,2,1,0,1,0,0,0,0,0,0,0,0,1,0,0,0,0,0,0,0,0,0,0,0,0,0,0,1.0,1.0,1.0,0,0,0,1,3,1,2,3,1,4,0,9,103,6,0,0,0,0,0,0,0,3.75,0.0003685462525546956,0.75,0.8711093242201896,0,,multi_full_20260502_195038_0001,2026-05-02T21:45:46.597493,https://www.sidefx.com/login/?next=/learn/talks/xk-studio-forward-festival-vienna-2025/,https://www.sidefx.com/,False,https://www.sidefx.com/login/?next=/learn/talks/xk-studio-forward-festival-vienna-2025/,https://www.sidefx.com/,https://www.sidefx.com/login/?next=/learn/talks/xk-studio-forward-festival-vienna-2025/,recon_page,2026-05-02T21:45:46.603025
51,1,4,0,0,0,0,1,0,14,0,com,200,2,95255,937.696,0,0,20,1,nginx,0,html,1,1,0,0,5,0,1,1,1,1,1,3,1,9,1,1,1,3,0,0,1,1,1,7,0,0,1,1,1,21,9,10,2,1,140,122,18,1,17,1,7,1,7,1,1,11,1,0,1,0,0,0,0,0,0,0,0,1,0,0,0,0,0,0,0,0,0,0,0,0,0,0,1.0,1.0,1.0,0,0,0,1,2,1,1,2,1,3,0,6,140,3,0,0,0,0,0,0,0,3.0,0.00022046086819589524,0.625,0.1994645950343814,0,,multi_full_20260502_195038_0001,2026-05-02T21:45:46.924291,https://www.sidefx.com/products/houdini/vfx/vellum/,https://www.sidefx.com/,False,https://www.sidefx.com/products/houdini/vfx/vellum/,https://www.sidefx.com/,https://www.sidefx.com/products/houdini/vfx/vellum/,recon_page,2026-05-02T21:45:46.931524
53,1,4,0,0,0,0,1,0,14,0,com,200,2,151712,891.5840000000001,0,0,20,1,nginx,0,html,1,1,0,0,5,0,1,1,1,1,1,3,1,9,1,1,1,3,0,0,1,1,1,9,0,0,1,1,1,22,10,10,2,1,142,121,21,1,17,1,7,1,8,1,1,11,1,0,1,0,0,0,0,0,0,0,0,1,0,0,0,0,0,0,0,0,0,0,0,0,0,0,1.0,1.0,1.0,0,0,0,1,2,1,1,2,1,3,0,6,142,3,0,0,0,0,0,0,0,3.0,0.00014501160092807424,0.625,0.1384201645222527,0,,multi_full_20260502_195038_0001,2026-05-02T21:45:47.222004,https://www.sidefx.com/products/houdini/vfx/fluid-fx/,https://www.sidefx.com/,False,https://www.sidefx.com/products/houdini/vfx/fluid-fx/,https://www.sidefx.com/,https://www.sidefx.com/products/houdini/vfx/fluid-fx/,recon_page,2026-05-02T21:45:47.226289
101,1,2,1,1,0,0,1,0,14,0,com,200,2,1230047,202.279,0,0,23,1,ESF,0,html,0,0,0,1,7,1,1,1,1,1,0,0,0,0,0,0,0,0,0,0,0,0,0,0,0,0,0,0,1,4,4,0,0,1,1,0,1,0,0,1,1,0,0,1,0,0,0,0,0,0,0,0,0,0,0,0,0,1,0,0,0,0,0,0,0,0,0,0,0,0,0,0,0.0,0.0,0.0,0,0,0,0,0,0,0,0,0,0,0,0,1,0,0,0,0,0,0,0,1,0.0,3.2519082604160656e-06,0.875,0.0,0,,multi_full_20260502_195038_0001,2026-05-02T21:45:47.888975,https://www.sidefx.com/login/google-oauth2/?next=/learn/talks/xk-studio-forward-festival-vienna-2025/,https://www.sidefx.com/,False,https://www.sidefx.com/login/google-oauth2/?next=/learn/talks/xk-studio-forward-festival-vienna-2025/,https://www.sidefx.com/,https://www.sidefx.com/login/google-oauth2/?next=/learn/talks/xk-studio-forward-festival-vienna-2025/,recon_page,2026-05-02T21:45:47.947473
100,1,2,1,1,0,0,1,0,14,0,com,200,2,54318,979.4920000000001,0,0,20,1,ATS,0,html,1,1,0,1,7,1,1,1,1,1,0,0,0,0,0,0,0,0,0,0,0,0,0,0,0,0,0,0,1,38,14,0,24,1,14,0,14,0,0,1,7,1,6,1,1,4,1,0,0,0,0,0,0,0,0,0,0,1,0,0,0,0,0,0,0,0,0,0,0,0,0,0,1.0,1.0,0.0,0,0,0,0,0,0,0,0,0,0,0,0,36,0,0,0,0,0,0,0,0,0.0,0.000699583931661696,0.875,0.0,0,,multi_full_20260502_195038_0001,2026-05-02T21:45:49.775233,https://www.sidefx.com/login/yahoo-oauth2/?next=/learn/talks/xk-studio-forward-festival-vienna-2025/,https://www.sidefx.com/,False,https://www.sidefx.com/login/yahoo-oauth2/?next=/learn/talks/xk-studio-forward-festival-vienna-2025/,https://www.sidefx.com/,https://www.sidefx.com/login/yahoo-oauth2/?next=/learn/talks/xk-studio-forward-festival-vienna-2025/,recon_page,2026-05-02T21:45:49.817610
48,1,4,0,0,0,0,1,0,14,0,com,200,2,211233,3566.018,0,0,20,1,nginx,0,html,1,1,0,0,5,0,1,1,1,1,1,3,1,9,1,1,1,3,0,0,1,1,1,11,0,0,1,1,1,23,11,10,2,1,154,123,31,1,30,1,7,1,8,1,1,11,1,0,1,0,0,0,0,0,0,0,0,1,0,0,0,0,0,0,0,0,0,0,0,0,0,0,1.0,1.0,1.0,0,0,0,1,2,1,1,2,1,3,0,6,154,3,0,0,0,0,0,0,0,3.0,0.00010888450194808577,0.625,0.10888450194808576,0,,multi_full_20260502_195038_0001,2026-05-02T21:45:50.243786,https://www.sidefx.com/products/houdini/vfx/mpm/,https://www.sidefx.com/,False,https://www.sidefx.com/products/houdini/vfx/mpm/,https://www.sidefx.com/,https://www.sidefx.com/products/houdini/vfx/mpm/,recon_page,2026-05-02T21:45:50.246987
70,1,2,1,1,0,0,1,0,14,0,com,200,2,54318,343.271,0,0,20,1,ATS,0,html,1,1,0,1,7,1,1,1,1,1,0,0,0,0,0,0,0,0,0,0,0,0,0,0,0,0,0,0,1,38,14,0,24,1,14,0,14,0,0,1,7,1,6,1,1,4,1,0,0,0,0,0,0,0,0,0,0,1,0,0,0,0,0,0,0,0,0,0,0,0,0,0,1.0,1.0,0.0,0,0,0,0,0,0,0,0,0,0,0,0,36,0,0,0,0,0,0,0,0,0.0,0.000699583931661696,0.875,0.0,0,,multi_full_20260502_195038_0001,2026-05-02T21:45:50.717472,https://www.sidefx.com/login/yahoo-oauth2/?next=/products/houdini/vfx/,https://www.sidefx.com/,False,https://www.sidefx.com/login/yahoo-oauth2/?next=/products/houdini/vfx/,https://www.sidefx.com/,https://www.sidefx.com/login/yahoo-oauth2/?next=/products/houdini/vfx/,recon_page,2026-05-02T21:45:50.723793
103,1,2,1,1,0,0,1,0,14,0,com,200,2,23160,796.53,0,0,20,0,unknown,0,html,1,3,0,1,5,0,1,1,0,1,0,0,0,0,0,0,0,0,0,0,0,0,0,0,0,0,0,0,1,5,4,0,1,0,0,0,0,0,0,1,10,0,0,1,1,1,1,0,0,0,0,1,0,0,0,0,1,1,0,0,0,0,0,0,0,0,0,0,0,0,0,0,1.0,1.0,1.0,0,0,0,0,0,0,0,0,0,0,0,0,1,0,0,0,0,0,0,0,0,0.0,0.0002158894645941278,0.625,0.0,0,,multi_full_20260502_195038_0001,2026-05-02T21:46:05.355470,https://www.sidefx.com/login/microsoft-graph/?next=/learn/talks/xk-studio-forward-festival-vienna-2025/,https://www.sidefx.com/,False,https://www.sidefx.com/login/microsoft-graph/?next=/learn/talks/xk-studio-forward-festival-vienna-2025/,https://www.sidefx.com/,https://www.sidefx.com/login/microsoft-graph/?next=/learn/talks/xk-studio-forward-festival-vienna-2025/,recon_page,2026-05-02T21:46:05.359480
48,1,2,0,0,0,0,1,0,14,0,com,200,2,59995,532.0749999999999,0,0,21,1,nginx,0,html,1,1,0,0,5,0,1,1,1,1,1,9,1,87,1,1,1,63,0,0,1,1,1,11,1,6,1,1,1,19,10,7,2,1,126,116,10,1,17,1,7,1,3,1,1,14,1,0,1,0,0,0,0,0,0,0,0,1,0,0,0,0,0,0,0,0,0,0,0,0,0,0,1.0,1.0,1.0,0,0,0,1,8,1,7,8,1,9,0,17,129,4,0,0,0,0,0,0,0,9.666666666666666,0.0003166930577548129,0.625,1.783481956829736,0,,multi_full_20260502_195038_0001,2026-05-02T21:47:01.691246,https://www.sidefx.com/contentlibrary/harry-rig/,https://www.sidefx.com/,False,https://www.sidefx.com/contentlibrary/harry-rig/,https://www.sidefx.com/,https://www.sidefx.com/contentlibrary/harry-rig/,recon_page,2026-05-02T21:47:01.694736
70,1,1,1,1,0,0,1,0,14,0,com,200,2,29847,274.172,0,0,23,1,nginx,0,html,1,2,0,1,6,0,1,1,1,1,1,4,1,15,1,2,1,5,0,0,1,1,1,7,0,0,1,1,1,11,5,6,0,1,111,101,10,1,5,1,7,1,2,1,1,2,1,0,1,0,0,0,0,0,0,0,0,1,0,0,0,0,0,0,1,0,0,0,0,0,0,0,1.0,1.0,1.0,0,0,0,1,3,1,2,3,1,4,0,9,103,6,0,0,0,0,0,0,0,3.75,0.0003685462525546956,0.75,0.8711093242201896,0,,multi_full_20260502_195038_0001,2026-05-02T21:47:24.223532,https://www.sidefx.com/login/?next=/products/whats-new-in-h21/rigging/,https://www.sidefx.com/,False,https://www.sidefx.com/login/?next=/products/whats-new-in-h21/rigging/,https://www.sidefx.com/,https://www.sidefx.com/login/?next=/products/whats-new-in-h21/rigging/,recon_page,2026-05-02T21:47:24.228021
86,1,2,1,1,0,0,1,0,14,0,com,200,2,23267,224.45399999999998,0,0,20,0,unknown,0,html,1,3,0,1,5,0,1,1,0,1,0,0,0,0,0,0,0,0,0,0,0,0,0,0,0,0,0,0,1,5,4,0,1,0,0,0,0,0,0,1,10,0,0,1,1,1,1,0,0,0,0,1,0,0,0,0,1,1,0,0,0,0,0,0,0,0,0,0,0,0,0,0,1.0,1.0,1.0,0,0,0,0,0,0,0,0,0,0,0,0,1,0,0,0,0,0,0,0,0,0.0,0.0002148966347187003,0.625,0.0,0,,multi_full_20260502_195038_0001,2026-05-02T21:47:48.965987,https://www.sidefx.com/login/microsoft-graph/?next=/products/whats-new-in-h21/rigging/,https://www.sidefx.com/,False,https://www.sidefx.com/login/microsoft-graph/?next=/products/whats-new-in-h21/rigging/,https://www.sidefx.com/,https://www.sidefx.com/login/microsoft-graph/?next=/products/whats-new-in-h21/rigging/,recon_page,2026-05-02T21:47:48.969664
49,1,2,0,0,0,0,1,0,14,0,com,200,2,56188,560.1460000000001,0,0,21,1,nginx,0,html,1,1,0,0,5,0,1,1,1,1,1,8,1,74,1,1,1,53,0,0,1,1,1,10,1,5,1,1,1,19,10,7,2,1,124,114,10,1,16,1,7,1,3,1,1,14,1,0,1,0,0,0,0,0,0,0,0,1,0,0,0,0,0,0,0,0,0,0,0,0,0,0,1.0,1.0,1.0,0,0,0,1,7,1,6,7,1,8,0,17,125,4,0,0,0,0,0,0,0,9.25,0.000338150494767566,0.625,1.6373602904534776,0,,multi_full_20260502_195038_0001,2026-05-02T21:47:58.537534,https://www.sidefx.com/contentlibrary/pirate-rig/,https://www.sidefx.com/,False,https://www.sidefx.com/contentlibrary/pirate-rig/,https://www.sidefx.com/,https://www.sidefx.com/contentlibrary/pirate-rig/,recon_page,2026-05-02T21:47:58.540661
83,1,2,1,1,0,0,1,0,14,0,com,200,2,54318,716.39,0,0,20,1,ATS,0,html,1,1,0,1,7,1,1,1,1,1,0,0,0,0,0,0,0,0,0,0,0,0,0,0,0,0,0,0,1,38,14,0,24,1,14,0,14,0,0,1,7,1,6,1,1,4,1,0,0,0,0,0,0,0,0,0,0,1,0,0,0,0,0,0,0,0,0,0,0,0,0,0,1.0,1.0,0.0,0,0,0,0,0,0,0,0,0,0,0,0,36,0,0,0,0,0,0,0,0,0.0,0.000699583931661696,0.875,0.0,0,,multi_full_20260502_195038_0001,2026-05-02T21:48:17.260779,https://www.sidefx.com/login/yahoo-oauth2/?next=/products/whats-new-in-h21/rigging/,https://www.sidefx.com/,False,https://www.sidefx.com/login/yahoo-oauth2/?next=/products/whats-new-in-h21/rigging/,https://www.sidefx.com/,https://www.sidefx.com/login/yahoo-oauth2/?next=/products/whats-new-in-h21/rigging/,recon_page,2026-05-02T21:48:17.325352
84,1,2,1,1,0,0,1,0,14,0,com,200,2,1230166,226.49800000000002,0,0,23,1,ESF,0,html,0,0,0,1,7,1,1,1,1,1,0,0,0,0,0,0,0,0,0,0,0,0,0,0,0,0,0,0,1,4,4,0,0,1,1,0,1,0,0,1,1,0,0,1,0,0,0,0,0,0,0,0,0,0,0,0,0,1,0,0,0,0,0,0,0,0,0,0,0,0,0,0,0.0,0.0,0.0,0,0,0,0,0,0,0,0,0,0,0,0,1,0,0,0,0,0,0,0,1,0.0,3.2515936873560156e-06,0.875,0.0,0,,multi_full_20260502_195038_0001,2026-05-02T21:48:35.518075,https://www.sidefx.com/login/google-oauth2/?next=/products/whats-new-in-h21/rigging/,https://www.sidefx.com/,False,https://www.sidefx.com/login/google-oauth2/?next=/products/whats-new-in-h21/rigging/,https://www.sidefx.com/,https://www.sidefx.com/login/google-oauth2/?next=/products/whats-new-in-h21/rigging/,recon_page,2026-05-02T21:48:35.522639
84,1,2,1,1,0,0,1,0,14,0,com,200,2,1230333,220.364,0,0,23,1,ESF,0,html,0,0,0,1,7,1,1,1,1,1,0,0,0,0,0,0,0,0,0,0,0,0,0,0,0,0,0,0,1,4,4,0,0,1,1,0,1,0,0,1,1,0,0,1,0,0,0,0,0,0,0,0,0,0,0,0,0,1,0,0,0,0,0,0,0,0,0,0,0,0,0,0,0.0,0.0,0.0,0,0,0,0,0,0,0,0,0,0,0,0,1,0,0,0,0,0,0,0,1,0.0,3.251152330304072e-06,0.875,0.0,0,,multi_full_20260502_195038_0001,2026-05-02T21:48:46.124536,https://www.sidefx.com/login/google-oauth2/?next=/products/whats-new-in-h21/lookdev/,https://www.sidefx.com/,False,https://www.sidefx.com/login/google-oauth2/?next=/products/whats-new-in-h21/lookdev/,https://www.sidefx.com/,https://www.sidefx.com/login/google-oauth2/?next=/products/whats-new-in-h21/lookdev/,recon_page,2026-05-02T21:48:46.131045
86,1,2,1,1,0,0,1,0,14,0,com,200,2,23173,189.39000000000001,0,0,20,0,unknown,0,html,1,3,0,1,5,0,1,1,0,1,0,0,0,0,0,0,0,0,0,0,0,0,0,0,0,0,0,0,1,5,4,0,1,0,0,0,0,0,0,1,10,0,0,1,1,1,1,0,0,0,0,1,0,0,0,0,1,1,0,0,0,0,0,0,0,0,0,0,0,0,0,0,1.0,1.0,1.0,0,0,0,0,0,0,0,0,0,0,0,0,1,0,0,0,0,0,0,0,0,0.0,0.0002157683510982609,0.625,0.0,0,,multi_full_20260502_195038_0001,2026-05-02T21:49:05.332033,https://www.sidefx.com/login/microsoft-graph/?next=/products/whats-new-in-h21/lookdev/,https://www.sidefx.com/,False,https://www.sidefx.com/login/microsoft-graph/?next=/products/whats-new-in-h21/lookdev/,https://www.sidefx.com/,https://www.sidefx.com/login/microsoft-graph/?next=/products/whats-new-in-h21/lookdev/,recon_page,2026-05-02T21:49:05.335262
70,1,1,1,1,0,0,1,0,14,0,com,200,2,29847,265.007,0,0,23,1,nginx,0,html,1,2,0,1,6,0,1,1,1,1,1,4,1,15,1,2,1,5,0,0,1,1,1,7,0,0,1,1,1,11,5,6,0,1,111,101,10,1,5,1,7,1,2,1,1,2,1,0,1,0,0,0,0,0,0,0,0,1,0,0,0,0,0,0,1,0,0,0,0,0,0,0,1.0,1.0,1.0,0,0,0,1,3,1,2,3,1,4,0,9,103,6,0,0,0,0,0,0,0,3.75,0.0003685462525546956,0.75,0.8711093242201896,0,,multi_full_20260502_195038_0001,2026-05-02T21:49:25.014126,https://www.sidefx.com/login/?next=/products/whats-new-in-h21/lookdev/,https://www.sidefx.com/,False,https://www.sidefx.com/login/?next=/products/whats-new-in-h21/lookdev/,https://www.sidefx.com/,https://www.sidefx.com/login/?next=/products/whats-new-in-h21/lookdev/,recon_page,2026-05-02T21:49:25.045165
47,1,1,0,0,0,0,1,0,14,0,com,404,4,25,1038.8619999999999,0,0,19,1,nginx,0,html,0,0,0,0,5,0,1,1,1,1,0,0,0,0,0,0,0,0,0,0,0,0,0,0,0,0,0,0,0,0,0,0,0,0,0,0,0,0,0,0,0,0,0,0,0,0,0,0,1,0,0,0,0,0,0,0,0,1,0,0,0,0,0,0,0,0,0,0,0,0,0,0,0.0,0.0,0.0,0,0,0,0,0,0,0,0,0,0,0,0,0,0,0,0,0,0,0,0,0,0.0,0.0,0.625,0.0,0,,multi_full_20260502_195038_0001,2026-05-02T21:49:58.521416,https://www.sidefx.com/77kkGGURJz1KedoBKzUIw==/,https://www.sidefx.com/,False,https://www.sidefx.com/77kkGGURJz1KedoBKzUIw==/,https://www.sidefx.com/,https://www.sidefx.com/77kkGGURJz1KedoBKzUIw==/,recon_page,2026-05-02T21:49:58.528486
72,1,1,1,1,0,0,1,0,14,0,com,200,2,29847,909.2059999999999,0,0,23,1,nginx,0,html,1,2,0,1,6,0,1,1,1,1,1,4,1,15,1,2,1,5,0,0,1,1,1,7,0,0,1,1,1,11,5,6,0,1,111,101,10,1,5,1,7,1,2,1,1,2,1,0,1,0,0,0,0,0,0,0,0,1,0,0,0,0,0,0,1,0,0,0,0,0,0,0,1.0,1.0,1.0,0,0,0,1,3,1,2,3,1,4,0,9,103,6,0,0,0,0,0,0,0,3.75,0.0003685462525546956,0.75,0.8711093242201896,0,,multi_full_20260502_195038_0001,2026-05-02T21:49:58.857867,https://www.sidefx.com/login/?next=/products/whats-new-in-h21/animation/,https://www.sidefx.com/,False,https://www.sidefx.com/login/?next=/products/whats-new-in-h21/animation/,https://www.sidefx.com/,https://www.sidefx.com/login/?next=/products/whats-new-in-h21/animation/,recon_page,2026-05-02T21:49:58.868681
95,1,2,1,1,0,0,1,0,14,0,com,200,2,23175,226.996,0,0,20,0,unknown,0,html,1,3,0,1,5,0,1,1,0,1,0,0,0,0,0,0,0,0,0,0,0,0,0,0,0,0,0,0,1,5,4,0,1,0,0,0,0,0,0,1,10,0,0,1,1,1,1,0,0,0,0,1,0,0,0,0,1,1,0,0,0,0,0,0,0,0,0,0,0,0,0,0,1.0,1.0,1.0,0,0,0,0,0,0,0,0,0,0,0,0,1,0,0,0,0,0,0,0,0,0.0,0.0002157497303128371,0.625,0.0,0,,multi_full_20260502_195038_0001,2026-05-02T21:49:58.811168,https://www.sidefx.com/login/microsoft-graph/?next=/gallery/earth-explosion-simulation-houdini/,https://www.sidefx.com/,False,https://www.sidefx.com/login/microsoft-graph/?next=/gallery/earth-explosion-simulation-houdini/,https://www.sidefx.com/,https://www.sidefx.com/login/microsoft-graph/?next=/gallery/earth-explosion-simulation-houdini/,recon_page,2026-05-02T21:49:58.868052
79,1,1,1,1,0,0,1,0,14,0,com,200,2,29847,1005.164,0,0,23,1,nginx,0,html,1,2,0,1,6,0,1,1,1,1,1,4,1,15,1,2,1,5,0,0,1,1,1,7,0,0,1,1,1,11,5,6,0,1,111,101,10,1,5,1,7,1,2,1,1,2,1,0,1,0,0,0,0,0,0,0,0,1,0,0,0,0,0,0,0,0,0,0,0,0,0,0,1.0,1.0,1.0,0,0,0,1,3,1,2,3,1,4,0,9,103,6,0,0,0,0,0,0,0,3.75,0.0003685462525546956,0.75,0.8711093242201896,0,,multi_full_20260502_195038_0001,2026-05-02T21:49:58.867686,https://www.sidefx.com/login/?next=/gallery/earth-explosion-simulation-houdini/,https://www.sidefx.com/,False,https://www.sidefx.com/login/?next=/gallery/earth-explosion-simulation-houdini/,https://www.sidefx.com/,https://www.sidefx.com/login/?next=/gallery/earth-explosion-simulation-houdini/,recon_page,2026-05-02T21:49:58.872756
41,1,2,0,0,0,0,1,0,14,0,com,200,2,40499,1027.345,0,0,21,1,nginx,0,html,1,1,0,0,5,0,1,1,1,1,1,3,1,9,1,1,1,3,0,0,1,1,1,5,0,0,1,1,1,17,8,7,2,1,118,103,15,1,13,1,7,1,3,1,1,7,1,0,1,0,0,0,0,0,0,0,0,1,0,0,0,0,0,0,0,0,0,0,0,0,0,0,1.0,1.0,1.0,0,0,0,1,2,1,1,2,1,3,0,6,118,3,0,2,0,0,0,0,0,3.0,0.00041976345094940615,0.625,0.41976345094940615,0,,multi_full_20260502_195038_0001,2026-05-02T21:49:59.154215,https://www.sidefx.com/profile/kosteikov/,https://www.sidefx.com/,False,https://www.sidefx.com/profile/kosteikov/,https://www.sidefx.com/,https://www.sidefx.com/profile/kosteikov/,recon_page,2026-05-02T21:49:59.160069
83,1,2,1,1,0,0,1,0,14,0,com,200,2,54318,346.448,0,0,20,1,ATS,0,html,1,1,0,1,7,1,1,1,1,1,0,0,0,0,0,0,0,0,0,0,0,0,0,0,0,0,0,0,1,38,14,0,24,1,14,0,14,0,0,1,7,1,6,1,1,4,1,0,0,0,0,0,0,0,0,0,0,1,0,0,0,0,0,0,0,0,0,0,0,0,0,0,1.0,1.0,0.0,0,0,0,0,0,0,0,0,0,0,0,0,36,0,0,0,0,0,0,0,0,0.0,0.000699583931661696,0.875,0.0,0,,multi_full_20260502_195038_0001,2026-05-02T21:49:59.639027,https://www.sidefx.com/login/yahoo-oauth2/?next=/products/whats-new-in-h21/lookdev/,https://www.sidefx.com/,False,https://www.sidefx.com/login/yahoo-oauth2/?next=/products/whats-new-in-h21/lookdev/,https://www.sidefx.com/,https://www.sidefx.com/login/yahoo-oauth2/?next=/products/whats-new-in-h21/lookdev/,recon_page,2026-05-02T21:49:59.645448
93,1,2,1,1,0,0,1,0,14,0,com,200,2,1230279,252.511,0,0,23,1,ESF,0,html,0,0,0,1,7,1,1,1,1,1,0,0,0,0,0,0,0,0,0,0,0,0,0,0,0,0,0,0,1,4,4,0,0,1,1,0,1,0,0,1,1,0,0,1,0,0,0,0,0,0,0,0,0,0,0,0,0,1,0,0,0,0,0,0,0,0,0,0,0,0,0,0,0.0,0.0,0.0,0,0,0,0,0,0,0,0,0,0,0,0,1,0,0,0,0,0,0,0,1,0.0,3.251295031452215e-06,0.875,0.0,0,,multi_full_20260502_195038_0001,2026-05-02T21:50:00.195714,https://www.sidefx.com/login/google-oauth2/?next=/gallery/earth-explosion-simulation-houdini/,https://www.sidefx.com/,False,https://www.sidefx.com/login/google-oauth2/?next=/gallery/earth-explosion-simulation-houdini/,https://www.sidefx.com/,https://www.sidefx.com/login/google-oauth2/?next=/gallery/earth-explosion-simulation-houdini/,recon_page,2026-05-02T21:50:00.200286
92,1,2,1,1,0,0,1,0,14,0,com,200,2,54318,1072.429,0,0,20,1,ATS,0,html,1,1,0,1,7,1,1,1,1,1,0,0,0,0,0,0,0,0,0,0,0,0,0,0,0,0,0,0,1,38,14,0,24,1,14,0,14,0,0,1,7,1,6,1,1,4,1,0,0,0,0,0,0,0,0,0,0,1,0,0,0,0,0,0,0,0,0,0,0,0,0,0,1.0,1.0,0.0,0,0,0,0,0,0,0,0,0,0,0,0,36,0,0,0,0,0,0,0,0,0.0,0.000699583931661696,0.875,0.0,0,,multi_full_20260502_195038_0001,2026-05-02T21:50:00.455005,https://www.sidefx.com/login/yahoo-oauth2/?next=/gallery/earth-explosion-simulation-houdini/,https://www.sidefx.com/,False,https://www.sidefx.com/login/yahoo-oauth2/?next=/gallery/earth-explosion-simulation-houdini/,https://www.sidefx.com/,https://www.sidefx.com/login/yahoo-oauth2/?next=/gallery/earth-explosion-simulation-houdini/,recon_page,2026-05-02T21:50:00.459386
86,1,2,1,1,0,0,1,0,14,0,com,200,2,1230138,243.07500000000002,0,0,23,1,ESF,0,html,0,0,0,1,7,1,1,1,1,1,0,0,0,0,0,0,0,0,0,0,0,0,0,0,0,0,0,0,1,4,4,0,0,1,1,0,1,0,0,1,1,0,0,1,0,0,0,0,0,0,0,0,0,0,0,0,0,1,0,0,0,0,0,0,0,0,0,0,0,0,0,0,0.0,0.0,0.0,0,0,0,0,0,0,0,0,0,0,0,0,1,0,0,0,0,0,0,0,1,0.0,3.2516676990711613e-06,0.875,0.0,0,,multi_full_20260502_195038_0001,2026-05-02T21:50:18.736075,https://www.sidefx.com/login/google-oauth2/?next=/products/whats-new-in-h21/animation/,https://www.sidefx.com/,False,https://www.sidefx.com/login/google-oauth2/?next=/products/whats-new-in-h21/animation/,https://www.sidefx.com/,https://www.sidefx.com/login/google-oauth2/?next=/products/whats-new-in-h21/animation/,recon_page,2026-05-02T21:50:18.758138
85,1,2,1,1,0,0,1,0,14,0,com,200,2,54318,363.07099999999997,0,0,20,1,ATS,0,html,1,1,0,1,7,1,1,1,1,1,0,0,0,0,0,0,0,0,0,0,0,0,0,0,0,0,0,0,1,38,14,0,24,1,14,0,14,0,0,1,7,1,6,1,1,4,1,0,0,0,0,0,0,0,0,0,0,1,0,0,0,0,0,0,0,0,0,0,0,0,0,0,1.0,1.0,0.0,0,0,0,0,0,0,0,0,0,0,0,0,36,0,0,0,0,0,0,0,0,0.0,0.000699583931661696,0.875,0.0,0,,multi_full_20260502_195038_0001,2026-05-02T21:50:18.909934,https://www.sidefx.com/login/yahoo-oauth2/?next=/products/whats-new-in-h21/animation/,https://www.sidefx.com/,False,https://www.sidefx.com/login/yahoo-oauth2/?next=/products/whats-new-in-h21/animation/,https://www.sidefx.com/,https://www.sidefx.com/login/yahoo-oauth2/?next=/products/whats-new-in-h21/animation/,recon_page,2026-05-02T21:50:18.914437
88,1,2,1,1,0,0,1,0,14,0,com,200,2,23172,216.484,0,0,20,0,unknown,0,html,1,3,0,1,5,0,1,1,0,1,0,0,0,0,0,0,0,0,0,0,0,0,0,0,0,0,0,0,1,5,4,0,1,0,0,0,0,0,0,1,10,0,0,1,1,1,1,0,0,0,0,1,0,0,0,0,1,1,0,0,0,0,0,0,0,0,0,0,0,0,0,0,1.0,1.0,1.0,0,0,0,0,0,0,0,0,0,0,0,0,1,0,0,0,0,0,0,0,0,0.0,0.00021577766269635767,0.625,0.0,0,,multi_full_20260502_195038_0001,2026-05-02T21:51:26.146557,https://www.sidefx.com/login/microsoft-graph/?next=/products/whats-new-in-h21/animation/,https://www.sidefx.com/,False,https://www.sidefx.com/login/microsoft-graph/?next=/products/whats-new-in-h21/animation/,https://www.sidefx.com/,https://www.sidefx.com/login/microsoft-graph/?next=/products/whats-new-in-h21/animation/,recon_page,2026-05-02T21:51:26.155444
66,1,4,0,0,0,0,1,0,14,0,com,200,2,88341,559.443,0,0,21,1,nginx,0,html,1,1,0,0,5,0,1,1,1,1,1,3,1,9,1,1,1,3,0,0,1,1,1,6,0,0,1,1,1,18,8,8,2,1,149,139,10,1,7,1,7,1,3,1,1,10,1,0,1,0,0,0,0,0,0,0,0,1,0,0,0,0,0,0,0,0,0,0,0,0,0,0,1.0,1.0,1.0,0,0,0,1,2,1,1,2,1,3,0,6,145,3,0,0,0,0,0,0,0,3.0,0.00020375590043128332,0.625,0.20375590043128333,0,,multi_full_20260502_195038_0001,2026-05-02T21:51:44.710326,https://www.sidefx.com/learn/learning-paths/visual-effects/fluids/,https://www.sidefx.com/,False,https://www.sidefx.com/learn/learning-paths/visual-effects/fluids/,https://www.sidefx.com/,https://www.sidefx.com/learn/learning-paths/visual-effects/fluids/,recon_page,2026-05-02T21:51:44.714742
70,1,4,0,0,0,0,1,0,14,0,com,200,2,73287,1045.629,0,0,21,1,nginx,0,html,1,1,0,0,5,0,1,1,1,1,1,3,1,9,1,1,1,3,0,0,1,1,1,6,0,0,1,1,1,18,8,8,2,1,149,139,10,1,7,1,7,1,3,1,1,10,1,0,1,0,0,0,0,0,0,0,0,1,0,0,0,0,0,0,0,0,0,0,0,0,0,0,1.0,1.0,1.0,0,0,0,1,2,1,1,2,1,3,0,6,145,3,0,0,0,0,0,0,0,3.0,0.00024560972614515533,0.625,0.24560972614515533,0,,multi_full_20260502_195038_0001,2026-05-02T21:52:23.149382,https://www.sidefx.com/learn/learning-paths/pipeline-pdg/pipeline-pdg/,https://www.sidefx.com/,False,https://www.sidefx.com/learn/learning-paths/pipeline-pdg/pipeline-pdg/,https://www.sidefx.com/,https://www.sidefx.com/learn/learning-paths/pipeline-pdg/pipeline-pdg/,recon_page,2026-05-02T21:52:23.167758
62,1,4,0,0,0,0,1,0,14,0,com,200,2,82095,1105.3329999999999,0,0,21,1,nginx,0,html,1,1,0,0,5,0,1,1,1,1,1,3,1,9,1,1,1,3,0,0,1,1,1,6,0,0,1,1,1,18,8,8,2,1,149,139,10,1,7,1,7,1,3,1,1,10,1,0,1,0,0,0,0,0,0,0,0,1,0,0,0,0,0,0,0,0,0,0,0,0,0,0,1.0,1.0,1.0,0,0,0,1,2,1,1,2,1,3,0,6,145,3,0,0,0,0,0,0,0,3.0,0.00021925817650283208,0.625,0.21925817650283208,0,,multi_full_20260502_195038_0001,2026-05-02T21:52:23.214607,https://www.sidefx.com/learn/learning-paths/modeling/modeling/,https://www.sidefx.com/,False,https://www.sidefx.com/learn/learning-paths/modeling/modeling/,https://www.sidefx.com/,https://www.sidefx.com/learn/learning-paths/modeling/modeling/,recon_page,2026-05-02T21:52:23.272444
66,1,4,0,0,0,0,1,0,14,0,com,200,2,79358,1083.747,0,0,21,1,nginx,0,html,1,1,0,0,5,0,1,1,1,1,1,3,1,9,1,1,1,3,0,0,1,1,1,6,0,0,1,1,1,18,8,8,2,1,149,139,10,1,7,1,7,1,3,1,1,10,1,0,1,0,0,0,0,0,0,0,0,1,0,0,0,0,0,0,0,0,0,0,0,0,0,0,1.0,1.0,1.0,0,0,0,1,2,1,1,2,1,3,0,6,145,3,0,0,0,0,0,0,0,3.0,0.00022682023236472693,0.625,0.22682023236472693,0,,multi_full_20260502_195038_0001,2026-05-02T21:52:23.637770,https://www.sidefx.com/learn/learning-paths/visual-effects/pyrofx/,https://www.sidefx.com/,False,https://www.sidefx.com/learn/learning-paths/visual-effects/pyrofx/,https://www.sidefx.com/,https://www.sidefx.com/learn/learning-paths/visual-effects/pyrofx/,recon_page,2026-05-02T21:52:23.645849
63,1,4,0,0,0,0,1,0,14,0,com,200,2,77746,1528.351,0,0,21,1,nginx,0,html,1,1,0,0,5,0,1,1,1,1,1,3,1,9,1,1,1,3,0,0,1,1,1,6,0,0,1,1,1,18,8,8,2,1,149,139,10,1,7,1,7,1,3,1,1,10,1,0,1,0,0,0,0,0,0,0,0,1,0,0,0,0,0,0,0,0,0,0,0,0,0,0,1.0,1.0,1.0,0,0,0,1,2,1,1,2,1,3,0,6,145,3,0,0,0,0,0,0,0,3.0,0.00023152316517891595,0.625,0.23152316517891597,0,,multi_full_20260502_195038_0001,2026-05-02T21:52:23.922061,https://www.sidefx.com/learn/learning-paths/lookdev/copernicus/,https://www.sidefx.com/,False,https://www.sidefx.com/learn/learning-paths/lookdev/copernicus/,https://www.sidefx.com/,https://www.sidefx.com/learn/learning-paths/lookdev/copernicus/,recon_page,2026-05-02T21:52:23.934960
59,1,3,0,0,0,0,1,0,14,0,com,200,2,60114,3555.5,0,0,21,1,nginx,0,html,1,1,0,0,5,0,1,1,1,1,1,3,1,9,1,1,1,3,0,0,1,1,1,6,0,0,1,1,1,17,7,8,2,1,163,153,10,1,16,1,7,1,3,1,1,10,1,0,1,0,0,0,0,0,0,0,0,1,0,0,0,0,0,0,0,0,0,0,0,0,0,0,1.0,1.0,1.0,0,0,0,1,2,1,1,2,1,3,0,6,145,3,0,0,0,0,0,0,0,3.0,0.00028279602089363544,0.625,0.29943108094620224,0,,multi_full_20260502_195038_0001,2026-05-02T21:52:25.855306,https://www.sidefx.com/learn/learning-paths/visual-effects/,https://www.sidefx.com/,False,https://www.sidefx.com/learn/learning-paths/visual-effects/,https://www.sidefx.com/,https://www.sidefx.com/learn/learning-paths/visual-effects/,recon_page,2026-05-02T21:52:25.861875
57,1,3,0,0,0,0,1,0,14,0,com,200,2,54558,266.442,0,0,21,1,nginx,0,html,1,1,0,0,5,0,1,1,1,1,1,3,1,9,1,1,1,3,0,0,1,1,1,6,0,0,1,1,1,17,7,8,2,1,154,144,10,1,10,1,7,1,3,1,1,10,1,0,1,0,0,0,0,0,0,0,0,1,0,0,0,0,0,0,0,0,0,0,0,0,0,0,1.0,1.0,1.0,0,0,0,1,2,1,1,2,1,3,0,6,145,3,0,0,0,0,0,0,0,3.0,0.0003115949998167088,0.625,0.32992411745298583,0,,multi_full_20260502_195038_0001,2026-05-02T21:52:41.351761,https://www.sidefx.com/learn/learning-paths/pipeline-pdg/,https://www.sidefx.com/,False,https://www.sidefx.com/learn/learning-paths/pipeline-pdg/,https://www.sidefx.com/,https://www.sidefx.com/learn/learning-paths/pipeline-pdg/,recon_page,2026-05-02T21:52:41.355659
71,1,4,0,0,0,0,1,0,14,0,com,200,2,78557,511.621,0,0,21,1,nginx,0,html,1,1,0,0,5,0,1,1,1,1,1,3,1,9,1,1,1,3,0,0,1,1,1,6,0,0,1,1,1,18,8,8,2,1,149,139,10,1,7,1,7,1,3,1,1,10,1,0,1,0,0,0,0,0,0,0,0,1,0,0,0,0,0,0,0,0,0,0,0,0,0,0,1.0,1.0,1.0,0,0,0,1,2,1,1,2,1,3,0,6,145,3,0,0,0,0,0,0,0,3.0,0.00022913298623929122,0.625,0.2291329862392912,0,,multi_full_20260502_195038_0001,2026-05-02T21:53:15.405200,https://www.sidefx.com/learn/learning-paths/visual-effects/realtime-fx/,https://www.sidefx.com/,False,https://www.sidefx.com/learn/learning-paths/visual-effects/realtime-fx/,https://www.sidefx.com/,https://www.sidefx.com/learn/learning-paths/visual-effects/realtime-fx/,recon_page,2026-05-02T21:53:15.446783
65,1,4,0,0,0,0,1,0,14,0,com,200,2,63678,485.162,0,0,21,1,nginx,0,html,1,1,0,0,5,0,1,1,1,1,1,3,1,9,1,1,1,3,0,0,1,1,1,6,0,0,1,1,1,18,8,8,2,1,149,139,10,1,7,1,7,1,3,1,1,10,1,0,1,0,0,0,0,0,0,0,0,1,0,0,0,0,0,0,0,0,0,0,0,0,0,0,1.0,1.0,1.0,0,0,0,1,2,1,1,2,1,3,0,6,145,3,0,0,0,0,0,0,0,3.0,0.0002826721944784698,0.625,0.2826721944784698,0,,multi_full_20260502_195038_0001,2026-05-02T21:53:15.444542,https://www.sidefx.com/learn/learning-paths/world-building/ocean/,https://www.sidefx.com/,False,https://www.sidefx.com/learn/learning-paths/world-building/ocean/,https://www.sidefx.com/,https://www.sidefx.com/learn/learning-paths/world-building/ocean/,recon_page,2026-05-02T21:53:15.448815
61,1,4,0,0,0,0,1,0,14,0,com,200,2,65891,806.844,0,0,21,1,nginx,0,html,1,1,0,0,5,0,1,1,1,1,1,3,1,9,1,1,1,3,0,0,1,1,1,6,0,0,1,1,1,18,8,8,2,1,149,139,10,1,7,1,7,1,3,1,1,10,1,0,1,0,0,0,0,0,0,0,0,1,0,0,0,0,0,0,0,0,0,0,0,0,0,0,1.0,1.0,1.0,0,0,0,1,2,1,1,2,1,3,0,6,145,3,0,0,0,0,0,0,0,3.0,0.00027317843104521103,0.625,0.273178431045211,0,,multi_full_20260502_195038_0001,2026-05-02T21:53:15.446128,https://www.sidefx.com/learn/learning-paths/pipeline-pdg/vex/,https://www.sidefx.com/,False,https://www.sidefx.com/learn/learning-paths/pipeline-pdg/vex/,https://www.sidefx.com/,https://www.sidefx.com/learn/learning-paths/pipeline-pdg/vex/,recon_page,2026-05-02T21:53:15.456638
60,1,4,0,0,0,0,1,0,14,0,com,200,2,94560,611.6850000000001,0,0,21,1,nginx,0,html,1,1,0,0,5,0,1,1,1,1,1,3,1,9,1,1,1,3,0,0,1,1,1,6,0,0,1,1,1,18,8,8,2,1,149,139,10,1,7,1,7,1,3,1,1,10,1,0,1,0,0,0,0,0,0,0,0,1,0,0,0,0,0,0,0,0,0,0,0,0,0,0,1.0,1.0,1.0,0,0,0,1,2,1,1,2,1,3,0,6,145,3,0,0,0,0,0,0,0,3.0,0.00019035532994923857,0.625,0.19035532994923857,0,,multi_full_20260502_195038_0001,2026-05-02T21:53:29.606647,https://www.sidefx.com/learn/learning-paths/lookdev/solaris/,https://www.sidefx.com/,False,https://www.sidefx.com/learn/learning-paths/lookdev/solaris/,https://www.sidefx.com/,https://www.sidefx.com/learn/learning-paths/lookdev/solaris/,recon_page,2026-05-02T21:53:29.612423
68,1,4,0,0,0,0,1,0,14,0,com,200,2,88487,564.484,0,0,21,1,nginx,0,html,1,1,0,0,5,0,1,1,1,1,1,3,1,9,1,1,1,3,0,0,1,1,1,6,0,0,1,1,1,18,8,8,2,1,149,139,10,1,7,1,7,1,3,1,1,10,1,0,1,0,0,0,0,0,0,0,0,1,0,0,0,0,0,0,0,0,0,0,0,0,0,0,1.0,1.0,1.0,0,0,0,1,2,1,1,2,1,3,0,6,145,3,0,0,0,0,0,0,0,3.0,0.00020341971137003177,0.625,0.20341971137003176,0,,multi_full_20260502_195038_0001,2026-05-02T21:54:27.452211,https://www.sidefx.com/learn/learning-paths/game-development/unreal/,https://www.sidefx.com/,False,https://www.sidefx.com/learn/learning-paths/game-development/unreal/,https://www.sidefx.com/,https://www.sidefx.com/learn/learning-paths/game-development/unreal/,recon_page,2026-05-02T21:54:27.456666
62,1,4,0,0,0,0,1,0,14,0,com,200,2,70492,906.9000000000001,0,0,21,1,nginx,0,html,1,1,0,0,5,0,1,1,1,1,1,3,1,9,1,1,1,3,0,0,1,1,1,6,0,0,1,1,1,18,8,8,2,1,149,139,10,1,7,1,7,1,3,1,1,10,1,0,1,0,0,0,0,0,0,0,0,1,0,0,0,0,0,0,0,0,0,0,0,0,0,0,1.0,1.0,1.0,0,0,0,1,2,1,1,2,1,3,0,6,145,3,0,0,0,0,0,0,0,3.0,0.0002553481246098848,0.625,0.2553481246098848,0,,multi_full_20260502_195038_0001,2026-05-02T21:54:27.454164,https://www.sidefx.com/learn/learning-paths/character/rigging/,https://www.sidefx.com/,False,https://www.sidefx.com/learn/learning-paths/character/rigging/,https://www.sidefx.com/,https://www.sidefx.com/learn/learning-paths/character/rigging/,recon_page,2026-05-02T21:54:27.458224
57,1,1,1,1,0,0,1,0,14,0,com,200,2,29847,773.077,0,0,23,1,nginx,0,html,1,2,0,1,6,0,1,1,1,1,1,4,1,15,1,2,1,5,0,0,1,1,1,7,0,0,1,1,1,11,5,6,0,1,111,101,10,1,5,1,7,1,2,1,1,2,1,0,1,0,0,0,0,0,0,0,0,1,0,0,0,0,0,0,0,0,0,0,0,0,0,0,1.0,1.0,1.0,0,0,0,1,3,1,2,3,1,4,0,9,103,6,0,0,0,0,0,0,0,3.75,0.0003685462525546956,0.75,0.8711093242201896,0,,multi_full_20260502_195038_0001,2026-05-02T21:55:31.679063,https://www.sidefx.com/login/?next=/learn/learning-paths/,https://www.sidefx.com/,False,https://www.sidefx.com/login/?next=/learn/learning-paths/,https://www.sidefx.com/,https://www.sidefx.com/login/?next=/learn/learning-paths/,recon_page,2026-05-02T21:55:31.693871
72,1,4,0,0,0,0,1,0,14,0,com,200,2,81955,550.2230000000001,0,0,21,1,nginx,0,html,1,1,0,0,5,0,1,1,1,1,1,3,1,9,1,1,1,3,0,0,1,1,1,6,0,0,1,1,1,18,8,8,2,1,149,139,10,1,7,1,7,1,3,1,1,10,1,0,1,0,0,0,0,0,0,0,0,1,0,0,0,0,0,0,0,0,0,0,0,0,0,0,1.0,1.0,1.0,0,0,0,1,2,1,1,2,1,3,0,6,145,3,0,0,0,0,0,0,0,3.0,0.00021963272527606613,0.625,0.21963272527606614,0,,multi_full_20260502_195038_0001,2026-05-02T21:55:31.690566,https://www.sidefx.com/learn/learning-paths/game-development/game-tools/,https://www.sidefx.com/,False,https://www.sidefx.com/learn/learning-paths/game-development/game-tools/,https://www.sidefx.com/,https://www.sidefx.com/learn/learning-paths/game-development/game-tools/,recon_page,2026-05-02T21:55:31.697801
48,1,3,0,0,0,0,1,0,14,0,com,200,2,59779,1037.709,0,0,21,1,nginx,0,html,1,1,0,0,5,0,1,1,1,1,1,3,1,9,1,1,1,3,0,0,1,1,1,6,0,0,1,1,1,17,7,8,2,1,163,153,10,1,16,1,7,1,3,1,1,10,1,0,1,0,0,0,0,0,0,0,0,1,0,0,0,0,0,0,0,0,0,0,0,0,0,0,1.0,1.0,1.0,0,0,0,1,2,1,1,2,1,3,0,6,145,3,0,0,0,0,0,0,0,3.0,0.0002843808026229947,0.625,0.30110908513022966,0,,multi_full_20260502_195038_0001,2026-05-02T21:55:32.152460,https://www.sidefx.com/learn/learning-paths/cfx/,https://www.sidefx.com/,False,https://www.sidefx.com/learn/learning-paths/cfx/,https://www.sidefx.com/,https://www.sidefx.com/learn/learning-paths/cfx/,recon_page,2026-05-02T21:55:32.158836
71,1,2,1,1,0,0,1,0,14,0,com,200,2,1230343,233.701,0,0,23,1,ESF,0,html,0,0,0,1,7,1,1,1,1,1,0,0,0,0,0,0,0,0,0,0,0,0,0,0,0,0,0,0,1,4,4,0,0,1,1,0,1,0,0,1,1,0,0,1,0,0,0,0,0,0,0,0,0,0,0,0,0,1,0,0,0,0,0,0,0,0,0,0,0,0,0,0,0.0,0.0,0.0,0,0,0,0,0,0,0,0,0,0,0,0,1,0,0,0,0,0,0,0,1,0.0,3.251125905540162e-06,0.875,0.0,0,,multi_full_20260502_195038_0001,2026-05-02T21:55:33.027481,https://www.sidefx.com/login/google-oauth2/?next=/learn/learning-paths/,https://www.sidefx.com/,False,https://www.sidefx.com/login/google-oauth2/?next=/learn/learning-paths/,https://www.sidefx.com/,https://www.sidefx.com/login/google-oauth2/?next=/learn/learning-paths/,recon_page,2026-05-02T21:55:33.034115
59,1,3,0,0,0,0,1,0,14,0,com,200,2,58031,275.106,0,0,21,1,nginx,0,html,1,1,0,0,5,0,1,1,1,1,1,3,1,9,1,1,1,3,0,0,1,1,1,6,0,0,1,1,1,17,7,8,2,1,160,150,10,1,14,1,7,1,3,1,1,10,1,0,1,0,0,0,0,0,0,0,0,1,0,0,0,0,0,0,0,0,0,0,0,0,0,0,1.0,1.0,1.0,0,0,0,1,2,1,1,2,1,3,0,6,145,3,0,0,0,0,0,0,0,3.0,0.0002929468732229326,0.625,0.31017904223604625,0,,multi_full_20260502_195038_0001,2026-05-02T21:55:59.956622,https://www.sidefx.com/learn/learning-paths/world-building/,https://www.sidefx.com/,False,https://www.sidefx.com/learn/learning-paths/world-building/,https://www.sidefx.com/,https://www.sidefx.com/learn/learning-paths/world-building/,recon_page,2026-05-02T21:55:59.960703
64,1,4,0,0,0,0,1,0,14,0,com,200,2,65702,527.6800000000001,0,0,21,1,nginx,0,html,1,1,0,0,5,0,1,1,1,1,1,3,1,9,1,1,1,3,0,0,1,1,1,6,0,0,1,1,1,18,8,8,2,1,149,139,10,1,7,1,7,1,3,1,1,10,1,0,1,0,0,0,0,0,0,0,0,1,0,0,0,0,0,0,0,0,0,0,0,0,0,0,1.0,1.0,1.0,0,0,0,1,2,1,1,2,1,3,0,6,145,3,0,0,0,0,0,0,0,3.0,0.00027396426288393047,0.625,0.2739642628839305,0,,multi_full_20260502_195038_0001,2026-05-02T21:56:42.768086,https://www.sidefx.com/learn/learning-paths/character/animation/,https://www.sidefx.com/,False,https://www.sidefx.com/learn/learning-paths/character/animation/,https://www.sidefx.com/,https://www.sidefx.com/learn/learning-paths/character/animation/,recon_page,2026-05-02T21:56:42.774885
67,1,4,0,0,0,0,1,0,14,0,com,200,2,61850,859.617,0,0,21,1,nginx,0,html,1,1,0,0,5,0,1,1,1,1,1,3,1,9,1,1,1,3,0,0,1,1,1,6,0,0,1,1,1,18,8,8,2,1,149,139,10,1,7,1,7,1,3,1,1,10,1,0,1,0,0,0,0,0,0,0,0,1,0,0,0,0,0,0,0,0,0,0,0,0,0,0,1.0,1.0,1.0,0,0,0,1,2,1,1,2,1,3,0,6,145,3,0,0,0,0,0,0,0,3.0,0.0002910266774454325,0.625,0.2910266774454325,0,,multi_full_20260502_195038_0001,2026-05-02T21:56:43.060833,https://www.sidefx.com/learn/learning-paths/world-building/foliage/,https://www.sidefx.com/,False,https://www.sidefx.com/learn/learning-paths/world-building/foliage/,https://www.sidefx.com/,https://www.sidefx.com/learn/learning-paths/world-building/foliage/,recon_page,2026-05-02T21:56:43.080165
63,1,4,0,0,0,0,1,0,14,0,com,200,2,66249,959.333,0,0,21,1,nginx,0,html,1,1,0,0,5,0,1,1,1,1,1,3,1,9,1,1,1,3,0,0,1,1,1,6,0,0,1,1,1,18,8,8,2,1,149,139,10,1,7,1,7,1,3,1,1,10,1,0,1,0,0,0,0,0,0,0,0,1,0,0,0,0,0,0,0,0,0,0,0,0,0,0,1.0,1.0,1.0,0,0,0,1,2,1,1,2,1,3,0,6,145,3,0,0,0,0,0,0,0,3.0,0.0002717022143730471,0.625,0.27170221437304715,0,,multi_full_20260502_195038_0001,2026-05-02T21:56:43.081845,https://www.sidefx.com/learn/learning-paths/visual-effects/mpm/,https://www.sidefx.com/,False,https://www.sidefx.com/learn/learning-paths/visual-effects/mpm/,https://www.sidefx.com/,https://www.sidefx.com/learn/learning-paths/visual-effects/mpm/,recon_page,2026-05-02T21:56:43.085881
69,1,4,0,0,0,0,1,0,14,0,com,200,2,60069,1256.443,0,0,21,1,nginx,0,html,1,1,0,0,5,0,1,1,1,1,1,3,1,9,1,1,1,3,0,0,1,1,1,6,0,0,1,1,1,18,8,8,2,1,149,139,10,1,7,1,7,1,3,1,1,10,1,0,1,0,0,0,0,0,0,0,0,1,0,0,0,0,0,0,0,0,0,0,0,0,0,0,1.0,1.0,1.0,0,0,0,1,2,1,1,2,1,3,0,6,145,3,0,0,0,0,0,0,0,3.0,0.0002996553962942616,0.625,0.2996553962942616,0,,multi_full_20260502_195038_0001,2026-05-02T21:56:43.302036,https://www.sidefx.com/learn/learning-paths/modeling/mesh-processing/,https://www.sidefx.com/,False,https://www.sidefx.com/learn/learning-paths/modeling/mesh-processing/,https://www.sidefx.com/,https://www.sidefx.com/learn/learning-paths/modeling/mesh-processing/,recon_page,2026-05-02T21:56:43.311435
54,1,3,0,0,0,0,1,0,14,0,com,200,2,56301,890.1320000000001,0,0,21,1,nginx,0,html,1,1,0,0,5,0,1,1,1,1,1,3,1,9,1,1,1,3,0,0,1,1,1,6,0,0,1,1,1,17,7,8,2,1,157,147,10,1,12,1,7,1,3,1,1,10,1,0,1,0,0,0,0,0,0,0,0,1,0,0,0,0,0,0,0,0,0,0,0,0,0,0,1.0,1.0,1.0,0,0,0,1,2,1,1,2,1,3,0,6,145,3,0,0,0,0,0,0,0,3.0,0.00030194845562245786,0.625,0.3197101294826024,0,,multi_full_20260502_195038_0001,2026-05-02T21:56:43.309851,https://www.sidefx.com/learn/learning-paths/character/,https://www.sidefx.com/,False,https://www.sidefx.com/learn/learning-paths/character/,https://www.sidefx.com/,https://www.sidefx.com/learn/learning-paths/character/,recon_page,2026-05-02T21:56:43.313736
55,1,4,0,0,0,0,1,0,14,0,com,200,2,87581,4303.283,0,0,21,1,nginx,0,html,1,1,0,0,5,0,1,1,1,1,1,3,1,9,1,1,1,3,0,0,1,1,1,6,0,0,1,1,1,18,8,8,2,1,149,139,10,1,7,1,7,1,3,1,1,10,1,0,1,0,0,0,0,0,0,0,0,1,0,0,0,0,0,0,0,0,0,0,0,0,0,0,1.0,1.0,1.0,0,0,0,1,2,1,1,2,1,3,0,6,145,3,0,0,0,0,0,0,0,3.0,0.00020552402918441214,0.625,0.20552402918441215,0,,multi_full_20260502_195038_0001,2026-05-02T21:56:45.099841,https://www.sidefx.com/learn/learning-paths/cfx/crowds/,https://www.sidefx.com/,False,https://www.sidefx.com/learn/learning-paths/cfx/crowds/,https://www.sidefx.com/,https://www.sidefx.com/learn/learning-paths/cfx/crowds/,recon_page,2026-05-02T21:56:45.104544
66,1,4,0,0,0,0,1,0,14,0,com,200,2,66846,568.28,0,0,21,1,nginx,0,html,1,1,0,0,5,0,1,1,1,1,1,3,1,9,1,1,1,3,0,0,1,1,1,6,0,0,1,1,1,18,8,8,2,1,149,139,10,1,7,1,7,1,3,1,1,10,1,0,1,0,0,0,0,0,0,0,0,1,0,0,0,0,0,0,0,0,0,0,0,0,0,0,1.0,1.0,1.0,0,0,0,1,2,1,1,2,1,3,0,6,145,3,0,0,0,0,0,0,0,3.0,0.00026927564850552014,0.625,0.26927564850552016,0,,multi_full_20260502_195038_0001,2026-05-02T21:57:38.407863,https://www.sidefx.com/learn/learning-paths/world-building/clouds/,https://www.sidefx.com/,False,https://www.sidefx.com/learn/learning-paths/world-building/clouds/,https://www.sidefx.com/,https://www.sidefx.com/learn/learning-paths/world-building/clouds/,recon_page,2026-05-02T21:57:38.415839
61,1,3,0,0,0,0,1,0,14,0,com,200,2,56446,414.48699999999997,0,0,21,1,nginx,0,html,1,1,0,0,5,0,1,1,1,1,1,3,1,9,1,1,1,3,0,0,1,1,1,6,0,0,1,1,1,17,7,8,2,1,157,147,10,1,12,1,7,1,3,1,1,10,1,0,1,0,0,0,0,0,0,0,0,1,0,0,0,0,0,0,0,0,0,0,0,0,0,0,1.0,1.0,1.0,0,0,0,1,2,1,1,2,1,3,0,6,145,3,0,0,0,0,0,0,0,3.0,0.0003011728023243454,0.625,0.31888884951989516,0,,multi_full_20260502_195038_0001,2026-05-02T21:57:38.404674,https://www.sidefx.com/learn/learning-paths/game-development/,https://www.sidefx.com/,False,https://www.sidefx.com/learn/learning-paths/game-development/,https://www.sidefx.com/,https://www.sidefx.com/learn/learning-paths/game-development/,recon_page,2026-05-02T21:57:38.411284
67,1,4,0,0,0,0,1,0,14,0,com,200,2,68282,751.796,0,0,21,1,nginx,0,html,1,1,0,0,5,0,1,1,1,1,1,3,1,9,1,1,1,3,0,0,1,1,1,6,0,0,1,1,1,18,8,8,2,1,149,139,10,1,7,1,7,1,3,1,1,10,1,0,1,0,0,0,0,0,0,0,0,1,0,0,0,0,0,0,0,0,0,0,0,0,0,0,1.0,1.0,1.0,0,0,0,1,2,1,1,2,1,3,0,6,145,3,0,0,0,0,0,0,0,3.0,0.0002636126651240444,0.625,0.2636126651240444,0,,multi_full_20260502_195038_0001,2026-05-02T21:58:50.230340,https://www.sidefx.com/learn/learning-paths/world-building/terrain/,https://www.sidefx.com/,False,https://www.sidefx.com/learn/learning-paths/world-building/terrain/,https://www.sidefx.com/,https://www.sidefx.com/learn/learning-paths/world-building/terrain/,recon_page,2026-05-02T21:58:50.250606
53,1,3,0,0,0,0,1,0,14,0,com,200,2,54625,683.587,0,0,21,1,nginx,0,html,1,1,0,0,5,0,1,1,1,1,1,3,1,9,1,1,1,3,0,0,1,1,1,6,0,0,1,1,1,17,7,8,2,1,154,144,10,1,10,1,7,1,3,1,1,10,1,0,1,0,0,0,0,0,0,0,0,1,0,0,0,0,0,0,0,0,0,0,0,0,0,0,1.0,1.0,1.0,0,0,0,1,2,1,1,2,1,3,0,6,145,3,0,0,0,0,0,0,0,3.0,0.00031121281464530895,0.625,0.3295194508009153,0,,multi_full_20260502_195038_0001,2026-05-02T21:58:50.193196,https://www.sidefx.com/learn/learning-paths/modeling/,https://www.sidefx.com/,False,https://www.sidefx.com/learn/learning-paths/modeling/,https://www.sidefx.com/,https://www.sidefx.com/learn/learning-paths/modeling/,recon_page,2026-05-02T21:58:50.250171
57,1,4,0,0,0,0,1,0,14,0,com,200,2,60055,859.463,0,0,21,1,nginx,0,html,1,1,0,0,5,0,1,1,1,1,1,3,1,9,1,1,1,3,0,0,1,1,1,6,0,0,1,1,1,18,8,8,2,1,149,139,10,1,7,1,7,1,3,1,1,10,1,0,1,0,0,0,0,0,0,0,0,1,0,0,0,0,0,0,0,0,0,0,0,0,0,0,1.0,1.0,1.0,0,0,0,1,2,1,1,2,1,3,0,6,145,3,0,0,0,0,0,0,0,3.0,0.00029972525185246855,0.625,0.29972525185246857,0,,multi_full_20260502_195038_0001,2026-05-02T21:58:50.227926,https://www.sidefx.com/learn/learning-paths/cfx/feathers/,https://www.sidefx.com/,False,https://www.sidefx.com/learn/learning-paths/cfx/feathers/,https://www.sidefx.com/,https://www.sidefx.com/learn/learning-paths/cfx/feathers/,recon_page,2026-05-02T21:58:50.249633
56,1,4,0,0,0,0,1,0,14,0,com,200,2,69871,965.831,0,0,21,1,nginx,0,html,1,1,0,0,5,0,1,1,1,1,1,3,1,9,1,1,1,3,0,0,1,1,1,6,0,0,1,1,1,18,8,8,2,1,149,139,10,1,7,1,7,1,3,1,1,10,1,0,1,0,0,0,0,0,0,0,0,1,0,0,0,0,0,0,0,0,0,0,0,0,0,0,1.0,1.0,1.0,0,0,0,1,2,1,1,2,1,3,0,6,145,3,0,0,0,0,0,0,0,3.0,0.00025761760959482473,0.625,0.25761760959482477,0,,multi_full_20260502_195038_0001,2026-05-02T21:59:38.531663,https://www.sidefx.com/learn/learning-paths/cfx/muscles/,https://www.sidefx.com/,False,https://www.sidefx.com/learn/learning-paths/cfx/muscles/,https://www.sidefx.com/,https://www.sidefx.com/learn/learning-paths/cfx/muscles/,recon_page,2026-05-02T21:59:38.549699
69,1,4,0,0,0,0,1,0,14,0,com,200,2,61258,519.006,0,0,21,1,nginx,0,html,1,1,0,0,5,0,1,1,1,1,1,3,1,9,1,1,1,3,0,0,1,1,1,6,0,0,1,1,1,18,8,8,2,1,149,139,10,1,7,1,7,1,3,1,1,10,1,0,1,0,0,0,0,0,0,0,0,1,0,0,0,0,0,0,0,0,0,0,0,0,0,0,1.0,1.0,1.0,0,0,0,1,2,1,1,2,1,3,0,6,145,3,0,0,0,0,0,0,0,3.0,0.0002938391720265108,0.625,0.29383917202651083,0,,multi_full_20260502_195038_0001,2026-05-02T21:59:38.549030,https://www.sidefx.com/learn/learning-paths/character/motion-editing/,https://www.sidefx.com/,False,https://www.sidefx.com/learn/learning-paths/character/motion-editing/,https://www.sidefx.com/,https://www.sidefx.com/learn/learning-paths/character/motion-editing/,recon_page,2026-05-02T21:59:38.552841
76,1,4,0,0,0,0,1,0,14,0,com,200,2,95075,507.92400000000004,0,0,21,1,nginx,0,html,1,1,0,0,5,0,1,1,1,1,1,3,1,9,1,1,1,3,0,0,1,1,1,6,0,0,1,1,1,18,8,8,2,1,149,139,10,1,7,1,7,1,3,1,1,10,1,0,1,0,0,0,0,0,0,0,0,1,0,0,0,0,0,0,0,0,0,0,0,0,0,0,1.0,1.0,1.0,0,0,0,1,2,1,1,2,1,3,0,6,145,3,0,0,0,0,0,0,0,3.0,0.00018932421772285037,0.625,0.18932421772285038,0,,multi_full_20260502_195038_0001,2026-05-02T22:00:00.795674,https://www.sidefx.com/learn/learning-paths/getting-started/getting_started/,https://www.sidefx.com/,False,https://www.sidefx.com/learn/learning-paths/getting-started/getting_started/,https://www.sidefx.com/,https://www.sidefx.com/learn/learning-paths/getting-started/getting_started/,recon_page,2026-05-02T22:00:00.802336
57,1,4,0,0,0,0,1,0,14,0,com,200,2,78222,513.66,0,0,21,1,nginx,0,html,1,1,0,0,5,0,1,1,1,1,1,3,1,9,1,1,1,3,0,0,1,1,1,6,0,0,1,1,1,18,8,8,2,1,149,139,10,1,7,1,7,1,3,1,1,10,1,0,1,0,0,0,0,0,0,0,0,1,0,0,0,0,0,0,0,0,0,0,0,0,0,0,1.0,1.0,1.0,0,0,0,1,2,1,1,2,1,3,0,6,145,3,0,0,0,0,0,0,0,3.0,0.00023011429009741504,0.625,0.23011429009741508,0,,multi_full_20260502_195038_0001,2026-05-02T22:00:31.400474,https://www.sidefx.com/learn/learning-paths/cfx/hair-fur/,https://www.sidefx.com/,False,https://www.sidefx.com/learn/learning-paths/cfx/hair-fur/,https://www.sidefx.com/,https://www.sidefx.com/learn/learning-paths/cfx/hair-fur/,recon_page,2026-05-02T22:00:31.405599
60,1,3,0,0,0,0,1,0,14,0,com,200,2,52884,754.946,0,0,21,1,nginx,0,html,1,1,0,0,5,0,1,1,1,1,1,3,1,9,1,1,1,3,0,0,1,1,1,6,0,0,1,1,1,17,7,8,2,1,151,141,10,1,8,1,7,1,3,1,1,10,1,0,1,0,0,0,0,0,0,0,0,1,0,0,0,0,0,0,0,0,0,0,0,0,0,0,1.0,1.0,1.0,0,0,0,1,2,1,1,2,1,3,0,6,145,3,0,0,0,0,0,0,0,3.0,0.00032145828606005596,0.625,0.34036759700476515,0,,multi_full_20260502_195038_0001,2026-05-02T22:00:31.788390,https://www.sidefx.com/learn/learning-paths/getting-started/,https://www.sidefx.com/,False,https://www.sidefx.com/learn/learning-paths/getting-started/,https://www.sidefx.com/,https://www.sidefx.com/learn/learning-paths/getting-started/,recon_page,2026-05-02T22:00:31.802187
67,1,4,0,0,0,0,1,0,14,0,com,200,2,72157,771.478,0,0,21,1,nginx,0,html,1,1,0,0,5,0,1,1,1,1,1,3,1,9,1,1,1,3,0,0,1,1,1,6,0,0,1,1,1,18,8,8,2,1,149,139,10,1,7,1,7,1,3,1,1,10,1,0,1,0,0,0,0,0,0,0,0,1,0,0,0,0,0,0,0,0,0,0,0,0,0,0,1.0,1.0,1.0,0,0,0,1,2,1,1,2,1,3,0,6,145,3,0,0,0,0,0,0,0,3.0,0.00024945604723034497,0.625,0.24945604723034495,0,,multi_full_20260502_195038_0001,2026-05-02T22:00:32.047471,https://www.sidefx.com/learn/learning-paths/game-development/unity/,https://www.sidefx.com/,False,https://www.sidefx.com/learn/learning-paths/game-development/unity/,https://www.sidefx.com/,https://www.sidefx.com/learn/learning-paths/game-development/unity/,recon_page,2026-05-02T22:00:32.052200
54,1,4,0,0,0,0,1,0,14,0,com,200,2,82875,1490.954,0,0,21,1,nginx,0,html,1,1,0,0,5,0,1,1,1,1,1,3,1,9,1,1,1,3,0,0,1,1,1,6,0,0,1,1,1,18,8,8,2,1,149,139,10,1,7,1,7,1,3,1,1,10,1,0,1,0,0,0,0,0,0,0,0,1,0,0,0,0,0,0,0,0,0,0,0,0,0,0,1.0,1.0,1.0,0,0,0,1,2,1,1,2,1,3,0,6,145,3,0,0,0,0,0,0,0,3.0,0.00021719457013574662,0.625,0.2171945701357466,0,,multi_full_20260502_195038_0001,2026-05-02T22:00:32.353106,https://www.sidefx.com/learn/learning-paths/cfx/cloth/,https://www.sidefx.com/,False,https://www.sidefx.com/learn/learning-paths/cfx/cloth/,https://www.sidefx.com/,https://www.sidefx.com/learn/learning-paths/cfx/cloth/,recon_page,2026-05-02T22:00:32.364597
70,1,2,1,1,0,0,1,0,14,0,com,200,2,54318,956.875,0,0,20,1,ATS,0,html,1,1,0,1,7,1,1,1,1,1,0,0,0,0,0,0,0,0,0,0,0,0,0,0,0,0,0,0,1,38,14,0,24,1,14,0,14,0,0,1,7,1,6,1,1,4,1,0,0,0,0,0,0,0,0,0,0,1,0,0,0,0,0,0,0,0,0,0,0,0,0,0,1.0,1.0,0.0,0,0,0,0,0,0,0,0,0,0,0,0,36,0,0,0,0,0,0,0,0,0.0,0.000699583931661696,0.875,0.0,0,,multi_full_20260502_195038_0001,2026-05-02T22:00:32.880665,https://www.sidefx.com/login/yahoo-oauth2/?next=/learn/learning-paths/,https://www.sidefx.com/,False,https://www.sidefx.com/login/yahoo-oauth2/?next=/learn/learning-paths/,https://www.sidefx.com/,https://www.sidefx.com/login/yahoo-oauth2/?next=/learn/learning-paths/,recon_page,2026-05-02T22:00:32.888629
74,1,4,0,0,0,0,1,0,14,0,com,200,2,87197,582.354,0,0,21,1,nginx,0,html,1,1,0,0,5,0,1,1,1,1,1,3,1,9,1,1,1,3,0,0,1,1,1,6,0,0,1,1,1,18,8,8,2,1,149,139,10,1,7,1,7,1,3,1,1,10,1,0,1,0,0,0,0,0,0,0,0,1,0,0,0,0,0,0,0,0,0,0,0,0,0,0,1.0,1.0,1.0,0,0,0,1,2,1,1,2,1,3,0,6,145,3,0,0,0,0,0,0,0,3.0,0.00020642912026789913,0.625,0.2064291202678991,0,,multi_full_20260502_195038_0001,2026-05-02T22:01:04.336012,https://www.sidefx.com/learn/learning-paths/visual-effects/destruction-fx/,https://www.sidefx.com/,False,https://www.sidefx.com/learn/learning-paths/visual-effects/destruction-fx/,https://www.sidefx.com/,https://www.sidefx.com/learn/learning-paths/visual-effects/destruction-fx/,recon_page,2026-05-02T22:01:04.340253
52,1,3,0,0,0,0,1,0,14,0,com,200,2,54614,297.42400000000004,0,0,21,1,nginx,0,html,1,1,0,0,5,0,1,1,1,1,1,3,1,9,1,1,1,3,0,0,1,1,1,6,0,0,1,1,1,17,7,8,2,1,154,144,10,1,10,1,7,1,3,1,1,10,1,0,1,0,0,0,0,0,0,0,0,1,0,0,0,0,0,0,0,0,0,0,0,0,0,0,1.0,1.0,1.0,0,0,0,1,2,1,1,2,1,3,0,6,145,3,0,0,0,0,0,0,0,3.0,0.0003112754971252792,0.625,0.3295858204855898,0,,multi_full_20260502_195038_0001,2026-05-02T22:01:23.431107,https://www.sidefx.com/learn/learning-paths/lookdev/,https://www.sidefx.com/,False,https://www.sidefx.com/learn/learning-paths/lookdev/,https://www.sidefx.com/,https://www.sidefx.com/learn/learning-paths/lookdev/,recon_page,2026-05-02T22:01:23.435310
73,1,2,1,1,0,0,1,0,14,0,com,200,2,23078,830.244,0,0,20,0,unknown,0,html,1,3,0,1,5,0,1,1,0,1,0,0,0,0,0,0,0,0,0,0,0,0,0,0,0,0,0,0,1,5,4,0,1,0,0,0,0,0,0,1,10,0,0,1,1,1,1,0,0,0,0,1,0,0,0,0,1,1,0,0,0,0,0,0,0,0,0,0,0,0,0,0,1.0,1.0,1.0,0,0,0,0,0,0,0,0,0,0,0,0,1,0,0,0,0,0,0,0,0,0.0,0.0002166565560273854,0.625,0.0,0,,multi_full_20260502_195038_0001,2026-05-02T22:02:16.112470,https://www.sidefx.com/login/microsoft-graph/?next=/learn/learning-paths/,https://www.sidefx.com/,False,https://www.sidefx.com/login/microsoft-graph/?next=/learn/learning-paths/,https://www.sidefx.com/,https://www.sidefx.com/login/microsoft-graph/?next=/learn/learning-paths/,recon_page,2026-05-02T22:02:16.131998
57,1,3,0,0,0,0,1,0,14,0,com,200,2,74709,261.93100000000004,0,0,21,1,nginx,0,html,1,1,0,0,5,0,1,1,1,1,1,3,1,50,1,1,1,3,0,0,1,1,1,8,0,0,1,1,1,19,9,8,2,1,116,106,10,1,8,1,7,1,3,1,1,22,1,0,1,0,0,0,0,0,0,0,0,1,0,0,0,0,0,0,0,0,0,0,0,0,0,0,1.0,1.0,1.0,0,0,0,1,2,1,1,2,1,3,0,6,114,7,0,0,0,0,0,0,0,16.666666666666668,0.0002543200953031094,0.625,0.8165013586047196,0,,multi_full_20260502_195038_0001,2026-05-02T22:02:16.164969,https://www.sidefx.com/tutorials/category/destruction-fx/,https://www.sidefx.com/,False,https://www.sidefx.com/tutorials/category/destruction-fx/,https://www.sidefx.com/,https://www.sidefx.com/tutorials/category/destruction-fx/,recon_page,2026-05-02T22:02:16.172600
86,1,2,1,1,0,0,1,0,14,0,com,200,2,54318,792.558,0,0,20,1,ATS,0,html,1,1,0,1,7,1,1,1,1,1,0,0,0,0,0,0,0,0,0,0,0,0,0,0,0,0,0,0,1,38,14,0,24,1,14,0,14,0,0,1,7,1,6,1,1,4,1,0,0,0,0,0,0,0,0,0,0,1,0,0,0,0,0,0,0,0,0,0,0,0,0,0,1.0,1.0,0.0,0,0,0,0,0,0,0,0,0,0,0,0,36,0,0,0,0,0,0,0,0,0.0,0.000699583931661696,0.875,0.0,0,,multi_full_20260502_195038_0001,2026-05-02T22:02:16.635959,https://www.sidefx.com/login/yahoo-oauth2/?next=/tutorials/how-to-create-a-gommage-fx/,https://www.sidefx.com/,False,https://www.sidefx.com/login/yahoo-oauth2/?next=/tutorials/how-to-create-a-gommage-fx/,https://www.sidefx.com/,https://www.sidefx.com/login/yahoo-oauth2/?next=/tutorials/how-to-create-a-gommage-fx/,recon_page,2026-05-02T22:02:16.640917
73,1,1,1,1,0,0,1,0,14,0,com,200,2,29847,291.48600000000005,0,0,23,1,nginx,0,html,1,2,0,1,6,0,1,1,1,1,1,4,1,15,1,2,1,5,0,0,1,1,1,7,0,0,1,1,1,11,5,6,0,1,111,101,10,1,5,1,7,1,2,1,1,2,1,0,1,0,0,0,0,0,0,0,0,1,0,0,0,0,0,0,0,0,0,0,0,0,0,0,1.0,1.0,1.0,0,0,0,1,3,1,2,3,1,4,0,9,103,6,0,0,0,0,0,0,0,3.75,0.0003685462525546956,0.75,0.8711093242201896,0,,multi_full_20260502_195038_0001,2026-05-02T22:02:35.155679,https://www.sidefx.com/login/?next=/tutorials/how-to-create-a-gommage-fx/,https://www.sidefx.com/,False,https://www.sidefx.com/login/?next=/tutorials/how-to-create-a-gommage-fx/,https://www.sidefx.com/,https://www.sidefx.com/login/?next=/tutorials/how-to-create-a-gommage-fx/,recon_page,2026-05-02T22:02:35.160838
54,1,3,0,0,0,0,1,0,14,0,com,200,2,74709,482.849,0,0,21,1,nginx,0,html,1,1,0,0,5,0,1,1,1,1,1,3,1,50,1,1,1,3,0,0,1,1,1,8,0,0,1,1,1,19,9,8,2,1,116,106,10,1,8,1,7,1,3,1,1,22,1,0,1,0,0,0,0,0,0,0,0,1,0,0,0,0,0,0,0,0,0,0,0,0,0,0,1.0,1.0,1.0,0,0,0,1,2,1,1,2,1,3,0,6,114,7,0,0,0,0,0,0,0,16.666666666666668,0.0002543200953031094,0.625,0.8165013586047196,0,,multi_full_20260502_195038_0001,2026-05-02T22:02:47.085950,https://www.sidefx.com/tutorials/category/vex-for-vfx/,https://www.sidefx.com/,False,https://www.sidefx.com/tutorials/category/vex-for-vfx/,https://www.sidefx.com/,https://www.sidefx.com/tutorials/category/vex-for-vfx/,recon_page,2026-05-02T22:02:47.091268
87,1,2,1,1,0,0,1,0,14,0,com,200,2,1230288,228.055,0,0,23,1,ESF,0,html,0,0,0,1,7,1,1,1,1,1,0,0,0,0,0,0,0,0,0,0,0,0,0,0,0,0,0,0,1,4,4,0,0,1,1,0,1,0,0,1,1,0,0,1,0,0,0,0,0,0,0,0,0,0,0,0,0,1,0,0,0,0,0,0,0,0,0,0,0,0,0,0,0.0,0.0,0.0,0,0,0,0,0,0,0,0,0,0,0,0,1,0,0,0,0,0,0,0,1,0.0,3.2512712470575996e-06,0.875,0.0,0,,multi_full_20260502_195038_0001,2026-05-02T22:03:06.238604,https://www.sidefx.com/login/google-oauth2/?next=/tutorials/how-to-create-a-gommage-fx/,https://www.sidefx.com/,False,https://www.sidefx.com/login/google-oauth2/?next=/tutorials/how-to-create-a-gommage-fx/,https://www.sidefx.com/,https://www.sidefx.com/login/google-oauth2/?next=/tutorials/how-to-create-a-gommage-fx/,recon_page,2026-05-02T22:03:06.242510
46,1,3,0,0,0,0,1,0,14,0,com,200,2,74704,504.424,0,0,21,1,nginx,0,html,1,1,0,0,5,0,1,1,1,1,1,3,1,50,1,1,1,3,0,0,1,1,1,8,0,0,1,1,1,19,9,8,2,1,116,106,10,1,8,1,7,1,3,1,1,22,1,0,1,0,0,0,0,0,0,0,0,1,0,0,0,0,0,0,0,0,0,0,0,0,0,0,1.0,1.0,1.0,0,0,0,1,2,1,1,2,1,3,0,6,114,7,0,0,0,0,0,0,0,16.666666666666668,0.00025433711715570787,0.625,0.8165560077104306,0,,multi_full_20260502_195038_0001,2026-05-02T22:03:26.662125,https://www.sidefx.com/tutorials/category/vfx/,https://www.sidefx.com/,False,https://www.sidefx.com/tutorials/category/vfx/,https://www.sidefx.com/,https://www.sidefx.com/tutorials/category/vfx/,recon_page,2026-05-02T22:03:26.667894
89,1,2,1,1,0,0,1,0,14,0,com,200,2,23151,200.067,0,0,20,0,unknown,0,html,1,3,0,1,5,0,1,1,0,1,0,0,0,0,0,0,0,0,0,0,0,0,0,0,0,0,0,0,1,5,4,0,1,0,0,0,0,0,0,1,10,0,0,1,1,1,1,0,0,0,0,1,0,0,0,0,1,1,0,0,0,0,0,0,0,0,0,0,0,0,0,0,1.0,1.0,1.0,0,0,0,0,0,0,0,0,0,0,0,0,1,0,0,0,0,0,0,0,0,0.0,0.00021597339207809598,0.625,0.0,0,,multi_full_20260502_195038_0001,2026-05-02T22:03:35.411612,https://www.sidefx.com/login/microsoft-graph/?next=/tutorials/how-to-create-a-gommage-fx/,https://www.sidefx.com/,False,https://www.sidefx.com/login/microsoft-graph/?next=/tutorials/how-to-create-a-gommage-fx/,https://www.sidefx.com/,https://www.sidefx.com/login/microsoft-graph/?next=/tutorials/how-to-create-a-gommage-fx/,recon_page,2026-05-02T22:03:35.415279
96,1,2,1,1,0,0,1,0,14,0,com,200,2,23279,290.803,0,0,20,0,unknown,0,html,1,3,0,1,5,0,1,1,0,1,0,0,0,0,0,0,0,0,0,0,0,0,0,0,0,0,0,0,1,5,4,0,1,0,0,0,0,0,0,1,10,0,0,1,1,1,1,0,0,0,0,1,0,0,0,0,1,1,0,0,0,0,0,0,0,0,0,0,0,0,0,0,1.0,1.0,1.0,0,0,0,0,0,0,0,0,0,0,0,0,1,0,0,0,0,0,0,0,0,0.0,0.00021478585849907643,0.625,0.0,0,,multi_full_20260502_195038_0001,2026-05-02T22:03:43.268216,https://www.sidefx.com/login/microsoft-graph/?next=/learn-main-menu/academic-programs/resources/,https://www.sidefx.com/,False,https://www.sidefx.com/login/microsoft-graph/?next=/learn-main-menu/academic-programs/resources/,https://www.sidefx.com/,https://www.sidefx.com/login/microsoft-graph/?next=/learn-main-menu/academic-programs/resources/,recon_page,2026-05-02T22:03:43.274913
73,1,4,0,0,0,0,1,0,14,0,com,200,2,43413,515.93,0,0,20,1,nginx,0,html,1,1,0,0,5,0,1,1,1,1,1,3,1,9,1,1,1,3,0,0,1,1,1,5,0,0,1,1,1,17,7,8,2,1,136,110,26,1,23,1,7,1,5,1,1,13,1,0,1,0,0,0,0,0,0,0,0,1,0,0,0,0,0,0,0,0,0,0,0,0,0,0,1.0,1.0,1.0,0,0,0,1,2,1,1,2,1,3,0,6,131,19,0,0,0,0,0,0,0,3.0,0.0003915877732476447,0.625,0.39158777324764477,0,,multi_full_20260502_195038_0001,2026-05-02T22:03:59.407619,https://www.sidefx.com/education/education-programs/resources/curriculum/,https://www.sidefx.com/,False,https://www.sidefx.com/education/education-programs/resources/curriculum/,https://www.sidefx.com/,https://www.sidefx.com/education/education-programs/resources/curriculum/,recon_page,2026-05-02T22:03:59.412608
64,1,3,0,0,0,0,1,0,14,0,com,200,2,33335,578.98,0,0,20,1,nginx,0,html,1,1,0,0,5,0,1,1,1,1,1,3,1,9,1,1,1,3,0,0,1,1,1,5,0,0,1,1,1,17,8,7,2,1,110,97,13,1,7,1,7,1,3,1,1,7,1,0,1,0,1,0,0,0,0,0,0,1,0,0,0,0,0,0,0,0,0,0,0,0,0,0,1.0,1.0,1.0,0,0,0,1,2,1,1,2,1,3,0,6,109,6,0,3,0,0,0,0,0,3.0,0.0005099745012749362,0.625,0.5099745012749363,0,,multi_full_20260502_195038_0001,2026-05-02T22:04:08.905618,https://www.sidefx.com/education/education-programs/insight-lms/,https://www.sidefx.com/,False,https://www.sidefx.com/education/education-programs/insight-lms/,https://www.sidefx.com/,https://www.sidefx.com/education/education-programs/insight-lms/,recon_page,2026-05-02T22:04:08.909777
43,1,2,0,0,0,0,1,0,14,0,com,200,2,36159,1159.345,0,0,21,1,nginx,0,html,1,1,0,0,5,0,1,1,1,1,1,3,1,9,1,1,1,3,0,0,1,1,1,5,0,0,1,1,1,17,8,7,2,1,114,100,14,1,10,1,7,1,3,1,1,7,1,0,1,0,0,0,0,0,0,0,0,1,0,0,0,0,0,0,0,0,0,0,0,0,0,0,1.0,1.0,1.0,0,0,0,1,2,1,1,2,1,3,0,6,114,3,0,0,0,0,0,0,0,3.0,0.0004701457451810061,0.625,0.4701457451810061,0,,multi_full_20260502_195038_0001,2026-05-02T22:04:51.054878,https://www.sidefx.com/profile/arditgrezda/,https://www.sidefx.com/,False,https://www.sidefx.com/profile/arditgrezda/,https://www.sidefx.com/,https://www.sidefx.com/profile/arditgrezda/,recon_page,2026-05-02T22:04:51.065393
61,1,2,1,1,0,0,1,0,14,0,com,200,2,23066,197.433,0,0,20,0,unknown,0,html,1,3,0,1,5,0,1,1,0,1,0,0,0,0,0,0,0,0,0,0,0,0,0,0,0,0,0,0,1,5,4,0,1,0,0,0,0,0,0,1,10,0,0,1,1,1,1,0,0,0,0,1,0,0,0,0,1,1,0,0,0,0,0,0,0,0,0,0,0,0,0,0,1.0,1.0,1.0,0,0,0,0,0,0,0,0,0,0,0,0,1,0,0,0,0,0,0,0,0,0.0,0.00021676927078817306,0.625,0.0,0,,multi_full_20260502_195038_0001,2026-05-02T22:04:52.026935,https://www.sidefx.com/login/microsoft-graph/?next=/download/,https://www.sidefx.com/,False,https://www.sidefx.com/login/microsoft-graph/?next=/download/,https://www.sidefx.com/,https://www.sidefx.com/login/microsoft-graph/?next=/download/,recon_page,2026-05-02T22:04:52.267846
94,1,2,1,1,0,0,1,0,14,0,com,200,2,1230681,207.52200000000002,0,0,23,1,ESF,0,html,0,0,0,1,7,1,1,1,1,1,0,0,0,0,0,0,0,0,0,0,0,0,0,0,0,0,0,0,1,4,4,0,0,1,1,0,1,0,0,1,1,0,0,1,0,0,0,0,0,0,0,0,0,0,0,0,0,1,0,0,0,0,0,0,0,0,0,0,0,0,0,0,0.0,0.0,0.0,0,0,0,0,0,0,0,0,0,0,0,0,1,0,0,0,0,0,0,0,1,0.0,3.250233001078265e-06,0.875,0.0,0,,multi_full_20260502_195038_0001,2026-05-02T22:04:52.307744,https://www.sidefx.com/login/google-oauth2/?next=/learn-main-menu/academic-programs/resources/,https://www.sidefx.com/,False,https://www.sidefx.com/login/google-oauth2/?next=/learn-main-menu/academic-programs/resources/,https://www.sidefx.com/,https://www.sidefx.com/login/google-oauth2/?next=/learn-main-menu/academic-programs/resources/,recon_page,2026-05-02T22:04:52.315552
80,1,1,1,1,0,0,1,0,14,0,com,200,2,29847,1165.923,0,0,23,1,nginx,0,html,1,2,0,1,6,0,1,1,1,1,1,4,1,15,1,2,1,5,0,0,1,1,1,7,0,0,1,1,1,11,5,6,0,1,111,101,10,1,5,1,7,1,2,1,1,2,1,0,1,0,0,0,0,0,0,0,0,1,0,0,0,0,0,0,1,0,0,0,0,0,0,0,1.0,1.0,1.0,0,0,0,1,3,1,2,3,1,4,0,9,103,6,0,0,0,0,0,0,0,3.75,0.0003685462525546956,0.75,0.8711093242201896,0,,multi_full_20260502_195038_0001,2026-05-02T22:04:52.307043,https://www.sidefx.com/login/?next=/learn-main-menu/academic-programs/resources/,https://www.sidefx.com/,False,https://www.sidefx.com/login/?next=/learn-main-menu/academic-programs/resources/,https://www.sidefx.com/,https://www.sidefx.com/login/?next=/learn-main-menu/academic-programs/resources/,recon_page,2026-05-02T22:04:52.318106
59,1,2,1,1,0,0,1,0,14,0,com,200,2,1230330,181.895,0,0,23,1,ESF,0,html,0,0,0,1,7,1,1,1,1,1,0,0,0,0,0,0,0,0,0,0,0,0,0,0,0,0,0,0,1,4,4,0,0,1,1,0,1,0,0,1,1,0,0,1,0,0,0,0,0,0,0,0,0,0,0,0,0,1,0,0,0,0,0,0,0,0,0,0,0,0,0,0,0.0,0.0,0.0,0,0,0,0,0,0,0,0,0,0,0,0,1,0,0,0,0,0,0,0,1,0.0,3.2511602578170086e-06,0.875,0.0,0,,multi_full_20260502_195038_0001,2026-05-02T22:04:52.950663,https://www.sidefx.com/login/google-oauth2/?next=/download/,https://www.sidefx.com/,False,https://www.sidefx.com/login/google-oauth2/?next=/download/,https://www.sidefx.com/,https://www.sidefx.com/login/google-oauth2/?next=/download/,recon_page,2026-05-02T22:04:52.968289
93,1,2,1,1,0,0,1,0,14,0,com,200,2,54318,1159.509,0,0,20,1,ATS,0,html,1,1,0,1,7,1,1,1,1,1,0,0,0,0,0,0,0,0,0,0,0,0,0,0,0,0,0,0,1,38,14,0,24,1,14,0,14,0,0,1,7,1,6,1,1,4,1,0,0,0,0,0,0,0,0,0,0,1,0,0,0,0,0,0,0,0,0,0,0,0,0,0,1.0,1.0,0.0,0,0,0,0,0,0,0,0,0,0,0,0,36,0,0,0,0,0,0,0,0,0.0,0.000699583931661696,0.875,0.0,0,,multi_full_20260502_195038_0001,2026-05-02T22:04:53.032025,https://www.sidefx.com/login/yahoo-oauth2/?next=/learn-main-menu/academic-programs/resources/,https://www.sidefx.com/,False,https://www.sidefx.com/login/yahoo-oauth2/?next=/learn-main-menu/academic-programs/resources/,https://www.sidefx.com/,https://www.sidefx.com/login/yahoo-oauth2/?next=/learn-main-menu/academic-programs/resources/,recon_page,2026-05-02T22:04:53.044064
58,1,2,1,1,0,0,1,0,14,0,com,200,2,54318,1132.3829999999998,0,0,20,1,ATS,0,html,1,1,0,1,7,1,1,1,1,1,0,0,0,0,0,0,0,0,0,0,0,0,0,0,0,0,0,0,1,38,14,0,24,1,14,0,14,0,0,1,7,1,6,1,1,4,1,0,0,0,0,0,0,0,0,0,0,1,0,0,0,0,0,0,0,0,0,0,0,0,0,0,1.0,1.0,0.0,0,0,0,0,0,0,0,0,0,0,0,0,36,0,0,0,0,0,0,0,0,0.0,0.000699583931661696,0.875,0.0,0,,multi_full_20260502_195038_0001,2026-05-02T22:04:53.515967,https://www.sidefx.com/login/yahoo-oauth2/?next=/download/,https://www.sidefx.com/,False,https://www.sidefx.com/login/yahoo-oauth2/?next=/download/,https://www.sidefx.com/,https://www.sidefx.com/login/yahoo-oauth2/?next=/download/,recon_page,2026-05-02T22:04:53.522187
45,1,1,1,1,0,0,1,0,14,0,com,200,2,29847,249.102,0,0,23,1,nginx,0,html,1,2,0,1,6,0,1,1,1,1,1,4,1,15,1,2,1,5,0,0,1,1,1,7,0,0,1,1,1,11,5,6,0,1,111,101,10,1,5,1,7,1,2,1,1,2,1,0,1,0,0,0,0,0,0,0,0,1,0,0,0,0,0,0,1,0,0,0,0,0,0,0,1.0,1.0,1.0,0,0,0,1,3,1,2,3,1,4,0,9,103,6,0,0,0,0,0,0,0,3.75,0.0003685462525546956,0.75,0.8711093242201896,0,,multi_full_20260502_195038_0001,2026-05-02T22:05:00.771350,https://www.sidefx.com/login/?next=/download/,https://www.sidefx.com/,False,https://www.sidefx.com/login/?next=/download/,https://www.sidefx.com/,https://www.sidefx.com/login/?next=/download/,recon_page,2026-05-02T22:05:00.775391
81,1,2,1,1,0,0,1,0,14,0,com,200,2,23163,207.077,0,0,20,0,unknown,0,html,1,3,0,1,5,0,1,1,0,1,0,0,0,0,0,0,0,0,0,0,0,0,0,0,0,0,0,0,1,5,4,0,1,0,0,0,0,0,0,1,10,0,0,1,1,1,1,0,0,0,0,1,0,0,0,0,1,1,0,0,0,0,0,0,0,0,0,0,0,0,0,0,1.0,1.0,1.0,0,0,0,0,0,0,0,0,0,0,0,0,1,0,0,0,0,0,0,0,0,0.0,0.0002158615032595087,0.625,0.0,0,,multi_full_20260502_195038_0001,2026-05-02T22:06:01.937033,https://www.sidefx.com/login/microsoft-graph/?next=/products/karma/compare-karma/,https://www.sidefx.com/,False,https://www.sidefx.com/login/microsoft-graph/?next=/products/karma/compare-karma/,https://www.sidefx.com/,https://www.sidefx.com/login/microsoft-graph/?next=/products/karma/compare-karma/,recon_page,2026-05-02T22:06:01.942786
79,1,2,1,1,0,0,1,0,14,0,com,200,2,1230554,209.70600000000002,0,0,23,1,ESF,0,html,0,0,0,1,7,1,1,1,1,1,0,0,0,0,0,0,0,0,0,0,0,0,0,0,0,0,0,0,1,4,4,0,0,1,1,0,1,0,0,1,1,0,0,1,0,0,0,0,0,0,0,0,0,0,0,0,0,1,0,0,0,0,0,0,0,0,0,0,0,0,0,0,0.0,0.0,0.0,0,0,0,0,0,0,0,0,0,0,0,0,1,0,0,0,0,0,0,0,1,0.0,3.2505684431564968e-06,0.875,0.0,0,,multi_full_20260502_195038_0001,2026-05-02T22:06:34.310252,https://www.sidefx.com/login/google-oauth2/?next=/products/karma/compare-karma/,https://www.sidefx.com/,False,https://www.sidefx.com/login/google-oauth2/?next=/products/karma/compare-karma/,https://www.sidefx.com/,https://www.sidefx.com/login/google-oauth2/?next=/products/karma/compare-karma/,recon_page,2026-05-02T22:06:34.315383
76,1,1,1,1,0,0,1,0,14,0,com,200,2,29847,1968.9099999999999,0,0,23,1,nginx,0,html,1,2,0,1,6,0,1,1,1,1,1,4,1,15,1,2,1,5,0,0,1,1,1,7,0,0,1,1,1,11,5,6,0,1,111,101,10,1,5,1,7,1,2,1,1,2,1,0,1,0,0,0,0,0,0,0,0,1,0,0,0,0,0,0,0,0,0,0,0,0,0,0,1.0,1.0,1.0,0,0,0,1,3,1,2,3,1,4,0,9,103,6,0,0,0,0,0,0,0,3.75,0.0003685462525546956,0.75,0.8711093242201896,0,,multi_full_20260502_195038_0001,2026-05-02T22:06:34.776228,https://www.sidefx.com/login/?next=/contentlibrary/carbd-dual-car-collision/,https://www.sidefx.com/,False,https://www.sidefx.com/login/?next=/contentlibrary/carbd-dual-car-collision/,https://www.sidefx.com/,https://www.sidefx.com/login/?next=/contentlibrary/carbd-dual-car-collision/,recon_page,2026-05-02T22:06:34.779974
65,1,1,1,1,0,0,1,0,14,0,com,200,2,29847,1985.5510000000002,0,0,23,1,nginx,0,html,1,2,0,1,6,0,1,1,1,1,1,4,1,15,1,2,1,5,0,0,1,1,1,7,0,0,1,1,1,11,5,6,0,1,111,101,10,1,5,1,7,1,2,1,1,2,1,0,1,0,0,0,0,0,0,0,0,1,0,0,0,0,0,0,1,0,0,0,0,0,0,0,1.0,1.0,1.0,0,0,0,1,3,1,2,3,1,4,0,9,103,6,0,0,0,0,0,0,0,3.75,0.0003685462525546956,0.75,0.8711093242201896,0,,multi_full_20260502_195038_0001,2026-05-02T22:06:35.030664,https://www.sidefx.com/login/?next=/products/karma/compare-karma/,https://www.sidefx.com/,False,https://www.sidefx.com/login/?next=/products/karma/compare-karma/,https://www.sidefx.com/,https://www.sidefx.com/login/?next=/products/karma/compare-karma/,recon_page,2026-05-02T22:06:35.034119
92,1,2,1,1,0,0,1,0,14,0,com,200,2,23075,167.518,0,0,20,0,unknown,0,html,1,3,0,1,5,0,1,1,0,1,0,0,0,0,0,0,0,0,0,0,0,0,0,0,0,0,0,0,1,5,4,0,1,0,0,0,0,0,0,1,10,0,0,1,1,1,1,0,0,0,0,1,0,0,0,0,1,1,0,0,0,0,0,0,0,0,0,0,0,0,0,0,1.0,1.0,1.0,0,0,0,0,0,0,0,0,0,0,0,0,1,0,0,0,0,0,0,0,0,0.0,0.00021668472372697725,0.625,0.0,0,,multi_full_20260502_195038_0001,2026-05-02T22:06:35.330538,https://www.sidefx.com/login/microsoft-graph/?next=/contentlibrary/carbd-dual-car-collision/,https://www.sidefx.com/,False,https://www.sidefx.com/login/microsoft-graph/?next=/contentlibrary/carbd-dual-car-collision/,https://www.sidefx.com/,https://www.sidefx.com/login/microsoft-graph/?next=/contentlibrary/carbd-dual-car-collision/,recon_page,2026-05-02T22:06:35.335952
90,1,2,1,1,0,0,1,0,14,0,com,200,2,1230489,192.685,0,0,23,1,ESF,0,html,0,0,0,1,7,1,1,1,1,1,0,0,0,0,0,0,0,0,0,0,0,0,0,0,0,0,0,0,1,4,4,0,0,1,1,0,1,0,0,1,1,0,0,1,0,0,0,0,0,0,0,0,0,0,0,0,0,1,0,0,0,0,0,0,0,0,0,0,0,0,0,0,0.0,0.0,0.0,0,0,0,0,0,0,0,0,0,0,0,0,1,0,0,0,0,0,0,0,1,0.0,3.250740152898563e-06,0.875,0.0,0,,multi_full_20260502_195038_0001,2026-05-02T22:06:36.215304,https://www.sidefx.com/login/google-oauth2/?next=/contentlibrary/carbd-dual-car-collision/,https://www.sidefx.com/,False,https://www.sidefx.com/login/google-oauth2/?next=/contentlibrary/carbd-dual-car-collision/,https://www.sidefx.com/,https://www.sidefx.com/login/google-oauth2/?next=/contentlibrary/carbd-dual-car-collision/,recon_page,2026-05-02T22:06:36.240080
78,1,2,1,1,0,0,1,0,14,0,com,200,2,54318,805.157,0,0,20,1,ATS,0,html,1,1,0,1,7,1,1,1,1,1,0,0,0,0,0,0,0,0,0,0,0,0,0,0,0,0,0,0,1,38,14,0,24,1,14,0,14,0,0,1,7,1,6,1,1,4,1,0,0,0,0,0,0,0,0,0,0,1,0,0,0,0,0,0,0,0,0,0,0,0,0,0,1.0,1.0,0.0,0,0,0,0,0,0,0,0,0,0,0,0,36,0,0,0,0,0,0,0,0,0.0,0.000699583931661696,0.875,0.0,0,,multi_full_20260502_195038_0001,2026-05-02T22:06:36.343881,https://www.sidefx.com/login/yahoo-oauth2/?next=/products/karma/compare-karma/,https://www.sidefx.com/,False,https://www.sidefx.com/login/yahoo-oauth2/?next=/products/karma/compare-karma/,https://www.sidefx.com/,https://www.sidefx.com/login/yahoo-oauth2/?next=/products/karma/compare-karma/,recon_page,2026-05-02T22:06:36.390355
66,1,2,0,0,0,0,1,0,14,0,com,200,2,85315,615.309,0,0,21,1,nginx,0,html,1,1,0,0,5,0,1,1,1,1,1,7,1,61,1,1,1,43,0,0,1,1,1,9,1,4,1,1,1,19,10,7,2,1,130,117,13,1,32,1,7,1,3,1,1,14,1,0,1,0,1,0,0,0,0,0,0,1,0,0,0,0,0,0,0,0,0,0,0,0,0,0,1.0,1.0,1.0,0,0,0,1,6,1,5,6,1,7,0,17,125,6,0,0,0,0,0,0,0,8.714285714285714,0.0002227040965832503,0.625,0.902537654574225,0,,multi_full_20260502_195038_0001,2026-05-02T22:06:45.762936,https://www.sidefx.com/tutorials/caRBD_dualcar_collision_tutorial/,https://www.sidefx.com/,False,https://www.sidefx.com/tutorials/caRBD_dualcar_collision_tutorial/,https://www.sidefx.com/,https://www.sidefx.com/tutorials/caRBD_dualcar_collision_tutorial/,recon_page,2026-05-02T22:06:45.766040
53,1,2,0,0,0,0,1,0,14,0,com,200,2,40681,368.634,0,0,21,1,nginx,0,html,1,1,0,0,5,0,1,1,1,1,1,3,1,9,1,1,1,3,0,0,1,1,1,5,0,0,1,1,1,17,8,7,2,1,119,104,15,1,10,1,7,1,3,1,1,7,1,0,1,0,0,0,0,0,0,0,0,1,0,0,0,0,0,0,0,0,0,0,0,0,0,0,1.0,1.0,1.0,0,0,0,1,2,1,1,2,1,3,0,6,119,7,0,0,0,0,0,0,0,3.0,0.0004178854993731718,0.625,0.41788549937317176,0,,multi_full_20260502_195038_0001,2026-05-02T22:06:58.067385,https://www.sidefx.com/profile/Viswesh%20Rameshkumar/,https://www.sidefx.com/,False,https://www.sidefx.com/profile/Viswesh%20Rameshkumar/,https://www.sidefx.com/,https://www.sidefx.com/profile/Viswesh%20Rameshkumar/,recon_page,2026-05-02T22:06:58.070620
60,1,3,0,0,0,0,1,0,14,0,com,200,2,35404,722.673,0,0,21,1,nginx,0,html,1,1,0,0,5,0,1,1,1,1,1,3,1,11,1,1,1,3,0,0,1,1,1,6,0,0,1,2,1,17,8,7,2,1,108,98,10,1,7,1,7,1,2,1,1,12,1,0,1,0,0,0,0,0,0,0,0,1,0,0,0,0,0,0,0,0,0,0,0,0,0,0,1.0,1.0,1.0,0,0,0,1,2,1,1,2,1,3,0,6,106,3,0,0,0,0,0,0,0,3.6666666666666665,0.00048017173200768276,0.625,0.5649079200090384,0,,multi_full_20260502_195038_0001,2026-05-02T22:07:59.413606,https://www.sidefx.com/gallery/author/Viswesh%20Rameshkumar/,https://www.sidefx.com/,False,https://www.sidefx.com/gallery/author/Viswesh%20Rameshkumar/,https://www.sidefx.com/,https://www.sidefx.com/gallery/author/Viswesh%20Rameshkumar/,recon_page,2026-05-02T22:07:59.418789
22,0,0,0,0,0,0,1,0,14,0,com,200,2,68922,575.032,0,0,21,1,nginx,0,html,1,1,0,0,5,0,1,1,1,1,1,3,1,9,1,1,1,3,0,0,1,1,1,5,0,0,1,1,1,25,8,14,3,1,175,162,13,1,7,1,7,1,6,1,1,8,1,0,1,0,0,0,0,0,0,0,0,1,0,1,0,0,0,0,0,0,0,0,0,0,0,0,1.0,1.0,1.0,0,0,0,1,2,1,1,2,1,3,0,6,172,5,0,0,0,0,0,0,0,3.0,0.00036272888192449436,0.625,0.24665563970865617,0,,multi_full_20260502_195038_0001,2026-05-02T22:07:59.828007,http://www.sidefx.com/,https://www.sidefx.com/,False,http://www.sidefx.com/,https://www.sidefx.com/,http://www.sidefx.com/,recon_page,2026-05-02T22:07:59.833672
89,1,2,1,1,0,0,1,0,14,0,com,200,2,54318,371.864,0,0,20,1,ATS,0,html,1,1,0,1,7,1,1,1,1,1,0,0,0,0,0,0,0,0,0,0,0,0,0,0,0,0,0,0,1,38,14,0,24,1,14,0,14,0,0,1,7,1,6,1,1,4,1,0,0,0,0,0,0,0,0,0,0,1,0,0,0,0,0,0,0,0,0,0,0,0,0,0,1.0,1.0,0.0,0,0,0,0,0,0,0,0,0,0,0,0,36,0,0,0,0,0,0,0,0,0.0,0.000699583931661696,0.875,0.0,0,,multi_full_20260502_195038_0001,2026-05-02T22:08:00.565815,https://www.sidefx.com/login/yahoo-oauth2/?next=/contentlibrary/carbd-dual-car-collision/,https://www.sidefx.com/,False,https://www.sidefx.com/login/yahoo-oauth2/?next=/contentlibrary/carbd-dual-car-collision/,https://www.sidefx.com/,https://www.sidefx.com/login/yahoo-oauth2/?next=/contentlibrary/carbd-dual-car-collision/,recon_page,2026-05-02T22:08:00.574801
76,1,2,1,1,0,0,1,0,14,0,com,200,2,54318,934.619,0,0,20,1,ATS,0,html,1,1,0,1,7,1,1,1,1,1,0,0,0,0,0,0,0,0,0,0,0,0,0,0,0,0,0,0,1,38,14,0,24,1,14,0,14,0,0,1,7,1,6,1,1,4,1,0,0,0,0,0,0,0,0,0,0,1,0,0,0,0,0,0,0,0,0,0,0,0,0,0,1.0,1.0,0.0,0,0,0,0,0,0,0,0,0,0,0,0,36,0,0,0,0,0,0,0,0,0.0,0.000699583931661696,0.875,0.0,0,,multi_full_20260502_195038_0001,2026-05-02T22:08:01.284888,https://www.sidefx.com/login/yahoo-oauth2/?next=/legal/terms-and-conditions/,https://www.sidefx.com/,False,https://www.sidefx.com/login/yahoo-oauth2/?next=/legal/terms-and-conditions/,https://www.sidefx.com/,https://www.sidefx.com/login/yahoo-oauth2/?next=/legal/terms-and-conditions/,recon_page,2026-05-02T22:08:01.296784
63,1,1,1,1,0,0,1,0,14,0,com,200,2,29847,680.505,0,0,23,1,nginx,0,html,1,2,0,1,6,0,1,1,1,1,1,4,1,15,1,2,1,5,0,0,1,1,1,7,0,0,1,1,1,11,5,6,0,1,111,101,10,1,5,1,7,1,2,1,1,2,1,0,1,0,0,0,0,0,0,0,0,1,0,0,0,0,0,0,1,0,0,0,0,0,0,0,1.0,1.0,1.0,0,0,0,1,3,1,2,3,1,4,0,9,103,6,0,0,0,0,0,0,0,3.75,0.0003685462525546956,0.75,0.8711093242201896,0,,multi_full_20260502_195038_0001,2026-05-02T22:08:02.137067,https://www.sidefx.com/login/?next=/legal/terms-and-conditions/,https://www.sidefx.com/,False,https://www.sidefx.com/login/?next=/legal/terms-and-conditions/,https://www.sidefx.com/,https://www.sidefx.com/login/?next=/legal/terms-and-conditions/,recon_page,2026-05-02T22:08:02.139994
77,1,2,1,1,0,0,1,0,14,0,com,200,2,1230517,205.632,0,0,23,1,ESF,0,html,0,0,0,1,7,1,1,1,1,1,0,0,0,0,0,0,0,0,0,0,0,0,0,0,0,0,0,0,1,4,4,0,0,1,1,0,1,0,0,1,1,0,0,1,0,0,0,0,0,0,0,0,0,0,0,0,0,1,0,0,0,0,0,0,1,0,0,0,0,0,0,0,0.0,0.0,0.0,0,0,0,0,0,0,0,0,0,0,0,0,1,0,0,0,0,0,0,0,1,0.0,3.2506661834009607e-06,0.875,0.0,0,,multi_full_20260502_195038_0001,2026-05-02T22:09:38.865060,https://www.sidefx.com/login/google-oauth2/?next=/legal/terms-and-conditions/,https://www.sidefx.com/,False,https://www.sidefx.com/login/google-oauth2/?next=/legal/terms-and-conditions/,https://www.sidefx.com/,https://www.sidefx.com/login/google-oauth2/?next=/legal/terms-and-conditions/,recon_page,2026-05-02T22:09:38.871263
79,1,2,1,1,0,0,1,0,14,0,com,200,2,23170,743.582,0,0,20,0,unknown,0,html,1,3,0,1,5,0,1,1,0,1,0,0,0,0,0,0,0,0,0,0,0,0,0,0,0,0,0,0,1,5,4,0,1,0,0,0,0,0,0,1,10,0,0,1,1,1,1,0,0,0,0,1,0,0,0,0,1,1,0,0,0,0,0,0,0,0,0,0,0,0,0,0,1.0,1.0,1.0,0,0,0,0,0,0,0,0,0,0,0,0,1,0,0,0,0,0,0,0,0,0.0,0.00021579628830384117,0.625,0.0,0,,multi_full_20260502_195038_0001,2026-05-02T22:10:06.570020,https://www.sidefx.com/login/microsoft-graph/?next=/legal/terms-and-conditions/,https://www.sidefx.com/,False,https://www.sidefx.com/login/microsoft-graph/?next=/legal/terms-and-conditions/,https://www.sidefx.com/,https://www.sidefx.com/login/microsoft-graph/?next=/legal/terms-and-conditions/,recon_page,2026-05-02T22:10:06.592862
47,1,2,0,0,0,0,1,0,14,0,com,404,4,25,300.917,0,0,19,1,nginx,0,html,0,0,0,0,5,0,1,1,1,1,0,0,0,0,0,0,0,0,0,0,0,0,0,0,0,0,0,0,0,0,0,0,0,0,0,0,0,0,0,0,0,0,0,0,0,0,0,0,1,0,0,0,0,0,0,0,0,1,0,0,0,0,0,0,0,0,0,0,0,0,0,0,0.0,0.0,0.0,0,0,0,0,0,0,0,0,0,0,0,0,0,0,0,0,0,0,0,0,0,0.0,0.0,0.625,0.0,0,,multi_full_20260502_195038_0001,2026-05-02T22:10:06.578717,https://www.sidefx.com/4+N1ZX1aE32m//cFwG7rQ==/,https://www.sidefx.com/,False,https://www.sidefx.com/4+N1ZX1aE32m//cFwG7rQ==/,https://www.sidefx.com/,https://www.sidefx.com/4+N1ZX1aE32m//cFwG7rQ==/,recon_page,2026-05-02T22:10:06.604280
37,0,1,0,0,0,0,1,0,14,0,com,200,2,67452,498.15,0,0,21,1,nginx,0,html,1,1,0,0,5,0,1,1,1,1,1,3,1,45,1,1,1,3,0,0,1,1,1,8,0,0,1,1,1,19,9,8,2,1,115,105,10,1,8,1,7,1,3,1,1,17,1,0,1,0,0,0,0,0,0,0,0,1,0,0,0,0,0,0,0,0,0,0,0,0,0,0,1.0,1.0,1.0,0,0,0,1,2,1,1,2,1,3,0,6,110,3,0,0,0,0,0,0,0,15.0,0.0002816817885311036,0.625,0.8302200083022001,0,,multi_full_20260502_195038_0001,2026-05-02T22:10:06.628552,http://www.sidefx.com/contentlibrary/,https://www.sidefx.com/,False,http://www.sidefx.com/contentlibrary/,https://www.sidefx.com/,http://www.sidefx.com/contentlibrary/,recon_page,2026-05-02T22:10:06.632431
77,1,2,1,1,0,0,1,0,14,0,com,200,2,1230322,202.912,0,0,23,1,ESF,0,html,0,0,0,1,7,1,1,1,1,1,0,0,0,0,0,0,0,0,0,0,0,0,0,0,0,0,0,0,1,4,4,0,0,1,1,0,1,0,0,1,1,0,0,1,0,0,0,0,0,0,0,0,0,0,0,0,0,1,0,0,0,0,0,0,0,0,0,0,0,0,0,0,0.0,0.0,0.0,0,0,0,0,0,0,0,0,0,0,0,0,1,0,0,0,0,0,0,0,1,0.0,3.251181398040513e-06,0.875,0.0,0,,multi_full_20260502_195038_0001,2026-05-02T22:10:38.827312,https://www.sidefx.com/login/google-oauth2/?next=/industries/motion-graphics/,https://www.sidefx.com/,False,https://www.sidefx.com/login/google-oauth2/?next=/industries/motion-graphics/,https://www.sidefx.com/,https://www.sidefx.com/login/google-oauth2/?next=/industries/motion-graphics/,recon_page,2026-05-02T22:10:38.854701
79,1,2,1,1,0,0,1,0,14,0,com,200,2,23170,213.25,0,0,20,0,unknown,0,html,1,3,0,1,5,0,1,1,0,1,0,0,0,0,0,0,0,0,0,0,0,0,0,0,0,0,0,0,1,5,4,0,1,0,0,0,0,0,0,1,10,0,0,1,1,1,1,0,0,0,0,1,0,0,0,0,1,1,0,0,0,0,0,0,0,0,0,0,0,0,0,0,1.0,1.0,1.0,0,0,0,0,0,0,0,0,0,0,0,0,1,0,0,0,0,0,0,0,0,0.0,0.00021579628830384117,0.625,0.0,0,,multi_full_20260502_195038_0001,2026-05-02T22:11:10.541246,https://www.sidefx.com/login/microsoft-graph/?next=/industries/motion-graphics/,https://www.sidefx.com/,False,https://www.sidefx.com/login/microsoft-graph/?next=/industries/motion-graphics/,https://www.sidefx.com/,https://www.sidefx.com/login/microsoft-graph/?next=/industries/motion-graphics/,recon_page,2026-05-02T22:11:10.551181
63,1,1,1,1,0,0,1,0,14,0,com,200,2,29847,1010.036,0,0,23,1,nginx,0,html,1,2,0,1,6,0,1,1,1,1,1,4,1,15,1,2,1,5,0,0,1,1,1,7,0,0,1,1,1,11,5,6,0,1,111,101,10,1,5,1,7,1,2,1,1,2,1,0,1,0,0,0,0,0,0,0,0,1,0,0,0,0,0,0,1,0,0,0,0,0,0,0,1.0,1.0,1.0,0,0,0,1,3,1,2,3,1,4,0,9,103,6,0,0,0,0,0,0,0,3.75,0.0003685462525546956,0.75,0.8711093242201896,0,,multi_full_20260502_195038_0001,2026-05-02T22:11:10.846665,https://www.sidefx.com/login/?next=/industries/motion-graphics/,https://www.sidefx.com/,False,https://www.sidefx.com/login/?next=/industries/motion-graphics/,https://www.sidefx.com/,https://www.sidefx.com/login/?next=/industries/motion-graphics/,recon_page,2026-05-02T22:11:10.851820
79,1,1,1,1,0,0,1,0,14,0,com,200,2,29847,619.874,0,0,23,1,nginx,0,html,1,2,0,1,6,0,1,1,1,1,1,4,1,15,1,2,1,5,0,0,1,1,1,7,0,0,1,1,1,11,5,6,0,1,111,101,10,1,5,1,7,1,2,1,1,2,1,0,1,0,0,0,0,0,0,0,0,1,0,0,0,0,0,0,1,0,0,0,0,0,0,0,1.0,1.0,1.0,0,0,0,1,3,1,2,3,1,4,0,9,103,6,0,0,0,0,0,0,0,3.75,0.0003685462525546956,0.75,0.8711093242201896,0,,multi_full_20260502_195038_0001,2026-05-02T22:11:11.157067,https://www.sidefx.com/login/?next=/products/whats-new-in-h21/terrain-modeling/,https://www.sidefx.com/,False,https://www.sidefx.com/login/?next=/products/whats-new-in-h21/terrain-modeling/,https://www.sidefx.com/,https://www.sidefx.com/login/?next=/products/whats-new-in-h21/terrain-modeling/,recon_page,2026-05-02T22:11:11.174640
59,1,2,0,0,0,0,1,0,14,0,com,200,2,47331,1032.754,0,0,21,1,nginx,0,html,1,1,0,0,5,0,1,1,1,1,1,3,1,9,1,1,1,3,0,0,1,1,1,5,0,0,1,1,1,19,10,7,2,1,116,106,10,1,10,1,7,1,3,1,1,14,1,0,1,0,0,0,0,0,0,0,0,1,0,0,0,0,0,0,0,0,0,0,0,0,0,0,1.0,1.0,1.0,0,0,0,1,2,1,1,2,1,3,0,6,114,6,0,0,0,0,0,0,0,3.0,0.0004014282394202531,0.625,0.35917263527075277,0,,multi_full_20260502_195038_0001,2026-05-02T22:11:11.173619,https://www.sidefx.com/contentlibrary/neural-terrain-paint/,https://www.sidefx.com/,False,https://www.sidefx.com/contentlibrary/neural-terrain-paint/,https://www.sidefx.com/,https://www.sidefx.com/contentlibrary/neural-terrain-paint/,recon_page,2026-05-02T22:11:11.178494
92,1,2,1,1,0,0,1,0,14,0,com,200,2,54318,1202.366,0,0,20,1,ATS,0,html,1,1,0,1,7,1,1,1,1,1,0,0,0,0,0,0,0,0,0,0,0,0,0,0,0,0,0,0,1,38,14,0,24,1,14,0,14,0,0,1,7,1,6,1,1,4,1,0,0,0,0,0,0,0,0,0,0,1,0,0,0,0,0,0,0,0,0,0,0,0,0,0,1.0,1.0,0.0,0,0,0,0,0,0,0,0,0,0,0,0,36,0,0,0,0,0,0,0,0,0.0,0.000699583931661696,0.875,0.0,0,,multi_full_20260502_195038_0001,2026-05-02T22:11:11.748739,https://www.sidefx.com/login/yahoo-oauth2/?next=/products/whats-new-in-h21/terrain-modeling/,https://www.sidefx.com/,False,https://www.sidefx.com/login/yahoo-oauth2/?next=/products/whats-new-in-h21/terrain-modeling/,https://www.sidefx.com/,https://www.sidefx.com/login/yahoo-oauth2/?next=/products/whats-new-in-h21/terrain-modeling/,recon_page,2026-05-02T22:11:11.754882
76,1,2,1,1,0,0,1,0,14,0,com,200,2,54318,699.124,0,0,20,1,ATS,0,html,1,1,0,1,7,1,1,1,1,1,0,0,0,0,0,0,0,0,0,0,0,0,0,0,0,0,0,0,1,38,14,0,24,1,14,0,14,0,0,1,7,1,6,1,1,4,1,0,0,0,0,0,0,0,0,0,0,1,0,0,0,0,0,0,0,0,0,0,0,0,0,0,1.0,1.0,0.0,0,0,0,0,0,0,0,0,0,0,0,0,36,0,0,0,0,0,0,0,0,0.0,0.000699583931661696,0.875,0.0,0,,multi_full_20260502_195038_0001,2026-05-02T22:11:12.095255,https://www.sidefx.com/login/yahoo-oauth2/?next=/industries/motion-graphics/,https://www.sidefx.com/,False,https://www.sidefx.com/login/yahoo-oauth2/?next=/industries/motion-graphics/,https://www.sidefx.com/,https://www.sidefx.com/login/yahoo-oauth2/?next=/industries/motion-graphics/,recon_page,2026-05-02T22:11:12.107223
93,1,2,1,1,0,0,1,0,14,0,com,200,2,1230601,246.591,0,0,23,1,ESF,0,html,0,0,0,1,7,1,1,1,1,1,0,0,0,0,0,0,0,0,0,0,0,0,0,0,0,0,0,0,1,4,4,0,0,1,1,0,1,0,0,1,1,0,0,1,0,0,0,0,0,0,0,0,0,0,0,0,0,1,0,0,0,0,0,0,0,0,0,0,0,0,0,0,0.0,0.0,0.0,0,0,0,0,0,0,0,0,0,0,0,0,1,0,0,0,0,0,0,0,1,0.0,3.250444295104587e-06,0.875,0.0,0,,multi_full_20260502_195038_0001,2026-05-02T22:11:13.705262,https://www.sidefx.com/login/google-oauth2/?next=/products/whats-new-in-h21/terrain-modeling/,https://www.sidefx.com/,False,https://www.sidefx.com/login/google-oauth2/?next=/products/whats-new-in-h21/terrain-modeling/,https://www.sidefx.com/,https://www.sidefx.com/login/google-oauth2/?next=/products/whats-new-in-h21/terrain-modeling/,recon_page,2026-05-02T22:11:13.712275
95,1,2,1,1,0,0,1,0,14,0,com,200,2,23167,206.227,0,0,20,0,unknown,0,html,1,3,0,1,5,0,1,1,0,1,0,0,0,0,0,0,0,0,0,0,0,0,0,0,0,0,0,0,1,5,4,0,1,0,0,0,0,0,0,1,10,0,0,1,1,1,1,0,0,0,0,1,0,0,0,0,1,1,0,0,0,0,0,0,0,0,0,0,0,0,0,0,1.0,1.0,1.0,0,0,0,0,0,0,0,0,0,0,0,0,1,0,0,0,0,0,0,0,0,0.0,0.0002158242327448526,0.625,0.0,0,,multi_full_20260502_195038_0001,2026-05-02T22:11:54.025029,https://www.sidefx.com/login/microsoft-graph/?next=/products/whats-new-in-h21/terrain-modeling/,https://www.sidefx.com/,False,https://www.sidefx.com/login/microsoft-graph/?next=/products/whats-new-in-h21/terrain-modeling/,https://www.sidefx.com/,https://www.sidefx.com/login/microsoft-graph/?next=/products/whats-new-in-h21/terrain-modeling/,recon_page,2026-05-02T22:11:54.031099
63,1,1,1,1,0,0,1,0,14,0,com,200,2,29847,278.676,0,0,23,1,nginx,0,html,1,2,0,1,6,0,1,1,1,1,1,4,1,15,1,2,1,5,0,0,1,1,1,7,0,0,1,1,1,11,5,6,0,1,111,101,10,1,5,1,7,1,2,1,1,2,1,0,1,0,0,0,0,0,0,0,0,1,0,0,0,0,0,0,1,0,0,0,0,0,0,0,1.0,1.0,1.0,0,0,0,1,3,1,2,3,1,4,0,9,103,6,0,0,0,0,0,0,0,3.75,0.0003685462525546956,0.75,0.8711093242201896,0,,multi_full_20260502_195038_0001,2026-05-02T22:12:26.046883,https://www.sidefx.com/login/?next=/learn-main-menu/start-here/,https://www.sidefx.com/,False,https://www.sidefx.com/login/?next=/learn-main-menu/start-here/,https://www.sidefx.com/,https://www.sidefx.com/login/?next=/learn-main-menu/start-here/,recon_page,2026-05-02T22:12:26.053095
79,1,2,1,1,0,0,1,0,14,0,com,200,2,23160,225.594,0,0,20,0,unknown,0,html,1,3,0,1,5,0,1,1,0,1,0,0,0,0,0,0,0,0,0,0,0,0,0,0,0,0,0,0,1,5,4,0,1,0,0,0,0,0,0,1,10,0,0,1,1,1,1,0,0,0,0,1,0,0,0,0,1,1,0,0,0,0,0,0,0,0,0,0,0,0,0,0,1.0,1.0,1.0,0,0,0,0,0,0,0,0,0,0,0,0,1,0,0,0,0,0,0,0,0,0.0,0.0002158894645941278,0.625,0.0,0,,multi_full_20260502_195038_0001,2026-05-02T22:12:44.143080,https://www.sidefx.com/login/microsoft-graph/?next=/learn-main-menu/start-here/,https://www.sidefx.com/,False,https://www.sidefx.com/login/microsoft-graph/?next=/learn-main-menu/start-here/,https://www.sidefx.com/,https://www.sidefx.com/login/microsoft-graph/?next=/learn-main-menu/start-here/,recon_page,2026-05-02T22:12:44.149509
76,1,2,1,1,0,0,1,0,14,0,com,200,2,54318,768.083,0,0,20,1,ATS,0,html,1,1,0,1,7,1,1,1,1,1,0,0,0,0,0,0,0,0,0,0,0,0,0,0,0,0,0,0,1,38,14,0,24,1,14,0,14,0,0,1,7,1,6,1,1,4,1,0,0,0,0,0,0,0,0,0,0,1,0,0,0,0,0,0,0,0,0,0,0,0,0,0,1.0,1.0,0.0,0,0,0,0,0,0,0,0,0,0,0,0,36,0,0,0,0,0,0,0,0,0.0,0.000699583931661696,0.875,0.0,0,,multi_full_20260502_195038_0001,2026-05-02T22:13:20.219930,https://www.sidefx.com/login/yahoo-oauth2/?next=/learn-main-menu/start-here/,https://www.sidefx.com/,False,https://www.sidefx.com/login/yahoo-oauth2/?next=/learn-main-menu/start-here/,https://www.sidefx.com/,https://www.sidefx.com/login/yahoo-oauth2/?next=/learn-main-menu/start-here/,recon_page,2026-05-02T22:13:20.247478
50,1,2,0,0,0,0,1,0,14,0,com,200,2,42637,289.47299999999996,0,0,20,1,nginx,0,html,1,1,0,0,5,0,1,1,1,1,1,3,1,9,1,1,1,3,0,0,1,1,1,5,0,0,1,1,1,17,7,8,2,1,116,106,10,1,11,1,7,1,5,1,1,12,1,0,1,0,0,0,0,0,0,0,0,1,0,0,0,0,0,0,0,0,0,0,0,0,0,0,1.0,1.0,1.0,0,0,0,1,2,1,1,2,1,3,0,6,117,3,0,0,0,0,0,0,0,3.0,0.0003987147313366325,0.625,0.3987147313366325,0,,multi_full_20260502_195038_0001,2026-05-02T22:13:49.737278,https://www.sidefx.com/learn-main-menu/tech-demos/,https://www.sidefx.com/,False,https://www.sidefx.com/learn-main-menu/tech-demos/,https://www.sidefx.com/,https://www.sidefx.com/learn-main-menu/tech-demos/,recon_page,2026-05-02T22:13:49.753429
60,1,1,1,1,0,0,1,0,14,0,com,200,2,29847,816.994,0,0,23,1,nginx,0,html,1,2,0,1,6,0,1,1,1,1,1,4,1,15,1,2,1,5,0,0,1,1,1,7,0,0,1,1,1,11,5,6,0,1,111,101,10,1,5,1,7,1,2,1,1,2,1,0,1,0,0,0,0,0,0,0,0,1,0,0,0,0,0,0,1,0,0,0,0,0,0,0,1.0,1.0,1.0,0,0,0,1,3,1,2,3,1,4,0,9,103,6,0,0,0,0,0,0,0,3.75,0.0003685462525546956,0.75,0.8711093242201896,0,,multi_full_20260502_195038_0001,2026-05-02T22:13:49.982933,https://www.sidefx.com/login/?next=/legal/license-agreement/,https://www.sidefx.com/,False,https://www.sidefx.com/login/?next=/legal/license-agreement/,https://www.sidefx.com/,https://www.sidefx.com/login/?next=/legal/license-agreement/,recon_page,2026-05-02T22:13:50.006975
76,1,2,1,1,0,0,1,0,14,0,com,200,2,23175,227.68099999999998,0,0,20,0,unknown,0,html,1,3,0,1,5,0,1,1,0,1,0,0,0,0,0,0,0,0,0,0,0,0,0,0,0,0,0,0,1,5,4,0,1,0,0,0,0,0,0,1,10,0,0,1,1,1,1,0,0,0,0,1,0,0,0,0,1,1,0,0,0,0,0,0,0,0,0,0,0,0,0,0,1.0,1.0,1.0,0,0,0,0,0,0,0,0,0,0,0,0,1,0,0,0,0,0,0,0,0,0.0,0.0002157497303128371,0.625,0.0,0,,multi_full_20260502_195038_0001,2026-05-02T22:13:50.202937,https://www.sidefx.com/login/microsoft-graph/?next=/legal/license-agreement/,https://www.sidefx.com/,False,https://www.sidefx.com/login/microsoft-graph/?next=/legal/license-agreement/,https://www.sidefx.com/,https://www.sidefx.com/login/microsoft-graph/?next=/legal/license-agreement/,recon_page,2026-05-02T22:13:50.208937
74,1,2,1,1,0,0,1,0,14,0,com,200,2,1230316,196.311,0,0,23,1,ESF,0,html,0,0,0,1,7,1,1,1,1,1,0,0,0,0,0,0,0,0,0,0,0,0,0,0,0,0,0,0,1,4,4,0,0,1,1,0,1,0,0,1,1,0,0,1,0,0,0,0,0,0,0,0,0,0,0,0,0,1,0,0,0,0,0,0,0,0,0,0,0,0,0,0,0.0,0.0,0.0,0,0,0,0,0,0,0,0,0,0,0,0,1,0,0,0,0,0,0,0,1,0.0,3.2511972533885603e-06,0.875,0.0,0,,multi_full_20260502_195038_0001,2026-05-02T22:13:50.771912,https://www.sidefx.com/login/google-oauth2/?next=/legal/license-agreement/,https://www.sidefx.com/,False,https://www.sidefx.com/login/google-oauth2/?next=/legal/license-agreement/,https://www.sidefx.com/,https://www.sidefx.com/login/google-oauth2/?next=/legal/license-agreement/,recon_page,2026-05-02T22:13:50.778913
73,1,2,1,1,0,0,1,0,14,0,com,200,2,54318,382.812,0,0,20,1,ATS,0,html,1,1,0,1,7,1,1,1,1,1,0,0,0,0,0,0,0,0,0,0,0,0,0,0,0,0,0,0,1,38,14,0,24,1,14,0,14,0,0,1,7,1,6,1,1,4,1,0,0,0,0,0,0,0,0,0,0,1,0,0,0,0,0,0,0,0,0,0,0,0,0,0,1.0,1.0,0.0,0,0,0,0,0,0,0,0,0,0,0,0,36,0,0,0,0,0,0,0,0,0.0,0.000699583931661696,0.875,0.0,0,,multi_full_20260502_195038_0001,2026-05-02T22:13:50.832717,https://www.sidefx.com/login/yahoo-oauth2/?next=/legal/license-agreement/,https://www.sidefx.com/,False,https://www.sidefx.com/login/yahoo-oauth2/?next=/legal/license-agreement/,https://www.sidefx.com/,https://www.sidefx.com/login/yahoo-oauth2/?next=/legal/license-agreement/,recon_page,2026-05-02T22:13:50.839236
77,1,2,1,1,0,0,1,0,14,0,com,200,2,1230483,251.112,0,0,23,1,ESF,0,html,0,0,0,1,7,1,1,1,1,1,0,0,0,0,0,0,0,0,0,0,0,0,0,0,0,0,0,0,1,4,4,0,0,1,1,0,1,0,0,1,1,0,0,1,0,0,0,0,0,0,0,0,0,0,0,0,0,1,0,0,0,0,0,0,0,0,0,0,0,0,0,0,0.0,0.0,0.0,0,0,0,0,0,0,0,0,0,0,0,0,1,0,0,0,0,0,0,0,1,0.0,3.250756003943167e-06,0.875,0.0,0,,multi_full_20260502_195038_0001,2026-05-02T22:13:51.434726,https://www.sidefx.com/login/google-oauth2/?next=/learn-main-menu/start-here/,https://www.sidefx.com/,False,https://www.sidefx.com/login/google-oauth2/?next=/learn-main-menu/start-here/,https://www.sidefx.com/,https://www.sidefx.com/login/google-oauth2/?next=/learn-main-menu/start-here/,recon_page,2026-05-02T22:13:51.448104
37,1,2,0,0,0,0,1,0,14,0,com,200,2,139806,412.505,0,0,20,1,nginx,0,html,0,0,0,0,5,0,1,1,1,1,0,0,0,0,0,0,0,0,0,0,0,0,0,0,0,0,0,0,0,0,0,0,0,0,0,0,0,0,0,1,2,0,0,0,1,3,1,0,1,0,0,0,0,0,0,0,0,1,0,0,0,0,0,0,0,0,0,0,0,0,0,0,0.0,0.0,0.0,0,0,0,0,0,0,0,0,0,0,0,0,0,0,0,0,0,0,0,0,0,0.0,0.0,0.625,0.0,0,,multi_full_20260502_195038_0001,2026-05-02T22:14:05.525857,https://www.sidefx.com/download/eula/,https://www.sidefx.com/,False,https://www.sidefx.com/download/eula/,https://www.sidefx.com/,https://www.sidefx.com/download/eula/,recon_page,2026-05-02T22:14:05.531504
57,1,1,1,1,0,0,1,0,14,0,com,200,2,29847,242.53900000000002,0,0,23,1,nginx,0,html,1,2,0,1,6,0,1,1,1,1,1,4,1,15,1,2,1,5,0,0,1,1,1,7,0,0,1,1,1,11,5,6,0,1,111,101,10,1,5,1,7,1,2,1,1,2,1,0,1,0,0,0,0,0,0,0,0,1,0,0,0,0,0,0,0,0,0,0,0,0,0,0,1.0,1.0,1.0,0,0,0,1,3,1,2,3,1,4,0,9,103,6,0,0,0,0,0,0,0,3.75,0.0003685462525546956,0.75,0.8711093242201896,0,,multi_full_20260502_195038_0001,2026-05-02T22:14:53.284853,https://www.sidefx.com/login/?next=/gallery/water-ballet/,https://www.sidefx.com/,False,https://www.sidefx.com/login/?next=/gallery/water-ballet/,https://www.sidefx.com/,https://www.sidefx.com/login/?next=/gallery/water-ballet/,recon_page,2026-05-02T22:14:53.301171
71,1,2,1,1,0,0,1,0,14,0,com,200,2,1231560,230.36599999999999,0,0,23,1,ESF,0,html,0,0,0,1,7,1,1,1,1,1,0,0,0,0,0,0,0,0,0,0,0,0,0,0,0,0,0,0,1,4,4,0,0,1,1,0,1,0,0,1,1,0,0,1,0,0,0,0,0,0,0,0,0,0,0,0,0,1,0,0,0,0,0,0,0,0,0,0,0,0,0,0,0.0,0.0,0.0,0,0,0,0,0,0,0,0,0,0,0,0,1,0,0,0,0,0,0,0,1,0.0,3.247913215758875e-06,0.875,0.0,0,,multi_full_20260502_195038_0001,2026-05-02T22:15:04.023975,https://www.sidefx.com/login/google-oauth2/?next=/gallery/water-ballet/,https://www.sidefx.com/,False,https://www.sidefx.com/login/google-oauth2/?next=/gallery/water-ballet/,https://www.sidefx.com/,https://www.sidefx.com/login/google-oauth2/?next=/gallery/water-ballet/,recon_page,2026-05-02T22:15:04.280671
70,1,2,1,1,0,0,1,0,14,0,com,200,2,54318,2271.026,0,0,20,1,ATS,0,html,1,1,0,1,7,1,1,1,1,1,0,0,0,0,0,0,0,0,0,0,0,0,0,0,0,0,0,0,1,38,14,0,24,1,14,0,14,0,0,1,7,1,6,1,1,4,1,0,0,0,0,0,0,0,0,0,0,1,0,0,0,0,0,0,0,0,0,0,0,0,0,0,1.0,1.0,0.0,0,0,0,0,0,0,0,0,0,0,0,0,36,0,0,0,0,0,0,0,0,0.0,0.000699583931661696,0.875,0.0,0,,multi_full_20260502_195038_0001,2026-05-02T22:15:24.847211,https://www.sidefx.com/login/yahoo-oauth2/?next=/gallery/water-ballet/,https://www.sidefx.com/,False,https://www.sidefx.com/login/yahoo-oauth2/?next=/gallery/water-ballet/,https://www.sidefx.com/,https://www.sidefx.com/login/yahoo-oauth2/?next=/gallery/water-ballet/,recon_page,2026-05-02T22:15:24.858282
73,1,2,1,1,0,0,1,0,14,0,com,200,2,23163,811.038,0,0,20,0,unknown,0,html,1,3,0,1,5,0,1,1,0,1,0,0,0,0,0,0,0,0,0,0,0,0,0,0,0,0,0,0,1,5,4,0,1,0,0,0,0,0,0,1,10,0,0,1,1,1,1,0,0,0,0,1,0,0,0,0,1,1,0,0,0,0,0,0,0,0,0,0,0,0,0,0,1.0,1.0,1.0,0,0,0,0,0,0,0,0,0,0,0,0,1,0,0,0,0,0,0,0,0,0.0,0.0002158615032595087,0.625,0.0,0,,multi_full_20260502_195038_0001,2026-05-02T22:15:36.155811,https://www.sidefx.com/login/microsoft-graph/?next=/gallery/water-ballet/,https://www.sidefx.com/,False,https://www.sidefx.com/login/microsoft-graph/?next=/gallery/water-ballet/,https://www.sidefx.com/,https://www.sidefx.com/login/microsoft-graph/?next=/gallery/water-ballet/,recon_page,2026-05-02T22:15:36.168600
58,1,2,0,0,0,0,1,0,14,0,com,405,4,0,211.875,0,0,19,1,nginx,0,html,0,0,0,0,5,0,1,1,1,1,0,0,0,0,0,0,0,0,0,0,0,0,0,0,0,0,0,0,0,0,0,0,0,0,0,0,0,0,0,0,0,0,0,0,0,0,0,0,1,0,0,0,0,0,0,0,0,0,0,0,0,0,0,0,0,0,0,0,0,0,0,0,0.0,0.0,0.0,0,0,0,0,0,0,0,0,0,0,0,0,0,0,0,0,0,0,0,0,0,0.0,0.0,0.625,0.0,0,,multi_full_20260502_195038_0001,2026-05-02T22:15:50.628953,https://www.sidefx.com/tutorials/toggle-tutorial-bookmark/,https://www.sidefx.com/,False,https://www.sidefx.com/tutorials/toggle-tutorial-bookmark/,https://www.sidefx.com/,https://www.sidefx.com/tutorials/toggle-tutorial-bookmark/,recon_page,2026-05-02T22:15:50.641471
90,1,2,1,1,0,0,1,0,14,0,com,200,2,23172,282.645,0,0,20,0,unknown,0,html,1,3,0,1,5,0,1,1,0,1,0,0,0,0,0,0,0,0,0,0,0,0,0,0,0,0,0,0,1,5,4,0,1,0,0,0,0,0,0,1,10,0,0,1,1,1,1,0,0,0,0,1,0,0,0,0,1,1,0,0,0,0,0,0,0,0,0,0,0,0,0,0,1.0,1.0,1.0,0,0,0,0,0,0,0,0,0,0,0,0,1,0,0,0,0,0,0,0,0,0.0,0.00021577766269635767,0.625,0.0,0,,multi_full_20260502_195038_0001,2026-05-02T22:16:00.258622,https://www.sidefx.com/login/microsoft-graph/?next=/learn/learning-library/talks_webinars/,https://www.sidefx.com/,False,https://www.sidefx.com/login/microsoft-graph/?next=/learn/learning-library/talks_webinars/,https://www.sidefx.com/,https://www.sidefx.com/login/microsoft-graph/?next=/learn/learning-library/talks_webinars/,recon_page,2026-05-02T22:16:00.272038
88,1,2,1,1,0,0,1,0,14,0,com,200,2,1230334,234.709,0,0,23,1,ESF,0,html,0,0,0,1,7,1,1,1,1,1,0,0,0,0,0,0,0,0,0,0,0,0,0,0,0,0,0,0,1,4,4,0,0,1,1,0,1,0,0,1,1,0,0,1,0,0,0,0,0,0,0,0,0,0,0,0,0,1,0,0,0,0,0,0,0,0,0,0,0,0,0,0,0.0,0.0,0.0,0,0,0,0,0,0,0,0,0,0,0,0,1,0,0,0,0,0,0,0,1,0.0,3.251149687808351e-06,0.875,0.0,0,,multi_full_20260502_195038_0001,2026-05-02T22:16:09.291679,https://www.sidefx.com/login/google-oauth2/?next=/learn/learning-library/talks_webinars/,https://www.sidefx.com/,False,https://www.sidefx.com/login/google-oauth2/?next=/learn/learning-library/talks_webinars/,https://www.sidefx.com/,https://www.sidefx.com/login/google-oauth2/?next=/learn/learning-library/talks_webinars/,recon_page,2026-05-02T22:16:09.316486
74,1,1,1,1,0,0,1,0,14,0,com,200,2,29847,233.726,0,0,23,1,nginx,0,html,1,2,0,1,6,0,1,1,1,1,1,4,1,15,1,2,1,5,0,0,1,1,1,7,0,0,1,1,1,11,5,6,0,1,111,101,10,1,5,1,7,1,2,1,1,2,1,0,1,0,0,0,0,0,0,0,0,1,0,0,0,0,0,0,1,0,0,0,0,0,0,0,1.0,1.0,1.0,0,0,0,1,3,1,2,3,1,4,0,9,103,6,0,0,0,0,0,0,0,3.75,0.0003685462525546956,0.75,0.8711093242201896,0,,multi_full_20260502_195038_0001,2026-05-02T22:16:18.932914,https://www.sidefx.com/login/?next=/learn/learning-library/talks_webinars/,https://www.sidefx.com/,False,https://www.sidefx.com/login/?next=/learn/learning-library/talks_webinars/,https://www.sidefx.com/,https://www.sidefx.com/login/?next=/learn/learning-library/talks_webinars/,recon_page,2026-05-02T22:16:18.951702
43,1,3,0,0,0,0,1,0,14,0,com,405,4,0,227.618,0,0,19,1,nginx,0,html,0,0,0,0,5,0,1,1,1,1,0,0,0,0,0,0,0,0,0,0,0,0,0,0,0,0,0,0,0,0,0,0,0,0,0,0,0,0,0,0,0,0,0,0,0,0,0,0,1,0,0,0,0,0,0,0,0,0,0,0,0,0,0,0,0,0,0,0,0,0,0,0,0.0,0.0,0.0,0,0,0,0,0,0,0,0,0,0,0,0,0,0,0,0,0,0,0,0,0,0.0,0.0,0.625,0.0,0,,multi_full_20260502_195038_0001,2026-05-02T22:16:28.800537,https://www.sidefx.com/learn/api/get-talks/,https://www.sidefx.com/,False,https://www.sidefx.com/learn/api/get-talks/,https://www.sidefx.com/,https://www.sidefx.com/learn/api/get-talks/,recon_page,2026-05-02T22:16:28.810415
87,1,2,1,1,0,0,1,0,14,0,com,200,2,54318,372.315,0,0,20,1,ATS,0,html,1,1,0,1,7,1,1,1,1,1,0,0,0,0,0,0,0,0,0,0,0,0,0,0,0,0,0,0,1,38,14,0,24,1,14,0,14,0,0,1,7,1,6,1,1,4,1,0,0,0,0,0,0,0,0,0,0,1,0,0,0,0,0,0,0,0,0,0,0,0,0,0,1.0,1.0,0.0,0,0,0,0,0,0,0,0,0,0,0,0,36,0,0,0,0,0,0,0,0,0.0,0.000699583931661696,0.875,0.0,0,,multi_full_20260502_195038_0001,2026-05-02T22:16:38.193086,https://www.sidefx.com/login/yahoo-oauth2/?next=/learn/learning-library/talks_webinars/,https://www.sidefx.com/,False,https://www.sidefx.com/login/yahoo-oauth2/?next=/learn/learning-library/talks_webinars/,https://www.sidefx.com/,https://www.sidefx.com/login/yahoo-oauth2/?next=/learn/learning-library/talks_webinars/,recon_page,2026-05-02T22:16:38.204433
54,1,2,1,1,0,0,1,0,14,0,com,200,2,1230602,290.88000000000005,0,0,23,1,ESF,0,html,0,0,0,1,7,1,1,1,1,1,0,0,0,0,0,0,0,0,0,0,0,0,0,0,0,0,0,0,1,4,4,0,0,1,1,0,1,0,0,1,1,0,0,1,0,0,0,0,0,0,0,0,0,0,0,0,0,1,0,0,0,0,0,0,0,0,0,0,0,0,0,0,0.0,0.0,0.0,0,0,0,0,0,0,0,0,0,0,0,0,1,0,0,0,0,0,0,0,1,0.0,3.2504416537597047e-06,0.875,0.0,0,,multi_full_20260502_195038_0001,2026-05-02T22:17:07.055371,https://www.sidefx.com/login/google-oauth2/?next=/buy/,https://www.sidefx.com/,False,https://www.sidefx.com/login/google-oauth2/?next=/buy/,https://www.sidefx.com/,https://www.sidefx.com/login/google-oauth2/?next=/buy/,recon_page,2026-05-02T22:17:07.069856
79,1,3,0,0,0,0,1,0,14,0,com,405,4,0,2092.496,0,0,19,1,nginx,0,html,0,0,0,0,5,0,1,1,1,1,0,0,0,0,0,0,0,0,0,0,0,0,0,0,0,0,0,0,0,0,0,0,0,0,0,0,0,0,0,0,0,0,0,0,0,0,0,0,1,0,0,0,0,0,0,0,0,0,0,0,0,0,0,0,0,0,0,0,0,0,0,0,0.0,0.0,0.0,0,0,0,0,0,0,0,0,0,0,0,0,0,0,0,0,0,0,0,0,0,0.0,0.0,0.625,0.0,0,,multi_full_20260502_195038_0001,2026-05-02T22:17:08.180155,https://www.sidefx.com/shop/product/houdini-engine-workstation-1-year-rental-1/,https://www.sidefx.com/,False,https://www.sidefx.com/shop/product/houdini-engine-workstation-1-year-rental-1/,https://www.sidefx.com/,https://www.sidefx.com/shop/product/houdini-engine-workstation-1-year-rental-1/,recon_page,2026-05-02T22:17:08.196167
75,1,3,0,0,0,0,1,0,14,0,com,405,4,0,2001.9740000000002,0,0,19,1,nginx,0,html,0,0,0,0,5,0,1,1,1,1,0,0,0,0,0,0,0,0,0,0,0,0,0,0,0,0,0,0,0,0,0,0,0,0,0,0,0,0,0,0,0,0,0,0,0,0,0,0,1,0,0,0,0,0,0,0,0,0,0,0,0,0,0,0,0,0,0,0,0,0,0,0,0.0,0.0,0.0,0,0,0,0,0,0,0,0,0,0,0,0,0,0,0,0,0,0,0,0,0,0.0,0.0,0.625,0.0,0,,multi_full_20260502_195038_0001,2026-05-02T22:17:08.458811,https://www.sidefx.com/shop/product/houdini-engine-for-unity-1-year-rental/,https://www.sidefx.com/,False,https://www.sidefx.com/shop/product/houdini-engine-for-unity-1-year-rental/,https://www.sidefx.com/,https://www.sidefx.com/shop/product/houdini-engine-for-unity-1-year-rental/,recon_page,2026-05-02T22:17:08.465840
72,1,3,0,0,0,0,1,0,14,0,com,405,4,0,2002.856,0,0,19,1,nginx,0,html,0,0,0,0,5,0,1,1,1,1,0,0,0,0,0,0,0,0,0,0,0,0,0,0,0,0,0,0,0,0,0,0,0,0,0,0,0,0,0,0,0,0,0,0,0,0,0,0,1,0,0,0,0,0,0,0,0,0,0,0,0,0,0,0,0,0,0,0,0,0,0,0,0.0,0.0,0.0,0,0,0,0,0,0,0,0,0,0,0,0,0,0,0,0,0,0,0,0,0,0.0,0.0,0.625,0.0,0,,multi_full_20260502_195038_0001,2026-05-02T22:17:08.728662,https://www.sidefx.com/shop/product/houdini-engine-gal-1-month-rental-2/,https://www.sidefx.com/,False,https://www.sidefx.com/shop/product/houdini-engine-gal-1-month-rental-2/,https://www.sidefx.com/,https://www.sidefx.com/shop/product/houdini-engine-gal-1-month-rental-2/,recon_page,2026-05-02T22:17:08.745028
68,1,3,0,0,0,0,1,0,14,0,com,405,4,0,2083.882,0,0,19,1,nginx,0,html,0,0,0,0,5,0,1,1,1,1,0,0,0,0,0,0,0,0,0,0,0,0,0,0,0,0,0,0,0,0,0,0,0,0,0,0,0,0,0,0,0,0,0,0,0,0,0,0,1,0,0,0,0,0,0,0,0,0,0,0,0,0,0,0,0,0,0,0,0,0,0,0,0.0,0.0,0.0,0,0,0,0,0,0,0,0,0,0,0,0,0,0,0,0,0,0,0,0,0,0.0,0.0,0.625,0.0,0,,multi_full_20260502_195038_0001,2026-05-02T22:17:08.738095,https://www.sidefx.com/shop/product/paid-karma-gal-2-month-rental-1/,https://www.sidefx.com/,False,https://www.sidefx.com/shop/product/paid-karma-gal-2-month-rental-1/,https://www.sidefx.com/,https://www.sidefx.com/shop/product/paid-karma-gal-2-month-rental-1/,recon_page,2026-05-02T22:17:08.750685
70,1,3,0,0,0,0,1,0,14,0,com,405,4,0,1996.4180000000001,0,0,19,1,nginx,0,html,0,0,0,0,5,0,1,1,1,1,0,0,0,0,0,0,0,0,0,0,0,0,0,0,0,0,0,0,0,0,0,0,0,0,0,0,0,0,0,0,0,0,0,0,0,0,0,0,1,0,0,0,0,0,0,0,0,0,0,0,0,0,0,0,0,0,0,0,0,0,0,0,0.0,0.0,0.0,0,0,0,0,0,0,0,0,0,0,0,0,0,0,0,0,0,0,0,0,0,0.0,0.0,0.625,0.0,0,,multi_full_20260502_195038_0001,2026-05-02T22:17:09.232631,https://www.sidefx.com/shop/product/houdini-engine-gal-7-day-rental-1/,https://www.sidefx.com/,False,https://www.sidefx.com/shop/product/houdini-engine-gal-7-day-rental-1/,https://www.sidefx.com/,https://www.sidefx.com/shop/product/houdini-engine-gal-7-day-rental-1/,recon_page,2026-05-02T22:17:09.239422
68,1,3,0,0,0,0,1,0,14,0,com,405,4,0,255.96099999999998,0,0,19,1,nginx,0,html,0,0,0,0,5,0,1,1,1,1,0,0,0,0,0,0,0,0,0,0,0,0,0,0,0,0,0,0,0,0,0,0,0,0,0,0,0,0,0,0,0,0,0,0,0,0,0,0,1,0,0,0,0,0,0,0,0,0,0,0,0,0,0,0,0,0,0,0,0,0,0,0,0.0,0.0,0.0,0,0,0,0,0,0,0,0,0,0,0,0,0,0,0,0,0,0,0,0,0,0.0,0.0,0.625,0.0,0,,multi_full_20260502_195038_0001,2026-05-02T22:17:09.238201,https://www.sidefx.com/shop/product/houdini-fx-gal-3-month-rental-1/,https://www.sidefx.com/,False,https://www.sidefx.com/shop/product/houdini-fx-gal-3-month-rental-1/,https://www.sidefx.com/,https://www.sidefx.com/shop/product/houdini-fx-gal-3-month-rental-1/,recon_page,2026-05-02T22:17:09.244854
73,1,3,0,0,0,0,1,0,14,0,com,200,2,34439,4980.744,0,0,20,1,nginx,0,html,1,1,0,0,5,0,1,1,1,1,1,3,1,9,1,1,1,3,0,0,1,1,1,5,0,0,1,1,1,20,8,10,2,1,113,103,10,1,7,1,7,1,7,1,1,12,1,0,1,0,0,0,0,0,0,0,0,1,0,0,0,0,0,0,0,0,0,0,0,0,0,0,1.0,1.0,1.0,0,0,0,1,2,1,1,2,1,3,0,6,114,3,0,0,0,0,0,0,0,3.0,0.000580736955196144,0.625,0.4936264119167223,0,,multi_full_20260502_195038_0001,2026-05-02T22:17:10.021765,https://www.sidefx.com/company/contact-us/contact-product-and-sales-info/,https://www.sidefx.com/,False,https://www.sidefx.com/company/contact-us/contact-product-and-sales-info/,https://www.sidefx.com/,https://www.sidefx.com/company/contact-us/contact-product-and-sales-info/,recon_page,2026-05-02T22:17:10.040438
67,1,3,0,0,0,0,1,0,14,0,com,405,4,0,230.45499999999998,0,0,19,1,nginx,0,html,0,0,0,0,5,0,1,1,1,1,0,0,0,0,0,0,0,0,0,0,0,0,0,0,0,0,0,0,0,0,0,0,0,0,0,0,0,0,0,0,0,0,0,0,0,0,0,0,1,0,0,0,0,0,0,0,0,0,0,0,0,0,0,0,0,0,0,0,0,0,0,0,0.0,0.0,0.0,0,0,0,0,0,0,0,0,0,0,0,0,0,0,0,0,0,0,0,0,0,0.0,0.0,0.625,0.0,0,,multi_full_20260502_195038_0001,2026-05-02T22:17:58.365711,https://www.sidefx.com/shop/product/houdini-fx-gal-1-year-rental-2/,https://www.sidefx.com/,False,https://www.sidefx.com/shop/product/houdini-fx-gal-1-year-rental-2/,https://www.sidefx.com/,https://www.sidefx.com/shop/product/houdini-fx-gal-1-year-rental-2/,recon_page,2026-05-02T22:17:58.370759
63,1,3,0,0,0,0,1,0,14,0,com,405,4,0,225.075,0,0,19,1,nginx,0,html,0,0,0,0,5,0,1,1,1,1,0,0,0,0,0,0,0,0,0,0,0,0,0,0,0,0,0,0,0,0,0,0,0,0,0,0,0,0,0,0,0,0,0,0,0,0,0,0,1,0,0,0,0,0,0,0,0,0,0,0,0,0,0,0,0,0,0,0,0,0,0,0,0.0,0.0,0.0,0,0,0,0,0,0,0,0,0,0,0,0,0,0,0,0,0,0,0,0,0,0.0,0.0,0.625,0.0,0,,multi_full_20260502_195038_0001,2026-05-02T22:17:58.712707,https://www.sidefx.com/shop/product/houdini-fx-lal-purchased-1/,https://www.sidefx.com/,False,https://www.sidefx.com/shop/product/houdini-fx-lal-purchased-1/,https://www.sidefx.com/,https://www.sidefx.com/shop/product/houdini-fx-lal-purchased-1/,recon_page,2026-05-02T22:17:58.720326
68,1,3,0,0,0,0,1,0,14,0,com,405,4,0,238.081,0,0,19,1,nginx,0,html,0,0,0,0,5,0,1,1,1,1,0,0,0,0,0,0,0,0,0,0,0,0,0,0,0,0,0,0,0,0,0,0,0,0,0,0,0,0,0,0,0,0,0,0,0,0,0,0,1,0,0,0,0,0,0,0,0,0,0,0,0,0,0,0,0,0,0,0,0,0,0,0,0.0,0.0,0.0,0,0,0,0,0,0,0,0,0,0,0,0,0,0,0,0,0,0,0,0,0,0.0,0.0,0.625,0.0,0,,multi_full_20260502_195038_0001,2026-05-02T22:17:58.977586,https://www.sidefx.com/shop/product/houdini-fx-lal-3-month-rental-1/,https://www.sidefx.com/,False,https://www.sidefx.com/shop/product/houdini-fx-lal-3-month-rental-1/,https://www.sidefx.com/,https://www.sidefx.com/shop/product/houdini-fx-lal-3-month-rental-1/,recon_page,2026-05-02T22:17:58.982373
89,1,3,0,0,0,0,1,0,14,0,com,200,2,35502,305.98900000000003,0,0,21,1,nginx,0,html,1,1,0,0,5,0,1,1,1,1,1,4,1,10,1,1,1,4,0,0,1,1,1,6,0,0,1,1,1,19,9,8,2,1,112,101,11,1,7,1,7,1,3,1,1,7,1,0,1,0,0,0,0,0,0,0,0,1,0,0,0,0,0,0,0,0,0,0,0,0,0,0,1.0,1.0,1.0,0,0,0,2,2,1,1,2,1,4,0,7,110,3,0,0,0,0,1,0,0,2.5,0.0005351811165568137,0.625,0.5633485437440143,0,,multi_full_20260502_195038_0001,2026-05-02T22:17:59.296515,https://www.sidefx.com/faq/question/how-can-students-purchase-houdini-education-licenses/,https://www.sidefx.com/,False,https://www.sidefx.com/faq/question/how-can-students-purchase-houdini-education-licenses/,https://www.sidefx.com/,https://www.sidefx.com/faq/question/how-can-students-purchase-houdini-education-licenses/,recon_page,2026-05-02T22:17:59.302160
76,1,3,0,0,0,0,1,0,14,0,com,405,4,0,229.546,0,0,19,1,nginx,0,html,0,0,0,0,5,0,1,1,1,1,0,0,0,0,0,0,0,0,0,0,0,0,0,0,0,0,0,0,0,0,0,0,0,0,0,0,0,0,0,0,0,0,0,0,0,0,0,0,1,0,0,0,0,0,0,0,0,0,0,0,0,0,0,0,0,0,0,0,0,0,0,0,0.0,0.0,0.0,0,0,0,0,0,0,0,0,0,0,0,0,0,0,0,0,0,0,0,0,0,0.0,0.0,0.625,0.0,0,,multi_full_20260502_195038_0001,2026-05-02T22:17:59.498593,https://www.sidefx.com/shop/product/houdini-engine-for-unreal-1-year-rental/,https://www.sidefx.com/,False,https://www.sidefx.com/shop/product/houdini-engine-for-unreal-1-year-rental/,https://www.sidefx.com/,https://www.sidefx.com/shop/product/houdini-engine-for-unreal-1-year-rental/,recon_page,2026-05-02T22:17:59.510860
70,1,3,0,0,0,0,1,0,14,0,com,405,4,0,253.42199999999997,0,0,19,1,nginx,0,html,0,0,0,0,5,0,1,1,1,1,0,0,0,0,0,0,0,0,0,0,0,0,0,0,0,0,0,0,0,0,0,0,0,0,0,0,0,0,0,0,0,0,0,0,0,0,0,0,1,0,0,0,0,0,0,0,0,0,0,0,0,0,0,0,0,0,0,0,0,0,0,0,0.0,0.0,0.0,0,0,0,0,0,0,0,0,0,0,0,0,0,0,0,0,0,0,0,0,0,0.0,0.0,0.625,0.0,0,,multi_full_20260502_195038_0001,2026-05-02T22:17:59.500866,https://www.sidefx.com/shop/product/houdini-core-gal-3-month-rental-1/,https://www.sidefx.com/,False,https://www.sidefx.com/shop/product/houdini-core-gal-3-month-rental-1/,https://www.sidefx.com/,https://www.sidefx.com/shop/product/houdini-core-gal-3-month-rental-1/,recon_page,2026-05-02T22:17:59.515795
46,1,2,0,0,0,0,1,0,14,0,com,200,2,45689,930.766,0,0,20,1,nginx,0,html,1,1,0,0,5,0,1,1,1,1,1,3,1,9,1,1,1,3,0,0,1,1,1,5,0,0,1,1,1,17,7,8,2,1,122,110,12,1,9,1,7,1,5,1,1,12,1,0,1,0,0,0,0,0,0,0,0,1,0,0,0,0,0,0,0,0,0,0,0,0,0,0,1.0,1.0,1.0,0,0,0,1,2,1,1,2,1,3,0,6,114,3,0,0,0,0,0,0,0,3.0,0.00037208080719648056,0.625,0.37208080719648057,0,,multi_full_20260502_195038_0001,2026-05-02T22:18:00.122531,https://www.sidefx.com/products/houdini-indie/,https://www.sidefx.com/,False,https://www.sidefx.com/products/houdini-indie/,https://www.sidefx.com/,https://www.sidefx.com/products/houdini-indie/,recon_page,2026-05-02T22:18:00.147383
52,1,3,0,0,0,0,1,0,14,0,com,200,2,42183,512.356,0,0,20,1,nginx,0,html,1,1,0,0,5,0,1,1,1,1,1,3,1,9,1,1,1,3,0,0,1,1,1,5,0,0,1,1,1,17,7,8,2,1,114,100,14,1,15,1,7,1,5,1,1,11,1,0,1,0,0,0,0,0,0,0,0,1,0,0,0,0,0,0,0,0,0,0,0,0,0,0,1.0,1.0,1.0,0,0,0,1,2,1,1,2,1,3,0,6,113,3,0,0,0,0,0,0,0,3.0,0.0004030059502643245,0.625,0.4030059502643245,0,,multi_full_20260502_195038_0001,2026-05-02T22:18:00.152378,https://www.sidefx.com/products/houdini/fx-features/,https://www.sidefx.com/,False,https://www.sidefx.com/products/houdini/fx-features/,https://www.sidefx.com/,https://www.sidefx.com/products/houdini/fx-features/,recon_page,2026-05-02T22:18:00.157195
63,1,3,0,0,0,0,1,0,14,0,com,405,4,0,880.127,0,0,19,1,nginx,0,html,0,0,0,0,5,0,1,1,1,1,0,0,0,0,0,0,0,0,0,0,0,0,0,0,0,0,0,0,0,0,0,0,0,0,0,0,0,0,0,0,0,0,0,0,0,0,0,0,1,0,0,0,0,0,0,0,0,0,0,0,0,0,0,0,0,0,0,0,0,0,0,0,0.0,0.0,0.0,0,0,0,0,0,0,0,0,0,0,0,0,0,0,0,0,0,0,0,0,0,0.0,0.0,0.625,0.0,0,,multi_full_20260502_195038_0001,2026-05-02T22:18:00.611294,https://www.sidefx.com/shop/product/houdini-fx-gal-purchased-1/,https://www.sidefx.com/,False,https://www.sidefx.com/shop/product/houdini-fx-gal-purchased-1/,https://www.sidefx.com/,https://www.sidefx.com/shop/product/houdini-fx-gal-purchased-1/,recon_page,2026-05-02T22:18:00.621945
70,1,3,0,0,0,0,1,0,14,0,com,405,4,0,219.195,0,0,19,1,nginx,0,html,0,0,0,0,5,0,1,1,1,1,0,0,0,0,0,0,0,0,0,0,0,0,0,0,0,0,0,0,0,0,0,0,0,0,0,0,0,0,0,0,0,0,0,0,0,0,0,0,1,0,0,0,0,0,0,0,0,0,0,0,0,0,0,0,0,0,0,0,0,0,0,0,0.0,0.0,0.0,0,0,0,0,0,0,0,0,0,0,0,0,0,0,0,0,0,0,0,0,0,0.0,0.0,0.625,0.0,0,,multi_full_20260502_195038_0001,2026-05-02T22:18:04.742906,https://www.sidefx.com/shop/product/houdini-core-lal-1-month-rental-1/,https://www.sidefx.com/,False,https://www.sidefx.com/shop/product/houdini-core-lal-1-month-rental-1/,https://www.sidefx.com/,https://www.sidefx.com/shop/product/houdini-core-lal-1-month-rental-1/,recon_page,2026-05-02T22:18:04.746272
71,1,3,0,0,0,0,1,0,14,0,com,405,4,0,214.482,0,0,19,1,nginx,0,html,0,0,0,0,5,0,1,1,1,1,0,0,0,0,0,0,0,0,0,0,0,0,0,0,0,0,0,0,0,0,0,0,0,0,0,0,0,0,0,0,0,0,0,0,0,0,0,0,1,0,0,0,0,0,0,0,0,0,0,0,0,0,0,0,0,0,0,0,0,0,0,0,0.0,0.0,0.0,0,0,0,0,0,0,0,0,0,0,0,0,0,0,0,0,0,0,0,0,0,0.0,0.0,0.625,0.0,0,,multi_full_20260502_195038_0001,2026-05-02T22:18:40.502929,https://www.sidefx.com/shop/product/houdini-fx-workstation-purchased-1/,https://www.sidefx.com/,False,https://www.sidefx.com/shop/product/houdini-fx-workstation-purchased-1/,https://www.sidefx.com/,https://www.sidefx.com/shop/product/houdini-fx-workstation-purchased-1/,recon_page,2026-05-02T22:18:40.528144
71,1,3,0,0,0,0,1,0,14,0,com,405,4,0,249.137,0,0,19,1,nginx,0,html,0,0,0,0,5,0,1,1,1,1,0,0,0,0,0,0,0,0,0,0,0,0,0,0,0,0,0,0,0,0,0,0,0,0,0,0,0,0,0,0,0,0,0,0,0,0,0,0,1,0,0,0,0,0,0,0,0,0,0,0,0,0,0,0,0,0,0,0,0,0,0,0,0.0,0.0,0.0,0,0,0,0,0,0,0,0,0,0,0,0,0,0,0,0,0,0,0,0,0,0.0,0.0,0.625,0.0,0,,multi_full_20260502_195038_0001,2026-05-02T22:18:40.504361,https://www.sidefx.com/shop/product/houdini-fx-education-1-year-rental/,https://www.sidefx.com/,False,https://www.sidefx.com/shop/product/houdini-fx-education-1-year-rental/,https://www.sidefx.com/,https://www.sidefx.com/shop/product/houdini-fx-education-1-year-rental/,recon_page,2026-05-02T22:18:40.528952
75,1,3,0,0,0,0,1,0,14,0,com,405,4,0,224.928,0,0,19,1,nginx,0,html,0,0,0,0,5,0,1,1,1,1,0,0,0,0,0,0,0,0,0,0,0,0,0,0,0,0,0,0,0,0,0,0,0,0,0,0,0,0,0,0,0,0,0,0,0,0,0,0,1,0,0,0,0,0,0,0,0,0,0,0,0,0,0,0,0,0,0,0,0,0,0,0,0.0,0.0,0.0,0,0,0,0,0,0,0,0,0,0,0,0,0,0,0,0,0,0,0,0,0,0.0,0.0,0.625,0.0,0,,multi_full_20260502_195038_0001,2026-05-02T22:18:40.497164,https://www.sidefx.com/shop/product/houdini-fx-workstation-1-year-rental-1/,https://www.sidefx.com/,False,https://www.sidefx.com/shop/product/houdini-fx-workstation-1-year-rental-1/,https://www.sidefx.com/,https://www.sidefx.com/shop/product/houdini-fx-workstation-1-year-rental-1/,recon_page,2026-05-02T22:18:40.529123
67,1,3,0,0,0,0,1,0,14,0,com,405,4,0,207.288,0,0,19,1,nginx,0,html,0,0,0,0,5,0,1,1,1,1,0,0,0,0,0,0,0,0,0,0,0,0,0,0,0,0,0,0,0,0,0,0,0,0,0,0,0,0,0,0,0,0,0,0,0,0,0,0,1,0,0,0,0,0,0,0,0,0,0,0,0,0,0,0,0,0,0,0,0,0,0,0,0.0,0.0,0.0,0,0,0,0,0,0,0,0,0,0,0,0,0,0,0,0,0,0,0,0,0,0.0,0.0,0.625,0.0,0,,multi_full_20260502_195038_0001,2026-05-02T22:18:40.527738,https://www.sidefx.com/shop/product/houdini-fx-lal-1-year-rental-2/,https://www.sidefx.com/,False,https://www.sidefx.com/shop/product/houdini-fx-lal-1-year-rental-2/,https://www.sidefx.com/,https://www.sidefx.com/shop/product/houdini-fx-lal-1-year-rental-2/,recon_page,2026-05-02T22:18:40.532090
40,1,1,1,1,0,0,1,0,14,0,com,200,2,29847,240.092,0,0,23,1,nginx,0,html,1,2,0,1,6,0,1,1,1,1,1,4,1,15,1,2,1,5,0,0,1,1,1,7,0,0,1,1,1,11,5,6,0,1,111,101,10,1,5,1,7,1,2,1,1,2,1,0,1,0,0,0,0,0,0,0,0,1,0,0,0,0,0,0,1,0,0,0,0,0,0,0,1.0,1.0,1.0,0,0,0,1,3,1,2,3,1,4,0,9,103,6,0,0,0,0,0,0,0,3.75,0.0003685462525546956,0.75,0.8711093242201896,0,,multi_full_20260502_195038_0001,2026-05-02T22:18:40.526855,https://www.sidefx.com/login/?next=/buy/,https://www.sidefx.com/,False,https://www.sidefx.com/login/?next=/buy/,https://www.sidefx.com/,https://www.sidefx.com/login/?next=/buy/,recon_page,2026-05-02T22:18:40.530812
66,1,3,0,0,0,0,1,0,14,0,com,405,4,0,217.345,0,0,19,1,nginx,0,html,0,0,0,0,5,0,1,1,1,1,0,0,0,0,0,0,0,0,0,0,0,0,0,0,0,0,0,0,0,0,0,0,0,0,0,0,0,0,0,0,0,0,0,0,0,0,0,0,1,0,0,0,0,0,0,0,0,0,0,0,0,0,0,0,0,0,0,0,0,0,0,0,0.0,0.0,0.0,0,0,0,0,0,0,0,0,0,0,0,0,0,0,0,0,0,0,0,0,0,0.0,0.0,0.625,0.0,0,,multi_full_20260502_195038_0001,2026-05-02T22:18:40.523424,https://www.sidefx.com/shop/product/houdini-indie-1-year-rental-2/,https://www.sidefx.com/,False,https://www.sidefx.com/shop/product/houdini-indie-1-year-rental-2/,https://www.sidefx.com/,https://www.sidefx.com/shop/product/houdini-indie-1-year-rental-2/,recon_page,2026-05-02T22:18:40.531810
53,1,2,1,1,0,0,1,0,14,0,com,200,2,54318,766.494,0,0,20,1,ATS,0,html,1,1,0,1,7,1,1,1,1,1,0,0,0,0,0,0,0,0,0,0,0,0,0,0,0,0,0,0,1,38,14,0,24,1,14,0,14,0,0,1,7,1,6,1,1,4,1,0,0,0,0,0,0,0,0,0,0,1,0,0,0,0,0,0,0,0,0,0,0,0,0,0,1.0,1.0,0.0,0,0,0,0,0,0,0,0,0,0,0,0,36,0,0,0,0,0,0,0,0,0.0,0.000699583931661696,0.875,0.0,0,,multi_full_20260502_195038_0001,2026-05-02T22:18:40.982328,https://www.sidefx.com/login/yahoo-oauth2/?next=/buy/,https://www.sidefx.com/,False,https://www.sidefx.com/login/yahoo-oauth2/?next=/buy/,https://www.sidefx.com/,https://www.sidefx.com/login/yahoo-oauth2/?next=/buy/,recon_page,2026-05-02T22:18:40.986710
56,1,2,1,1,0,0,1,0,14,0,com,200,2,23264,689.827,0,0,20,0,unknown,0,html,1,3,0,1,5,0,1,1,0,1,0,0,0,0,0,0,0,0,0,0,0,0,0,0,0,0,0,0,1,5,4,0,1,0,0,0,0,0,0,1,10,0,0,1,1,1,1,0,0,0,0,1,0,0,0,0,1,1,0,0,0,0,0,0,0,0,0,0,0,0,0,0,1.0,1.0,1.0,0,0,0,0,0,0,0,0,0,0,0,0,1,0,0,0,0,0,0,0,0,0.0,0.00021492434662998623,0.625,0.0,0,,multi_full_20260502_195038_0001,2026-05-02T22:19:06.897876,https://www.sidefx.com/login/microsoft-graph/?next=/buy/,https://www.sidefx.com/,False,https://www.sidefx.com/login/microsoft-graph/?next=/buy/,https://www.sidefx.com/,https://www.sidefx.com/login/microsoft-graph/?next=/buy/,recon_page,2026-05-02T22:19:06.901102
68,1,3,0,0,0,0,1,0,14,0,com,405,4,0,250.828,0,0,19,1,nginx,0,html,0,0,0,0,5,0,1,1,1,1,0,0,0,0,0,0,0,0,0,0,0,0,0,0,0,0,0,0,0,0,0,0,0,0,0,0,0,0,0,0,0,0,0,0,0,0,0,0,1,0,0,0,0,0,0,0,0,0,0,0,0,0,0,0,0,0,0,0,0,0,0,0,0.0,0.0,0.0,0,0,0,0,0,0,0,0,0,0,0,0,0,0,0,0,0,0,0,0,0,0.0,0.0,0.625,0.0,0,,multi_full_20260502_195038_0001,2026-05-02T22:19:28.489992,https://www.sidefx.com/shop/product/paid-karma-gal-3-month-rental-1/,https://www.sidefx.com/,False,https://www.sidefx.com/shop/product/paid-karma-gal-3-month-rental-1/,https://www.sidefx.com/,https://www.sidefx.com/shop/product/paid-karma-gal-3-month-rental-1/,recon_page,2026-05-02T22:19:28.494958
68,1,3,0,0,0,0,1,0,14,0,com,405,4,0,249.65699999999998,0,0,19,1,nginx,0,html,0,0,0,0,5,0,1,1,1,1,0,0,0,0,0,0,0,0,0,0,0,0,0,0,0,0,0,0,0,0,0,0,0,0,0,0,0,0,0,0,0,0,0,0,0,0,0,0,1,0,0,0,0,0,0,0,0,0,0,0,0,0,0,0,0,0,0,0,0,0,0,0,0.0,0.0,0.0,0,0,0,0,0,0,0,0,0,0,0,0,0,0,0,0,0,0,0,0,0,0.0,0.0,0.625,0.0,0,,multi_full_20260502_195038_0001,2026-05-02T22:19:55.374308,https://www.sidefx.com/shop/product/houdini-fx-gal-2-month-rental-1/,https://www.sidefx.com/,False,https://www.sidefx.com/shop/product/houdini-fx-gal-2-month-rental-1/,https://www.sidefx.com/,https://www.sidefx.com/shop/product/houdini-fx-gal-2-month-rental-1/,recon_page,2026-05-02T22:19:55.386803
70,1,3,0,0,0,0,1,0,14,0,com,405,4,0,927.446,0,0,19,1,nginx,0,html,0,0,0,0,5,0,1,1,1,1,0,0,0,0,0,0,0,0,0,0,0,0,0,0,0,0,0,0,0,0,0,0,0,0,0,0,0,0,0,0,0,0,0,0,0,0,0,0,1,0,0,0,0,0,0,0,0,0,0,0,0,0,0,0,0,0,0,0,0,0,0,0,0.0,0.0,0.0,0,0,0,0,0,0,0,0,0,0,0,0,0,0,0,0,0,0,0,0,0,0.0,0.0,0.625,0.0,0,,multi_full_20260502_195038_0001,2026-05-02T22:19:55.633839,https://www.sidefx.com/shop/product/houdini-core-lal-2-month-rental-1/,https://www.sidefx.com/,False,https://www.sidefx.com/shop/product/houdini-core-lal-2-month-rental-1/,https://www.sidefx.com/,https://www.sidefx.com/shop/product/houdini-core-lal-2-month-rental-1/,recon_page,2026-05-02T22:19:55.641605
72,1,3,0,0,0,0,1,0,14,0,com,405,4,0,898.021,0,0,19,1,nginx,0,html,0,0,0,0,5,0,1,1,1,1,0,0,0,0,0,0,0,0,0,0,0,0,0,0,0,0,0,0,0,0,0,0,0,0,0,0,0,0,0,0,0,0,0,0,0,0,0,0,1,0,0,0,0,0,0,0,0,0,0,0,0,0,0,0,0,0,0,0,0,0,0,0,0.0,0.0,0.0,0,0,0,0,0,0,0,0,0,0,0,0,0,0,0,0,0,0,0,0,0,0.0,0.0,0.625,0.0,0,,multi_full_20260502_195038_0001,2026-05-02T22:19:55.640771,https://www.sidefx.com/shop/product/houdini-engine-gal-3-month-rental-1/,https://www.sidefx.com/,False,https://www.sidefx.com/shop/product/houdini-engine-gal-3-month-rental-1/,https://www.sidefx.com/,https://www.sidefx.com/shop/product/houdini-engine-gal-3-month-rental-1/,recon_page,2026-05-02T22:19:55.645183
65,1,3,0,0,0,0,1,0,14,0,com,405,4,0,901.1519999999999,0,0,19,1,nginx,0,html,0,0,0,0,5,0,1,1,1,1,0,0,0,0,0,0,0,0,0,0,0,0,0,0,0,0,0,0,0,0,0,0,0,0,0,0,0,0,0,0,0,0,0,0,0,0,0,0,1,0,0,0,0,0,0,0,0,0,0,0,0,0,0,0,0,0,0,0,0,0,0,0,0.0,0.0,0.0,0,0,0,0,0,0,0,0,0,0,0,0,0,0,0,0,0,0,0,0,0,0.0,0.0,0.625,0.0,0,,multi_full_20260502_195038_0001,2026-05-02T22:19:56.085184,https://www.sidefx.com/shop/product/houdini-core-lal-purchased-1/,https://www.sidefx.com/,False,https://www.sidefx.com/shop/product/houdini-core-lal-purchased-1/,https://www.sidefx.com/,https://www.sidefx.com/shop/product/houdini-core-lal-purchased-1/,recon_page,2026-05-02T22:19:56.115982
71,1,3,0,0,0,0,1,0,14,0,com,405,4,0,931.957,0,0,19,1,nginx,0,html,0,0,0,0,5,0,1,1,1,1,0,0,0,0,0,0,0,0,0,0,0,0,0,0,0,0,0,0,0,0,0,0,0,0,0,0,0,0,0,0,0,0,0,0,0,0,0,0,1,0,0,0,0,0,0,0,0,0,0,0,0,0,0,0,0,0,0,0,0,0,0,0,0.0,0.0,0.0,0,0,0,0,0,0,0,0,0,0,0,0,0,0,0,0,0,0,0,0,0,0.0,0.0,0.625,0.0,0,,multi_full_20260502_195038_0001,2026-05-02T22:19:56.332352,https://www.sidefx.com/shop/product/houdini-engine-gal-1-year-rental-2/,https://www.sidefx.com/,False,https://www.sidefx.com/shop/product/houdini-engine-gal-1-year-rental-2/,https://www.sidefx.com/,https://www.sidefx.com/shop/product/houdini-engine-gal-1-year-rental-2/,recon_page,2026-05-02T22:19:56.337417
70,1,3,0,0,0,0,1,0,14,0,com,405,4,0,3174.6859999999997,0,0,19,1,nginx,0,html,0,0,0,0,5,0,1,1,1,1,0,0,0,0,0,0,0,0,0,0,0,0,0,0,0,0,0,0,0,0,0,0,0,0,0,0,0,0,0,0,0,0,0,0,0,0,0,0,1,0,0,0,0,0,0,0,0,0,0,0,0,0,0,0,0,0,0,0,0,0,0,0,0.0,0.0,0.0,0,0,0,0,0,0,0,0,0,0,0,0,0,0,0,0,0,0,0,0,0,0.0,0.0,0.625,0.0,0,,multi_full_20260502_195038_0001,2026-05-02T22:19:57.899482,https://www.sidefx.com/shop/product/houdini-core-gal-2-month-rental-1/,https://www.sidefx.com/,False,https://www.sidefx.com/shop/product/houdini-core-gal-2-month-rental-1/,https://www.sidefx.com/,https://www.sidefx.com/shop/product/houdini-core-gal-2-month-rental-1/,recon_page,2026-05-02T22:19:57.905645
77,1,3,0,0,0,0,1,0,14,0,com,405,4,0,240.13000000000002,0,0,19,1,nginx,0,html,0,0,0,0,5,0,1,1,1,1,0,0,0,0,0,0,0,0,0,0,0,0,0,0,0,0,0,0,0,0,0,0,0,0,0,0,0,0,0,0,0,0,0,0,0,0,0,0,1,0,0,0,0,0,0,0,0,0,0,0,0,0,0,0,0,0,0,0,0,0,0,0,0.0,0.0,0.0,0,0,0,0,0,0,0,0,0,0,0,0,0,0,0,0,0,0,0,0,0,0.0,0.0,0.625,0.0,0,,multi_full_20260502_195038_0001,2026-05-02T22:20:29.487854,https://www.sidefx.com/shop/product/houdini-core-workstation-1-year-rental-1/,https://www.sidefx.com/,False,https://www.sidefx.com/shop/product/houdini-core-workstation-1-year-rental-1/,https://www.sidefx.com/,https://www.sidefx.com/shop/product/houdini-core-workstation-1-year-rental-1/,recon_page,2026-05-02T22:20:29.495629
69,1,3,0,0,0,0,1,0,14,0,com,405,4,0,240.091,0,0,19,1,nginx,0,html,0,0,0,0,5,0,1,1,1,1,0,0,0,0,0,0,0,0,0,0,0,0,0,0,0,0,0,0,0,0,0,0,0,0,0,0,0,0,0,0,0,0,0,0,0,0,0,0,1,0,0,0,0,0,0,0,0,0,0,0,0,0,0,0,0,0,0,0,0,0,0,0,0.0,0.0,0.0,0,0,0,0,0,0,0,0,0,0,0,0,0,0,0,0,0,0,0,0,0,0.0,0.0,0.625,0.0,0,,multi_full_20260502_195038_0001,2026-05-02T22:20:29.769199,https://www.sidefx.com/shop/product/houdini-core-gal-1-year-rental-1/,https://www.sidefx.com/,False,https://www.sidefx.com/shop/product/houdini-core-gal-1-year-rental-1/,https://www.sidefx.com/,https://www.sidefx.com/shop/product/houdini-core-gal-1-year-rental-1/,recon_page,2026-05-02T22:20:29.792820
69,1,3,0,0,0,0,1,0,14,0,com,405,4,0,887.567,0,0,19,1,nginx,0,html,0,0,0,0,5,0,1,1,1,1,0,0,0,0,0,0,0,0,0,0,0,0,0,0,0,0,0,0,0,0,0,0,0,0,0,0,0,0,0,0,0,0,0,0,0,0,0,0,1,0,0,0,0,0,0,0,0,0,0,0,0,0,0,0,0,0,0,0,0,0,0,0,0.0,0.0,0.0,0,0,0,0,0,0,0,0,0,0,0,0,0,0,0,0,0,0,0,0,0,0.0,0.0,0.625,0.0,0,,multi_full_20260502_195038_0001,2026-05-02T22:20:30.382262,https://www.sidefx.com/shop/product/houdini-engine-gal-14-day-rental/,https://www.sidefx.com/,False,https://www.sidefx.com/shop/product/houdini-engine-gal-14-day-rental/,https://www.sidefx.com/,https://www.sidefx.com/shop/product/houdini-engine-gal-14-day-rental/,recon_page,2026-05-02T22:20:30.391132
61,1,3,0,0,0,0,1,0,14,0,com,200,2,45975,303.149,0,0,20,1,nginx,0,html,1,1,0,0,5,0,1,1,1,1,1,3,1,9,1,1,1,3,0,0,1,1,1,5,0,0,1,1,1,19,9,8,2,1,130,119,11,1,12,1,7,1,5,1,1,13,1,0,1,0,0,0,0,0,0,0,0,1,0,0,0,0,0,0,0,0,0,0,0,0,0,0,1.0,1.0,1.0,0,0,0,1,2,1,1,2,1,3,0,6,116,3,0,0,0,0,0,0,0,3.0,0.00041326808047852093,0.625,0.36976617727025557,0,,multi_full_20260502_195038_0001,2026-05-02T22:20:30.715405,https://www.sidefx.com/education/education-programs/students/,https://www.sidefx.com/,False,https://www.sidefx.com/education/education-programs/students/,https://www.sidefx.com/,https://www.sidefx.com/education/education-programs/students/,recon_page,2026-05-02T22:20:30.721965
73,1,3,0,0,0,0,1,0,14,0,com,405,4,0,282.663,0,0,19,1,nginx,0,html,0,0,0,0,5,0,1,1,1,1,0,0,0,0,0,0,0,0,0,0,0,0,0,0,0,0,0,0,0,0,0,0,0,0,0,0,0,0,0,0,0,0,0,0,0,0,0,0,1,0,0,0,0,0,0,0,0,0,0,0,0,0,0,0,0,0,0,0,0,0,0,0,0.0,0.0,0.0,0,0,0,0,0,0,0,0,0,0,0,0,0,0,0,0,0,0,0,0,0,0.0,0.0,0.625,0.0,0,,multi_full_20260502_195038_0001,2026-05-02T22:20:32.321883,https://www.sidefx.com/shop/product/houdini-core-workstation-purchased-1/,https://www.sidefx.com/,False,https://www.sidefx.com/shop/product/houdini-core-workstation-purchased-1/,https://www.sidefx.com/,https://www.sidefx.com/shop/product/houdini-core-workstation-purchased-1/,recon_page,2026-05-02T22:20:32.327801
72,1,3,0,0,0,0,1,0,14,0,com,405,4,0,261.946,0,0,19,1,nginx,0,html,0,0,0,0,5,0,1,1,1,1,0,0,0,0,0,0,0,0,0,0,0,0,0,0,0,0,0,0,0,0,0,0,0,0,0,0,0,0,0,0,0,0,0,0,0,0,0,0,1,0,0,0,0,0,0,0,0,0,0,0,0,0,0,0,0,0,0,0,0,0,0,0,0.0,0.0,0.0,0,0,0,0,0,0,0,0,0,0,0,0,0,0,0,0,0,0,0,0,0,0.0,0.0,0.625,0.0,0,,multi_full_20260502_195038_0001,2026-05-02T22:20:32.886356,https://www.sidefx.com/shop/product/houdini-engine-gal-2-month-rental-1/,https://www.sidefx.com/,False,https://www.sidefx.com/shop/product/houdini-engine-gal-2-month-rental-1/,https://www.sidefx.com/,https://www.sidefx.com/shop/product/houdini-engine-gal-2-month-rental-1/,recon_page,2026-05-02T22:20:32.892845
68,1,3,0,0,0,0,1,0,14,0,com,405,4,0,386.93899999999996,0,0,19,1,nginx,0,html,0,0,0,0,5,0,1,1,1,1,0,0,0,0,0,0,0,0,0,0,0,0,0,0,0,0,0,0,0,0,0,0,0,0,0,0,0,0,0,0,0,0,0,0,0,0,0,0,1,0,0,0,0,0,0,0,0,0,0,0,0,0,0,0,0,0,0,0,0,0,0,0,0.0,0.0,0.0,0,0,0,0,0,0,0,0,0,0,0,0,0,0,0,0,0,0,0,0,0,0.0,0.0,0.625,0.0,0,,multi_full_20260502_195038_0001,2026-05-02T22:20:33.147481,https://www.sidefx.com/shop/product/houdini-fx-lal-2-month-rental-1/,https://www.sidefx.com/,False,https://www.sidefx.com/shop/product/houdini-fx-lal-2-month-rental-1/,https://www.sidefx.com/,https://www.sidefx.com/shop/product/houdini-fx-lal-2-month-rental-1/,recon_page,2026-05-02T22:20:33.158788
69,1,3,0,0,0,0,1,0,14,0,com,405,4,0,234.247,0,0,19,1,nginx,0,html,0,0,0,0,5,0,1,1,1,1,0,0,0,0,0,0,0,0,0,0,0,0,0,0,0,0,0,0,0,0,0,0,0,0,0,0,0,0,0,0,0,0,0,0,0,0,0,0,1,0,0,0,0,0,0,0,0,0,0,0,0,0,0,0,0,0,0,0,0,0,0,0,0.0,0.0,0.0,0,0,0,0,0,0,0,0,0,0,0,0,0,0,0,0,0,0,0,0,0,0.0,0.0,0.625,0.0,0,,multi_full_20260502_195038_0001,2026-05-02T22:20:33.683953,https://www.sidefx.com/shop/product/houdini-core-lal-1-year-rental-1/,https://www.sidefx.com/,False,https://www.sidefx.com/shop/product/houdini-core-lal-1-year-rental-1/,https://www.sidefx.com/,https://www.sidefx.com/shop/product/houdini-core-lal-1-year-rental-1/,recon_page,2026-05-02T22:20:33.688926
54,1,3,0,0,0,0,1,0,14,0,com,200,2,43872,309.28499999999997,0,0,20,1,nginx,0,html,1,1,0,0,5,0,1,1,1,1,1,3,1,9,1,1,1,3,0,0,1,1,1,5,0,0,1,1,1,17,7,8,2,1,113,102,11,1,19,1,7,1,5,1,1,11,1,0,1,0,0,0,0,0,0,0,0,1,0,0,0,0,0,0,0,0,0,0,0,0,0,0,1.0,1.0,1.0,0,0,0,1,2,1,1,2,1,3,0,6,113,3,0,0,0,0,0,0,0,3.0,0.000387490882567469,0.625,0.387490882567469,0,,multi_full_20260502_195038_0001,2026-05-02T22:20:34.377276,https://www.sidefx.com/products/houdini/core-features/,https://www.sidefx.com/,False,https://www.sidefx.com/products/houdini/core-features/,https://www.sidefx.com/,https://www.sidefx.com/products/houdini/core-features/,recon_page,2026-05-02T22:20:34.382725
65,1,3,0,0,0,0,1,0,14,0,com,405,4,0,235.87800000000001,0,0,19,1,nginx,0,html,0,0,0,0,5,0,1,1,1,1,0,0,0,0,0,0,0,0,0,0,0,0,0,0,0,0,0,0,0,0,0,0,0,0,0,0,0,0,0,0,0,0,0,0,0,0,0,0,1,0,0,0,0,0,0,0,0,0,0,0,0,0,0,0,0,0,0,0,0,0,0,0,0.0,0.0,0.0,0,0,0,0,0,0,0,0,0,0,0,0,0,0,0,0,0,0,0,0,0,0.0,0.0,0.625,0.0,0,,multi_full_20260502_195038_0001,2026-05-02T22:20:35.492718,https://www.sidefx.com/shop/product/houdini-core-gal-purchased-1/,https://www.sidefx.com/,False,https://www.sidefx.com/shop/product/houdini-core-gal-purchased-1/,https://www.sidefx.com/,https://www.sidefx.com/shop/product/houdini-core-gal-purchased-1/,recon_page,2026-05-02T22:20:35.518092
67,1,3,0,0,0,0,1,0,14,0,com,405,4,0,292.15799999999996,0,0,19,1,nginx,0,html,0,0,0,0,5,0,1,1,1,1,0,0,0,0,0,0,0,0,0,0,0,0,0,0,0,0,0,0,0,0,0,0,0,0,0,0,0,0,0,0,0,0,0,0,0,0,0,0,1,0,0,0,0,0,0,0,0,0,0,0,0,0,0,0,0,0,0,0,0,0,0,0,0.0,0.0,0.0,0,0,0,0,0,0,0,0,0,0,0,0,0,0,0,0,0,0,0,0,0,0.0,0.0,0.625,0.0,0,,multi_full_20260502_195038_0001,2026-05-02T22:21:02.904666,https://www.sidefx.com/shop/product/paid-karma-gal-1-year-rental-2/,https://www.sidefx.com/,False,https://www.sidefx.com/shop/product/paid-karma-gal-1-year-rental-2/,https://www.sidefx.com/,https://www.sidefx.com/shop/product/paid-karma-gal-1-year-rental-2/,recon_page,2026-05-02T22:21:02.910046
70,1,3,0,0,0,0,1,0,14,0,com,405,4,0,248.361,0,0,19,1,nginx,0,html,0,0,0,0,5,0,1,1,1,1,0,0,0,0,0,0,0,0,0,0,0,0,0,0,0,0,0,0,0,0,0,0,0,0,0,0,0,0,0,0,0,0,0,0,0,0,0,0,1,0,0,0,0,0,0,0,0,0,0,0,0,0,0,0,0,0,0,0,0,0,0,0,0.0,0.0,0.0,0,0,0,0,0,0,0,0,0,0,0,0,0,0,0,0,0,0,0,0,0,0.0,0.0,0.625,0.0,0,,multi_full_20260502_195038_0001,2026-05-02T22:21:06.002902,https://www.sidefx.com/shop/product/houdini-core-gal-1-month-rental-1/,https://www.sidefx.com/,False,https://www.sidefx.com/shop/product/houdini-core-gal-1-month-rental-1/,https://www.sidefx.com/,https://www.sidefx.com/shop/product/houdini-core-gal-1-month-rental-1/,recon_page,2026-05-02T22:21:06.009486
66,1,3,0,0,0,0,1,0,14,0,com,405,4,0,233.392,0,0,19,1,nginx,0,html,0,0,0,0,5,0,1,1,1,1,0,0,0,0,0,0,0,0,0,0,0,0,0,0,0,0,0,0,0,0,0,0,0,0,0,0,0,0,0,0,0,0,0,0,0,0,0,0,1,0,0,0,0,0,0,0,0,0,0,0,0,0,0,0,0,0,0,0,0,0,0,0,0.0,0.0,0.0,0,0,0,0,0,0,0,0,0,0,0,0,0,0,0,0,0,0,0,0,0,0.0,0.0,0.625,0.0,0,,multi_full_20260502_195038_0001,2026-05-02T22:21:06.288968,https://www.sidefx.com/shop/product/houdini-indie-2-year-rental-1/,https://www.sidefx.com/,False,https://www.sidefx.com/shop/product/houdini-indie-2-year-rental-1/,https://www.sidefx.com/,https://www.sidefx.com/shop/product/houdini-indie-2-year-rental-1/,recon_page,2026-05-02T22:21:06.296963
68,1,3,0,0,0,0,1,0,14,0,com,405,4,0,241.423,0,0,19,1,nginx,0,html,0,0,0,0,5,0,1,1,1,1,0,0,0,0,0,0,0,0,0,0,0,0,0,0,0,0,0,0,0,0,0,0,0,0,0,0,0,0,0,0,0,0,0,0,0,0,0,0,1,0,0,0,0,0,0,0,0,0,0,0,0,0,0,0,0,0,0,0,0,0,0,0,0.0,0.0,0.0,0,0,0,0,0,0,0,0,0,0,0,0,0,0,0,0,0,0,0,0,0,0.0,0.0,0.625,0.0,0,,multi_full_20260502_195038_0001,2026-05-02T22:21:07.400387,https://www.sidefx.com/shop/product/houdini-fx-lal-1-month-rental-2/,https://www.sidefx.com/,False,https://www.sidefx.com/shop/product/houdini-fx-lal-1-month-rental-2/,https://www.sidefx.com/,https://www.sidefx.com/shop/product/houdini-fx-lal-1-month-rental-2/,recon_page,2026-05-02T22:21:07.405906
68,1,3,0,0,0,0,1,0,14,0,com,405,4,0,236.299,0,0,19,1,nginx,0,html,0,0,0,0,5,0,1,1,1,1,0,0,0,0,0,0,0,0,0,0,0,0,0,0,0,0,0,0,0,0,0,0,0,0,0,0,0,0,0,0,0,0,0,0,0,0,0,0,1,0,0,0,0,0,0,0,0,0,0,0,0,0,0,0,0,0,0,0,0,0,0,0,0.0,0.0,0.0,0,0,0,0,0,0,0,0,0,0,0,0,0,0,0,0,0,0,0,0,0,0.0,0.0,0.625,0.0,0,,multi_full_20260502_195038_0001,2026-05-02T22:21:08.983084,https://www.sidefx.com/shop/product/houdini-fx-gal-1-month-rental-2/,https://www.sidefx.com/,False,https://www.sidefx.com/shop/product/houdini-fx-gal-1-month-rental-2/,https://www.sidefx.com/,https://www.sidefx.com/shop/product/houdini-fx-gal-1-month-rental-2/,recon_page,2026-05-02T22:21:08.990717
71,1,3,0,0,0,0,1,0,14,0,com,405,4,0,255.062,0,0,19,1,nginx,0,html,0,0,0,0,5,0,1,1,1,1,0,0,0,0,0,0,0,0,0,0,0,0,0,0,0,0,0,0,0,0,0,0,0,0,0,0,0,0,0,0,0,0,0,0,0,0,0,0,1,0,0,0,0,0,0,0,0,0,0,0,0,0,0,0,0,0,0,0,0,0,0,0,0.0,0.0,0.0,0,0,0,0,0,0,0,0,0,0,0,0,0,0,0,0,0,0,0,0,0,0.0,0.0,0.625,0.0,0,,multi_full_20260502_195038_0001,2026-05-02T22:21:09.266070,https://www.sidefx.com/shop/product/houdini-engine-indie-1-year-rental/,https://www.sidefx.com/,False,https://www.sidefx.com/shop/product/houdini-engine-indie-1-year-rental/,https://www.sidefx.com/,https://www.sidefx.com/shop/product/houdini-engine-indie-1-year-rental/,recon_page,2026-05-02T22:21:09.284808
68,1,3,0,0,0,0,1,0,14,0,com,405,4,0,251.96200000000002,0,0,19,1,nginx,0,html,0,0,0,0,5,0,1,1,1,1,0,0,0,0,0,0,0,0,0,0,0,0,0,0,0,0,0,0,0,0,0,0,0,0,0,0,0,0,0,0,0,0,0,0,0,0,0,0,1,0,0,0,0,0,0,0,0,0,0,0,0,0,0,0,0,0,0,0,0,0,0,0,0.0,0.0,0.0,0,0,0,0,0,0,0,0,0,0,0,0,0,0,0,0,0,0,0,0,0,0.0,0.0,0.625,0.0,0,,multi_full_20260502_195038_0001,2026-05-02T22:21:10.030914,https://www.sidefx.com/shop/product/paid-karma-gal-1-month-rental-1/,https://www.sidefx.com/,False,https://www.sidefx.com/shop/product/paid-karma-gal-1-month-rental-1/,https://www.sidefx.com/,https://www.sidefx.com/shop/product/paid-karma-gal-1-month-rental-1/,recon_page,2026-05-02T22:21:10.036925
99,1,2,1,1,0,0,1,0,14,0,com,200,2,1230485,228.276,0,0,23,1,ESF,0,html,0,0,0,1,7,1,1,1,1,1,0,0,0,0,0,0,0,0,0,0,0,0,0,0,0,0,0,0,1,4,4,0,0,1,1,0,1,0,0,1,1,0,0,1,0,0,0,0,0,0,0,0,0,0,0,0,0,1,0,0,0,0,0,0,0,0,0,0,0,0,0,0,0.0,0.0,0.0,0,0,0,0,0,0,0,0,0,0,0,0,1,0,0,0,0,0,0,0,1,0.0,3.2507507202444565e-06,0.875,0.0,0,,multi_full_20260502_195038_0001,2026-05-02T22:21:11.420367,https://www.sidefx.com/login/google-oauth2/?next=/learn-main-menu/academic-programs/administrators/,https://www.sidefx.com/,False,https://www.sidefx.com/login/google-oauth2/?next=/learn-main-menu/academic-programs/administrators/,https://www.sidefx.com/,https://www.sidefx.com/login/google-oauth2/?next=/learn-main-menu/academic-programs/administrators/,recon_page,2026-05-02T22:21:11.424377
98,1,2,1,1,0,0,1,0,14,0,com,200,2,54318,743.265,0,0,20,1,ATS,0,html,1,1,0,1,7,1,1,1,1,1,0,0,0,0,0,0,0,0,0,0,0,0,0,0,0,0,0,0,1,38,14,0,24,1,14,0,14,0,0,1,7,1,6,1,1,4,1,0,0,0,0,0,0,0,0,0,0,1,0,0,0,0,0,0,0,0,0,0,0,0,0,0,1.0,1.0,0.0,0,0,0,0,0,0,0,0,0,0,0,0,36,0,0,0,0,0,0,0,0,0.0,0.000699583931661696,0.875,0.0,0,,multi_full_20260502_195038_0001,2026-05-02T22:21:12.353082,https://www.sidefx.com/login/yahoo-oauth2/?next=/learn-main-menu/academic-programs/administrators/,https://www.sidefx.com/,False,https://www.sidefx.com/login/yahoo-oauth2/?next=/learn-main-menu/academic-programs/administrators/,https://www.sidefx.com/,https://www.sidefx.com/login/yahoo-oauth2/?next=/learn-main-menu/academic-programs/administrators/,recon_page,2026-05-02T22:21:12.357490
101,1,2,1,1,0,0,1,0,14,0,com,200,2,23163,733.427,0,0,20,0,unknown,0,html,1,3,0,1,5,0,1,1,0,1,0,0,0,0,0,0,0,0,0,0,0,0,0,0,0,0,0,0,1,5,4,0,1,0,0,0,0,0,0,1,10,0,0,1,1,1,1,0,0,0,0,1,0,0,0,0,1,1,0,0,0,0,0,0,0,0,0,0,0,0,0,0,1.0,1.0,1.0,0,0,0,0,0,0,0,0,0,0,0,0,1,0,0,0,0,0,0,0,0,0.0,0.0002158615032595087,0.625,0.0,0,,multi_full_20260502_195038_0001,2026-05-02T22:21:19.428059,https://www.sidefx.com/login/microsoft-graph/?next=/learn-main-menu/academic-programs/administrators/,https://www.sidefx.com/,False,https://www.sidefx.com/login/microsoft-graph/?next=/learn-main-menu/academic-programs/administrators/,https://www.sidefx.com/,https://www.sidefx.com/login/microsoft-graph/?next=/learn-main-menu/academic-programs/administrators/,recon_page,2026-05-02T22:21:19.432278
64,1,3,0,0,0,0,1,0,14,0,com,200,2,40734,276.538,0,0,20,1,nginx,0,html,1,1,0,0,5,0,1,1,1,1,1,3,1,9,1,1,1,3,0,0,1,1,1,5,0,0,1,1,1,18,7,8,3,1,119,109,10,1,7,1,7,1,5,1,1,13,1,0,1,0,0,0,0,0,0,0,0,1,0,0,0,0,0,0,0,0,0,0,0,0,0,0,1.0,1.0,1.0,0,0,0,1,2,1,1,2,1,3,0,6,114,3,0,0,0,0,0,0,0,3.0,0.0004418912947414936,0.625,0.4173417783669662,0,,multi_full_20260502_195038_0001,2026-05-02T22:21:27.548617,https://www.sidefx.com/education/education-programs/instructors/,https://www.sidefx.com/,False,https://www.sidefx.com/education/education-programs/instructors/,https://www.sidefx.com/,https://www.sidefx.com/education/education-programs/instructors/,recon_page,2026-05-02T22:21:27.552810
38,1,2,0,0,0,0,1,0,14,0,com,200,2,46986,382.096,0,0,21,1,nginx,0,html,1,1,0,0,5,0,1,1,1,1,1,7,1,61,1,1,1,43,0,0,1,1,1,9,1,4,1,1,1,19,10,7,2,1,120,110,10,1,12,1,7,1,3,1,1,14,1,0,1,0,0,0,0,0,0,0,0,1,0,0,0,0,0,0,0,0,0,0,0,0,0,0,1.0,1.0,1.0,0,0,0,1,6,1,5,6,1,7,0,17,119,3,0,0,0,0,0,0,0,8.714285714285714,0.0004043757715064062,0.625,1.6387860213680672,0,,multi_full_20260502_195038_0001,2026-05-02T22:21:49.254611,https://www.sidefx.com/gallery/castle/,https://www.sidefx.com/,False,https://www.sidefx.com/gallery/castle/,https://www.sidefx.com/,https://www.sidefx.com/gallery/castle/,recon_page,2026-05-02T22:21:49.303977
85,1,1,1,1,0,0,1,0,14,0,com,200,2,29847,244.08599999999998,0,0,23,1,nginx,0,html,1,2,0,1,6,0,1,1,1,1,1,4,1,15,1,2,1,5,0,0,1,1,1,7,0,0,1,1,1,11,5,6,0,1,111,101,10,1,5,1,7,1,2,1,1,2,1,0,1,0,0,0,0,0,0,0,0,1,0,0,0,0,0,0,1,0,0,0,0,0,0,0,1.0,1.0,1.0,0,0,0,1,3,1,2,3,1,4,0,9,103,6,0,0,0,0,0,0,0,3.75,0.0003685462525546956,0.75,0.8711093242201896,0,,multi_full_20260502_195038_0001,2026-05-02T22:22:21.996922,https://www.sidefx.com/login/?next=/learn-main-menu/academic-programs/administrators/,https://www.sidefx.com/,False,https://www.sidefx.com/login/?next=/learn-main-menu/academic-programs/administrators/,https://www.sidefx.com/,https://www.sidefx.com/login/?next=/learn-main-menu/academic-programs/administrators/,recon_page,2026-05-02T22:22:22.003748
81,1,1,1,1,0,0,1,0,14,0,com,200,2,29847,721.284,0,0,23,1,nginx,0,html,1,2,0,1,6,0,1,1,1,1,1,4,1,15,1,2,1,5,0,0,1,1,1,7,0,0,1,1,1,11,5,6,0,1,111,101,10,1,5,1,7,1,2,1,1,2,1,0,1,0,0,0,0,0,0,0,0,1,0,0,0,0,0,0,0,0,0,0,0,0,0,0,1.0,1.0,1.0,0,0,0,1,3,1,2,3,1,4,0,9,103,6,0,0,0,0,0,0,0,3.75,0.0003685462525546956,0.75,0.8711093242201896,0,,multi_full_20260502_195038_0001,2026-05-02T22:22:22.628931,https://www.sidefx.com/login/?next=/tutorials/muscles-and-tissue-h21-masterclass/,https://www.sidefx.com/,False,https://www.sidefx.com/login/?next=/tutorials/muscles-and-tissue-h21-masterclass/,https://www.sidefx.com/,https://www.sidefx.com/login/?next=/tutorials/muscles-and-tissue-h21-masterclass/,recon_page,2026-05-02T22:22:22.636729
67,1,1,1,1,0,0,1,0,14,0,com,200,2,29847,835.579,0,0,23,1,nginx,0,html,1,2,0,1,6,0,1,1,1,1,1,4,1,15,1,2,1,5,0,0,1,1,1,7,0,0,1,1,1,11,5,6,0,1,111,101,10,1,5,1,7,1,2,1,1,2,1,0,1,0,0,0,0,0,0,0,0,1,0,0,0,0,0,0,1,0,0,0,0,0,0,0,1.0,1.0,1.0,0,0,0,1,3,1,2,3,1,4,0,9,103,6,0,0,0,0,0,0,0,3.75,0.0003685462525546956,0.75,0.8711093242201896,0,,multi_full_20260502_195038_0001,2026-05-02T22:22:22.942698,https://www.sidefx.com/login/?next=/responsible-disclosure-program/,https://www.sidefx.com/,False,https://www.sidefx.com/login/?next=/responsible-disclosure-program/,https://www.sidefx.com/,https://www.sidefx.com/login/?next=/responsible-disclosure-program/,recon_page,2026-05-02T22:22:22.948570
83,1,2,1,1,0,0,1,0,14,0,com,200,2,23075,193.406,0,0,20,0,unknown,0,html,1,3,0,1,5,0,1,1,0,1,0,0,0,0,0,0,0,0,0,0,0,0,0,0,0,0,0,0,1,5,4,0,1,0,0,0,0,0,0,1,10,0,0,1,1,1,1,0,0,0,0,1,0,0,0,0,1,1,0,0,0,0,0,0,0,0,0,0,0,0,0,0,1.0,1.0,1.0,0,0,0,0,0,0,0,0,0,0,0,0,1,0,0,0,0,0,0,0,0,0.0,0.00021668472372697725,0.625,0.0,0,,multi_full_20260502_195038_0001,2026-05-02T22:22:23.189870,https://www.sidefx.com/login/microsoft-graph/?next=/responsible-disclosure-program/,https://www.sidefx.com/,False,https://www.sidefx.com/login/microsoft-graph/?next=/responsible-disclosure-program/,https://www.sidefx.com/,https://www.sidefx.com/login/microsoft-graph/?next=/responsible-disclosure-program/,recon_page,2026-05-02T22:22:23.198476
97,1,2,1,1,0,0,1,0,14,0,com,200,2,23160,162.62099999999998,0,0,20,0,unknown,0,html,1,3,0,1,5,0,1,1,0,1,0,0,0,0,0,0,0,0,0,0,0,0,0,0,0,0,0,0,1,5,4,0,1,0,0,0,0,0,0,1,10,0,0,1,1,1,1,0,0,0,0,1,0,0,0,0,1,1,0,0,0,0,0,0,0,0,0,0,0,0,0,0,1.0,1.0,1.0,0,0,0,0,0,0,0,0,0,0,0,0,1,0,0,0,0,0,0,0,0,0.0,0.0002158894645941278,0.625,0.0,0,,multi_full_20260502_195038_0001,2026-05-02T22:22:23.812726,https://www.sidefx.com/login/microsoft-graph/?next=/tutorials/muscles-and-tissue-h21-masterclass/,https://www.sidefx.com/,False,https://www.sidefx.com/login/microsoft-graph/?next=/tutorials/muscles-and-tissue-h21-masterclass/,https://www.sidefx.com/,https://www.sidefx.com/login/microsoft-graph/?next=/tutorials/muscles-and-tissue-h21-masterclass/,recon_page,2026-05-02T22:22:23.827718
95,1,2,1,1,0,0,1,0,14,0,com,200,2,1230318,195.94400000000002,0,0,23,1,ESF,0,html,0,0,0,1,7,1,1,1,1,1,0,0,0,0,0,0,0,0,0,0,0,0,0,0,0,0,0,0,1,4,4,0,0,1,1,0,1,0,0,1,1,0,0,1,0,0,0,0,0,0,0,0,0,0,0,0,0,1,0,0,0,0,0,0,0,0,0,0,0,0,0,0,0.0,0.0,0.0,0,0,0,0,0,0,0,0,0,0,0,0,1,0,0,0,0,0,0,0,1,0.0,3.2511919682553618e-06,0.875,0.0,0,,multi_full_20260502_195038_0001,2026-05-02T22:22:24.403272,https://www.sidefx.com/login/google-oauth2/?next=/tutorials/muscles-and-tissue-h21-masterclass/,https://www.sidefx.com/,False,https://www.sidefx.com/login/google-oauth2/?next=/tutorials/muscles-and-tissue-h21-masterclass/,https://www.sidefx.com/,https://www.sidefx.com/login/google-oauth2/?next=/tutorials/muscles-and-tissue-h21-masterclass/,recon_page,2026-05-02T22:22:24.408926
80,1,2,1,1,0,0,1,0,14,0,com,200,2,54318,557.256,0,0,20,1,ATS,0,html,1,1,0,1,7,1,1,1,1,1,0,0,0,0,0,0,0,0,0,0,0,0,0,0,0,0,0,0,1,38,14,0,24,1,14,0,14,0,0,1,7,1,6,1,1,4,1,0,0,0,0,0,0,0,0,0,0,1,0,0,0,0,0,0,0,0,0,0,0,0,0,0,1.0,1.0,0.0,0,0,0,0,0,0,0,0,0,0,0,0,36,0,0,0,0,0,0,0,0,0.0,0.000699583931661696,0.875,0.0,0,,multi_full_20260502_195038_0001,2026-05-02T22:22:24.593549,https://www.sidefx.com/login/yahoo-oauth2/?next=/responsible-disclosure-program/,https://www.sidefx.com/,False,https://www.sidefx.com/login/yahoo-oauth2/?next=/responsible-disclosure-program/,https://www.sidefx.com/,https://www.sidefx.com/login/yahoo-oauth2/?next=/responsible-disclosure-program/,recon_page,2026-05-02T22:22:24.597762
81,1,2,1,1,0,0,1,0,14,0,com,200,2,1230181,272.544,0,0,23,1,ESF,0,html,0,0,0,1,7,1,1,1,1,1,0,0,0,0,0,0,0,0,0,0,0,0,0,0,0,0,0,0,1,4,4,0,0,1,1,0,1,0,0,1,1,0,0,1,0,0,0,0,0,0,0,0,0,0,0,0,0,1,0,0,0,0,0,0,0,0,0,0,0,0,0,0,0.0,0.0,0.0,0,0,0,0,0,0,0,0,0,0,0,0,1,0,0,0,0,0,0,0,1,0.0,3.2515540396088055e-06,0.875,0.0,0,,multi_full_20260502_195038_0001,2026-05-02T22:22:25.128262,https://www.sidefx.com/login/google-oauth2/?next=/responsible-disclosure-program/,https://www.sidefx.com/,False,https://www.sidefx.com/login/google-oauth2/?next=/responsible-disclosure-program/,https://www.sidefx.com/,https://www.sidefx.com/login/google-oauth2/?next=/responsible-disclosure-program/,recon_page,2026-05-02T22:22:25.132907
94,1,2,1,1,0,0,1,0,14,0,com,200,2,54318,347.356,0,0,20,1,ATS,0,html,1,1,0,1,7,1,1,1,1,1,0,0,0,0,0,0,0,0,0,0,0,0,0,0,0,0,0,0,1,38,14,0,24,1,14,0,14,0,0,1,7,1,6,1,1,4,1,0,0,0,0,0,0,0,0,0,0,1,0,0,0,0,0,0,0,0,0,0,0,0,0,0,1.0,1.0,0.0,0,0,0,0,0,0,0,0,0,0,0,0,36,0,0,0,0,0,0,0,0,0.0,0.000699583931661696,0.875,0.0,0,,multi_full_20260502_195038_0001,2026-05-02T22:22:40.994085,https://www.sidefx.com/login/yahoo-oauth2/?next=/tutorials/muscles-and-tissue-h21-masterclass/,https://www.sidefx.com/,False,https://www.sidefx.com/login/yahoo-oauth2/?next=/tutorials/muscles-and-tissue-h21-masterclass/,https://www.sidefx.com/,https://www.sidefx.com/login/yahoo-oauth2/?next=/tutorials/muscles-and-tissue-h21-masterclass/,recon_page,2026-05-02T22:22:40.998113
40,1,2,0,0,0,0,1,0,14,0,com,200,2,39072,302.786,0,0,21,1,nginx,0,html,1,1,0,0,5,0,1,1,1,1,1,3,1,9,1,1,1,3,0,0,1,1,1,5,0,0,1,1,1,17,8,7,2,1,118,102,16,1,8,1,7,1,3,1,1,7,1,0,1,0,0,0,0,0,0,0,0,1,0,0,0,0,0,0,0,0,0,0,0,0,0,0,1.0,1.0,1.0,0,0,0,1,2,1,1,2,1,3,0,6,118,4,0,0,0,0,0,0,0,3.0,0.0004350941850941851,0.625,0.43509418509418507,0,,multi_full_20260502_195038_0001,2026-05-02T22:23:43.086043,https://www.sidefx.com/profile/lorsange/,https://www.sidefx.com/,False,https://www.sidefx.com/profile/lorsange/,https://www.sidefx.com/,https://www.sidefx.com/profile/lorsange/,recon_page,2026-05-02T22:23:43.090525
43,1,2,0,0,0,0,1,0,14,0,com,200,2,29452,237.66899999999998,0,0,21,1,nginx,0,html,1,1,0,0,5,0,1,1,1,1,1,3,1,9,1,1,1,3,0,0,1,1,1,5,0,0,1,1,1,15,7,6,2,1,106,96,10,1,6,1,7,1,2,1,1,7,1,0,1,0,0,0,0,0,0,0,0,1,0,0,0,0,0,0,0,0,0,0,0,0,0,0,1.0,1.0,1.0,0,0,0,1,2,1,1,2,1,3,0,6,104,3,0,0,0,0,0,0,0,3.0,0.0005093032731223686,0.625,0.5772103762053511,0,,multi_full_20260502_195038_0001,2026-05-02T22:23:58.089829,https://www.sidefx.com/profile/sefstathiou/,https://www.sidefx.com/,False,https://www.sidefx.com/profile/sefstathiou/,https://www.sidefx.com/,https://www.sidefx.com/profile/sefstathiou/,recon_page,2026-05-02T22:23:58.094540
37,1,2,0,0,0,0,1,0,14,0,com,200,2,32513,796.548,0,0,21,1,nginx,0,html,1,1,0,0,5,0,1,1,1,1,1,3,1,9,1,1,1,3,0,0,1,1,1,5,0,0,1,1,1,17,8,7,2,1,106,96,10,1,7,1,7,1,3,1,1,7,1,0,1,0,0,0,0,0,0,0,0,1,0,0,0,0,0,0,0,0,0,0,0,0,0,0,1.0,1.0,1.0,0,0,0,1,2,1,1,2,1,3,0,6,106,3,0,0,0,0,0,0,0,3.0,0.0005228677759665365,0.625,0.5228677759665364,0,,multi_full_20260502_195038_0001,2026-05-02T22:24:21.383932,https://www.sidefx.com/profile/aivfx/,https://www.sidefx.com/,False,https://www.sidefx.com/profile/aivfx/,https://www.sidefx.com/,https://www.sidefx.com/profile/aivfx/,recon_page,2026-05-02T22:24:21.411192
56,1,3,0,0,0,0,1,0,14,0,com,200,2,74674,427.788,0,0,21,1,nginx,0,html,1,1,0,0,5,0,1,1,1,1,1,3,1,50,1,1,1,3,0,0,1,1,1,8,0,0,1,1,1,19,9,8,2,1,116,106,10,1,8,1,7,1,3,1,1,22,1,0,1,0,0,0,0,0,0,0,0,1,0,0,0,0,0,0,0,0,0,0,0,0,0,0,1.0,1.0,1.0,0,0,0,1,2,1,1,2,1,3,0,6,111,3,0,0,0,0,0,0,0,16.666666666666668,0.00025443929614055763,0.625,0.8168840560302112,0,,multi_full_20260502_195038_0001,2026-05-02T22:24:21.419908,https://www.sidefx.com/tutorials/author/Liesbeth_Levick/,https://www.sidefx.com/,False,https://www.sidefx.com/tutorials/author/Liesbeth_Levick/,https://www.sidefx.com/,https://www.sidefx.com/tutorials/author/Liesbeth_Levick/,recon_page,2026-05-02T22:24:21.424906
70,1,4,0,0,0,0,1,0,14,0,com,200,2,32130,257.77099999999996,0,0,10,1,nginx,0,html,0,0,0,0,1,0,0,0,1,0,1,1,1,4,0,0,1,2,0,0,1,1,1,1,0,0,0,0,1,15,2,11,2,1,49,49,0,1,12,1,3,1,4,1,1,2,1,0,1,0,0,0,0,0,0,0,0,0,0,0,0,0,0,0,0,0,0,0,0,0,0,0,0.0,0.0,0.0,0,0,0,1,0,0,0,0,0,0,1,4,50,0,0,0,0,0,0,0,0,4.0,0.00046685340802987864,0.125,0.18674136321195142,0,,multi_full_20260502_195038_0001,2026-05-02T22:24:29.731515,https://www.sidefx.com/docs/houdini/muscles/muscle_muscletransfer.html,https://www.sidefx.com/,False,https://www.sidefx.com/docs/houdini/muscles/muscle_muscletransfer.html,https://www.sidefx.com/,https://www.sidefx.com/docs/houdini/muscles/muscle_muscletransfer.html,recon_page,2026-05-02T22:24:29.735835
46,1,3,0,0,0,0,1,0,14,0,com,200,2,74709,443.66499999999996,0,0,21,1,nginx,0,html,1,1,0,0,5,0,1,1,1,1,1,3,1,50,1,1,1,3,0,0,1,1,1,8,0,0,1,1,1,19,9,8,2,1,116,106,10,1,8,1,7,1,3,1,1,22,1,0,1,0,0,0,0,0,0,0,0,1,0,0,0,0,0,0,0,0,0,0,0,0,0,0,1.0,1.0,1.0,0,0,0,1,2,1,1,2,1,3,0,6,114,7,0,0,0,0,0,0,0,16.666666666666668,0.0002543200953031094,0.625,0.8165013586047196,0,,multi_full_20260502_195038_0001,2026-05-02T22:24:45.240818,https://www.sidefx.com/tutorials/category/cfx/,https://www.sidefx.com/,False,https://www.sidefx.com/tutorials/category/cfx/,https://www.sidefx.com/,https://www.sidefx.com/tutorials/category/cfx/,recon_page,2026-05-02T22:24:45.268332
50,1,3,0,0,0,0,1,0,14,0,com,200,2,74709,442.784,0,0,21,1,nginx,0,html,1,1,0,0,5,0,1,1,1,1,1,3,1,50,1,1,1,3,0,0,1,1,1,8,0,0,1,1,1,19,9,8,2,1,116,106,10,1,8,1,7,1,3,1,1,22,1,0,1,0,0,0,0,0,0,0,0,1,0,0,0,0,0,0,0,0,0,0,0,0,0,0,1.0,1.0,1.0,0,0,0,1,2,1,1,2,1,3,0,6,114,7,0,0,0,0,0,0,0,16.666666666666668,0.0002543200953031094,0.625,0.8165013586047196,0,,multi_full_20260502_195038_0001,2026-05-02T22:25:10.543794,https://www.sidefx.com/tutorials/category/muscles/,https://www.sidefx.com/,False,https://www.sidefx.com/tutorials/category/muscles/,https://www.sidefx.com/,https://www.sidefx.com/tutorials/category/muscles/,recon_page,2026-05-02T22:25:10.547528
47,1,2,0,0,0,0,1,0,14,0,com,200,2,42895,315.603,0,0,21,1,nginx,0,html,1,1,0,0,5,0,1,1,1,1,1,3,1,9,1,1,1,3,0,0,1,1,1,5,0,0,1,1,1,17,8,7,2,1,116,106,10,1,12,1,7,1,3,1,1,7,1,0,1,0,0,0,0,0,0,0,0,1,0,0,0,0,0,0,0,0,0,0,0,0,0,0,1.0,1.0,1.0,0,0,0,1,2,1,1,2,1,3,0,6,116,6,0,2,0,0,0,0,0,3.0,0.0003963165870148036,0.625,0.39631658701480355,0,,multi_full_20260502_195038_0001,2026-05-02T22:25:23.824628,https://www.sidefx.com/profile/Liesbeth_Levick/,https://www.sidefx.com/,False,https://www.sidefx.com/profile/Liesbeth_Levick/,https://www.sidefx.com/,https://www.sidefx.com/profile/Liesbeth_Levick/,recon_page,2026-05-02T22:25:23.830438
38,1,2,0,0,0,0,1,0,14,0,com,200,2,32527,311.999,0,0,21,1,nginx,0,html,1,1,0,0,5,0,1,1,1,1,1,3,1,9,1,1,1,3,0,0,1,1,1,5,0,0,1,1,1,17,8,7,2,1,106,96,10,1,7,1,7,1,3,1,1,7,1,0,1,0,0,0,0,0,0,0,0,1,0,0,0,0,0,0,0,0,0,0,0,0,0,0,1.0,1.0,1.0,0,0,0,1,2,1,1,2,1,3,0,6,106,3,0,0,0,0,0,0,0,3.0,0.0005226427275801642,0.625,0.5226427275801642,0,,multi_full_20260502_195038_0001,2026-05-02T22:25:41.596762,https://www.sidefx.com/profile/John_j/,https://www.sidefx.com/,False,https://www.sidefx.com/profile/John_j/,https://www.sidefx.com/,https://www.sidefx.com/profile/John_j/,recon_page,2026-05-02T22:25:41.600989
70,1,2,1,1,0,0,1,0,14,0,com,200,2,23182,884.7909999999999,0,0,20,0,unknown,0,html,1,3,0,1,5,0,1,1,0,1,0,0,0,0,0,0,0,0,0,0,0,0,0,0,0,0,0,0,1,5,4,0,1,0,0,0,0,0,0,1,10,0,0,1,1,1,1,0,0,0,0,1,0,0,0,0,1,1,0,0,0,0,0,0,0,0,0,0,0,0,0,0,1.0,1.0,1.0,0,0,0,0,0,0,0,0,0,0,0,0,1,0,0,0,0,0,0,0,0,0.0,0.00021568458286601674,0.625,0.0,0,,multi_full_20260502_195038_0001,2026-05-02T22:26:18.944980,https://www.sidefx.com/login/microsoft-graph/?next=/gallery/portal-fx/,https://www.sidefx.com/,False,https://www.sidefx.com/login/microsoft-graph/?next=/gallery/portal-fx/,https://www.sidefx.com/,https://www.sidefx.com/login/microsoft-graph/?next=/gallery/portal-fx/,recon_page,2026-05-02T22:26:18.948824
67,1,2,1,1,0,0,1,0,14,0,com,200,2,54318,1812.155,0,0,20,1,ATS,0,html,1,1,0,1,7,1,1,1,1,1,0,0,0,0,0,0,0,0,0,0,0,0,0,0,0,0,0,0,1,38,14,0,24,1,14,0,14,0,0,1,7,1,6,1,1,4,1,0,0,0,0,0,0,0,0,0,0,1,0,0,0,0,0,0,0,0,0,0,0,0,0,0,1.0,1.0,0.0,0,0,0,0,0,0,0,0,0,0,0,0,36,0,0,0,0,0,0,0,0,0.0,0.000699583931661696,0.875,0.0,0,,multi_full_20260502_195038_0001,2026-05-02T22:26:30.911264,https://www.sidefx.com/login/yahoo-oauth2/?next=/gallery/portal-fx/,https://www.sidefx.com/,False,https://www.sidefx.com/login/yahoo-oauth2/?next=/gallery/portal-fx/,https://www.sidefx.com/,https://www.sidefx.com/login/yahoo-oauth2/?next=/gallery/portal-fx/,recon_page,2026-05-02T22:26:30.916367
68,1,2,1,1,0,0,1,0,14,0,com,200,2,1230455,414.251,0,0,23,1,ESF,0,html,0,0,0,1,7,1,1,1,1,1,0,0,0,0,0,0,0,0,0,0,0,0,0,0,0,0,0,0,1,4,4,0,0,1,1,0,1,0,0,1,1,0,0,1,0,0,0,0,0,0,0,0,0,0,0,0,0,1,0,0,0,0,0,0,0,0,0,0,0,0,0,0,0.0,0.0,0.0,0,0,0,0,0,0,0,0,0,0,0,0,1,0,0,0,0,0,0,0,1,0.0,3.2508299775286376e-06,0.875,0.0,0,,multi_full_20260502_195038_0001,2026-05-02T22:26:52.016216,https://www.sidefx.com/login/google-oauth2/?next=/gallery/portal-fx/,https://www.sidefx.com/,False,https://www.sidefx.com/login/google-oauth2/?next=/gallery/portal-fx/,https://www.sidefx.com/,https://www.sidefx.com/login/google-oauth2/?next=/gallery/portal-fx/,recon_page,2026-05-02T22:26:52.020260
50,1,2,0,0,0,0,1,0,14,0,com,200,2,39179,327.504,0,0,21,1,nginx,0,html,1,1,0,0,5,0,1,1,1,1,1,3,1,9,1,1,1,3,0,0,1,1,1,5,0,0,1,1,1,17,8,7,2,1,117,103,14,1,13,1,7,1,3,1,1,7,1,0,1,0,0,0,0,0,0,0,0,1,0,0,0,0,0,0,0,0,0,0,0,0,0,0,1.0,1.0,1.0,0,0,0,1,2,1,1,2,1,3,0,6,117,3,0,0,0,0,0,0,0,3.0,0.00043390591898721255,0.625,0.43390591898721254,0,,multi_full_20260502_195038_0001,2026-05-02T22:27:13.797072,https://www.sidefx.com/profile/Fadi%20AL%20Sharif/,https://www.sidefx.com/,False,https://www.sidefx.com/profile/Fadi%20AL%20Sharif/,https://www.sidefx.com/,https://www.sidefx.com/profile/Fadi%20AL%20Sharif/,recon_page,2026-05-02T22:27:13.800788
54,1,1,1,1,0,0,1,0,14,0,com,200,2,29847,245.302,0,0,23,1,nginx,0,html,1,2,0,1,6,0,1,1,1,1,1,4,1,15,1,2,1,5,0,0,1,1,1,7,0,0,1,1,1,11,5,6,0,1,111,101,10,1,5,1,7,1,2,1,1,2,1,0,1,0,0,0,0,0,0,0,0,1,0,0,0,0,0,0,0,0,0,0,0,0,0,0,1.0,1.0,1.0,0,0,0,1,3,1,2,3,1,4,0,9,103,6,0,0,0,0,0,0,0,3.75,0.0003685462525546956,0.75,0.8711093242201896,0,,multi_full_20260502_195038_0001,2026-05-02T22:27:46.652842,https://www.sidefx.com/login/?next=/gallery/portal-fx/,https://www.sidefx.com/,False,https://www.sidefx.com/login/?next=/gallery/portal-fx/,https://www.sidefx.com/,https://www.sidefx.com/login/?next=/gallery/portal-fx/,recon_page,2026-05-02T22:27:46.659344
54,1,1,1,1,0,0,1,0,14,0,com,200,2,29847,881.606,0,0,23,1,nginx,0,html,1,2,0,1,6,0,1,1,1,1,1,4,1,15,1,2,1,5,0,0,1,1,1,7,0,0,1,1,1,11,5,6,0,1,111,101,10,1,5,1,7,1,2,1,1,2,1,0,1,0,0,0,0,0,0,0,0,1,0,0,0,0,0,0,1,0,0,0,0,0,0,0,1.0,1.0,1.0,0,0,0,1,3,1,2,3,1,4,0,9,103,6,0,0,0,0,0,0,0,3.75,0.0003685462525546956,0.75,0.8711093242201896,0,,multi_full_20260502_195038_0001,2026-05-02T22:27:49.034695,https://www.sidefx.com/login/?next=/Support/licensing/,https://www.sidefx.com/,False,https://www.sidefx.com/login/?next=/Support/licensing/,https://www.sidefx.com/,https://www.sidefx.com/login/?next=/Support/licensing/,recon_page,2026-05-02T22:27:49.039131
56,1,4,0,0,0,0,1,0,14,0,com,200,2,27560,876.375,0,0,10,1,nginx,0,html,0,0,0,0,1,0,0,0,1,0,1,1,1,4,0,0,1,2,0,0,1,1,1,1,0,0,0,0,1,15,2,11,2,1,27,27,0,1,2,1,3,1,4,1,1,2,1,0,1,0,0,0,0,0,0,0,0,1,1,0,0,0,0,0,0,0,0,0,0,0,0,0,0.0,0.0,0.0,0,0,0,1,0,0,0,0,0,0,1,4,37,0,0,0,0,0,0,0,0,4.0,0.0005442670537010159,0.125,0.2177068214804064,0,,multi_full_20260502_195038_0001,2026-05-02T22:27:49.320995,https://www.sidefx.com/docs/houdini/hqueue/overview.html,https://www.sidefx.com/,False,https://www.sidefx.com/docs/houdini/hqueue/overview.html,https://www.sidefx.com/,https://www.sidefx.com/docs/houdini/hqueue/overview.html,recon_page,2026-05-02T22:27:49.327286
65,1,4,0,0,0,0,1,0,14,0,com,200,2,21212,859.658,0,0,10,1,nginx,0,html,0,0,0,0,1,0,0,0,1,0,1,1,1,4,0,0,1,2,0,0,1,1,1,1,0,0,0,0,1,15,2,11,2,1,38,38,0,1,1,1,3,1,4,1,1,2,1,0,1,0,0,0,0,0,0,0,0,0,0,0,0,0,0,0,0,0,0,0,0,0,0,0,0.0,0.0,0.0,0,0,0,1,0,0,0,0,0,0,1,4,46,0,0,0,0,0,0,0,0,4.0,0.0007071468979822742,0.125,0.2828587591929097,0,,multi_full_20260502_195038_0001,2026-05-02T22:27:49.561560,https://www.sidefx.com/docs/houdini/licensing/install_hqueue.html,https://www.sidefx.com/,False,https://www.sidefx.com/docs/houdini/licensing/install_hqueue.html,https://www.sidefx.com/,https://www.sidefx.com/docs/houdini/licensing/install_hqueue.html,recon_page,2026-05-02T22:27:49.567556
70,1,2,1,1,0,0,1,0,14,0,com,200,2,23160,214.062,0,0,20,0,unknown,0,html,1,3,0,1,5,0,1,1,0,1,0,0,0,0,0,0,0,0,0,0,0,0,0,0,0,0,0,0,1,5,4,0,1,0,0,0,0,0,0,1,10,0,0,1,1,1,1,0,0,0,0,1,0,0,0,0,1,1,0,0,0,0,0,0,0,0,0,0,0,0,0,0,1.0,1.0,1.0,0,0,0,0,0,0,0,0,0,0,0,0,1,0,0,0,0,0,0,0,0,0.0,0.0002158894645941278,0.625,0.0,0,,multi_full_20260502_195038_0001,2026-05-02T22:27:49.839022,https://www.sidefx.com/login/microsoft-graph/?next=/Support/licensing/,https://www.sidefx.com/,False,https://www.sidefx.com/login/microsoft-graph/?next=/Support/licensing/,https://www.sidefx.com/,https://www.sidefx.com/login/microsoft-graph/?next=/Support/licensing/,recon_page,2026-05-02T22:27:49.869499
59,1,4,0,0,0,0,1,0,14,0,com,200,2,489224,1016.4089999999999,0,0,20,1,nginx,0,html,1,1,0,0,5,0,1,1,1,1,1,3,1,9,1,1,1,3,0,0,1,1,1,21,0,0,1,1,1,28,16,10,2,1,179,141,38,1,37,1,7,1,8,1,1,11,1,0,1,0,0,0,0,0,0,0,0,1,0,0,0,0,0,0,0,0,0,0,0,0,0,0,1.0,1.0,1.0,0,0,0,1,2,1,1,2,1,3,0,6,178,3,0,0,0,0,0,0,0,3.0,5.7233496312527594e-05,0.625,0.06745376351119324,0,,multi_full_20260502_195038_0001,2026-05-02T22:27:50.311774,https://www.sidefx.com/products/houdini/lookdev/copernicus/,https://www.sidefx.com/,False,https://www.sidefx.com/products/houdini/lookdev/copernicus/,https://www.sidefx.com/,https://www.sidefx.com/products/houdini/lookdev/copernicus/,recon_page,2026-05-02T22:27:50.317874
56,1,4,0,0,0,0,1,0,14,0,com,200,2,110580,918.8969999999999,0,0,20,1,nginx,0,html,1,1,0,0,5,0,1,1,1,1,1,3,1,9,1,1,1,3,0,0,1,1,1,7,0,0,1,1,1,21,9,10,2,1,166,136,30,1,31,1,7,1,7,1,1,11,1,0,1,0,0,0,0,0,0,0,1,1,0,0,0,0,0,0,0,0,0,0,0,0,0,0,1.0,1.0,1.0,0,0,0,1,2,1,1,2,1,3,0,6,165,3,0,0,0,0,0,0,0,3.0,0.00018990775908844275,0.625,0.1718213058419244,0,,multi_full_20260502_195038_0001,2026-05-02T22:27:50.461867,https://www.sidefx.com/products/houdini/lookdev/solaris/,https://www.sidefx.com/,False,https://www.sidefx.com/products/houdini/lookdev/solaris/,https://www.sidefx.com/,https://www.sidefx.com/products/houdini/lookdev/solaris/,recon_page,2026-05-02T22:27:50.469816
68,1,2,1,1,0,0,1,0,14,0,com,200,2,1230462,247.17,0,0,23,1,ESF,0,html,0,0,0,1,7,1,1,1,1,1,0,0,0,0,0,0,0,0,0,0,0,0,0,0,0,0,0,0,1,4,4,0,0,1,1,0,1,0,0,1,1,0,0,1,0,0,0,0,0,0,0,0,0,0,0,0,0,1,0,0,0,0,0,0,0,0,0,0,0,0,0,0,0.0,0.0,0.0,0,0,0,0,0,0,0,0,0,0,0,0,1,0,0,0,0,0,0,0,1,0.0,3.250811483816648e-06,0.875,0.0,0,,multi_full_20260502_195038_0001,2026-05-02T22:27:50.956388,https://www.sidefx.com/login/google-oauth2/?next=/Support/licensing/,https://www.sidefx.com/,False,https://www.sidefx.com/login/google-oauth2/?next=/Support/licensing/,https://www.sidefx.com/,https://www.sidefx.com/login/google-oauth2/?next=/Support/licensing/,recon_page,2026-05-02T22:27:50.960297
67,1,2,1,1,0,0,1,0,14,0,com,200,2,54318,524.163,0,0,20,1,ATS,0,html,1,1,0,1,7,1,1,1,1,1,0,0,0,0,0,0,0,0,0,0,0,0,0,0,0,0,0,0,1,38,14,0,24,1,14,0,14,0,0,1,7,1,6,1,1,4,1,0,0,0,0,0,0,0,0,0,0,1,0,0,0,0,0,0,0,0,0,0,0,0,0,0,1.0,1.0,0.0,0,0,0,0,0,0,0,0,0,0,0,0,36,0,0,0,0,0,0,0,0,0.0,0.000699583931661696,0.875,0.0,0,,multi_full_20260502_195038_0001,2026-05-02T22:27:51.682645,https://www.sidefx.com/login/yahoo-oauth2/?next=/Support/licensing/,https://www.sidefx.com/,False,https://www.sidefx.com/login/yahoo-oauth2/?next=/Support/licensing/,https://www.sidefx.com/,https://www.sidefx.com/login/yahoo-oauth2/?next=/Support/licensing/,recon_page,2026-05-02T22:27:51.702153
40,1,2,0,0,0,0,1,0,14,0,com,200,2,41263,310.44500000000005,0,0,21,1,nginx,0,html,1,1,0,0,5,0,1,1,1,1,1,6,1,48,1,1,1,33,0,0,1,1,1,8,1,3,1,1,1,18,9,7,2,1,120,106,14,1,9,1,7,1,3,1,1,8,1,0,1,0,1,0,0,0,0,0,0,1,0,0,0,0,0,0,0,0,0,0,0,0,0,0,1.0,1.0,1.0,0,0,0,1,5,1,4,5,1,6,0,17,120,6,0,3,0,0,0,0,0,8.0,0.00043622615902866974,0.625,1.5025567699876403,0,,multi_full_20260502_195038_0001,2026-05-02T22:28:01.125455,https://www.sidefx.com/community/crowds/,https://www.sidefx.com/,False,https://www.sidefx.com/community/crowds/,https://www.sidefx.com/,https://www.sidefx.com/community/crowds/,recon_page,2026-05-02T22:28:01.130988
71,1,2,1,1,0,0,1,0,14,0,com,200,2,1230689,213.845,0,0,23,1,ESF,0,html,0,0,0,1,7,1,1,1,1,1,0,0,0,0,0,0,0,0,0,0,0,0,0,0,0,0,0,0,1,4,4,0,0,1,1,0,1,0,0,1,1,0,0,1,0,0,0,0,0,0,0,0,0,0,0,0,0,1,0,0,0,0,0,0,0,0,0,0,0,0,0,0,0.0,0.0,0.0,0,0,0,0,0,0,0,0,0,0,0,0,1,0,0,0,0,0,0,0,1,0.0,3.250211873186483e-06,0.875,0.0,0,,multi_full_20260502_195038_0001,2026-05-02T22:28:01.892770,https://www.sidefx.com/login/google-oauth2/?next=/company/about-sidefx/,https://www.sidefx.com/,False,https://www.sidefx.com/login/google-oauth2/?next=/company/about-sidefx/,https://www.sidefx.com/,https://www.sidefx.com/login/google-oauth2/?next=/company/about-sidefx/,recon_page,2026-05-02T22:28:01.896157
55,1,2,0,0,0,0,1,0,14,0,com,200,2,65930,490.012,0,0,21,1,nginx,0,html,1,1,0,0,5,0,1,1,1,1,1,15,1,165,1,1,1,123,0,0,1,1,1,17,1,12,1,1,1,18,9,7,2,1,138,124,14,1,18,1,7,1,3,1,1,8,1,0,1,0,1,0,0,0,0,0,0,1,0,0,0,0,0,0,0,0,0,0,0,0,0,0,1.0,1.0,1.0,0,0,0,1,14,1,13,14,1,15,0,17,147,6,0,3,0,0,0,0,0,11.0,0.0002730168360382224,0.625,2.9880175944183223,0,,multi_full_20260502_195038_0001,2026-05-02T22:29:14.477247,https://www.sidefx.com/community/houdini-wins-an-oscar/,https://www.sidefx.com/,False,https://www.sidefx.com/community/houdini-wins-an-oscar/,https://www.sidefx.com/,https://www.sidefx.com/community/houdini-wins-an-oscar/,recon_page,2026-05-02T22:29:14.516637
57,1,1,1,1,0,0,1,0,14,0,com,200,2,29847,250.009,0,0,23,1,nginx,0,html,1,2,0,1,6,0,1,1,1,1,1,4,1,15,1,2,1,5,0,0,1,1,1,7,0,0,1,1,1,11,5,6,0,1,111,101,10,1,5,1,7,1,2,1,1,2,1,0,1,0,0,0,0,0,0,0,0,1,0,0,0,0,0,0,1,0,0,0,0,0,0,0,1.0,1.0,1.0,0,0,0,1,3,1,2,3,1,4,0,9,103,6,0,0,0,0,0,0,0,3.75,0.0003685462525546956,0.75,0.8711093242201896,0,,multi_full_20260502_195038_0001,2026-05-02T22:29:59.421339,https://www.sidefx.com/login/?next=/company/about-sidefx/,https://www.sidefx.com/,False,https://www.sidefx.com/login/?next=/company/about-sidefx/,https://www.sidefx.com/,https://www.sidefx.com/login/?next=/company/about-sidefx/,recon_page,2026-05-02T22:29:59.433451
61,1,1,1,1,0,0,1,0,14,0,com,200,2,29847,885.383,0,0,23,1,nginx,0,html,1,2,0,1,6,0,1,1,1,1,1,4,1,15,1,2,1,5,0,0,1,1,1,7,0,0,1,1,1,11,5,6,0,1,111,101,10,1,5,1,7,1,2,1,1,2,1,0,1,0,0,0,0,0,0,0,0,1,0,0,0,0,0,0,1,0,0,0,0,0,0,0,1.0,1.0,1.0,0,0,0,1,3,1,2,3,1,4,0,9,103,6,0,0,0,0,0,0,0,3.75,0.0003685462525546956,0.75,0.8711093242201896,0,,multi_full_20260502_195038_0001,2026-05-02T22:29:59.917347,https://www.sidefx.com/login/?next=/products/houdini/lookdev/,https://www.sidefx.com/,False,https://www.sidefx.com/login/?next=/products/houdini/lookdev/,https://www.sidefx.com/,https://www.sidefx.com/login/?next=/products/houdini/lookdev/,recon_page,2026-05-02T22:29:59.922796
77,1,2,1,1,0,0,1,0,14,0,com,200,2,23276,741.807,0,0,20,0,unknown,0,html,1,3,0,1,5,0,1,1,0,1,0,0,0,0,0,0,0,0,0,0,0,0,0,0,0,0,0,0,1,5,4,0,1,0,0,0,0,0,0,1,10,0,0,1,1,1,1,0,0,0,0,1,0,0,0,0,1,1,0,0,0,0,0,0,0,0,0,0,0,0,0,0,1.0,1.0,1.0,0,0,0,0,0,0,0,0,0,0,0,0,1,0,0,0,0,0,0,0,0,0.0,0.00021481354184567795,0.625,0.0,0,,multi_full_20260502_195038_0001,2026-05-02T22:30:00.592848,https://www.sidefx.com/login/microsoft-graph/?next=/products/houdini/lookdev/,https://www.sidefx.com/,False,https://www.sidefx.com/login/microsoft-graph/?next=/products/houdini/lookdev/,https://www.sidefx.com/,https://www.sidefx.com/login/microsoft-graph/?next=/products/houdini/lookdev/,recon_page,2026-05-02T22:30:00.597699
75,1,2,1,1,0,0,1,0,14,0,com,200,2,1230540,271.81699999999995,0,0,23,1,ESF,0,html,0,0,0,1,7,1,1,1,1,1,0,0,0,0,0,0,0,0,0,0,0,0,0,0,0,0,0,0,1,4,4,0,0,1,1,0,1,0,0,1,1,0,0,1,0,0,0,0,0,0,0,0,0,0,0,0,0,1,0,0,0,0,0,0,0,0,0,0,0,0,0,0,0.0,0.0,0.0,0,0,0,0,0,0,0,0,0,0,0,0,1,0,0,0,0,0,0,0,1,0.0,3.250605425260455e-06,0.875,0.0,0,,multi_full_20260502_195038_0001,2026-05-02T22:30:01.316320,https://www.sidefx.com/login/google-oauth2/?next=/products/houdini/lookdev/,https://www.sidefx.com/,False,https://www.sidefx.com/login/google-oauth2/?next=/products/houdini/lookdev/,https://www.sidefx.com/,https://www.sidefx.com/login/google-oauth2/?next=/products/houdini/lookdev/,recon_page,2026-05-02T22:30:01.329888
74,1,2,1,1,0,0,1,0,14,0,com,200,2,54318,902.2320000000001,0,0,20,1,ATS,0,html,1,1,0,1,7,1,1,1,1,1,0,0,0,0,0,0,0,0,0,0,0,0,0,0,0,0,0,0,1,38,14,0,24,1,14,0,14,0,0,1,7,1,6,1,1,4,1,0,0,0,0,0,0,0,0,0,0,1,0,0,0,0,0,0,0,0,0,0,0,0,0,0,1.0,1.0,0.0,0,0,0,0,0,0,0,0,0,0,0,0,36,0,0,0,0,0,0,0,0,0.0,0.000699583931661696,0.875,0.0,0,,multi_full_20260502_195038_0001,2026-05-02T22:30:02.036050,https://www.sidefx.com/login/yahoo-oauth2/?next=/products/houdini/lookdev/,https://www.sidefx.com/,False,https://www.sidefx.com/login/yahoo-oauth2/?next=/products/houdini/lookdev/,https://www.sidefx.com/,https://www.sidefx.com/login/yahoo-oauth2/?next=/products/houdini/lookdev/,recon_page,2026-05-02T22:30:02.060463
70,1,2,1,1,0,0,1,0,14,0,com,200,2,54318,312.668,0,0,20,1,ATS,0,html,1,1,0,1,7,1,1,1,1,1,0,0,0,0,0,0,0,0,0,0,0,0,0,0,0,0,0,0,1,38,14,0,24,1,14,0,14,0,0,1,7,1,6,1,1,4,1,0,0,0,0,0,0,0,0,0,0,1,0,0,0,0,0,0,0,0,0,0,0,0,0,0,1.0,1.0,0.0,0,0,0,0,0,0,0,0,0,0,0,0,36,0,0,0,0,0,0,0,0,0.0,0.000699583931661696,0.875,0.0,0,,multi_full_20260502_195038_0001,2026-05-02T22:30:28.001551,https://www.sidefx.com/login/yahoo-oauth2/?next=/company/about-sidefx/,https://www.sidefx.com/,False,https://www.sidefx.com/login/yahoo-oauth2/?next=/company/about-sidefx/,https://www.sidefx.com/,https://www.sidefx.com/login/yahoo-oauth2/?next=/company/about-sidefx/,recon_page,2026-05-02T22:30:28.005014
73,1,2,1,1,0,0,1,0,14,0,com,200,2,23172,182.785,0,0,20,0,unknown,0,html,1,3,0,1,5,0,1,1,0,1,0,0,0,0,0,0,0,0,0,0,0,0,0,0,0,0,0,0,1,5,4,0,1,0,0,0,0,0,0,1,10,0,0,1,1,1,1,0,0,0,0,1,0,0,0,0,1,1,0,0,0,0,0,0,0,0,0,0,0,0,0,0,1.0,1.0,1.0,0,0,0,0,0,0,0,0,0,0,0,0,1,0,0,0,0,0,0,0,0,0.0,0.00021577766269635767,0.625,0.0,0,,multi_full_20260502_195038_0001,2026-05-02T22:31:13.907991,https://www.sidefx.com/login/microsoft-graph/?next=/company/about-sidefx/,https://www.sidefx.com/,False,https://www.sidefx.com/login/microsoft-graph/?next=/company/about-sidefx/,https://www.sidefx.com/,https://www.sidefx.com/login/microsoft-graph/?next=/company/about-sidefx/,recon_page,2026-05-02T22:31:13.912313
62,1,2,1,1,0,0,1,0,14,0,com,200,2,23078,172.66400000000002,0,0,20,0,unknown,0,html,1,3,0,1,5,0,1,1,0,1,0,0,0,0,0,0,0,0,0,0,0,0,0,0,0,0,0,0,1,5,4,0,1,0,0,0,0,0,0,1,10,0,0,1,1,1,1,0,0,0,0,1,0,0,0,0,1,1,0,0,0,0,0,0,0,0,0,0,0,0,0,0,1.0,1.0,1.0,0,0,0,0,0,0,0,0,0,0,0,0,1,0,0,0,0,0,0,0,0,0.0,0.0002166565560273854,0.625,0.0,0,,multi_full_20260502_195038_0001,2026-05-02T22:31:34.473630,https://www.sidefx.com/login/microsoft-graph/?next=/community/,https://www.sidefx.com/,False,https://www.sidefx.com/login/microsoft-graph/?next=/community/,https://www.sidefx.com/,https://www.sidefx.com/login/microsoft-graph/?next=/community/,recon_page,2026-05-02T22:31:34.476459
59,1,2,1,1,0,0,1,0,14,0,com,200,2,54318,330.901,0,0,20,1,ATS,0,html,1,1,0,1,7,1,1,1,1,1,0,0,0,0,0,0,0,0,0,0,0,0,0,0,0,0,0,0,1,38,14,0,24,1,14,0,14,0,0,1,7,1,6,1,1,4,1,0,0,0,0,0,0,0,0,0,0,1,0,0,0,0,0,0,0,0,0,0,0,0,0,0,1.0,1.0,0.0,0,0,0,0,0,0,0,0,0,0,0,0,36,0,0,0,0,0,0,0,0,0.0,0.000699583931661696,0.875,0.0,0,,multi_full_20260502_195038_0001,2026-05-02T22:31:55.052829,https://www.sidefx.com/login/yahoo-oauth2/?next=/community/,https://www.sidefx.com/,False,https://www.sidefx.com/login/yahoo-oauth2/?next=/community/,https://www.sidefx.com/,https://www.sidefx.com/login/yahoo-oauth2/?next=/community/,recon_page,2026-05-02T22:31:55.059862
46,1,1,1,1,0,0,1,0,14,0,com,200,2,29847,918.219,0,0,23,1,nginx,0,html,1,2,0,1,6,0,1,1,1,1,1,4,1,15,1,2,1,5,0,0,1,1,1,7,0,0,1,1,1,11,5,6,0,1,111,101,10,1,5,1,7,1,2,1,1,2,1,0,1,0,0,0,0,0,0,0,0,1,0,0,0,0,0,0,1,0,0,0,0,0,0,0,1.0,1.0,1.0,0,0,0,1,3,1,2,3,1,4,0,9,103,6,0,0,0,0,0,0,0,3.75,0.0003685462525546956,0.75,0.8711093242201896,0,,multi_full_20260502_195038_0001,2026-05-02T22:32:30.191919,https://www.sidefx.com/login/?next=/community/,https://www.sidefx.com/,False,https://www.sidefx.com/login/?next=/community/,https://www.sidefx.com/,https://www.sidefx.com/login/?next=/community/,recon_page,2026-05-02T22:32:30.210505
58,1,1,1,1,0,0,1,0,14,0,com,200,2,29847,793.876,0,0,23,1,nginx,0,html,1,2,0,1,6,0,1,1,1,1,1,4,1,15,1,2,1,5,0,0,1,1,1,7,0,0,1,1,1,11,5,6,0,1,111,101,10,1,5,1,7,1,2,1,1,2,1,0,1,0,0,0,0,0,0,0,0,1,0,0,0,0,0,0,0,0,0,0,0,0,0,0,1.0,1.0,1.0,0,0,0,1,3,1,2,3,1,4,0,9,103,6,0,0,0,0,0,0,0,3.75,0.0003685462525546956,0.75,0.8711093242201896,0,,multi_full_20260502_195038_0001,2026-05-02T22:32:30.457324,https://www.sidefx.com/login/?next=/houdini-hive/fmx-2026/,https://www.sidefx.com/,False,https://www.sidefx.com/login/?next=/houdini-hive/fmx-2026/,https://www.sidefx.com/,https://www.sidefx.com/login/?next=/houdini-hive/fmx-2026/,recon_page,2026-05-02T22:32:30.486746
66,1,1,1,1,0,0,1,0,14,0,com,200,2,29847,802.423,0,0,23,1,nginx,0,html,1,2,0,1,6,0,1,1,1,1,1,4,1,15,1,2,1,5,0,0,1,1,1,7,0,0,1,1,1,11,5,6,0,1,111,101,10,1,5,1,7,1,2,1,1,2,1,0,1,0,0,0,0,0,0,0,0,1,0,0,0,0,0,0,0,0,0,0,0,0,0,0,1.0,1.0,1.0,0,0,0,1,3,1,2,3,1,4,0,9,103,6,0,0,0,0,0,0,0,3.75,0.0003685462525546956,0.75,0.8711093242201896,0,,multi_full_20260502_195038_0001,2026-05-02T22:32:30.514834,https://www.sidefx.com/login/?next=/contentlibrary/custom-terrace/,https://www.sidefx.com/,False,https://www.sidefx.com/login/?next=/contentlibrary/custom-terrace/,https://www.sidefx.com/,https://www.sidefx.com/login/?next=/contentlibrary/custom-terrace/,recon_page,2026-05-02T22:32:30.534432
45,1,2,0,0,0,0,1,0,14,0,com,200,2,113054,873.607,0,0,20,1,nginx,0,html,1,1,0,0,5,0,1,1,1,1,1,3,1,9,1,1,1,3,0,0,1,1,1,5,0,0,1,1,1,20,8,10,2,1,111,100,11,1,52,1,7,1,7,1,1,29,1,0,1,0,0,0,0,0,0,0,0,1,0,0,0,0,0,0,0,0,0,0,0,0,0,0,1.0,1.0,1.0,0,0,0,1,2,1,1,2,1,3,0,6,114,3,0,0,0,0,0,0,0,3.0,0.00017690661100005307,0.625,0.15037061935004511,0,,multi_full_20260502_195038_0001,2026-05-02T22:32:30.598788,https://www.sidefx.com/houdini-hive/fmx-2026/,https://www.sidefx.com/,False,https://www.sidefx.com/houdini-hive/fmx-2026/,https://www.sidefx.com/,https://www.sidefx.com/houdini-hive/fmx-2026/,recon_page,2026-05-02T22:32:30.603288
60,1,2,1,1,0,0,1,0,14,0,com,200,2,1230062,228.903,0,0,23,1,ESF,0,html,0,0,0,1,7,1,1,1,1,1,0,0,0,0,0,0,0,0,0,0,0,0,0,0,0,0,0,0,1,4,4,0,0,1,1,0,1,0,0,1,1,0,0,1,0,0,0,0,0,0,0,0,0,0,0,0,0,1,1,0,0,0,0,0,0,0,0,0,0,0,0,0,0.0,0.0,0.0,0,0,0,0,0,0,0,0,0,0,0,0,1,0,0,0,0,0,0,0,1,0.0,3.2518686049971464e-06,0.875,0.0,0,,multi_full_20260502_195038_0001,2026-05-02T22:32:31.006928,https://www.sidefx.com/login/google-oauth2/?next=/community/,https://www.sidefx.com/,False,https://www.sidefx.com/login/google-oauth2/?next=/community/,https://www.sidefx.com/,https://www.sidefx.com/login/google-oauth2/?next=/community/,recon_page,2026-05-02T22:32:31.013710
74,1,2,1,1,0,0,1,0,14,0,com,200,2,23066,218.43099999999998,0,0,20,0,unknown,0,html,1,3,0,1,5,0,1,1,0,1,0,0,0,0,0,0,0,0,0,0,0,0,0,0,0,0,0,0,1,5,4,0,1,0,0,0,0,0,0,1,10,0,0,1,1,1,1,0,0,0,0,1,0,0,0,0,1,1,0,0,0,0,0,0,0,0,0,0,0,0,0,0,1.0,1.0,1.0,0,0,0,0,0,0,0,0,0,0,0,0,1,0,0,0,0,0,0,0,0,0.0,0.00021676927078817306,0.625,0.0,0,,multi_full_20260502_195038_0001,2026-05-02T22:32:31.220809,https://www.sidefx.com/login/microsoft-graph/?next=/houdini-hive/fmx-2026/,https://www.sidefx.com/,False,https://www.sidefx.com/login/microsoft-graph/?next=/houdini-hive/fmx-2026/,https://www.sidefx.com/,https://www.sidefx.com/login/microsoft-graph/?next=/houdini-hive/fmx-2026/,recon_page,2026-05-02T22:32:31.225304
72,1,2,1,1,0,0,1,0,14,0,com,200,2,1230417,208.966,0,0,23,1,ESF,0,html,0,0,0,1,7,1,1,1,1,1,0,0,0,0,0,0,0,0,0,0,0,0,0,0,0,0,0,0,1,4,4,0,0,1,1,0,1,0,0,1,1,0,0,1,0,0,0,0,0,0,0,0,0,0,0,0,0,1,0,0,0,0,0,0,0,0,0,0,0,0,0,0,0.0,0.0,0.0,0,0,0,0,0,0,0,0,0,0,0,0,1,0,0,0,0,0,0,0,1,0.0,3.2509303756368776e-06,0.875,0.0,0,,multi_full_20260502_195038_0001,2026-05-02T22:32:32.388862,https://www.sidefx.com/login/google-oauth2/?next=/houdini-hive/fmx-2026/,https://www.sidefx.com/,False,https://www.sidefx.com/login/google-oauth2/?next=/houdini-hive/fmx-2026/,https://www.sidefx.com/,https://www.sidefx.com/login/google-oauth2/?next=/houdini-hive/fmx-2026/,recon_page,2026-05-02T22:32:32.398074
71,1,2,1,1,0,0,1,0,14,0,com,200,2,54318,337.022,0,0,20,1,ATS,0,html,1,1,0,1,7,1,1,1,1,1,0,0,0,0,0,0,0,0,0,0,0,0,0,0,0,0,0,0,1,38,14,0,24,1,14,0,14,0,0,1,7,1,6,1,1,4,1,0,0,0,0,0,0,0,0,0,0,1,0,0,0,0,0,0,0,0,0,0,0,0,0,0,1.0,1.0,0.0,0,0,0,0,0,0,0,0,0,0,0,0,36,0,0,0,0,0,0,0,0,0.0,0.000699583931661696,0.875,0.0,0,,multi_full_20260502_195038_0001,2026-05-02T22:32:32.553878,https://www.sidefx.com/login/yahoo-oauth2/?next=/houdini-hive/fmx-2026/,https://www.sidefx.com/,False,https://www.sidefx.com/login/yahoo-oauth2/?next=/houdini-hive/fmx-2026/,https://www.sidefx.com/,https://www.sidefx.com/login/yahoo-oauth2/?next=/houdini-hive/fmx-2026/,recon_page,2026-05-02T22:32:32.602251
66,1,3,1,1,0,0,1,0,14,0,com,200,2,67502,575.427,0,0,21,1,nginx,0,html,1,1,0,0,5,0,1,1,1,1,1,3,1,45,1,1,1,3,0,0,1,1,1,8,0,0,1,1,1,19,9,8,2,1,115,105,10,1,8,1,7,1,3,1,1,17,1,0,1,0,0,0,0,0,0,0,0,1,0,0,0,0,0,0,0,0,0,0,0,0,0,0,1.0,1.0,1.0,0,0,0,1,2,1,1,2,1,3,0,6,113,7,0,0,0,0,0,0,0,15.0,0.00028147314153654704,0.625,0.8296050487392966,0,,multi_full_20260502_195038_0001,2026-05-02T22:32:52.599490,https://www.sidefx.com/learn/learning-library/content/?category=16,https://www.sidefx.com/,False,https://www.sidefx.com/learn/learning-library/content/?category=16,https://www.sidefx.com/,https://www.sidefx.com/learn/learning-library/content/?category=16,recon_page,2026-05-02T22:32:52.603177
80,1,2,1,1,0,0,1,0,14,0,com,200,2,1230420,241.729,0,0,23,1,ESF,0,html,0,0,0,1,7,1,1,1,1,1,0,0,0,0,0,0,0,0,0,0,0,0,0,0,0,0,0,0,1,4,4,0,0,1,1,0,1,0,0,1,1,0,0,1,0,0,0,0,0,0,0,0,0,0,0,0,0,1,0,0,0,0,0,0,0,0,0,0,0,0,0,0,0.0,0.0,0.0,0,0,0,0,0,0,0,0,0,0,0,0,1,0,0,0,0,0,0,0,1,0.0,3.2509224492449735e-06,0.875,0.0,0,,multi_full_20260502_195038_0001,2026-05-02T22:34:02.806640,https://www.sidefx.com/login/google-oauth2/?next=/contentlibrary/custom-terrace/,https://www.sidefx.com/,False,https://www.sidefx.com/login/google-oauth2/?next=/contentlibrary/custom-terrace/,https://www.sidefx.com/,https://www.sidefx.com/login/google-oauth2/?next=/contentlibrary/custom-terrace/,recon_page,2026-05-02T22:34:02.809791
79,1,2,1,1,0,0,1,0,14,0,com,200,2,54318,1849.15,0,0,20,1,ATS,0,html,1,1,0,1,7,1,1,1,1,1,0,0,0,0,0,0,0,0,0,0,0,0,0,0,0,0,0,0,1,38,14,0,24,1,14,0,14,0,0,1,7,1,6,1,1,4,1,0,0,0,0,0,0,0,0,0,0,1,0,0,0,0,0,0,0,0,0,0,0,0,0,0,1.0,1.0,0.0,0,0,0,0,0,0,0,0,0,0,0,0,36,0,0,0,0,0,0,0,0,0.0,0.000699583931661696,0.875,0.0,0,,multi_full_20260502_195038_0001,2026-05-02T22:34:21.198640,https://www.sidefx.com/login/yahoo-oauth2/?next=/contentlibrary/custom-terrace/,https://www.sidefx.com/,False,https://www.sidefx.com/login/yahoo-oauth2/?next=/contentlibrary/custom-terrace/,https://www.sidefx.com/,https://www.sidefx.com/login/yahoo-oauth2/?next=/contentlibrary/custom-terrace/,recon_page,2026-05-02T22:34:21.203119
47,1,3,0,0,0,0,1,0,14,0,com,200,2,35338,230.623,0,0,21,1,nginx,0,html,1,1,0,0,5,0,1,1,1,1,1,3,1,11,1,1,1,3,0,0,1,1,1,6,0,0,1,2,1,17,8,7,2,1,108,98,10,1,7,1,7,1,2,1,1,12,1,0,1,0,0,0,0,0,0,0,0,1,0,0,0,0,0,0,0,0,0,0,0,0,0,0,1.0,1.0,1.0,0,0,0,1,2,1,1,2,1,3,0,6,106,3,0,0,0,0,0,0,0,3.6666666666666665,0.0004810685381176071,0.625,0.5659629860207143,0,,multi_full_20260502_195038_0001,2026-05-02T22:34:51.330826,https://www.sidefx.com/gallery/author/dmitriiv/,https://www.sidefx.com/,False,https://www.sidefx.com/gallery/author/dmitriiv/,https://www.sidefx.com/,https://www.sidefx.com/gallery/author/dmitriiv/,recon_page,2026-05-02T22:34:51.336686
51,1,3,0,0,0,0,1,0,14,0,com,200,2,35350,251.654,0,0,21,1,nginx,0,html,1,1,0,0,5,0,1,1,1,1,1,3,1,11,1,1,1,3,0,0,1,1,1,6,0,0,1,2,1,17,8,7,2,1,108,98,10,1,7,1,7,1,2,1,1,12,1,0,1,0,0,0,0,0,0,0,0,1,0,0,0,0,0,0,0,0,0,0,0,0,0,0,1.0,1.0,1.0,0,0,0,1,2,1,1,2,1,3,0,6,106,3,0,0,0,0,0,0,0,3.6666666666666665,0.0004809052333804809,0.625,0.5657708628005658,0,,multi_full_20260502_195038_0001,2026-05-02T22:35:24.967278,https://www.sidefx.com/gallery/author/Cody%20Spahr/,https://www.sidefx.com/,False,https://www.sidefx.com/gallery/author/Cody%20Spahr/,https://www.sidefx.com/,https://www.sidefx.com/gallery/author/Cody%20Spahr/,recon_page,2026-05-02T22:35:24.972973
42,1,2,0,0,0,0,1,0,14,0,com,200,2,32552,840.241,0,0,21,1,nginx,0,html,1,1,0,0,5,0,1,1,1,1,1,3,1,9,1,1,1,3,0,0,1,1,1,5,0,0,1,1,1,17,8,7,2,1,106,96,10,1,7,1,7,1,3,1,1,7,1,0,1,0,0,0,0,0,0,0,0,1,0,0,0,0,0,0,0,0,0,0,0,0,0,0,1.0,1.0,1.0,0,0,0,1,2,1,1,2,1,3,0,6,106,3,0,0,0,0,0,0,0,3.0,0.0005222413369378226,0.625,0.5222413369378226,0,,multi_full_20260502_195038_0001,2026-05-02T22:35:25.496063,https://www.sidefx.com/profile/m0i0d_momo/,https://www.sidefx.com/,False,https://www.sidefx.com/profile/m0i0d_momo/,https://www.sidefx.com/,https://www.sidefx.com/profile/m0i0d_momo/,recon_page,2026-05-02T22:35:25.505694
82,1,2,1,1,0,0,1,0,14,0,com,200,2,23182,789.516,0,0,20,0,unknown,0,html,1,3,0,1,5,0,1,1,0,1,0,0,0,0,0,0,0,0,0,0,0,0,0,0,0,0,0,0,1,5,4,0,1,0,0,0,0,0,0,1,10,0,0,1,1,1,1,0,0,0,0,1,0,0,0,0,1,1,0,0,0,0,0,0,0,0,0,0,0,0,0,0,1.0,1.0,1.0,0,0,0,0,0,0,0,0,0,0,0,0,1,0,0,0,0,0,0,0,0,0.0,0.00021568458286601674,0.625,0.0,0,,multi_full_20260502_195038_0001,2026-05-02T22:35:25.717050,https://www.sidefx.com/login/microsoft-graph/?next=/contentlibrary/custom-terrace/,https://www.sidefx.com/,False,https://www.sidefx.com/login/microsoft-graph/?next=/contentlibrary/custom-terrace/,https://www.sidefx.com/,https://www.sidefx.com/login/microsoft-graph/?next=/contentlibrary/custom-terrace/,recon_page,2026-05-02T22:35:25.725220
91,1,2,1,1,0,0,1,0,14,0,com,200,2,23063,931.501,0,0,20,0,unknown,0,html,1,3,0,1,5,0,1,1,0,1,0,0,0,0,0,0,0,0,0,0,0,0,0,0,0,0,0,0,1,5,4,0,1,0,0,0,0,0,0,1,10,0,0,1,1,1,1,0,0,0,0,1,0,0,0,0,1,1,0,0,0,0,0,0,0,0,0,0,0,0,0,0,1.0,1.0,1.0,0,0,0,0,0,0,0,0,0,0,0,0,1,0,0,0,0,0,0,0,0,0.0,0.00021679746780557603,0.625,0.0,0,,multi_full_20260502_195038_0001,2026-05-02T22:35:26.172531,https://www.sidefx.com/login/microsoft-graph/?next=/contentlibrary/world-designer-for-moba/,https://www.sidefx.com/,False,https://www.sidefx.com/login/microsoft-graph/?next=/contentlibrary/world-designer-for-moba/,https://www.sidefx.com/,https://www.sidefx.com/login/microsoft-graph/?next=/contentlibrary/world-designer-for-moba/,recon_page,2026-05-02T22:35:26.239669
88,1,2,1,1,0,0,1,0,14,0,com,200,2,54318,378.83299999999997,0,0,20,1,ATS,0,html,1,1,0,1,7,1,1,1,1,1,0,0,0,0,0,0,0,0,0,0,0,0,0,0,0,0,0,0,1,38,14,0,24,1,14,0,14,0,0,1,7,1,6,1,1,4,1,0,0,0,0,0,0,0,0,0,0,1,0,0,0,0,0,0,0,0,0,0,0,0,0,0,1.0,1.0,0.0,0,0,0,0,0,0,0,0,0,0,0,0,36,0,0,0,0,0,0,0,0,0.0,0.000699583931661696,0.875,0.0,0,,multi_full_20260502_195038_0001,2026-05-02T22:35:26.708946,https://www.sidefx.com/login/yahoo-oauth2/?next=/contentlibrary/world-designer-for-moba/,https://www.sidefx.com/,False,https://www.sidefx.com/login/yahoo-oauth2/?next=/contentlibrary/world-designer-for-moba/,https://www.sidefx.com/,https://www.sidefx.com/login/yahoo-oauth2/?next=/contentlibrary/world-designer-for-moba/,recon_page,2026-05-02T22:35:26.715565
43,1,2,0,0,0,0,1,0,14,0,com,200,2,32583,484.50100000000003,0,0,21,1,nginx,0,html,1,1,0,0,5,0,1,1,1,1,1,3,1,9,1,1,1,3,0,0,1,1,1,5,0,0,1,1,1,17,8,7,2,1,106,96,10,1,7,1,7,1,3,1,1,7,1,0,1,0,0,0,0,0,0,0,0,1,0,0,0,0,0,0,0,0,0,0,0,0,0,0,1.0,1.0,1.0,0,0,0,1,2,1,1,2,1,3,0,6,106,3,0,0,0,0,0,0,0,3.0,0.000521744467974097,0.625,0.5217444679740969,0,,multi_full_20260502_195038_0001,2026-05-02T22:35:50.329863,https://www.sidefx.com/profile/MichaelHays/,https://www.sidefx.com/,False,https://www.sidefx.com/profile/MichaelHays/,https://www.sidefx.com/,https://www.sidefx.com/profile/MichaelHays/,recon_page,2026-05-02T22:35:50.333970
75,1,1,1,1,0,0,1,0,14,0,com,200,2,29847,253.20999999999998,0,0,23,1,nginx,0,html,1,2,0,1,6,0,1,1,1,1,1,4,1,15,1,2,1,5,0,0,1,1,1,7,0,0,1,1,1,11,5,6,0,1,111,101,10,1,5,1,7,1,2,1,1,2,1,0,1,0,0,0,0,0,0,0,0,1,0,0,0,0,0,0,0,0,0,0,0,0,0,0,1.0,1.0,1.0,0,0,0,1,3,1,2,3,1,4,0,9,103,6,0,0,0,0,0,0,0,3.75,0.0003685462525546956,0.75,0.8711093242201896,0,,multi_full_20260502_195038_0001,2026-05-02T22:36:27.828216,https://www.sidefx.com/login/?next=/contentlibrary/world-designer-for-moba/,https://www.sidefx.com/,False,https://www.sidefx.com/login/?next=/contentlibrary/world-designer-for-moba/,https://www.sidefx.com/,https://www.sidefx.com/login/?next=/contentlibrary/world-designer-for-moba/,recon_page,2026-05-02T22:36:27.846839
44,1,2,0,0,0,0,1,0,14,0,com,200,2,41795,298.409,0,0,21,1,nginx,0,html,1,1,0,0,5,0,1,1,1,1,1,3,1,9,1,1,1,3,0,0,1,1,1,5,0,0,1,1,1,17,8,7,2,1,118,106,12,1,11,1,7,1,3,1,1,7,1,0,1,0,0,0,0,0,0,0,0,1,0,0,0,0,0,0,0,0,0,0,0,0,0,0,1.0,1.0,1.0,0,0,0,1,2,1,1,2,1,3,0,6,118,5,0,0,0,0,0,0,0,3.0,0.0004067472185668142,0.625,0.4067472185668142,0,,multi_full_20260502_195038_0001,2026-05-02T22:36:53.078079,https://www.sidefx.com/profile/Cody%20Spahr/,https://www.sidefx.com/,False,https://www.sidefx.com/profile/Cody%20Spahr/,https://www.sidefx.com/,https://www.sidefx.com/profile/Cody%20Spahr/,recon_page,2026-05-02T22:36:53.095475
89,1,2,1,1,0,0,1,0,14,0,com,200,2,1230035,210.948,0,0,23,1,ESF,0,html,0,0,0,1,7,1,1,1,1,1,0,0,0,0,0,0,0,0,0,0,0,0,0,0,0,0,0,0,1,4,4,0,0,1,1,0,1,0,0,1,1,0,0,1,0,0,0,0,0,0,0,0,0,0,0,0,0,1,0,0,0,0,0,0,0,0,0,0,0,0,0,0,0.0,0.0,0.0,0,0,0,0,0,0,0,0,0,0,0,0,1,0,0,0,0,0,0,0,1,0.0,3.2519399854475686e-06,0.875,0.0,0,,multi_full_20260502_195038_0001,2026-05-02T22:37:07.174899,https://www.sidefx.com/login/google-oauth2/?next=/contentlibrary/world-designer-for-moba/,https://www.sidefx.com/,False,https://www.sidefx.com/login/google-oauth2/?next=/contentlibrary/world-designer-for-moba/,https://www.sidefx.com/,https://www.sidefx.com/login/google-oauth2/?next=/contentlibrary/world-designer-for-moba/,recon_page,2026-05-02T22:37:07.200937
57,1,1,1,1,0,0,1,0,14,0,com,200,2,29847,252.257,0,0,23,1,nginx,0,html,1,2,0,1,6,0,1,1,1,1,1,4,1,15,1,2,1,5,0,0,1,1,1,7,0,0,1,1,1,11,5,6,0,1,111,101,10,1,5,1,7,1,2,1,1,2,1,0,1,0,0,0,0,0,0,0,0,1,0,0,0,0,0,0,0,0,0,0,0,0,0,0,1.0,1.0,1.0,0,0,0,1,3,1,2,3,1,4,0,9,103,6,0,0,0,0,0,0,0,3.75,0.0003685462525546956,0.75,0.8711093242201896,0,,multi_full_20260502_195038_0001,2026-05-02T22:37:40.323819,https://www.sidefx.com/login/?next=/gallery/coffee-break/,https://www.sidefx.com/,False,https://www.sidefx.com/login/?next=/gallery/coffee-break/,https://www.sidefx.com/,https://www.sidefx.com/login/?next=/gallery/coffee-break/,recon_page,2026-05-02T22:37:40.327410
40,1,2,0,0,0,0,1,0,14,0,com,200,2,32537,951.367,0,0,21,1,nginx,0,html,1,1,0,0,5,0,1,1,1,1,1,3,1,9,1,1,1,3,0,0,1,1,1,5,0,0,1,1,1,17,8,7,2,1,106,96,10,1,7,1,7,1,3,1,1,7,1,0,1,0,0,0,0,0,0,0,0,1,0,0,0,0,0,0,0,0,0,0,0,0,0,0,1.0,1.0,1.0,0,0,0,1,2,1,1,2,1,3,0,6,106,3,0,0,0,0,0,0,0,3.0,0.0005224820973046071,0.625,0.522482097304607,0,,multi_full_20260502_195038_0001,2026-05-02T22:37:40.615474,https://www.sidefx.com/profile/caydas14/,https://www.sidefx.com/,False,https://www.sidefx.com/profile/caydas14/,https://www.sidefx.com/,https://www.sidefx.com/profile/caydas14/,recon_page,2026-05-02T22:37:40.619242
39,1,2,0,0,0,0,1,0,14,0,com,200,2,41075,3291.233,0,0,21,1,nginx,0,html,1,1,0,0,5,0,1,1,1,1,1,3,1,9,1,1,1,3,0,0,1,1,1,5,0,0,1,1,1,17,8,7,2,1,123,105,18,1,13,1,7,1,3,1,1,7,1,0,1,0,0,0,0,0,0,0,0,1,0,0,0,0,0,0,0,0,0,0,0,0,0,0,1.0,1.0,1.0,0,0,0,1,2,1,1,2,1,3,0,6,123,5,0,0,0,0,0,0,0,3.0,0.0004138770541692027,0.625,0.4138770541692027,0,,multi_full_20260502_195038_0001,2026-05-02T22:37:41.556731,https://www.sidefx.com/profile/Sherzod/,https://www.sidefx.com/,False,https://www.sidefx.com/profile/Sherzod/,https://www.sidefx.com/,https://www.sidefx.com/profile/Sherzod/,recon_page,2026-05-02T22:37:41.560810
73,1,2,1,1,0,0,1,0,14,0,com,200,2,23066,718.058,0,0,20,0,unknown,0,html,1,3,0,1,5,0,1,1,0,1,0,0,0,0,0,0,0,0,0,0,0,0,0,0,0,0,0,0,1,5,4,0,1,0,0,0,0,0,0,1,10,0,0,1,1,1,1,0,0,0,0,1,0,0,0,0,1,1,0,0,0,0,0,0,0,0,0,0,0,0,0,0,1.0,1.0,1.0,0,0,0,0,0,0,0,0,0,0,0,0,1,0,0,0,0,0,0,0,0,0.0,0.00021676927078817306,0.625,0.0,0,,multi_full_20260502_195038_0001,2026-05-02T22:37:41.904653,https://www.sidefx.com/login/microsoft-graph/?next=/gallery/coffee-break/,https://www.sidefx.com/,False,https://www.sidefx.com/login/microsoft-graph/?next=/gallery/coffee-break/,https://www.sidefx.com/,https://www.sidefx.com/login/microsoft-graph/?next=/gallery/coffee-break/,recon_page,2026-05-02T22:37:41.913994
70,1,2,1,1,0,0,1,0,14,0,com,200,2,54318,882.595,0,0,20,1,ATS,0,html,1,1,0,1,7,1,1,1,1,1,0,0,0,0,0,0,0,0,0,0,0,0,0,0,0,0,0,0,1,38,14,0,24,1,14,0,14,0,0,1,7,1,6,1,1,4,1,0,0,0,0,0,0,0,0,0,0,1,0,0,0,0,0,0,0,0,0,0,0,0,0,0,1.0,1.0,0.0,0,0,0,0,0,0,0,0,0,0,0,0,36,0,0,0,0,0,0,0,0,0.0,0.000699583931661696,0.875,0.0,0,,multi_full_20260502_195038_0001,2026-05-02T22:37:52.215397,https://www.sidefx.com/login/yahoo-oauth2/?next=/gallery/coffee-break/,https://www.sidefx.com/,False,https://www.sidefx.com/login/yahoo-oauth2/?next=/gallery/coffee-break/,https://www.sidefx.com/,https://www.sidefx.com/login/yahoo-oauth2/?next=/gallery/coffee-break/,recon_page,2026-05-02T22:37:52.218873
68,1,2,1,1,0,0,1,0,14,0,com,200,2,1230201,234.91699999999997,0,0,23,1,ESF,0,html,0,0,0,1,7,1,1,1,1,1,0,0,0,0,0,0,0,0,0,0,0,0,0,0,0,0,0,0,1,4,4,0,0,1,1,0,1,0,0,1,1,0,0,1,0,0,0,0,0,0,0,0,0,0,0,0,0,1,0,0,0,0,0,0,0,0,0,0,0,0,0,0,0.0,0.0,0.0,0,0,0,0,0,0,0,0,0,0,0,0,1,0,0,0,0,0,0,0,1,0.0,3.251501177449864e-06,0.875,0.0,0,,multi_full_20260502_195038_0001,2026-05-02T22:38:10.201371,https://www.sidefx.com/login/google-oauth2/?next=/products/partners/,https://www.sidefx.com/,False,https://www.sidefx.com/login/google-oauth2/?next=/products/partners/,https://www.sidefx.com/,https://www.sidefx.com/login/google-oauth2/?next=/products/partners/,recon_page,2026-05-02T22:38:10.205270
54,1,1,1,1,0,0,1,0,14,0,com,200,2,29847,235.60500000000002,0,0,23,1,nginx,0,html,1,2,0,1,6,0,1,1,1,1,1,4,1,15,1,2,1,5,0,0,1,1,1,7,0,0,1,1,1,11,5,6,0,1,111,101,10,1,5,1,7,1,2,1,1,2,1,0,1,0,0,0,0,0,0,0,0,1,0,0,0,0,0,0,1,0,0,0,0,0,0,0,1.0,1.0,1.0,0,0,0,1,3,1,2,3,1,4,0,9,103,6,0,0,0,0,0,0,0,3.75,0.0003685462525546956,0.75,0.8711093242201896,0,,multi_full_20260502_195038_0001,2026-05-02T22:38:39.904093,https://www.sidefx.com/login/?next=/products/partners/,https://www.sidefx.com/,False,https://www.sidefx.com/login/?next=/products/partners/,https://www.sidefx.com/,https://www.sidefx.com/login/?next=/products/partners/,recon_page,2026-05-02T22:38:39.909392
67,1,2,1,1,0,0,1,0,14,0,com,200,2,54318,352.587,0,0,20,1,ATS,0,html,1,1,0,1,7,1,1,1,1,1,0,0,0,0,0,0,0,0,0,0,0,0,0,0,0,0,0,0,1,38,14,0,24,1,14,0,14,0,0,1,7,1,6,1,1,4,1,0,0,0,0,0,0,0,0,0,0,1,0,0,0,0,0,0,0,0,0,0,0,0,0,0,1.0,1.0,0.0,0,0,0,0,0,0,0,0,0,0,0,0,36,0,0,0,0,0,0,0,0,0.0,0.000699583931661696,0.875,0.0,0,,multi_full_20260502_195038_0001,2026-05-02T22:39:05.531390,https://www.sidefx.com/login/yahoo-oauth2/?next=/products/partners/,https://www.sidefx.com/,False,https://www.sidefx.com/login/yahoo-oauth2/?next=/products/partners/,https://www.sidefx.com/,https://www.sidefx.com/login/yahoo-oauth2/?next=/products/partners/,recon_page,2026-05-02T22:39:05.536046
70,1,2,1,1,0,0,1,0,14,0,com,200,2,23175,204.849,0,0,20,0,unknown,0,html,1,3,0,1,5,0,1,1,0,1,0,0,0,0,0,0,0,0,0,0,0,0,0,0,0,0,0,0,1,5,4,0,1,0,0,0,0,0,0,1,10,0,0,1,1,1,1,0,0,0,0,1,0,0,0,0,1,1,0,0,0,0,0,0,0,0,0,0,0,0,0,0,1.0,1.0,1.0,0,0,0,0,0,0,0,0,0,0,0,0,1,0,0,0,0,0,0,0,0,0.0,0.0002157497303128371,0.625,0.0,0,,multi_full_20260502_195038_0001,2026-05-02T22:39:31.136692,https://www.sidefx.com/login/microsoft-graph/?next=/products/partners/,https://www.sidefx.com/,False,https://www.sidefx.com/login/microsoft-graph/?next=/products/partners/,https://www.sidefx.com/,https://www.sidefx.com/login/microsoft-graph/?next=/products/partners/,recon_page,2026-05-02T22:39:31.141873
67,1,2,0,0,0,0,1,0,14,0,com,200,2,45763,451.90000000000003,0,0,21,1,nginx,0,html,1,1,0,0,5,0,1,1,1,1,1,6,1,48,1,1,1,33,0,0,1,1,1,8,1,3,1,1,1,18,9,7,2,1,122,106,16,1,9,1,7,1,3,1,1,8,1,0,1,0,1,0,0,0,0,0,0,1,0,0,0,0,0,0,0,0,0,0,0,0,0,0,1.0,1.0,1.0,0,0,0,1,5,1,4,5,1,6,0,17,123,6,0,3,0,0,0,0,0,8.0,0.0003933308568057164,0.625,1.3548062845530233,0,,multi_full_20260502_195038_0001,2026-05-02T22:40:01.444305,https://www.sidefx.com/community/greyscalegorilla-plus-for-houdini/,https://www.sidefx.com/,False,https://www.sidefx.com/community/greyscalegorilla-plus-for-houdini/,https://www.sidefx.com/,https://www.sidefx.com/community/greyscalegorilla-plus-for-houdini/,recon_page,2026-05-02T22:40:01.456076
54,1,1,1,1,0,0,1,0,14,0,com,200,2,29847,251.913,0,0,23,1,nginx,0,html,1,2,0,1,6,0,1,1,1,1,1,4,1,15,1,2,1,5,0,0,1,1,1,7,0,0,1,1,1,11,5,6,0,1,111,101,10,1,5,1,7,1,2,1,1,2,1,0,1,0,0,0,0,0,0,0,0,1,0,0,0,0,0,0,1,0,0,0,0,0,0,0,1.0,1.0,1.0,0,0,0,1,3,1,2,3,1,4,0,9,103,6,0,0,0,0,0,0,0,3.75,0.0003685462525546956,0.75,0.8711093242201896,0,,multi_full_20260502_195038_0001,2026-05-02T22:40:01.809475,https://www.sidefx.com/login/?next=/industries/filmtv/,https://www.sidefx.com/,False,https://www.sidefx.com/login/?next=/industries/filmtv/,https://www.sidefx.com/,https://www.sidefx.com/login/?next=/industries/filmtv/,recon_page,2026-05-02T22:40:01.813449
74,1,2,0,0,0,0,1,0,14,0,com,404,4,25,267.87699999999995,0,0,19,1,nginx,0,html,0,0,0,0,5,0,1,1,1,1,0,0,0,0,0,0,0,0,0,0,0,0,0,0,0,0,0,0,0,0,0,0,0,0,0,0,0,0,0,0,0,0,0,0,0,0,0,0,1,0,0,0,0,0,0,0,0,1,0,0,0,0,0,0,0,0,0,0,0,0,0,0,0.0,0.0,0.0,0,0,0,0,0,0,0,0,0,0,0,0,0,0,0,0,0,0,0,0,0,0.0,0.0,0.625,0.0,0,,multi_full_20260502_195038_0001,2026-05-02T22:40:02.093842,https://www.sidefx.com/tutorials/environment-creation-with-solaris-course/,https://www.sidefx.com/,False,https://www.sidefx.com/tutorials/environment-creation-with-solaris-course/,https://www.sidefx.com/,https://www.sidefx.com/tutorials/environment-creation-with-solaris-course/,recon_page,2026-05-02T22:40:02.098723
70,1,2,1,1,0,0,1,0,14,0,com,200,2,23163,219.15699999999998,0,0,20,0,unknown,0,html,1,3,0,1,5,0,1,1,0,1,0,0,0,0,0,0,0,0,0,0,0,0,0,0,0,0,0,0,1,5,4,0,1,0,0,0,0,0,0,1,10,0,0,1,1,1,1,0,0,0,0,1,0,0,0,0,1,1,0,0,0,0,0,0,0,0,0,0,0,0,0,0,1.0,1.0,1.0,0,0,0,0,0,0,0,0,0,0,0,0,1,0,0,0,0,0,0,0,0,0.0,0.0002158615032595087,0.625,0.0,0,,multi_full_20260502_195038_0001,2026-05-02T22:40:02.372338,https://www.sidefx.com/login/microsoft-graph/?next=/industries/filmtv/,https://www.sidefx.com/,False,https://www.sidefx.com/login/microsoft-graph/?next=/industries/filmtv/,https://www.sidefx.com/,https://www.sidefx.com/login/microsoft-graph/?next=/industries/filmtv/,recon_page,2026-05-02T22:40:02.377284
68,1,2,1,1,0,0,1,0,14,0,com,200,2,1230374,362.449,0,0,23,1,ESF,0,html,0,0,0,1,7,1,1,1,1,1,0,0,0,0,0,0,0,0,0,0,0,0,0,0,0,0,0,0,1,4,4,0,0,1,1,0,1,0,0,1,1,0,0,1,0,0,0,0,0,0,0,0,0,0,0,0,0,1,1,0,0,0,0,0,0,0,0,0,0,0,0,0,0.0,0.0,0.0,0,0,0,0,0,0,0,0,0,0,0,0,1,0,0,0,0,0,0,0,1,0.0,3.251043991501771e-06,0.875,0.0,0,,multi_full_20260502_195038_0001,2026-05-02T22:40:03.273479,https://www.sidefx.com/login/google-oauth2/?next=/industries/filmtv/,https://www.sidefx.com/,False,https://www.sidefx.com/login/google-oauth2/?next=/industries/filmtv/,https://www.sidefx.com/,https://www.sidefx.com/login/google-oauth2/?next=/industries/filmtv/,recon_page,2026-05-02T22:40:03.278485
67,1,2,1,1,0,0,1,0,14,0,com,200,2,54318,327.914,0,0,20,1,ATS,0,html,1,1,0,1,7,1,1,1,1,1,0,0,0,0,0,0,0,0,0,0,0,0,0,0,0,0,0,0,1,38,14,0,24,1,14,0,14,0,0,1,7,1,6,1,1,4,1,0,0,0,0,0,0,0,0,0,0,1,0,0,0,0,0,0,0,0,0,0,0,0,0,0,1.0,1.0,0.0,0,0,0,0,0,0,0,0,0,0,0,0,36,0,0,0,0,0,0,0,0,0.0,0.000699583931661696,0.875,0.0,0,,multi_full_20260502_195038_0001,2026-05-02T22:40:13.607920,https://www.sidefx.com/login/yahoo-oauth2/?next=/industries/filmtv/,https://www.sidefx.com/,False,https://www.sidefx.com/login/yahoo-oauth2/?next=/industries/filmtv/,https://www.sidefx.com/,https://www.sidefx.com/login/yahoo-oauth2/?next=/industries/filmtv/,recon_page,2026-05-02T22:40:13.612052
69,1,2,0,0,0,0,1,0,14,0,com,200,2,63723,518.474,0,0,21,1,nginx,0,html,1,1,0,0,5,0,1,1,1,1,1,5,1,35,1,1,1,23,0,0,1,1,1,7,1,2,1,1,1,18,9,7,2,1,117,104,13,1,27,1,7,1,3,1,1,26,1,0,1,0,1,0,0,0,0,0,0,1,0,0,0,0,0,0,0,0,0,0,0,0,0,0,1.0,1.0,1.0,0,0,0,1,4,1,3,4,1,5,0,17,116,6,0,3,0,0,0,0,0,7.0,0.0002824725766206864,0.625,0.737567283398459,0,,multi_full_20260502_195038_0001,2026-05-02T22:40:45.993898,https://www.sidefx.com/community/walt-disney-animation-studios-moana/,https://www.sidefx.com/,False,https://www.sidefx.com/community/walt-disney-animation-studios-moana/,https://www.sidefx.com/,https://www.sidefx.com/community/walt-disney-animation-studios-moana/,recon_page,2026-05-02T22:40:46.000013
85,1,2,1,1,0,0,1,0,14,0,com,200,2,23175,209.446,0,0,20,0,unknown,0,html,1,3,0,1,5,0,1,1,0,1,0,0,0,0,0,0,0,0,0,0,0,0,0,0,0,0,0,0,1,5,4,0,1,0,0,0,0,0,0,1,10,0,0,1,1,1,1,0,0,0,0,1,0,0,0,0,1,1,0,0,0,0,0,0,0,0,0,0,0,0,0,0,1.0,1.0,1.0,0,0,0,0,0,0,0,0,0,0,0,0,1,0,0,0,0,0,0,0,0,0.0,0.0002157497303128371,0.625,0.0,0,,multi_full_20260502_195038_0001,2026-05-02T22:41:26.014902,https://www.sidefx.com/login/microsoft-graph/?next=/learn/learning-library/tutorials/,https://www.sidefx.com/,False,https://www.sidefx.com/login/microsoft-graph/?next=/learn/learning-library/tutorials/,https://www.sidefx.com/,https://www.sidefx.com/login/microsoft-graph/?next=/learn/learning-library/tutorials/,recon_page,2026-05-02T22:41:26.029503
62,1,2,0,0,0,0,1,0,14,0,com,200,2,44292,866.2879999999999,0,0,21,1,nginx,0,html,1,1,0,0,5,0,1,1,1,1,1,3,1,9,1,1,1,3,0,0,1,1,1,5,0,0,1,1,1,19,10,7,2,1,118,106,12,1,12,1,7,1,3,1,1,14,1,0,1,0,0,0,0,0,0,0,0,1,0,0,0,0,0,0,0,0,0,0,0,0,0,0,1.0,1.0,1.0,0,0,0,1,2,1,1,2,1,3,0,6,115,5,0,0,0,0,0,0,0,3.0,0.00042897137180529217,0.625,0.3838164905626298,0,,multi_full_20260502_195038_0001,2026-05-02T22:41:26.082520,https://www.sidefx.com/contentlibrary/ml-gauge-synthetic-data/,https://www.sidefx.com/,False,https://www.sidefx.com/contentlibrary/ml-gauge-synthetic-data/,https://www.sidefx.com/,https://www.sidefx.com/contentlibrary/ml-gauge-synthetic-data/,recon_page,2026-05-02T22:41:26.094256
41,1,2,0,0,0,0,1,0,14,0,com,200,2,29847,236.40900000000002,0,0,23,1,nginx,0,html,1,2,0,1,6,0,1,1,1,1,1,4,1,15,1,2,1,5,0,0,1,1,1,7,0,0,1,1,1,11,5,6,0,1,111,101,10,1,5,1,7,1,2,1,1,2,1,0,1,0,0,0,0,0,0,0,0,1,0,0,0,0,0,0,0,0,0,0,0,0,0,0,1.0,1.0,1.0,0,0,0,1,3,1,2,3,1,4,0,9,103,6,0,0,0,0,0,0,0,3.75,0.0003685462525546956,0.75,0.8711093242201896,0,,multi_full_20260502_195038_0001,2026-05-02T22:41:26.088574,https://www.sidefx.com/profile/tutorials/,https://www.sidefx.com/,False,https://www.sidefx.com/profile/tutorials/,https://www.sidefx.com/,https://www.sidefx.com/profile/tutorials/,recon_page,2026-05-02T22:41:26.097954
69,1,1,1,1,0,0,1,0,14,0,com,200,2,29847,769.714,0,0,23,1,nginx,0,html,1,2,0,1,6,0,1,1,1,1,1,4,1,15,1,2,1,5,0,0,1,1,1,7,0,0,1,1,1,11,5,6,0,1,111,101,10,1,5,1,7,1,2,1,1,2,1,0,1,0,0,0,0,0,0,0,0,1,0,0,0,0,0,0,1,0,0,0,0,0,0,0,1.0,1.0,1.0,0,0,0,1,3,1,2,3,1,4,0,9,103,6,0,0,0,0,0,0,0,3.75,0.0003685462525546956,0.75,0.8711093242201896,0,,multi_full_20260502_195038_0001,2026-05-02T22:41:26.092451,https://www.sidefx.com/login/?next=/learn/learning-library/tutorials/,https://www.sidefx.com/,False,https://www.sidefx.com/login/?next=/learn/learning-library/tutorials/,https://www.sidefx.com/,https://www.sidefx.com/login/?next=/learn/learning-library/tutorials/,recon_page,2026-05-02T22:41:26.099184
83,1,2,1,1,0,0,1,0,14,0,com,200,2,1230222,220.993,0,0,23,1,ESF,0,html,0,0,0,1,7,1,1,1,1,1,0,0,0,0,0,0,0,0,0,0,0,0,0,0,0,0,0,0,1,4,4,0,0,1,1,0,1,0,0,1,1,0,0,1,0,0,0,0,0,0,0,0,0,0,0,0,0,1,0,0,0,0,0,0,0,0,0,0,0,0,0,0,0.0,0.0,0.0,0,0,0,0,0,0,0,0,0,0,0,0,1,0,0,0,0,0,0,0,1,0.0,3.251445674032817e-06,0.875,0.0,0,,multi_full_20260502_195038_0001,2026-05-02T22:41:26.832464,https://www.sidefx.com/login/google-oauth2/?next=/learn/learning-library/tutorials/,https://www.sidefx.com/,False,https://www.sidefx.com/login/google-oauth2/?next=/learn/learning-library/tutorials/,https://www.sidefx.com/,https://www.sidefx.com/login/google-oauth2/?next=/learn/learning-library/tutorials/,recon_page,2026-05-02T22:41:26.837204
47,1,2,0,0,0,0,1,0,14,0,com,405,4,0,3224.038,0,0,19,1,nginx,0,html,0,0,0,0,5,0,1,1,1,1,0,0,0,0,0,0,0,0,0,0,0,0,0,0,0,0,0,0,0,0,0,0,0,0,0,0,0,0,0,0,0,0,0,0,0,0,0,0,1,0,0,0,0,0,0,0,0,0,0,0,0,0,0,0,0,0,0,0,0,0,0,0,0.0,0.0,0.0,0,0,0,0,0,0,0,0,0,0,0,0,0,0,0,0,0,0,0,0,0,0.0,0.0,0.625,0.0,0,,multi_full_20260502_195038_0001,2026-05-02T22:41:27.856672,https://www.sidefx.com/tutorials/get-tutorials/,https://www.sidefx.com/,False,https://www.sidefx.com/tutorials/get-tutorials/,https://www.sidefx.com/,https://www.sidefx.com/tutorials/get-tutorials/,recon_page,2026-05-02T22:41:27.862859
75,1,2,1,1,0,0,1,0,14,0,com,200,2,54318,408.81600000000003,0,0,20,1,ATS,0,html,1,1,0,1,7,1,1,1,1,1,0,0,0,0,0,0,0,0,0,0,0,0,0,0,0,0,0,0,1,38,14,0,24,1,14,0,14,0,0,1,7,1,6,1,1,4,1,0,0,0,0,0,0,0,0,0,0,1,0,0,0,0,0,0,0,0,0,0,0,0,0,0,1.0,1.0,0.0,0,0,0,0,0,0,0,0,0,0,0,0,36,0,0,0,0,0,0,0,0,0.0,0.000699583931661696,0.875,0.0,0,,multi_full_20260502_195038_0001,2026-05-02T22:41:40.069492,https://www.sidefx.com/login/yahoo-oauth2/?next=/industries/synthetic-data/,https://www.sidefx.com/,False,https://www.sidefx.com/login/yahoo-oauth2/?next=/industries/synthetic-data/,https://www.sidefx.com/,https://www.sidefx.com/login/yahoo-oauth2/?next=/industries/synthetic-data/,recon_page,2026-05-02T22:41:40.074031
78,1,2,1,1,0,0,1,0,14,0,com,200,2,23078,204.768,0,0,20,0,unknown,0,html,1,3,0,1,5,0,1,1,0,1,0,0,0,0,0,0,0,0,0,0,0,0,0,0,0,0,0,0,1,5,4,0,1,0,0,0,0,0,0,1,10,0,0,1,1,1,1,0,0,0,0,1,0,0,0,0,1,1,0,0,0,0,0,0,0,0,0,0,0,0,0,0,1.0,1.0,1.0,0,0,0,0,0,0,0,0,0,0,0,0,1,0,0,0,0,0,0,0,0,0.0,0.0002166565560273854,0.625,0.0,0,,multi_full_20260502_195038_0001,2026-05-02T22:41:50.580623,https://www.sidefx.com/login/microsoft-graph/?next=/industries/synthetic-data/,https://www.sidefx.com/,False,https://www.sidefx.com/login/microsoft-graph/?next=/industries/synthetic-data/,https://www.sidefx.com/,https://www.sidefx.com/login/microsoft-graph/?next=/industries/synthetic-data/,recon_page,2026-05-02T22:41:50.585140
62,1,1,1,1,0,0,1,0,14,0,com,200,2,29847,222.06799999999998,0,0,23,1,nginx,0,html,1,2,0,1,6,0,1,1,1,1,1,4,1,15,1,2,1,5,0,0,1,1,1,7,0,0,1,1,1,11,5,6,0,1,111,101,10,1,5,1,7,1,2,1,1,2,1,0,1,0,0,0,0,0,0,0,0,1,0,0,0,0,0,0,1,0,0,0,0,0,0,0,1.0,1.0,1.0,0,0,0,1,3,1,2,3,1,4,0,9,103,6,0,0,0,0,0,0,0,3.75,0.0003685462525546956,0.75,0.8711093242201896,0,,multi_full_20260502_195038_0001,2026-05-02T22:42:19.301138,https://www.sidefx.com/login/?next=/industries/synthetic-data/,https://www.sidefx.com/,False,https://www.sidefx.com/login/?next=/industries/synthetic-data/,https://www.sidefx.com/,https://www.sidefx.com/login/?next=/industries/synthetic-data/,recon_page,2026-05-02T22:42:19.305620
76,1,2,1,1,0,0,1,0,14,0,com,200,2,1230409,187.479,0,0,23,1,ESF,0,html,0,0,0,1,7,1,1,1,1,1,0,0,0,0,0,0,0,0,0,0,0,0,0,0,0,0,0,0,1,4,4,0,0,1,1,0,1,0,0,1,1,0,0,1,0,0,0,0,0,0,0,0,0,0,0,0,0,1,0,0,0,0,0,0,0,0,0,0,0,0,0,0,0.0,0.0,0.0,0,0,0,0,0,0,0,0,0,0,0,0,1,0,0,0,0,0,0,0,1,0.0,3.2509515128709233e-06,0.875,0.0,0,,multi_full_20260502_195038_0001,2026-05-02T22:42:56.899580,https://www.sidefx.com/login/google-oauth2/?next=/industries/synthetic-data/,https://www.sidefx.com/,False,https://www.sidefx.com/login/google-oauth2/?next=/industries/synthetic-data/,https://www.sidefx.com/,https://www.sidefx.com/login/google-oauth2/?next=/industries/synthetic-data/,recon_page,2026-05-02T22:42:56.904171
61,1,2,0,0,0,0,1,0,14,0,com,200,2,43822,463.468,0,0,21,1,nginx,0,html,1,1,0,0,5,0,1,1,1,1,1,5,1,35,1,1,1,23,0,0,1,1,1,7,1,2,1,1,1,18,9,7,2,1,118,105,13,1,8,1,7,1,3,1,1,8,1,0,1,0,1,0,0,0,0,0,0,1,0,0,0,0,0,0,0,0,0,0,0,0,0,0,1.0,1.0,1.0,0,0,0,1,4,1,3,4,1,5,0,17,118,6,0,3,0,0,0,0,0,7.0,0.00041075259002327596,0.625,1.0725206517274428,0,,multi_full_20260502_195038_0001,2026-05-02T22:43:25.431475,https://www.sidefx.com/community/sidefx-partners-with-endava/,https://www.sidefx.com/,False,https://www.sidefx.com/community/sidefx-partners-with-endava/,https://www.sidefx.com/,https://www.sidefx.com/community/sidefx-partners-with-endava/,recon_page,2026-05-02T22:43:25.436104
95,1,4,0,0,0,0,1,0,14,0,com,200,2,34600,269.949,0,0,20,1,nginx,0,html,1,1,0,0,5,0,1,1,1,1,1,3,1,9,1,1,1,3,0,0,1,1,1,5,0,0,1,1,1,15,7,6,2,1,111,97,14,1,7,1,7,1,2,1,1,9,1,0,1,0,1,0,0,0,0,0,0,1,0,0,0,0,0,0,0,0,0,0,0,0,0,0,1.0,1.0,1.0,0,0,0,1,2,1,1,2,1,3,0,6,109,6,0,3,0,0,0,0,0,3.0,0.00043352601156069364,0.625,0.4913294797687861,0,,multi_full_20260502_195038_0001,2026-05-02T22:43:44.413093,https://www.sidefx.com/education/education-programs/list-of-schools/rubika-montreal-anim-2d-3d/,https://www.sidefx.com/,False,https://www.sidefx.com/education/education-programs/list-of-schools/rubika-montreal-anim-2d-3d/,https://www.sidefx.com/,https://www.sidefx.com/education/education-programs/list-of-schools/rubika-montreal-anim-2d-3d/,recon_page,2026-05-02T22:43:44.417230
41,1,1,0,0,0,0,1,0,14,0,com,200,2,33570,526.529,0,0,20,1,nginx,0,html,1,1,0,0,5,0,1,1,1,1,1,3,1,9,1,1,1,3,0,0,1,1,1,5,0,0,1,1,1,15,7,6,2,1,110,96,14,1,7,1,7,1,2,1,1,9,1,0,1,0,1,0,0,0,0,0,0,1,0,0,0,0,0,0,0,0,0,0,0,0,0,0,1.0,1.0,1.0,0,0,0,1,2,1,1,2,1,3,0,6,108,6,0,3,0,0,0,0,0,3.0,0.00044682752457551384,0.625,0.506404527852249,0,,multi_full_20260502_195038_0001,2026-05-02T22:44:19.957301,https://www.sidefx.com/rubika-supinfocom/,https://www.sidefx.com/,False,https://www.sidefx.com/rubika-supinfocom/,https://www.sidefx.com/,https://www.sidefx.com/rubika-supinfocom/,recon_page,2026-05-02T22:44:19.965876
55,1,2,0,0,0,0,1,0,14,0,com,200,2,34965,745.129,0,0,20,1,nginx,0,html,1,1,0,0,5,0,1,1,1,1,1,3,1,9,1,1,1,3,0,0,1,1,1,5,0,0,1,1,1,15,7,6,2,1,111,97,14,1,7,1,7,1,2,1,1,9,1,0,1,0,1,0,0,0,0,0,0,1,0,0,0,0,0,0,0,0,0,0,0,0,0,0,1.0,1.0,1.0,0,0,0,1,2,1,1,2,1,3,0,6,109,6,0,3,0,0,0,0,0,3.0,0.000429000429000429,0.625,0.48620048620048617,0,,multi_full_20260502_195038_0001,2026-05-02T22:44:20.659968,https://www.sidefx.com/schools/seneca-toronto-game-art/,https://www.sidefx.com/,False,https://www.sidefx.com/schools/seneca-toronto-game-art/,https://www.sidefx.com/,https://www.sidefx.com/schools/seneca-toronto-game-art/,recon_page,2026-05-02T22:44:20.684643
32,1,1,0,0,0,0,1,0,14,0,com,200,2,37027,738.6850000000001,0,0,20,1,nginx,0,html,1,1,0,0,5,0,1,1,1,1,1,3,1,9,1,1,1,3,0,0,1,1,1,5,0,0,1,1,1,15,7,6,2,1,112,98,14,1,9,1,7,1,2,1,1,9,1,0,1,0,1,0,0,0,0,0,0,1,0,0,0,0,0,0,0,0,0,0,0,0,0,0,1.0,1.0,1.0,0,0,0,1,2,1,1,2,1,3,0,6,110,6,0,3,0,0,0,0,0,3.0,0.0004051097847516677,0.625,0.4591244227185567,0,,multi_full_20260502_195038_0001,2026-05-02T22:44:20.683271,https://www.sidefx.com/vfx-mojo/,https://www.sidefx.com/,False,https://www.sidefx.com/vfx-mojo/,https://www.sidefx.com/,https://www.sidefx.com/vfx-mojo/,recon_page,2026-05-02T22:44:20.692315
63,1,1,0,0,0,0,1,0,14,0,com,200,2,35944,963.953,0,0,20,1,nginx,0,html,1,1,0,0,5,0,1,1,1,1,1,3,1,9,1,1,1,3,0,0,1,1,1,5,0,0,1,1,1,15,7,6,2,1,110,96,14,1,7,1,7,1,2,1,1,9,1,0,1,0,1,0,0,0,0,0,0,1,0,0,0,0,0,0,0,0,0,0,0,0,0,0,1.0,1.0,1.0,0,0,0,1,2,1,1,2,1,3,0,6,108,6,0,3,0,0,0,0,0,3.0,0.00041731582461606946,0.625,0.47295793456487867,0,,multi_full_20260502_195038_0001,2026-05-02T22:44:21.194169,https://www.sidefx.com/salzburg-university-of-applied-sciences/,https://www.sidefx.com/,False,https://www.sidefx.com/salzburg-university-of-applied-sciences/,https://www.sidefx.com/,https://www.sidefx.com/salzburg-university-of-applied-sciences/,recon_page,2026-05-02T22:44:21.220645
49,1,1,0,0,0,0,1,0,14,0,com,200,2,32860,876.334,0,0,20,1,nginx,0,html,1,1,0,0,5,0,1,1,1,1,1,3,1,9,1,1,1,3,0,0,1,1,1,5,0,0,1,1,1,15,7,6,2,1,110,96,14,1,8,1,7,1,2,1,1,9,1,0,1,0,1,0,0,0,0,0,0,1,0,0,0,0,0,0,0,0,0,0,0,0,0,0,1.0,1.0,1.0,0,0,0,1,2,1,1,2,1,3,0,6,108,6,0,3,0,0,0,0,0,3.0,0.0004564820450395618,0.625,0.5173463177115034,0,,multi_full_20260502_195038_0001,2026-05-02T22:44:21.176245,https://www.sidefx.com/japan-electronics-college/,https://www.sidefx.com/,False,https://www.sidefx.com/japan-electronics-college/,https://www.sidefx.com/,https://www.sidefx.com/japan-electronics-college/,recon_page,2026-05-02T22:44:21.219957
77,1,1,0,0,0,0,1,0,14,0,com,200,2,34419,731.464,0,0,20,1,nginx,0,html,1,1,0,0,5,0,1,1,1,1,1,3,1,9,1,1,1,3,0,0,1,1,1,5,0,0,1,1,1,15,7,6,2,1,110,96,14,1,7,1,7,1,2,1,1,9,1,0,1,0,1,0,0,0,0,0,0,1,0,0,0,0,0,0,0,0,0,0,0,0,0,0,1.0,1.0,1.0,0,0,0,1,2,1,1,2,1,3,0,6,108,6,0,3,0,0,0,0,0,3.0,0.0004358058049333217,0.625,0.493913245591098,0,,multi_full_20260502_195038_0001,2026-05-02T22:44:21.221555,https://www.sidefx.com/mediadesign-hochschule-fur-design-und-informatik-gmbh/,https://www.sidefx.com/,False,https://www.sidefx.com/mediadesign-hochschule-fur-design-und-informatik-gmbh/,https://www.sidefx.com/,https://www.sidefx.com/mediadesign-hochschule-fur-design-und-informatik-gmbh/,recon_page,2026-05-02T22:44:21.227865
66,1,2,0,0,0,0,1,0,14,0,com,200,2,34614,1006.9390000000001,0,0,20,1,nginx,0,html,1,1,0,0,5,0,1,1,1,1,1,3,1,9,1,1,1,3,0,0,1,1,1,5,0,0,1,1,1,15,7,6,2,1,110,96,14,1,7,1,7,1,2,1,1,9,1,0,1,0,1,0,0,0,0,0,0,1,0,0,0,0,0,0,0,0,0,0,0,0,0,0,1.0,1.0,1.0,0,0,0,1,2,1,1,2,1,3,0,6,108,6,0,3,0,0,0,0,0,3.0,0.00043335066736002774,0.625,0.4911307563413648,0,,multi_full_20260502_195038_0001,2026-05-02T22:44:21.501774,https://www.sidefx.com/schools/naba-nuova-accademia-di-belle-arti/,https://www.sidefx.com/,False,https://www.sidefx.com/schools/naba-nuova-accademia-di-belle-arti/,https://www.sidefx.com/,https://www.sidefx.com/schools/naba-nuova-accademia-di-belle-arti/,recon_page,2026-05-02T22:44:21.506406
49,1,1,0,0,0,0,1,0,14,0,com,200,2,34499,511.78900000000004,0,0,20,1,nginx,0,html,1,1,0,0,5,0,1,1,1,1,1,3,1,9,1,1,1,3,0,0,1,1,1,5,0,0,1,1,1,15,7,6,2,1,111,97,14,1,7,1,7,1,2,1,1,9,1,0,1,0,1,0,0,0,0,0,0,1,0,0,0,0,0,0,0,0,0,0,0,0,0,0,1.0,1.0,1.0,0,0,0,1,2,1,1,2,1,3,0,6,109,6,0,3,0,0,0,0,0,3.0,0.0004347952114554045,0.625,0.49276790631612505,0,,multi_full_20260502_195038_0001,2026-05-02T22:44:40.704820,https://www.sidefx.com/school-of-visual-arts-bfa/,https://www.sidefx.com/,False,https://www.sidefx.com/school-of-visual-arts-bfa/,https://www.sidefx.com/,https://www.sidefx.com/school-of-visual-arts-bfa/,recon_page,2026-05-02T22:44:40.719824
55,1,1,0,0,0,0,1,0,14,0,com,200,2,35328,301.58000000000004,0,0,20,1,nginx,0,html,1,1,0,0,5,0,1,1,1,1,1,3,1,9,1,1,1,3,0,0,1,1,1,5,0,0,1,1,1,15,7,6,2,1,110,96,14,1,7,1,7,1,2,1,1,9,1,0,1,0,1,0,0,0,0,0,0,1,0,0,0,0,0,0,0,0,0,0,0,0,0,0,1.0,1.0,1.0,0,0,0,1,2,1,1,2,1,3,0,6,108,6,0,3,0,0,0,0,0,3.0,0.0004245923913043478,0.625,0.4812047101449275,0,,multi_full_20260502_195038_0001,2026-05-02T22:45:15.627234,https://www.sidefx.com/digipen-institute-of-technology/,https://www.sidefx.com/,False,https://www.sidefx.com/digipen-institute-of-technology/,https://www.sidefx.com/,https://www.sidefx.com/digipen-institute-of-technology/,recon_page,2026-05-02T22:45:15.631240
51,1,1,0,0,0,0,1,0,14,0,com,200,2,37169,890.93,0,0,20,1,nginx,0,html,1,1,0,0,5,0,1,1,1,1,1,3,1,9,1,1,1,3,0,0,1,1,1,5,0,0,1,1,1,15,7,6,2,1,110,96,14,1,7,1,7,1,2,1,1,9,1,0,1,0,1,0,0,0,0,0,0,1,0,0,0,0,0,0,0,0,0,0,0,0,0,0,1.0,1.0,1.0,0,0,0,1,2,1,1,2,1,3,0,6,108,6,0,3,0,0,0,0,0,3.0,0.00040356210820845326,0.625,0.45737038930291374,0,,multi_full_20260502_195038_0001,2026-05-02T22:46:43.288068,https://www.sidefx.com/university-of-hertfordshire/,https://www.sidefx.com/,False,https://www.sidefx.com/university-of-hertfordshire/,https://www.sidefx.com/,https://www.sidefx.com/university-of-hertfordshire/,recon_page,2026-05-02T22:46:43.293677
60,1,2,1,1,0,0,1,0,14,0,com,200,2,23151,848.145,0,0,20,0,unknown,0,html,1,3,0,1,5,0,1,1,0,1,0,0,0,0,0,0,0,0,0,0,0,0,0,0,0,0,0,0,1,5,4,0,1,0,0,0,0,0,0,1,10,0,0,1,1,1,1,0,0,0,0,1,0,0,0,0,1,1,0,0,0,0,0,0,0,0,0,0,0,0,0,0,1.0,1.0,1.0,0,0,0,0,0,0,0,0,0,0,0,0,1,0,0,0,0,0,0,0,0,0.0,0.00021597339207809598,0.625,0.0,0,,multi_full_20260502_195038_0001,2026-05-02T22:46:43.556618,https://www.sidefx.com/login/microsoft-graph/?next=/schools/,https://www.sidefx.com/,False,https://www.sidefx.com/login/microsoft-graph/?next=/schools/,https://www.sidefx.com/,https://www.sidefx.com/login/microsoft-graph/?next=/schools/,recon_page,2026-05-02T22:46:43.563977
85,1,4,0,0,0,0,1,0,14,0,com,200,2,34721,1173.293,0,0,20,1,nginx,0,html,1,1,0,0,5,0,1,1,1,1,1,3,1,9,1,1,1,3,0,0,1,1,1,5,0,0,1,1,1,15,7,6,2,1,110,96,14,1,7,1,7,1,2,1,1,9,1,0,1,0,1,0,0,0,0,0,0,1,0,0,0,0,0,0,0,0,0,0,0,0,0,0,1.0,1.0,1.0,0,0,0,1,2,1,1,2,1,3,0,6,108,6,0,3,0,0,0,0,0,3.0,0.0004320152069352841,0.625,0.4896172345266554,0,,multi_full_20260502_195038_0001,2026-05-02T22:47:32.118306,https://www.sidefx.com/education/education-programs/list-of-schools/hochschule-mainz/,https://www.sidefx.com/,False,https://www.sidefx.com/education/education-programs/list-of-schools/hochschule-mainz/,https://www.sidefx.com/,https://www.sidefx.com/education/education-programs/list-of-schools/hochschule-mainz/,recon_page,2026-05-02T22:47:32.124996
38,1,1,0,0,0,0,1,0,14,0,com,200,2,36089,253.125,0,0,20,1,nginx,0,html,1,1,0,0,5,0,1,1,1,1,1,3,1,9,1,1,1,3,0,0,1,1,1,5,0,0,1,1,1,15,7,6,2,1,110,96,14,1,7,1,7,1,2,1,1,9,1,0,1,0,1,0,0,0,0,0,0,1,0,0,0,0,0,0,0,0,0,0,0,0,0,0,1.0,1.0,1.0,0,0,0,1,2,1,1,2,1,3,0,6,108,6,0,3,0,0,0,0,0,3.0,0.00041563911441159357,0.625,0.47105766299980606,0,,multi_full_20260502_195038_0001,2026-05-02T22:48:04.763173,https://www.sidefx.com/creative-seeds/,https://www.sidefx.com/,False,https://www.sidefx.com/creative-seeds/,https://www.sidefx.com/,https://www.sidefx.com/creative-seeds/,recon_page,2026-05-02T22:48:04.770142
56,1,1,0,0,0,0,1,0,14,0,com,200,2,34858,804.474,0,0,20,1,nginx,0,html,1,1,0,0,5,0,1,1,1,1,1,3,1,9,1,1,1,3,0,0,1,1,1,5,0,0,1,1,1,16,7,6,3,1,110,96,14,1,7,1,7,1,2,1,1,9,1,0,1,0,1,0,0,0,0,0,0,1,0,0,0,0,0,0,0,0,0,0,0,0,0,0,1.0,1.0,1.0,0,0,0,1,2,1,1,2,1,3,0,6,109,6,0,3,0,0,0,0,0,3.0,0.00045900510643180907,0.625,0.4876929255837972,0,,multi_full_20260502_195038_0001,2026-05-02T22:48:06.174595,https://www.sidefx.com/rensselaer-polytechnic-institute/,https://www.sidefx.com/,False,https://www.sidefx.com/rensselaer-polytechnic-institute/,https://www.sidefx.com/,https://www.sidefx.com/rensselaer-polytechnic-institute/,recon_page,2026-05-02T22:48:06.199982
49,1,2,0,0,0,0,1,0,14,0,com,200,2,34127,865.2840000000001,0,0,20,1,nginx,0,html,1,1,0,0,5,0,1,1,1,1,1,3,1,9,1,1,1,3,0,0,1,1,1,5,0,0,1,1,1,15,7,6,2,1,110,96,14,1,7,1,7,1,2,1,1,9,1,0,1,0,1,0,0,0,0,0,0,1,0,0,0,0,0,0,0,0,0,0,0,0,0,0,1.0,1.0,1.0,0,0,0,1,2,1,1,2,1,3,0,6,108,6,0,3,0,0,0,0,0,3.0,0.0004395346792861957,0.625,0.49813930319102173,0,,multi_full_20260502_195038_0001,2026-05-02T22:48:06.430829,https://www.sidefx.com/schools/solent-university/,https://www.sidefx.com/,False,https://www.sidefx.com/schools/solent-university/,https://www.sidefx.com/,https://www.sidefx.com/schools/solent-university/,recon_page,2026-05-02T22:48:06.435433
43,1,2,0,0,0,0,1,0,14,0,com,200,2,34450,729.275,0,0,20,1,nginx,0,html,1,1,0,0,5,0,1,1,1,1,1,3,1,9,1,1,1,3,0,0,1,1,1,5,0,0,1,1,1,15,7,6,2,1,111,96,15,1,7,1,7,1,2,1,1,9,1,0,1,0,1,0,0,0,0,0,0,1,0,0,0,0,0,0,0,0,0,0,0,0,0,0,1.0,1.0,1.0,0,0,0,1,2,1,1,2,1,3,0,6,109,6,0,3,0,0,0,0,0,3.0,0.0004354136429608128,0.625,0.49346879535558774,0,,multi_full_20260502_195038_0001,2026-05-02T22:48:06.753514,https://www.sidefx.com/schools/esma-france/,https://www.sidefx.com/,False,https://www.sidefx.com/schools/esma-france/,https://www.sidefx.com/,https://www.sidefx.com/schools/esma-france/,recon_page,2026-05-02T22:48:06.790879
32,1,1,0,0,0,0,1,0,14,0,com,200,2,32894,898.718,0,0,20,1,nginx,0,html,1,1,0,0,5,0,1,1,1,1,1,3,1,9,1,1,1,3,0,0,1,1,1,5,0,0,1,1,1,15,7,6,2,1,110,96,14,1,7,1,7,1,2,1,1,9,1,0,1,0,1,0,0,0,0,0,0,1,0,0,0,0,0,0,0,0,0,0,0,0,0,0,1.0,1.0,1.0,0,0,0,1,2,1,1,2,1,3,0,6,108,6,0,3,0,0,0,0,0,3.0,0.0004560102146288077,0.625,0.5168115765793154,0,,multi_full_20260502_195038_0001,2026-05-02T22:48:06.796733,https://www.sidefx.com/mastered/,https://www.sidefx.com/,False,https://www.sidefx.com/mastered/,https://www.sidefx.com/,https://www.sidefx.com/mastered/,recon_page,2026-05-02T22:48:06.810916
40,1,1,0,0,0,0,1,0,14,0,com,200,2,35230,904.557,0,0,20,1,nginx,0,html,1,1,0,0,5,0,1,1,1,1,1,3,1,9,1,1,1,3,0,0,1,1,1,5,0,0,1,1,1,15,7,6,2,1,110,96,14,1,7,1,7,1,2,1,1,9,1,0,1,0,1,0,0,0,0,0,0,1,0,0,0,0,0,0,0,0,0,0,0,0,0,0,1.0,1.0,1.0,0,0,0,1,2,1,1,2,1,3,0,6,108,6,0,3,0,0,0,0,0,3.0,0.0004257734885041158,0.625,0.4825432869713313,0,,multi_full_20260502_195038_0001,2026-05-02T22:48:06.798234,https://www.sidefx.com/sheridan-college/,https://www.sidefx.com/,False,https://www.sidefx.com/sheridan-college/,https://www.sidefx.com/,https://www.sidefx.com/sheridan-college/,recon_page,2026-05-02T22:48:06.813308
36,1,2,0,0,0,0,1,0,14,0,com,200,2,39584,717.934,0,0,20,1,nginx,0,html,1,1,0,0,5,0,1,1,1,1,1,3,1,9,1,1,1,3,0,0,1,1,1,5,0,0,1,1,1,15,7,6,2,1,112,96,16,1,12,1,7,1,2,1,1,9,1,0,1,0,1,0,0,0,0,0,0,1,0,0,0,0,0,0,0,0,0,0,0,0,0,0,1.0,1.0,1.0,0,0,0,1,2,1,1,2,1,3,0,6,110,6,0,3,0,0,0,0,0,3.0,0.00037894098625707354,0.625,0.42946645109135,0,,multi_full_20260502_195038_0001,2026-05-02T22:48:06.802633,https://www.sidefx.com/schools/cgma/,https://www.sidefx.com/,False,https://www.sidefx.com/schools/cgma/,https://www.sidefx.com/,https://www.sidefx.com/schools/cgma/,recon_page,2026-05-02T22:48:06.814700
39,1,2,0,0,0,0,1,0,14,0,com,200,2,33101,729.506,0,0,20,1,nginx,0,html,1,1,0,0,5,0,1,1,1,1,1,3,1,9,1,1,1,3,0,0,1,1,1,5,0,0,1,1,1,15,7,6,2,1,110,96,14,1,7,1,7,1,2,1,1,9,1,0,1,0,1,0,0,0,0,0,0,1,0,0,0,0,0,0,0,0,0,0,0,0,0,0,1.0,1.0,1.0,0,0,0,1,2,1,1,2,1,3,0,6,108,6,0,3,0,0,0,0,0,3.0,0.000453158514848494,0.625,0.5135796501616265,0,,multi_full_20260502_195038_0001,2026-05-02T22:48:06.812190,https://www.sidefx.com/schools/entagma/,https://www.sidefx.com/,False,https://www.sidefx.com/schools/entagma/,https://www.sidefx.com/,https://www.sidefx.com/schools/entagma/,recon_page,2026-05-02T22:48:06.821472
38,1,2,0,0,0,0,1,0,14,0,com,200,2,34207,3168.0679999999998,0,0,20,1,nginx,0,html,1,1,0,0,5,0,1,1,1,1,1,3,1,9,1,1,1,3,0,0,1,1,1,5,0,0,1,1,1,15,7,6,2,1,111,96,15,1,8,1,7,1,2,1,1,9,1,0,1,0,1,0,0,0,0,0,0,1,0,0,0,0,0,0,0,0,0,0,0,0,0,0,1.0,1.0,1.0,0,0,0,1,2,1,1,2,1,3,0,6,109,6,0,3,0,0,0,0,0,3.0,0.00043850673838687987,0.625,0.4969743035051305,0,,multi_full_20260502_195038_0001,2026-05-02T22:48:08.343469,https://www.sidefx.com/schools/trazos/,https://www.sidefx.com/,False,https://www.sidefx.com/schools/trazos/,https://www.sidefx.com/,https://www.sidefx.com/schools/trazos/,recon_page,2026-05-02T22:48:08.350117
43,1,1,0,0,0,0,1,0,14,0,com,200,2,34338,271.539,0,0,20,1,nginx,0,html,1,1,0,0,5,0,1,1,1,1,1,3,1,9,1,1,1,3,0,0,1,1,1,5,0,0,1,1,1,15,7,6,2,1,111,97,14,1,7,1,7,1,2,1,1,9,1,0,1,0,1,0,0,0,0,0,0,1,0,0,0,0,0,0,0,0,0,0,0,0,0,0,1.0,1.0,1.0,0,0,0,1,2,1,1,2,1,3,0,6,109,6,0,3,0,0,0,0,0,3.0,0.0004368338284116722,0.625,0.49507833886656183,0,,multi_full_20260502_195038_0001,2026-05-02T22:48:37.707039,https://www.sidefx.com/capilano-university/,https://www.sidefx.com/,False,https://www.sidefx.com/capilano-university/,https://www.sidefx.com/,https://www.sidefx.com/capilano-university/,recon_page,2026-05-02T22:48:37.712572
72,1,1,0,0,0,0,1,0,14,0,com,200,2,34142,254.189,0,0,20,1,nginx,0,html,1,1,0,0,5,0,1,1,1,1,1,3,1,9,1,1,1,3,0,0,1,1,1,5,0,0,1,1,1,15,7,6,2,1,110,96,14,1,7,1,7,1,2,1,1,9,1,0,1,0,1,0,0,0,0,0,0,1,0,0,0,0,0,0,0,0,0,0,0,0,0,0,1.0,1.0,1.0,0,0,0,1,2,1,1,2,1,3,0,6,108,6,0,3,0,0,0,0,0,3.0,0.00043934157342862164,0.625,0.49792044988577117,0,,multi_full_20260502_195038_0001,2026-05-02T22:48:54.806831,https://www.sidefx.com/la-salle-campus-barcelona-ramon-llull-university/,https://www.sidefx.com/,False,https://www.sidefx.com/la-salle-campus-barcelona-ramon-llull-university/,https://www.sidefx.com/,https://www.sidefx.com/la-salle-campus-barcelona-ramon-llull-university/,recon_page,2026-05-02T22:48:54.810114
44,1,1,0,0,0,0,1,0,14,0,com,200,2,35847,757.3299999999999,0,0,20,1,nginx,0,html,1,1,0,0,5,0,1,1,1,1,1,3,1,9,1,1,1,3,0,0,1,1,1,5,0,0,1,1,1,15,7,6,2,1,110,96,14,1,7,1,7,1,2,1,1,9,1,0,1,0,1,0,0,0,0,0,0,1,0,0,0,0,0,0,0,0,0,0,0,0,0,0,1.0,1.0,1.0,0,0,0,1,2,1,1,2,1,3,0,6,108,6,0,3,0,0,0,0,0,3.0,0.0004184450581638631,0.625,0.4742377325857115,0,,multi_full_20260502_195038_0001,2026-05-02T22:51:08.857354,https://www.sidefx.com/3dsense-media-school/,https://www.sidefx.com/,False,https://www.sidefx.com/3dsense-media-school/,https://www.sidefx.com/,https://www.sidefx.com/3dsense-media-school/,recon_page,2026-05-02T22:51:08.861660
85,1,4,0,0,0,0,1,0,14,0,com,200,2,35758,1126.917,0,0,20,1,nginx,0,html,1,1,0,0,5,0,1,1,1,1,1,3,1,9,1,1,1,3,0,0,1,1,1,5,0,0,1,1,1,15,7,6,2,1,110,96,14,1,7,1,7,1,2,1,1,9,1,0,1,0,1,0,0,0,0,0,0,1,0,0,0,0,0,0,0,0,0,0,0,0,0,0,1.0,1.0,1.0,0,0,0,1,2,1,1,2,1,3,0,6,108,6,0,3,0,0,0,0,0,3.0,0.0004194865484646792,0.625,0.4754180882599698,0,,multi_full_20260502_195038_0001,2026-05-02T22:51:09.096999,https://www.sidefx.com/education/education-programs/list-of-schools/tathastu-academy/,https://www.sidefx.com/,False,https://www.sidefx.com/education/education-programs/list-of-schools/tathastu-academy/,https://www.sidefx.com/,https://www.sidefx.com/education/education-programs/list-of-schools/tathastu-academy/,recon_page,2026-05-02T22:51:09.102928
38,1,2,0,0,0,0,1,0,14,0,com,200,2,34495,667.2249999999999,0,0,20,1,nginx,0,html,1,1,0,0,5,0,1,1,1,1,1,3,1,9,1,1,1,3,0,0,1,1,1,5,0,0,1,1,1,15,7,6,2,1,110,96,14,1,7,1,7,1,2,1,1,9,1,0,1,0,1,0,0,0,0,0,0,1,0,0,0,0,0,0,0,0,0,0,0,0,0,0,1.0,1.0,1.0,0,0,0,1,2,1,1,2,1,3,0,6,108,7,0,3,0,0,0,0,0,3.0,0.0004348456298014205,0.625,0.4928250471082766,0,,multi_full_20260502_195038_0001,2026-05-02T22:51:09.362629,https://www.sidefx.com/schools/animum/,https://www.sidefx.com/,False,https://www.sidefx.com/schools/animum/,https://www.sidefx.com/,https://www.sidefx.com/schools/animum/,recon_page,2026-05-02T22:51:09.369561
69,1,2,0,0,0,0,1,0,14,0,com,200,2,34456,269.491,0,0,20,1,nginx,0,html,1,1,0,0,5,0,1,1,1,1,1,3,1,9,1,1,1,3,0,0,1,1,1,5,0,0,1,1,1,15,7,6,2,1,110,96,14,1,7,1,7,1,2,1,1,9,1,0,1,0,1,0,0,0,0,0,0,1,0,0,0,0,0,0,0,0,0,0,0,0,0,0,1.0,1.0,1.0,0,0,0,1,2,1,1,2,1,3,0,6,108,6,0,3,0,0,0,0,0,3.0,0.0004353378221499884,0.625,0.49338286510332013,0,,multi_full_20260502_195038_0001,2026-05-02T22:51:43.136718,https://www.sidefx.com/schools/xenter-university-of-applied-sciences/,https://www.sidefx.com/,False,https://www.sidefx.com/schools/xenter-university-of-applied-sciences/,https://www.sidefx.com/,https://www.sidefx.com/schools/xenter-university-of-applied-sciences/,recon_page,2026-05-02T22:51:43.144473
54,1,1,0,0,0,0,1,0,14,0,com,200,2,32492,280.52700000000004,0,0,20,1,nginx,0,html,1,1,0,0,5,0,1,1,1,1,1,3,1,9,1,1,1,3,0,0,1,1,1,5,0,0,1,1,1,15,7,6,2,1,111,96,15,1,7,1,7,1,2,1,1,9,1,0,1,0,1,0,0,0,0,0,0,1,0,0,0,0,0,0,0,0,0,0,0,0,0,0,1.0,1.0,1.0,0,0,0,1,2,1,1,2,1,3,0,6,109,6,0,3,0,0,0,0,0,3.0,0.00046165209897821,0.625,0.5232057121753048,0,,multi_full_20260502_195038_0001,2026-05-02T22:51:43.403600,https://www.sidefx.com/tokyo-university-of-technology/,https://www.sidefx.com/,False,https://www.sidefx.com/tokyo-university-of-technology/,https://www.sidefx.com/,https://www.sidefx.com/tokyo-university-of-technology/,recon_page,2026-05-02T22:51:43.411351
53,1,2,0,0,0,0,1,0,14,0,com,200,2,33559,265.397,0,0,20,1,nginx,0,html,1,1,0,0,5,0,1,1,1,1,1,3,1,9,1,1,1,3,0,0,1,1,1,5,0,0,1,1,1,15,7,6,2,1,110,96,14,1,7,1,7,1,2,1,1,9,1,0,1,0,1,0,0,0,0,0,0,1,0,0,0,0,0,0,0,0,0,0,0,0,0,0,1.0,1.0,1.0,0,0,0,1,2,1,1,2,1,3,0,6,108,6,0,3,0,0,0,0,0,3.0,0.0004469739861140082,0.625,0.506570517595876,0,,multi_full_20260502_195038_0001,2026-05-02T22:51:44.080676,https://www.sidefx.com/schools/vancouver-film-school/,https://www.sidefx.com/,False,https://www.sidefx.com/schools/vancouver-film-school/,https://www.sidefx.com/,https://www.sidefx.com/schools/vancouver-film-school/,recon_page,2026-05-02T22:51:44.096402
42,1,1,0,0,0,0,1,0,14,0,com,200,2,37263,269.715,0,0,20,1,nginx,0,html,1,1,0,0,5,0,1,1,1,1,1,3,1,9,1,1,1,3,0,0,1,1,1,5,0,0,1,1,1,15,7,6,2,1,110,96,14,1,7,1,7,1,2,1,1,9,1,0,1,0,1,0,0,0,0,0,0,1,0,0,0,0,0,0,0,0,0,0,0,0,0,0,1.0,1.0,1.0,0,0,0,1,2,1,1,2,1,3,0,6,108,6,0,3,0,0,0,0,0,3.0,0.0004025440785766041,0.625,0.45621662238681804,0,,multi_full_20260502_195038_0001,2026-05-02T22:51:44.336085,https://www.sidefx.com/university-of-utah/,https://www.sidefx.com/,False,https://www.sidefx.com/university-of-utah/,https://www.sidefx.com/,https://www.sidefx.com/university-of-utah/,recon_page,2026-05-02T22:51:44.344962
76,1,1,0,0,0,0,1,0,14,0,com,200,2,34968,264.549,0,0,20,1,nginx,0,html,1,1,0,0,5,0,1,1,1,1,1,3,1,9,1,1,1,3,0,0,1,1,1,5,0,0,1,1,1,15,7,6,2,1,110,96,14,1,7,1,7,1,2,1,1,9,1,0,1,0,1,0,0,0,0,0,0,1,0,0,0,0,0,0,0,0,0,0,0,0,0,0,1.0,1.0,1.0,0,0,0,1,2,1,1,2,1,3,0,6,108,6,0,3,0,0,0,0,0,3.0,0.0004289636238846946,0.625,0.48615877373598715,0,,multi_full_20260502_195038_0001,2026-05-02T22:51:44.603704,https://www.sidefx.com/university-of-technology-sydney-animal-logic-academy/,https://www.sidefx.com/,False,https://www.sidefx.com/university-of-technology-sydney-animal-logic-academy/,https://www.sidefx.com/,https://www.sidefx.com/university-of-technology-sydney-animal-logic-academy/,recon_page,2026-05-02T22:51:44.608621
43,1,2,0,0,0,0,1,0,14,0,com,200,2,35990,888.2330000000001,0,0,20,1,nginx,0,html,1,1,0,0,5,0,1,1,1,1,1,3,1,9,1,1,1,3,0,0,1,1,1,5,0,0,1,1,1,15,7,6,2,1,110,96,14,1,7,1,7,1,2,1,1,9,1,0,1,0,1,0,0,0,0,0,0,1,0,0,0,0,0,0,0,0,0,0,0,0,0,0,1.0,1.0,1.0,0,0,0,1,2,1,1,2,1,3,0,6,108,6,0,3,0,0,0,0,0,3.0,0.0004167824395665463,0.625,0.4723534315087524,0,,multi_full_20260502_195038_0001,2026-05-02T22:51:44.920718,https://www.sidefx.com/schools/cg-spectrum/,https://www.sidefx.com/,False,https://www.sidefx.com/schools/cg-spectrum/,https://www.sidefx.com/,https://www.sidefx.com/schools/cg-spectrum/,recon_page,2026-05-02T22:51:44.977244
32,1,1,0,0,0,0,1,0,14,0,com,200,2,34037,841.9879999999999,0,0,20,1,nginx,0,html,1,1,0,0,5,0,1,1,1,1,1,3,1,9,1,1,1,3,0,0,1,1,1,5,0,0,1,1,1,15,7,6,2,1,111,97,14,1,7,1,7,1,2,1,1,9,1,0,1,0,1,0,0,0,0,0,0,1,0,0,0,0,0,0,0,0,0,0,0,0,0,0,1.0,1.0,1.0,0,0,0,1,2,1,1,2,1,3,0,6,109,6,0,3,0,0,0,0,0,3.0,0.0004406968886799659,0.625,0.49945647383729475,0,,multi_full_20260502_195038_0001,2026-05-02T22:51:45.164810,https://www.sidefx.com/cg-forge/,https://www.sidefx.com/,False,https://www.sidefx.com/cg-forge/,https://www.sidefx.com/,https://www.sidefx.com/cg-forge/,recon_page,2026-05-02T22:51:45.180195
32,1,1,0,0,0,0,1,0,14,0,com,200,2,33132,838.4209999999999,0,0,20,1,nginx,0,html,1,1,0,0,5,0,1,1,1,1,1,3,1,9,1,1,1,3,0,0,1,1,1,5,0,0,1,1,1,15,7,6,2,1,110,96,14,1,8,1,7,1,2,1,1,9,1,0,1,0,1,0,0,0,0,0,0,1,0,0,0,0,0,0,0,0,0,0,0,0,0,0,1.0,1.0,1.0,0,0,0,1,2,1,1,2,1,3,0,6,108,6,0,3,0,0,0,0,0,3.0,0.0004527345164795364,0.625,0.5130991186768079,0,,multi_full_20260502_195038_0001,2026-05-02T22:51:45.188153,https://www.sidefx.com/hipflask/,https://www.sidefx.com/,False,https://www.sidefx.com/hipflask/,https://www.sidefx.com/,https://www.sidefx.com/hipflask/,recon_page,2026-05-02T22:51:45.192522
94,1,4,0,0,0,0,1,0,14,0,com,200,2,36406,513.548,0,0,20,1,nginx,0,html,1,1,0,0,5,0,1,1,1,1,1,3,1,9,1,1,1,3,0,0,1,1,1,5,0,0,1,1,1,15,7,6,2,1,110,96,14,1,7,1,7,1,2,1,1,9,1,0,1,0,1,0,0,0,0,0,0,1,0,0,0,0,0,0,0,0,0,0,0,0,0,0,1.0,1.0,1.0,0,0,0,1,2,1,1,2,1,3,0,6,108,6,0,3,0,0,0,0,0,3.0,0.00041201999670384,0.625,0.466955996264352,0,,multi_full_20260502_195038_0001,2026-05-02T22:52:01.553931,https://www.sidefx.com/education/education-programs/list-of-schools/abertay-university-dundee/,https://www.sidefx.com/,False,https://www.sidefx.com/education/education-programs/list-of-schools/abertay-university-dundee/,https://www.sidefx.com/,https://www.sidefx.com/education/education-programs/list-of-schools/abertay-university-dundee/,recon_page,2026-05-02T22:52:01.558724
43,1,2,0,0,0,0,1,0,14,0,com,200,2,33700,1308.1750000000002,0,0,20,1,nginx,0,html,1,1,0,0,5,0,1,1,1,1,1,3,1,9,1,1,1,3,0,0,1,1,1,5,0,0,1,1,1,15,7,6,2,1,110,96,14,1,7,1,7,1,2,1,1,10,1,0,1,0,1,0,0,0,0,0,0,1,0,0,0,0,0,0,0,0,0,0,0,0,0,0,1.0,1.0,1.0,0,0,0,1,2,1,1,2,1,3,0,6,108,6,0,3,0,0,0,0,0,3.0,0.00044510385756676556,0.625,0.5044510385756676,0,,multi_full_20260502_195038_0001,2026-05-02T22:54:15.812426,https://www.sidefx.com/schools/rebelway-co/,https://www.sidefx.com/,False,https://www.sidefx.com/schools/rebelway-co/,https://www.sidefx.com/,https://www.sidefx.com/schools/rebelway-co/,recon_page,2026-05-02T22:54:15.826333
78,1,3,0,0,0,0,1,0,14,0,com,200,2,37196,520.105,0,0,20,1,nginx,0,html,1,1,0,0,5,0,1,1,1,1,1,3,1,9,1,1,1,3,0,0,1,1,1,5,0,0,1,1,1,15,7,6,2,1,110,96,14,1,7,1,7,1,2,1,1,9,1,0,1,0,1,0,0,0,0,0,0,1,0,0,0,0,0,0,0,0,0,0,0,0,0,0,1.0,1.0,1.0,0,0,0,1,2,1,1,2,1,3,0,6,108,6,0,3,0,0,0,0,0,3.0,0.00040326916872782017,0.625,0.4570383912248629,0,,multi_full_20260502_195038_0001,2026-05-02T22:54:50.050361,https://www.sidefx.com/education/schools/nation-centre-for-computer-animation/,https://www.sidefx.com/,False,https://www.sidefx.com/education/schools/nation-centre-for-computer-animation/,https://www.sidefx.com/,https://www.sidefx.com/education/schools/nation-centre-for-computer-animation/,recon_page,2026-05-02T22:54:50.056471
63,1,2,0,0,0,0,1,0,14,0,com,200,2,34243,340.49800000000005,0,0,20,1,nginx,0,html,1,1,0,0,5,0,1,1,1,1,1,3,1,9,1,1,1,3,0,0,1,1,1,5,0,0,1,1,1,15,7,6,2,1,110,96,14,1,7,1,7,1,2,1,1,9,1,0,1,0,1,0,0,0,0,0,0,1,0,0,0,0,0,0,0,0,0,0,0,0,0,0,1.0,1.0,1.0,0,0,0,1,2,1,1,2,1,3,0,6,108,6,0,3,0,0,0,0,0,3.0,0.0004380457319744181,0.625,0.4964518295710072,0,,multi_full_20260502_195038_0001,2026-05-02T22:54:51.555515,https://www.sidefx.com/schools/kwantlen-polytechnic-university/,https://www.sidefx.com/,False,https://www.sidefx.com/schools/kwantlen-polytechnic-university/,https://www.sidefx.com/,https://www.sidefx.com/schools/kwantlen-polytechnic-university/,recon_page,2026-05-02T22:54:51.563677
74,1,1,0,0,0,0,1,0,14,0,com,200,2,35718,1136.616,0,0,20,1,nginx,0,html,1,1,0,0,5,0,1,1,1,1,1,3,1,9,1,1,1,3,0,0,1,1,1,5,0,0,1,1,1,15,7,6,2,1,110,96,14,1,7,1,7,1,2,1,1,9,1,0,1,0,1,0,0,0,0,0,0,1,0,0,0,0,0,0,0,0,0,0,0,0,0,0,1.0,1.0,1.0,0,0,0,1,2,1,1,2,1,3,0,6,108,6,0,3,0,0,0,0,0,3.0,0.0004199563245422476,0.625,0.47595050114788057,0,,multi_full_20260502_195038_0001,2026-05-02T22:54:52.079928,https://www.sidefx.com/universite-du-quebec-en-abitibi-temiscamingue-uqat/,https://www.sidefx.com/,False,https://www.sidefx.com/universite-du-quebec-en-abitibi-temiscamingue-uqat/,https://www.sidefx.com/,https://www.sidefx.com/universite-du-quebec-en-abitibi-temiscamingue-uqat/,recon_page,2026-05-02T22:54:52.086498
31,1,1,0,0,0,0,1,0,14,0,com,200,2,36672,1070.97,0,0,20,1,nginx,0,html,1,1,0,0,5,0,1,1,1,1,1,3,1,9,1,1,1,3,0,0,1,1,1,5,0,0,1,1,1,15,7,6,2,1,110,96,14,1,10,1,7,1,2,1,1,9,1,0,1,0,1,0,0,0,0,0,0,1,0,0,0,0,0,0,0,0,0,0,0,0,0,0,1.0,1.0,1.0,0,0,0,1,2,1,1,2,1,3,0,6,108,6,0,3,0,0,0,0,0,3.0,0.00040903141361256544,0.625,0.4635689354275742,0,,multi_full_20260502_195038_0001,2026-05-02T22:54:52.389438,https://www.sidefx.com/piktura/,https://www.sidefx.com/,False,https://www.sidefx.com/piktura/,https://www.sidefx.com/,https://www.sidefx.com/piktura/,recon_page,2026-05-02T22:54:52.396248
71,1,2,0,0,0,0,1,0,14,0,com,200,2,34265,1130.097,0,0,20,1,nginx,0,html,1,1,0,0,5,0,1,1,1,1,1,3,1,9,1,1,1,3,0,0,1,1,1,5,0,0,1,1,1,15,7,6,2,1,110,96,14,1,7,1,7,1,2,1,1,9,1,0,1,0,1,0,0,0,0,0,0,1,0,0,0,0,0,0,0,0,0,0,0,0,0,0,1.0,1.0,1.0,0,0,0,1,2,1,1,2,1,3,0,6,108,6,0,3,0,0,0,0,0,3.0,0.00043776448270830295,0.625,0.49613308040274334,0,,multi_full_20260502_195038_0001,2026-05-02T22:54:52.656529,https://www.sidefx.com/schools/academy-of-art-university-san-francisco/,https://www.sidefx.com/,False,https://www.sidefx.com/schools/academy-of-art-university-san-francisco/,https://www.sidefx.com/,https://www.sidefx.com/schools/academy-of-art-university-san-francisco/,recon_page,2026-05-02T22:54:52.664250
48,1,1,0,0,0,0,1,0,14,0,com,200,2,35661,453.011,0,0,20,1,nginx,0,html,1,1,0,0,5,0,1,1,1,1,1,3,1,9,1,1,1,3,0,0,1,1,1,5,0,0,1,1,1,15,7,6,2,1,111,97,14,1,7,1,7,1,2,1,1,9,1,0,1,0,1,0,0,0,0,0,0,1,0,0,0,0,0,0,0,0,0,0,0,0,0,0,1.0,1.0,1.0,0,0,0,1,2,1,1,2,1,3,0,6,109,6,0,3,0,0,0,0,0,3.0,0.00042062757634390513,0.625,0.4767112531897591,0,,multi_full_20260502_195038_0001,2026-05-02T22:55:15.429322,https://www.sidefx.com/netherlands-film-academy/,https://www.sidefx.com/,False,https://www.sidefx.com/netherlands-film-academy/,https://www.sidefx.com/,https://www.sidefx.com/netherlands-film-academy/,recon_page,2026-05-02T22:55:15.434465
60,1,1,0,0,0,0,1,0,14,0,com,200,2,34462,356.025,0,0,20,1,nginx,0,html,1,1,0,0,5,0,1,1,1,1,1,3,1,9,1,1,1,3,0,0,1,1,1,5,0,0,1,1,1,15,7,6,2,1,110,96,14,1,7,1,7,1,2,1,1,9,1,0,1,0,1,0,0,0,0,0,0,1,0,0,0,0,0,0,0,0,0,0,0,0,0,0,1.0,1.0,1.0,0,0,0,1,2,1,1,2,1,3,0,6,108,6,0,3,0,0,0,0,0,3.0,0.0004352620277406999,0.625,0.49329696477279317,0,,multi_full_20260502_195038_0001,2026-05-02T22:55:15.721954,https://www.sidefx.com/academy-of-interactive-entertainment/,https://www.sidefx.com/,False,https://www.sidefx.com/academy-of-interactive-entertainment/,https://www.sidefx.com/,https://www.sidefx.com/academy-of-interactive-entertainment/,recon_page,2026-05-02T22:55:15.728371
44,1,1,1,1,0,0,1,0,14,0,com,200,2,29847,261.519,0,0,23,1,nginx,0,html,1,2,0,1,6,0,1,1,1,1,1,4,1,15,1,2,1,5,0,0,1,1,1,7,0,0,1,1,1,11,5,6,0,1,111,101,10,1,5,1,7,1,2,1,1,2,1,0,1,0,0,0,0,0,0,0,0,1,0,0,0,0,0,0,1,0,0,0,0,0,0,0,1.0,1.0,1.0,0,0,0,1,3,1,2,3,1,4,0,9,103,6,0,0,0,0,0,0,0,3.75,0.0003685462525546956,0.75,0.8711093242201896,0,,multi_full_20260502_195038_0001,2026-05-02T22:55:15.998186,https://www.sidefx.com/login/?next=/schools/,https://www.sidefx.com/,False,https://www.sidefx.com/login/?next=/schools/,https://www.sidefx.com/,https://www.sidefx.com/login/?next=/schools/,recon_page,2026-05-02T22:55:16.003618
41,1,1,0,0,0,0,1,0,14,0,com,200,2,35957,388.23600000000005,0,0,20,1,nginx,0,html,1,1,0,0,5,0,1,1,1,1,1,3,1,9,1,1,1,3,0,0,1,1,1,5,0,0,1,1,1,15,7,6,2,1,110,96,14,1,7,1,7,1,2,1,1,9,1,0,1,0,1,0,0,0,0,0,0,1,0,0,0,0,0,0,0,0,0,0,0,0,0,0,1.0,1.0,1.0,0,0,0,1,2,1,1,2,1,3,0,6,108,6,0,3,0,0,0,0,0,3.0,0.0004171649470200517,0.625,0.47278693995605864,0,,multi_full_20260502_195038_0001,2026-05-02T22:55:16.276205,https://www.sidefx.com/centro-university/,https://www.sidefx.com/,False,https://www.sidefx.com/centro-university/,https://www.sidefx.com/,https://www.sidefx.com/centro-university/,recon_page,2026-05-02T22:55:16.287771
36,1,1,0,0,0,0,1,0,14,0,com,200,2,34128,338.223,0,0,20,1,nginx,0,html,1,1,0,0,5,0,1,1,1,1,1,3,1,9,1,1,1,3,0,0,1,1,1,5,0,0,1,1,1,15,7,6,2,1,110,96,14,1,7,1,7,1,2,1,1,9,1,0,1,0,1,0,0,0,0,0,0,1,0,0,0,0,0,0,0,0,0,0,0,0,0,0,1.0,1.0,1.0,0,0,0,1,2,1,1,2,1,3,0,6,108,6,0,3,0,0,0,0,0,3.0,0.00043952180028129393,0.625,0.49812470698546646,0,,multi_full_20260502_195038_0001,2026-05-02T22:55:16.854463,https://www.sidefx.com/vfx-workshop/,https://www.sidefx.com/,False,https://www.sidefx.com/vfx-workshop/,https://www.sidefx.com/,https://www.sidefx.com/vfx-workshop/,recon_page,2026-05-02T22:55:16.858610
34,1,1,0,0,0,0,1,0,14,0,com,200,2,35079,303.042,0,0,20,1,nginx,0,html,1,1,0,0,5,0,1,1,1,1,1,3,1,9,1,1,1,3,0,0,1,1,1,5,0,0,1,1,1,15,7,6,2,1,110,96,14,1,7,1,7,1,2,1,1,9,1,0,1,0,1,0,0,0,0,0,0,1,0,0,0,0,0,0,0,0,0,0,0,0,0,0,1.0,1.0,1.0,0,0,0,1,2,1,1,2,1,3,0,6,108,6,0,3,0,0,0,0,0,3.0,0.0004276062601556487,0.625,0.48462042817640183,0,,multi_full_20260502_195038_0001,2026-05-02T22:55:17.394818,https://www.sidefx.com/howest-dae/,https://www.sidefx.com/,False,https://www.sidefx.com/howest-dae/,https://www.sidefx.com/,https://www.sidefx.com/howest-dae/,recon_page,2026-05-02T22:55:17.398683
108,1,4,0,0,0,0,1,0,14,0,com,200,2,35627,1241.0030000000002,0,0,20,1,nginx,0,html,1,1,0,0,5,0,1,1,1,1,1,3,1,9,1,1,1,3,0,0,1,1,1,5,0,0,1,1,1,15,7,6,2,1,110,96,14,1,7,1,7,1,2,1,1,9,1,0,1,0,1,0,0,0,0,0,0,1,0,0,0,0,0,0,0,0,0,0,0,0,0,0,1.0,1.0,1.0,0,0,0,1,2,1,1,2,1,3,0,6,108,6,0,3,0,0,0,0,0,3.0,0.0004210289948634463,0.625,0.4771661941785724,0,,multi_full_20260502_195038_0001,2026-05-02T22:57:51.255149,https://www.sidefx.com/education/education-programs/list-of-schools/cada-copenhagen-academy-of-digital-arts/,https://www.sidefx.com/,False,https://www.sidefx.com/education/education-programs/list-of-schools/cada-copenhagen-academy-of-digital-arts/,https://www.sidefx.com/,https://www.sidefx.com/education/education-programs/list-of-schools/cada-copenhagen-academy-of-digital-arts/,recon_page,2026-05-02T22:57:51.260457
67,1,3,0,0,0,0,1,0,14,0,com,200,2,49023,280.71299999999997,0,0,20,1,nginx,0,html,1,1,0,0,5,0,1,1,1,1,1,3,1,9,1,1,1,3,0,0,1,1,1,5,0,0,1,1,1,18,7,8,3,1,125,115,10,1,10,1,7,1,5,1,1,13,1,0,1,0,0,0,0,0,0,0,0,1,0,0,0,0,0,0,0,0,0,0,0,0,0,0,1.0,1.0,1.0,0,0,0,1,2,1,1,2,1,3,0,6,116,3,0,0,0,0,0,0,0,3.0,0.00036717459151826694,0.625,0.34677600310058543,0,,multi_full_20260502_195038_0001,2026-05-02T22:58:29.490805,https://www.sidefx.com/education/education-programs/administrators/,https://www.sidefx.com/,False,https://www.sidefx.com/education/education-programs/administrators/,https://www.sidefx.com/,https://www.sidefx.com/education/education-programs/administrators/,recon_page,2026-05-02T22:58:29.497709
54,1,1,0,0,0,0,1,0,14,0,com,200,2,34799,948.604,0,0,20,1,nginx,0,html,1,1,0,0,5,0,1,1,1,1,1,3,1,9,1,1,1,3,0,0,1,1,1,5,0,0,1,1,1,15,7,6,2,1,110,96,14,1,7,1,7,1,2,1,1,9,1,0,1,0,1,0,0,0,0,0,0,1,0,0,0,0,0,0,0,0,0,0,0,0,0,0,1.0,1.0,1.0,0,0,0,1,2,1,1,2,1,3,0,6,108,6,0,3,0,0,0,0,0,3.0,0.000431046869162907,0.625,0.48851978505129456,0,,multi_full_20260502_195038_0001,2026-05-02T22:58:30.351300,https://www.sidefx.com/ecv-creative-schools-community/,https://www.sidefx.com/,False,https://www.sidefx.com/ecv-creative-schools-community/,https://www.sidefx.com/,https://www.sidefx.com/ecv-creative-schools-community/,recon_page,2026-05-02T22:58:30.360816
58,1,1,0,0,0,0,1,0,14,0,com,200,2,35711,346.43600000000004,0,0,20,1,nginx,0,html,1,1,0,0,5,0,1,1,1,1,1,3,1,9,1,1,1,3,0,0,1,1,1,5,0,0,1,1,1,15,7,6,2,1,110,96,14,1,7,1,7,1,2,1,1,9,1,0,1,0,1,0,0,0,0,0,0,1,0,0,0,0,0,0,0,0,0,0,0,0,0,0,1.0,1.0,1.0,0,0,0,1,2,1,1,2,1,3,0,6,108,6,0,3,0,0,0,0,0,3.0,0.0004200386435552071,0.625,0.4760437960292347,0,,multi_full_20260502_195038_0001,2026-05-02T22:58:30.672181,https://www.sidefx.com/manchester-metropolitan-university/,https://www.sidefx.com/,False,https://www.sidefx.com/manchester-metropolitan-university/,https://www.sidefx.com/,https://www.sidefx.com/manchester-metropolitan-university/,recon_page,2026-05-02T22:58:30.681485
51,1,1,0,0,0,0,1,0,14,0,com,200,2,35785,898.6560000000001,0,0,20,1,nginx,0,html,1,1,0,0,5,0,1,1,1,1,1,3,1,9,1,1,1,3,0,0,1,1,1,5,0,0,1,1,1,16,7,6,3,1,112,98,14,1,7,1,7,1,2,1,1,9,1,0,1,0,1,0,0,0,0,0,0,1,0,0,0,0,0,0,0,0,0,0,0,0,0,0,1.0,1.0,1.0,0,0,0,1,2,1,1,2,1,3,0,6,111,6,0,3,0,0,0,0,0,3.0,0.0004471147128685203,0.625,0.4750593824228029,0,,multi_full_20260502_195038_0001,2026-05-02T22:58:31.502493,https://www.sidefx.com/school-of-visual-arts-mfaca/,https://www.sidefx.com/,False,https://www.sidefx.com/school-of-visual-arts-mfaca/,https://www.sidefx.com/,https://www.sidefx.com/school-of-visual-arts-mfaca/,recon_page,2026-05-02T22:58:31.510280
75,1,4,0,0,0,0,1,0,14,0,com,200,2,34796,1295.7849999999999,0,0,20,1,nginx,0,html,1,1,0,0,5,0,1,1,1,1,1,3,1,9,1,1,1,3,0,0,1,1,1,5,0,0,1,1,1,15,7,6,2,1,110,96,14,1,7,1,7,1,2,1,1,9,1,0,1,0,1,0,0,0,0,0,0,1,0,0,0,0,0,0,0,0,0,0,0,0,0,0,1.0,1.0,1.0,0,0,0,1,2,1,1,2,1,3,0,6,108,6,0,3,0,0,0,0,0,3.0,0.00043108403264743075,0.625,0.4885619036670882,0,,multi_full_20260502_195038_0001,2026-05-02T22:58:32.396019,https://www.sidefx.com/education/education-programs/list-of-schools/ut-hub/,https://www.sidefx.com/,False,https://www.sidefx.com/education/education-programs/list-of-schools/ut-hub/,https://www.sidefx.com/,https://www.sidefx.com/education/education-programs/list-of-schools/ut-hub/,recon_page,2026-05-02T22:58:32.402132
40,1,2,0,0,0,0,1,0,14,0,com,200,2,35188,293.72900000000004,0,0,20,1,nginx,0,html,1,1,0,0,5,0,1,1,1,1,1,3,1,9,1,1,1,3,0,0,1,1,1,5,0,0,1,1,1,15,7,6,2,1,110,96,14,1,7,1,7,1,2,1,1,9,1,0,1,0,1,0,0,0,0,0,0,1,0,0,0,0,0,0,0,0,0,0,0,0,0,0,1.0,1.0,1.0,0,0,0,1,2,1,1,2,1,3,0,6,108,6,0,3,0,0,0,0,0,3.0,0.00042628168693872913,0.625,0.4831192451972263,0,,multi_full_20260502_195038_0001,2026-05-02T22:58:59.484648,https://www.sidefx.com/schools/texas-am/,https://www.sidefx.com/,False,https://www.sidefx.com/schools/texas-am/,https://www.sidefx.com/,https://www.sidefx.com/schools/texas-am/,recon_page,2026-05-02T22:58:59.491543
51,1,2,0,0,0,0,1,0,14,0,com,200,2,35945,356.383,0,0,20,1,nginx,0,html,1,1,0,0,5,0,1,1,1,1,1,3,1,9,1,1,1,3,0,0,1,1,1,5,0,0,1,1,1,15,7,6,2,1,110,96,14,1,7,1,7,1,2,1,1,9,1,0,1,0,1,0,0,0,0,0,0,1,0,0,0,0,0,0,0,0,0,0,0,0,0,0,1.0,1.0,1.0,0,0,0,1,2,1,1,2,1,3,0,6,108,7,0,3,0,0,0,0,0,3.0,0.0004173042147725692,0.625,0.4729447767422451,0,,multi_full_20260502_195038_0001,2026-05-02T22:59:00.074512,https://www.sidefx.com/schools/rainbow-academy-srl/,https://www.sidefx.com/,False,https://www.sidefx.com/schools/rainbow-academy-srl/,https://www.sidefx.com/,https://www.sidefx.com/schools/rainbow-academy-srl/,recon_page,2026-05-02T22:59:00.079964
108,1,4,0,0,0,0,1,0,14,0,com,200,2,35352,632.3969999999999,0,0,20,1,nginx,0,html,1,1,0,0,5,0,1,1,1,1,1,3,1,9,1,1,1,3,0,0,1,1,1,5,0,0,1,1,1,15,7,6,2,1,110,96,14,1,7,1,7,1,2,1,1,9,1,0,1,0,1,0,0,0,0,0,0,1,0,0,0,0,0,0,0,0,0,0,0,0,0,0,1.0,1.0,1.0,0,0,0,1,2,1,1,2,1,3,0,6,108,6,0,3,0,0,0,0,0,3.0,0.0004243041412084182,0.625,0.480878026702874,0,,multi_full_20260502_195038_0001,2026-05-02T22:59:00.649327,https://www.sidefx.com/education/education-programs/list-of-schools/the-one-academy-of-communication-design/,https://www.sidefx.com/,False,https://www.sidefx.com/education/education-programs/list-of-schools/the-one-academy-of-communication-design/,https://www.sidefx.com/,https://www.sidefx.com/education/education-programs/list-of-schools/the-one-academy-of-communication-design/,recon_page,2026-05-02T22:59:00.657348
51,1,2,0,0,0,0,1,0,14,0,com,200,2,39140,332.708,0,0,20,1,nginx,0,html,1,1,0,0,5,0,1,1,1,1,1,3,1,9,1,1,1,3,0,0,1,1,1,5,0,0,1,1,1,15,7,6,2,1,112,96,16,1,8,1,7,1,2,1,1,9,1,0,1,0,1,0,0,0,0,0,0,1,0,0,0,0,0,0,0,0,0,0,0,0,0,0,1.0,1.0,1.0,0,0,0,1,2,1,1,2,1,3,0,6,110,7,0,3,0,0,0,0,0,3.0,0.0003832396525293817,0.625,0.43433827286663257,0,,multi_full_20260502_195038_0001,2026-05-02T22:59:01.004309,https://www.sidefx.com/schools/rising-sun-pictures/,https://www.sidefx.com/,False,https://www.sidefx.com/schools/rising-sun-pictures/,https://www.sidefx.com/,https://www.sidefx.com/schools/rising-sun-pictures/,recon_page,2026-05-02T22:59:01.008850
37,1,1,0,0,0,0,1,0,14,0,com,200,2,33824,292.662,0,0,20,1,nginx,0,html,1,1,0,0,5,0,1,1,1,1,1,3,1,9,1,1,1,3,0,0,1,1,1,5,0,0,1,1,1,15,7,6,2,1,110,96,14,1,7,1,7,1,2,1,1,9,1,0,1,0,1,0,0,0,0,0,0,1,0,0,0,0,0,0,0,0,0,0,0,0,0,0,1.0,1.0,1.0,0,0,0,1,2,1,1,2,1,3,0,6,108,6,0,3,0,0,0,0,0,3.0,0.00044347209082308423,0.625,0.5026017029328288,0,,multi_full_20260502_195038_0001,2026-05-02T22:59:01.273676,https://www.sidefx.com/sae-institute/,https://www.sidefx.com/,False,https://www.sidefx.com/sae-institute/,https://www.sidefx.com/,https://www.sidefx.com/sae-institute/,recon_page,2026-05-02T22:59:01.278134
36,1,1,0,0,0,0,1,0,14,0,com,200,2,34921,551.627,0,0,20,1,nginx,0,html,1,1,0,0,5,0,1,1,1,1,1,3,1,9,1,1,1,3,0,0,1,1,1,5,0,0,1,1,1,15,7,6,2,1,110,96,14,1,7,1,7,1,2,1,1,9,1,0,1,0,1,0,0,0,0,0,0,1,0,0,0,0,0,0,0,0,0,0,0,0,0,0,1.0,1.0,1.0,0,0,0,1,2,1,1,2,1,3,0,6,108,6,0,3,0,0,0,0,0,3.0,0.00042954096388992297,0.625,0.4868130924085794,0,,multi_full_20260502_195038_0001,2026-05-02T22:59:22.819658,https://www.sidefx.com/visual-magic/,https://www.sidefx.com/,False,https://www.sidefx.com/visual-magic/,https://www.sidefx.com/,https://www.sidefx.com/visual-magic/,recon_page,2026-05-02T22:59:22.823748
64,1,1,0,0,0,0,1,0,14,0,com,200,2,35214,1236.2359999999999,0,0,20,1,nginx,0,html,1,1,0,0,5,0,1,1,1,1,1,3,1,9,1,1,1,3,0,0,1,1,1,5,0,0,1,1,1,15,7,6,2,1,110,96,14,1,7,1,7,1,2,1,1,9,1,0,1,0,1,0,0,0,0,0,0,1,0,0,0,0,0,0,0,0,0,0,0,0,0,0,1.0,1.0,1.0,0,0,0,1,2,1,1,2,1,3,0,6,108,6,0,3,0,0,0,0,0,3.0,0.0004259669449650707,0.625,0.48276253762708016,0,,multi_full_20260502_195038_0001,2026-05-02T23:01:44.258978,https://www.sidefx.com/university-of-applied-sciences-darmstadt/,https://www.sidefx.com/,False,https://www.sidefx.com/university-of-applied-sciences-darmstadt/,https://www.sidefx.com/,https://www.sidefx.com/university-of-applied-sciences-darmstadt/,recon_page,2026-05-02T23:01:44.267880
42,1,1,0,0,0,0,1,0,14,0,com,200,2,34781,806.346,0,0,20,1,nginx,0,html,1,1,0,0,5,0,1,1,1,1,1,3,1,9,1,1,1,3,0,0,1,1,1,5,0,0,1,1,1,15,7,6,2,1,110,96,14,1,7,1,7,1,2,1,1,9,1,0,1,0,1,0,0,0,0,0,0,1,0,0,0,0,0,0,0,0,0,0,0,0,0,0,1.0,1.0,1.0,0,0,0,1,2,1,1,2,1,3,0,6,108,6,0,3,0,0,0,0,0,3.0,0.0004312699462350134,0.625,0.4887726057330152,0,,multi_full_20260502_195038_0001,2026-05-02T23:01:44.893892,https://www.sidefx.com/centennial-college/,https://www.sidefx.com/,False,https://www.sidefx.com/centennial-college/,https://www.sidefx.com/,https://www.sidefx.com/centennial-college/,recon_page,2026-05-02T23:01:44.910116
106,1,4,0,0,0,0,1,0,14,0,com,200,2,34271,1111.168,0,0,20,1,nginx,0,html,1,1,0,0,5,0,1,1,1,1,1,3,1,9,1,1,1,3,0,0,1,1,1,5,0,0,1,1,1,15,7,6,2,1,110,96,14,1,7,1,7,1,2,1,1,9,1,0,1,0,1,0,0,0,0,0,0,1,0,0,0,0,0,0,0,0,0,0,0,0,0,0,1.0,1.0,1.0,0,0,0,1,2,1,1,2,1,3,0,6,108,6,0,3,0,0,0,0,0,3.0,0.00043768784103177615,0.625,0.49604621983601294,0,,multi_full_20260502_195038_0001,2026-05-02T23:01:48.994636,https://www.sidefx.com/education/education-programs/list-of-schools/falmouth-university-school-of-film-tv/,https://www.sidefx.com/,False,https://www.sidefx.com/education/education-programs/list-of-schools/falmouth-university-school-of-film-tv/,https://www.sidefx.com/,https://www.sidefx.com/education/education-programs/list-of-schools/falmouth-university-school-of-film-tv/,recon_page,2026-05-02T23:01:49.001193
57,1,1,0,0,0,0,1,0,14,0,com,200,2,35498,288.863,0,0,20,1,nginx,0,html,1,1,0,0,5,0,1,1,1,1,1,3,1,9,1,1,1,3,0,0,1,1,1,5,0,0,1,1,1,15,7,6,2,1,114,96,18,1,7,1,7,1,2,1,1,9,1,0,1,0,1,0,0,0,0,0,0,1,0,0,0,0,0,0,0,0,0,0,0,0,0,0,1.0,1.0,1.0,0,0,0,1,2,1,1,2,1,3,0,6,112,9,0,3,0,0,0,0,0,3.0,0.0004225590174094315,0.625,0.4789002197306891,0,,multi_full_20260502_195038_0001,2026-05-02T23:02:24.446364,https://www.sidefx.com/victoria-university-of-wellington/,https://www.sidefx.com/,False,https://www.sidefx.com/victoria-university-of-wellington/,https://www.sidefx.com/,https://www.sidefx.com/victoria-university-of-wellington/,recon_page,2026-05-02T23:02:24.454195
51,1,2,0,0,0,0,1,0,14,0,com,200,2,34596,282.495,0,0,20,1,nginx,0,html,1,1,0,0,5,0,1,1,1,1,1,3,1,9,1,1,1,3,0,0,1,1,1,5,0,0,1,1,1,15,7,6,2,1,110,96,14,1,7,1,7,1,2,1,1,9,1,0,1,0,1,0,0,0,0,0,0,1,0,0,0,0,0,0,0,0,0,0,0,0,0,0,1.0,1.0,1.0,0,0,0,1,2,1,1,2,1,3,0,6,108,6,0,3,0,0,0,0,0,3.0,0.00043357613596947626,0.625,0.49138628743207313,0,,multi_full_20260502_195038_0001,2026-05-02T23:02:24.749304,https://www.sidefx.com/schools/university-of-derby/,https://www.sidefx.com/,False,https://www.sidefx.com/schools/university-of-derby/,https://www.sidefx.com/,https://www.sidefx.com/schools/university-of-derby/,recon_page,2026-05-02T23:02:24.757242
76,1,3,0,0,0,0,1,0,14,0,com,200,2,35839,468.252,0,0,20,1,nginx,0,html,1,1,0,0,5,0,1,1,1,1,1,3,1,9,1,1,1,3,0,0,1,1,1,5,0,0,1,1,1,15,7,6,2,1,110,96,14,1,7,1,7,1,2,1,1,9,1,0,1,0,1,0,0,0,0,0,0,1,0,0,0,0,0,0,0,0,0,0,0,0,0,0,1.0,1.0,1.0,0,0,0,1,2,1,1,2,1,3,0,6,108,6,0,3,0,0,0,0,0,3.0,0.00041853846368481264,0.625,0.474343592176121,0,,multi_full_20260502_195038_0001,2026-05-02T23:02:25.010710,https://www.sidefx.com/education/schools/savannah-college-of-art-and-design/,https://www.sidefx.com/,False,https://www.sidefx.com/education/schools/savannah-college-of-art-and-design/,https://www.sidefx.com/,https://www.sidefx.com/education/schools/savannah-college-of-art-and-design/,recon_page,2026-05-02T23:02:25.017458
51,1,1,0,0,0,0,1,0,14,0,com,200,2,33837,888.826,0,0,20,1,nginx,0,html,1,1,0,0,5,0,1,1,1,1,1,3,1,9,1,1,1,3,0,0,1,1,1,5,0,0,1,1,1,15,7,6,2,1,110,96,14,1,7,1,7,1,2,1,1,9,1,0,1,0,1,0,0,0,0,0,0,1,0,0,0,0,0,0,0,0,0,0,0,0,0,0,1.0,1.0,1.0,0,0,0,1,2,1,1,2,1,3,0,6,108,6,0,3,0,0,0,0,0,3.0,0.000443301711144605,0.625,0.5024086059638856,0,,multi_full_20260502_195038_0001,2026-05-02T23:02:25.303835,https://www.sidefx.com/college-de-bois-de-boulogne/,https://www.sidefx.com/,False,https://www.sidefx.com/college-de-bois-de-boulogne/,https://www.sidefx.com/,https://www.sidefx.com/college-de-bois-de-boulogne/,recon_page,2026-05-02T23:02:25.311353
107,1,4,0,0,0,0,1,0,14,0,com,200,2,34808,547.466,0,0,20,1,nginx,0,html,1,1,0,0,5,0,1,1,1,1,1,3,1,9,1,1,1,3,0,0,1,1,1,5,0,0,1,1,1,15,7,6,2,1,111,97,14,1,7,1,7,1,2,1,1,9,1,0,1,0,1,0,0,0,0,0,0,1,0,0,0,0,0,0,0,0,0,0,0,0,0,0,1.0,1.0,1.0,0,0,0,1,2,1,1,2,1,3,0,6,109,6,0,3,0,0,0,0,0,3.0,0.0004309354171454838,0.625,0.48839347276488165,0,,multi_full_20260502_195038_0001,2026-05-02T23:02:51.222777,https://www.sidefx.com/education/education-programs/list-of-schools/rubika-montreal-video-game-tech-artist/,https://www.sidefx.com/,False,https://www.sidefx.com/education/education-programs/list-of-schools/rubika-montreal-video-game-tech-artist/,https://www.sidefx.com/,https://www.sidefx.com/education/education-programs/list-of-schools/rubika-montreal-video-game-tech-artist/,recon_page,2026-05-02T23:02:51.280177
34,1,1,0,0,0,0,1,0,14,0,com,200,2,33663,342.306,0,0,20,1,nginx,0,html,1,1,0,0,5,0,1,1,1,1,1,3,1,9,1,1,1,3,0,0,1,1,1,5,0,0,1,1,1,15,7,6,2,1,110,96,14,1,7,1,7,1,2,1,1,9,1,0,1,0,1,0,0,0,0,0,0,1,0,0,0,0,0,0,0,0,0,0,0,0,0,0,1.0,1.0,1.0,0,0,0,1,2,1,1,2,1,3,0,6,108,6,0,3,0,0,0,0,0,3.0,0.0004455930843953302,0.625,0.505005495648041,0,,multi_full_20260502_195038_0001,2026-05-02T23:02:51.630679,https://www.sidefx.com/harsh-blue/,https://www.sidefx.com/,False,https://www.sidefx.com/harsh-blue/,https://www.sidefx.com/,https://www.sidefx.com/harsh-blue/,recon_page,2026-05-02T23:02:51.637145
58,1,1,0,0,0,0,1,0,14,0,com,200,2,33692,261.177,0,0,20,1,nginx,0,html,1,1,0,0,5,0,1,1,1,1,1,3,1,9,1,1,1,3,0,0,1,1,1,5,0,0,1,1,1,15,7,6,2,1,110,96,14,1,7,1,7,1,2,1,1,9,1,0,1,0,1,0,0,0,0,0,0,1,0,0,0,0,0,0,0,0,0,0,0,0,0,0,1.0,1.0,1.0,0,0,0,1,2,1,1,2,1,3,0,6,108,6,0,3,0,0,0,0,0,3.0,0.00044520954529265105,0.625,0.5045708179983379,0,,multi_full_20260502_195038_0001,2026-05-02T23:02:52.032853,https://www.sidefx.com/ringling-college-of-art-and-design/,https://www.sidefx.com/,False,https://www.sidefx.com/ringling-college-of-art-and-design/,https://www.sidefx.com/,https://www.sidefx.com/ringling-college-of-art-and-design/,recon_page,2026-05-02T23:02:52.036648
29,1,1,0,0,0,0,1,0,14,0,com,200,2,40698,362.47200000000004,0,0,20,1,nginx,0,html,1,1,0,0,5,0,1,1,1,1,1,3,1,9,1,1,1,3,0,0,1,1,1,5,0,0,1,1,1,15,7,6,2,1,110,96,14,1,7,1,7,1,2,1,1,9,1,0,1,0,1,0,0,0,0,0,0,1,0,0,0,0,0,0,0,0,0,0,0,0,0,0,1.0,1.0,1.0,0,0,0,1,2,1,1,2,1,3,0,6,108,6,0,3,0,0,0,0,0,3.0,0.00036856848002358837,0.625,0.4177109440267335,0,,multi_full_20260502_195038_0001,2026-05-02T23:02:52.324354,https://www.sidefx.com/artfx/,https://www.sidefx.com/,False,https://www.sidefx.com/artfx/,https://www.sidefx.com/,https://www.sidefx.com/artfx/,recon_page,2026-05-02T23:02:52.329846
87,1,4,0,0,0,0,1,0,14,0,com,200,2,36380,532.917,0,0,20,1,nginx,0,html,1,1,0,0,5,0,1,1,1,1,1,3,1,9,1,1,1,3,0,0,1,1,1,5,0,0,1,1,1,15,7,6,2,1,110,96,14,1,7,1,7,1,2,1,1,9,1,0,1,0,1,1,0,0,0,0,0,1,0,0,0,0,0,0,0,0,0,0,0,0,0,0,1.0,1.0,1.0,0,0,0,1,2,1,1,2,1,3,0,6,108,6,0,3,0,0,0,0,0,3.0,0.00041231445849367786,0.625,0.46728971962616817,0,,multi_full_20260502_195038_0001,2026-05-02T23:02:52.621115,https://www.sidefx.com/education/education-programs/list-of-schools/chapman-university/,https://www.sidefx.com/,False,https://www.sidefx.com/education/education-programs/list-of-schools/chapman-university/,https://www.sidefx.com/,https://www.sidefx.com/education/education-programs/list-of-schools/chapman-university/,recon_page,2026-05-02T23:02:52.627344
30,1,1,0,0,0,0,1,0,14,0,com,200,2,35480,1185.697,0,0,20,1,nginx,0,html,1,1,0,0,5,0,1,1,1,1,1,3,1,9,1,1,1,3,0,0,1,1,1,5,0,0,1,1,1,15,7,6,2,1,110,96,14,1,7,1,7,1,2,1,1,9,1,0,1,0,1,0,0,0,0,0,0,1,0,0,0,0,0,0,0,0,0,0,0,0,0,0,1.0,1.0,1.0,0,0,0,1,2,1,1,2,1,3,0,6,108,6,0,3,0,0,0,0,0,3.0,0.00042277339346110483,0.625,0.47914317925591887,0,,multi_full_20260502_195038_0001,2026-05-02T23:05:18.581980,https://www.sidefx.com/drexel/,https://www.sidefx.com/,False,https://www.sidefx.com/drexel/,https://www.sidefx.com/,https://www.sidefx.com/drexel/,recon_page,2026-05-02T23:05:18.606413
50,1,1,0,0,0,0,1,0,14,0,com,200,2,34187,292.98600000000005,0,0,20,1,nginx,0,html,1,1,0,0,5,0,1,1,1,1,1,3,1,9,1,1,1,3,0,0,1,1,1,5,0,0,1,1,1,15,7,6,2,1,110,96,14,1,7,1,7,1,2,1,1,9,1,0,1,0,1,0,0,0,0,0,0,1,0,0,0,0,0,0,0,0,0,0,0,0,0,0,1.0,1.0,1.0,0,0,0,1,2,1,1,2,1,3,0,6,108,6,0,3,0,0,0,0,0,3.0,0.0004387632725889958,0.625,0.4972650422675286,0,,multi_full_20260502_195038_0001,2026-05-02T23:05:57.778701,https://www.sidefx.com/ecole-des-nouvelles-images/,https://www.sidefx.com/,False,https://www.sidefx.com/ecole-des-nouvelles-images/,https://www.sidefx.com/,https://www.sidefx.com/ecole-des-nouvelles-images/,recon_page,2026-05-02T23:05:57.784793
106,1,4,0,0,0,0,1,0,14,0,com,200,2,36358,499.585,0,0,20,1,nginx,0,html,1,1,0,0,5,0,1,1,1,1,1,3,1,9,1,1,1,3,0,0,1,1,1,5,0,0,1,1,1,15,7,6,2,1,110,96,14,1,7,1,7,1,2,1,1,9,1,0,1,0,1,0,0,0,0,0,0,1,0,0,0,0,0,0,0,0,0,0,0,0,0,0,1.0,1.0,1.0,0,0,0,1,2,1,1,2,1,3,0,6,108,7,0,3,0,0,0,0,0,3.0,0.00041256394741184886,0.625,0.4675724737334287,0,,multi_full_20260502_195038_0001,2026-05-02T23:05:59.507673,https://www.sidefx.com/education/education-programs/list-of-schools/istituto-europeo-di-design-sbpa-milan/,https://www.sidefx.com/,False,https://www.sidefx.com/education/education-programs/list-of-schools/istituto-europeo-di-design-sbpa-milan/,https://www.sidefx.com/,https://www.sidefx.com/education/education-programs/list-of-schools/istituto-europeo-di-design-sbpa-milan/,recon_page,2026-05-02T23:05:59.512233
43,1,1,0,0,0,0,1,0,14,0,com,200,2,34496,831.4169999999999,0,0,20,1,nginx,0,html,1,1,0,0,5,0,1,1,1,1,1,3,1,9,1,1,1,3,0,0,1,1,1,5,0,0,1,1,1,15,7,6,2,1,110,96,14,1,7,1,7,1,2,1,1,9,1,0,1,0,1,0,0,0,0,0,0,1,0,0,0,0,0,0,0,0,0,0,0,0,0,0,1.0,1.0,1.0,0,0,0,1,2,1,1,2,1,3,0,6,108,6,0,3,0,0,0,0,0,3.0,0.0004348330241187384,0.625,0.49281076066790347,0,,multi_full_20260502_195038_0001,2026-05-02T23:05:59.810748,https://www.sidefx.com/teesside-university/,https://www.sidefx.com/,False,https://www.sidefx.com/teesside-university/,https://www.sidefx.com/,https://www.sidefx.com/teesside-university/,recon_page,2026-05-02T23:05:59.828329
36,1,1,0,0,0,0,1,0,14,0,com,200,2,35112,1035.85,0,0,20,1,nginx,0,html,1,1,0,0,5,0,1,1,1,1,1,3,1,9,1,1,1,3,0,0,1,1,1,5,0,0,1,1,1,15,7,6,2,1,111,97,14,1,7,1,7,1,2,1,1,9,1,0,1,0,1,0,0,0,0,0,0,1,0,0,0,0,0,0,0,0,0,0,0,0,0,0,1.0,1.0,1.0,0,0,0,1,2,1,1,2,1,3,0,6,109,6,0,3,0,0,0,0,0,3.0,0.0004272043745727956,0.625,0.48416495784916835,0,,multi_full_20260502_195038_0001,2026-05-02T23:05:59.828089,https://www.sidefx.com/voxel-school/,https://www.sidefx.com/,False,https://www.sidefx.com/voxel-school/,https://www.sidefx.com/,https://www.sidefx.com/voxel-school/,recon_page,2026-05-02T23:05:59.833756
79,1,4,0,0,0,0,1,0,14,0,com,200,2,36928,1024.982,0,0,20,1,nginx,0,html,1,1,0,0,5,0,1,1,1,1,1,3,1,9,1,1,1,3,0,0,1,1,1,5,0,0,1,1,1,15,7,6,2,1,114,97,17,1,7,1,7,1,2,1,1,9,1,0,1,0,1,0,0,0,0,0,0,1,0,0,0,0,0,0,0,0,0,0,0,0,0,0,1.0,1.0,1.0,0,0,0,1,2,1,1,2,1,3,0,6,112,6,0,3,0,0,0,0,0,3.0,0.0004061958405545927,0.625,0.4603552859618718,0,,multi_full_20260502_195038_0001,2026-05-02T23:06:00.364623,https://www.sidefx.com/education/education-programs/list-of-schools/radiance60/,https://www.sidefx.com/,False,https://www.sidefx.com/education/education-programs/list-of-schools/radiance60/,https://www.sidefx.com/,https://www.sidefx.com/education/education-programs/list-of-schools/radiance60/,recon_page,2026-05-02T23:06:00.370750
63,1,1,0,0,0,0,1,0,14,0,com,200,2,34254,263.84200000000004,0,0,20,1,nginx,0,html,1,1,0,0,5,0,1,1,1,1,1,3,1,9,1,1,1,3,0,0,1,1,1,5,0,0,1,1,1,15,7,6,2,1,110,96,14,1,7,1,7,1,2,1,1,9,1,0,1,0,1,0,0,0,0,0,0,1,0,0,0,0,0,0,0,0,0,0,0,0,0,0,1.0,1.0,1.0,0,0,0,1,2,1,1,2,1,3,0,6,108,6,0,3,0,0,0,0,0,3.0,0.00043790506218251883,0.625,0.4962924038068547,0,,multi_full_20260502_195038_0001,2026-05-02T23:06:29.621250,https://www.sidefx.com/fundacion-instituto-profesional-duoc-uc/,https://www.sidefx.com/,False,https://www.sidefx.com/fundacion-instituto-profesional-duoc-uc/,https://www.sidefx.com/,https://www.sidefx.com/fundacion-instituto-profesional-duoc-uc/,recon_page,2026-05-02T23:06:29.626216
95,1,4,0,0,0,0,1,0,14,0,com,200,2,34359,502.83900000000006,0,0,20,1,nginx,0,html,1,1,0,0,5,0,1,1,1,1,1,3,1,9,1,1,1,3,0,0,1,1,1,5,0,0,1,1,1,15,7,6,2,1,110,96,14,1,7,1,7,1,2,1,1,9,1,0,1,0,1,0,0,0,0,0,0,1,0,0,0,0,0,0,0,0,0,0,0,0,0,0,1.0,1.0,1.0,0,0,0,1,2,1,1,2,1,3,0,6,108,6,0,3,0,0,0,0,0,3.0,0.0004365668383829564,0.625,0.4947757501673506,0,,multi_full_20260502_195038_0001,2026-05-02T23:06:30.096958,https://www.sidefx.com/education/education-programs/list-of-schools/prairie-view-am-university/,https://www.sidefx.com/,False,https://www.sidefx.com/education/education-programs/list-of-schools/prairie-view-am-university/,https://www.sidefx.com/,https://www.sidefx.com/education/education-programs/list-of-schools/prairie-view-am-university/,recon_page,2026-05-02T23:06:30.105275
55,1,1,0,0,0,0,1,0,14,0,com,200,2,34578,307.062,0,0,20,1,nginx,0,html,1,1,0,0,5,0,1,1,1,1,1,3,1,9,1,1,1,3,0,0,1,1,1,5,0,0,1,1,1,15,7,6,2,1,110,96,14,1,7,1,7,1,2,1,1,9,1,0,1,0,1,0,0,0,0,0,0,1,0,0,0,0,0,0,0,0,0,0,0,0,0,0,1.0,1.0,1.0,0,0,0,1,2,1,1,2,1,3,0,6,108,6,0,3,0,0,0,0,0,3.0,0.0004338018393197987,0.625,0.4916420845624385,0,,multi_full_20260502_195038_0001,2026-05-02T23:06:30.426127,https://www.sidefx.com/filmakademie-baden-wuerttemberg/,https://www.sidefx.com/,False,https://www.sidefx.com/filmakademie-baden-wuerttemberg/,https://www.sidefx.com/,https://www.sidefx.com/filmakademie-baden-wuerttemberg/,recon_page,2026-05-02T23:06:30.432840
38,1,1,0,0,0,0,1,0,14,0,com,200,2,34185,291.766,0,0,20,1,nginx,0,html,1,1,0,0,5,0,1,1,1,1,1,3,1,9,1,1,1,3,0,0,1,1,1,5,0,0,1,1,1,15,7,6,2,1,110,96,14,1,7,1,7,1,2,1,1,9,1,0,1,0,1,0,0,0,0,0,0,1,0,0,0,0,0,0,0,0,0,0,0,0,0,0,1.0,1.0,1.0,0,0,0,1,2,1,1,2,1,3,0,6,108,6,0,3,0,0,0,0,0,3.0,0.00043878894251864854,0.625,0.49729413485446833,0,,multi_full_20260502_195038_0001,2026-05-02T23:06:31.038031,https://www.sidefx.com/escape-studios/,https://www.sidefx.com/,False,https://www.sidefx.com/escape-studios/,https://www.sidefx.com/,https://www.sidefx.com/escape-studios/,recon_page,2026-05-02T23:06:31.043292
74,1,4,0,0,0,0,1,0,14,0,com,200,2,34033,488.39700000000005,0,0,20,1,nginx,0,html,1,1,0,0,5,0,1,1,1,1,1,3,1,9,1,1,1,3,0,0,1,1,1,5,0,0,1,1,1,15,7,6,2,1,110,96,14,1,7,1,7,1,2,1,1,9,1,0,1,0,1,0,0,0,0,0,0,1,0,0,0,0,0,0,0,0,0,0,0,0,0,0,1.0,1.0,1.0,0,0,0,1,2,1,1,2,1,3,0,6,108,6,0,3,0,0,0,0,0,3.0,0.00044074868509975614,0.625,0.49951517644639026,0,,multi_full_20260502_195038_0001,2026-05-02T23:06:31.346136,https://www.sidefx.com/education/education-programs/list-of-schools/lidem/,https://www.sidefx.com/,False,https://www.sidefx.com/education/education-programs/list-of-schools/lidem/,https://www.sidefx.com/,https://www.sidefx.com/education/education-programs/list-of-schools/lidem/,recon_page,2026-05-02T23:06:31.351387
44,1,2,0,0,0,0,1,0,14,0,com,200,2,34926,826.072,0,0,20,1,nginx,0,html,1,1,0,0,5,0,1,1,1,1,1,3,1,9,1,1,1,3,0,0,1,1,1,5,0,0,1,1,1,15,7,6,2,1,110,96,14,1,7,1,7,1,2,1,1,9,1,0,1,0,1,0,0,0,0,0,0,1,0,0,0,0,0,0,0,0,0,0,0,0,0,0,1.0,1.0,1.0,0,0,0,1,2,1,1,2,1,3,0,6,108,6,0,3,0,0,0,0,0,3.0,0.0004294794708812919,0.625,0.48674340033213076,0,,multi_full_20260502_195038_0001,2026-05-02T23:06:32.035432,https://www.sidefx.com/schools/thevfxmentor/,https://www.sidefx.com/,False,https://www.sidefx.com/schools/thevfxmentor/,https://www.sidefx.com/,https://www.sidefx.com/schools/thevfxmentor/,recon_page,2026-05-02T23:06:32.040066
81,1,4,0,0,0,0,1,0,14,0,com,200,2,34561,1385.632,0,0,20,1,nginx,0,html,1,1,0,0,5,0,1,1,1,1,1,3,1,9,1,1,1,3,0,0,1,1,1,5,0,0,1,1,1,15,7,6,2,1,110,96,14,1,7,1,7,1,2,1,1,9,1,0,1,0,1,0,0,0,0,0,0,1,0,0,0,0,0,0,0,0,0,0,0,0,0,0,1.0,1.0,1.0,0,0,0,1,2,1,1,2,1,3,0,6,108,6,0,3,0,0,0,0,0,3.0,0.0004340152194670293,0.625,0.49188391539596654,0,,multi_full_20260502_195038_0001,2026-05-02T23:08:55.450815,https://www.sidefx.com/education/education-programs/list-of-schools/side-academy/,https://www.sidefx.com/,False,https://www.sidefx.com/education/education-programs/list-of-schools/side-academy/,https://www.sidefx.com/,https://www.sidefx.com/education/education-programs/list-of-schools/side-academy/,recon_page,2026-05-02T23:08:55.461091
45,1,2,0,0,0,0,1,0,14,0,com,200,2,33292,283.618,0,0,20,1,nginx,0,html,1,1,0,0,5,0,1,1,1,1,1,3,1,9,1,1,1,3,0,0,1,1,1,5,0,0,1,1,1,15,7,6,2,1,110,96,14,1,7,1,7,1,2,1,1,9,1,0,1,0,1,0,0,0,0,0,0,1,0,0,0,0,0,0,0,0,0,0,0,0,0,0,1.0,1.0,1.0,0,0,0,1,2,1,1,2,1,3,0,6,108,6,0,3,0,0,0,0,0,3.0,0.00045055869277904604,0.625,0.5106331851495854,0,,multi_full_20260502_195038_0001,2026-05-02T23:09:33.054913,https://www.sidefx.com/schools/pragmatic-vfx/,https://www.sidefx.com/,False,https://www.sidefx.com/schools/pragmatic-vfx/,https://www.sidefx.com/,https://www.sidefx.com/schools/pragmatic-vfx/,recon_page,2026-05-02T23:09:33.066454
44,1,1,0,0,0,0,1,0,14,0,com,200,2,35042,323.032,0,0,20,1,nginx,0,html,1,1,0,0,5,0,1,1,1,1,1,3,1,9,1,1,1,3,0,0,1,1,1,5,0,0,1,1,1,15,7,6,2,1,110,96,14,1,7,1,7,1,2,1,1,9,1,0,1,0,1,0,0,0,0,0,0,1,0,0,0,0,0,0,0,0,0,0,0,0,0,0,1.0,1.0,1.0,0,0,0,1,2,1,1,2,1,3,0,6,108,6,0,3,0,0,0,0,0,3.0,0.0004280577592603162,0.625,0.4851321271616917,0,,multi_full_20260502_195038_0001,2026-05-02T23:09:33.850179,https://www.sidefx.com/george-brown-college/,https://www.sidefx.com/,False,https://www.sidefx.com/george-brown-college/,https://www.sidefx.com/,https://www.sidefx.com/george-brown-college/,recon_page,2026-05-02T23:09:33.856272
46,1,1,0,0,0,0,1,0,14,0,com,200,2,34157,1136.529,0,0,20,1,nginx,0,html,1,1,0,0,5,0,1,1,1,1,1,3,1,9,1,1,1,3,0,0,1,1,1,5,0,0,1,1,1,15,7,6,2,1,110,96,14,1,9,1,7,1,2,1,1,9,1,0,1,0,1,0,0,0,0,0,0,1,0,0,0,0,0,0,0,0,0,0,0,0,0,0,1.0,1.0,1.0,0,0,0,1,2,1,1,2,1,3,0,6,108,6,0,3,0,0,0,0,0,3.0,0.000439148637175396,0.625,0.49770178879878213,0,,multi_full_20260502_195038_0001,2026-05-02T23:09:34.703806,https://www.sidefx.com/nihon-kogakuin-college/,https://www.sidefx.com/,False,https://www.sidefx.com/nihon-kogakuin-college/,https://www.sidefx.com/,https://www.sidefx.com/nihon-kogakuin-college/,recon_page,2026-05-02T23:09:34.710154
42,1,2,0,0,0,0,1,0,14,0,com,200,2,34532,308.61899999999997,0,0,20,1,nginx,0,html,1,1,0,0,5,0,1,1,1,1,1,3,1,9,1,1,1,3,0,0,1,1,1,5,0,0,1,1,1,15,7,6,2,1,110,96,14,1,7,1,7,1,2,1,1,9,1,0,1,0,1,0,0,0,0,0,0,1,0,0,0,0,0,0,0,0,0,0,0,0,0,0,1.0,1.0,1.0,0,0,0,1,2,1,1,2,1,3,0,6,108,6,0,3,0,0,0,0,0,3.0,0.00043437970578014595,0.625,0.4922969998841655,0,,multi_full_20260502_195038_0001,2026-05-02T23:10:09.004644,https://www.sidefx.com/schools/campus-vfx/,https://www.sidefx.com/,False,https://www.sidefx.com/schools/campus-vfx/,https://www.sidefx.com/,https://www.sidefx.com/schools/campus-vfx/,recon_page,2026-05-02T23:10:09.012133
48,1,1,0,0,0,0,1,0,14,0,com,200,2,33699,530.9970000000001,0,0,20,1,nginx,0,html,1,1,0,0,5,0,1,1,1,1,1,3,1,9,1,1,1,3,0,0,1,1,1,5,0,0,1,1,1,15,7,6,2,1,110,96,14,1,7,1,7,1,2,1,1,9,1,0,1,0,1,0,0,0,0,0,0,1,0,0,0,0,0,0,0,0,0,0,0,0,0,0,1.0,1.0,1.0,0,0,0,1,2,1,1,2,1,3,0,6,108,6,0,3,0,0,0,0,0,3.0,0.0004451170657883023,0.625,0.5044660078934093,0,,multi_full_20260502_195038_0001,2026-05-02T23:10:09.559398,https://www.sidefx.com/staffordshire-university/,https://www.sidefx.com/,False,https://www.sidefx.com/staffordshire-university/,https://www.sidefx.com/,https://www.sidefx.com/staffordshire-university/,recon_page,2026-05-02T23:10:09.568365
54,1,2,0,0,0,0,1,0,14,0,com,200,2,33743,319.745,0,0,20,1,nginx,0,html,1,1,0,0,5,0,1,1,1,1,1,3,1,9,1,1,1,3,0,0,1,1,1,5,0,0,1,1,1,15,7,6,2,1,110,96,14,1,7,1,7,1,2,1,1,9,1,0,1,0,1,0,0,0,0,0,0,1,0,0,0,0,0,0,0,0,0,0,0,0,0,0,1.0,1.0,1.0,0,0,0,1,2,1,1,2,1,3,0,6,108,6,0,3,0,0,0,0,0,3.0,0.00044453664463740627,0.625,0.5038081972557271,0,,multi_full_20260502_195038_0001,2026-05-02T23:10:09.850923,https://www.sidefx.com/schools/video-design-formation/,https://www.sidefx.com/,False,https://www.sidefx.com/schools/video-design-formation/,https://www.sidefx.com/,https://www.sidefx.com/schools/video-design-formation/,recon_page,2026-05-02T23:10:09.857956
75,1,3,0,0,0,0,1,0,14,0,com,200,2,41345,542.169,0,0,20,1,nginx,0,html,1,1,0,0,5,0,1,1,1,1,1,3,1,9,1,1,1,3,0,0,1,1,1,5,0,0,1,1,1,15,7,6,2,1,112,96,16,1,11,1,7,1,2,1,1,9,1,0,1,0,1,0,0,0,0,0,1,1,0,0,0,0,0,0,0,0,0,0,0,0,0,0,1.0,1.0,1.0,0,0,0,1,2,1,1,2,1,3,0,6,110,7,0,3,0,0,0,0,0,3.0,0.00036280082234853067,0.625,0.41117426532833473,0,,multi_full_20260502_195038_0001,2026-05-02T23:10:10.320987,https://www.sidefx.com/education/schools/lost-boys-school-of-vfx-vancouver/,https://www.sidefx.com/,False,https://www.sidefx.com/education/schools/lost-boys-school-of-vfx-vancouver/,https://www.sidefx.com/,https://www.sidefx.com/education/schools/lost-boys-school-of-vfx-vancouver/,recon_page,2026-05-02T23:10:10.327542
37,1,1,0,0,0,0,1,0,14,0,com,200,2,33970,334.929,0,0,20,1,nginx,0,html,1,1,0,0,5,0,1,1,1,1,1,3,1,9,1,1,1,3,0,0,1,1,1,5,0,0,1,1,1,15,7,6,2,1,111,97,14,1,7,1,7,1,2,1,1,9,1,0,1,0,1,0,0,0,0,0,0,1,0,0,0,0,0,0,0,0,0,0,0,0,0,0,1.0,1.0,1.0,0,0,0,1,2,1,1,2,1,3,0,6,109,6,0,3,0,0,0,0,0,3.0,0.00044156608772446274,0.625,0.5004415660877245,0,,multi_full_20260502_195038_0001,2026-05-02T23:10:10.598102,https://www.sidefx.com/houdinischool/,https://www.sidefx.com/,False,https://www.sidefx.com/houdinischool/,https://www.sidefx.com/,https://www.sidefx.com/houdinischool/,recon_page,2026-05-02T23:10:10.605387
49,1,2,0,0,0,0,1,0,14,0,com,200,2,34285,1041.216,0,0,20,1,nginx,0,html,1,1,0,0,5,0,1,1,1,1,1,3,1,9,1,1,1,3,0,0,1,1,1,5,0,0,1,1,1,15,7,6,2,1,110,96,14,1,7,1,7,1,2,1,1,9,1,0,1,0,1,0,0,0,0,0,0,1,0,0,0,0,0,0,0,0,0,0,0,0,0,0,1.0,1.0,1.0,0,0,0,1,2,1,1,2,1,3,0,6,108,6,0,3,0,0,0,0,0,3.0,0.00043750911477322444,0.625,0.4958436634096544,0,,multi_full_20260502_195038_0001,2026-05-02T23:10:11.691166,https://www.sidefx.com/schools/the-game-assembly/,https://www.sidefx.com/,False,https://www.sidefx.com/schools/the-game-assembly/,https://www.sidefx.com/,https://www.sidefx.com/schools/the-game-assembly/,recon_page,2026-05-02T23:10:11.695353
44,1,2,0,0,0,0,1,0,14,0,com,200,2,35624,323.75399999999996,0,0,20,1,nginx,0,html,1,1,0,0,5,0,1,1,1,1,1,3,1,9,1,1,1,3,0,0,1,1,1,5,0,0,1,1,1,15,7,6,2,1,110,96,14,1,7,1,7,1,2,1,1,9,1,0,1,0,1,0,0,0,0,0,0,1,0,0,0,0,0,0,0,0,0,0,0,0,0,0,1.0,1.0,1.0,0,0,0,1,2,1,1,2,1,3,0,6,108,6,0,3,0,0,0,0,0,3.0,0.00042106445093195597,0.625,0.47720637772288343,0,,multi_full_20260502_195038_0001,2026-05-02T23:10:11.940648,https://www.sidefx.com/schools/nad-montreal/,https://www.sidefx.com/,False,https://www.sidefx.com/schools/nad-montreal/,https://www.sidefx.com/,https://www.sidefx.com/schools/nad-montreal/,recon_page,2026-05-02T23:10:11.944736
57,1,2,1,1,0,0,1,0,14,0,com,200,2,54318,968.315,0,0,20,1,ATS,0,html,1,1,0,1,7,1,1,1,1,1,0,0,0,0,0,0,0,0,0,0,0,0,0,0,0,0,0,0,1,38,14,0,24,1,14,0,14,0,0,1,7,1,6,1,1,4,1,0,0,0,0,0,0,0,0,0,0,1,0,0,0,0,0,0,0,0,0,0,0,0,0,0,1.0,1.0,0.0,0,0,0,0,0,0,0,0,0,0,0,0,36,0,0,0,0,0,0,0,0,0.0,0.000699583931661696,0.875,0.0,0,,multi_full_20260502_195038_0001,2026-05-02T23:10:12.472970,https://www.sidefx.com/login/yahoo-oauth2/?next=/schools/,https://www.sidefx.com/,False,https://www.sidefx.com/login/yahoo-oauth2/?next=/schools/,https://www.sidefx.com/,https://www.sidefx.com/login/yahoo-oauth2/?next=/schools/,recon_page,2026-05-02T23:10:12.477104
65,1,2,0,0,0,0,1,0,14,0,com,200,2,35100,965.465,0,0,20,1,nginx,0,html,1,1,0,0,5,0,1,1,1,1,1,3,1,9,1,1,1,3,0,0,1,1,1,5,0,0,1,1,1,15,7,6,2,1,110,96,14,1,7,1,7,1,2,1,1,9,1,0,1,0,1,0,0,0,0,0,0,1,0,0,0,0,0,0,0,0,0,0,0,0,0,0,1.0,1.0,1.0,0,0,0,1,2,1,1,2,1,3,0,6,108,6,0,3,0,0,0,0,0,3.0,0.00042735042735042735,0.625,0.4843304843304843,0,,multi_full_20260502_195038_0001,2026-05-02T23:12:37.767990,https://www.sidefx.com/schools/vancouver-institute-of-media-arts/,https://www.sidefx.com/,False,https://www.sidefx.com/schools/vancouver-institute-of-media-arts/,https://www.sidefx.com/,https://www.sidefx.com/schools/vancouver-institute-of-media-arts/,recon_page,2026-05-02T23:12:37.776782
40,1,1,0,0,0,0,1,0,14,0,com,200,2,37823,835.382,0,0,20,1,nginx,0,html,1,1,0,0,5,0,1,1,1,1,1,3,1,9,1,1,1,3,0,0,1,1,1,5,0,0,1,1,1,15,7,6,2,1,110,96,14,1,7,1,7,1,2,1,1,9,1,0,1,0,1,0,0,0,0,0,0,1,0,0,0,0,0,0,0,0,0,0,0,0,0,0,1.0,1.0,1.0,0,0,0,1,2,1,1,2,1,3,0,6,108,6,0,3,0,0,0,0,0,3.0,0.00039658408904634745,0.625,0.44946196758586043,0,,multi_full_20260502_195038_0001,2026-05-02T23:12:38.488625,https://www.sidefx.com/helha-cg-academy/,https://www.sidefx.com/,False,https://www.sidefx.com/helha-cg-academy/,https://www.sidefx.com/,https://www.sidefx.com/helha-cg-academy/,recon_page,2026-05-02T23:12:38.493894
57,1,1,0,0,0,0,1,0,14,0,com,200,2,35704,369.241,0,0,20,1,nginx,0,html,1,1,0,0,5,0,1,1,1,1,1,3,1,9,1,1,1,3,0,0,1,1,1,5,0,0,1,1,1,15,7,6,2,1,111,97,14,1,7,1,7,1,2,1,1,9,1,0,1,0,1,0,0,0,0,0,0,1,0,0,0,0,0,0,0,0,0,0,0,0,0,0,1.0,1.0,1.0,0,0,0,1,2,1,1,2,1,3,0,6,109,6,0,3,0,0,0,0,0,3.0,0.0004201209948465158,0.625,0.4761371274927179,0,,multi_full_20260502_195038_0001,2026-05-02T23:13:16.158733,https://www.sidefx.com/the-university-of-texas-at-dallas/,https://www.sidefx.com/,False,https://www.sidefx.com/the-university-of-texas-at-dallas/,https://www.sidefx.com/,https://www.sidefx.com/the-university-of-texas-at-dallas/,recon_page,2026-05-02T23:13:16.167802
61,1,2,0,0,0,0,1,0,14,0,com,200,2,35524,473.599,0,0,20,1,nginx,0,html,1,1,0,0,5,0,1,1,1,1,1,3,1,9,1,1,1,3,0,0,1,1,1,5,0,0,1,1,1,15,7,6,2,1,110,96,14,1,7,1,7,1,2,1,1,9,1,0,1,0,1,0,0,0,0,0,0,1,0,0,0,0,0,0,0,0,0,0,0,0,0,0,1.0,1.0,1.0,0,0,0,1,2,1,1,2,1,3,0,6,108,6,0,3,0,0,0,0,0,3.0,0.000422249746650152,0.625,0.4785497128701723,0,,multi_full_20260502_195038_0001,2026-05-02T23:13:18.169408,https://www.sidefx.com/schools/nanyang-polytechnic-singapore/,https://www.sidefx.com/,False,https://www.sidefx.com/schools/nanyang-polytechnic-singapore/,https://www.sidefx.com/,https://www.sidefx.com/schools/nanyang-polytechnic-singapore/,recon_page,2026-05-02T23:13:18.178150
87,1,3,0,0,0,0,1,0,14,0,com,200,2,35797,566.157,0,0,20,1,nginx,0,html,1,1,0,0,5,0,1,1,1,1,1,3,1,9,1,1,1,3,0,0,1,1,1,5,0,0,1,1,1,15,7,6,2,1,110,96,14,1,7,1,7,1,2,1,1,9,1,0,1,0,1,0,0,0,0,0,0,1,0,0,0,0,0,0,0,0,0,0,0,0,0,0,1.0,1.0,1.0,0,0,0,1,2,1,1,2,1,3,0,6,108,6,0,3,0,0,0,0,0,3.0,0.0004190295276140459,0.625,0.4749001312959187,0,,multi_full_20260502_195038_0001,2026-05-02T23:13:46.095735,https://www.sidefx.com/education/schools/brigham-young-university-center-for-animation/,https://www.sidefx.com/,False,https://www.sidefx.com/education/schools/brigham-young-university-center-for-animation/,https://www.sidefx.com/,https://www.sidefx.com/education/schools/brigham-young-university-center-for-animation/,recon_page,2026-05-02T23:13:46.101209
68,1,2,0,0,0,0,1,0,14,0,com,200,2,36083,1015.913,0,0,20,1,nginx,0,html,1,1,0,0,5,0,1,1,1,1,1,3,1,9,1,1,1,3,0,0,1,1,1,5,0,0,1,1,1,15,7,6,2,1,112,96,16,1,7,1,7,1,2,1,1,9,1,0,1,0,1,0,0,0,0,0,0,1,0,0,0,0,0,0,0,0,0,0,0,0,0,0,1.0,1.0,1.0,0,0,0,1,2,1,1,2,1,3,0,6,110,6,0,3,0,0,0,0,0,3.0,0.0004157082282515312,0.625,0.47113599201840206,0,,multi_full_20260502_195038_0001,2026-05-02T23:13:46.736186,https://www.sidefx.com/schools/breda-university-of-applied-sciences/,https://www.sidefx.com/,False,https://www.sidefx.com/schools/breda-university-of-applied-sciences/,https://www.sidefx.com/,https://www.sidefx.com/schools/breda-university-of-applied-sciences/,recon_page,2026-05-02T23:13:46.742810
60,1,2,0,0,0,0,1,0,14,0,com,200,2,35236,572.923,0,0,20,1,nginx,0,html,1,1,0,0,5,0,1,1,1,1,1,3,1,9,1,1,1,3,0,0,1,1,1,5,0,0,1,1,1,15,7,6,2,1,110,96,14,1,7,1,7,1,2,1,1,9,1,0,1,0,1,0,0,0,0,0,0,1,0,0,0,0,0,0,0,0,0,0,0,0,0,0,1.0,1.0,1.0,0,0,0,1,2,1,1,2,1,3,0,6,108,6,0,3,0,0,0,0,0,3.0,0.0004257009876262913,0.625,0.48246111930979685,0,,multi_full_20260502_195038_0001,2026-05-02T23:13:47.020807,https://www.sidefx.com/schools/pixl-visn-media-arts-academy/,https://www.sidefx.com/,False,https://www.sidefx.com/schools/pixl-visn-media-arts-academy/,https://www.sidefx.com/,https://www.sidefx.com/schools/pixl-visn-media-arts-academy/,recon_page,2026-05-02T23:13:47.028644
54,1,1,0,0,0,0,1,0,14,0,com,200,2,35224,779.975,0,0,20,1,nginx,0,html,1,1,0,0,5,0,1,1,1,1,1,3,1,9,1,1,1,3,0,0,1,1,1,5,0,0,1,1,1,15,7,6,2,1,110,96,14,1,7,1,7,1,2,1,1,9,1,0,1,0,1,0,0,0,0,0,0,1,0,0,0,0,0,0,0,0,0,0,0,0,0,0,1.0,1.0,1.0,0,0,0,1,2,1,1,2,1,3,0,6,108,6,0,3,0,0,0,0,0,3.0,0.0004258460140813082,0.625,0.48262548262548266,0,,multi_full_20260502_195038_0001,2026-05-02T23:13:47.287388,https://www.sidefx.com/otis-college-of-art-and-design/,https://www.sidefx.com/,False,https://www.sidefx.com/otis-college-of-art-and-design/,https://www.sidefx.com/,https://www.sidefx.com/otis-college-of-art-and-design/,recon_page,2026-05-02T23:13:47.293246
100,1,4,0,0,0,0,1,0,14,0,com,200,2,34512,294.901,0,0,20,1,nginx,0,html,1,1,0,0,5,0,1,1,1,1,1,3,1,9,1,1,1,3,0,0,1,1,1,5,0,0,1,1,1,15,7,6,2,1,110,96,14,1,7,1,7,1,2,1,1,9,1,0,1,0,1,0,0,0,0,0,0,1,0,0,0,0,0,0,0,0,0,0,0,0,0,0,1.0,1.0,1.0,0,0,0,1,2,1,1,2,1,3,0,6,108,6,0,3,0,0,0,0,0,3.0,0.0004346314325452017,0.625,0.49258229021789524,0,,multi_full_20260502_195038_0001,2026-05-02T23:13:47.815088,https://www.sidefx.com/education/education-programs/list-of-schools/london-college-of-communication/,https://www.sidefx.com/,False,https://www.sidefx.com/education/education-programs/list-of-schools/london-college-of-communication/,https://www.sidefx.com/,https://www.sidefx.com/education/education-programs/list-of-schools/london-college-of-communication/,recon_page,2026-05-02T23:13:47.820378
40,1,2,0,0,0,0,1,0,14,0,com,200,2,37061,501.042,0,0,20,1,nginx,0,html,1,1,0,0,5,0,1,1,1,1,1,3,1,9,1,1,1,3,0,0,1,1,1,5,0,0,1,1,1,15,7,6,2,1,113,96,17,1,7,1,7,1,2,1,1,9,1,0,1,0,1,0,0,0,0,0,0,1,0,0,0,0,0,0,0,0,0,0,0,0,0,0,1.0,1.0,1.0,0,0,0,1,2,1,1,2,1,3,0,6,109,6,0,3,0,0,0,0,0,3.0,0.0004047381344270257,0.625,0.4587032190172958,0,,multi_full_20260502_195038_0001,2026-05-02T23:13:48.230463,https://www.sidefx.com/schools/voxel-fx/,https://www.sidefx.com/,False,https://www.sidefx.com/schools/voxel-fx/,https://www.sidefx.com/,https://www.sidefx.com/schools/voxel-fx/,recon_page,2026-05-02T23:13:48.247207
58,1,2,1,1,0,0,1,0,14,0,com,200,2,1231951,227.452,0,0,23,1,ESF,0,html,0,0,0,1,7,1,1,1,1,1,0,0,0,0,0,0,0,0,0,0,0,0,0,0,0,0,0,0,1,4,4,0,0,1,1,0,1,0,0,1,1,0,0,1,0,0,0,0,0,0,0,0,0,0,0,0,0,1,0,0,0,0,0,0,0,0,0,0,0,0,0,0,0.0,0.0,0.0,0,0,0,0,0,0,0,0,0,0,0,0,1,0,0,0,0,0,0,0,1,0.0,3.246882384120797e-06,0.875,0.0,0,,multi_full_20260502_195038_0001,2026-05-02T23:13:48.817871,https://www.sidefx.com/login/google-oauth2/?next=/schools/,https://www.sidefx.com/,False,https://www.sidefx.com/login/google-oauth2/?next=/schools/,https://www.sidefx.com/,https://www.sidefx.com/login/google-oauth2/?next=/schools/,recon_page,2026-05-02T23:13:48.824041
32,1,1,0,0,0,0,1,0,14,0,com,200,2,33665,303.46299999999997,0,0,20,1,nginx,0,html,1,1,0,0,5,0,1,1,1,1,1,3,1,9,1,1,1,3,0,0,1,1,1,5,0,0,1,1,1,15,7,6,2,1,110,97,13,1,9,1,7,1,2,1,1,9,1,0,1,0,1,0,0,0,0,0,0,1,0,0,0,0,0,0,0,0,0,0,0,0,0,0,1.0,1.0,1.0,0,0,0,1,2,1,1,2,1,3,0,6,108,6,0,3,0,0,0,0,0,3.0,0.0004455666122085252,0.625,0.5049754938363286,0,,multi_full_20260502_195038_0001,2026-05-02T23:13:48.898497,https://www.sidefx.com/anomalia/,https://www.sidefx.com/,False,https://www.sidefx.com/anomalia/,https://www.sidefx.com/,https://www.sidefx.com/anomalia/,recon_page,2026-05-02T23:13:48.909909
41,1,1,0,0,0,0,1,0,14,0,com,200,2,32383,1044.526,0,0,20,1,nginx,0,html,1,1,0,0,5,0,1,1,1,1,1,3,1,9,1,1,1,3,0,0,1,1,1,5,0,0,1,1,1,15,7,6,2,1,110,96,14,1,8,1,7,1,2,1,1,9,1,0,1,0,1,0,0,0,0,0,0,1,0,0,0,0,0,0,0,0,0,0,0,0,0,0,1.0,1.0,1.0,0,0,0,1,2,1,1,2,1,3,0,6,108,6,0,3,0,0,0,0,0,3.0,0.0004632060031498008,0.625,0.5249668035697742,0,,multi_full_20260502_195038_0001,2026-05-02T23:14:55.805088,https://www.sidefx.com/digital-hollywood/,https://www.sidefx.com/,False,https://www.sidefx.com/digital-hollywood/,https://www.sidefx.com/,https://www.sidefx.com/digital-hollywood/,recon_page,2026-05-02T23:14:55.809086
64,1,2,0,0,0,0,1,0,14,0,com,200,2,35337,419.697,0,0,20,1,nginx,0,html,1,1,0,0,5,0,1,1,1,1,1,3,1,9,1,1,1,3,0,0,1,1,1,5,0,0,1,1,1,15,7,6,2,1,110,96,14,1,7,1,7,1,2,1,1,9,1,0,1,0,1,0,0,0,0,0,0,1,0,0,0,0,0,0,0,0,0,0,0,0,0,0,1.0,1.0,1.0,0,0,0,1,2,1,1,2,1,3,0,6,108,7,0,3,0,0,0,0,0,3.0,0.00042448425163426435,0.625,0.48108215185216624,0,,multi_full_20260502_195038_0001,2026-05-02T23:16:13.973212,https://www.sidefx.com/schools/haute-ecole-albert-jacquard-heaj/,https://www.sidefx.com/,False,https://www.sidefx.com/schools/haute-ecole-albert-jacquard-heaj/,https://www.sidefx.com/,https://www.sidefx.com/schools/haute-ecole-albert-jacquard-heaj/,recon_page,2026-05-02T23:16:13.977456
36,1,2,0,0,0,0,1,0,14,0,com,200,2,33284,334.875,0,0,20,1,nginx,0,html,1,1,0,0,5,0,1,1,1,1,1,3,1,9,1,1,1,3,0,0,1,1,1,5,0,0,1,1,1,15,7,6,2,1,110,96,14,1,7,1,7,1,2,1,1,9,1,0,1,0,1,0,0,0,0,0,0,1,0,0,0,0,0,0,0,0,0,0,0,0,0,0,1.0,1.0,1.0,0,0,0,1,2,1,1,2,1,3,0,6,108,7,0,3,0,0,0,0,0,3.0,0.00045066698714096864,0.625,0.5107559187597644,0,,multi_full_20260502_195038_0001,2026-05-02T23:17:01.353319,https://www.sidefx.com/schools/mopa/,https://www.sidefx.com/,False,https://www.sidefx.com/schools/mopa/,https://www.sidefx.com/,https://www.sidefx.com/schools/mopa/,recon_page,2026-05-02T23:17:01.358908
50,1,2,0,0,0,0,1,0,14,0,com,200,2,35955,956.99,0,0,20,1,nginx,0,html,1,1,0,0,5,0,1,1,1,1,1,3,1,9,1,1,1,3,0,0,1,1,1,5,0,0,1,1,1,15,7,6,2,1,111,97,14,1,7,1,7,1,2,1,1,9,1,0,1,0,1,0,0,0,0,0,0,1,0,0,0,0,0,0,0,0,0,0,0,0,0,0,1.0,1.0,1.0,0,0,0,1,2,1,1,2,1,3,0,6,109,6,0,3,0,0,0,0,0,3.0,0.00041718815185648727,0.625,0.4728132387706856,0,,multi_full_20260502_195038_0001,2026-05-02T23:17:01.758862,https://www.sidefx.com/schools/seneca-toronto-vfx/,https://www.sidefx.com/,False,https://www.sidefx.com/schools/seneca-toronto-vfx/,https://www.sidefx.com/,https://www.sidefx.com/schools/seneca-toronto-vfx/,recon_page,2026-05-02T23:17:01.767185
43,1,1,0,0,0,0,1,0,14,0,com,200,2,35031,953.0509999999999,0,0,20,1,nginx,0,html,1,1,0,0,5,0,1,1,1,1,1,3,1,9,1,1,1,3,0,0,1,1,1,5,0,0,1,1,1,15,7,6,2,1,110,96,14,1,7,1,7,1,2,1,1,9,1,0,1,0,1,0,0,0,0,0,0,1,0,0,0,0,0,0,0,0,0,0,0,0,0,0,1.0,1.0,1.0,0,0,0,1,2,1,1,2,1,3,0,6,108,6,0,3,0,0,0,0,0,3.0,0.000428192172647084,0.625,0.4852844623333619,0,,multi_full_20260502_195038_0001,2026-05-02T23:17:02.474903,https://www.sidefx.com/media-design-school/,https://www.sidefx.com/,False,https://www.sidefx.com/media-design-school/,https://www.sidefx.com/,https://www.sidefx.com/media-design-school/,recon_page,2026-05-02T23:17:02.481554
40,1,1,0,0,0,0,1,0,14,0,com,200,2,35056,368.271,0,0,20,1,nginx,0,html,1,1,0,0,5,0,1,1,1,1,1,3,1,9,1,1,1,3,0,0,1,1,1,5,0,0,1,1,1,15,7,6,2,1,110,96,14,1,7,1,7,1,2,1,1,9,1,0,1,0,1,0,0,0,0,0,0,1,0,0,0,0,0,0,0,0,0,0,0,0,0,0,1.0,1.0,1.0,0,0,0,1,2,1,1,2,1,3,0,6,108,6,0,3,0,0,0,0,0,3.0,0.00042788680967594705,0.625,0.4849383842994067,0,,multi_full_20260502_195038_0001,2026-05-02T23:17:23.407734,https://www.sidefx.com/lightbox-academy/,https://www.sidefx.com/,False,https://www.sidefx.com/lightbox-academy/,https://www.sidefx.com/,https://www.sidefx.com/lightbox-academy/,recon_page,2026-05-02T23:17:23.413416
88,1,4,0,0,0,0,1,0,14,0,com,200,2,35181,301.526,0,0,20,1,nginx,0,html,1,1,0,0,5,0,1,1,1,1,1,3,1,9,1,1,1,3,0,0,1,1,1,5,0,0,1,1,1,15,7,6,2,1,110,96,14,1,7,1,7,1,2,1,1,9,1,0,1,0,1,0,0,0,0,0,0,1,0,0,0,0,0,0,0,0,0,0,0,0,0,0,1.0,1.0,1.0,0,0,0,1,2,1,1,2,1,3,0,6,108,6,0,3,0,0,0,0,0,3.0,0.0004263665046473949,0.625,0.4832153719337143,0,,multi_full_20260502_195038_0001,2026-05-02T23:17:23.737676,https://www.sidefx.com/education/education-programs/list-of-schools/incube8-vfx-academy/,https://www.sidefx.com/,False,https://www.sidefx.com/education/education-programs/list-of-schools/incube8-vfx-academy/,https://www.sidefx.com/,https://www.sidefx.com/education/education-programs/list-of-schools/incube8-vfx-academy/,recon_page,2026-05-02T23:17:23.743019
48,1,1,0,0,0,0,1,0,14,0,com,200,2,34352,318.882,0,0,20,1,nginx,0,html,1,1,0,0,5,0,1,1,1,1,1,3,1,9,1,1,1,3,0,0,1,1,1,5,0,0,1,1,1,15,7,6,2,1,110,96,14,1,7,1,7,1,2,1,1,9,1,0,1,0,1,0,0,0,0,0,0,1,0,0,0,0,0,0,0,0,0,0,0,0,0,0,1.0,1.0,1.0,0,0,0,1,2,1,1,2,1,3,0,6,108,6,0,3,0,0,0,0,0,3.0,0.0004366557987890079,0.625,0.4948765719608757,0,,multi_full_20260502_195038_0001,2026-05-02T23:17:24.019689,https://www.sidefx.com/new-3d-general-education/,https://www.sidefx.com/,False,https://www.sidefx.com/new-3d-general-education/,https://www.sidefx.com/,https://www.sidefx.com/new-3d-general-education/,recon_page,2026-05-02T23:17:24.025549
45,1,1,0,0,0,0,1,0,14,0,com,200,2,34639,935.697,0,0,20,1,nginx,0,html,1,1,0,0,5,0,1,1,1,1,1,3,1,9,1,1,1,3,0,0,1,1,1,5,0,0,1,1,1,15,7,6,2,1,110,96,14,1,7,1,7,1,2,1,1,9,1,0,1,0,1,0,0,0,0,0,0,1,0,0,0,0,0,0,0,0,0,0,0,0,0,0,1.0,1.0,1.0,0,0,0,1,2,1,1,2,1,3,0,6,108,7,0,3,0,0,0,0,0,3.0,0.0004330379052513063,0.625,0.49077629261814715,0,,multi_full_20260502_195038_0001,2026-05-02T23:17:24.327884,https://www.sidefx.com/universal-arts-school/,https://www.sidefx.com/,False,https://www.sidefx.com/universal-arts-school/,https://www.sidefx.com/,https://www.sidefx.com/universal-arts-school/,recon_page,2026-05-02T23:17:24.341308
48,1,1,0,0,0,0,1,0,14,0,com,200,2,34944,929.741,0,0,20,1,nginx,0,html,1,1,0,0,5,0,1,1,1,1,1,3,1,9,1,1,1,3,0,0,1,1,1,5,0,0,1,1,1,15,7,6,2,1,110,96,14,1,7,1,7,1,2,1,1,9,1,0,1,0,1,0,0,0,0,0,0,1,0,0,0,0,0,0,0,0,0,0,0,0,0,0,1.0,1.0,1.0,0,0,0,1,2,1,1,2,1,3,0,6,108,6,0,3,0,0,0,0,0,3.0,0.00042925824175824175,0.625,0.48649267399267393,0,,multi_full_20260502_195038_0001,2026-05-02T23:17:24.589832,https://www.sidefx.com/university-of-portsmouth/,https://www.sidefx.com/,False,https://www.sidefx.com/university-of-portsmouth/,https://www.sidefx.com/,https://www.sidefx.com/university-of-portsmouth/,recon_page,2026-05-02T23:17:24.594415
117,1,4,0,0,0,0,1,0,14,0,com,200,2,35441,766.501,0,0,20,1,nginx,0,html,1,1,0,0,5,0,1,1,1,1,1,3,1,9,1,1,1,3,0,0,1,1,1,5,0,0,1,1,1,15,7,6,2,1,110,96,14,1,7,1,7,1,2,1,1,9,1,0,1,0,1,0,0,0,0,0,0,1,0,0,0,0,0,0,0,0,0,0,0,0,0,0,1.0,1.0,1.0,0,0,0,1,2,1,1,2,1,3,0,6,108,6,0,3,0,0,0,0,0,3.0,0.00042323862193504696,0.625,0.4796704381930532,0,,multi_full_20260502_195038_0001,2026-05-02T23:18:01.983069,https://www.sidefx.com/education/education-programs/list-of-schools/bow-valley-college-centre-for-entertainment-arts/,https://www.sidefx.com/,False,https://www.sidefx.com/education/education-programs/list-of-schools/bow-valley-college-centre-for-entertainment-arts/,https://www.sidefx.com/,https://www.sidefx.com/education/education-programs/list-of-schools/bow-valley-college-centre-for-entertainment-arts/,recon_page,2026-05-02T23:18:01.992455
71,1,1,0,0,0,0,1,0,14,0,com,200,2,34628,870.0369999999999,0,0,20,1,nginx,0,html,1,1,0,0,5,0,1,1,1,1,1,3,1,9,1,1,1,3,0,0,1,1,1,5,0,0,1,1,1,15,7,6,2,1,110,96,14,1,7,1,7,1,2,1,1,9,1,0,1,0,1,0,0,0,0,0,0,1,0,0,0,0,0,0,0,0,0,0,0,0,0,0,1.0,1.0,1.0,0,0,0,1,2,1,1,2,1,3,0,6,108,6,0,3,0,0,0,0,0,3.0,0.0004331754649416657,0.625,0.49093219360055446,0,,multi_full_20260502_195038_0001,2026-05-02T23:18:01.987842,https://www.sidefx.com/billy-blue-college-of-design-torrens-university/,https://www.sidefx.com/,False,https://www.sidefx.com/billy-blue-college-of-design-torrens-university/,https://www.sidefx.com/,https://www.sidefx.com/billy-blue-college-of-design-torrens-university/,recon_page,2026-05-02T23:18:01.995560
103,1,4,0,0,0,0,1,0,14,0,com,200,2,34565,917.6039999999999,0,0,20,1,nginx,0,html,1,1,0,0,5,0,1,1,1,1,1,3,1,9,1,1,1,3,0,0,1,1,1,5,0,0,1,1,1,15,7,6,2,1,110,96,14,1,7,1,7,1,2,1,1,9,1,0,1,0,1,0,0,0,0,0,0,1,0,0,0,0,0,0,0,0,0,0,0,0,0,0,1.0,1.0,1.0,0,0,0,1,2,1,1,2,1,3,0,6,108,7,0,3,0,0,0,0,0,3.0,0.0004339649934905251,0.625,0.49182699262259516,0,,multi_full_20260502_195038_0001,2026-05-02T23:18:02.433570,https://www.sidefx.com/education/education-programs/list-of-schools/escuela-universitaria-de-artes-tai/,https://www.sidefx.com/,False,https://www.sidefx.com/education/education-programs/list-of-schools/escuela-universitaria-de-artes-tai/,https://www.sidefx.com/,https://www.sidefx.com/education/education-programs/list-of-schools/escuela-universitaria-de-artes-tai/,recon_page,2026-05-02T23:18:02.439575
